dataset_version,method,severity,seed,idx,logM_pred,logM_true
v9,feat_gbm,0.25,42,0,-0.18672911190932337,0.03894909458183669
v9,feat_gbm,0.25,42,1,-2.457233384640768,-2.5052564746229193
v9,feat_gbm,0.25,42,2,0.6329117904379419,0.6287827851917782
v9,feat_gbm,0.25,42,3,-2.877986811485949,-3.3447289283878643
v9,feat_gbm,0.25,42,4,0.8469868268479152,0.9694015026406426
v9,feat_gbm,0.25,42,5,-2.251917114171191,-2.4693709778233526
v9,feat_gbm,0.25,42,6,-0.2735002158549254,-0.2819211013310965
v9,feat_gbm,0.25,42,7,0.8104371595264189,0.5289578846490461
v9,feat_gbm,0.25,42,8,0.2752431040557375,0.032863622186365654
v9,feat_gbm,0.25,42,9,0.9794744230885604,0.9352707853930591
v9,feat_gbm,0.25,42,10,-1.6334734142130893,-1.5987558134683666
v9,feat_gbm,0.25,42,11,-3.209180620711134,-3.2678706438993954
v9,feat_gbm,0.25,42,12,-2.4975180207317615,-2.445380546146449
v9,feat_gbm,0.25,42,13,-0.0749500107419698,-0.4471217519653716
v9,feat_gbm,0.25,42,14,-1.8534728440641346,-1.8343062920535937
v9,feat_gbm,0.25,42,15,-2.518019330696691,-2.278287047942225
v9,feat_gbm,0.25,42,16,-1.2826688151928605,-1.113015507562239
v9,feat_gbm,0.25,42,17,-1.0021331618391673,-1.149386040828735
v9,feat_gbm,0.25,42,18,-0.26842871117886274,-0.4541092694382234
v9,feat_gbm,0.25,42,19,-2.9868073186943604,-2.8798658660471284
v9,feat_gbm,0.25,42,20,-3.2751731464908422,-3.281006200299989
v9,feat_gbm,0.25,42,21,-0.653624659209396,-0.7889402030111288
v9,feat_gbm,0.25,42,22,-0.7268517954376458,-0.48114593055133975
v9,feat_gbm,0.25,42,23,-2.5926252111764088,-2.8038114998165153
v9,feat_gbm,0.25,42,24,-2.9012488539241756,-2.6726430450531393
v9,feat_gbm,0.25,42,25,-3.340841291648327,-3.141178249464176
v9,feat_gbm,0.25,42,26,-3.7995914144022365,-3.8612362310489847
v9,feat_gbm,0.25,42,27,-3.0265288081650983,-3.085821277369337
v9,feat_gbm,0.25,42,28,-2.5504174599940774,-2.1153791712035637
v9,feat_gbm,0.25,42,29,-0.44284498314322956,-0.5854112868629942
v9,feat_gbm,0.25,42,30,0.20267310885076353,0.13849791927417068
v9,feat_gbm,0.25,42,31,-2.6092765948093644,-2.779654184179668
v9,feat_gbm,0.25,42,32,1.2234208566564297,0.9166392391011026
v9,feat_gbm,0.25,42,33,-1.766630695629672,-2.134444297962007
v9,feat_gbm,0.25,42,34,1.1425288474793671,1.1224191581864646
v9,feat_gbm,0.25,42,35,-3.049026136973561,-2.7514680837461087
v9,feat_gbm,0.25,42,36,0.15827853965083435,0.7493710802437775
v9,feat_gbm,0.25,42,37,-2.2546259545362664,-2.157600461660938
v9,feat_gbm,0.25,42,38,-1.6177018879283604,-1.7436371170468024
v9,feat_gbm,0.25,42,39,0.8714094289483362,0.632388610685479
v9,feat_gbm,0.25,42,40,-1.332391295278993,-1.5024753827969588
v9,feat_gbm,0.25,42,41,-3.4273702466728193,-2.936018587066778
v9,feat_gbm,0.25,42,42,-0.06599798633124594,-0.06406961406287034
v9,feat_gbm,0.25,42,43,-0.5538497848885405,-0.43711075337934485
v9,feat_gbm,0.25,42,44,0.5505593685001545,0.521724778538647
v9,feat_gbm,0.25,42,45,0.6671120679049166,-0.02881562555915001
v9,feat_gbm,0.25,42,46,-3.0348720198074073,-2.6856700943784895
v9,feat_gbm,0.25,42,47,-3.5595730715518004,-3.3419513202228783
v9,feat_gbm,0.25,42,48,-0.2460374302401198,-0.35240032436669677
v9,feat_gbm,0.25,42,49,-4.269252327086194,-4.466027560457086
v9,feat_gbm,0.25,42,50,-0.888178761793713,-1.2227887404747313
v9,feat_gbm,0.25,42,51,-3.827537610810345,-4.168130875201601
v9,feat_gbm,0.25,42,52,-2.575025946740209,-2.1825653069440887
v9,feat_gbm,0.25,42,53,-3.0921630708209182,-2.816977102698189
v9,feat_gbm,0.25,42,54,-0.8957568345439129,-0.9520374156321785
v9,feat_gbm,0.25,42,55,0.5217829299683622,0.800460094219776
v9,feat_gbm,0.25,42,56,0.17656710194939632,0.2782562560211116
v9,feat_gbm,0.25,42,57,-0.2557836757944436,-0.7855200046266205
v9,feat_gbm,0.25,42,58,-3.1325134249420343,-2.837973637743256
v9,feat_gbm,0.25,42,59,0.1389533215495368,0.3653424354755994
v9,feat_gbm,0.25,42,60,-3.082813956905848,-3.145987746693799
v9,feat_gbm,0.25,42,61,-2.3096625337428023,-2.1381844357326614
v9,feat_gbm,0.25,42,62,0.8473459398445466,0.3908315550690521
v9,feat_gbm,0.25,42,63,-3.4387156728968638,-3.259739876316779
v9,feat_gbm,0.25,42,64,-3.947190574151074,-3.799325775609258
v9,feat_gbm,0.25,42,65,-0.06673855541157583,0.2842997557356093
v9,feat_gbm,0.25,42,66,0.9025539161171225,0.9099380077885143
v9,feat_gbm,0.25,42,67,0.5568681818003666,0.5741223235018287
v9,feat_gbm,0.25,42,68,1.1233978865405114,1.3807263582335993
v9,feat_gbm,0.25,42,69,1.0899446206382322,2.7357387204405055
v9,feat_gbm,0.25,42,70,-0.11746164914193212,-0.3782017485149665
v9,feat_gbm,0.25,42,71,-0.5668046625851605,-0.6946521973220513
v9,feat_gbm,0.25,42,72,-3.6910405643072624,-3.510295151868067
v9,feat_gbm,0.25,42,73,-0.04808651263386635,-0.3643686170400702
v9,feat_gbm,0.25,42,74,1.3695162399424616,1.1835884152793859
v9,feat_gbm,0.25,42,75,-0.08191016063348373,-0.38644824542838596
v9,feat_gbm,0.25,42,76,0.5322315479625593,0.7005004452467647
v9,feat_gbm,0.25,42,77,0.5355750551667978,0.3770911051312199
v9,feat_gbm,0.25,42,78,-0.4987518889348933,-0.5374783823521183
v9,feat_gbm,0.25,42,79,-2.9274764874341397,-3.2499450611549854
v9,feat_gbm,0.25,42,80,-1.8332253668442733,-1.719925172279684
v9,feat_gbm,0.25,42,81,1.1499658752087158,1.8185710395242058
v9,feat_gbm,0.25,42,82,-1.1272860424441624,-1.0758778979961314
v9,feat_gbm,0.25,42,83,-0.5244849558748734,-0.8033140510569362
v9,feat_gbm,0.25,42,84,-2.1292279136821493,-2.0837035815006346
v9,feat_gbm,0.25,42,85,-0.8005736062924729,-1.2430797823904942
v9,feat_gbm,0.25,42,86,0.7531823279346187,0.639317965424242
v9,feat_gbm,0.25,42,87,-0.05883898168893425,-0.02321591952008587
v9,feat_gbm,0.25,42,88,-3.249555922663462,-3.512086916650174
v9,feat_gbm,0.25,42,89,-1.8069387605428173,-1.684363733317816
v9,feat_gbm,0.25,42,90,-3.8854593748377155,-3.5341996208099964
v9,feat_gbm,0.25,42,91,1.0229783179165342,1.1574629997660548
v9,feat_gbm,0.25,42,92,-0.8955628360788509,-0.7651863719989663
v9,feat_gbm,0.25,42,93,-4.143958135219488,-5.7708125015304885
v9,feat_gbm,0.25,42,94,0.12658059701147872,0.07374698385127064
v9,feat_gbm,0.25,42,95,0.788603497447475,1.201566413592891
v9,feat_gbm,0.25,42,96,1.4003293498846963,1.2655480006709303
v9,feat_gbm,0.25,42,97,-3.611908134574105,-3.2217777708537843
v9,feat_gbm,0.25,42,98,-1.9555401120574072,-1.2120387208328698
v9,feat_gbm,0.25,42,99,-0.3616998097380211,-0.04015373686183237
v9,feat_gbm,0.25,42,100,-2.7163195227869488,-2.8384481914339785
v9,feat_gbm,0.25,42,101,-3.4975310142144096,-3.541068619782685
v9,feat_gbm,0.25,42,102,-4.240320398020741,-4.424727465058162
v9,feat_gbm,0.25,42,103,-0.5555226754833772,-0.7652009130347144
v9,feat_gbm,0.25,42,104,-0.728529006652742,-0.406664655497914
v9,feat_gbm,0.25,42,105,-2.9630974877136547,-2.8019031633754246
v9,feat_gbm,0.25,42,106,-1.2185120485046905,-1.1978192780958505
v9,feat_gbm,0.25,42,107,-0.8142082942168475,-1.2497822804421463
v9,feat_gbm,0.25,42,108,-0.08507232764553666,-0.2003702404752673
v9,feat_gbm,0.25,42,109,-0.17104325309703775,-0.28745536208379296
v9,feat_gbm,0.25,42,110,0.5233632681863754,0.2838469771831524
v9,feat_gbm,0.25,42,111,0.37129086905845016,0.6579850926301614
v9,feat_gbm,0.25,42,112,0.020927950963232213,-0.4279263804064609
v9,feat_gbm,0.25,42,113,0.6898063741377893,0.527327823801956
v9,feat_gbm,0.25,42,114,-3.851730571331683,-3.652947895428966
v9,feat_gbm,0.25,42,115,-1.0531298938590896,-0.04287987221360797
v9,feat_gbm,0.25,42,116,-3.8103803752720733,-3.4409421360670214
v9,feat_gbm,0.25,42,117,-2.4369457441711306,-2.4284095097884006
v9,feat_gbm,0.25,42,118,-1.6897370627035002,-1.419217075367618
v9,feat_gbm,0.25,42,119,-1.7480129134739184,-1.4944271796191557
v9,feat_gbm,0.25,42,120,-3.2274232281669457,-2.797137626437216
v9,feat_gbm,0.25,42,121,1.7360083336374796,3.1321125804877905
v9,feat_gbm,0.25,42,122,-2.6817200886143198,-3.164895556438051
v9,feat_gbm,0.25,42,123,-0.00834260294538545,-0.021234684620174846
v9,feat_gbm,0.25,42,124,-1.5055601627745236,-1.246001114532972
v9,feat_gbm,0.25,42,125,-2.703437247567197,-2.7130193085566443
v9,feat_gbm,0.25,42,126,-1.7724779621598261,-2.0560780011130944
v9,feat_gbm,0.25,42,127,-1.7733846311763044,-1.631222331554067
v9,feat_gbm,0.25,42,128,-2.8965366852263497,-3.477307725783656
v9,feat_gbm,0.25,42,129,1.2887751166778683,1.7007542891568868
v9,feat_gbm,0.25,42,130,-3.795613429612542,-3.4021624962570822
v9,feat_gbm,0.25,42,131,-3.649978573537224,-3.701149444421242
v9,feat_gbm,0.25,42,132,0.020204029785616886,-0.4116741376471012
v9,feat_gbm,0.25,42,133,-0.5097751184317014,-0.5680375850475197
v9,feat_gbm,0.25,42,134,-1.4692530001192257,-1.4788189923590598
v9,feat_gbm,0.25,42,135,-2.6390973632670405,-2.9896549957503007
v9,feat_gbm,0.25,42,136,0.3502721251808571,0.11194117436713467
v9,feat_gbm,0.25,42,137,1.238200700250682,1.7147062893715772
v9,feat_gbm,0.25,42,138,-1.8893054823783435,-1.9709125209383296
v9,feat_gbm,0.25,42,139,0.0065373600847213175,0.19937477723826902
v9,feat_gbm,0.25,42,140,-2.7897672962359756,-2.8223726616431475
v9,feat_gbm,0.25,42,141,0.01090838628993582,-0.12380828599000025
v9,feat_gbm,0.25,42,142,-3.314014944674377,-2.97521232911642
v9,feat_gbm,0.25,42,143,-1.9415907926600577,-1.9484557479617686
v9,feat_gbm,0.25,42,144,1.3499996710753617,1.244093655886106
v9,feat_gbm,0.25,42,145,-2.4136896341124565,-2.0280859266176816
v9,feat_gbm,0.25,42,146,-1.9874977727588374,-2.0754073031653366
v9,feat_gbm,0.25,42,147,-0.027204504047640576,-0.11331641159387335
v9,feat_gbm,0.25,42,148,-2.305855290107408,-2.620298039600635
v9,feat_gbm,0.25,42,149,-3.053125157116562,-3.8395532227602396
v9,feat_gbm,0.25,42,150,-1.9895827627588885,-2.149698272240366
v9,feat_gbm,0.25,42,151,-3.2441169258720675,-3.1594376779318036
v9,feat_gbm,0.25,42,152,-2.5092459955284157,-2.7712141114581046
v9,feat_gbm,0.25,42,153,-1.1686139449360062,-1.1483368403810985
v9,feat_gbm,0.25,42,154,-1.3392009439677572,-1.4700676700115773
v9,feat_gbm,0.25,42,155,1.202478668543173,1.4088416749712322
v9,feat_gbm,0.25,42,156,0.5802708684913825,0.7564704220494097
v9,feat_gbm,0.25,42,157,-2.2216477799251173,-1.7148995557963913
v9,feat_gbm,0.25,42,158,-2.37878320137402,-2.8595355115547196
v9,feat_gbm,0.25,42,159,-1.076469385972514,-0.9922400520728849
v9,feat_gbm,0.25,42,160,1.0179905838870014,1.8585227307534937
v9,feat_gbm,0.25,42,161,-2.3338738334745512,-2.477654537850602
v9,feat_gbm,0.25,42,162,-3.0997800589645617,-2.993764039868935
v9,feat_gbm,0.25,42,163,-1.2836574324546652,-1.1722671160336509
v9,feat_gbm,0.25,42,164,-1.815252759786796,-1.6577576086204497
v9,feat_gbm,0.25,42,165,-2.8606927001597615,-2.9770186999323642
v9,feat_gbm,0.25,42,166,-3.6130704054031657,-3.2329952824425443
v9,feat_gbm,0.25,42,167,0.19326234490475303,0.19550508612775644
v9,feat_gbm,0.25,42,168,-1.0419689232714262,-1.2639642813248737
v9,feat_gbm,0.25,42,169,1.3761998691963797,1.4224064134580066
v9,feat_gbm,0.25,42,170,-1.7941186541760532,-1.5303724784706008
v9,feat_gbm,0.25,42,171,0.6152993225760148,0.6086346650572224
v9,feat_gbm,0.25,42,172,0.03738290839191084,-0.052232489626048526
v9,feat_gbm,0.25,42,173,-0.36689849171067274,-0.19074605880313256
v9,feat_gbm,0.25,42,174,-2.403415666262637,-2.7678232596734214
v9,feat_gbm,0.25,42,175,-1.972710023980628,-1.6557092188829319
v9,feat_gbm,0.25,42,176,0.1141614501679679,0.12081831439914445
v9,feat_gbm,0.25,42,177,1.2170760537509728,3.7031714993021168
v9,feat_gbm,0.25,42,178,-0.20851476939858543,-0.17761292562564054
v9,feat_gbm,0.25,42,179,0.2449302355579108,0.2295122735959306
v9,feat_gbm,0.25,42,180,-1.6734813910124122,-1.6401012725318311
v9,feat_gbm,0.25,42,181,-2.3811597614886306,-3.399461101549646
v9,feat_gbm,0.25,42,182,0.5984118448854109,0.5421608664871393
v9,feat_gbm,0.25,42,183,-3.9557062130414797,-3.7858185839721776
v9,feat_gbm,0.25,42,184,0.6454645289857016,0.4440956773301304
v9,feat_gbm,0.25,42,185,0.6898391511128711,0.5450962365111649
v9,feat_gbm,0.25,42,186,-3.52602197044635,-3.094441269353033
v9,feat_gbm,0.25,42,187,1.2581086890496256,1.436275522654785
v9,feat_gbm,0.25,42,188,-0.00494133392897278,-0.003208414280501246
v9,feat_gbm,0.25,42,189,-1.768118631548683,-2.0766448721687736
v9,feat_gbm,0.25,42,190,-3.3769416735914968,-2.887011097372245
v9,feat_gbm,0.25,42,191,0.11384949914755323,-0.19564387773269687
v9,feat_gbm,0.25,42,192,-3.7334427530855034,-3.39219136175158
v9,feat_gbm,0.25,42,193,-4.586537428506918,-4.804455114758695
v9,feat_gbm,0.25,42,194,-0.050115464818742794,-0.23230879418151415
v9,feat_gbm,0.25,42,195,0.5494179294617746,0.7768952289284052
v9,feat_gbm,0.25,42,196,-3.6844629607160804,-3.0758975731441707
v9,feat_gbm,0.25,42,197,1.911900212963743,1.8852948766094535
v9,feat_gbm,0.25,42,198,0.08231250697528095,-0.07474663349946693
v9,feat_gbm,0.25,42,199,1.3790567589635434,0.9295509098669842
v9,feat_gbm,0.25,42,200,0.24880294908889042,0.40408761039079466
v9,feat_gbm,0.25,42,201,-1.4705038620806155,-1.0185563947000995
v9,feat_gbm,0.25,42,202,-1.5510238377988659,-1.5812541435625456
v9,feat_gbm,0.25,42,203,-2.2829478388387408,-2.9269603411540346
v9,feat_gbm,0.25,42,204,-0.19067703509431247,-0.9368237022381455
v9,feat_gbm,0.25,42,205,-0.7022713498156373,-0.771906247259438
v9,feat_gbm,0.25,42,206,-1.7764979846989812,-1.4457766532498904
v9,feat_gbm,0.25,42,207,-2.7269876827656674,-2.4752738768021185
v9,feat_gbm,0.25,42,208,-2.954749099602599,-2.8789590131308262
v9,feat_gbm,0.25,42,209,-2.7510066095901142,-2.6986856152036793
v9,feat_gbm,0.25,42,210,-0.022721630855220457,0.05837096406180189
v9,feat_gbm,0.25,42,211,-2.975688652196111,-2.2327070274631113
v9,feat_gbm,0.25,42,212,0.2779081682098017,0.15758807445032513
v9,feat_gbm,0.25,42,213,0.7167355435483956,0.5234750924970406
v9,feat_gbm,0.25,42,214,0.7529600019204105,0.8312555987922697
v9,feat_gbm,0.25,42,215,-0.6739662651777885,-0.7699972654610447
v9,feat_gbm,0.25,42,216,-2.539985198767132,-2.4368834827463726
v9,feat_gbm,0.25,42,217,-3.5821334563442084,-3.7421886443248944
v9,feat_gbm,0.25,42,218,-4.513982190699034,-4.3753265313120195
v9,feat_gbm,0.25,42,219,0.037713673653098245,0.13181597567614448
v9,feat_gbm,0.25,42,220,-2.408253122710008,-2.150299196146146
v9,feat_gbm,0.25,42,221,0.679902768850175,0.4316281043505307
v9,feat_gbm,0.25,42,222,0.4904333712245202,0.20581216265343685
v9,feat_gbm,0.25,42,223,-2.145148141476675,-1.7226779576420432
v9,feat_gbm,0.25,42,224,1.0106453157569464,1.0701061526100661
v9,feat_gbm,0.25,42,225,-2.7773975252323377,-2.995983076644188
v9,feat_gbm,0.25,42,226,-0.10590952215481907,-0.39103048890459524
v9,feat_gbm,0.25,42,227,-2.473237397779586,-2.811377433191803
v9,feat_gbm,0.25,42,228,0.1867166829918666,0.1103569248772952
v9,feat_gbm,0.25,42,229,0.9276439365405218,1.0926797996732165
v9,feat_gbm,0.25,42,230,-1.129503704118834,-1.1465469989616057
v9,feat_gbm,0.25,42,231,-3.777679200626096,-3.7045714701961474
v9,feat_gbm,0.25,42,232,-0.23269091565991398,-0.3205795311611984
v9,feat_gbm,0.25,42,233,-0.6379269788526248,-0.7282288274356463
v9,feat_gbm,0.25,42,234,-0.8012447595864379,-0.6143938277881194
v9,feat_gbm,0.25,42,235,-3.399550704278572,-3.717493513170671
v9,feat_gbm,0.25,42,236,-1.9964045864774915,-1.894186438607053
v9,feat_gbm,0.25,42,237,-0.024137476620942892,0.19101892391720615
v9,feat_gbm,0.25,42,238,-2.6189823276732844,-2.723653519266766
v9,feat_gbm,0.25,42,239,0.2059994399866894,0.28172679866345784
v9,feat_gbm,0.25,42,240,-0.6826626848998089,-0.570916259780521
v9,feat_gbm,0.25,42,241,-2.4302273957228455,-3.037607674189957
v9,feat_gbm,0.25,42,242,-2.492392664729575,-2.4824067099880884
v9,feat_gbm,0.25,42,243,1.2697856158615186,1.793244191067856
v9,feat_gbm,0.25,42,244,-1.8987374971376352,-2.170563194223024
v9,feat_gbm,0.25,42,245,-2.632676290764305,-2.5580286375581696
v9,feat_gbm,0.25,42,246,-3.147376552278534,-3.9013363177662743
v9,feat_gbm,0.25,42,247,-1.3576786283585587,-1.2689211715035387
v9,feat_gbm,0.25,42,248,-2.9541473631834387,-2.89795980370705
v9,feat_gbm,0.25,42,249,-0.7549766683035969,-1.149470325468549
v9,feat_gbm,0.25,42,250,-2.5340004743534825,-2.1803876537888693
v9,feat_gbm,0.25,42,251,-1.0724701760576045,-1.2010659028736028
v9,feat_gbm,0.25,42,252,-2.788637007519393,-2.675840590612525
v9,feat_gbm,0.25,42,253,-0.8539587327198436,-0.865421424414132
v9,feat_gbm,0.25,42,254,-0.4106540764750811,-0.45089388998719687
v9,feat_gbm,0.25,42,255,-1.600187290879151,-1.477655138121315
v9,feat_gbm,0.25,42,256,-2.023550372241798,-1.9234128661936198
v9,feat_gbm,0.25,42,257,-0.7439258023756485,-0.8895479413744646
v9,feat_gbm,0.25,42,258,-1.3830957208573522,-1.284701881398344
v9,feat_gbm,0.25,42,259,0.20339302925963537,0.03791276039075724
v9,feat_gbm,0.25,42,260,-1.1795768216930969,-1.213907680807544
v9,feat_gbm,0.25,42,261,-0.45530068654724176,-0.6937064881158975
v9,feat_gbm,0.25,42,262,-2.0364795595218443,-2.500344974429108
v9,feat_gbm,0.25,42,263,-3.1598303782598447,-3.0782877743164985
v9,feat_gbm,0.25,42,264,-2.7557844517600016,-3.2702790535172426
v9,feat_gbm,0.25,42,265,-0.33933702473734356,-0.15746453031192983
v9,feat_gbm,0.25,42,266,-1.5551568285648756,-1.3930653126164372
v9,feat_gbm,0.25,42,267,-4.2309707148617335,-3.460520174484755
v9,feat_gbm,0.25,42,268,-2.0153501722331173,-1.8115923421665279
v9,feat_gbm,0.25,42,269,-0.12955709372153873,-0.04785951915829837
v9,feat_gbm,0.25,42,270,-1.2165784282715515,-1.3387838926701625
v9,feat_gbm,0.25,42,271,0.747708754550074,0.6172482925771328
v9,feat_gbm,0.25,42,272,0.1178180971295925,0.10718580269537517
v9,feat_gbm,0.25,42,273,-2.7706690293324074,-2.4250613993713395
v9,feat_gbm,0.25,42,274,-0.31514199443070234,-0.4656136934058211
v9,feat_gbm,0.25,42,275,-1.6155159954621565,-1.7679071058666047
v9,feat_gbm,0.25,42,276,-0.0684855920884401,-0.15192249005847586
v9,feat_gbm,0.25,42,277,-0.18953283700766357,-0.22686658439221394
v9,feat_gbm,0.25,42,278,-0.060712906468272605,-0.3963273628232521
v9,feat_gbm,0.25,42,279,-2.4267678673487736,-2.1916982233579314
v9,feat_gbm,0.25,42,280,0.6427069997690265,0.5138857123822332
v9,feat_gbm,0.25,42,281,-1.1617382075199771,0.13501120436460418
v9,feat_gbm,0.25,42,282,-0.07663578247993025,-0.35232291748203215
v9,feat_gbm,0.25,42,283,0.5038899516748826,0.33710059568630363
v9,feat_gbm,0.25,42,284,2.326483162434109,2.2269494594330284
v9,feat_gbm,0.25,42,285,-0.40769124222919073,-0.8523290277873723
v9,feat_gbm,0.25,42,286,0.4771147446288433,0.5032694866056324
v9,feat_gbm,0.25,42,287,-3.51886329879143,-3.0734310124071125
v9,feat_gbm,0.25,42,288,-3.393597180741896,-3.0969464995649485
v9,feat_gbm,0.25,42,289,0.9086584809318808,0.8088909840914691
v9,feat_gbm,0.25,42,290,-1.6445889915171403,-1.710735902712342
v9,feat_gbm,0.25,42,291,-0.23818190558115335,-0.24588513525180683
v9,feat_gbm,0.25,42,292,-3.095896314358701,-2.9910915714149957
v9,feat_gbm,0.25,42,293,0.07266618770978467,0.24397961438558982
v9,feat_gbm,0.25,42,294,1.0584259702905323,0.9827222917401395
v9,feat_gbm,0.25,42,295,1.3402189181592652,1.5399914318848642
v9,feat_gbm,0.25,42,296,-2.9163321180093535,-3.028104854063688
v9,feat_gbm,0.25,42,297,-1.7684150813763426,-1.9675880903276046
v9,feat_gbm,0.25,42,298,0.5485157062268016,0.3882116190950413
v9,feat_gbm,0.25,42,299,-0.4069802310084443,-0.4169590587595381
v9,feat_gbm,0.25,42,300,-0.5727709672331033,-0.47104701624968015
v9,feat_gbm,0.25,42,301,-0.681852949356388,-0.5788171023402015
v9,feat_gbm,0.25,42,302,-3.6031891374465057,-3.325334912618423
v9,feat_gbm,0.25,42,303,0.0692318740772833,0.27214776974989446
v9,feat_gbm,0.25,42,304,0.21703114806773036,0.2838761456734127
v9,feat_gbm,0.25,42,305,0.8347413493093473,0.98356576927226
v9,feat_gbm,0.25,42,306,-2.078686298035699,-2.324804251846344
v9,feat_gbm,0.25,42,307,-0.24628407546837527,-0.30060412365222405
v9,feat_gbm,0.25,42,308,-3.7705236068186796,-3.5706943269006843
v9,feat_gbm,0.25,42,309,0.6920582385186785,0.7657986236992217
v9,feat_gbm,0.25,42,310,-0.12371450848105187,-0.3760212383278314
v9,feat_gbm,0.25,42,311,0.804273536880173,0.903367601886353
v9,feat_gbm,0.25,42,312,0.6905170546243673,0.2834145554969618
v9,feat_gbm,0.25,42,313,-0.6040825139647,-0.8750381269167363
v9,feat_gbm,0.25,42,314,-1.6435482981778902,-0.8911054934067958
v9,feat_gbm,0.25,42,315,0.24257553979410715,0.2699623908229132
v9,feat_gbm,0.25,42,316,-3.744868491567768,-4.034449774534175
v9,feat_gbm,0.25,42,317,0.5242578490955534,0.7302045063515665
v9,feat_gbm,0.25,42,318,-2.1876368556824537,-2.5264159394565007
v9,feat_gbm,0.25,42,319,-3.2518024003601167,-3.1280680478747835
v9,feat_gbm,0.25,42,320,-0.5194680685655,-0.623194388118803
v9,feat_gbm,0.25,42,321,-3.9820739510244803,-4.172922463867305
v9,feat_gbm,0.25,42,322,1.137322308021826,1.0714029341973417
v9,feat_gbm,0.25,42,323,-2.6139193399758067,-2.5538050374755565
v9,feat_gbm,0.25,42,324,-1.4373344060287228,-1.5310020975326282
v9,feat_gbm,0.25,42,325,-0.6557634711935236,-0.735749980772127
v9,feat_gbm,0.25,42,326,-0.5439575621392224,-0.5010306012352705
v9,feat_gbm,0.25,42,327,-4.379533665441208,-4.393123087746285
v9,feat_gbm,0.25,42,328,0.7041331894717046,0.6439364857563509
v9,feat_gbm,0.25,42,329,-3.107547661545622,-2.60760252445046
v9,feat_gbm,0.25,42,330,0.6163925684425091,0.46983427811083467
v9,feat_gbm,0.25,42,331,-1.0643283427021746,-1.149354435920189
v9,feat_gbm,0.25,42,332,-1.7944642292678747,-1.0961264399974935
v9,feat_gbm,0.25,42,333,1.2431062491318643,1.4253561556633074
v9,feat_gbm,0.25,42,334,0.9049088641557604,1.0406546288822482
v9,feat_gbm,0.25,42,335,-0.36016633156674055,-0.1286217558512718
v9,feat_gbm,0.25,42,336,-1.6215778807125631,-1.7275974260064488
v9,feat_gbm,0.25,42,337,-3.844756607743884,-4.535227665039715
v9,feat_gbm,0.25,42,338,-0.6981325911538525,-1.078833843619319
v9,feat_gbm,0.25,42,339,-1.8419437857457421,-2.035297396751524
v9,feat_gbm,0.25,42,340,0.11561910756272933,0.4788286932125707
v9,feat_gbm,0.25,42,341,-0.25000894266338003,-0.4595082096564039
v9,feat_gbm,0.25,42,342,-3.8632158567088695,-3.653430804591794
v9,feat_gbm,0.25,42,343,0.4864009991567527,0.2834522663037432
v9,feat_gbm,0.25,42,344,0.09256865439591495,-0.15984972455285287
v9,feat_gbm,0.25,42,345,-2.6343004232866405,-3.8822970119574354
v9,feat_gbm,0.25,42,346,-2.906627123088974,-2.5801989990218064
v9,feat_gbm,0.25,42,347,-3.699934752842563,-3.2622630695286134
v9,feat_gbm,0.25,42,348,-0.49073907147138945,-0.4894561152880944
v9,feat_gbm,0.25,42,349,-3.5224646300376157,-3.0223552414624764
v9,feat_gbm,0.25,42,350,0.7803313031219461,0.4215072765335228
v9,feat_gbm,0.25,42,351,-2.4348337875481705,-1.8152752103400673
v9,feat_gbm,0.25,42,352,0.8524801115108315,1.102263670511441
v9,feat_gbm,0.25,42,353,1.15763703649928,1.4454852001466738
v9,feat_gbm,0.25,42,354,-3.6430982149749505,-3.6770060333191017
v9,feat_gbm,0.25,42,355,-3.9153559514671312,-5.078652858832153
v9,feat_gbm,0.25,42,356,0.4702291306232044,0.7815322159665122
v9,feat_gbm,0.25,42,357,0.604519504378625,0.6775133790495483
v9,feat_gbm,0.25,42,358,-3.4941686137793297,-3.5163570325540956
v9,feat_gbm,0.25,42,359,-3.0036694352400883,-4.157760523739404
v9,feat_gbm,0.25,42,360,-0.009490761817954564,-0.18386357284099003
v9,feat_gbm,0.25,42,361,-4.401716908630009,-4.477383009144865
v9,feat_gbm,0.25,42,362,0.23719312453938393,0.2909126951240761
v9,feat_gbm,0.25,42,363,-3.355711396916021,-3.5121531596302606
v9,feat_gbm,0.25,42,364,0.45195672507145324,-0.0019354464452207268
v9,feat_gbm,0.25,42,365,-3.4392117366377275,-3.264666087597375
v9,feat_gbm,0.25,42,366,-1.1729707146171762,-1.4961090632143375
v9,feat_gbm,0.25,42,367,-0.09143156532462687,-0.10305907560987346
v9,feat_gbm,0.25,42,368,0.09322287403808616,0.24601275195113992
v9,feat_gbm,0.25,42,369,-1.822847467162018,-1.6400355118163064
v9,feat_gbm,0.25,42,370,-1.1224078545484357,-1.5399226532969161
v9,feat_gbm,0.25,42,371,-0.2014419362529302,-0.3336387161155974
v9,feat_gbm,0.25,42,372,0.41280444563575314,0.3185760540422761
v9,feat_gbm,0.25,42,373,-0.22955492630024313,-0.30756424411789
v9,feat_gbm,0.25,42,374,-3.756860343296999,-3.551435429619069
v9,feat_gbm,0.25,42,375,0.19835267960363068,-0.12846918127015178
v9,feat_gbm,0.25,42,376,0.5821430972942548,0.43413099611324796
v9,feat_gbm,0.25,42,377,0.9665804849298927,0.8095384731463161
v9,feat_gbm,0.25,42,378,0.4466729821953427,0.20303525329731625
v9,feat_gbm,0.25,42,379,0.6424504152970704,0.524784145223057
v9,feat_gbm,0.25,42,380,0.39085279885704194,0.8722609808312535
v9,feat_gbm,0.25,42,381,0.6874230531122134,1.0190202163897197
v9,feat_gbm,0.25,42,382,0.7545656605784776,1.2715191268303472
v9,feat_gbm,0.25,42,383,-0.08428127948193903,-0.13923746667536385
v9,feat_gbm,0.25,42,384,-1.6439110549048122,-1.7983983483294153
v9,feat_gbm,0.25,42,385,0.38363397241513014,0.5606037150840157
v9,feat_gbm,0.25,42,386,0.768987337634976,0.6003456151224621
v9,feat_gbm,0.25,42,387,1.0243070617738945,1.3071718981356573
v9,feat_gbm,0.25,42,388,-0.36443685317635827,-0.19457283568776126
v9,feat_gbm,0.25,42,389,-0.9440286469863228,-0.981880356960367
v9,feat_gbm,0.25,42,390,-3.0766569215948283,-2.628024059072158
v9,feat_gbm,0.25,42,391,-2.5493342269543158,-2.479262758098376
v9,feat_gbm,0.25,42,392,-2.0999111832791026,-2.207941629114672
v9,feat_gbm,0.25,42,393,-3.133755752378081,-2.806586620215901
v9,feat_gbm,0.25,42,394,-0.13431698154672211,-0.16842623590390868
v9,feat_gbm,0.25,42,395,0.4820780993658258,0.3596423409999632
v9,feat_gbm,0.25,42,396,-2.7501969503199777,-3.117667066362407
v9,feat_gbm,0.25,42,397,0.8426318067816134,0.6134086288650079
v9,feat_gbm,0.25,42,398,0.421232144360766,0.5049020087080688
v9,feat_gbm,0.25,42,399,-1.2612856958705518,-1.0548605918119196
v9,feat_gbm,0.25,42,400,-2.9955459987863238,-2.877676775828332
v9,feat_gbm,0.25,42,401,-0.16887258834012878,0.015654415635624343
v9,feat_gbm,0.25,42,402,-0.6483284851777343,-0.7027824676465185
v9,feat_gbm,0.25,42,403,0.23217279257656231,0.6733427913489138
v9,feat_gbm,0.25,42,404,0.06571513906549575,0.03259550049258387
v9,feat_gbm,0.25,42,405,-3.586649582758032,-3.4179416205706223
v9,feat_gbm,0.25,42,406,-1.4477191428910725,-1.6563158072976616
v9,feat_gbm,0.25,42,407,0.4487977856226438,0.3281041495218151
v9,feat_gbm,0.25,42,408,-1.4421980937380678,-1.498502430121411
v9,feat_gbm,0.25,42,409,-1.1961611407826933,-1.5390850133499359
v9,feat_gbm,0.25,42,410,-2.676118400132701,-3.8769914364338094
v9,feat_gbm,0.25,42,411,-0.7924006332426526,-1.1093409530974205
v9,feat_gbm,0.25,42,412,-2.4871169831493054,-2.1356441225652167
v9,feat_gbm,0.25,42,413,0.4662694367290955,0.5613925387002681
v9,feat_gbm,0.25,42,414,-2.763560961734643,-2.672303525149137
v9,feat_gbm,0.25,42,415,0.9688599142093248,0.9887747910888531
v9,feat_gbm,0.25,42,416,-2.0021324247685044,-2.064740642123073
v9,feat_gbm,0.25,42,417,-0.5201308796397437,-0.13534283366780814
v9,feat_gbm,0.25,42,418,0.5897804476401954,0.5266566940316069
v9,feat_gbm,0.25,42,419,-1.142324679676497,-0.7929716308762645
v9,feat_gbm,0.25,42,420,0.38345768442838374,0.22081989653443584
v9,feat_gbm,0.25,42,421,-3.708282291117159,-3.4911396429773087
v9,feat_gbm,0.25,42,422,0.21236119191796027,0.4691563032653497
v9,feat_gbm,0.25,42,423,-0.3118886556206299,-0.21242164749251408
v9,feat_gbm,0.25,42,424,-2.1727846806649516,-2.0235730224261497
v9,feat_gbm,0.25,42,425,0.01767467339712188,0.1881042769243711
v9,feat_gbm,0.25,42,426,-1.018385924252609,-0.7546830882020855
v9,feat_gbm,0.25,42,427,-1.8896590306005074,-2.004418163271322
v9,feat_gbm,0.25,42,428,0.07239990872167794,0.08108350485015015
v9,feat_gbm,0.25,42,429,-1.1341149759152158,-0.8958783842144782
v9,feat_gbm,0.25,42,430,-0.6241339636838997,-0.700178367515834
v9,feat_gbm,0.25,42,431,-2.0127726410491067,-2.026447754843476
v9,feat_gbm,0.25,42,432,-3.409027406371229,-3.3644112924118934
v9,feat_gbm,0.25,42,433,-1.9819875232564252,-2.4777804975332844
v9,feat_gbm,0.25,42,434,-3.364625828959919,-3.6407879329147783
v9,feat_gbm,0.25,42,435,0.7746924375998098,0.8140524350977956
v9,feat_gbm,0.25,42,436,-0.7955419972242697,-0.6342245759550225
v9,feat_gbm,0.25,42,437,-0.821596917811445,-1.0170271575608654
v9,feat_gbm,0.25,42,438,0.9596238628118906,1.2058566336630974
v9,feat_gbm,0.25,42,439,0.8150093714447493,1.04159183954478
v9,feat_gbm,0.25,42,440,-0.8597006642391063,-0.383754051292973
v9,feat_gbm,0.25,42,441,1.104196147727251,0.9717849563735496
v9,feat_gbm,0.25,42,442,0.9402336271063148,0.915394257773604
v9,feat_gbm,0.25,42,443,0.1373493623598489,0.17619398118278368
v9,feat_gbm,0.25,42,444,-2.4954429876091617,-2.3026142847949007
v9,feat_gbm,0.25,42,445,-1.436995876207555,-2.156995715227189
v9,feat_gbm,0.25,42,446,-2.007007854168448,-1.9647154613855007
v9,feat_gbm,0.25,42,447,-0.9267880818415056,-1.2167428909736953
v9,feat_gbm,0.25,42,448,0.1159405555205254,0.371748058948411
v9,feat_gbm,0.25,42,449,-3.6248528401301385,-3.354914600670279
v9,feat_gbm,0.25,42,450,-2.443862834871787,-2.0984010901330774
v9,feat_gbm,0.25,42,451,-1.9676585844872072,-1.8411195968283314
v9,feat_gbm,0.25,42,452,-0.20500994642484896,-0.2866386615093297
v9,feat_gbm,0.25,42,453,-2.0822677473634417,-2.1769502099219324
v9,feat_gbm,0.25,42,454,0.665280970308523,0.851829112076475
v9,feat_gbm,0.25,42,455,-0.18405511349446513,-0.5174982843777256
v9,feat_gbm,0.25,42,456,-3.384896574348071,-3.7883351795095335
v9,feat_gbm,0.25,42,457,-1.3792636105079048,-1.3225504843777425
v9,feat_gbm,0.25,42,458,-0.7336574160801365,-0.6304710111145473
v9,feat_gbm,0.25,42,459,-2.756153612406894,-2.867776928577639
v9,feat_gbm,0.25,42,460,-0.06802102944914191,-0.20106453453544149
v9,feat_gbm,0.25,42,461,0.27695058142108314,0.565413433251147
v9,feat_gbm,0.25,42,462,0.44278812714974364,0.6531860801292728
v9,feat_gbm,0.25,42,463,-3.3700529324862014,-3.295531334571209
v9,feat_gbm,0.25,42,464,-0.8281295967991912,-1.118951529136503
v9,feat_gbm,0.25,42,465,-0.008951524110751017,0.08535922256033004
v9,feat_gbm,0.25,42,466,-0.023729971073698886,0.2656879386171551
v9,feat_gbm,0.25,42,467,-0.8476962817037771,-1.0764680911985907
v9,feat_gbm,0.25,42,468,2.311006557099516,2.2503813782282114
v9,feat_gbm,0.25,42,469,0.07612623504506488,-0.029700274932011248
v9,feat_gbm,0.25,42,470,-2.620780197632356,-2.1918010579584375
v9,feat_gbm,0.25,42,471,-0.32063525544593285,-0.12537364897776127
v9,feat_gbm,0.25,42,472,-1.4686092658610128,-1.3714574409892777
v9,feat_gbm,0.25,42,473,-2.0755192648864584,-1.0216450817816245
v9,feat_gbm,0.25,42,474,-0.6698528045968689,-0.8313233833759152
v9,feat_gbm,0.25,42,475,-3.077597362111605,-3.25243582884057
v9,feat_gbm,0.25,42,476,0.7361530029012407,0.8737365575305754
v9,feat_gbm,0.25,42,477,-2.131882160783383,-1.8373017486027088
v9,feat_gbm,0.25,42,478,-1.656446674831576,-1.909749317133085
v9,feat_gbm,0.25,42,479,0.5505430002719928,0.418341725137149
v9,feat_gbm,0.25,42,480,-2.946214865872793,-2.8689304810445995
v9,feat_gbm,0.25,42,481,-4.515146047419839,-3.9192950012633494
v9,feat_gbm,0.25,42,482,0.9461783673596866,0.8191907452202399
v9,feat_gbm,0.25,42,483,-2.836254939699375,-2.7371748494528005
v9,feat_gbm,0.25,42,484,-0.09269649312425264,0.043868991079412875
v9,feat_gbm,0.25,42,485,-3.191111896232921,-3.9571024828402512
v9,feat_gbm,0.25,42,486,-1.0924842837806044,-0.8286091055291892
v9,feat_gbm,0.25,42,487,1.3612777919758292,1.1086460137612473
v9,feat_gbm,0.25,42,488,-1.0052640284705907,-1.0899995989348372
v9,feat_gbm,0.25,42,489,-2.701772947605918,-2.9260181182274523
v9,feat_gbm,0.25,42,490,-0.11502311110278034,0.01778898425240747
v9,feat_gbm,0.25,42,491,-0.7060553398567316,-0.388546054063584
v9,feat_gbm,0.25,42,492,-0.6064271560922587,-0.8483910406321095
v9,feat_gbm,0.25,42,493,-2.9022101612504025,-2.4855190663855797
v9,feat_gbm,0.25,42,494,-0.5136262603301226,-0.6027729178489412
v9,feat_gbm,0.25,42,495,-1.449056881260039,-1.5285925057254015
v9,feat_gbm,0.25,42,496,0.8178647288803119,1.0092174422839322
v9,feat_gbm,0.25,42,497,-2.373323672553728,-2.421052301727873
v9,feat_gbm,0.25,42,498,-3.186691437467244,-3.2283141264699093
v9,feat_gbm,0.25,42,499,-4.428623133068969,-4.907212199848568
v9,feat_gbm,0.25,43,0,-0.0580700705852811,0.03894909458183669
v9,feat_gbm,0.25,43,1,-2.612011623909175,-2.5052564746229193
v9,feat_gbm,0.25,43,2,0.7418594575101225,0.6287827851917782
v9,feat_gbm,0.25,43,3,-2.7795028162431117,-3.3447289283878643
v9,feat_gbm,0.25,43,4,0.8995480850442004,0.9694015026406426
v9,feat_gbm,0.25,43,5,-2.21594472964124,-2.4693709778233526
v9,feat_gbm,0.25,43,6,-0.17972025665299143,-0.2819211013310965
v9,feat_gbm,0.25,43,7,0.6710148090503979,0.5289578846490461
v9,feat_gbm,0.25,43,8,0.3234591502845511,0.032863622186365654
v9,feat_gbm,0.25,43,9,0.9774998925447355,0.9352707853930591
v9,feat_gbm,0.25,43,10,-1.6452417346432013,-1.5987558134683666
v9,feat_gbm,0.25,43,11,-3.3066201767863204,-3.2678706438993954
v9,feat_gbm,0.25,43,12,-2.5510588947988624,-2.445380546146449
v9,feat_gbm,0.25,43,13,-0.38444701153548816,-0.4471217519653716
v9,feat_gbm,0.25,43,14,-1.6498155118395883,-1.8343062920535937
v9,feat_gbm,0.25,43,15,-2.464744675900059,-2.278287047942225
v9,feat_gbm,0.25,43,16,-1.3056303020732591,-1.113015507562239
v9,feat_gbm,0.25,43,17,-0.972838924026648,-1.149386040828735
v9,feat_gbm,0.25,43,18,-0.2653499713213947,-0.4541092694382234
v9,feat_gbm,0.25,43,19,-2.9652171997863888,-2.8798658660471284
v9,feat_gbm,0.25,43,20,-3.2378275388624593,-3.281006200299989
v9,feat_gbm,0.25,43,21,-0.43791397250161745,-0.7889402030111288
v9,feat_gbm,0.25,43,22,-0.6864151594695358,-0.48114593055133975
v9,feat_gbm,0.25,43,23,-2.5595465067249403,-2.8038114998165153
v9,feat_gbm,0.25,43,24,-3.017317372402789,-2.6726430450531393
v9,feat_gbm,0.25,43,25,-3.24389871122757,-3.141178249464176
v9,feat_gbm,0.25,43,26,-3.7109688826888743,-3.8612362310489847
v9,feat_gbm,0.25,43,27,-3.1531223315498282,-3.085821277369337
v9,feat_gbm,0.25,43,28,-2.4619160863290066,-2.1153791712035637
v9,feat_gbm,0.25,43,29,-0.3239834381079769,-0.5854112868629942
v9,feat_gbm,0.25,43,30,0.2785845031465862,0.13849791927417068
v9,feat_gbm,0.25,43,31,-2.49028577930551,-2.779654184179668
v9,feat_gbm,0.25,43,32,1.2651384419393379,0.9166392391011026
v9,feat_gbm,0.25,43,33,-1.768727209686139,-2.134444297962007
v9,feat_gbm,0.25,43,34,1.176133373864328,1.1224191581864646
v9,feat_gbm,0.25,43,35,-3.0744250131460364,-2.7514680837461087
v9,feat_gbm,0.25,43,36,0.17225380270826138,0.7493710802437775
v9,feat_gbm,0.25,43,37,-2.3818517804721413,-2.157600461660938
v9,feat_gbm,0.25,43,38,-1.5950226715112255,-1.7436371170468024
v9,feat_gbm,0.25,43,39,0.8104595763984009,0.632388610685479
v9,feat_gbm,0.25,43,40,-1.375757014091787,-1.5024753827969588
v9,feat_gbm,0.25,43,41,-3.3341532608534696,-2.936018587066778
v9,feat_gbm,0.25,43,42,-0.003692824567084192,-0.06406961406287034
v9,feat_gbm,0.25,43,43,-0.41441503331781016,-0.43711075337934485
v9,feat_gbm,0.25,43,44,0.5495260890892475,0.521724778538647
v9,feat_gbm,0.25,43,45,0.6207587002908105,-0.02881562555915001
v9,feat_gbm,0.25,43,46,-3.2580467948007237,-2.6856700943784895
v9,feat_gbm,0.25,43,47,-3.612646007967032,-3.3419513202228783
v9,feat_gbm,0.25,43,48,-0.10449490958787255,-0.35240032436669677
v9,feat_gbm,0.25,43,49,-4.418178786271689,-4.466027560457086
v9,feat_gbm,0.25,43,50,-0.9196370940749962,-1.2227887404747313
v9,feat_gbm,0.25,43,51,-3.7465319848846197,-4.168130875201601
v9,feat_gbm,0.25,43,52,-2.563438582143859,-2.1825653069440887
v9,feat_gbm,0.25,43,53,-2.9351256274623694,-2.816977102698189
v9,feat_gbm,0.25,43,54,-0.8927921287074738,-0.9520374156321785
v9,feat_gbm,0.25,43,55,0.5349927321500955,0.800460094219776
v9,feat_gbm,0.25,43,56,0.09545361305296562,0.2782562560211116
v9,feat_gbm,0.25,43,57,-0.5304223384518013,-0.7855200046266205
v9,feat_gbm,0.25,43,58,-3.1034428511345915,-2.837973637743256
v9,feat_gbm,0.25,43,59,0.17480752729155546,0.3653424354755994
v9,feat_gbm,0.25,43,60,-3.1142125595943697,-3.145987746693799
v9,feat_gbm,0.25,43,61,-2.3348770900772298,-2.1381844357326614
v9,feat_gbm,0.25,43,62,0.672638456018758,0.3908315550690521
v9,feat_gbm,0.25,43,63,-3.428339180016891,-3.259739876316779
v9,feat_gbm,0.25,43,64,-3.9807608659166926,-3.799325775609258
v9,feat_gbm,0.25,43,65,-0.09896365490970399,0.2842997557356093
v9,feat_gbm,0.25,43,66,0.7760202782743004,0.9099380077885143
v9,feat_gbm,0.25,43,67,0.5612911799061526,0.5741223235018287
v9,feat_gbm,0.25,43,68,1.1370799561868363,1.3807263582335993
v9,feat_gbm,0.25,43,69,0.968767811951909,2.7357387204405055
v9,feat_gbm,0.25,43,70,-0.13681454849946156,-0.3782017485149665
v9,feat_gbm,0.25,43,71,-0.6186276200617672,-0.6946521973220513
v9,feat_gbm,0.25,43,72,-3.760809383224552,-3.510295151868067
v9,feat_gbm,0.25,43,73,-0.07313288370298723,-0.3643686170400702
v9,feat_gbm,0.25,43,74,1.2156215720820627,1.1835884152793859
v9,feat_gbm,0.25,43,75,-0.14027461073272335,-0.38644824542838596
v9,feat_gbm,0.25,43,76,0.5512746552075123,0.7005004452467647
v9,feat_gbm,0.25,43,77,0.3496768104191176,0.3770911051312199
v9,feat_gbm,0.25,43,78,-0.6097044446473314,-0.5374783823521183
v9,feat_gbm,0.25,43,79,-2.6606606453815638,-3.2499450611549854
v9,feat_gbm,0.25,43,80,-1.7632730341751175,-1.719925172279684
v9,feat_gbm,0.25,43,81,1.0239829894260466,1.8185710395242058
v9,feat_gbm,0.25,43,82,-1.3487653390253596,-1.0758778979961314
v9,feat_gbm,0.25,43,83,-0.5206652869728203,-0.8033140510569362
v9,feat_gbm,0.25,43,84,-2.1651468787486152,-2.0837035815006346
v9,feat_gbm,0.25,43,85,-0.9798714464542764,-1.2430797823904942
v9,feat_gbm,0.25,43,86,0.8296015268360204,0.639317965424242
v9,feat_gbm,0.25,43,87,-0.13468545254463107,-0.02321591952008587
v9,feat_gbm,0.25,43,88,-3.4205228413178803,-3.512086916650174
v9,feat_gbm,0.25,43,89,-1.5514063968784555,-1.684363733317816
v9,feat_gbm,0.25,43,90,-3.94324232995555,-3.5341996208099964
v9,feat_gbm,0.25,43,91,0.9531177717431086,1.1574629997660548
v9,feat_gbm,0.25,43,92,-0.9056534012879691,-0.7651863719989663
v9,feat_gbm,0.25,43,93,-4.305856250454022,-5.7708125015304885
v9,feat_gbm,0.25,43,94,0.12594741289716244,0.07374698385127064
v9,feat_gbm,0.25,43,95,0.7860315116860505,1.201566413592891
v9,feat_gbm,0.25,43,96,1.0803636582226162,1.2655480006709303
v9,feat_gbm,0.25,43,97,-3.746225138302298,-3.2217777708537843
v9,feat_gbm,0.25,43,98,-1.9333219681285216,-1.2120387208328698
v9,feat_gbm,0.25,43,99,-0.37874351544593654,-0.04015373686183237
v9,feat_gbm,0.25,43,100,-2.635251934874299,-2.8384481914339785
v9,feat_gbm,0.25,43,101,-3.45390445669131,-3.541068619782685
v9,feat_gbm,0.25,43,102,-4.259457584409095,-4.424727465058162
v9,feat_gbm,0.25,43,103,-0.5509968778463797,-0.7652009130347144
v9,feat_gbm,0.25,43,104,-0.6775301547281583,-0.406664655497914
v9,feat_gbm,0.25,43,105,-2.8185633108643464,-2.8019031633754246
v9,feat_gbm,0.25,43,106,-1.2777337455650972,-1.1978192780958505
v9,feat_gbm,0.25,43,107,-0.9012897346048497,-1.2497822804421463
v9,feat_gbm,0.25,43,108,-0.24646338798042722,-0.2003702404752673
v9,feat_gbm,0.25,43,109,-0.18388942939101724,-0.28745536208379296
v9,feat_gbm,0.25,43,110,0.4785159740737256,0.2838469771831524
v9,feat_gbm,0.25,43,111,0.3695938894289244,0.6579850926301614
v9,feat_gbm,0.25,43,112,-0.02688033682369151,-0.4279263804064609
v9,feat_gbm,0.25,43,113,0.6660022339876854,0.527327823801956
v9,feat_gbm,0.25,43,114,-3.849914871963004,-3.652947895428966
v9,feat_gbm,0.25,43,115,-0.9107039417254047,-0.04287987221360797
v9,feat_gbm,0.25,43,116,-3.803225699011965,-3.4409421360670214
v9,feat_gbm,0.25,43,117,-2.549969720437989,-2.4284095097884006
v9,feat_gbm,0.25,43,118,-1.7001869773175429,-1.419217075367618
v9,feat_gbm,0.25,43,119,-1.830444614859421,-1.4944271796191557
v9,feat_gbm,0.25,43,120,-3.088510368488288,-2.797137626437216
v9,feat_gbm,0.25,43,121,1.3898269302469388,3.1321125804877905
v9,feat_gbm,0.25,43,122,-2.589227602682886,-3.164895556438051
v9,feat_gbm,0.25,43,123,0.16320616398626886,-0.021234684620174846
v9,feat_gbm,0.25,43,124,-1.4987205814335258,-1.246001114532972
v9,feat_gbm,0.25,43,125,-2.712304164311212,-2.7130193085566443
v9,feat_gbm,0.25,43,126,-1.9334331521447896,-2.0560780011130944
v9,feat_gbm,0.25,43,127,-1.7254946903722197,-1.631222331554067
v9,feat_gbm,0.25,43,128,-2.854409178468258,-3.477307725783656
v9,feat_gbm,0.25,43,129,1.2920923878892485,1.7007542891568868
v9,feat_gbm,0.25,43,130,-3.8956397448918993,-3.4021624962570822
v9,feat_gbm,0.25,43,131,-3.7096973823028705,-3.701149444421242
v9,feat_gbm,0.25,43,132,0.05193282949609715,-0.4116741376471012
v9,feat_gbm,0.25,43,133,-0.45831393438394064,-0.5680375850475197
v9,feat_gbm,0.25,43,134,-1.3190581197877436,-1.4788189923590598
v9,feat_gbm,0.25,43,135,-2.808096785077771,-2.9896549957503007
v9,feat_gbm,0.25,43,136,0.43733592744337535,0.11194117436713467
v9,feat_gbm,0.25,43,137,1.156689811134036,1.7147062893715772
v9,feat_gbm,0.25,43,138,-1.9674621270972394,-1.9709125209383296
v9,feat_gbm,0.25,43,139,0.03125300696022036,0.19937477723826902
v9,feat_gbm,0.25,43,140,-2.8756459590822296,-2.8223726616431475
v9,feat_gbm,0.25,43,141,-0.07354059279629394,-0.12380828599000025
v9,feat_gbm,0.25,43,142,-3.300910242621015,-2.97521232911642
v9,feat_gbm,0.25,43,143,-1.9780733039366543,-1.9484557479617686
v9,feat_gbm,0.25,43,144,1.1014706322843777,1.244093655886106
v9,feat_gbm,0.25,43,145,-2.5210479169651783,-2.0280859266176816
v9,feat_gbm,0.25,43,146,-1.9408046984868348,-2.0754073031653366
v9,feat_gbm,0.25,43,147,0.08740793513919595,-0.11331641159387335
v9,feat_gbm,0.25,43,148,-2.4917537150084326,-2.620298039600635
v9,feat_gbm,0.25,43,149,-3.019436196073733,-3.8395532227602396
v9,feat_gbm,0.25,43,150,-2.0722503496198916,-2.149698272240366
v9,feat_gbm,0.25,43,151,-3.2357356537270854,-3.1594376779318036
v9,feat_gbm,0.25,43,152,-2.701411369425062,-2.7712141114581046
v9,feat_gbm,0.25,43,153,-1.0711593162271673,-1.1483368403810985
v9,feat_gbm,0.25,43,154,-1.4092882745771647,-1.4700676700115773
v9,feat_gbm,0.25,43,155,1.2721965341556003,1.4088416749712322
v9,feat_gbm,0.25,43,156,0.47954742862098776,0.7564704220494097
v9,feat_gbm,0.25,43,157,-2.1750634469875116,-1.7148995557963913
v9,feat_gbm,0.25,43,158,-2.6077861060295326,-2.8595355115547196
v9,feat_gbm,0.25,43,159,-1.1093229163025768,-0.9922400520728849
v9,feat_gbm,0.25,43,160,1.2826215438210906,1.8585227307534937
v9,feat_gbm,0.25,43,161,-2.3765251353273116,-2.477654537850602
v9,feat_gbm,0.25,43,162,-3.1373944250971992,-2.993764039868935
v9,feat_gbm,0.25,43,163,-1.1095525470118264,-1.1722671160336509
v9,feat_gbm,0.25,43,164,-1.8672575051983955,-1.6577576086204497
v9,feat_gbm,0.25,43,165,-2.9287043109476865,-2.9770186999323642
v9,feat_gbm,0.25,43,166,-3.5943231418347854,-3.2329952824425443
v9,feat_gbm,0.25,43,167,0.32319008666609006,0.19550508612775644
v9,feat_gbm,0.25,43,168,-0.9802932149702185,-1.2639642813248737
v9,feat_gbm,0.25,43,169,1.1998033002600774,1.4224064134580066
v9,feat_gbm,0.25,43,170,-1.8468587395048461,-1.5303724784706008
v9,feat_gbm,0.25,43,171,0.5668711598783887,0.6086346650572224
v9,feat_gbm,0.25,43,172,0.18029163968304276,-0.052232489626048526
v9,feat_gbm,0.25,43,173,-0.3047042261502938,-0.19074605880313256
v9,feat_gbm,0.25,43,174,-2.3787241183782366,-2.7678232596734214
v9,feat_gbm,0.25,43,175,-1.791345235031482,-1.6557092188829319
v9,feat_gbm,0.25,43,176,0.17744789069182917,0.12081831439914445
v9,feat_gbm,0.25,43,177,1.1600790452784544,3.7031714993021168
v9,feat_gbm,0.25,43,178,-0.3136016653325401,-0.17761292562564054
v9,feat_gbm,0.25,43,179,0.044342520529271436,0.2295122735959306
v9,feat_gbm,0.25,43,180,-1.5509634270407295,-1.6401012725318311
v9,feat_gbm,0.25,43,181,-2.375336897826712,-3.399461101549646
v9,feat_gbm,0.25,43,182,0.6569720844703386,0.5421608664871393
v9,feat_gbm,0.25,43,183,-3.7733937956171997,-3.7858185839721776
v9,feat_gbm,0.25,43,184,0.7103447298965588,0.4440956773301304
v9,feat_gbm,0.25,43,185,0.6802073633625417,0.5450962365111649
v9,feat_gbm,0.25,43,186,-3.4443550354306636,-3.094441269353033
v9,feat_gbm,0.25,43,187,1.3056611546501955,1.436275522654785
v9,feat_gbm,0.25,43,188,0.14955436888224016,-0.003208414280501246
v9,feat_gbm,0.25,43,189,-1.7947837346573292,-2.0766448721687736
v9,feat_gbm,0.25,43,190,-3.415740961937738,-2.887011097372245
v9,feat_gbm,0.25,43,191,0.14048968586775204,-0.19564387773269687
v9,feat_gbm,0.25,43,192,-3.7061541267174074,-3.39219136175158
v9,feat_gbm,0.25,43,193,-4.745278222627212,-4.804455114758695
v9,feat_gbm,0.25,43,194,-0.11723037696513354,-0.23230879418151415
v9,feat_gbm,0.25,43,195,0.7067024343992954,0.7768952289284052
v9,feat_gbm,0.25,43,196,-3.5722475024614133,-3.0758975731441707
v9,feat_gbm,0.25,43,197,1.7513245948194203,1.8852948766094535
v9,feat_gbm,0.25,43,198,0.10538433776405678,-0.07474663349946693
v9,feat_gbm,0.25,43,199,1.2317976197839893,0.9295509098669842
v9,feat_gbm,0.25,43,200,0.3930050858954891,0.40408761039079466
v9,feat_gbm,0.25,43,201,-1.6012446803760265,-1.0185563947000995
v9,feat_gbm,0.25,43,202,-1.5496222123015944,-1.5812541435625456
v9,feat_gbm,0.25,43,203,-2.28352688044901,-2.9269603411540346
v9,feat_gbm,0.25,43,204,-0.25255018694383835,-0.9368237022381455
v9,feat_gbm,0.25,43,205,-0.7228836236565096,-0.771906247259438
v9,feat_gbm,0.25,43,206,-1.9230546087287452,-1.4457766532498904
v9,feat_gbm,0.25,43,207,-2.396190171457897,-2.4752738768021185
v9,feat_gbm,0.25,43,208,-2.954968629906838,-2.8789590131308262
v9,feat_gbm,0.25,43,209,-2.6952727193167254,-2.6986856152036793
v9,feat_gbm,0.25,43,210,0.019602108075400238,0.05837096406180189
v9,feat_gbm,0.25,43,211,-3.0252567057711475,-2.2327070274631113
v9,feat_gbm,0.25,43,212,0.3235883235847785,0.15758807445032513
v9,feat_gbm,0.25,43,213,0.7277372829157914,0.5234750924970406
v9,feat_gbm,0.25,43,214,0.7354216724795645,0.8312555987922697
v9,feat_gbm,0.25,43,215,-0.6483307928330316,-0.7699972654610447
v9,feat_gbm,0.25,43,216,-2.4766997121765826,-2.4368834827463726
v9,feat_gbm,0.25,43,217,-3.6379626317450677,-3.7421886443248944
v9,feat_gbm,0.25,43,218,-4.631024837224878,-4.3753265313120195
v9,feat_gbm,0.25,43,219,0.17045530970010553,0.13181597567614448
v9,feat_gbm,0.25,43,220,-2.3241223173931087,-2.150299196146146
v9,feat_gbm,0.25,43,221,0.531241378041892,0.4316281043505307
v9,feat_gbm,0.25,43,222,0.4498762823722251,0.20581216265343685
v9,feat_gbm,0.25,43,223,-2.1444080337839377,-1.7226779576420432
v9,feat_gbm,0.25,43,224,1.0763206950694229,1.0701061526100661
v9,feat_gbm,0.25,43,225,-2.6956700811702974,-2.995983076644188
v9,feat_gbm,0.25,43,226,-0.010392164160190514,-0.39103048890459524
v9,feat_gbm,0.25,43,227,-2.591712177133764,-2.811377433191803
v9,feat_gbm,0.25,43,228,0.1826527888104336,0.1103569248772952
v9,feat_gbm,0.25,43,229,0.8384775612581584,1.0926797996732165
v9,feat_gbm,0.25,43,230,-1.0161016072248397,-1.1465469989616057
v9,feat_gbm,0.25,43,231,-3.805160105713103,-3.7045714701961474
v9,feat_gbm,0.25,43,232,-0.2113822744574163,-0.3205795311611984
v9,feat_gbm,0.25,43,233,-0.5846555483215483,-0.7282288274356463
v9,feat_gbm,0.25,43,234,-0.8334553320300395,-0.6143938277881194
v9,feat_gbm,0.25,43,235,-3.3890373963210396,-3.717493513170671
v9,feat_gbm,0.25,43,236,-2.1366437678943533,-1.894186438607053
v9,feat_gbm,0.25,43,237,-0.035341233488820456,0.19101892391720615
v9,feat_gbm,0.25,43,238,-2.786901657670615,-2.723653519266766
v9,feat_gbm,0.25,43,239,0.304621053786862,0.28172679866345784
v9,feat_gbm,0.25,43,240,-0.686832579990286,-0.570916259780521
v9,feat_gbm,0.25,43,241,-2.5018357113811716,-3.037607674189957
v9,feat_gbm,0.25,43,242,-2.558537830181185,-2.4824067099880884
v9,feat_gbm,0.25,43,243,1.3469346548684475,1.793244191067856
v9,feat_gbm,0.25,43,244,-2.085422622464102,-2.170563194223024
v9,feat_gbm,0.25,43,245,-2.5788227397878036,-2.5580286375581696
v9,feat_gbm,0.25,43,246,-3.060911226986939,-3.9013363177662743
v9,feat_gbm,0.25,43,247,-1.0935707594909996,-1.2689211715035387
v9,feat_gbm,0.25,43,248,-2.8675904807642696,-2.89795980370705
v9,feat_gbm,0.25,43,249,-0.7615641052358195,-1.149470325468549
v9,feat_gbm,0.25,43,250,-2.485482773443533,-2.1803876537888693
v9,feat_gbm,0.25,43,251,-0.9901938417092214,-1.2010659028736028
v9,feat_gbm,0.25,43,252,-2.7511126680718903,-2.675840590612525
v9,feat_gbm,0.25,43,253,-0.7798740638096405,-0.865421424414132
v9,feat_gbm,0.25,43,254,-0.5475827785863174,-0.45089388998719687
v9,feat_gbm,0.25,43,255,-1.5510232862980677,-1.477655138121315
v9,feat_gbm,0.25,43,256,-1.9872213764202944,-1.9234128661936198
v9,feat_gbm,0.25,43,257,-0.6464340518134315,-0.8895479413744646
v9,feat_gbm,0.25,43,258,-1.412982923221922,-1.284701881398344
v9,feat_gbm,0.25,43,259,0.042378342398944495,0.03791276039075724
v9,feat_gbm,0.25,43,260,-1.0273710438018182,-1.213907680807544
v9,feat_gbm,0.25,43,261,-0.4227009011555305,-0.6937064881158975
v9,feat_gbm,0.25,43,262,-2.1489019822648183,-2.500344974429108
v9,feat_gbm,0.25,43,263,-3.204453880907471,-3.0782877743164985
v9,feat_gbm,0.25,43,264,-2.9556547035018275,-3.2702790535172426
v9,feat_gbm,0.25,43,265,-0.3496527334199883,-0.15746453031192983
v9,feat_gbm,0.25,43,266,-1.6448471285307238,-1.3930653126164372
v9,feat_gbm,0.25,43,267,-4.30271739764976,-3.460520174484755
v9,feat_gbm,0.25,43,268,-1.9354862679165312,-1.8115923421665279
v9,feat_gbm,0.25,43,269,-0.08699341022615763,-0.04785951915829837
v9,feat_gbm,0.25,43,270,-1.2878914437085298,-1.3387838926701625
v9,feat_gbm,0.25,43,271,0.6238927922953059,0.6172482925771328
v9,feat_gbm,0.25,43,272,0.22032750055548214,0.10718580269537517
v9,feat_gbm,0.25,43,273,-2.9275024128855662,-2.4250613993713395
v9,feat_gbm,0.25,43,274,-0.3354406551531074,-0.4656136934058211
v9,feat_gbm,0.25,43,275,-1.6518715011759713,-1.7679071058666047
v9,feat_gbm,0.25,43,276,-0.16351761609854593,-0.15192249005847586
v9,feat_gbm,0.25,43,277,-0.2940396269663908,-0.22686658439221394
v9,feat_gbm,0.25,43,278,-0.20386957892039795,-0.3963273628232521
v9,feat_gbm,0.25,43,279,-2.6167530839999396,-2.1916982233579314
v9,feat_gbm,0.25,43,280,0.5662175778026283,0.5138857123822332
v9,feat_gbm,0.25,43,281,-0.9876427636056636,0.13501120436460418
v9,feat_gbm,0.25,43,282,-0.13798442846596762,-0.35232291748203215
v9,feat_gbm,0.25,43,283,0.49969449403115623,0.33710059568630363
v9,feat_gbm,0.25,43,284,2.369662973362715,2.2269494594330284
v9,feat_gbm,0.25,43,285,-0.5281977996892251,-0.8523290277873723
v9,feat_gbm,0.25,43,286,0.6305314540004935,0.5032694866056324
v9,feat_gbm,0.25,43,287,-3.5416584682274928,-3.0734310124071125
v9,feat_gbm,0.25,43,288,-3.3082103714763997,-3.0969464995649485
v9,feat_gbm,0.25,43,289,0.9247126588941098,0.8088909840914691
v9,feat_gbm,0.25,43,290,-1.7366566266518064,-1.710735902712342
v9,feat_gbm,0.25,43,291,-0.22302137702463076,-0.24588513525180683
v9,feat_gbm,0.25,43,292,-3.0569466725859744,-2.9910915714149957
v9,feat_gbm,0.25,43,293,0.14243450466784718,0.24397961438558982
v9,feat_gbm,0.25,43,294,1.1198602623053704,0.9827222917401395
v9,feat_gbm,0.25,43,295,1.582616266086689,1.5399914318848642
v9,feat_gbm,0.25,43,296,-2.9399504535402565,-3.028104854063688
v9,feat_gbm,0.25,43,297,-1.74815345869908,-1.9675880903276046
v9,feat_gbm,0.25,43,298,0.39681750476762917,0.3882116190950413
v9,feat_gbm,0.25,43,299,-0.5196442686849224,-0.4169590587595381
v9,feat_gbm,0.25,43,300,-0.6050165413411,-0.47104701624968015
v9,feat_gbm,0.25,43,301,-0.5230708361154662,-0.5788171023402015
v9,feat_gbm,0.25,43,302,-3.6458277705347175,-3.325334912618423
v9,feat_gbm,0.25,43,303,0.2608597591097378,0.27214776974989446
v9,feat_gbm,0.25,43,304,0.37604313532259587,0.2838761456734127
v9,feat_gbm,0.25,43,305,0.9106159435662932,0.98356576927226
v9,feat_gbm,0.25,43,306,-2.1484496884079687,-2.324804251846344
v9,feat_gbm,0.25,43,307,-0.24419455081404676,-0.30060412365222405
v9,feat_gbm,0.25,43,308,-3.884889607720081,-3.5706943269006843
v9,feat_gbm,0.25,43,309,0.9412315854149664,0.7657986236992217
v9,feat_gbm,0.25,43,310,-0.22698550607494217,-0.3760212383278314
v9,feat_gbm,0.25,43,311,0.8456039748069413,0.903367601886353
v9,feat_gbm,0.25,43,312,0.6869624600126786,0.2834145554969618
v9,feat_gbm,0.25,43,313,-0.537168944714817,-0.8750381269167363
v9,feat_gbm,0.25,43,314,-1.6980610297107503,-0.8911054934067958
v9,feat_gbm,0.25,43,315,0.3289569860531555,0.2699623908229132
v9,feat_gbm,0.25,43,316,-3.918466305498554,-4.034449774534175
v9,feat_gbm,0.25,43,317,0.5926061591522179,0.7302045063515665
v9,feat_gbm,0.25,43,318,-2.282135472827228,-2.5264159394565007
v9,feat_gbm,0.25,43,319,-3.2127652205513106,-3.1280680478747835
v9,feat_gbm,0.25,43,320,-0.46071188215401004,-0.623194388118803
v9,feat_gbm,0.25,43,321,-3.8049294619420224,-4.172922463867305
v9,feat_gbm,0.25,43,322,1.102894237819179,1.0714029341973417
v9,feat_gbm,0.25,43,323,-2.693501666437956,-2.5538050374755565
v9,feat_gbm,0.25,43,324,-1.5229645785140637,-1.5310020975326282
v9,feat_gbm,0.25,43,325,-0.6101203071037815,-0.735749980772127
v9,feat_gbm,0.25,43,326,-0.5827618261833228,-0.5010306012352705
v9,feat_gbm,0.25,43,327,-4.4793938808614575,-4.393123087746285
v9,feat_gbm,0.25,43,328,0.6664187850293928,0.6439364857563509
v9,feat_gbm,0.25,43,329,-3.0678836783036285,-2.60760252445046
v9,feat_gbm,0.25,43,330,0.7011435581904825,0.46983427811083467
v9,feat_gbm,0.25,43,331,-0.8924681729860595,-1.149354435920189
v9,feat_gbm,0.25,43,332,-1.8350571041526573,-1.0961264399974935
v9,feat_gbm,0.25,43,333,1.2038501463335094,1.4253561556633074
v9,feat_gbm,0.25,43,334,1.0969795389135144,1.0406546288822482
v9,feat_gbm,0.25,43,335,-0.3766490236384651,-0.1286217558512718
v9,feat_gbm,0.25,43,336,-1.5083237367888813,-1.7275974260064488
v9,feat_gbm,0.25,43,337,-3.9871256319548696,-4.535227665039715
v9,feat_gbm,0.25,43,338,-0.7312633504471339,-1.078833843619319
v9,feat_gbm,0.25,43,339,-1.6539237677425045,-2.035297396751524
v9,feat_gbm,0.25,43,340,-0.007297415741395548,0.4788286932125707
v9,feat_gbm,0.25,43,341,-0.20662374151522658,-0.4595082096564039
v9,feat_gbm,0.25,43,342,-3.876457214827028,-3.653430804591794
v9,feat_gbm,0.25,43,343,0.48190531245224577,0.2834522663037432
v9,feat_gbm,0.25,43,344,0.00576994263421651,-0.15984972455285287
v9,feat_gbm,0.25,43,345,-2.5681742175616495,-3.8822970119574354
v9,feat_gbm,0.25,43,346,-2.86377433511925,-2.5801989990218064
v9,feat_gbm,0.25,43,347,-3.7005058077726107,-3.2622630695286134
v9,feat_gbm,0.25,43,348,-0.5359705001279091,-0.4894561152880944
v9,feat_gbm,0.25,43,349,-3.4639178963526023,-3.0223552414624764
v9,feat_gbm,0.25,43,350,0.7058805305340484,0.4215072765335228
v9,feat_gbm,0.25,43,351,-2.424035841013627,-1.8152752103400673
v9,feat_gbm,0.25,43,352,0.7822577945613943,1.102263670511441
v9,feat_gbm,0.25,43,353,1.1903458157326532,1.4454852001466738
v9,feat_gbm,0.25,43,354,-3.6855622183812065,-3.6770060333191017
v9,feat_gbm,0.25,43,355,-4.04490249383587,-5.078652858832153
v9,feat_gbm,0.25,43,356,0.42988410864772625,0.7815322159665122
v9,feat_gbm,0.25,43,357,0.6349560175045967,0.6775133790495483
v9,feat_gbm,0.25,43,358,-3.531461410489154,-3.5163570325540956
v9,feat_gbm,0.25,43,359,-2.9883644711012103,-4.157760523739404
v9,feat_gbm,0.25,43,360,-0.14782486958913968,-0.18386357284099003
v9,feat_gbm,0.25,43,361,-4.535889764444264,-4.477383009144865
v9,feat_gbm,0.25,43,362,0.43820151339999097,0.2909126951240761
v9,feat_gbm,0.25,43,363,-3.2878139598510616,-3.5121531596302606
v9,feat_gbm,0.25,43,364,0.5742883080750749,-0.0019354464452207268
v9,feat_gbm,0.25,43,365,-3.2733359195876925,-3.264666087597375
v9,feat_gbm,0.25,43,366,-1.2677429029186926,-1.4961090632143375
v9,feat_gbm,0.25,43,367,0.07865986114644499,-0.10305907560987346
v9,feat_gbm,0.25,43,368,0.22116776547240635,0.24601275195113992
v9,feat_gbm,0.25,43,369,-1.9178897675144042,-1.6400355118163064
v9,feat_gbm,0.25,43,370,-1.2290951274002082,-1.5399226532969161
v9,feat_gbm,0.25,43,371,-0.11524461242133677,-0.3336387161155974
v9,feat_gbm,0.25,43,372,0.32409193687736293,0.3185760540422761
v9,feat_gbm,0.25,43,373,-0.2548935586529538,-0.30756424411789
v9,feat_gbm,0.25,43,374,-3.8942759860805003,-3.551435429619069
v9,feat_gbm,0.25,43,375,0.12331140689743196,-0.12846918127015178
v9,feat_gbm,0.25,43,376,0.4233979916656988,0.43413099611324796
v9,feat_gbm,0.25,43,377,0.9045179255458337,0.8095384731463161
v9,feat_gbm,0.25,43,378,0.268832609614989,0.20303525329731625
v9,feat_gbm,0.25,43,379,0.7402608895844569,0.524784145223057
v9,feat_gbm,0.25,43,380,0.4389011137521185,0.8722609808312535
v9,feat_gbm,0.25,43,381,0.9774797695486905,1.0190202163897197
v9,feat_gbm,0.25,43,382,0.96229966909156,1.2715191268303472
v9,feat_gbm,0.25,43,383,-0.05930543869245266,-0.13923746667536385
v9,feat_gbm,0.25,43,384,-1.5508346342234418,-1.7983983483294153
v9,feat_gbm,0.25,43,385,0.4363379949347959,0.5606037150840157
v9,feat_gbm,0.25,43,386,0.6134420418061927,0.6003456151224621
v9,feat_gbm,0.25,43,387,1.2267083904302907,1.3071718981356573
v9,feat_gbm,0.25,43,388,-0.20331565174464103,-0.19457283568776126
v9,feat_gbm,0.25,43,389,-0.9687560072190772,-0.981880356960367
v9,feat_gbm,0.25,43,390,-3.0118733062887464,-2.628024059072158
v9,feat_gbm,0.25,43,391,-2.5905188295350245,-2.479262758098376
v9,feat_gbm,0.25,43,392,-2.359022696553926,-2.207941629114672
v9,feat_gbm,0.25,43,393,-3.042132530794883,-2.806586620215901
v9,feat_gbm,0.25,43,394,-0.04504566878153469,-0.16842623590390868
v9,feat_gbm,0.25,43,395,0.6451260532681315,0.3596423409999632
v9,feat_gbm,0.25,43,396,-2.6922732950767316,-3.117667066362407
v9,feat_gbm,0.25,43,397,0.6784151614052106,0.6134086288650079
v9,feat_gbm,0.25,43,398,0.4549541025854829,0.5049020087080688
v9,feat_gbm,0.25,43,399,-1.0803829298425223,-1.0548605918119196
v9,feat_gbm,0.25,43,400,-2.890224043326987,-2.877676775828332
v9,feat_gbm,0.25,43,401,-0.21742018590804324,0.015654415635624343
v9,feat_gbm,0.25,43,402,-0.6493324569151615,-0.7027824676465185
v9,feat_gbm,0.25,43,403,0.1540089779140512,0.6733427913489138
v9,feat_gbm,0.25,43,404,-0.023124281942768308,0.03259550049258387
v9,feat_gbm,0.25,43,405,-3.5600682890566437,-3.4179416205706223
v9,feat_gbm,0.25,43,406,-1.6216248492709813,-1.6563158072976616
v9,feat_gbm,0.25,43,407,0.5355985202740826,0.3281041495218151
v9,feat_gbm,0.25,43,408,-1.4825980982500937,-1.498502430121411
v9,feat_gbm,0.25,43,409,-1.2529386907555105,-1.5390850133499359
v9,feat_gbm,0.25,43,410,-2.758541196099368,-3.8769914364338094
v9,feat_gbm,0.25,43,411,-0.8877687722460316,-1.1093409530974205
v9,feat_gbm,0.25,43,412,-2.392515957828051,-2.1356441225652167
v9,feat_gbm,0.25,43,413,0.487681307348785,0.5613925387002681
v9,feat_gbm,0.25,43,414,-2.625654389648017,-2.672303525149137
v9,feat_gbm,0.25,43,415,0.9475151050820544,0.9887747910888531
v9,feat_gbm,0.25,43,416,-1.9400080666078094,-2.064740642123073
v9,feat_gbm,0.25,43,417,-0.4075866113486065,-0.13534283366780814
v9,feat_gbm,0.25,43,418,0.4787018517839406,0.5266566940316069
v9,feat_gbm,0.25,43,419,-0.7248794641029062,-0.7929716308762645
v9,feat_gbm,0.25,43,420,0.5022162148913121,0.22081989653443584
v9,feat_gbm,0.25,43,421,-3.7440406193949567,-3.4911396429773087
v9,feat_gbm,0.25,43,422,0.23891610707408495,0.4691563032653497
v9,feat_gbm,0.25,43,423,-0.260213484656037,-0.21242164749251408
v9,feat_gbm,0.25,43,424,-2.222180467385041,-2.0235730224261497
v9,feat_gbm,0.25,43,425,0.06426249464111303,0.1881042769243711
v9,feat_gbm,0.25,43,426,-0.9891876573019126,-0.7546830882020855
v9,feat_gbm,0.25,43,427,-2.156893323695887,-2.004418163271322
v9,feat_gbm,0.25,43,428,0.0005288787275822483,0.08108350485015015
v9,feat_gbm,0.25,43,429,-1.3424484154983696,-0.8958783842144782
v9,feat_gbm,0.25,43,430,-0.7343829862094368,-0.700178367515834
v9,feat_gbm,0.25,43,431,-2.3192863019347607,-2.026447754843476
v9,feat_gbm,0.25,43,432,-3.4928128015242543,-3.3644112924118934
v9,feat_gbm,0.25,43,433,-2.1173574482604938,-2.4777804975332844
v9,feat_gbm,0.25,43,434,-3.415301769150257,-3.6407879329147783
v9,feat_gbm,0.25,43,435,0.6868720042439784,0.8140524350977956
v9,feat_gbm,0.25,43,436,-0.7191046723112006,-0.6342245759550225
v9,feat_gbm,0.25,43,437,-0.8345549267592426,-1.0170271575608654
v9,feat_gbm,0.25,43,438,1.102345434217158,1.2058566336630974
v9,feat_gbm,0.25,43,439,0.8143565203269584,1.04159183954478
v9,feat_gbm,0.25,43,440,-0.7007045133158385,-0.383754051292973
v9,feat_gbm,0.25,43,441,1.0621215913476987,0.9717849563735496
v9,feat_gbm,0.25,43,442,0.8256145481199622,0.915394257773604
v9,feat_gbm,0.25,43,443,0.24160135683004041,0.17619398118278368
v9,feat_gbm,0.25,43,444,-2.559920904891184,-2.3026142847949007
v9,feat_gbm,0.25,43,445,-1.3365121314052115,-2.156995715227189
v9,feat_gbm,0.25,43,446,-1.9521858146215636,-1.9647154613855007
v9,feat_gbm,0.25,43,447,-0.8991478822069093,-1.2167428909736953
v9,feat_gbm,0.25,43,448,-0.02018536530153803,0.371748058948411
v9,feat_gbm,0.25,43,449,-3.833201902390081,-3.354914600670279
v9,feat_gbm,0.25,43,450,-2.401149834464383,-2.0984010901330774
v9,feat_gbm,0.25,43,451,-2.2670665490457496,-1.8411195968283314
v9,feat_gbm,0.25,43,452,-0.14304678174635116,-0.2866386615093297
v9,feat_gbm,0.25,43,453,-1.9049697837045727,-2.1769502099219324
v9,feat_gbm,0.25,43,454,0.5283833842450643,0.851829112076475
v9,feat_gbm,0.25,43,455,-0.1336205030964682,-0.5174982843777256
v9,feat_gbm,0.25,43,456,-3.384396206135464,-3.7883351795095335
v9,feat_gbm,0.25,43,457,-1.2278015892574259,-1.3225504843777425
v9,feat_gbm,0.25,43,458,-0.5565964585002712,-0.6304710111145473
v9,feat_gbm,0.25,43,459,-2.89569615522174,-2.867776928577639
v9,feat_gbm,0.25,43,460,-0.16699246097215356,-0.20106453453544149
v9,feat_gbm,0.25,43,461,0.3179787609327982,0.565413433251147
v9,feat_gbm,0.25,43,462,0.43228738905112474,0.6531860801292728
v9,feat_gbm,0.25,43,463,-3.3668116409101603,-3.295531334571209
v9,feat_gbm,0.25,43,464,-0.9201064399401824,-1.118951529136503
v9,feat_gbm,0.25,43,465,0.0669658891705428,0.08535922256033004
v9,feat_gbm,0.25,43,466,0.05524807748922977,0.2656879386171551
v9,feat_gbm,0.25,43,467,-0.8304826788764803,-1.0764680911985907
v9,feat_gbm,0.25,43,468,2.036762780210729,2.2503813782282114
v9,feat_gbm,0.25,43,469,0.07027787868805818,-0.029700274932011248
v9,feat_gbm,0.25,43,470,-2.6263000554080693,-2.1918010579584375
v9,feat_gbm,0.25,43,471,-0.41588760676626335,-0.12537364897776127
v9,feat_gbm,0.25,43,472,-1.4562976815568205,-1.3714574409892777
v9,feat_gbm,0.25,43,473,-1.9810610462246545,-1.0216450817816245
v9,feat_gbm,0.25,43,474,-0.698812772677802,-0.8313233833759152
v9,feat_gbm,0.25,43,475,-3.0849225283636015,-3.25243582884057
v9,feat_gbm,0.25,43,476,0.7480331491308582,0.8737365575305754
v9,feat_gbm,0.25,43,477,-2.0723636496654168,-1.8373017486027088
v9,feat_gbm,0.25,43,478,-1.7057539490220337,-1.909749317133085
v9,feat_gbm,0.25,43,479,0.5290450195204217,0.418341725137149
v9,feat_gbm,0.25,43,480,-2.9597209946747647,-2.8689304810445995
v9,feat_gbm,0.25,43,481,-4.662896554704322,-3.9192950012633494
v9,feat_gbm,0.25,43,482,0.789098087478161,0.8191907452202399
v9,feat_gbm,0.25,43,483,-2.9389917240057097,-2.7371748494528005
v9,feat_gbm,0.25,43,484,-0.20187813438024224,0.043868991079412875
v9,feat_gbm,0.25,43,485,-3.259963024828838,-3.9571024828402512
v9,feat_gbm,0.25,43,486,-0.9066231921514946,-0.8286091055291892
v9,feat_gbm,0.25,43,487,1.509440086517421,1.1086460137612473
v9,feat_gbm,0.25,43,488,-0.9993663481003687,-1.0899995989348372
v9,feat_gbm,0.25,43,489,-2.8139147093601564,-2.9260181182274523
v9,feat_gbm,0.25,43,490,-0.052763120480095724,0.01778898425240747
v9,feat_gbm,0.25,43,491,-0.6445169007031847,-0.388546054063584
v9,feat_gbm,0.25,43,492,-0.5281397719950365,-0.8483910406321095
v9,feat_gbm,0.25,43,493,-2.8516084995705633,-2.4855190663855797
v9,feat_gbm,0.25,43,494,-0.28374807850233813,-0.6027729178489412
v9,feat_gbm,0.25,43,495,-1.3089360736522426,-1.5285925057254015
v9,feat_gbm,0.25,43,496,0.9368808442220865,1.0092174422839322
v9,feat_gbm,0.25,43,497,-2.371460104611814,-2.421052301727873
v9,feat_gbm,0.25,43,498,-3.1704539751410348,-3.2283141264699093
v9,feat_gbm,0.25,43,499,-4.40947318744149,-4.907212199848568
v9,feat_gbm,0.25,44,0,-0.3408697615711896,0.03894909458183669
v9,feat_gbm,0.25,44,1,-2.476625715829497,-2.5052564746229193
v9,feat_gbm,0.25,44,2,0.6203445476537905,0.6287827851917782
v9,feat_gbm,0.25,44,3,-2.8062175016883852,-3.3447289283878643
v9,feat_gbm,0.25,44,4,0.9051220669692099,0.9694015026406426
v9,feat_gbm,0.25,44,5,-2.2622896585450722,-2.4693709778233526
v9,feat_gbm,0.25,44,6,-0.22282825312824053,-0.2819211013310965
v9,feat_gbm,0.25,44,7,0.7408074427336893,0.5289578846490461
v9,feat_gbm,0.25,44,8,0.1774493579818074,0.032863622186365654
v9,feat_gbm,0.25,44,9,0.9379285445692866,0.9352707853930591
v9,feat_gbm,0.25,44,10,-1.7149213778149606,-1.5987558134683666
v9,feat_gbm,0.25,44,11,-3.3505036338094785,-3.2678706438993954
v9,feat_gbm,0.25,44,12,-2.4920617713529056,-2.445380546146449
v9,feat_gbm,0.25,44,13,-0.2567812996276243,-0.4471217519653716
v9,feat_gbm,0.25,44,14,-1.9509078064361336,-1.8343062920535937
v9,feat_gbm,0.25,44,15,-2.350907163085884,-2.278287047942225
v9,feat_gbm,0.25,44,16,-1.3406747818938425,-1.113015507562239
v9,feat_gbm,0.25,44,17,-0.9498547688739748,-1.149386040828735
v9,feat_gbm,0.25,44,18,-0.329750068272172,-0.4541092694382234
v9,feat_gbm,0.25,44,19,-3.1656660153630076,-2.8798658660471284
v9,feat_gbm,0.25,44,20,-3.286721732814849,-3.281006200299989
v9,feat_gbm,0.25,44,21,-0.4575853741469015,-0.7889402030111288
v9,feat_gbm,0.25,44,22,-0.7122166439731499,-0.48114593055133975
v9,feat_gbm,0.25,44,23,-2.6850568240572916,-2.8038114998165153
v9,feat_gbm,0.25,44,24,-2.9156023246398672,-2.6726430450531393
v9,feat_gbm,0.25,44,25,-3.2339715837756913,-3.141178249464176
v9,feat_gbm,0.25,44,26,-3.8589343022342275,-3.8612362310489847
v9,feat_gbm,0.25,44,27,-3.0930818480301476,-3.085821277369337
v9,feat_gbm,0.25,44,28,-2.527305650490282,-2.1153791712035637
v9,feat_gbm,0.25,44,29,-0.4510182398520831,-0.5854112868629942
v9,feat_gbm,0.25,44,30,0.3712102500452644,0.13849791927417068
v9,feat_gbm,0.25,44,31,-2.5591010968382957,-2.779654184179668
v9,feat_gbm,0.25,44,32,1.250888888783884,0.9166392391011026
v9,feat_gbm,0.25,44,33,-1.7912647247301465,-2.134444297962007
v9,feat_gbm,0.25,44,34,1.1283802609023286,1.1224191581864646
v9,feat_gbm,0.25,44,35,-3.0483045289236625,-2.7514680837461087
v9,feat_gbm,0.25,44,36,0.150307675541608,0.7493710802437775
v9,feat_gbm,0.25,44,37,-2.297238781738207,-2.157600461660938
v9,feat_gbm,0.25,44,38,-1.486853377681613,-1.7436371170468024
v9,feat_gbm,0.25,44,39,1.0203898901735264,0.632388610685479
v9,feat_gbm,0.25,44,40,-1.4522874910069334,-1.5024753827969588
v9,feat_gbm,0.25,44,41,-3.285105415971532,-2.936018587066778
v9,feat_gbm,0.25,44,42,-0.02839406290035515,-0.06406961406287034
v9,feat_gbm,0.25,44,43,-0.44408085234764383,-0.43711075337934485
v9,feat_gbm,0.25,44,44,0.6455996544642286,0.521724778538647
v9,feat_gbm,0.25,44,45,0.6598467528372809,-0.02881562555915001
v9,feat_gbm,0.25,44,46,-3.104043614485241,-2.6856700943784895
v9,feat_gbm,0.25,44,47,-3.950275879930583,-3.3419513202228783
v9,feat_gbm,0.25,44,48,-0.2243665293902561,-0.35240032436669677
v9,feat_gbm,0.25,44,49,-4.16355486645244,-4.466027560457086
v9,feat_gbm,0.25,44,50,-0.8695019388847322,-1.2227887404747313
v9,feat_gbm,0.25,44,51,-3.9358488371437983,-4.168130875201601
v9,feat_gbm,0.25,44,52,-2.472104110591044,-2.1825653069440887
v9,feat_gbm,0.25,44,53,-3.021731937410654,-2.816977102698189
v9,feat_gbm,0.25,44,54,-0.8211319663689675,-0.9520374156321785
v9,feat_gbm,0.25,44,55,0.5254436433145196,0.800460094219776
v9,feat_gbm,0.25,44,56,0.1770344458467289,0.2782562560211116
v9,feat_gbm,0.25,44,57,-0.19795385241800006,-0.7855200046266205
v9,feat_gbm,0.25,44,58,-2.9714766716410974,-2.837973637743256
v9,feat_gbm,0.25,44,59,0.27238434307441595,0.3653424354755994
v9,feat_gbm,0.25,44,60,-3.0752995065782067,-3.145987746693799
v9,feat_gbm,0.25,44,61,-2.32695210945421,-2.1381844357326614
v9,feat_gbm,0.25,44,62,0.44805360947524264,0.3908315550690521
v9,feat_gbm,0.25,44,63,-3.4490030325980454,-3.259739876316779
v9,feat_gbm,0.25,44,64,-3.8806298397503918,-3.799325775609258
v9,feat_gbm,0.25,44,65,-0.08945552766038692,0.2842997557356093
v9,feat_gbm,0.25,44,66,0.7207363591603897,0.9099380077885143
v9,feat_gbm,0.25,44,67,0.4752733900294156,0.5741223235018287
v9,feat_gbm,0.25,44,68,1.1301155921679966,1.3807263582335993
v9,feat_gbm,0.25,44,69,0.9763079458389468,2.7357387204405055
v9,feat_gbm,0.25,44,70,-0.3560985177953777,-0.3782017485149665
v9,feat_gbm,0.25,44,71,-0.40271085013979613,-0.6946521973220513
v9,feat_gbm,0.25,44,72,-3.626330107617552,-3.510295151868067
v9,feat_gbm,0.25,44,73,-0.20078262963545115,-0.3643686170400702
v9,feat_gbm,0.25,44,74,1.3150941647292085,1.1835884152793859
v9,feat_gbm,0.25,44,75,-0.16628342905437007,-0.38644824542838596
v9,feat_gbm,0.25,44,76,0.5346691095441994,0.7005004452467647
v9,feat_gbm,0.25,44,77,0.3405287103142143,0.3770911051312199
v9,feat_gbm,0.25,44,78,-0.5927672359321683,-0.5374783823521183
v9,feat_gbm,0.25,44,79,-2.8053828641076,-3.2499450611549854
v9,feat_gbm,0.25,44,80,-1.8070365512603503,-1.719925172279684
v9,feat_gbm,0.25,44,81,0.7759100163092255,1.8185710395242058
v9,feat_gbm,0.25,44,82,-1.1920282779597646,-1.0758778979961314
v9,feat_gbm,0.25,44,83,-0.5003082971778755,-0.8033140510569362
v9,feat_gbm,0.25,44,84,-2.1785421113601617,-2.0837035815006346
v9,feat_gbm,0.25,44,85,-0.8294566282380312,-1.2430797823904942
v9,feat_gbm,0.25,44,86,0.8946065673260013,0.639317965424242
v9,feat_gbm,0.25,44,87,0.034083292743562935,-0.02321591952008587
v9,feat_gbm,0.25,44,88,-3.325409794304877,-3.512086916650174
v9,feat_gbm,0.25,44,89,-1.6810572096571617,-1.684363733317816
v9,feat_gbm,0.25,44,90,-3.883101886507717,-3.5341996208099964
v9,feat_gbm,0.25,44,91,0.9018713992018685,1.1574629997660548
v9,feat_gbm,0.25,44,92,-0.8533927666419088,-0.7651863719989663
v9,feat_gbm,0.25,44,93,-4.295481041302578,-5.7708125015304885
v9,feat_gbm,0.25,44,94,0.12119764787222075,0.07374698385127064
v9,feat_gbm,0.25,44,95,1.0256868233280463,1.201566413592891
v9,feat_gbm,0.25,44,96,1.3455279317282005,1.2655480006709303
v9,feat_gbm,0.25,44,97,-3.6235708263467044,-3.2217777708537843
v9,feat_gbm,0.25,44,98,-1.8546350260220323,-1.2120387208328698
v9,feat_gbm,0.25,44,99,-0.29044234264640667,-0.04015373686183237
v9,feat_gbm,0.25,44,100,-2.737568825647126,-2.8384481914339785
v9,feat_gbm,0.25,44,101,-3.519890996626037,-3.541068619782685
v9,feat_gbm,0.25,44,102,-4.337717025964258,-4.424727465058162
v9,feat_gbm,0.25,44,103,-0.506812067752495,-0.7652009130347144
v9,feat_gbm,0.25,44,104,-0.6392257137753521,-0.406664655497914
v9,feat_gbm,0.25,44,105,-2.834234146002753,-2.8019031633754246
v9,feat_gbm,0.25,44,106,-1.2170538647965239,-1.1978192780958505
v9,feat_gbm,0.25,44,107,-1.000950502948006,-1.2497822804421463
v9,feat_gbm,0.25,44,108,-0.26779799394327564,-0.2003702404752673
v9,feat_gbm,0.25,44,109,-0.1619696877186147,-0.28745536208379296
v9,feat_gbm,0.25,44,110,0.5076776826229579,0.2838469771831524
v9,feat_gbm,0.25,44,111,0.5109759352053879,0.6579850926301614
v9,feat_gbm,0.25,44,112,0.12409256073315421,-0.4279263804064609
v9,feat_gbm,0.25,44,113,0.6904693395731647,0.527327823801956
v9,feat_gbm,0.25,44,114,-3.9428220923500525,-3.652947895428966
v9,feat_gbm,0.25,44,115,-0.7676507216260646,-0.04287987221360797
v9,feat_gbm,0.25,44,116,-3.772938039836828,-3.4409421360670214
v9,feat_gbm,0.25,44,117,-2.589304572009533,-2.4284095097884006
v9,feat_gbm,0.25,44,118,-1.7253087170066732,-1.419217075367618
v9,feat_gbm,0.25,44,119,-1.7470705235993083,-1.4944271796191557
v9,feat_gbm,0.25,44,120,-3.1018808131572455,-2.797137626437216
v9,feat_gbm,0.25,44,121,1.6667686523567016,3.1321125804877905
v9,feat_gbm,0.25,44,122,-2.50615301656998,-3.164895556438051
v9,feat_gbm,0.25,44,123,0.009636189039113606,-0.021234684620174846
v9,feat_gbm,0.25,44,124,-1.416730102271783,-1.246001114532972
v9,feat_gbm,0.25,44,125,-2.8223294589525345,-2.7130193085566443
v9,feat_gbm,0.25,44,126,-1.9084356034628294,-2.0560780011130944
v9,feat_gbm,0.25,44,127,-1.6729519785840452,-1.631222331554067
v9,feat_gbm,0.25,44,128,-2.8131856637175323,-3.477307725783656
v9,feat_gbm,0.25,44,129,1.4323292384060493,1.7007542891568868
v9,feat_gbm,0.25,44,130,-3.7643716999797707,-3.4021624962570822
v9,feat_gbm,0.25,44,131,-3.6242398113089025,-3.701149444421242
v9,feat_gbm,0.25,44,132,0.04692792623051097,-0.4116741376471012
v9,feat_gbm,0.25,44,133,-0.4987994495711102,-0.5680375850475197
v9,feat_gbm,0.25,44,134,-1.2777150510130757,-1.4788189923590598
v9,feat_gbm,0.25,44,135,-2.584842145145152,-2.9896549957503007
v9,feat_gbm,0.25,44,136,0.5243339792504522,0.11194117436713467
v9,feat_gbm,0.25,44,137,1.1610440066119787,1.7147062893715772
v9,feat_gbm,0.25,44,138,-2.1287071737420478,-1.9709125209383296
v9,feat_gbm,0.25,44,139,-0.06020248460523453,0.19937477723826902
v9,feat_gbm,0.25,44,140,-2.879295288943758,-2.8223726616431475
v9,feat_gbm,0.25,44,141,-0.05154170468719233,-0.12380828599000025
v9,feat_gbm,0.25,44,142,-3.3261664217668674,-2.97521232911642
v9,feat_gbm,0.25,44,143,-1.8346401058943451,-1.9484557479617686
v9,feat_gbm,0.25,44,144,1.1698483037526362,1.244093655886106
v9,feat_gbm,0.25,44,145,-2.339890927206035,-2.0280859266176816
v9,feat_gbm,0.25,44,146,-2.0535959017210366,-2.0754073031653366
v9,feat_gbm,0.25,44,147,-0.10339874913940669,-0.11331641159387335
v9,feat_gbm,0.25,44,148,-2.29584383908105,-2.620298039600635
v9,feat_gbm,0.25,44,149,-2.9395759757425424,-3.8395532227602396
v9,feat_gbm,0.25,44,150,-1.9021192095611712,-2.149698272240366
v9,feat_gbm,0.25,44,151,-3.307335041360913,-3.1594376779318036
v9,feat_gbm,0.25,44,152,-2.513807996211625,-2.7712141114581046
v9,feat_gbm,0.25,44,153,-1.0159825223775765,-1.1483368403810985
v9,feat_gbm,0.25,44,154,-1.4228182094287236,-1.4700676700115773
v9,feat_gbm,0.25,44,155,1.4710464727207053,1.4088416749712322
v9,feat_gbm,0.25,44,156,0.6543484683606052,0.7564704220494097
v9,feat_gbm,0.25,44,157,-2.0641469247634716,-1.7148995557963913
v9,feat_gbm,0.25,44,158,-2.5265096751384424,-2.8595355115547196
v9,feat_gbm,0.25,44,159,-1.2027288299060372,-0.9922400520728849
v9,feat_gbm,0.25,44,160,1.2420108202500808,1.8585227307534937
v9,feat_gbm,0.25,44,161,-2.283600546593472,-2.477654537850602
v9,feat_gbm,0.25,44,162,-3.0512212746915366,-2.993764039868935
v9,feat_gbm,0.25,44,163,-1.262211985144911,-1.1722671160336509
v9,feat_gbm,0.25,44,164,-1.836609113554956,-1.6577576086204497
v9,feat_gbm,0.25,44,165,-2.8857318569275585,-2.9770186999323642
v9,feat_gbm,0.25,44,166,-3.520791963194461,-3.2329952824425443
v9,feat_gbm,0.25,44,167,0.2263973239970513,0.19550508612775644
v9,feat_gbm,0.25,44,168,-0.9653380653494837,-1.2639642813248737
v9,feat_gbm,0.25,44,169,1.0174312292734253,1.4224064134580066
v9,feat_gbm,0.25,44,170,-1.7879904210916848,-1.5303724784706008
v9,feat_gbm,0.25,44,171,0.710272775226959,0.6086346650572224
v9,feat_gbm,0.25,44,172,0.08774604127538069,-0.052232489626048526
v9,feat_gbm,0.25,44,173,-0.20331074615755151,-0.19074605880313256
v9,feat_gbm,0.25,44,174,-2.5665627182729165,-2.7678232596734214
v9,feat_gbm,0.25,44,175,-2.052982052369711,-1.6557092188829319
v9,feat_gbm,0.25,44,176,0.11417976283219829,0.12081831439914445
v9,feat_gbm,0.25,44,177,1.208321042045738,3.7031714993021168
v9,feat_gbm,0.25,44,178,-0.3700056659849966,-0.17761292562564054
v9,feat_gbm,0.25,44,179,0.2185245684728858,0.2295122735959306
v9,feat_gbm,0.25,44,180,-1.5302008811044208,-1.6401012725318311
v9,feat_gbm,0.25,44,181,-2.4311933775275483,-3.399461101549646
v9,feat_gbm,0.25,44,182,0.5236496175026939,0.5421608664871393
v9,feat_gbm,0.25,44,183,-3.8235979410751737,-3.7858185839721776
v9,feat_gbm,0.25,44,184,0.6117063188991363,0.4440956773301304
v9,feat_gbm,0.25,44,185,0.6031266618543617,0.5450962365111649
v9,feat_gbm,0.25,44,186,-3.443176498090069,-3.094441269353033
v9,feat_gbm,0.25,44,187,1.2675137427108754,1.436275522654785
v9,feat_gbm,0.25,44,188,0.12273757752746642,-0.003208414280501246
v9,feat_gbm,0.25,44,189,-1.7744819662208955,-2.0766448721687736
v9,feat_gbm,0.25,44,190,-3.3144801920902562,-2.887011097372245
v9,feat_gbm,0.25,44,191,-0.001419086468560489,-0.19564387773269687
v9,feat_gbm,0.25,44,192,-3.693715490437588,-3.39219136175158
v9,feat_gbm,0.25,44,193,-4.605878538197175,-4.804455114758695
v9,feat_gbm,0.25,44,194,-0.06734900266054232,-0.23230879418151415
v9,feat_gbm,0.25,44,195,0.6308989384416842,0.7768952289284052
v9,feat_gbm,0.25,44,196,-3.5587392944074727,-3.0758975731441707
v9,feat_gbm,0.25,44,197,1.9621201915623974,1.8852948766094535
v9,feat_gbm,0.25,44,198,-0.16330087540597363,-0.07474663349946693
v9,feat_gbm,0.25,44,199,1.3428703330358311,0.9295509098669842
v9,feat_gbm,0.25,44,200,0.2902725542991861,0.40408761039079466
v9,feat_gbm,0.25,44,201,-1.3220296768946909,-1.0185563947000995
v9,feat_gbm,0.25,44,202,-1.5325231805391268,-1.5812541435625456
v9,feat_gbm,0.25,44,203,-2.396757195817497,-2.9269603411540346
v9,feat_gbm,0.25,44,204,-0.4694409762729973,-0.9368237022381455
v9,feat_gbm,0.25,44,205,-0.5719873775893286,-0.771906247259438
v9,feat_gbm,0.25,44,206,-2.045281129502829,-1.4457766532498904
v9,feat_gbm,0.25,44,207,-2.4507967106943807,-2.4752738768021185
v9,feat_gbm,0.25,44,208,-2.9765511882258493,-2.8789590131308262
v9,feat_gbm,0.25,44,209,-2.8289041597146576,-2.6986856152036793
v9,feat_gbm,0.25,44,210,0.15909750570732606,0.05837096406180189
v9,feat_gbm,0.25,44,211,-2.883007052847448,-2.2327070274631113
v9,feat_gbm,0.25,44,212,0.19872901934680812,0.15758807445032513
v9,feat_gbm,0.25,44,213,0.7184022336047223,0.5234750924970406
v9,feat_gbm,0.25,44,214,0.7929132862409078,0.8312555987922697
v9,feat_gbm,0.25,44,215,-0.5481782990136549,-0.7699972654610447
v9,feat_gbm,0.25,44,216,-2.533103867637051,-2.4368834827463726
v9,feat_gbm,0.25,44,217,-3.69213840779115,-3.7421886443248944
v9,feat_gbm,0.25,44,218,-4.628228303319232,-4.3753265313120195
v9,feat_gbm,0.25,44,219,0.22505714092219126,0.13181597567614448
v9,feat_gbm,0.25,44,220,-2.5527321328062342,-2.150299196146146
v9,feat_gbm,0.25,44,221,0.47071333582969066,0.4316281043505307
v9,feat_gbm,0.25,44,222,0.5093119742086628,0.20581216265343685
v9,feat_gbm,0.25,44,223,-2.072052287040565,-1.7226779576420432
v9,feat_gbm,0.25,44,224,1.0173360035546708,1.0701061526100661
v9,feat_gbm,0.25,44,225,-2.8304463987714956,-2.995983076644188
v9,feat_gbm,0.25,44,226,-0.1714896241828722,-0.39103048890459524
v9,feat_gbm,0.25,44,227,-2.528883158071292,-2.811377433191803
v9,feat_gbm,0.25,44,228,0.09293354974339926,0.1103569248772952
v9,feat_gbm,0.25,44,229,0.8488871245504399,1.0926797996732165
v9,feat_gbm,0.25,44,230,-1.0817091308670066,-1.1465469989616057
v9,feat_gbm,0.25,44,231,-3.8217943816003537,-3.7045714701961474
v9,feat_gbm,0.25,44,232,-0.15461133854016093,-0.3205795311611984
v9,feat_gbm,0.25,44,233,-0.4889811047424044,-0.7282288274356463
v9,feat_gbm,0.25,44,234,-0.7311622672925759,-0.6143938277881194
v9,feat_gbm,0.25,44,235,-3.2798989279470043,-3.717493513170671
v9,feat_gbm,0.25,44,236,-2.0693550582020053,-1.894186438607053
v9,feat_gbm,0.25,44,237,-0.04715357578087536,0.19101892391720615
v9,feat_gbm,0.25,44,238,-2.7871052702998855,-2.723653519266766
v9,feat_gbm,0.25,44,239,0.15427213954265787,0.28172679866345784
v9,feat_gbm,0.25,44,240,-0.7663451814479955,-0.570916259780521
v9,feat_gbm,0.25,44,241,-2.420239740331353,-3.037607674189957
v9,feat_gbm,0.25,44,242,-2.517910936746071,-2.4824067099880884
v9,feat_gbm,0.25,44,243,1.2374343088712332,1.793244191067856
v9,feat_gbm,0.25,44,244,-1.8907744775233515,-2.170563194223024
v9,feat_gbm,0.25,44,245,-2.6654649892940587,-2.5580286375581696
v9,feat_gbm,0.25,44,246,-3.1711469417636935,-3.9013363177662743
v9,feat_gbm,0.25,44,247,-0.9929128733311052,-1.2689211715035387
v9,feat_gbm,0.25,44,248,-2.9844001315059385,-2.89795980370705
v9,feat_gbm,0.25,44,249,-0.8905896571386701,-1.149470325468549
v9,feat_gbm,0.25,44,250,-2.40157836699434,-2.1803876537888693
v9,feat_gbm,0.25,44,251,-0.9964177593522541,-1.2010659028736028
v9,feat_gbm,0.25,44,252,-2.737256252904832,-2.675840590612525
v9,feat_gbm,0.25,44,253,-0.8277531891394929,-0.865421424414132
v9,feat_gbm,0.25,44,254,-0.43045007191334894,-0.45089388998719687
v9,feat_gbm,0.25,44,255,-1.6469825679857681,-1.477655138121315
v9,feat_gbm,0.25,44,256,-1.9208307465785186,-1.9234128661936198
v9,feat_gbm,0.25,44,257,-0.8270686637068564,-0.8895479413744646
v9,feat_gbm,0.25,44,258,-1.4338677849122365,-1.284701881398344
v9,feat_gbm,0.25,44,259,0.045788838504363445,0.03791276039075724
v9,feat_gbm,0.25,44,260,-1.2734640687136314,-1.213907680807544
v9,feat_gbm,0.25,44,261,-0.6044906719668695,-0.6937064881158975
v9,feat_gbm,0.25,44,262,-2.036395251261083,-2.500344974429108
v9,feat_gbm,0.25,44,263,-3.1104705669116752,-3.0782877743164985
v9,feat_gbm,0.25,44,264,-2.974145732753646,-3.2702790535172426
v9,feat_gbm,0.25,44,265,-0.3228033363432937,-0.15746453031192983
v9,feat_gbm,0.25,44,266,-1.5871052184874745,-1.3930653126164372
v9,feat_gbm,0.25,44,267,-4.445400017888503,-3.460520174484755
v9,feat_gbm,0.25,44,268,-1.9509037836069572,-1.8115923421665279
v9,feat_gbm,0.25,44,269,-0.1280771053915533,-0.04785951915829837
v9,feat_gbm,0.25,44,270,-1.2533564195887932,-1.3387838926701625
v9,feat_gbm,0.25,44,271,0.71811618568842,0.6172482925771328
v9,feat_gbm,0.25,44,272,0.09497070091038304,0.10718580269537517
v9,feat_gbm,0.25,44,273,-2.8410105045716194,-2.4250613993713395
v9,feat_gbm,0.25,44,274,-0.3083916665933305,-0.4656136934058211
v9,feat_gbm,0.25,44,275,-1.704626901637271,-1.7679071058666047
v9,feat_gbm,0.25,44,276,-0.1009733140128006,-0.15192249005847586
v9,feat_gbm,0.25,44,277,-0.21618315432284824,-0.22686658439221394
v9,feat_gbm,0.25,44,278,-0.07704444922311174,-0.3963273628232521
v9,feat_gbm,0.25,44,279,-2.41396128391747,-2.1916982233579314
v9,feat_gbm,0.25,44,280,0.5491429291695298,0.5138857123822332
v9,feat_gbm,0.25,44,281,-1.3616150655399721,0.13501120436460418
v9,feat_gbm,0.25,44,282,-0.22140179178388922,-0.35232291748203215
v9,feat_gbm,0.25,44,283,0.40895188838965524,0.33710059568630363
v9,feat_gbm,0.25,44,284,2.5374778931835564,2.2269494594330284
v9,feat_gbm,0.25,44,285,-0.570237593278277,-0.8523290277873723
v9,feat_gbm,0.25,44,286,0.4520432929356373,0.5032694866056324
v9,feat_gbm,0.25,44,287,-3.453086530940459,-3.0734310124071125
v9,feat_gbm,0.25,44,288,-3.363400666242765,-3.0969464995649485
v9,feat_gbm,0.25,44,289,0.8615651930645064,0.8088909840914691
v9,feat_gbm,0.25,44,290,-1.3630123289160154,-1.710735902712342
v9,feat_gbm,0.25,44,291,-0.150493274298255,-0.24588513525180683
v9,feat_gbm,0.25,44,292,-3.193090083929803,-2.9910915714149957
v9,feat_gbm,0.25,44,293,0.1370914401217564,0.24397961438558982
v9,feat_gbm,0.25,44,294,1.1006081463822266,0.9827222917401395
v9,feat_gbm,0.25,44,295,1.1736797027017616,1.5399914318848642
v9,feat_gbm,0.25,44,296,-2.8821850549608965,-3.028104854063688
v9,feat_gbm,0.25,44,297,-1.7894125010559179,-1.9675880903276046
v9,feat_gbm,0.25,44,298,0.5136661263259881,0.3882116190950413
v9,feat_gbm,0.25,44,299,-0.4431505077057296,-0.4169590587595381
v9,feat_gbm,0.25,44,300,-0.530866349427722,-0.47104701624968015
v9,feat_gbm,0.25,44,301,-0.5200905913445686,-0.5788171023402015
v9,feat_gbm,0.25,44,302,-3.6359621410951113,-3.325334912618423
v9,feat_gbm,0.25,44,303,-0.035730718704914406,0.27214776974989446
v9,feat_gbm,0.25,44,304,0.4196697215606586,0.2838761456734127
v9,feat_gbm,0.25,44,305,0.8364377839313863,0.98356576927226
v9,feat_gbm,0.25,44,306,-2.054384896286981,-2.324804251846344
v9,feat_gbm,0.25,44,307,-0.24012165965835244,-0.30060412365222405
v9,feat_gbm,0.25,44,308,-3.902342756396609,-3.5706943269006843
v9,feat_gbm,0.25,44,309,0.7533668668434073,0.7657986236992217
v9,feat_gbm,0.25,44,310,-0.19343184298732582,-0.3760212383278314
v9,feat_gbm,0.25,44,311,0.8798396011272354,0.903367601886353
v9,feat_gbm,0.25,44,312,0.7700914067534028,0.2834145554969618
v9,feat_gbm,0.25,44,313,-0.6043904608566046,-0.8750381269167363
v9,feat_gbm,0.25,44,314,-1.7165424891816268,-0.8911054934067958
v9,feat_gbm,0.25,44,315,0.444107063298952,0.2699623908229132
v9,feat_gbm,0.25,44,316,-3.695644632152903,-4.034449774534175
v9,feat_gbm,0.25,44,317,0.5468278140840427,0.7302045063515665
v9,feat_gbm,0.25,44,318,-2.247129987807883,-2.5264159394565007
v9,feat_gbm,0.25,44,319,-3.277609754259652,-3.1280680478747835
v9,feat_gbm,0.25,44,320,-0.5343343160900376,-0.623194388118803
v9,feat_gbm,0.25,44,321,-4.158200598105066,-4.172922463867305
v9,feat_gbm,0.25,44,322,1.0231616935463228,1.0714029341973417
v9,feat_gbm,0.25,44,323,-2.6350413970781723,-2.5538050374755565
v9,feat_gbm,0.25,44,324,-1.4587011689311664,-1.5310020975326282
v9,feat_gbm,0.25,44,325,-0.6680726503484374,-0.735749980772127
v9,feat_gbm,0.25,44,326,-0.5101780879733989,-0.5010306012352705
v9,feat_gbm,0.25,44,327,-4.467095521680614,-4.393123087746285
v9,feat_gbm,0.25,44,328,0.8185631206867351,0.6439364857563509
v9,feat_gbm,0.25,44,329,-3.1330547230598067,-2.60760252445046
v9,feat_gbm,0.25,44,330,0.5490965339386822,0.46983427811083467
v9,feat_gbm,0.25,44,331,-0.9977874370500042,-1.149354435920189
v9,feat_gbm,0.25,44,332,-1.7149649689733102,-1.0961264399974935
v9,feat_gbm,0.25,44,333,1.140741006306175,1.4253561556633074
v9,feat_gbm,0.25,44,334,1.0644087199871475,1.0406546288822482
v9,feat_gbm,0.25,44,335,-0.281995599665292,-0.1286217558512718
v9,feat_gbm,0.25,44,336,-1.5888162294890438,-1.7275974260064488
v9,feat_gbm,0.25,44,337,-3.8959484575533865,-4.535227665039715
v9,feat_gbm,0.25,44,338,-0.7202260626439416,-1.078833843619319
v9,feat_gbm,0.25,44,339,-1.8653652731137262,-2.035297396751524
v9,feat_gbm,0.25,44,340,0.12513257677556489,0.4788286932125707
v9,feat_gbm,0.25,44,341,-0.24100200774528133,-0.4595082096564039
v9,feat_gbm,0.25,44,342,-3.850127451020329,-3.653430804591794
v9,feat_gbm,0.25,44,343,0.47748238479323757,0.2834522663037432
v9,feat_gbm,0.25,44,344,0.10372510865617575,-0.15984972455285287
v9,feat_gbm,0.25,44,345,-2.535713345412768,-3.8822970119574354
v9,feat_gbm,0.25,44,346,-2.782131866311904,-2.5801989990218064
v9,feat_gbm,0.25,44,347,-3.666424855464733,-3.2622630695286134
v9,feat_gbm,0.25,44,348,-0.38547426767165793,-0.4894561152880944
v9,feat_gbm,0.25,44,349,-3.5797057457328516,-3.0223552414624764
v9,feat_gbm,0.25,44,350,0.6653475258956751,0.4215072765335228
v9,feat_gbm,0.25,44,351,-2.4170792012959614,-1.8152752103400673
v9,feat_gbm,0.25,44,352,0.8679554957374498,1.102263670511441
v9,feat_gbm,0.25,44,353,1.206618090219671,1.4454852001466738
v9,feat_gbm,0.25,44,354,-3.6924730313363696,-3.6770060333191017
v9,feat_gbm,0.25,44,355,-4.0304614823838545,-5.078652858832153
v9,feat_gbm,0.25,44,356,0.4737202992156764,0.7815322159665122
v9,feat_gbm,0.25,44,357,0.7076526068728197,0.6775133790495483
v9,feat_gbm,0.25,44,358,-3.6167960990670682,-3.5163570325540956
v9,feat_gbm,0.25,44,359,-2.8974683486507695,-4.157760523739404
v9,feat_gbm,0.25,44,360,-0.004722520984724012,-0.18386357284099003
v9,feat_gbm,0.25,44,361,-4.458792673463359,-4.477383009144865
v9,feat_gbm,0.25,44,362,0.2085590942582564,0.2909126951240761
v9,feat_gbm,0.25,44,363,-3.192784418326561,-3.5121531596302606
v9,feat_gbm,0.25,44,364,0.35295377834727104,-0.0019354464452207268
v9,feat_gbm,0.25,44,365,-3.3741144113047623,-3.264666087597375
v9,feat_gbm,0.25,44,366,-1.4717909090140733,-1.4961090632143375
v9,feat_gbm,0.25,44,367,-0.03746216670541898,-0.10305907560987346
v9,feat_gbm,0.25,44,368,0.32440332701991803,0.24601275195113992
v9,feat_gbm,0.25,44,369,-1.961519728274826,-1.6400355118163064
v9,feat_gbm,0.25,44,370,-1.0935991019600797,-1.5399226532969161
v9,feat_gbm,0.25,44,371,-0.28763507002125854,-0.3336387161155974
v9,feat_gbm,0.25,44,372,0.34341797523791173,0.3185760540422761
v9,feat_gbm,0.25,44,373,-0.2832426271767593,-0.30756424411789
v9,feat_gbm,0.25,44,374,-4.064239237979526,-3.551435429619069
v9,feat_gbm,0.25,44,375,0.18917160182375212,-0.12846918127015178
v9,feat_gbm,0.25,44,376,0.6614388959633597,0.43413099611324796
v9,feat_gbm,0.25,44,377,0.8436401847924739,0.8095384731463161
v9,feat_gbm,0.25,44,378,0.3203892960540903,0.20303525329731625
v9,feat_gbm,0.25,44,379,0.6706577932285802,0.524784145223057
v9,feat_gbm,0.25,44,380,0.5820629322024498,0.8722609808312535
v9,feat_gbm,0.25,44,381,0.8025573155800749,1.0190202163897197
v9,feat_gbm,0.25,44,382,0.8793248408863813,1.2715191268303472
v9,feat_gbm,0.25,44,383,0.09934022906303523,-0.13923746667536385
v9,feat_gbm,0.25,44,384,-1.501972403682197,-1.7983983483294153
v9,feat_gbm,0.25,44,385,0.38666282701313637,0.5606037150840157
v9,feat_gbm,0.25,44,386,0.6676729917766536,0.6003456151224621
v9,feat_gbm,0.25,44,387,1.1114624958417214,1.3071718981356573
v9,feat_gbm,0.25,44,388,-0.2618875226148808,-0.19457283568776126
v9,feat_gbm,0.25,44,389,-1.0616855462531147,-0.981880356960367
v9,feat_gbm,0.25,44,390,-3.089874975179684,-2.628024059072158
v9,feat_gbm,0.25,44,391,-2.480066993901423,-2.479262758098376
v9,feat_gbm,0.25,44,392,-2.178460169311696,-2.207941629114672
v9,feat_gbm,0.25,44,393,-3.1074155089011994,-2.806586620215901
v9,feat_gbm,0.25,44,394,-0.12556008651256917,-0.16842623590390868
v9,feat_gbm,0.25,44,395,0.5504163283998638,0.3596423409999632
v9,feat_gbm,0.25,44,396,-2.688727301911385,-3.117667066362407
v9,feat_gbm,0.25,44,397,0.8562872763250262,0.6134086288650079
v9,feat_gbm,0.25,44,398,0.41078105171272905,0.5049020087080688
v9,feat_gbm,0.25,44,399,-1.0982462989813861,-1.0548605918119196
v9,feat_gbm,0.25,44,400,-2.9084894549592364,-2.877676775828332
v9,feat_gbm,0.25,44,401,-0.13175690645096916,0.015654415635624343
v9,feat_gbm,0.25,44,402,-0.5577967266076452,-0.7027824676465185
v9,feat_gbm,0.25,44,403,0.3333482030658407,0.6733427913489138
v9,feat_gbm,0.25,44,404,0.10003936173053006,0.03259550049258387
v9,feat_gbm,0.25,44,405,-3.5807134139224326,-3.4179416205706223
v9,feat_gbm,0.25,44,406,-1.5517693985761236,-1.6563158072976616
v9,feat_gbm,0.25,44,407,0.5016420593697932,0.3281041495218151
v9,feat_gbm,0.25,44,408,-1.4022181788024222,-1.498502430121411
v9,feat_gbm,0.25,44,409,-1.1897589212981945,-1.5390850133499359
v9,feat_gbm,0.25,44,410,-2.5278610075604044,-3.8769914364338094
v9,feat_gbm,0.25,44,411,-0.8424955805762687,-1.1093409530974205
v9,feat_gbm,0.25,44,412,-2.3868508825846333,-2.1356441225652167
v9,feat_gbm,0.25,44,413,0.472973479219144,0.5613925387002681
v9,feat_gbm,0.25,44,414,-2.705871099320007,-2.672303525149137
v9,feat_gbm,0.25,44,415,0.8900823425613493,0.9887747910888531
v9,feat_gbm,0.25,44,416,-1.8629747011612094,-2.064740642123073
v9,feat_gbm,0.25,44,417,-0.5229740419974369,-0.13534283366780814
v9,feat_gbm,0.25,44,418,0.5380728554414389,0.5266566940316069
v9,feat_gbm,0.25,44,419,-0.9364688140363254,-0.7929716308762645
v9,feat_gbm,0.25,44,420,0.32823576457562664,0.22081989653443584
v9,feat_gbm,0.25,44,421,-3.6876572501119345,-3.4911396429773087
v9,feat_gbm,0.25,44,422,0.1397755877351711,0.4691563032653497
v9,feat_gbm,0.25,44,423,-0.17885041884031264,-0.21242164749251408
v9,feat_gbm,0.25,44,424,-2.0992431678614714,-2.0235730224261497
v9,feat_gbm,0.25,44,425,0.04112836272734451,0.1881042769243711
v9,feat_gbm,0.25,44,426,-1.1539068408934157,-0.7546830882020855
v9,feat_gbm,0.25,44,427,-1.9629038679831003,-2.004418163271322
v9,feat_gbm,0.25,44,428,-0.014465133741383517,0.08108350485015015
v9,feat_gbm,0.25,44,429,-1.0763690994780621,-0.8958783842144782
v9,feat_gbm,0.25,44,430,-0.6676570351931197,-0.700178367515834
v9,feat_gbm,0.25,44,431,-2.1977753744241144,-2.026447754843476
v9,feat_gbm,0.25,44,432,-3.4886099693186923,-3.3644112924118934
v9,feat_gbm,0.25,44,433,-2.089402123504137,-2.4777804975332844
v9,feat_gbm,0.25,44,434,-3.5312515678757315,-3.6407879329147783
v9,feat_gbm,0.25,44,435,0.5833301905970529,0.8140524350977956
v9,feat_gbm,0.25,44,436,-0.6529045486288889,-0.6342245759550225
v9,feat_gbm,0.25,44,437,-0.987748782961067,-1.0170271575608654
v9,feat_gbm,0.25,44,438,1.2107098450646054,1.2058566336630974
v9,feat_gbm,0.25,44,439,0.9334834576924405,1.04159183954478
v9,feat_gbm,0.25,44,440,-0.8050478419167667,-0.383754051292973
v9,feat_gbm,0.25,44,441,1.154093961536997,0.9717849563735496
v9,feat_gbm,0.25,44,442,0.8493567346330404,0.915394257773604
v9,feat_gbm,0.25,44,443,0.14032257515841126,0.17619398118278368
v9,feat_gbm,0.25,44,444,-2.8086589298341305,-2.3026142847949007
v9,feat_gbm,0.25,44,445,-1.374630521984905,-2.156995715227189
v9,feat_gbm,0.25,44,446,-2.11917374610004,-1.9647154613855007
v9,feat_gbm,0.25,44,447,-0.898262464112925,-1.2167428909736953
v9,feat_gbm,0.25,44,448,-0.00659165590924623,0.371748058948411
v9,feat_gbm,0.25,44,449,-3.7556939398669837,-3.354914600670279
v9,feat_gbm,0.25,44,450,-2.2298228993078806,-2.0984010901330774
v9,feat_gbm,0.25,44,451,-2.171777340998607,-1.8411195968283314
v9,feat_gbm,0.25,44,452,-0.27648603727924204,-0.2866386615093297
v9,feat_gbm,0.25,44,453,-2.078956658104532,-2.1769502099219324
v9,feat_gbm,0.25,44,454,0.7171201848085791,0.851829112076475
v9,feat_gbm,0.25,44,455,-0.3749442831470079,-0.5174982843777256
v9,feat_gbm,0.25,44,456,-3.459828806059109,-3.7883351795095335
v9,feat_gbm,0.25,44,457,-1.2616063179381725,-1.3225504843777425
v9,feat_gbm,0.25,44,458,-0.6052975261427553,-0.6304710111145473
v9,feat_gbm,0.25,44,459,-2.60962483681264,-2.867776928577639
v9,feat_gbm,0.25,44,460,-0.2632283219542805,-0.20106453453544149
v9,feat_gbm,0.25,44,461,0.35617393227331795,0.565413433251147
v9,feat_gbm,0.25,44,462,0.36307365093182986,0.6531860801292728
v9,feat_gbm,0.25,44,463,-3.24479203441896,-3.295531334571209
v9,feat_gbm,0.25,44,464,-0.8681335766749744,-1.118951529136503
v9,feat_gbm,0.25,44,465,-0.03386219532213058,0.08535922256033004
v9,feat_gbm,0.25,44,466,0.193254657207544,0.2656879386171551
v9,feat_gbm,0.25,44,467,-0.7895948960088017,-1.0764680911985907
v9,feat_gbm,0.25,44,468,2.2475971074263374,2.2503813782282114
v9,feat_gbm,0.25,44,469,0.05715931059542783,-0.029700274932011248
v9,feat_gbm,0.25,44,470,-2.6415526432219125,-2.1918010579584375
v9,feat_gbm,0.25,44,471,-0.24421632251340838,-0.12537364897776127
v9,feat_gbm,0.25,44,472,-1.4488042485048187,-1.3714574409892777
v9,feat_gbm,0.25,44,473,-2.1513282246000553,-1.0216450817816245
v9,feat_gbm,0.25,44,474,-0.8353134049190989,-0.8313233833759152
v9,feat_gbm,0.25,44,475,-3.154913476649805,-3.25243582884057
v9,feat_gbm,0.25,44,476,0.7381845230015842,0.8737365575305754
v9,feat_gbm,0.25,44,477,-2.1140389305547385,-1.8373017486027088
v9,feat_gbm,0.25,44,478,-1.6325270662838944,-1.909749317133085
v9,feat_gbm,0.25,44,479,0.4345286410761665,0.418341725137149
v9,feat_gbm,0.25,44,480,-2.902967635134545,-2.8689304810445995
v9,feat_gbm,0.25,44,481,-4.579098246698133,-3.9192950012633494
v9,feat_gbm,0.25,44,482,0.913690773440455,0.8191907452202399
v9,feat_gbm,0.25,44,483,-2.7708741744152467,-2.7371748494528005
v9,feat_gbm,0.25,44,484,0.026955167831850826,0.043868991079412875
v9,feat_gbm,0.25,44,485,-3.12211260492472,-3.9571024828402512
v9,feat_gbm,0.25,44,486,-1.014004425197066,-0.8286091055291892
v9,feat_gbm,0.25,44,487,1.1978722457890727,1.1086460137612473
v9,feat_gbm,0.25,44,488,-1.1212888350591148,-1.0899995989348372
v9,feat_gbm,0.25,44,489,-2.7582961461629187,-2.9260181182274523
v9,feat_gbm,0.25,44,490,0.0056212932464174935,0.01778898425240747
v9,feat_gbm,0.25,44,491,-0.6029170921787534,-0.388546054063584
v9,feat_gbm,0.25,44,492,-0.5254334057995517,-0.8483910406321095
v9,feat_gbm,0.25,44,493,-2.933102507890211,-2.4855190663855797
v9,feat_gbm,0.25,44,494,-0.4821617580785408,-0.6027729178489412
v9,feat_gbm,0.25,44,495,-1.3649260008893433,-1.5285925057254015
v9,feat_gbm,0.25,44,496,0.7710334569773063,1.0092174422839322
v9,feat_gbm,0.25,44,497,-2.352850323274238,-2.421052301727873
v9,feat_gbm,0.25,44,498,-3.080991160115884,-3.2283141264699093
v9,feat_gbm,0.25,44,499,-4.395185488353702,-4.907212199848568
v9,feat_gbm,0.25,45,0,-0.11213019205950145,0.03894909458183669
v9,feat_gbm,0.25,45,1,-2.496097707335046,-2.5052564746229193
v9,feat_gbm,0.25,45,2,0.7240092911727433,0.6287827851917782
v9,feat_gbm,0.25,45,3,-2.773992388765937,-3.3447289283878643
v9,feat_gbm,0.25,45,4,1.0682225597946347,0.9694015026406426
v9,feat_gbm,0.25,45,5,-2.245463262943318,-2.4693709778233526
v9,feat_gbm,0.25,45,6,-0.2028554805489934,-0.2819211013310965
v9,feat_gbm,0.25,45,7,0.7335746256697403,0.5289578846490461
v9,feat_gbm,0.25,45,8,0.15671396285896252,0.032863622186365654
v9,feat_gbm,0.25,45,9,1.0204792113005992,0.9352707853930591
v9,feat_gbm,0.25,45,10,-1.5309723383351574,-1.5987558134683666
v9,feat_gbm,0.25,45,11,-3.1352581919445877,-3.2678706438993954
v9,feat_gbm,0.25,45,12,-2.323275616510797,-2.445380546146449
v9,feat_gbm,0.25,45,13,-0.3221590936935605,-0.4471217519653716
v9,feat_gbm,0.25,45,14,-1.9590181413095675,-1.8343062920535937
v9,feat_gbm,0.25,45,15,-2.3738963988488675,-2.278287047942225
v9,feat_gbm,0.25,45,16,-1.3955306404384333,-1.113015507562239
v9,feat_gbm,0.25,45,17,-1.0344569825518721,-1.149386040828735
v9,feat_gbm,0.25,45,18,-0.652967337557221,-0.4541092694382234
v9,feat_gbm,0.25,45,19,-2.925967746336574,-2.8798658660471284
v9,feat_gbm,0.25,45,20,-3.2255156779791894,-3.281006200299989
v9,feat_gbm,0.25,45,21,-0.7290276125642992,-0.7889402030111288
v9,feat_gbm,0.25,45,22,-0.7468044323159141,-0.48114593055133975
v9,feat_gbm,0.25,45,23,-2.603036538916083,-2.8038114998165153
v9,feat_gbm,0.25,45,24,-2.820627613920935,-2.6726430450531393
v9,feat_gbm,0.25,45,25,-3.3120965002383405,-3.141178249464176
v9,feat_gbm,0.25,45,26,-3.826529460471575,-3.8612362310489847
v9,feat_gbm,0.25,45,27,-2.9745853888103175,-3.085821277369337
v9,feat_gbm,0.25,45,28,-2.352094358082574,-2.1153791712035637
v9,feat_gbm,0.25,45,29,-0.31891168243576795,-0.5854112868629942
v9,feat_gbm,0.25,45,30,0.30899536788775084,0.13849791927417068
v9,feat_gbm,0.25,45,31,-2.2989623496023266,-2.779654184179668
v9,feat_gbm,0.25,45,32,1.158801076317476,0.9166392391011026
v9,feat_gbm,0.25,45,33,-1.6921137998772993,-2.134444297962007
v9,feat_gbm,0.25,45,34,1.1462590125158865,1.1224191581864646
v9,feat_gbm,0.25,45,35,-3.179634670675332,-2.7514680837461087
v9,feat_gbm,0.25,45,36,0.2170098416625654,0.7493710802437775
v9,feat_gbm,0.25,45,37,-2.2150658849824603,-2.157600461660938
v9,feat_gbm,0.25,45,38,-1.5743637972087507,-1.7436371170468024
v9,feat_gbm,0.25,45,39,0.8140210972712693,0.632388610685479
v9,feat_gbm,0.25,45,40,-1.4595796562094494,-1.5024753827969588
v9,feat_gbm,0.25,45,41,-3.3044388073824855,-2.936018587066778
v9,feat_gbm,0.25,45,42,-0.03240210148142701,-0.06406961406287034
v9,feat_gbm,0.25,45,43,-0.2453877624699426,-0.43711075337934485
v9,feat_gbm,0.25,45,44,0.6720392050450082,0.521724778538647
v9,feat_gbm,0.25,45,45,0.8052372979467869,-0.02881562555915001
v9,feat_gbm,0.25,45,46,-3.1092872540479184,-2.6856700943784895
v9,feat_gbm,0.25,45,47,-3.6045021032500135,-3.3419513202228783
v9,feat_gbm,0.25,45,48,-0.47886920409851275,-0.35240032436669677
v9,feat_gbm,0.25,45,49,-4.286516711920295,-4.466027560457086
v9,feat_gbm,0.25,45,50,-0.9271887872542396,-1.2227887404747313
v9,feat_gbm,0.25,45,51,-3.7793915325884107,-4.168130875201601
v9,feat_gbm,0.25,45,52,-2.5106243389646505,-2.1825653069440887
v9,feat_gbm,0.25,45,53,-3.0051918296942386,-2.816977102698189
v9,feat_gbm,0.25,45,54,-1.047194154280224,-0.9520374156321785
v9,feat_gbm,0.25,45,55,0.3544438771114261,0.800460094219776
v9,feat_gbm,0.25,45,56,0.19191025689018099,0.2782562560211116
v9,feat_gbm,0.25,45,57,-0.28908981495834074,-0.7855200046266205
v9,feat_gbm,0.25,45,58,-2.96616245576643,-2.837973637743256
v9,feat_gbm,0.25,45,59,0.30188846955291593,0.3653424354755994
v9,feat_gbm,0.25,45,60,-3.037592673922702,-3.145987746693799
v9,feat_gbm,0.25,45,61,-2.234681102195121,-2.1381844357326614
v9,feat_gbm,0.25,45,62,0.5385353015686828,0.3908315550690521
v9,feat_gbm,0.25,45,63,-3.451334800334085,-3.259739876316779
v9,feat_gbm,0.25,45,64,-3.9562582438927736,-3.799325775609258
v9,feat_gbm,0.25,45,65,-0.030122992820976288,0.2842997557356093
v9,feat_gbm,0.25,45,66,0.8147433520109373,0.9099380077885143
v9,feat_gbm,0.25,45,67,0.4539180001014165,0.5741223235018287
v9,feat_gbm,0.25,45,68,1.0821984747318236,1.3807263582335993
v9,feat_gbm,0.25,45,69,1.1762985267133845,2.7357387204405055
v9,feat_gbm,0.25,45,70,-0.12461743854755446,-0.3782017485149665
v9,feat_gbm,0.25,45,71,-0.46820989185810824,-0.6946521973220513
v9,feat_gbm,0.25,45,72,-3.7341255361371566,-3.510295151868067
v9,feat_gbm,0.25,45,73,-0.22303037045498178,-0.3643686170400702
v9,feat_gbm,0.25,45,74,1.2496431656901572,1.1835884152793859
v9,feat_gbm,0.25,45,75,-0.12119776969873208,-0.38644824542838596
v9,feat_gbm,0.25,45,76,0.5629193379975613,0.7005004452467647
v9,feat_gbm,0.25,45,77,0.24723922838644044,0.3770911051312199
v9,feat_gbm,0.25,45,78,-0.49347127065771457,-0.5374783823521183
v9,feat_gbm,0.25,45,79,-2.98293263278998,-3.2499450611549854
v9,feat_gbm,0.25,45,80,-1.777076533251204,-1.719925172279684
v9,feat_gbm,0.25,45,81,0.9213826064441736,1.8185710395242058
v9,feat_gbm,0.25,45,82,-1.3022699372926643,-1.0758778979961314
v9,feat_gbm,0.25,45,83,-0.5259056004345871,-0.8033140510569362
v9,feat_gbm,0.25,45,84,-2.158939031890604,-2.0837035815006346
v9,feat_gbm,0.25,45,85,-0.9080741132102236,-1.2430797823904942
v9,feat_gbm,0.25,45,86,0.7708658607763116,0.639317965424242
v9,feat_gbm,0.25,45,87,-0.22381553971097914,-0.02321591952008587
v9,feat_gbm,0.25,45,88,-3.4965286871932633,-3.512086916650174
v9,feat_gbm,0.25,45,89,-1.88223549756693,-1.684363733317816
v9,feat_gbm,0.25,45,90,-3.9726559164938156,-3.5341996208099964
v9,feat_gbm,0.25,45,91,1.0032792937228776,1.1574629997660548
v9,feat_gbm,0.25,45,92,-0.8640195492748605,-0.7651863719989663
v9,feat_gbm,0.25,45,93,-4.216082410444869,-5.7708125015304885
v9,feat_gbm,0.25,45,94,0.12642901024618006,0.07374698385127064
v9,feat_gbm,0.25,45,95,0.5648278551923257,1.201566413592891
v9,feat_gbm,0.25,45,96,1.2670863988958092,1.2655480006709303
v9,feat_gbm,0.25,45,97,-3.5589714106626915,-3.2217777708537843
v9,feat_gbm,0.25,45,98,-1.8227454010685296,-1.2120387208328698
v9,feat_gbm,0.25,45,99,-0.3843691525458317,-0.04015373686183237
v9,feat_gbm,0.25,45,100,-2.816313646857518,-2.8384481914339785
v9,feat_gbm,0.25,45,101,-3.4757736984099843,-3.541068619782685
v9,feat_gbm,0.25,45,102,-4.381837765173467,-4.424727465058162
v9,feat_gbm,0.25,45,103,-0.5077299181332784,-0.7652009130347144
v9,feat_gbm,0.25,45,104,-0.7431421356025617,-0.406664655497914
v9,feat_gbm,0.25,45,105,-2.8746652339962213,-2.8019031633754246
v9,feat_gbm,0.25,45,106,-1.3521430815734565,-1.1978192780958505
v9,feat_gbm,0.25,45,107,-0.8295001296030984,-1.2497822804421463
v9,feat_gbm,0.25,45,108,-0.18158790282049334,-0.2003702404752673
v9,feat_gbm,0.25,45,109,-0.21367748312528678,-0.28745536208379296
v9,feat_gbm,0.25,45,110,0.4229442289252523,0.2838469771831524
v9,feat_gbm,0.25,45,111,0.4598490919185557,0.6579850926301614
v9,feat_gbm,0.25,45,112,0.00687765314414785,-0.4279263804064609
v9,feat_gbm,0.25,45,113,0.6441288351011346,0.527327823801956
v9,feat_gbm,0.25,45,114,-3.8615954095390013,-3.652947895428966
v9,feat_gbm,0.25,45,115,-0.9768743415037692,-0.04287987221360797
v9,feat_gbm,0.25,45,116,-3.8398170568786054,-3.4409421360670214
v9,feat_gbm,0.25,45,117,-2.7574224477409857,-2.4284095097884006
v9,feat_gbm,0.25,45,118,-1.4716997387856967,-1.419217075367618
v9,feat_gbm,0.25,45,119,-1.7374838672265018,-1.4944271796191557
v9,feat_gbm,0.25,45,120,-2.9733864758567545,-2.797137626437216
v9,feat_gbm,0.25,45,121,1.3793014195191844,3.1321125804877905
v9,feat_gbm,0.25,45,122,-2.5283446754311525,-3.164895556438051
v9,feat_gbm,0.25,45,123,-0.01733078796056119,-0.021234684620174846
v9,feat_gbm,0.25,45,124,-1.3993786057582005,-1.246001114532972
v9,feat_gbm,0.25,45,125,-2.7808878588840273,-2.7130193085566443
v9,feat_gbm,0.25,45,126,-1.9176590417749477,-2.0560780011130944
v9,feat_gbm,0.25,45,127,-1.709749229901884,-1.631222331554067
v9,feat_gbm,0.25,45,128,-2.8265494094964834,-3.477307725783656
v9,feat_gbm,0.25,45,129,1.2287120293979175,1.7007542891568868
v9,feat_gbm,0.25,45,130,-3.775694707781367,-3.4021624962570822
v9,feat_gbm,0.25,45,131,-3.577464478619204,-3.701149444421242
v9,feat_gbm,0.25,45,132,0.06968379428017465,-0.4116741376471012
v9,feat_gbm,0.25,45,133,-0.5314769521115777,-0.5680375850475197
v9,feat_gbm,0.25,45,134,-1.3492410883099388,-1.4788189923590598
v9,feat_gbm,0.25,45,135,-2.705956991102975,-2.9896549957503007
v9,feat_gbm,0.25,45,136,0.516088586002606,0.11194117436713467
v9,feat_gbm,0.25,45,137,1.1024054992092522,1.7147062893715772
v9,feat_gbm,0.25,45,138,-1.9541513547083544,-1.9709125209383296
v9,feat_gbm,0.25,45,139,0.09606685738629454,0.19937477723826902
v9,feat_gbm,0.25,45,140,-2.8123494892379313,-2.8223726616431475
v9,feat_gbm,0.25,45,141,-0.013680342534843374,-0.12380828599000025
v9,feat_gbm,0.25,45,142,-3.300664837938685,-2.97521232911642
v9,feat_gbm,0.25,45,143,-1.8992744192209023,-1.9484557479617686
v9,feat_gbm,0.25,45,144,1.1233848021537938,1.244093655886106
v9,feat_gbm,0.25,45,145,-2.453128254825119,-2.0280859266176816
v9,feat_gbm,0.25,45,146,-2.005699661260207,-2.0754073031653366
v9,feat_gbm,0.25,45,147,0.036004922006312105,-0.11331641159387335
v9,feat_gbm,0.25,45,148,-2.258070250592514,-2.620298039600635
v9,feat_gbm,0.25,45,149,-2.9640201001612314,-3.8395532227602396
v9,feat_gbm,0.25,45,150,-2.0627931815248917,-2.149698272240366
v9,feat_gbm,0.25,45,151,-3.3304092477620326,-3.1594376779318036
v9,feat_gbm,0.25,45,152,-2.5735428713308313,-2.7712141114581046
v9,feat_gbm,0.25,45,153,-1.0564057579275976,-1.1483368403810985
v9,feat_gbm,0.25,45,154,-1.5273099739953166,-1.4700676700115773
v9,feat_gbm,0.25,45,155,1.3462368486831437,1.4088416749712322
v9,feat_gbm,0.25,45,156,0.4865113148135768,0.7564704220494097
v9,feat_gbm,0.25,45,157,-2.0754875644603206,-1.7148995557963913
v9,feat_gbm,0.25,45,158,-2.448917041816665,-2.8595355115547196
v9,feat_gbm,0.25,45,159,-1.1270853788807498,-0.9922400520728849
v9,feat_gbm,0.25,45,160,1.4891502977876274,1.8585227307534937
v9,feat_gbm,0.25,45,161,-2.3545359719706025,-2.477654537850602
v9,feat_gbm,0.25,45,162,-3.129352215830929,-2.993764039868935
v9,feat_gbm,0.25,45,163,-1.1122878894434909,-1.1722671160336509
v9,feat_gbm,0.25,45,164,-1.7369534470018517,-1.6577576086204497
v9,feat_gbm,0.25,45,165,-2.881065179193623,-2.9770186999323642
v9,feat_gbm,0.25,45,166,-3.5355183293383066,-3.2329952824425443
v9,feat_gbm,0.25,45,167,0.288888350208942,0.19550508612775644
v9,feat_gbm,0.25,45,168,-1.017682082407391,-1.2639642813248737
v9,feat_gbm,0.25,45,169,1.1666585822994102,1.4224064134580066
v9,feat_gbm,0.25,45,170,-1.8815918566767558,-1.5303724784706008
v9,feat_gbm,0.25,45,171,0.6941941105603088,0.6086346650572224
v9,feat_gbm,0.25,45,172,0.024812112520832902,-0.052232489626048526
v9,feat_gbm,0.25,45,173,-0.35408729902534763,-0.19074605880313256
v9,feat_gbm,0.25,45,174,-2.404451544617563,-2.7678232596734214
v9,feat_gbm,0.25,45,175,-1.8948348181344628,-1.6557092188829319
v9,feat_gbm,0.25,45,176,-0.1458188518136361,0.12081831439914445
v9,feat_gbm,0.25,45,177,1.054788798480941,3.7031714993021168
v9,feat_gbm,0.25,45,178,-0.20642463505717512,-0.17761292562564054
v9,feat_gbm,0.25,45,179,0.10852722087710609,0.2295122735959306
v9,feat_gbm,0.25,45,180,-1.5816247795276268,-1.6401012725318311
v9,feat_gbm,0.25,45,181,-2.2043569917737456,-3.399461101549646
v9,feat_gbm,0.25,45,182,0.5252971727887583,0.5421608664871393
v9,feat_gbm,0.25,45,183,-3.927391690740425,-3.7858185839721776
v9,feat_gbm,0.25,45,184,0.7057267352448796,0.4440956773301304
v9,feat_gbm,0.25,45,185,0.5240924718936025,0.5450962365111649
v9,feat_gbm,0.25,45,186,-3.372803392972351,-3.094441269353033
v9,feat_gbm,0.25,45,187,1.2178586271993634,1.436275522654785
v9,feat_gbm,0.25,45,188,0.18385729534402606,-0.003208414280501246
v9,feat_gbm,0.25,45,189,-1.9096443756229533,-2.0766448721687736
v9,feat_gbm,0.25,45,190,-3.464468754035096,-2.887011097372245
v9,feat_gbm,0.25,45,191,0.10420994545694792,-0.19564387773269687
v9,feat_gbm,0.25,45,192,-3.7954792628553222,-3.39219136175158
v9,feat_gbm,0.25,45,193,-4.603998197341649,-4.804455114758695
v9,feat_gbm,0.25,45,194,0.09181286017636793,-0.23230879418151415
v9,feat_gbm,0.25,45,195,0.565109180127569,0.7768952289284052
v9,feat_gbm,0.25,45,196,-3.567093244680503,-3.0758975731441707
v9,feat_gbm,0.25,45,197,1.7887335517375877,1.8852948766094535
v9,feat_gbm,0.25,45,198,0.10733882038066658,-0.07474663349946693
v9,feat_gbm,0.25,45,199,1.3053222378127889,0.9295509098669842
v9,feat_gbm,0.25,45,200,0.20919700570670888,0.40408761039079466
v9,feat_gbm,0.25,45,201,-1.267407145946726,-1.0185563947000995
v9,feat_gbm,0.25,45,202,-1.3889068473033366,-1.5812541435625456
v9,feat_gbm,0.25,45,203,-2.3874281992843773,-2.9269603411540346
v9,feat_gbm,0.25,45,204,-0.3216120299036984,-0.9368237022381455
v9,feat_gbm,0.25,45,205,-0.526129588736615,-0.771906247259438
v9,feat_gbm,0.25,45,206,-1.8570625760189219,-1.4457766532498904
v9,feat_gbm,0.25,45,207,-2.3501141850965936,-2.4752738768021185
v9,feat_gbm,0.25,45,208,-2.952416204803536,-2.8789590131308262
v9,feat_gbm,0.25,45,209,-2.786959825840334,-2.6986856152036793
v9,feat_gbm,0.25,45,210,-0.06871905574599803,0.05837096406180189
v9,feat_gbm,0.25,45,211,-2.9978324496180173,-2.2327070274631113
v9,feat_gbm,0.25,45,212,0.13719576321218704,0.15758807445032513
v9,feat_gbm,0.25,45,213,0.7198733045050508,0.5234750924970406
v9,feat_gbm,0.25,45,214,0.7307883878369762,0.8312555987922697
v9,feat_gbm,0.25,45,215,-0.6934080572935492,-0.7699972654610447
v9,feat_gbm,0.25,45,216,-2.531319995530882,-2.4368834827463726
v9,feat_gbm,0.25,45,217,-3.73449468350715,-3.7421886443248944
v9,feat_gbm,0.25,45,218,-4.557894594954177,-4.3753265313120195
v9,feat_gbm,0.25,45,219,0.09189981737390147,0.13181597567614448
v9,feat_gbm,0.25,45,220,-2.3501551802676564,-2.150299196146146
v9,feat_gbm,0.25,45,221,0.4655333052527122,0.4316281043505307
v9,feat_gbm,0.25,45,222,0.2618099745408783,0.20581216265343685
v9,feat_gbm,0.25,45,223,-2.1511036946216304,-1.7226779576420432
v9,feat_gbm,0.25,45,224,1.0947730166759702,1.0701061526100661
v9,feat_gbm,0.25,45,225,-2.72749050953729,-2.995983076644188
v9,feat_gbm,0.25,45,226,-0.33261737976947037,-0.39103048890459524
v9,feat_gbm,0.25,45,227,-2.489841825330224,-2.811377433191803
v9,feat_gbm,0.25,45,228,0.10346151373723485,0.1103569248772952
v9,feat_gbm,0.25,45,229,0.859341982918075,1.0926797996732165
v9,feat_gbm,0.25,45,230,-1.121349398500392,-1.1465469989616057
v9,feat_gbm,0.25,45,231,-3.771070628786922,-3.7045714701961474
v9,feat_gbm,0.25,45,232,-0.20648321287728985,-0.3205795311611984
v9,feat_gbm,0.25,45,233,-0.4170571119522911,-0.7282288274356463
v9,feat_gbm,0.25,45,234,-0.9403488577010469,-0.6143938277881194
v9,feat_gbm,0.25,45,235,-3.2324957251515447,-3.717493513170671
v9,feat_gbm,0.25,45,236,-1.961656158993214,-1.894186438607053
v9,feat_gbm,0.25,45,237,0.04958699593152428,0.19101892391720615
v9,feat_gbm,0.25,45,238,-2.683834233932142,-2.723653519266766
v9,feat_gbm,0.25,45,239,0.06278944006044435,0.28172679866345784
v9,feat_gbm,0.25,45,240,-0.6411864706783491,-0.570916259780521
v9,feat_gbm,0.25,45,241,-2.363821023738696,-3.037607674189957
v9,feat_gbm,0.25,45,242,-2.623805879946026,-2.4824067099880884
v9,feat_gbm,0.25,45,243,1.550770103057329,1.793244191067856
v9,feat_gbm,0.25,45,244,-1.798350197372697,-2.170563194223024
v9,feat_gbm,0.25,45,245,-2.7748843877259715,-2.5580286375581696
v9,feat_gbm,0.25,45,246,-3.2187951812954934,-3.9013363177662743
v9,feat_gbm,0.25,45,247,-1.1817629937048404,-1.2689211715035387
v9,feat_gbm,0.25,45,248,-2.9270271361644378,-2.89795980370705
v9,feat_gbm,0.25,45,249,-0.9734065855679027,-1.149470325468549
v9,feat_gbm,0.25,45,250,-2.3896037971677258,-2.1803876537888693
v9,feat_gbm,0.25,45,251,-1.079701720371869,-1.2010659028736028
v9,feat_gbm,0.25,45,252,-2.8004565619212434,-2.675840590612525
v9,feat_gbm,0.25,45,253,-0.8722994275270571,-0.865421424414132
v9,feat_gbm,0.25,45,254,-0.3323329487243497,-0.45089388998719687
v9,feat_gbm,0.25,45,255,-1.3421621675816247,-1.477655138121315
v9,feat_gbm,0.25,45,256,-2.019891262034017,-1.9234128661936198
v9,feat_gbm,0.25,45,257,-0.758983509700016,-0.8895479413744646
v9,feat_gbm,0.25,45,258,-1.4159842052319747,-1.284701881398344
v9,feat_gbm,0.25,45,259,0.053570234171346404,0.03791276039075724
v9,feat_gbm,0.25,45,260,-1.5182979519645017,-1.213907680807544
v9,feat_gbm,0.25,45,261,-0.5435145773336229,-0.6937064881158975
v9,feat_gbm,0.25,45,262,-1.9462758953888575,-2.500344974429108
v9,feat_gbm,0.25,45,263,-3.1051104662016558,-3.0782877743164985
v9,feat_gbm,0.25,45,264,-3.016677588589034,-3.2702790535172426
v9,feat_gbm,0.25,45,265,-0.34346636852878365,-0.15746453031192983
v9,feat_gbm,0.25,45,266,-1.5090274415048295,-1.3930653126164372
v9,feat_gbm,0.25,45,267,-4.161652496349478,-3.460520174484755
v9,feat_gbm,0.25,45,268,-2.0441126952232747,-1.8115923421665279
v9,feat_gbm,0.25,45,269,-0.20446045357961437,-0.04785951915829837
v9,feat_gbm,0.25,45,270,-1.2329433853861358,-1.3387838926701625
v9,feat_gbm,0.25,45,271,0.8304724012549624,0.6172482925771328
v9,feat_gbm,0.25,45,272,0.18243128356085989,0.10718580269537517
v9,feat_gbm,0.25,45,273,-2.8476168268110755,-2.4250613993713395
v9,feat_gbm,0.25,45,274,-0.3722919174638575,-0.4656136934058211
v9,feat_gbm,0.25,45,275,-1.7189433266557377,-1.7679071058666047
v9,feat_gbm,0.25,45,276,-0.0917451784496812,-0.15192249005847586
v9,feat_gbm,0.25,45,277,-0.11939600224848673,-0.22686658439221394
v9,feat_gbm,0.25,45,278,-0.09509390266629227,-0.3963273628232521
v9,feat_gbm,0.25,45,279,-2.443427701409019,-2.1916982233579314
v9,feat_gbm,0.25,45,280,0.5284112328949958,0.5138857123822332
v9,feat_gbm,0.25,45,281,-1.1259183774628874,0.13501120436460418
v9,feat_gbm,0.25,45,282,-0.21054780271220944,-0.35232291748203215
v9,feat_gbm,0.25,45,283,0.42682347976265533,0.33710059568630363
v9,feat_gbm,0.25,45,284,2.5654596240561447,2.2269494594330284
v9,feat_gbm,0.25,45,285,-0.5188611312126997,-0.8523290277873723
v9,feat_gbm,0.25,45,286,0.5195581435828359,0.5032694866056324
v9,feat_gbm,0.25,45,287,-3.4303844325713944,-3.0734310124071125
v9,feat_gbm,0.25,45,288,-3.38212873990817,-3.0969464995649485
v9,feat_gbm,0.25,45,289,1.0134470493656091,0.8088909840914691
v9,feat_gbm,0.25,45,290,-1.6510730796205337,-1.710735902712342
v9,feat_gbm,0.25,45,291,-0.23309532942705766,-0.24588513525180683
v9,feat_gbm,0.25,45,292,-3.0385341573086646,-2.9910915714149957
v9,feat_gbm,0.25,45,293,-0.027651932593148555,0.24397961438558982
v9,feat_gbm,0.25,45,294,0.9283084014455937,0.9827222917401395
v9,feat_gbm,0.25,45,295,1.1716186923658027,1.5399914318848642
v9,feat_gbm,0.25,45,296,-2.8061143433508637,-3.028104854063688
v9,feat_gbm,0.25,45,297,-1.790347812008314,-1.9675880903276046
v9,feat_gbm,0.25,45,298,0.3667225944712176,0.3882116190950413
v9,feat_gbm,0.25,45,299,-0.43159533152061985,-0.4169590587595381
v9,feat_gbm,0.25,45,300,-0.5043050361940191,-0.47104701624968015
v9,feat_gbm,0.25,45,301,-0.46632441583258577,-0.5788171023402015
v9,feat_gbm,0.25,45,302,-3.602539161560305,-3.325334912618423
v9,feat_gbm,0.25,45,303,0.08867154521513775,0.27214776974989446
v9,feat_gbm,0.25,45,304,0.31449485790587384,0.2838761456734127
v9,feat_gbm,0.25,45,305,0.8473278461872676,0.98356576927226
v9,feat_gbm,0.25,45,306,-2.169758797154056,-2.324804251846344
v9,feat_gbm,0.25,45,307,-0.22726732335808858,-0.30060412365222405
v9,feat_gbm,0.25,45,308,-3.725706998057313,-3.5706943269006843
v9,feat_gbm,0.25,45,309,0.840505513633087,0.7657986236992217
v9,feat_gbm,0.25,45,310,-0.16287656633376982,-0.3760212383278314
v9,feat_gbm,0.25,45,311,0.8882990327280359,0.903367601886353
v9,feat_gbm,0.25,45,312,0.7047684390981274,0.2834145554969618
v9,feat_gbm,0.25,45,313,-0.6336255739668334,-0.8750381269167363
v9,feat_gbm,0.25,45,314,-1.72407755303727,-0.8911054934067958
v9,feat_gbm,0.25,45,315,0.3009470499342023,0.2699623908229132
v9,feat_gbm,0.25,45,316,-3.9036648061468733,-4.034449774534175
v9,feat_gbm,0.25,45,317,0.4304498780570686,0.7302045063515665
v9,feat_gbm,0.25,45,318,-2.1667574276972705,-2.5264159394565007
v9,feat_gbm,0.25,45,319,-3.083176597610507,-3.1280680478747835
v9,feat_gbm,0.25,45,320,-0.41355057126824124,-0.623194388118803
v9,feat_gbm,0.25,45,321,-4.147902943114895,-4.172922463867305
v9,feat_gbm,0.25,45,322,1.0736533273588853,1.0714029341973417
v9,feat_gbm,0.25,45,323,-2.6303246686509216,-2.5538050374755565
v9,feat_gbm,0.25,45,324,-1.4093235725960827,-1.5310020975326282
v9,feat_gbm,0.25,45,325,-0.5749603772735931,-0.735749980772127
v9,feat_gbm,0.25,45,326,-0.6109051771340174,-0.5010306012352705
v9,feat_gbm,0.25,45,327,-4.297766046547848,-4.393123087746285
v9,feat_gbm,0.25,45,328,0.7748051484871122,0.6439364857563509
v9,feat_gbm,0.25,45,329,-3.1193563408617764,-2.60760252445046
v9,feat_gbm,0.25,45,330,0.5622058564644085,0.46983427811083467
v9,feat_gbm,0.25,45,331,-1.1559610758003611,-1.149354435920189
v9,feat_gbm,0.25,45,332,-1.7560922387376403,-1.0961264399974935
v9,feat_gbm,0.25,45,333,1.1295946953018716,1.4253561556633074
v9,feat_gbm,0.25,45,334,0.9682236041275644,1.0406546288822482
v9,feat_gbm,0.25,45,335,-0.33378503490103717,-0.1286217558512718
v9,feat_gbm,0.25,45,336,-1.4359491643554878,-1.7275974260064488
v9,feat_gbm,0.25,45,337,-3.8471257224591477,-4.535227665039715
v9,feat_gbm,0.25,45,338,-0.7680885003990646,-1.078833843619319
v9,feat_gbm,0.25,45,339,-1.9089098704261083,-2.035297396751524
v9,feat_gbm,0.25,45,340,0.1800871961311298,0.4788286932125707
v9,feat_gbm,0.25,45,341,-0.5517994847618849,-0.4595082096564039
v9,feat_gbm,0.25,45,342,-3.831563669909571,-3.653430804591794
v9,feat_gbm,0.25,45,343,0.4362489368298378,0.2834522663037432
v9,feat_gbm,0.25,45,344,0.12567548077057572,-0.15984972455285287
v9,feat_gbm,0.25,45,345,-2.5397346108824252,-3.8822970119574354
v9,feat_gbm,0.25,45,346,-2.873665172055237,-2.5801989990218064
v9,feat_gbm,0.25,45,347,-3.7318219311201966,-3.2622630695286134
v9,feat_gbm,0.25,45,348,-0.4514510854531321,-0.4894561152880944
v9,feat_gbm,0.25,45,349,-3.5061343714301887,-3.0223552414624764
v9,feat_gbm,0.25,45,350,0.6915636457133919,0.4215072765335228
v9,feat_gbm,0.25,45,351,-2.1432971777013967,-1.8152752103400673
v9,feat_gbm,0.25,45,352,0.6623870022119488,1.102263670511441
v9,feat_gbm,0.25,45,353,1.1767206520184692,1.4454852001466738
v9,feat_gbm,0.25,45,354,-3.673706329687577,-3.6770060333191017
v9,feat_gbm,0.25,45,355,-4.0313405318851165,-5.078652858832153
v9,feat_gbm,0.25,45,356,0.4970451785369321,0.7815322159665122
v9,feat_gbm,0.25,45,357,0.640717474751379,0.6775133790495483
v9,feat_gbm,0.25,45,358,-3.513453024774002,-3.5163570325540956
v9,feat_gbm,0.25,45,359,-2.8931253236557404,-4.157760523739404
v9,feat_gbm,0.25,45,360,-0.12935351854376573,-0.18386357284099003
v9,feat_gbm,0.25,45,361,-4.41172547786405,-4.477383009144865
v9,feat_gbm,0.25,45,362,0.42682996249035915,0.2909126951240761
v9,feat_gbm,0.25,45,363,-3.4736831405408464,-3.5121531596302606
v9,feat_gbm,0.25,45,364,0.3874124109977859,-0.0019354464452207268
v9,feat_gbm,0.25,45,365,-3.4472051227168827,-3.264666087597375
v9,feat_gbm,0.25,45,366,-1.28996478916183,-1.4961090632143375
v9,feat_gbm,0.25,45,367,-0.052548268849815914,-0.10305907560987346
v9,feat_gbm,0.25,45,368,0.2993964576386824,0.24601275195113992
v9,feat_gbm,0.25,45,369,-1.9430273206199136,-1.6400355118163064
v9,feat_gbm,0.25,45,370,-1.321334651183857,-1.5399226532969161
v9,feat_gbm,0.25,45,371,-0.2861024021579238,-0.3336387161155974
v9,feat_gbm,0.25,45,372,0.337197619491454,0.3185760540422761
v9,feat_gbm,0.25,45,373,-0.21921946235073733,-0.30756424411789
v9,feat_gbm,0.25,45,374,-4.013247348508729,-3.551435429619069
v9,feat_gbm,0.25,45,375,0.057599849415421754,-0.12846918127015178
v9,feat_gbm,0.25,45,376,0.6061239646223447,0.43413099611324796
v9,feat_gbm,0.25,45,377,0.798138817531114,0.8095384731463161
v9,feat_gbm,0.25,45,378,0.230449203703006,0.20303525329731625
v9,feat_gbm,0.25,45,379,0.6441763483539783,0.524784145223057
v9,feat_gbm,0.25,45,380,0.5111286998325989,0.8722609808312535
v9,feat_gbm,0.25,45,381,0.8951502571052411,1.0190202163897197
v9,feat_gbm,0.25,45,382,0.9178129006763621,1.2715191268303472
v9,feat_gbm,0.25,45,383,0.09834960814294455,-0.13923746667536385
v9,feat_gbm,0.25,45,384,-1.4916497305213665,-1.7983983483294153
v9,feat_gbm,0.25,45,385,0.45344165975966566,0.5606037150840157
v9,feat_gbm,0.25,45,386,0.7200984538204372,0.6003456151224621
v9,feat_gbm,0.25,45,387,1.0866857323114443,1.3071718981356573
v9,feat_gbm,0.25,45,388,-0.22427666664816992,-0.19457283568776126
v9,feat_gbm,0.25,45,389,-1.0753447808439827,-0.981880356960367
v9,feat_gbm,0.25,45,390,-3.0823843383285716,-2.628024059072158
v9,feat_gbm,0.25,45,391,-2.445267079566431,-2.479262758098376
v9,feat_gbm,0.25,45,392,-2.084270628690323,-2.207941629114672
v9,feat_gbm,0.25,45,393,-3.0042636655690713,-2.806586620215901
v9,feat_gbm,0.25,45,394,0.1422698658714086,-0.16842623590390868
v9,feat_gbm,0.25,45,395,0.5387470884893338,0.3596423409999632
v9,feat_gbm,0.25,45,396,-2.5471470359876287,-3.117667066362407
v9,feat_gbm,0.25,45,397,0.843260247743982,0.6134086288650079
v9,feat_gbm,0.25,45,398,0.3442479726873552,0.5049020087080688
v9,feat_gbm,0.25,45,399,-0.9987989887444849,-1.0548605918119196
v9,feat_gbm,0.25,45,400,-2.888871388659731,-2.877676775828332
v9,feat_gbm,0.25,45,401,-0.024484582668077348,0.015654415635624343
v9,feat_gbm,0.25,45,402,-0.5576217454459852,-0.7027824676465185
v9,feat_gbm,0.25,45,403,0.25294629800288715,0.6733427913489138
v9,feat_gbm,0.25,45,404,-0.07696927193048662,0.03259550049258387
v9,feat_gbm,0.25,45,405,-3.577010096194754,-3.4179416205706223
v9,feat_gbm,0.25,45,406,-1.699948260899791,-1.6563158072976616
v9,feat_gbm,0.25,45,407,0.5402769875955581,0.3281041495218151
v9,feat_gbm,0.25,45,408,-1.4226485470621273,-1.498502430121411
v9,feat_gbm,0.25,45,409,-1.2578379878724384,-1.5390850133499359
v9,feat_gbm,0.25,45,410,-2.5475486847022313,-3.8769914364338094
v9,feat_gbm,0.25,45,411,-1.1261866531528149,-1.1093409530974205
v9,feat_gbm,0.25,45,412,-2.540330403678374,-2.1356441225652167
v9,feat_gbm,0.25,45,413,0.42624020325581735,0.5613925387002681
v9,feat_gbm,0.25,45,414,-2.562630798635779,-2.672303525149137
v9,feat_gbm,0.25,45,415,1.1298725621717196,0.9887747910888531
v9,feat_gbm,0.25,45,416,-1.932171654356443,-2.064740642123073
v9,feat_gbm,0.25,45,417,-0.43096317443975407,-0.13534283366780814
v9,feat_gbm,0.25,45,418,0.4818415126327714,0.5266566940316069
v9,feat_gbm,0.25,45,419,-0.8957856122310878,-0.7929716308762645
v9,feat_gbm,0.25,45,420,0.27644923629568663,0.22081989653443584
v9,feat_gbm,0.25,45,421,-3.7168503843121945,-3.4911396429773087
v9,feat_gbm,0.25,45,422,0.15279027504706658,0.4691563032653497
v9,feat_gbm,0.25,45,423,-0.058186529625781955,-0.21242164749251408
v9,feat_gbm,0.25,45,424,-1.936328576726608,-2.0235730224261497
v9,feat_gbm,0.25,45,425,-0.07232345641494667,0.1881042769243711
v9,feat_gbm,0.25,45,426,-1.1253025914749837,-0.7546830882020855
v9,feat_gbm,0.25,45,427,-1.920720638213695,-2.004418163271322
v9,feat_gbm,0.25,45,428,0.007974335622563784,0.08108350485015015
v9,feat_gbm,0.25,45,429,-1.2139538839238908,-0.8958783842144782
v9,feat_gbm,0.25,45,430,-0.6166627330160194,-0.700178367515834
v9,feat_gbm,0.25,45,431,-2.0514698131858755,-2.026447754843476
v9,feat_gbm,0.25,45,432,-3.4283572386542023,-3.3644112924118934
v9,feat_gbm,0.25,45,433,-2.0209376099368783,-2.4777804975332844
v9,feat_gbm,0.25,45,434,-3.417238579862233,-3.6407879329147783
v9,feat_gbm,0.25,45,435,0.742803102697813,0.8140524350977956
v9,feat_gbm,0.25,45,436,-0.670242294948128,-0.6342245759550225
v9,feat_gbm,0.25,45,437,-0.8823647634724066,-1.0170271575608654
v9,feat_gbm,0.25,45,438,1.0653388828200119,1.2058566336630974
v9,feat_gbm,0.25,45,439,0.8537415468657658,1.04159183954478
v9,feat_gbm,0.25,45,440,-0.781129022576366,-0.383754051292973
v9,feat_gbm,0.25,45,441,0.8829935016445142,0.9717849563735496
v9,feat_gbm,0.25,45,442,0.9434954012641389,0.915394257773604
v9,feat_gbm,0.25,45,443,0.08773302414697627,0.17619398118278368
v9,feat_gbm,0.25,45,444,-2.5937781052751934,-2.3026142847949007
v9,feat_gbm,0.25,45,445,-1.4878927804218134,-2.156995715227189
v9,feat_gbm,0.25,45,446,-2.0868309639147795,-1.9647154613855007
v9,feat_gbm,0.25,45,447,-1.0011831824430562,-1.2167428909736953
v9,feat_gbm,0.25,45,448,0.043936475435981386,0.371748058948411
v9,feat_gbm,0.25,45,449,-3.721451246280157,-3.354914600670279
v9,feat_gbm,0.25,45,450,-2.1129928481812756,-2.0984010901330774
v9,feat_gbm,0.25,45,451,-2.1484022245066035,-1.8411195968283314
v9,feat_gbm,0.25,45,452,-0.2068960485348076,-0.2866386615093297
v9,feat_gbm,0.25,45,453,-1.9737314097383634,-2.1769502099219324
v9,feat_gbm,0.25,45,454,0.6922338357700387,0.851829112076475
v9,feat_gbm,0.25,45,455,-0.2245601151747714,-0.5174982843777256
v9,feat_gbm,0.25,45,456,-3.526431724880643,-3.7883351795095335
v9,feat_gbm,0.25,45,457,-1.4838696468112629,-1.3225504843777425
v9,feat_gbm,0.25,45,458,-0.29912703430462495,-0.6304710111145473
v9,feat_gbm,0.25,45,459,-2.831809446611836,-2.867776928577639
v9,feat_gbm,0.25,45,460,-0.17339176975406517,-0.20106453453544149
v9,feat_gbm,0.25,45,461,0.15814521429129616,0.565413433251147
v9,feat_gbm,0.25,45,462,0.3348014571706104,0.6531860801292728
v9,feat_gbm,0.25,45,463,-3.4150896722231368,-3.295531334571209
v9,feat_gbm,0.25,45,464,-0.9708204061160098,-1.118951529136503
v9,feat_gbm,0.25,45,465,-0.044118134712149495,0.08535922256033004
v9,feat_gbm,0.25,45,466,0.002948890211202632,0.2656879386171551
v9,feat_gbm,0.25,45,467,-0.8054551193368764,-1.0764680911985907
v9,feat_gbm,0.25,45,468,2.219374936239167,2.2503813782282114
v9,feat_gbm,0.25,45,469,0.034796121899571854,-0.029700274932011248
v9,feat_gbm,0.25,45,470,-2.5639558966114997,-2.1918010579584375
v9,feat_gbm,0.25,45,471,-0.2198963993661111,-0.12537364897776127
v9,feat_gbm,0.25,45,472,-1.4369719742880782,-1.3714574409892777
v9,feat_gbm,0.25,45,473,-1.996642466533545,-1.0216450817816245
v9,feat_gbm,0.25,45,474,-0.6659941244163489,-0.8313233833759152
v9,feat_gbm,0.25,45,475,-3.081621912015489,-3.25243582884057
v9,feat_gbm,0.25,45,476,0.7159421693221416,0.8737365575305754
v9,feat_gbm,0.25,45,477,-1.95385163132115,-1.8373017486027088
v9,feat_gbm,0.25,45,478,-1.6400677373372887,-1.909749317133085
v9,feat_gbm,0.25,45,479,0.4561790489101393,0.418341725137149
v9,feat_gbm,0.25,45,480,-2.871853726998859,-2.8689304810445995
v9,feat_gbm,0.25,45,481,-4.435280475196516,-3.9192950012633494
v9,feat_gbm,0.25,45,482,0.8638540183629774,0.8191907452202399
v9,feat_gbm,0.25,45,483,-2.7739746357835973,-2.7371748494528005
v9,feat_gbm,0.25,45,484,-0.02428293254140161,0.043868991079412875
v9,feat_gbm,0.25,45,485,-3.2207373829977914,-3.9571024828402512
v9,feat_gbm,0.25,45,486,-1.1125411249437607,-0.8286091055291892
v9,feat_gbm,0.25,45,487,1.323515450019801,1.1086460137612473
v9,feat_gbm,0.25,45,488,-1.0244973556572121,-1.0899995989348372
v9,feat_gbm,0.25,45,489,-2.6627675902950094,-2.9260181182274523
v9,feat_gbm,0.25,45,490,0.09110308439120347,0.01778898425240747
v9,feat_gbm,0.25,45,491,-0.6197634535439714,-0.388546054063584
v9,feat_gbm,0.25,45,492,-0.5803883081777118,-0.8483910406321095
v9,feat_gbm,0.25,45,493,-2.803661829221361,-2.4855190663855797
v9,feat_gbm,0.25,45,494,-0.3675539197538097,-0.6027729178489412
v9,feat_gbm,0.25,45,495,-1.3313202378946152,-1.5285925057254015
v9,feat_gbm,0.25,45,496,0.8318964527003087,1.0092174422839322
v9,feat_gbm,0.25,45,497,-2.2577165930248144,-2.421052301727873
v9,feat_gbm,0.25,45,498,-3.071004616845177,-3.2283141264699093
v9,feat_gbm,0.25,45,499,-4.530204631258833,-4.907212199848568
v9,feat_gbm,0.25,46,0,-0.3297496285751346,0.03894909458183669
v9,feat_gbm,0.25,46,1,-2.5819974857969576,-2.5052564746229193
v9,feat_gbm,0.25,46,2,0.591189007827252,0.6287827851917782
v9,feat_gbm,0.25,46,3,-2.7723877389498557,-3.3447289283878643
v9,feat_gbm,0.25,46,4,1.0558519541675062,0.9694015026406426
v9,feat_gbm,0.25,46,5,-2.3304744089824045,-2.4693709778233526
v9,feat_gbm,0.25,46,6,-0.15688027132232707,-0.2819211013310965
v9,feat_gbm,0.25,46,7,0.7174051484277815,0.5289578846490461
v9,feat_gbm,0.25,46,8,0.24335356743004927,0.032863622186365654
v9,feat_gbm,0.25,46,9,1.0159383511847282,0.9352707853930591
v9,feat_gbm,0.25,46,10,-1.5712804561207867,-1.5987558134683666
v9,feat_gbm,0.25,46,11,-3.316571609353462,-3.2678706438993954
v9,feat_gbm,0.25,46,12,-2.5474244985683105,-2.445380546146449
v9,feat_gbm,0.25,46,13,-0.30971760751779964,-0.4471217519653716
v9,feat_gbm,0.25,46,14,-1.858686600942021,-1.8343062920535937
v9,feat_gbm,0.25,46,15,-2.446805224746759,-2.278287047942225
v9,feat_gbm,0.25,46,16,-1.4666608262165965,-1.113015507562239
v9,feat_gbm,0.25,46,17,-1.0594696583792496,-1.149386040828735
v9,feat_gbm,0.25,46,18,-0.4564746960633207,-0.4541092694382234
v9,feat_gbm,0.25,46,19,-2.9610235306977537,-2.8798658660471284
v9,feat_gbm,0.25,46,20,-3.3151417178760836,-3.281006200299989
v9,feat_gbm,0.25,46,21,-0.5717230963613945,-0.7889402030111288
v9,feat_gbm,0.25,46,22,-0.5836648934207007,-0.48114593055133975
v9,feat_gbm,0.25,46,23,-2.6564206539637887,-2.8038114998165153
v9,feat_gbm,0.25,46,24,-2.887152605926513,-2.6726430450531393
v9,feat_gbm,0.25,46,25,-3.148669458166894,-3.141178249464176
v9,feat_gbm,0.25,46,26,-3.806932494554329,-3.8612362310489847
v9,feat_gbm,0.25,46,27,-3.197240907223916,-3.085821277369337
v9,feat_gbm,0.25,46,28,-2.5339368450461013,-2.1153791712035637
v9,feat_gbm,0.25,46,29,-0.45758725671107836,-0.5854112868629942
v9,feat_gbm,0.25,46,30,0.5067629709644007,0.13849791927417068
v9,feat_gbm,0.25,46,31,-2.456354610345387,-2.779654184179668
v9,feat_gbm,0.25,46,32,1.2547885873860127,0.9166392391011026
v9,feat_gbm,0.25,46,33,-1.7613700856133088,-2.134444297962007
v9,feat_gbm,0.25,46,34,1.1234522993013778,1.1224191581864646
v9,feat_gbm,0.25,46,35,-3.097858907883115,-2.7514680837461087
v9,feat_gbm,0.25,46,36,0.2511575238947007,0.7493710802437775
v9,feat_gbm,0.25,46,37,-2.350666307925638,-2.157600461660938
v9,feat_gbm,0.25,46,38,-1.5451611516624262,-1.7436371170468024
v9,feat_gbm,0.25,46,39,0.895445789716047,0.632388610685479
v9,feat_gbm,0.25,46,40,-1.4969706837119081,-1.5024753827969588
v9,feat_gbm,0.25,46,41,-3.310121921373774,-2.936018587066778
v9,feat_gbm,0.25,46,42,-0.0871007183290642,-0.06406961406287034
v9,feat_gbm,0.25,46,43,-0.41236918290453956,-0.43711075337934485
v9,feat_gbm,0.25,46,44,0.7128758474751836,0.521724778538647
v9,feat_gbm,0.25,46,45,0.674190881016917,-0.02881562555915001
v9,feat_gbm,0.25,46,46,-3.111035082511885,-2.6856700943784895
v9,feat_gbm,0.25,46,47,-3.637286997034438,-3.3419513202228783
v9,feat_gbm,0.25,46,48,-0.3733547659824586,-0.35240032436669677
v9,feat_gbm,0.25,46,49,-4.279535893892799,-4.466027560457086
v9,feat_gbm,0.25,46,50,-0.9144286254991725,-1.2227887404747313
v9,feat_gbm,0.25,46,51,-3.818935072829483,-4.168130875201601
v9,feat_gbm,0.25,46,52,-2.4977393117286932,-2.1825653069440887
v9,feat_gbm,0.25,46,53,-2.972303439121681,-2.816977102698189
v9,feat_gbm,0.25,46,54,-0.8963304233425289,-0.9520374156321785
v9,feat_gbm,0.25,46,55,0.4905648456571082,0.800460094219776
v9,feat_gbm,0.25,46,56,0.2709954543207819,0.2782562560211116
v9,feat_gbm,0.25,46,57,-0.29922338800483245,-0.7855200046266205
v9,feat_gbm,0.25,46,58,-3.0274600775261513,-2.837973637743256
v9,feat_gbm,0.25,46,59,0.14571912444684718,0.3653424354755994
v9,feat_gbm,0.25,46,60,-3.139593812324231,-3.145987746693799
v9,feat_gbm,0.25,46,61,-2.333599576308597,-2.1381844357326614
v9,feat_gbm,0.25,46,62,0.5744761821161543,0.3908315550690521
v9,feat_gbm,0.25,46,63,-3.452151752404246,-3.259739876316779
v9,feat_gbm,0.25,46,64,-3.9482942809001234,-3.799325775609258
v9,feat_gbm,0.25,46,65,-0.06313717376600061,0.2842997557356093
v9,feat_gbm,0.25,46,66,0.7659294326043122,0.9099380077885143
v9,feat_gbm,0.25,46,67,0.4306220839356774,0.5741223235018287
v9,feat_gbm,0.25,46,68,1.1330490497714716,1.3807263582335993
v9,feat_gbm,0.25,46,69,1.2300575608492397,2.7357387204405055
v9,feat_gbm,0.25,46,70,-0.05530025422808651,-0.3782017485149665
v9,feat_gbm,0.25,46,71,-0.4857646122172595,-0.6946521973220513
v9,feat_gbm,0.25,46,72,-3.6504440715763797,-3.510295151868067
v9,feat_gbm,0.25,46,73,-0.056031752124535095,-0.3643686170400702
v9,feat_gbm,0.25,46,74,1.1628245778828439,1.1835884152793859
v9,feat_gbm,0.25,46,75,-0.05992202277730907,-0.38644824542838596
v9,feat_gbm,0.25,46,76,0.4429153761540728,0.7005004452467647
v9,feat_gbm,0.25,46,77,0.34767167525924014,0.3770911051312199
v9,feat_gbm,0.25,46,78,-0.5563769319220419,-0.5374783823521183
v9,feat_gbm,0.25,46,79,-2.9346343563394592,-3.2499450611549854
v9,feat_gbm,0.25,46,80,-1.8015004534597523,-1.719925172279684
v9,feat_gbm,0.25,46,81,0.9419285099859706,1.8185710395242058
v9,feat_gbm,0.25,46,82,-1.3302957164826075,-1.0758778979961314
v9,feat_gbm,0.25,46,83,-0.5343707817784971,-0.8033140510569362
v9,feat_gbm,0.25,46,84,-2.3117836020853373,-2.0837035815006346
v9,feat_gbm,0.25,46,85,-0.9685774556403386,-1.2430797823904942
v9,feat_gbm,0.25,46,86,0.914898576653291,0.639317965424242
v9,feat_gbm,0.25,46,87,-0.13337555355675204,-0.02321591952008587
v9,feat_gbm,0.25,46,88,-3.2966214609330646,-3.512086916650174
v9,feat_gbm,0.25,46,89,-1.7566857726476757,-1.684363733317816
v9,feat_gbm,0.25,46,90,-3.8374148606740257,-3.5341996208099964
v9,feat_gbm,0.25,46,91,0.9740284932214923,1.1574629997660548
v9,feat_gbm,0.25,46,92,-0.8613816372631643,-0.7651863719989663
v9,feat_gbm,0.25,46,93,-4.051052764748461,-5.7708125015304885
v9,feat_gbm,0.25,46,94,0.06659888350942489,0.07374698385127064
v9,feat_gbm,0.25,46,95,0.9841906534370019,1.201566413592891
v9,feat_gbm,0.25,46,96,1.1889009853668742,1.2655480006709303
v9,feat_gbm,0.25,46,97,-3.676484556159705,-3.2217777708537843
v9,feat_gbm,0.25,46,98,-1.7125683659249613,-1.2120387208328698
v9,feat_gbm,0.25,46,99,-0.35464364045420277,-0.04015373686183237
v9,feat_gbm,0.25,46,100,-2.770890350902806,-2.8384481914339785
v9,feat_gbm,0.25,46,101,-3.511851973677809,-3.541068619782685
v9,feat_gbm,0.25,46,102,-4.317436080982689,-4.424727465058162
v9,feat_gbm,0.25,46,103,-0.5027647703625973,-0.7652009130347144
v9,feat_gbm,0.25,46,104,-0.656414429703621,-0.406664655497914
v9,feat_gbm,0.25,46,105,-2.8976726402240347,-2.8019031633754246
v9,feat_gbm,0.25,46,106,-1.2126143381300665,-1.1978192780958505
v9,feat_gbm,0.25,46,107,-1.0009952354854939,-1.2497822804421463
v9,feat_gbm,0.25,46,108,-0.265436273005309,-0.2003702404752673
v9,feat_gbm,0.25,46,109,-0.008663337062971524,-0.28745536208379296
v9,feat_gbm,0.25,46,110,0.523376708499511,0.2838469771831524
v9,feat_gbm,0.25,46,111,0.4113539842691627,0.6579850926301614
v9,feat_gbm,0.25,46,112,0.05643895185418033,-0.4279263804064609
v9,feat_gbm,0.25,46,113,0.6248003414053293,0.527327823801956
v9,feat_gbm,0.25,46,114,-3.8014650691798204,-3.652947895428966
v9,feat_gbm,0.25,46,115,-0.7617650135715784,-0.04287987221360797
v9,feat_gbm,0.25,46,116,-3.777523111851607,-3.4409421360670214
v9,feat_gbm,0.25,46,117,-2.4653609455600916,-2.4284095097884006
v9,feat_gbm,0.25,46,118,-1.5685645596794724,-1.419217075367618
v9,feat_gbm,0.25,46,119,-1.8757009216172829,-1.4944271796191557
v9,feat_gbm,0.25,46,120,-3.0579927779551475,-2.797137626437216
v9,feat_gbm,0.25,46,121,1.4192749237290059,3.1321125804877905
v9,feat_gbm,0.25,46,122,-2.613904909861245,-3.164895556438051
v9,feat_gbm,0.25,46,123,0.13708662301951316,-0.021234684620174846
v9,feat_gbm,0.25,46,124,-1.4856368923806933,-1.246001114532972
v9,feat_gbm,0.25,46,125,-2.7295559102929388,-2.7130193085566443
v9,feat_gbm,0.25,46,126,-1.8775963945544056,-2.0560780011130944
v9,feat_gbm,0.25,46,127,-1.595753172756922,-1.631222331554067
v9,feat_gbm,0.25,46,128,-2.9308726457651857,-3.477307725783656
v9,feat_gbm,0.25,46,129,1.3857480576478292,1.7007542891568868
v9,feat_gbm,0.25,46,130,-3.73051049663672,-3.4021624962570822
v9,feat_gbm,0.25,46,131,-3.650336942860503,-3.701149444421242
v9,feat_gbm,0.25,46,132,-0.22056704131066368,-0.4116741376471012
v9,feat_gbm,0.25,46,133,-0.46438690392848586,-0.5680375850475197
v9,feat_gbm,0.25,46,134,-1.3553960554995033,-1.4788189923590598
v9,feat_gbm,0.25,46,135,-2.781105151006124,-2.9896549957503007
v9,feat_gbm,0.25,46,136,0.5828544784463752,0.11194117436713467
v9,feat_gbm,0.25,46,137,1.26636659089288,1.7147062893715772
v9,feat_gbm,0.25,46,138,-2.2172443748967328,-1.9709125209383296
v9,feat_gbm,0.25,46,139,0.289799438229229,0.19937477723826902
v9,feat_gbm,0.25,46,140,-2.9227230323040345,-2.8223726616431475
v9,feat_gbm,0.25,46,141,0.19155604609760646,-0.12380828599000025
v9,feat_gbm,0.25,46,142,-3.3765454831672295,-2.97521232911642
v9,feat_gbm,0.25,46,143,-1.915238993232166,-1.9484557479617686
v9,feat_gbm,0.25,46,144,1.1535047895730661,1.244093655886106
v9,feat_gbm,0.25,46,145,-2.412666606069777,-2.0280859266176816
v9,feat_gbm,0.25,46,146,-1.9491493660759356,-2.0754073031653366
v9,feat_gbm,0.25,46,147,-0.002966816839040146,-0.11331641159387335
v9,feat_gbm,0.25,46,148,-2.2746732145983612,-2.620298039600635
v9,feat_gbm,0.25,46,149,-2.9328679505387076,-3.8395532227602396
v9,feat_gbm,0.25,46,150,-1.9780453342328606,-2.149698272240366
v9,feat_gbm,0.25,46,151,-3.3533232565531432,-3.1594376779318036
v9,feat_gbm,0.25,46,152,-2.6800187985092268,-2.7712141114581046
v9,feat_gbm,0.25,46,153,-1.0074081856030694,-1.1483368403810985
v9,feat_gbm,0.25,46,154,-1.6349974749553262,-1.4700676700115773
v9,feat_gbm,0.25,46,155,1.3435211487738832,1.4088416749712322
v9,feat_gbm,0.25,46,156,0.6061777241748918,0.7564704220494097
v9,feat_gbm,0.25,46,157,-2.1227183110753427,-1.7148995557963913
v9,feat_gbm,0.25,46,158,-2.4821846982584543,-2.8595355115547196
v9,feat_gbm,0.25,46,159,-1.1068466716607874,-0.9922400520728849
v9,feat_gbm,0.25,46,160,1.5263416431941763,1.8585227307534937
v9,feat_gbm,0.25,46,161,-2.356372552631725,-2.477654537850602
v9,feat_gbm,0.25,46,162,-3.0851577817993396,-2.993764039868935
v9,feat_gbm,0.25,46,163,-1.077464047504888,-1.1722671160336509
v9,feat_gbm,0.25,46,164,-1.7229427752724542,-1.6577576086204497
v9,feat_gbm,0.25,46,165,-3.043486662207392,-2.9770186999323642
v9,feat_gbm,0.25,46,166,-3.505551658225957,-3.2329952824425443
v9,feat_gbm,0.25,46,167,0.3267909810590663,0.19550508612775644
v9,feat_gbm,0.25,46,168,-1.0510084247555334,-1.2639642813248737
v9,feat_gbm,0.25,46,169,1.2838658786163033,1.4224064134580066
v9,feat_gbm,0.25,46,170,-1.8944330644500742,-1.5303724784706008
v9,feat_gbm,0.25,46,171,0.6394570715212698,0.6086346650572224
v9,feat_gbm,0.25,46,172,0.1361529791252817,-0.052232489626048526
v9,feat_gbm,0.25,46,173,-0.2172350870281565,-0.19074605880313256
v9,feat_gbm,0.25,46,174,-2.4607199950910825,-2.7678232596734214
v9,feat_gbm,0.25,46,175,-2.0098062027726478,-1.6557092188829319
v9,feat_gbm,0.25,46,176,0.080307428117267,0.12081831439914445
v9,feat_gbm,0.25,46,177,1.0654230112783678,3.7031714993021168
v9,feat_gbm,0.25,46,178,-0.2772596330904126,-0.17761292562564054
v9,feat_gbm,0.25,46,179,0.13776052920853132,0.2295122735959306
v9,feat_gbm,0.25,46,180,-1.6835500804114496,-1.6401012725318311
v9,feat_gbm,0.25,46,181,-2.327352367119688,-3.399461101549646
v9,feat_gbm,0.25,46,182,0.591659330384536,0.5421608664871393
v9,feat_gbm,0.25,46,183,-4.0293170514798655,-3.7858185839721776
v9,feat_gbm,0.25,46,184,0.6422660708531162,0.4440956773301304
v9,feat_gbm,0.25,46,185,0.5677444616495207,0.5450962365111649
v9,feat_gbm,0.25,46,186,-3.4320112429536738,-3.094441269353033
v9,feat_gbm,0.25,46,187,1.3113174436848447,1.436275522654785
v9,feat_gbm,0.25,46,188,0.08350387404172001,-0.003208414280501246
v9,feat_gbm,0.25,46,189,-1.801313576215484,-2.0766448721687736
v9,feat_gbm,0.25,46,190,-3.4995191416439315,-2.887011097372245
v9,feat_gbm,0.25,46,191,0.05812451847618806,-0.19564387773269687
v9,feat_gbm,0.25,46,192,-3.7713798405029926,-3.39219136175158
v9,feat_gbm,0.25,46,193,-4.437166722297088,-4.804455114758695
v9,feat_gbm,0.25,46,194,-0.10922769803954392,-0.23230879418151415
v9,feat_gbm,0.25,46,195,0.5975975053829337,0.7768952289284052
v9,feat_gbm,0.25,46,196,-3.5204424488551465,-3.0758975731441707
v9,feat_gbm,0.25,46,197,1.8027656857562901,1.8852948766094535
v9,feat_gbm,0.25,46,198,-0.03989713089466683,-0.07474663349946693
v9,feat_gbm,0.25,46,199,1.3292442476209736,0.9295509098669842
v9,feat_gbm,0.25,46,200,0.27931143701948086,0.40408761039079466
v9,feat_gbm,0.25,46,201,-1.314525309358774,-1.0185563947000995
v9,feat_gbm,0.25,46,202,-1.5476547075328078,-1.5812541435625456
v9,feat_gbm,0.25,46,203,-2.4893806474846683,-2.9269603411540346
v9,feat_gbm,0.25,46,204,-0.36278211201097726,-0.9368237022381455
v9,feat_gbm,0.25,46,205,-0.716847888258617,-0.771906247259438
v9,feat_gbm,0.25,46,206,-1.817107739316154,-1.4457766532498904
v9,feat_gbm,0.25,46,207,-2.546029633759724,-2.4752738768021185
v9,feat_gbm,0.25,46,208,-2.9900346114572067,-2.8789590131308262
v9,feat_gbm,0.25,46,209,-2.8653846014496174,-2.6986856152036793
v9,feat_gbm,0.25,46,210,-0.04299541425348575,0.05837096406180189
v9,feat_gbm,0.25,46,211,-3.064705515552359,-2.2327070274631113
v9,feat_gbm,0.25,46,212,0.2450578568494615,0.15758807445032513
v9,feat_gbm,0.25,46,213,0.7689360420807618,0.5234750924970406
v9,feat_gbm,0.25,46,214,0.7463208653739454,0.8312555987922697
v9,feat_gbm,0.25,46,215,-0.7076611260482063,-0.7699972654610447
v9,feat_gbm,0.25,46,216,-2.6437611056346855,-2.4368834827463726
v9,feat_gbm,0.25,46,217,-3.600638522387365,-3.7421886443248944
v9,feat_gbm,0.25,46,218,-4.475078225168109,-4.3753265313120195
v9,feat_gbm,0.25,46,219,0.261284678574829,0.13181597567614448
v9,feat_gbm,0.25,46,220,-2.587225447045808,-2.150299196146146
v9,feat_gbm,0.25,46,221,0.56334829938718,0.4316281043505307
v9,feat_gbm,0.25,46,222,0.4561693353502608,0.20581216265343685
v9,feat_gbm,0.25,46,223,-2.153534811732033,-1.7226779576420432
v9,feat_gbm,0.25,46,224,1.1461687104374558,1.0701061526100661
v9,feat_gbm,0.25,46,225,-2.714583731993395,-2.995983076644188
v9,feat_gbm,0.25,46,226,-0.16014405712286145,-0.39103048890459524
v9,feat_gbm,0.25,46,227,-2.5860073168594386,-2.811377433191803
v9,feat_gbm,0.25,46,228,0.20500238114935487,0.1103569248772952
v9,feat_gbm,0.25,46,229,0.8835929621218823,1.0926797996732165
v9,feat_gbm,0.25,46,230,-1.063697268853579,-1.1465469989616057
v9,feat_gbm,0.25,46,231,-3.7193097700440587,-3.7045714701961474
v9,feat_gbm,0.25,46,232,-0.11429260511538211,-0.3205795311611984
v9,feat_gbm,0.25,46,233,-0.4623842430794665,-0.7282288274356463
v9,feat_gbm,0.25,46,234,-0.7628952490978185,-0.6143938277881194
v9,feat_gbm,0.25,46,235,-3.2364085859310587,-3.717493513170671
v9,feat_gbm,0.25,46,236,-2.171168531446841,-1.894186438607053
v9,feat_gbm,0.25,46,237,0.15600503017522,0.19101892391720615
v9,feat_gbm,0.25,46,238,-2.7270877029874416,-2.723653519266766
v9,feat_gbm,0.25,46,239,0.1783113706270965,0.28172679866345784
v9,feat_gbm,0.25,46,240,-0.7032390376573339,-0.570916259780521
v9,feat_gbm,0.25,46,241,-2.3364171623507257,-3.037607674189957
v9,feat_gbm,0.25,46,242,-2.5610298207755813,-2.4824067099880884
v9,feat_gbm,0.25,46,243,1.3539889764549742,1.793244191067856
v9,feat_gbm,0.25,46,244,-1.821209101940863,-2.170563194223024
v9,feat_gbm,0.25,46,245,-2.6620227801116436,-2.5580286375581696
v9,feat_gbm,0.25,46,246,-3.0624361691811055,-3.9013363177662743
v9,feat_gbm,0.25,46,247,-1.1440008903735897,-1.2689211715035387
v9,feat_gbm,0.25,46,248,-2.927610295910216,-2.89795980370705
v9,feat_gbm,0.25,46,249,-0.981587833261481,-1.149470325468549
v9,feat_gbm,0.25,46,250,-2.358027141442879,-2.1803876537888693
v9,feat_gbm,0.25,46,251,-1.0023657343521049,-1.2010659028736028
v9,feat_gbm,0.25,46,252,-2.7311082995730502,-2.675840590612525
v9,feat_gbm,0.25,46,253,-0.7899381100551179,-0.865421424414132
v9,feat_gbm,0.25,46,254,-0.362112687621944,-0.45089388998719687
v9,feat_gbm,0.25,46,255,-1.5328135943607553,-1.477655138121315
v9,feat_gbm,0.25,46,256,-1.9841324305654071,-1.9234128661936198
v9,feat_gbm,0.25,46,257,-0.5857107957326949,-0.8895479413744646
v9,feat_gbm,0.25,46,258,-1.3962966398579304,-1.284701881398344
v9,feat_gbm,0.25,46,259,-0.06958177119102983,0.03791276039075724
v9,feat_gbm,0.25,46,260,-1.3508184214692909,-1.213907680807544
v9,feat_gbm,0.25,46,261,-0.3502126573144014,-0.6937064881158975
v9,feat_gbm,0.25,46,262,-2.06373289236014,-2.500344974429108
v9,feat_gbm,0.25,46,263,-3.162727106654701,-3.0782877743164985
v9,feat_gbm,0.25,46,264,-2.9292979115741105,-3.2702790535172426
v9,feat_gbm,0.25,46,265,-0.33808809510570276,-0.15746453031192983
v9,feat_gbm,0.25,46,266,-1.5661226070242815,-1.3930653126164372
v9,feat_gbm,0.25,46,267,-4.246956708382817,-3.460520174484755
v9,feat_gbm,0.25,46,268,-2.0342706406870565,-1.8115923421665279
v9,feat_gbm,0.25,46,269,-0.08021715182966109,-0.04785951915829837
v9,feat_gbm,0.25,46,270,-1.2587528840034772,-1.3387838926701625
v9,feat_gbm,0.25,46,271,0.7076269994201507,0.6172482925771328
v9,feat_gbm,0.25,46,272,0.03644668766913767,0.10718580269537517
v9,feat_gbm,0.25,46,273,-2.8903153139000746,-2.4250613993713395
v9,feat_gbm,0.25,46,274,-0.32757717433979777,-0.4656136934058211
v9,feat_gbm,0.25,46,275,-1.6150179562769933,-1.7679071058666047
v9,feat_gbm,0.25,46,276,-0.07288253558384138,-0.15192249005847586
v9,feat_gbm,0.25,46,277,-0.15234299353379788,-0.22686658439221394
v9,feat_gbm,0.25,46,278,-0.05716348302451179,-0.3963273628232521
v9,feat_gbm,0.25,46,279,-2.4552309786599182,-2.1916982233579314
v9,feat_gbm,0.25,46,280,0.6919617543944805,0.5138857123822332
v9,feat_gbm,0.25,46,281,-0.9822686060864904,0.13501120436460418
v9,feat_gbm,0.25,46,282,-0.2087095251306163,-0.35232291748203215
v9,feat_gbm,0.25,46,283,0.456850023311051,0.33710059568630363
v9,feat_gbm,0.25,46,284,2.6495053064235785,2.2269494594330284
v9,feat_gbm,0.25,46,285,-0.4338798783128387,-0.8523290277873723
v9,feat_gbm,0.25,46,286,0.5352518461805503,0.5032694866056324
v9,feat_gbm,0.25,46,287,-3.503767317909271,-3.0734310124071125
v9,feat_gbm,0.25,46,288,-3.3164924555593274,-3.0969464995649485
v9,feat_gbm,0.25,46,289,0.9124478262890897,0.8088909840914691
v9,feat_gbm,0.25,46,290,-1.5547158136212003,-1.710735902712342
v9,feat_gbm,0.25,46,291,-0.2105809465480072,-0.24588513525180683
v9,feat_gbm,0.25,46,292,-3.146078794605199,-2.9910915714149957
v9,feat_gbm,0.25,46,293,0.011929353865719892,0.24397961438558982
v9,feat_gbm,0.25,46,294,0.9297351685686877,0.9827222917401395
v9,feat_gbm,0.25,46,295,1.3264115460522252,1.5399914318848642
v9,feat_gbm,0.25,46,296,-2.942782837183394,-3.028104854063688
v9,feat_gbm,0.25,46,297,-1.7976211131141104,-1.9675880903276046
v9,feat_gbm,0.25,46,298,0.3987556466827727,0.3882116190950413
v9,feat_gbm,0.25,46,299,-0.5445875233540695,-0.4169590587595381
v9,feat_gbm,0.25,46,300,-0.5355728559453306,-0.47104701624968015
v9,feat_gbm,0.25,46,301,-0.4311310542579357,-0.5788171023402015
v9,feat_gbm,0.25,46,302,-3.531185767046084,-3.325334912618423
v9,feat_gbm,0.25,46,303,0.1455272030817817,0.27214776974989446
v9,feat_gbm,0.25,46,304,0.30647592223498715,0.2838761456734127
v9,feat_gbm,0.25,46,305,0.8013920835028895,0.98356576927226
v9,feat_gbm,0.25,46,306,-2.077978709713384,-2.324804251846344
v9,feat_gbm,0.25,46,307,-0.0977008932390924,-0.30060412365222405
v9,feat_gbm,0.25,46,308,-3.7410788645172146,-3.5706943269006843
v9,feat_gbm,0.25,46,309,0.7990849524902609,0.7657986236992217
v9,feat_gbm,0.25,46,310,0.07439624851416855,-0.3760212383278314
v9,feat_gbm,0.25,46,311,0.8161268326692375,0.903367601886353
v9,feat_gbm,0.25,46,312,0.7649921830991663,0.2834145554969618
v9,feat_gbm,0.25,46,313,-0.5310126775784441,-0.8750381269167363
v9,feat_gbm,0.25,46,314,-1.6446874180265847,-0.8911054934067958
v9,feat_gbm,0.25,46,315,0.37363251503862066,0.2699623908229132
v9,feat_gbm,0.25,46,316,-3.8643327771548073,-4.034449774534175
v9,feat_gbm,0.25,46,317,0.4002788448041953,0.7302045063515665
v9,feat_gbm,0.25,46,318,-2.221782120963134,-2.5264159394565007
v9,feat_gbm,0.25,46,319,-3.1104911860282884,-3.1280680478747835
v9,feat_gbm,0.25,46,320,-0.5338429886852246,-0.623194388118803
v9,feat_gbm,0.25,46,321,-4.010400414288702,-4.172922463867305
v9,feat_gbm,0.25,46,322,1.0444881535682453,1.0714029341973417
v9,feat_gbm,0.25,46,323,-2.537194179882068,-2.5538050374755565
v9,feat_gbm,0.25,46,324,-1.478670322268318,-1.5310020975326282
v9,feat_gbm,0.25,46,325,-0.609271780854457,-0.735749980772127
v9,feat_gbm,0.25,46,326,-0.5702427146517501,-0.5010306012352705
v9,feat_gbm,0.25,46,327,-4.379903127896617,-4.393123087746285
v9,feat_gbm,0.25,46,328,0.7491869166157274,0.6439364857563509
v9,feat_gbm,0.25,46,329,-2.9628442645526896,-2.60760252445046
v9,feat_gbm,0.25,46,330,0.5447198079381901,0.46983427811083467
v9,feat_gbm,0.25,46,331,-1.1025084720617349,-1.149354435920189
v9,feat_gbm,0.25,46,332,-1.6751698097306909,-1.0961264399974935
v9,feat_gbm,0.25,46,333,1.118786080809889,1.4253561556633074
v9,feat_gbm,0.25,46,334,1.0442106310892467,1.0406546288822482
v9,feat_gbm,0.25,46,335,-0.4309975413312976,-0.1286217558512718
v9,feat_gbm,0.25,46,336,-1.565200683950449,-1.7275974260064488
v9,feat_gbm,0.25,46,337,-3.986285764643441,-4.535227665039715
v9,feat_gbm,0.25,46,338,-0.5891364667172394,-1.078833843619319
v9,feat_gbm,0.25,46,339,-1.8586397946900153,-2.035297396751524
v9,feat_gbm,0.25,46,340,0.19741955713221604,0.4788286932125707
v9,feat_gbm,0.25,46,341,-0.35693990280055754,-0.4595082096564039
v9,feat_gbm,0.25,46,342,-3.8983575555829346,-3.653430804591794
v9,feat_gbm,0.25,46,343,0.3487700384710167,0.2834522663037432
v9,feat_gbm,0.25,46,344,0.015768595644469433,-0.15984972455285287
v9,feat_gbm,0.25,46,345,-2.575315113591841,-3.8822970119574354
v9,feat_gbm,0.25,46,346,-2.8578449345042354,-2.5801989990218064
v9,feat_gbm,0.25,46,347,-3.694883400742724,-3.2622630695286134
v9,feat_gbm,0.25,46,348,-0.41116420633806916,-0.4894561152880944
v9,feat_gbm,0.25,46,349,-3.529402995734906,-3.0223552414624764
v9,feat_gbm,0.25,46,350,0.6299467329357065,0.4215072765335228
v9,feat_gbm,0.25,46,351,-2.2887930166736785,-1.8152752103400673
v9,feat_gbm,0.25,46,352,0.8183984573742022,1.102263670511441
v9,feat_gbm,0.25,46,353,1.234164341194042,1.4454852001466738
v9,feat_gbm,0.25,46,354,-3.6492313989709197,-3.6770060333191017
v9,feat_gbm,0.25,46,355,-3.990285069180074,-5.078652858832153
v9,feat_gbm,0.25,46,356,0.45022069960422756,0.7815322159665122
v9,feat_gbm,0.25,46,357,0.6543889032873129,0.6775133790495483
v9,feat_gbm,0.25,46,358,-3.7135930223401306,-3.5163570325540956
v9,feat_gbm,0.25,46,359,-2.9223324062197147,-4.157760523739404
v9,feat_gbm,0.25,46,360,-0.10517989064890237,-0.18386357284099003
v9,feat_gbm,0.25,46,361,-4.495257822467253,-4.477383009144865
v9,feat_gbm,0.25,46,362,0.18044285428869572,0.2909126951240761
v9,feat_gbm,0.25,46,363,-3.2400925746759546,-3.5121531596302606
v9,feat_gbm,0.25,46,364,0.3041343270164045,-0.0019354464452207268
v9,feat_gbm,0.25,46,365,-3.2525223250057764,-3.264666087597375
v9,feat_gbm,0.25,46,366,-1.395308984661925,-1.4961090632143375
v9,feat_gbm,0.25,46,367,0.026602376458043503,-0.10305907560987346
v9,feat_gbm,0.25,46,368,0.1290893881819997,0.24601275195113992
v9,feat_gbm,0.25,46,369,-1.8953608320664326,-1.6400355118163064
v9,feat_gbm,0.25,46,370,-1.2055652816192617,-1.5399226532969161
v9,feat_gbm,0.25,46,371,-0.23061658216195857,-0.3336387161155974
v9,feat_gbm,0.25,46,372,0.38680925358589624,0.3185760540422761
v9,feat_gbm,0.25,46,373,-0.11686677775178507,-0.30756424411789
v9,feat_gbm,0.25,46,374,-3.76476522517335,-3.551435429619069
v9,feat_gbm,0.25,46,375,0.21306343936228905,-0.12846918127015178
v9,feat_gbm,0.25,46,376,0.5130820363979226,0.43413099611324796
v9,feat_gbm,0.25,46,377,0.8721905751219311,0.8095384731463161
v9,feat_gbm,0.25,46,378,0.4243240076181272,0.20303525329731625
v9,feat_gbm,0.25,46,379,0.6551758704799894,0.524784145223057
v9,feat_gbm,0.25,46,380,0.5618442123072268,0.8722609808312535
v9,feat_gbm,0.25,46,381,0.8277682322460556,1.0190202163897197
v9,feat_gbm,0.25,46,382,0.8386393096600235,1.2715191268303472
v9,feat_gbm,0.25,46,383,0.012824736487343405,-0.13923746667536385
v9,feat_gbm,0.25,46,384,-1.5547134613946128,-1.7983983483294153
v9,feat_gbm,0.25,46,385,0.4465229513522846,0.5606037150840157
v9,feat_gbm,0.25,46,386,0.6939245848924355,0.6003456151224621
v9,feat_gbm,0.25,46,387,0.9992117195670227,1.3071718981356573
v9,feat_gbm,0.25,46,388,-0.14113033277051412,-0.19457283568776126
v9,feat_gbm,0.25,46,389,-1.0877253869740797,-0.981880356960367
v9,feat_gbm,0.25,46,390,-3.1008485743902323,-2.628024059072158
v9,feat_gbm,0.25,46,391,-2.4333680149799792,-2.479262758098376
v9,feat_gbm,0.25,46,392,-2.0742467452205657,-2.207941629114672
v9,feat_gbm,0.25,46,393,-3.193344165228127,-2.806586620215901
v9,feat_gbm,0.25,46,394,-0.0341466075151403,-0.16842623590390868
v9,feat_gbm,0.25,46,395,0.5092820756301563,0.3596423409999632
v9,feat_gbm,0.25,46,396,-2.5480372566187977,-3.117667066362407
v9,feat_gbm,0.25,46,397,0.9088608111670039,0.6134086288650079
v9,feat_gbm,0.25,46,398,0.5531232969307106,0.5049020087080688
v9,feat_gbm,0.25,46,399,-1.123702526055553,-1.0548605918119196
v9,feat_gbm,0.25,46,400,-3.0875427879804174,-2.877676775828332
v9,feat_gbm,0.25,46,401,-0.020295187986824417,0.015654415635624343
v9,feat_gbm,0.25,46,402,-0.5964590403096689,-0.7027824676465185
v9,feat_gbm,0.25,46,403,0.23284050966814562,0.6733427913489138
v9,feat_gbm,0.25,46,404,0.05225260626732816,0.03259550049258387
v9,feat_gbm,0.25,46,405,-3.5773514218720046,-3.4179416205706223
v9,feat_gbm,0.25,46,406,-1.5109759104000315,-1.6563158072976616
v9,feat_gbm,0.25,46,407,0.4296595410727339,0.3281041495218151
v9,feat_gbm,0.25,46,408,-1.5103265001438089,-1.498502430121411
v9,feat_gbm,0.25,46,409,-1.2129221022919685,-1.5390850133499359
v9,feat_gbm,0.25,46,410,-2.57016177755156,-3.8769914364338094
v9,feat_gbm,0.25,46,411,-0.9387196806222158,-1.1093409530974205
v9,feat_gbm,0.25,46,412,-2.596629673287468,-2.1356441225652167
v9,feat_gbm,0.25,46,413,0.5708158984487496,0.5613925387002681
v9,feat_gbm,0.25,46,414,-2.6284815208237666,-2.672303525149137
v9,feat_gbm,0.25,46,415,0.9838277774078046,0.9887747910888531
v9,feat_gbm,0.25,46,416,-1.9035352016665836,-2.064740642123073
v9,feat_gbm,0.25,46,417,-0.5006246928295411,-0.13534283366780814
v9,feat_gbm,0.25,46,418,0.4344604109030436,0.5266566940316069
v9,feat_gbm,0.25,46,419,-1.0011494910615995,-0.7929716308762645
v9,feat_gbm,0.25,46,420,0.3415866525018448,0.22081989653443584
v9,feat_gbm,0.25,46,421,-3.765990495178098,-3.4911396429773087
v9,feat_gbm,0.25,46,422,0.28617096449368035,0.4691563032653497
v9,feat_gbm,0.25,46,423,-0.24209314529249792,-0.21242164749251408
v9,feat_gbm,0.25,46,424,-2.239538996008464,-2.0235730224261497
v9,feat_gbm,0.25,46,425,-0.13799755286312207,0.1881042769243711
v9,feat_gbm,0.25,46,426,-1.097103418446162,-0.7546830882020855
v9,feat_gbm,0.25,46,427,-1.9273240564148966,-2.004418163271322
v9,feat_gbm,0.25,46,428,0.051140941110151654,0.08108350485015015
v9,feat_gbm,0.25,46,429,-1.2355242464258394,-0.8958783842144782
v9,feat_gbm,0.25,46,430,-0.6235886303916398,-0.700178367515834
v9,feat_gbm,0.25,46,431,-2.1188020441015194,-2.026447754843476
v9,feat_gbm,0.25,46,432,-3.590630008942561,-3.3644112924118934
v9,feat_gbm,0.25,46,433,-1.9930759733490861,-2.4777804975332844
v9,feat_gbm,0.25,46,434,-3.3389029425028984,-3.6407879329147783
v9,feat_gbm,0.25,46,435,0.6761545049895756,0.8140524350977956
v9,feat_gbm,0.25,46,436,-0.5608597033346141,-0.6342245759550225
v9,feat_gbm,0.25,46,437,-1.0130137765396205,-1.0170271575608654
v9,feat_gbm,0.25,46,438,1.118453943368247,1.2058566336630974
v9,feat_gbm,0.25,46,439,0.8665221544699276,1.04159183954478
v9,feat_gbm,0.25,46,440,-0.7345877786449995,-0.383754051292973
v9,feat_gbm,0.25,46,441,0.9457592498723046,0.9717849563735496
v9,feat_gbm,0.25,46,442,0.8446983953418399,0.915394257773604
v9,feat_gbm,0.25,46,443,0.08917977917564385,0.17619398118278368
v9,feat_gbm,0.25,46,444,-2.6795093056223824,-2.3026142847949007
v9,feat_gbm,0.25,46,445,-1.362654143275179,-2.156995715227189
v9,feat_gbm,0.25,46,446,-2.010556659609758,-1.9647154613855007
v9,feat_gbm,0.25,46,447,-0.9852450309610812,-1.2167428909736953
v9,feat_gbm,0.25,46,448,-0.09994238870740031,0.371748058948411
v9,feat_gbm,0.25,46,449,-3.7652504945916947,-3.354914600670279
v9,feat_gbm,0.25,46,450,-2.1966231245584953,-2.0984010901330774
v9,feat_gbm,0.25,46,451,-2.099784984811916,-1.8411195968283314
v9,feat_gbm,0.25,46,452,-0.21038736679470216,-0.2866386615093297
v9,feat_gbm,0.25,46,453,-1.9571600480218323,-2.1769502099219324
v9,feat_gbm,0.25,46,454,0.6582520965832099,0.851829112076475
v9,feat_gbm,0.25,46,455,-0.16667606598313736,-0.5174982843777256
v9,feat_gbm,0.25,46,456,-3.4878307953778114,-3.7883351795095335
v9,feat_gbm,0.25,46,457,-1.389023260731995,-1.3225504843777425
v9,feat_gbm,0.25,46,458,-0.49778273164628434,-0.6304710111145473
v9,feat_gbm,0.25,46,459,-2.994010162880533,-2.867776928577639
v9,feat_gbm,0.25,46,460,-0.1110886106942173,-0.20106453453544149
v9,feat_gbm,0.25,46,461,0.30135307927154203,0.565413433251147
v9,feat_gbm,0.25,46,462,0.39128828431535245,0.6531860801292728
v9,feat_gbm,0.25,46,463,-3.2955595921063665,-3.295531334571209
v9,feat_gbm,0.25,46,464,-0.9569691676337102,-1.118951529136503
v9,feat_gbm,0.25,46,465,0.13039316146683586,0.08535922256033004
v9,feat_gbm,0.25,46,466,0.02997496894532841,0.2656879386171551
v9,feat_gbm,0.25,46,467,-0.8218003755038787,-1.0764680911985907
v9,feat_gbm,0.25,46,468,2.4928729246907055,2.2503813782282114
v9,feat_gbm,0.25,46,469,0.1365872959486352,-0.029700274932011248
v9,feat_gbm,0.25,46,470,-2.721758847118744,-2.1918010579584375
v9,feat_gbm,0.25,46,471,-0.24358232926690354,-0.12537364897776127
v9,feat_gbm,0.25,46,472,-1.5153799347594803,-1.3714574409892777
v9,feat_gbm,0.25,46,473,-2.0880726188102665,-1.0216450817816245
v9,feat_gbm,0.25,46,474,-0.7777158320986082,-0.8313233833759152
v9,feat_gbm,0.25,46,475,-3.155586394958375,-3.25243582884057
v9,feat_gbm,0.25,46,476,0.7616260513919101,0.8737365575305754
v9,feat_gbm,0.25,46,477,-2.060542918014346,-1.8373017486027088
v9,feat_gbm,0.25,46,478,-1.6079318644540141,-1.909749317133085
v9,feat_gbm,0.25,46,479,0.44861144719350504,0.418341725137149
v9,feat_gbm,0.25,46,480,-3.0406697925555264,-2.8689304810445995
v9,feat_gbm,0.25,46,481,-4.294634393356551,-3.9192950012633494
v9,feat_gbm,0.25,46,482,0.9180835662366295,0.8191907452202399
v9,feat_gbm,0.25,46,483,-2.8067570828388586,-2.7371748494528005
v9,feat_gbm,0.25,46,484,-0.13315782474039345,0.043868991079412875
v9,feat_gbm,0.25,46,485,-3.2584699359427276,-3.9571024828402512
v9,feat_gbm,0.25,46,486,-1.0553606720012179,-0.8286091055291892
v9,feat_gbm,0.25,46,487,1.230493431102953,1.1086460137612473
v9,feat_gbm,0.25,46,488,-1.1152787775078652,-1.0899995989348372
v9,feat_gbm,0.25,46,489,-2.7138279895512483,-2.9260181182274523
v9,feat_gbm,0.25,46,490,-0.03898609957807222,0.01778898425240747
v9,feat_gbm,0.25,46,491,-0.5662380526646936,-0.388546054063584
v9,feat_gbm,0.25,46,492,-0.5922214877773625,-0.8483910406321095
v9,feat_gbm,0.25,46,493,-2.88729747904277,-2.4855190663855797
v9,feat_gbm,0.25,46,494,-0.44799718938103245,-0.6027729178489412
v9,feat_gbm,0.25,46,495,-1.3821722564919865,-1.5285925057254015
v9,feat_gbm,0.25,46,496,0.8109122379193877,1.0092174422839322
v9,feat_gbm,0.25,46,497,-2.3509699363271763,-2.421052301727873
v9,feat_gbm,0.25,46,498,-3.085429385177693,-3.2283141264699093
v9,feat_gbm,0.25,46,499,-4.346454914632022,-4.907212199848568
v9,feat_gbm,0.5,42,0,-0.2218258497798462,0.03894909458183669
v9,feat_gbm,0.5,42,1,-2.325542652230978,-2.5052564746229193
v9,feat_gbm,0.5,42,2,0.6193072384232519,0.6287827851917782
v9,feat_gbm,0.5,42,3,-3.1225396459969823,-3.3447289283878643
v9,feat_gbm,0.5,42,4,1.0076920884054608,0.9694015026406426
v9,feat_gbm,0.5,42,5,-2.2712681350587562,-2.4693709778233526
v9,feat_gbm,0.5,42,6,-0.13303415878925728,-0.2819211013310965
v9,feat_gbm,0.5,42,7,0.6627539972309296,0.5289578846490461
v9,feat_gbm,0.5,42,8,0.34241435850913954,0.032863622186365654
v9,feat_gbm,0.5,42,9,1.0996936836759037,0.9352707853930591
v9,feat_gbm,0.5,42,10,-1.8394140069347056,-1.5987558134683666
v9,feat_gbm,0.5,42,11,-3.1441271227968426,-3.2678706438993954
v9,feat_gbm,0.5,42,12,-2.180742834795886,-2.445380546146449
v9,feat_gbm,0.5,42,13,-0.1514391873676537,-0.4471217519653716
v9,feat_gbm,0.5,42,14,-1.8105291434517845,-1.8343062920535937
v9,feat_gbm,0.5,42,15,-2.6348992776377,-2.278287047942225
v9,feat_gbm,0.5,42,16,-0.862883737377287,-1.113015507562239
v9,feat_gbm,0.5,42,17,-0.866804343514457,-1.149386040828735
v9,feat_gbm,0.5,42,18,-0.4458999493963906,-0.4541092694382234
v9,feat_gbm,0.5,42,19,-3.005423517597224,-2.8798658660471284
v9,feat_gbm,0.5,42,20,-3.2963856270328016,-3.281006200299989
v9,feat_gbm,0.5,42,21,-0.7183100288744636,-0.7889402030111288
v9,feat_gbm,0.5,42,22,-1.085007351182733,-0.48114593055133975
v9,feat_gbm,0.5,42,23,-2.5721286474104867,-2.8038114998165153
v9,feat_gbm,0.5,42,24,-2.691518351270739,-2.6726430450531393
v9,feat_gbm,0.5,42,25,-3.3565234223546936,-3.141178249464176
v9,feat_gbm,0.5,42,26,-3.5101792182936493,-3.8612362310489847
v9,feat_gbm,0.5,42,27,-2.9050895364155345,-3.085821277369337
v9,feat_gbm,0.5,42,28,-2.30376821924185,-2.1153791712035637
v9,feat_gbm,0.5,42,29,-0.6499892626009984,-0.5854112868629942
v9,feat_gbm,0.5,42,30,0.2640467508793889,0.13849791927417068
v9,feat_gbm,0.5,42,31,-2.9370692285257856,-2.779654184179668
v9,feat_gbm,0.5,42,32,1.1803238125953817,0.9166392391011026
v9,feat_gbm,0.5,42,33,-1.6255392681828595,-2.134444297962007
v9,feat_gbm,0.5,42,34,0.7663005818386295,1.1224191581864646
v9,feat_gbm,0.5,42,35,-2.7550698184499285,-2.7514680837461087
v9,feat_gbm,0.5,42,36,0.6370663111077413,0.7493710802437775
v9,feat_gbm,0.5,42,37,-2.2454142020281713,-2.157600461660938
v9,feat_gbm,0.5,42,38,-2.0884189598095753,-1.7436371170468024
v9,feat_gbm,0.5,42,39,0.8107331850825302,0.632388610685479
v9,feat_gbm,0.5,42,40,-1.2831028137912683,-1.5024753827969588
v9,feat_gbm,0.5,42,41,-3.1208087669713374,-2.936018587066778
v9,feat_gbm,0.5,42,42,-0.11454421254683457,-0.06406961406287034
v9,feat_gbm,0.5,42,43,-0.48826744363975466,-0.43711075337934485
v9,feat_gbm,0.5,42,44,0.5821847688744273,0.521724778538647
v9,feat_gbm,0.5,42,45,0.6186825239992669,-0.02881562555915001
v9,feat_gbm,0.5,42,46,-3.0102864554960416,-2.6856700943784895
v9,feat_gbm,0.5,42,47,-3.5492508378950554,-3.3419513202228783
v9,feat_gbm,0.5,42,48,-0.21935516362650498,-0.35240032436669677
v9,feat_gbm,0.5,42,49,-3.6813016655114743,-4.466027560457086
v9,feat_gbm,0.5,42,50,-0.8351206634662335,-1.2227887404747313
v9,feat_gbm,0.5,42,51,-3.639288422988123,-4.168130875201601
v9,feat_gbm,0.5,42,52,-2.6182938877024897,-2.1825653069440887
v9,feat_gbm,0.5,42,53,-2.4363437504008494,-2.816977102698189
v9,feat_gbm,0.5,42,54,-0.9405683197004864,-0.9520374156321785
v9,feat_gbm,0.5,42,55,0.47436584097466794,0.800460094219776
v9,feat_gbm,0.5,42,56,0.2901039242128249,0.2782562560211116
v9,feat_gbm,0.5,42,57,0.0309202986176195,-0.7855200046266205
v9,feat_gbm,0.5,42,58,-2.929562683892385,-2.837973637743256
v9,feat_gbm,0.5,42,59,0.2921859916715905,0.3653424354755994
v9,feat_gbm,0.5,42,60,-3.091727866175316,-3.145987746693799
v9,feat_gbm,0.5,42,61,-2.314255349153366,-2.1381844357326614
v9,feat_gbm,0.5,42,62,0.7836340547861922,0.3908315550690521
v9,feat_gbm,0.5,42,63,-3.4255021863522366,-3.259739876316779
v9,feat_gbm,0.5,42,64,-3.9091624217261693,-3.799325775609258
v9,feat_gbm,0.5,42,65,-0.17864027560419507,0.2842997557356093
v9,feat_gbm,0.5,42,66,0.8717384785894907,0.9099380077885143
v9,feat_gbm,0.5,42,67,0.5221032444422782,0.5741223235018287
v9,feat_gbm,0.5,42,68,1.12332033741429,1.3807263582335993
v9,feat_gbm,0.5,42,69,0.9124912653656894,2.7357387204405055
v9,feat_gbm,0.5,42,70,-0.1803345756307717,-0.3782017485149665
v9,feat_gbm,0.5,42,71,-0.6428680438568588,-0.6946521973220513
v9,feat_gbm,0.5,42,72,-3.5645974045522295,-3.510295151868067
v9,feat_gbm,0.5,42,73,-0.12195958690847952,-0.3643686170400702
v9,feat_gbm,0.5,42,74,1.1669325083478197,1.1835884152793859
v9,feat_gbm,0.5,42,75,-0.04327291116047802,-0.38644824542838596
v9,feat_gbm,0.5,42,76,0.35154049620708594,0.7005004452467647
v9,feat_gbm,0.5,42,77,0.22302272499930062,0.3770911051312199
v9,feat_gbm,0.5,42,78,-0.5653042661909561,-0.5374783823521183
v9,feat_gbm,0.5,42,79,-2.9718258777368125,-3.2499450611549854
v9,feat_gbm,0.5,42,80,-1.9589739249859004,-1.719925172279684
v9,feat_gbm,0.5,42,81,0.8883289803076398,1.8185710395242058
v9,feat_gbm,0.5,42,82,-1.2583343556299174,-1.0758778979961314
v9,feat_gbm,0.5,42,83,-0.41227707723907947,-0.8033140510569362
v9,feat_gbm,0.5,42,84,-2.261949237466112,-2.0837035815006346
v9,feat_gbm,0.5,42,85,-0.9344500864980368,-1.2430797823904942
v9,feat_gbm,0.5,42,86,0.8092293478466623,0.639317965424242
v9,feat_gbm,0.5,42,87,-0.17991730040999698,-0.02321591952008587
v9,feat_gbm,0.5,42,88,-3.214730345419797,-3.512086916650174
v9,feat_gbm,0.5,42,89,-1.6305908217450718,-1.684363733317816
v9,feat_gbm,0.5,42,90,-3.843465559030003,-3.5341996208099964
v9,feat_gbm,0.5,42,91,0.7432657839780532,1.1574629997660548
v9,feat_gbm,0.5,42,92,-1.062384502338765,-0.7651863719989663
v9,feat_gbm,0.5,42,93,-4.007146257024802,-5.7708125015304885
v9,feat_gbm,0.5,42,94,-0.0007969116326843493,0.07374698385127064
v9,feat_gbm,0.5,42,95,0.7117394784209673,1.201566413592891
v9,feat_gbm,0.5,42,96,1.6120697006122087,1.2655480006709303
v9,feat_gbm,0.5,42,97,-3.4705694061173866,-3.2217777708537843
v9,feat_gbm,0.5,42,98,-1.6128441738234789,-1.2120387208328698
v9,feat_gbm,0.5,42,99,-0.3334673245816392,-0.04015373686183237
v9,feat_gbm,0.5,42,100,-2.5951736608796905,-2.8384481914339785
v9,feat_gbm,0.5,42,101,-3.1752910242079917,-3.541068619782685
v9,feat_gbm,0.5,42,102,-3.9976059736931613,-4.424727465058162
v9,feat_gbm,0.5,42,103,-0.6872906984024755,-0.7652009130347144
v9,feat_gbm,0.5,42,104,-0.734979039293233,-0.406664655497914
v9,feat_gbm,0.5,42,105,-2.7437697666271683,-2.8019031633754246
v9,feat_gbm,0.5,42,106,-1.1263652698878608,-1.1978192780958505
v9,feat_gbm,0.5,42,107,-0.9388469383809009,-1.2497822804421463
v9,feat_gbm,0.5,42,108,-0.07721644493720037,-0.2003702404752673
v9,feat_gbm,0.5,42,109,-0.30034219876610735,-0.28745536208379296
v9,feat_gbm,0.5,42,110,0.481384657573497,0.2838469771831524
v9,feat_gbm,0.5,42,111,0.2988822829087434,0.6579850926301614
v9,feat_gbm,0.5,42,112,0.07089843182190778,-0.4279263804064609
v9,feat_gbm,0.5,42,113,0.6203035603178848,0.527327823801956
v9,feat_gbm,0.5,42,114,-3.651355605020829,-3.652947895428966
v9,feat_gbm,0.5,42,115,-0.9153352527180078,-0.04287987221360797
v9,feat_gbm,0.5,42,116,-3.808482586558547,-3.4409421360670214
v9,feat_gbm,0.5,42,117,-2.5658752078908798,-2.4284095097884006
v9,feat_gbm,0.5,42,118,-1.6776746491928962,-1.419217075367618
v9,feat_gbm,0.5,42,119,-2.3451003067637797,-1.4944271796191557
v9,feat_gbm,0.5,42,120,-2.8087907962945415,-2.797137626437216
v9,feat_gbm,0.5,42,121,1.4557838896853195,3.1321125804877905
v9,feat_gbm,0.5,42,122,-2.6690217710535986,-3.164895556438051
v9,feat_gbm,0.5,42,123,0.1654105716094279,-0.021234684620174846
v9,feat_gbm,0.5,42,124,-1.646292129153855,-1.246001114532972
v9,feat_gbm,0.5,42,125,-2.6442589080182706,-2.7130193085566443
v9,feat_gbm,0.5,42,126,-2.091516992756872,-2.0560780011130944
v9,feat_gbm,0.5,42,127,-1.6837631843107415,-1.631222331554067
v9,feat_gbm,0.5,42,128,-2.644685221461508,-3.477307725783656
v9,feat_gbm,0.5,42,129,1.321645117523628,1.7007542891568868
v9,feat_gbm,0.5,42,130,-4.0123010581010625,-3.4021624962570822
v9,feat_gbm,0.5,42,131,-3.335545056425827,-3.701149444421242
v9,feat_gbm,0.5,42,132,0.031385254584831,-0.4116741376471012
v9,feat_gbm,0.5,42,133,-0.644328938404524,-0.5680375850475197
v9,feat_gbm,0.5,42,134,-1.2580213443331971,-1.4788189923590598
v9,feat_gbm,0.5,42,135,-2.458418506117186,-2.9896549957503007
v9,feat_gbm,0.5,42,136,0.330655192018379,0.11194117436713467
v9,feat_gbm,0.5,42,137,1.2636860776125718,1.7147062893715772
v9,feat_gbm,0.5,42,138,-1.7967156140077472,-1.9709125209383296
v9,feat_gbm,0.5,42,139,0.03540011930394633,0.19937477723826902
v9,feat_gbm,0.5,42,140,-2.7937963504466525,-2.8223726616431475
v9,feat_gbm,0.5,42,141,-0.0916565076240217,-0.12380828599000025
v9,feat_gbm,0.5,42,142,-3.072218469580195,-2.97521232911642
v9,feat_gbm,0.5,42,143,-2.025143978205495,-1.9484557479617686
v9,feat_gbm,0.5,42,144,1.302438901433951,1.244093655886106
v9,feat_gbm,0.5,42,145,-2.464223725233802,-2.0280859266176816
v9,feat_gbm,0.5,42,146,-1.95165388464366,-2.0754073031653366
v9,feat_gbm,0.5,42,147,0.07205570641080898,-0.11331641159387335
v9,feat_gbm,0.5,42,148,-2.3721298641368667,-2.620298039600635
v9,feat_gbm,0.5,42,149,-3.038878090454581,-3.8395532227602396
v9,feat_gbm,0.5,42,150,-1.983182134990396,-2.149698272240366
v9,feat_gbm,0.5,42,151,-3.262537557699826,-3.1594376779318036
v9,feat_gbm,0.5,42,152,-2.1819399177534957,-2.7712141114581046
v9,feat_gbm,0.5,42,153,-1.1969982316808143,-1.1483368403810985
v9,feat_gbm,0.5,42,154,-1.4178260574026904,-1.4700676700115773
v9,feat_gbm,0.5,42,155,0.9340322831952026,1.4088416749712322
v9,feat_gbm,0.5,42,156,0.6320850654255157,0.7564704220494097
v9,feat_gbm,0.5,42,157,-2.195737187652583,-1.7148995557963913
v9,feat_gbm,0.5,42,158,-2.4253180246539463,-2.8595355115547196
v9,feat_gbm,0.5,42,159,-1.2732062807349565,-0.9922400520728849
v9,feat_gbm,0.5,42,160,0.9878000563944763,1.8585227307534937
v9,feat_gbm,0.5,42,161,-2.313644186026007,-2.477654537850602
v9,feat_gbm,0.5,42,162,-2.9572845783230814,-2.993764039868935
v9,feat_gbm,0.5,42,163,-1.198190175025707,-1.1722671160336509
v9,feat_gbm,0.5,42,164,-1.7798682509856552,-1.6577576086204497
v9,feat_gbm,0.5,42,165,-2.767061878814398,-2.9770186999323642
v9,feat_gbm,0.5,42,166,-3.5254902491789117,-3.2329952824425443
v9,feat_gbm,0.5,42,167,0.05265658268135759,0.19550508612775644
v9,feat_gbm,0.5,42,168,-1.003581579266166,-1.2639642813248737
v9,feat_gbm,0.5,42,169,1.471764468526464,1.4224064134580066
v9,feat_gbm,0.5,42,170,-2.181818017933796,-1.5303724784706008
v9,feat_gbm,0.5,42,171,0.6791961210287392,0.6086346650572224
v9,feat_gbm,0.5,42,172,-0.004519925381889241,-0.052232489626048526
v9,feat_gbm,0.5,42,173,-0.18150980124872038,-0.19074605880313256
v9,feat_gbm,0.5,42,174,-2.4822549323684924,-2.7678232596734214
v9,feat_gbm,0.5,42,175,-2.1407181048276627,-1.6557092188829319
v9,feat_gbm,0.5,42,176,0.2166936349834199,0.12081831439914445
v9,feat_gbm,0.5,42,177,0.8406729612129613,3.7031714993021168
v9,feat_gbm,0.5,42,178,-0.2704132735034157,-0.17761292562564054
v9,feat_gbm,0.5,42,179,-0.024704630604919817,0.2295122735959306
v9,feat_gbm,0.5,42,180,-1.6280984137729602,-1.6401012725318311
v9,feat_gbm,0.5,42,181,-2.418978219111398,-3.399461101549646
v9,feat_gbm,0.5,42,182,0.5781222700830403,0.5421608664871393
v9,feat_gbm,0.5,42,183,-3.973318132796377,-3.7858185839721776
v9,feat_gbm,0.5,42,184,0.2883362546726312,0.4440956773301304
v9,feat_gbm,0.5,42,185,0.44742126868256343,0.5450962365111649
v9,feat_gbm,0.5,42,186,-3.3800542867647656,-3.094441269353033
v9,feat_gbm,0.5,42,187,1.0777273652310155,1.436275522654785
v9,feat_gbm,0.5,42,188,-0.03389502247300472,-0.003208414280501246
v9,feat_gbm,0.5,42,189,-1.7044230549408717,-2.0766448721687736
v9,feat_gbm,0.5,42,190,-2.9597258315487105,-2.887011097372245
v9,feat_gbm,0.5,42,191,0.041077570888952225,-0.19564387773269687
v9,feat_gbm,0.5,42,192,-3.7709013941787304,-3.39219136175158
v9,feat_gbm,0.5,42,193,-4.297420771189405,-4.804455114758695
v9,feat_gbm,0.5,42,194,-0.05099212107260043,-0.23230879418151415
v9,feat_gbm,0.5,42,195,0.9788795356860777,0.7768952289284052
v9,feat_gbm,0.5,42,196,-3.699600338087021,-3.0758975731441707
v9,feat_gbm,0.5,42,197,1.8963672567628576,1.8852948766094535
v9,feat_gbm,0.5,42,198,0.10256724067408585,-0.07474663349946693
v9,feat_gbm,0.5,42,199,1.4113977507979665,0.9295509098669842
v9,feat_gbm,0.5,42,200,0.3802941691143964,0.40408761039079466
v9,feat_gbm,0.5,42,201,-1.34374680121103,-1.0185563947000995
v9,feat_gbm,0.5,42,202,-1.5043169309204598,-1.5812541435625456
v9,feat_gbm,0.5,42,203,-2.3108073714307706,-2.9269603411540346
v9,feat_gbm,0.5,42,204,-0.1251343679587422,-0.9368237022381455
v9,feat_gbm,0.5,42,205,-0.9489728167472409,-0.771906247259438
v9,feat_gbm,0.5,42,206,-1.7844142781095178,-1.4457766532498904
v9,feat_gbm,0.5,42,207,-2.6640374382159546,-2.4752738768021185
v9,feat_gbm,0.5,42,208,-2.8610462745760925,-2.8789590131308262
v9,feat_gbm,0.5,42,209,-2.499313348435671,-2.6986856152036793
v9,feat_gbm,0.5,42,210,0.14416897023769887,0.05837096406180189
v9,feat_gbm,0.5,42,211,-2.990782244343024,-2.2327070274631113
v9,feat_gbm,0.5,42,212,0.14238643921527658,0.15758807445032513
v9,feat_gbm,0.5,42,213,0.6573265385924991,0.5234750924970406
v9,feat_gbm,0.5,42,214,1.1025976665195643,0.8312555987922697
v9,feat_gbm,0.5,42,215,-0.7987982189365098,-0.7699972654610447
v9,feat_gbm,0.5,42,216,-2.499620402260121,-2.4368834827463726
v9,feat_gbm,0.5,42,217,-3.4809132446724,-3.7421886443248944
v9,feat_gbm,0.5,42,218,-4.263099951044234,-4.3753265313120195
v9,feat_gbm,0.5,42,219,0.10933739403346937,0.13181597567614448
v9,feat_gbm,0.5,42,220,-2.591242685311621,-2.150299196146146
v9,feat_gbm,0.5,42,221,0.7082898664518964,0.4316281043505307
v9,feat_gbm,0.5,42,222,0.7328230971503493,0.20581216265343685
v9,feat_gbm,0.5,42,223,-2.114419245403875,-1.7226779576420432
v9,feat_gbm,0.5,42,224,1.0507806369355477,1.0701061526100661
v9,feat_gbm,0.5,42,225,-2.3294838559880686,-2.995983076644188
v9,feat_gbm,0.5,42,226,-0.3711414141925653,-0.39103048890459524
v9,feat_gbm,0.5,42,227,-2.331223711810111,-2.811377433191803
v9,feat_gbm,0.5,42,228,0.14263823095565137,0.1103569248772952
v9,feat_gbm,0.5,42,229,1.0768275738477764,1.0926797996732165
v9,feat_gbm,0.5,42,230,-1.2343153986685285,-1.1465469989616057
v9,feat_gbm,0.5,42,231,-3.607959660247818,-3.7045714701961474
v9,feat_gbm,0.5,42,232,-0.23608352301291868,-0.3205795311611984
v9,feat_gbm,0.5,42,233,-0.278120161627644,-0.7282288274356463
v9,feat_gbm,0.5,42,234,-0.6048848121390635,-0.6143938277881194
v9,feat_gbm,0.5,42,235,-3.006007089920958,-3.717493513170671
v9,feat_gbm,0.5,42,236,-2.0044877005606243,-1.894186438607053
v9,feat_gbm,0.5,42,237,-0.08927311812241748,0.19101892391720615
v9,feat_gbm,0.5,42,238,-2.488930862482123,-2.723653519266766
v9,feat_gbm,0.5,42,239,0.02971385089207298,0.28172679866345784
v9,feat_gbm,0.5,42,240,-0.9022689686716616,-0.570916259780521
v9,feat_gbm,0.5,42,241,-2.427248099875243,-3.037607674189957
v9,feat_gbm,0.5,42,242,-2.6240268831629487,-2.4824067099880884
v9,feat_gbm,0.5,42,243,1.0518621102325079,1.793244191067856
v9,feat_gbm,0.5,42,244,-1.7710777705532688,-2.170563194223024
v9,feat_gbm,0.5,42,245,-2.6641098016284452,-2.5580286375581696
v9,feat_gbm,0.5,42,246,-3.075854696009405,-3.9013363177662743
v9,feat_gbm,0.5,42,247,-1.3771861221155786,-1.2689211715035387
v9,feat_gbm,0.5,42,248,-2.8558979983077224,-2.89795980370705
v9,feat_gbm,0.5,42,249,-1.0335489791950045,-1.149470325468549
v9,feat_gbm,0.5,42,250,-2.571440586051951,-2.1803876537888693
v9,feat_gbm,0.5,42,251,-1.1947147220847947,-1.2010659028736028
v9,feat_gbm,0.5,42,252,-2.724232658445799,-2.675840590612525
v9,feat_gbm,0.5,42,253,-0.9783778798558291,-0.865421424414132
v9,feat_gbm,0.5,42,254,-0.441118356932118,-0.45089388998719687
v9,feat_gbm,0.5,42,255,-1.6065147227903283,-1.477655138121315
v9,feat_gbm,0.5,42,256,-1.9162148901780067,-1.9234128661936198
v9,feat_gbm,0.5,42,257,-0.7441399315147822,-0.8895479413744646
v9,feat_gbm,0.5,42,258,-1.4498185840219449,-1.284701881398344
v9,feat_gbm,0.5,42,259,-0.18552957078059615,0.03791276039075724
v9,feat_gbm,0.5,42,260,-0.85293357516618,-1.213907680807544
v9,feat_gbm,0.5,42,261,-0.38433637114832375,-0.6937064881158975
v9,feat_gbm,0.5,42,262,-1.8857358716166017,-2.500344974429108
v9,feat_gbm,0.5,42,263,-2.938226048390163,-3.0782877743164985
v9,feat_gbm,0.5,42,264,-2.664473677070499,-3.2702790535172426
v9,feat_gbm,0.5,42,265,-0.4271888191911392,-0.15746453031192983
v9,feat_gbm,0.5,42,266,-1.3981155523120552,-1.3930653126164372
v9,feat_gbm,0.5,42,267,-4.201356014943104,-3.460520174484755
v9,feat_gbm,0.5,42,268,-2.014906525035729,-1.8115923421665279
v9,feat_gbm,0.5,42,269,0.12179819299384051,-0.04785951915829837
v9,feat_gbm,0.5,42,270,-1.3592853722017069,-1.3387838926701625
v9,feat_gbm,0.5,42,271,0.8307369238835826,0.6172482925771328
v9,feat_gbm,0.5,42,272,0.304471484937755,0.10718580269537517
v9,feat_gbm,0.5,42,273,-2.858746485388969,-2.4250613993713395
v9,feat_gbm,0.5,42,274,-0.16127322282269566,-0.4656136934058211
v9,feat_gbm,0.5,42,275,-1.6512078867190518,-1.7679071058666047
v9,feat_gbm,0.5,42,276,-0.1911974477165211,-0.15192249005847586
v9,feat_gbm,0.5,42,277,-0.3331490624204798,-0.22686658439221394
v9,feat_gbm,0.5,42,278,-0.21660594152031148,-0.3963273628232521
v9,feat_gbm,0.5,42,279,-2.516384980077157,-2.1916982233579314
v9,feat_gbm,0.5,42,280,0.6304240948669062,0.5138857123822332
v9,feat_gbm,0.5,42,281,0.05098017149823201,0.13501120436460418
v9,feat_gbm,0.5,42,282,0.0014212116221048081,-0.35232291748203215
v9,feat_gbm,0.5,42,283,0.5120927163443362,0.33710059568630363
v9,feat_gbm,0.5,42,284,2.179101625817622,2.2269494594330284
v9,feat_gbm,0.5,42,285,-0.40769124222919073,-0.8523290277873723
v9,feat_gbm,0.5,42,286,0.42768539524690646,0.5032694866056324
v9,feat_gbm,0.5,42,287,-3.5715967925991627,-3.0734310124071125
v9,feat_gbm,0.5,42,288,-3.153614508021815,-3.0969464995649485
v9,feat_gbm,0.5,42,289,0.7071659844122098,0.8088909840914691
v9,feat_gbm,0.5,42,290,-1.765385967488904,-1.710735902712342
v9,feat_gbm,0.5,42,291,-0.4200934314089166,-0.24588513525180683
v9,feat_gbm,0.5,42,292,-3.056251894807268,-2.9910915714149957
v9,feat_gbm,0.5,42,293,0.05138109122672669,0.24397961438558982
v9,feat_gbm,0.5,42,294,0.9565361883282066,0.9827222917401395
v9,feat_gbm,0.5,42,295,0.8615851906508342,1.5399914318848642
v9,feat_gbm,0.5,42,296,-2.76902446930959,-3.028104854063688
v9,feat_gbm,0.5,42,297,-1.8119971208866095,-1.9675880903276046
v9,feat_gbm,0.5,42,298,0.5668608622154133,0.3882116190950413
v9,feat_gbm,0.5,42,299,-0.48676197402086785,-0.4169590587595381
v9,feat_gbm,0.5,42,300,-0.5888891486054167,-0.47104701624968015
v9,feat_gbm,0.5,42,301,-0.7118212319601559,-0.5788171023402015
v9,feat_gbm,0.5,42,302,-3.6143846938842974,-3.325334912618423
v9,feat_gbm,0.5,42,303,0.25737806899939747,0.27214776974989446
v9,feat_gbm,0.5,42,304,0.11244389963935669,0.2838761456734127
v9,feat_gbm,0.5,42,305,0.6806424472886622,0.98356576927226
v9,feat_gbm,0.5,42,306,-1.8583708397546084,-2.324804251846344
v9,feat_gbm,0.5,42,307,-0.26910092288405213,-0.30060412365222405
v9,feat_gbm,0.5,42,308,-3.7344452988069063,-3.5706943269006843
v9,feat_gbm,0.5,42,309,0.39799294182924505,0.7657986236992217
v9,feat_gbm,0.5,42,310,-0.23803607454181094,-0.3760212383278314
v9,feat_gbm,0.5,42,311,0.7466055447503026,0.903367601886353
v9,feat_gbm,0.5,42,312,0.46880760630683493,0.2834145554969618
v9,feat_gbm,0.5,42,313,-0.38087777526138344,-0.8750381269167363
v9,feat_gbm,0.5,42,314,-1.601152654396582,-0.8911054934067958
v9,feat_gbm,0.5,42,315,0.4128691972365379,0.2699623908229132
v9,feat_gbm,0.5,42,316,-3.5700230545372778,-4.034449774534175
v9,feat_gbm,0.5,42,317,0.31173045704258845,0.7302045063515665
v9,feat_gbm,0.5,42,318,-2.214418491739458,-2.5264159394565007
v9,feat_gbm,0.5,42,319,-3.174846352104408,-3.1280680478747835
v9,feat_gbm,0.5,42,320,-0.18287261080733577,-0.623194388118803
v9,feat_gbm,0.5,42,321,-3.9978130213409124,-4.172922463867305
v9,feat_gbm,0.5,42,322,1.1066251562269687,1.0714029341973417
v9,feat_gbm,0.5,42,323,-2.4161914237466453,-2.5538050374755565
v9,feat_gbm,0.5,42,324,-1.5516866771765117,-1.5310020975326282
v9,feat_gbm,0.5,42,325,-0.6407345905924933,-0.735749980772127
v9,feat_gbm,0.5,42,326,-0.7121941509482129,-0.5010306012352705
v9,feat_gbm,0.5,42,327,-3.8875364007794584,-4.393123087746285
v9,feat_gbm,0.5,42,328,0.5557872356501995,0.6439364857563509
v9,feat_gbm,0.5,42,329,-3.1201490643849086,-2.60760252445046
v9,feat_gbm,0.5,42,330,0.7179712644596074,0.46983427811083467
v9,feat_gbm,0.5,42,331,-0.9123805110399917,-1.149354435920189
v9,feat_gbm,0.5,42,332,-2.2037643787622923,-1.0961264399974935
v9,feat_gbm,0.5,42,333,0.9551920456907497,1.4253561556633074
v9,feat_gbm,0.5,42,334,0.9194289030311242,1.0406546288822482
v9,feat_gbm,0.5,42,335,-0.3700183533888451,-0.1286217558512718
v9,feat_gbm,0.5,42,336,-1.7723342373663171,-1.7275974260064488
v9,feat_gbm,0.5,42,337,-3.348446051209984,-4.535227665039715
v9,feat_gbm,0.5,42,338,-0.35510005623306046,-1.078833843619319
v9,feat_gbm,0.5,42,339,-1.8321048637185704,-2.035297396751524
v9,feat_gbm,0.5,42,340,0.0009711617549482839,0.4788286932125707
v9,feat_gbm,0.5,42,341,-0.2524649396797493,-0.4595082096564039
v9,feat_gbm,0.5,42,342,-3.8410356153169674,-3.653430804591794
v9,feat_gbm,0.5,42,343,0.4939919929186226,0.2834522663037432
v9,feat_gbm,0.5,42,344,0.022992447552877767,-0.15984972455285287
v9,feat_gbm,0.5,42,345,-2.177045424643685,-3.8822970119574354
v9,feat_gbm,0.5,42,346,-2.7391542904783663,-2.5801989990218064
v9,feat_gbm,0.5,42,347,-3.500171626139517,-3.2622630695286134
v9,feat_gbm,0.5,42,348,-0.6483663824480722,-0.4894561152880944
v9,feat_gbm,0.5,42,349,-3.6686128312901634,-3.0223552414624764
v9,feat_gbm,0.5,42,350,0.5445918667726798,0.4215072765335228
v9,feat_gbm,0.5,42,351,-1.8957501307766984,-1.8152752103400673
v9,feat_gbm,0.5,42,352,0.7391963470461136,1.102263670511441
v9,feat_gbm,0.5,42,353,0.9511461610577723,1.4454852001466738
v9,feat_gbm,0.5,42,354,-3.488168934144681,-3.6770060333191017
v9,feat_gbm,0.5,42,355,-3.700754851380534,-5.078652858832153
v9,feat_gbm,0.5,42,356,0.4888887904863908,0.7815322159665122
v9,feat_gbm,0.5,42,357,0.5253200036275653,0.6775133790495483
v9,feat_gbm,0.5,42,358,-3.591900202843412,-3.5163570325540956
v9,feat_gbm,0.5,42,359,-2.9742445940669264,-4.157760523739404
v9,feat_gbm,0.5,42,360,-0.11365588495881071,-0.18386357284099003
v9,feat_gbm,0.5,42,361,-4.133488070987233,-4.477383009144865
v9,feat_gbm,0.5,42,362,0.11938611405664033,0.2909126951240761
v9,feat_gbm,0.5,42,363,-3.3930095187260148,-3.5121531596302606
v9,feat_gbm,0.5,42,364,0.22356483942116265,-0.0019354464452207268
v9,feat_gbm,0.5,42,365,-3.3969768157254014,-3.264666087597375
v9,feat_gbm,0.5,42,366,-1.241097204557632,-1.4961090632143375
v9,feat_gbm,0.5,42,367,-0.11113296085245572,-0.10305907560987346
v9,feat_gbm,0.5,42,368,0.1331912381929959,0.24601275195113992
v9,feat_gbm,0.5,42,369,-2.003002236627894,-1.6400355118163064
v9,feat_gbm,0.5,42,370,-1.1178563021111831,-1.5399226532969161
v9,feat_gbm,0.5,42,371,-0.03863930007791274,-0.3336387161155974
v9,feat_gbm,0.5,42,372,0.30872569641662906,0.3185760540422761
v9,feat_gbm,0.5,42,373,-0.34961531460999334,-0.30756424411789
v9,feat_gbm,0.5,42,374,-3.7416001947871647,-3.551435429619069
v9,feat_gbm,0.5,42,375,0.017220788908239484,-0.12846918127015178
v9,feat_gbm,0.5,42,376,0.5160290519849594,0.43413099611324796
v9,feat_gbm,0.5,42,377,0.7185883589300124,0.8095384731463161
v9,feat_gbm,0.5,42,378,0.29831442218869136,0.20303525329731625
v9,feat_gbm,0.5,42,379,0.6809514967905915,0.524784145223057
v9,feat_gbm,0.5,42,380,0.3536359845776167,0.8722609808312535
v9,feat_gbm,0.5,42,381,0.8898394477008099,1.0190202163897197
v9,feat_gbm,0.5,42,382,0.7307675724629159,1.2715191268303472
v9,feat_gbm,0.5,42,383,-0.15568586171771157,-0.13923746667536385
v9,feat_gbm,0.5,42,384,-1.6643338621499295,-1.7983983483294153
v9,feat_gbm,0.5,42,385,0.3417874401400332,0.5606037150840157
v9,feat_gbm,0.5,42,386,0.8126839127928109,0.6003456151224621
v9,feat_gbm,0.5,42,387,0.982140834471613,1.3071718981356573
v9,feat_gbm,0.5,42,388,-0.3309349328462337,-0.19457283568776126
v9,feat_gbm,0.5,42,389,-1.262573319910669,-0.981880356960367
v9,feat_gbm,0.5,42,390,-3.090157652600631,-2.628024059072158
v9,feat_gbm,0.5,42,391,-2.5142050344210563,-2.479262758098376
v9,feat_gbm,0.5,42,392,-2.1241908970093633,-2.207941629114672
v9,feat_gbm,0.5,42,393,-3.108784929285288,-2.806586620215901
v9,feat_gbm,0.5,42,394,-0.1459729821588282,-0.16842623590390868
v9,feat_gbm,0.5,42,395,0.5035927360945046,0.3596423409999632
v9,feat_gbm,0.5,42,396,-2.630618630685359,-3.117667066362407
v9,feat_gbm,0.5,42,397,0.651496656374178,0.6134086288650079
v9,feat_gbm,0.5,42,398,0.4451882513996561,0.5049020087080688
v9,feat_gbm,0.5,42,399,-1.415950215480802,-1.0548605918119196
v9,feat_gbm,0.5,42,400,-2.8676612962442007,-2.877676775828332
v9,feat_gbm,0.5,42,401,0.23996471679730647,0.015654415635624343
v9,feat_gbm,0.5,42,402,-0.6373675273409135,-0.7027824676465185
v9,feat_gbm,0.5,42,403,0.2616399935937873,0.6733427913489138
v9,feat_gbm,0.5,42,404,0.2611152472314719,0.03259550049258387
v9,feat_gbm,0.5,42,405,-3.5028435769867383,-3.4179416205706223
v9,feat_gbm,0.5,42,406,-1.4955430681042603,-1.6563158072976616
v9,feat_gbm,0.5,42,407,0.3924578347451351,0.3281041495218151
v9,feat_gbm,0.5,42,408,-1.7077446265526914,-1.498502430121411
v9,feat_gbm,0.5,42,409,-1.796522551634096,-1.5390850133499359
v9,feat_gbm,0.5,42,410,-2.465260300693912,-3.8769914364338094
v9,feat_gbm,0.5,42,411,-1.1499733378107042,-1.1093409530974205
v9,feat_gbm,0.5,42,412,-2.5036367634037275,-2.1356441225652167
v9,feat_gbm,0.5,42,413,0.4953791995989401,0.5613925387002681
v9,feat_gbm,0.5,42,414,-2.3329420661308635,-2.672303525149137
v9,feat_gbm,0.5,42,415,0.7701125053830082,0.9887747910888531
v9,feat_gbm,0.5,42,416,-1.9088357596221408,-2.064740642123073
v9,feat_gbm,0.5,42,417,-0.6426732337896388,-0.13534283366780814
v9,feat_gbm,0.5,42,418,0.41686058640340606,0.5266566940316069
v9,feat_gbm,0.5,42,419,-0.8488239525495812,-0.7929716308762645
v9,feat_gbm,0.5,42,420,0.12812244770733866,0.22081989653443584
v9,feat_gbm,0.5,42,421,-3.795260921977738,-3.4911396429773087
v9,feat_gbm,0.5,42,422,0.19051904768917052,0.4691563032653497
v9,feat_gbm,0.5,42,423,-0.01078339623571998,-0.21242164749251408
v9,feat_gbm,0.5,42,424,-2.1596601988718898,-2.0235730224261497
v9,feat_gbm,0.5,42,425,-0.2204160361999026,0.1881042769243711
v9,feat_gbm,0.5,42,426,-0.912517746009508,-0.7546830882020855
v9,feat_gbm,0.5,42,427,-2.081247494746082,-2.004418163271322
v9,feat_gbm,0.5,42,428,0.04718394206306773,0.08108350485015015
v9,feat_gbm,0.5,42,429,-1.2644357201418495,-0.8958783842144782
v9,feat_gbm,0.5,42,430,-0.4576062316119376,-0.700178367515834
v9,feat_gbm,0.5,42,431,-2.178902666096256,-2.026447754843476
v9,feat_gbm,0.5,42,432,-3.1465231724654172,-3.3644112924118934
v9,feat_gbm,0.5,42,433,-2.127996261364632,-2.4777804975332844
v9,feat_gbm,0.5,42,434,-3.7126620231631478,-3.6407879329147783
v9,feat_gbm,0.5,42,435,0.6770914690034645,0.8140524350977956
v9,feat_gbm,0.5,42,436,-0.5593603038063557,-0.6342245759550225
v9,feat_gbm,0.5,42,437,-1.1721805584598792,-1.0170271575608654
v9,feat_gbm,0.5,42,438,0.8865439104949826,1.2058566336630974
v9,feat_gbm,0.5,42,439,0.9071145996189807,1.04159183954478
v9,feat_gbm,0.5,42,440,-1.076971582990168,-0.383754051292973
v9,feat_gbm,0.5,42,441,1.2795518984739118,0.9717849563735496
v9,feat_gbm,0.5,42,442,0.9998021333161385,0.915394257773604
v9,feat_gbm,0.5,42,443,0.05258227962379455,0.17619398118278368
v9,feat_gbm,0.5,42,444,-2.5583426787500865,-2.3026142847949007
v9,feat_gbm,0.5,42,445,-1.2315331117036057,-2.156995715227189
v9,feat_gbm,0.5,42,446,-2.208614299402455,-1.9647154613855007
v9,feat_gbm,0.5,42,447,-1.2733063584514135,-1.2167428909736953
v9,feat_gbm,0.5,42,448,0.007068268939192771,0.371748058948411
v9,feat_gbm,0.5,42,449,-3.6000044629722807,-3.354914600670279
v9,feat_gbm,0.5,42,450,-2.644535608474733,-2.0984010901330774
v9,feat_gbm,0.5,42,451,-1.865379215998414,-1.8411195968283314
v9,feat_gbm,0.5,42,452,-0.2188706588671831,-0.2866386615093297
v9,feat_gbm,0.5,42,453,-1.771392234765031,-2.1769502099219324
v9,feat_gbm,0.5,42,454,0.40357916403270044,0.851829112076475
v9,feat_gbm,0.5,42,455,0.2512717750770602,-0.5174982843777256
v9,feat_gbm,0.5,42,456,-2.9780541096965463,-3.7883351795095335
v9,feat_gbm,0.5,42,457,-1.291764412493418,-1.3225504843777425
v9,feat_gbm,0.5,42,458,-0.682337583719403,-0.6304710111145473
v9,feat_gbm,0.5,42,459,-2.9335801717601564,-2.867776928577639
v9,feat_gbm,0.5,42,460,-0.5435306720439929,-0.20106453453544149
v9,feat_gbm,0.5,42,461,0.1928048826190402,0.565413433251147
v9,feat_gbm,0.5,42,462,0.29185688069096266,0.6531860801292728
v9,feat_gbm,0.5,42,463,-3.318417409650546,-3.295531334571209
v9,feat_gbm,0.5,42,464,-0.9771363413055828,-1.118951529136503
v9,feat_gbm,0.5,42,465,0.02710481862063216,0.08535922256033004
v9,feat_gbm,0.5,42,466,-0.041995707337705794,0.2656879386171551
v9,feat_gbm,0.5,42,467,-0.8779587352348616,-1.0764680911985907
v9,feat_gbm,0.5,42,468,1.9111307807244928,2.2503813782282114
v9,feat_gbm,0.5,42,469,0.008553243142092408,-0.029700274932011248
v9,feat_gbm,0.5,42,470,-2.6729434316951526,-2.1918010579584375
v9,feat_gbm,0.5,42,471,-0.32529245026615894,-0.12537364897776127
v9,feat_gbm,0.5,42,472,-1.4853131689640462,-1.3714574409892777
v9,feat_gbm,0.5,42,473,-1.9201695611738525,-1.0216450817816245
v9,feat_gbm,0.5,42,474,-0.7543902507130615,-0.8313233833759152
v9,feat_gbm,0.5,42,475,-2.6294461585297415,-3.25243582884057
v9,feat_gbm,0.5,42,476,0.6539109787714407,0.8737365575305754
v9,feat_gbm,0.5,42,477,-2.1913223867026947,-1.8373017486027088
v9,feat_gbm,0.5,42,478,-1.541640655994294,-1.909749317133085
v9,feat_gbm,0.5,42,479,0.4626026990567371,0.418341725137149
v9,feat_gbm,0.5,42,480,-2.673708491073893,-2.8689304810445995
v9,feat_gbm,0.5,42,481,-4.551106955451152,-3.9192950012633494
v9,feat_gbm,0.5,42,482,0.6888597919797876,0.8191907452202399
v9,feat_gbm,0.5,42,483,-2.7244167400830896,-2.7371748494528005
v9,feat_gbm,0.5,42,484,0.03044666152203608,0.043868991079412875
v9,feat_gbm,0.5,42,485,-2.9115024715449698,-3.9571024828402512
v9,feat_gbm,0.5,42,486,-1.1613134002608405,-0.8286091055291892
v9,feat_gbm,0.5,42,487,1.4304499853724464,1.1086460137612473
v9,feat_gbm,0.5,42,488,-0.9776214643635028,-1.0899995989348372
v9,feat_gbm,0.5,42,489,-2.8061034641691918,-2.9260181182274523
v9,feat_gbm,0.5,42,490,-0.04546594140887964,0.01778898425240747
v9,feat_gbm,0.5,42,491,-0.47949960273241565,-0.388546054063584
v9,feat_gbm,0.5,42,492,-0.6044264828194426,-0.8483910406321095
v9,feat_gbm,0.5,42,493,-2.678080449459575,-2.4855190663855797
v9,feat_gbm,0.5,42,494,-0.3551530704875228,-0.6027729178489412
v9,feat_gbm,0.5,42,495,-1.3496081496103136,-1.5285925057254015
v9,feat_gbm,0.5,42,496,0.7355042791999453,1.0092174422839322
v9,feat_gbm,0.5,42,497,-2.583308946098674,-2.421052301727873
v9,feat_gbm,0.5,42,498,-3.1837899315760123,-3.2283141264699093
v9,feat_gbm,0.5,42,499,-4.334660275462777,-4.907212199848568
v9,feat_gbm,0.5,43,0,-0.22862400191979299,0.03894909458183669
v9,feat_gbm,0.5,43,1,-2.4700689139791874,-2.5052564746229193
v9,feat_gbm,0.5,43,2,0.751772433228548,0.6287827851917782
v9,feat_gbm,0.5,43,3,-3.0129261848096722,-3.3447289283878643
v9,feat_gbm,0.5,43,4,1.023942221687543,0.9694015026406426
v9,feat_gbm,0.5,43,5,-2.3289298978635173,-2.4693709778233526
v9,feat_gbm,0.5,43,6,-0.20030598935821553,-0.2819211013310965
v9,feat_gbm,0.5,43,7,0.6368262130559721,0.5289578846490461
v9,feat_gbm,0.5,43,8,0.3926001334903725,0.032863622186365654
v9,feat_gbm,0.5,43,9,0.936683475673747,0.9352707853930591
v9,feat_gbm,0.5,43,10,-1.9466909470688454,-1.5987558134683666
v9,feat_gbm,0.5,43,11,-3.0409908502025846,-3.2678706438993954
v9,feat_gbm,0.5,43,12,-2.088961838448419,-2.445380546146449
v9,feat_gbm,0.5,43,13,-0.3282455986547062,-0.4471217519653716
v9,feat_gbm,0.5,43,14,-1.712168799235598,-1.8343062920535937
v9,feat_gbm,0.5,43,15,-2.3945866363858084,-2.278287047942225
v9,feat_gbm,0.5,43,16,-0.8277217837149546,-1.113015507562239
v9,feat_gbm,0.5,43,17,-0.7648298392721274,-1.149386040828735
v9,feat_gbm,0.5,43,18,-0.39041064141860893,-0.4541092694382234
v9,feat_gbm,0.5,43,19,-3.071014445115104,-2.8798658660471284
v9,feat_gbm,0.5,43,20,-3.3029182244703823,-3.281006200299989
v9,feat_gbm,0.5,43,21,-0.761033186596002,-0.7889402030111288
v9,feat_gbm,0.5,43,22,-1.0452478848663755,-0.48114593055133975
v9,feat_gbm,0.5,43,23,-2.497389749927217,-2.8038114998165153
v9,feat_gbm,0.5,43,24,-2.7978408873923666,-2.6726430450531393
v9,feat_gbm,0.5,43,25,-3.145364958581844,-3.141178249464176
v9,feat_gbm,0.5,43,26,-3.556892089437907,-3.8612362310489847
v9,feat_gbm,0.5,43,27,-2.7992111070623378,-3.085821277369337
v9,feat_gbm,0.5,43,28,-2.1248394187165123,-2.1153791712035637
v9,feat_gbm,0.5,43,29,-0.8471145735240478,-0.5854112868629942
v9,feat_gbm,0.5,43,30,0.14263437016935232,0.13849791927417068
v9,feat_gbm,0.5,43,31,-2.8043305965175582,-2.779654184179668
v9,feat_gbm,0.5,43,32,1.1097490804739323,0.9166392391011026
v9,feat_gbm,0.5,43,33,-1.6688626849716008,-2.134444297962007
v9,feat_gbm,0.5,43,34,0.7816732082519754,1.1224191581864646
v9,feat_gbm,0.5,43,35,-2.8023453387030615,-2.7514680837461087
v9,feat_gbm,0.5,43,36,0.6697030989553535,0.7493710802437775
v9,feat_gbm,0.5,43,37,-2.3691576298411134,-2.157600461660938
v9,feat_gbm,0.5,43,38,-1.899696137622324,-1.7436371170468024
v9,feat_gbm,0.5,43,39,0.8466170804235622,0.632388610685479
v9,feat_gbm,0.5,43,40,-1.1931951312583617,-1.5024753827969588
v9,feat_gbm,0.5,43,41,-3.084381568146128,-2.936018587066778
v9,feat_gbm,0.5,43,42,-0.08724754932930655,-0.06406961406287034
v9,feat_gbm,0.5,43,43,-0.3703609948485629,-0.43711075337934485
v9,feat_gbm,0.5,43,44,0.7214458702630936,0.521724778538647
v9,feat_gbm,0.5,43,45,0.6034153316388958,-0.02881562555915001
v9,feat_gbm,0.5,43,46,-3.2963356429447823,-2.6856700943784895
v9,feat_gbm,0.5,43,47,-3.6115923204692644,-3.3419513202228783
v9,feat_gbm,0.5,43,48,-0.18786083835373318,-0.35240032436669677
v9,feat_gbm,0.5,43,49,-3.6207154116605436,-4.466027560457086
v9,feat_gbm,0.5,43,50,-0.92097169183558,-1.2227887404747313
v9,feat_gbm,0.5,43,51,-3.6144721851949733,-4.168130875201601
v9,feat_gbm,0.5,43,52,-2.586852237091791,-2.1825653069440887
v9,feat_gbm,0.5,43,53,-2.6908860941597617,-2.816977102698189
v9,feat_gbm,0.5,43,54,-0.9780963941632702,-0.9520374156321785
v9,feat_gbm,0.5,43,55,0.5178381387176635,0.800460094219776
v9,feat_gbm,0.5,43,56,0.3464899910691815,0.2782562560211116
v9,feat_gbm,0.5,43,57,-0.2722283479714985,-0.7855200046266205
v9,feat_gbm,0.5,43,58,-2.9189248764638025,-2.837973637743256
v9,feat_gbm,0.5,43,59,0.15696285471978844,0.3653424354755994
v9,feat_gbm,0.5,43,60,-3.1601618749245763,-3.145987746693799
v9,feat_gbm,0.5,43,61,-2.3917023138084796,-2.1381844357326614
v9,feat_gbm,0.5,43,62,0.7808090730129809,0.3908315550690521
v9,feat_gbm,0.5,43,63,-3.2981681836434653,-3.259739876316779
v9,feat_gbm,0.5,43,64,-3.9419831244811956,-3.799325775609258
v9,feat_gbm,0.5,43,65,-0.060793938391110476,0.2842997557356093
v9,feat_gbm,0.5,43,66,0.6874501496867848,0.9099380077885143
v9,feat_gbm,0.5,43,67,0.4457202769261356,0.5741223235018287
v9,feat_gbm,0.5,43,68,1.0759487518647082,1.3807263582335993
v9,feat_gbm,0.5,43,69,0.7284608349484386,2.7357387204405055
v9,feat_gbm,0.5,43,70,-0.11411186869670742,-0.3782017485149665
v9,feat_gbm,0.5,43,71,-0.7247213315144738,-0.6946521973220513
v9,feat_gbm,0.5,43,72,-3.424798268989012,-3.510295151868067
v9,feat_gbm,0.5,43,73,-0.08909675137323952,-0.3643686170400702
v9,feat_gbm,0.5,43,74,1.0982991806997897,1.1835884152793859
v9,feat_gbm,0.5,43,75,-0.06562760402716153,-0.38644824542838596
v9,feat_gbm,0.5,43,76,0.32698400537427275,0.7005004452467647
v9,feat_gbm,0.5,43,77,0.26181156784353743,0.3770911051312199
v9,feat_gbm,0.5,43,78,-0.6646384393817972,-0.5374783823521183
v9,feat_gbm,0.5,43,79,-2.768546611475293,-3.2499450611549854
v9,feat_gbm,0.5,43,80,-1.7648887185393904,-1.719925172279684
v9,feat_gbm,0.5,43,81,1.0541662118031185,1.8185710395242058
v9,feat_gbm,0.5,43,82,-1.163909064363787,-1.0758778979961314
v9,feat_gbm,0.5,43,83,-0.3425824348043621,-0.8033140510569362
v9,feat_gbm,0.5,43,84,-2.2080939726653552,-2.0837035815006346
v9,feat_gbm,0.5,43,85,-0.9949515202058217,-1.2430797823904942
v9,feat_gbm,0.5,43,86,0.8470200594107987,0.639317965424242
v9,feat_gbm,0.5,43,87,-0.19221808130465692,-0.02321591952008587
v9,feat_gbm,0.5,43,88,-3.392934585727611,-3.512086916650174
v9,feat_gbm,0.5,43,89,-1.6287991596873863,-1.684363733317816
v9,feat_gbm,0.5,43,90,-3.9342685264798085,-3.5341996208099964
v9,feat_gbm,0.5,43,91,0.8202391882575608,1.1574629997660548
v9,feat_gbm,0.5,43,92,-0.9719215600982687,-0.7651863719989663
v9,feat_gbm,0.5,43,93,-4.055128613429761,-5.7708125015304885
v9,feat_gbm,0.5,43,94,0.09343625606862649,0.07374698385127064
v9,feat_gbm,0.5,43,95,0.702745640668534,1.201566413592891
v9,feat_gbm,0.5,43,96,1.3195604875624882,1.2655480006709303
v9,feat_gbm,0.5,43,97,-3.577442382646424,-3.2217777708537843
v9,feat_gbm,0.5,43,98,-1.3336542002011698,-1.2120387208328698
v9,feat_gbm,0.5,43,99,-0.34953223024351504,-0.04015373686183237
v9,feat_gbm,0.5,43,100,-2.4883547310986773,-2.8384481914339785
v9,feat_gbm,0.5,43,101,-3.272215254564547,-3.541068619782685
v9,feat_gbm,0.5,43,102,-3.848110791257914,-4.424727465058162
v9,feat_gbm,0.5,43,103,-0.6724500383604515,-0.7652009130347144
v9,feat_gbm,0.5,43,104,-0.852273806071498,-0.406664655497914
v9,feat_gbm,0.5,43,105,-2.6984832394716847,-2.8019031633754246
v9,feat_gbm,0.5,43,106,-1.157194731234871,-1.1978192780958505
v9,feat_gbm,0.5,43,107,-1.0673848750737278,-1.2497822804421463
v9,feat_gbm,0.5,43,108,-0.22593099325980764,-0.2003702404752673
v9,feat_gbm,0.5,43,109,-0.3402791036914712,-0.28745536208379296
v9,feat_gbm,0.5,43,110,0.5531229210779794,0.2838469771831524
v9,feat_gbm,0.5,43,111,0.3462582003031451,0.6579850926301614
v9,feat_gbm,0.5,43,112,-0.19131924822313123,-0.4279263804064609
v9,feat_gbm,0.5,43,113,0.41796926388660466,0.527327823801956
v9,feat_gbm,0.5,43,114,-3.7352766172286933,-3.652947895428966
v9,feat_gbm,0.5,43,115,-0.9415989649495561,-0.04287987221360797
v9,feat_gbm,0.5,43,116,-3.74867078936116,-3.4409421360670214
v9,feat_gbm,0.5,43,117,-2.595977172451024,-2.4284095097884006
v9,feat_gbm,0.5,43,118,-1.699005586739652,-1.419217075367618
v9,feat_gbm,0.5,43,119,-2.254967184649085,-1.4944271796191557
v9,feat_gbm,0.5,43,120,-2.9969582634474676,-2.797137626437216
v9,feat_gbm,0.5,43,121,1.3033235304729907,3.1321125804877905
v9,feat_gbm,0.5,43,122,-2.610625174407269,-3.164895556438051
v9,feat_gbm,0.5,43,123,0.24673917882433385,-0.021234684620174846
v9,feat_gbm,0.5,43,124,-1.6811466471465426,-1.246001114532972
v9,feat_gbm,0.5,43,125,-2.676622413483226,-2.7130193085566443
v9,feat_gbm,0.5,43,126,-2.1904314469065467,-2.0560780011130944
v9,feat_gbm,0.5,43,127,-1.6509600453980675,-1.631222331554067
v9,feat_gbm,0.5,43,128,-2.631511577356319,-3.477307725783656
v9,feat_gbm,0.5,43,129,1.1999776748511213,1.7007542891568868
v9,feat_gbm,0.5,43,130,-4.203292451879759,-3.4021624962570822
v9,feat_gbm,0.5,43,131,-3.3421620080845336,-3.701149444421242
v9,feat_gbm,0.5,43,132,-0.08550385261390515,-0.4116741376471012
v9,feat_gbm,0.5,43,133,-0.6544889388127143,-0.5680375850475197
v9,feat_gbm,0.5,43,134,-1.2525422086635867,-1.4788189923590598
v9,feat_gbm,0.5,43,135,-2.576210664718128,-2.9896549957503007
v9,feat_gbm,0.5,43,136,0.3293976341521657,0.11194117436713467
v9,feat_gbm,0.5,43,137,1.1626673793079911,1.7147062893715772
v9,feat_gbm,0.5,43,138,-1.9277291755645691,-1.9709125209383296
v9,feat_gbm,0.5,43,139,0.06095294675741832,0.19937477723826902
v9,feat_gbm,0.5,43,140,-2.7442819469285586,-2.8223726616431475
v9,feat_gbm,0.5,43,141,-0.06835571297783789,-0.12380828599000025
v9,feat_gbm,0.5,43,142,-3.0835521813728546,-2.97521232911642
v9,feat_gbm,0.5,43,143,-2.1235069580056476,-1.9484557479617686
v9,feat_gbm,0.5,43,144,1.1348636044486047,1.244093655886106
v9,feat_gbm,0.5,43,145,-2.397831338834197,-2.0280859266176816
v9,feat_gbm,0.5,43,146,-1.8959227353667594,-2.0754073031653366
v9,feat_gbm,0.5,43,147,0.2371865963708759,-0.11331641159387335
v9,feat_gbm,0.5,43,148,-2.4505604157905148,-2.620298039600635
v9,feat_gbm,0.5,43,149,-3.0882890865016455,-3.8395532227602396
v9,feat_gbm,0.5,43,150,-2.088523501141714,-2.149698272240366
v9,feat_gbm,0.5,43,151,-3.198146189403817,-3.1594376779318036
v9,feat_gbm,0.5,43,152,-2.326466310401227,-2.7712141114581046
v9,feat_gbm,0.5,43,153,-1.0380664854569432,-1.1483368403810985
v9,feat_gbm,0.5,43,154,-1.5144895070949316,-1.4700676700115773
v9,feat_gbm,0.5,43,155,1.096847279061676,1.4088416749712322
v9,feat_gbm,0.5,43,156,0.5391186525781523,0.7564704220494097
v9,feat_gbm,0.5,43,157,-2.1629500506496853,-1.7148995557963913
v9,feat_gbm,0.5,43,158,-2.5011101500697306,-2.8595355115547196
v9,feat_gbm,0.5,43,159,-1.1949214750530375,-0.9922400520728849
v9,feat_gbm,0.5,43,160,1.2899979841813343,1.8585227307534937
v9,feat_gbm,0.5,43,161,-2.3475664901488926,-2.477654537850602
v9,feat_gbm,0.5,43,162,-3.0658310186107194,-2.993764039868935
v9,feat_gbm,0.5,43,163,-1.1596448541059718,-1.1722671160336509
v9,feat_gbm,0.5,43,164,-1.9400167669449002,-1.6577576086204497
v9,feat_gbm,0.5,43,165,-2.8051535479029117,-2.9770186999323642
v9,feat_gbm,0.5,43,166,-3.5185640318761013,-3.2329952824425443
v9,feat_gbm,0.5,43,167,0.16067298271323283,0.19550508612775644
v9,feat_gbm,0.5,43,168,-0.9826445076649821,-1.2639642813248737
v9,feat_gbm,0.5,43,169,1.2408459643269452,1.4224064134580066
v9,feat_gbm,0.5,43,170,-2.2674514206609717,-1.5303724784706008
v9,feat_gbm,0.5,43,171,0.6751675299315708,0.6086346650572224
v9,feat_gbm,0.5,43,172,0.028631947731616928,-0.052232489626048526
v9,feat_gbm,0.5,43,173,-0.2364808732242441,-0.19074605880313256
v9,feat_gbm,0.5,43,174,-2.4846243317566334,-2.7678232596734214
v9,feat_gbm,0.5,43,175,-1.9218186694460162,-1.6557092188829319
v9,feat_gbm,0.5,43,176,0.0732742168741731,0.12081831439914445
v9,feat_gbm,0.5,43,177,1.0794411012007732,3.7031714993021168
v9,feat_gbm,0.5,43,178,-0.18808726069561146,-0.17761292562564054
v9,feat_gbm,0.5,43,179,-0.20785570557138697,0.2295122735959306
v9,feat_gbm,0.5,43,180,-1.631080339887922,-1.6401012725318311
v9,feat_gbm,0.5,43,181,-2.204652595725431,-3.399461101549646
v9,feat_gbm,0.5,43,182,0.6457781650128741,0.5421608664871393
v9,feat_gbm,0.5,43,183,-3.882127827111374,-3.7858185839721776
v9,feat_gbm,0.5,43,184,0.4740573488705422,0.4440956773301304
v9,feat_gbm,0.5,43,185,0.4533015373420175,0.5450962365111649
v9,feat_gbm,0.5,43,186,-3.3402899818557867,-3.094441269353033
v9,feat_gbm,0.5,43,187,1.2162117197168056,1.436275522654785
v9,feat_gbm,0.5,43,188,-0.0019366171294764778,-0.003208414280501246
v9,feat_gbm,0.5,43,189,-1.7496043757818984,-2.0766448721687736
v9,feat_gbm,0.5,43,190,-3.010511244171631,-2.887011097372245
v9,feat_gbm,0.5,43,191,-0.11855357599526237,-0.19564387773269687
v9,feat_gbm,0.5,43,192,-3.731933579128555,-3.39219136175158
v9,feat_gbm,0.5,43,193,-4.385273297467122,-4.804455114758695
v9,feat_gbm,0.5,43,194,0.07824049124329961,-0.23230879418151415
v9,feat_gbm,0.5,43,195,1.107086721333328,0.7768952289284052
v9,feat_gbm,0.5,43,196,-3.5972725460819817,-3.0758975731441707
v9,feat_gbm,0.5,43,197,1.7149942478250946,1.8852948766094535
v9,feat_gbm,0.5,43,198,0.06323406446841193,-0.07474663349946693
v9,feat_gbm,0.5,43,199,1.2472301853433039,0.9295509098669842
v9,feat_gbm,0.5,43,200,0.33793315286927117,0.40408761039079466
v9,feat_gbm,0.5,43,201,-1.4510263422579963,-1.0185563947000995
v9,feat_gbm,0.5,43,202,-1.4935042057215564,-1.5812541435625456
v9,feat_gbm,0.5,43,203,-2.2912317642965885,-2.9269603411540346
v9,feat_gbm,0.5,43,204,-0.1425667077436463,-0.9368237022381455
v9,feat_gbm,0.5,43,205,-0.9337663270935698,-0.771906247259438
v9,feat_gbm,0.5,43,206,-1.6556726160565798,-1.4457766532498904
v9,feat_gbm,0.5,43,207,-2.555157709050896,-2.4752738768021185
v9,feat_gbm,0.5,43,208,-2.7744255580643267,-2.8789590131308262
v9,feat_gbm,0.5,43,209,-2.388890010234312,-2.6986856152036793
v9,feat_gbm,0.5,43,210,0.1195246643554032,0.05837096406180189
v9,feat_gbm,0.5,43,211,-2.910551700054303,-2.2327070274631113
v9,feat_gbm,0.5,43,212,0.1226244434760969,0.15758807445032513
v9,feat_gbm,0.5,43,213,0.6525127298899718,0.5234750924970406
v9,feat_gbm,0.5,43,214,0.9514666967676487,0.8312555987922697
v9,feat_gbm,0.5,43,215,-0.7006134007529298,-0.7699972654610447
v9,feat_gbm,0.5,43,216,-2.4858390077834978,-2.4368834827463726
v9,feat_gbm,0.5,43,217,-3.505877384855213,-3.7421886443248944
v9,feat_gbm,0.5,43,218,-4.503986171403246,-4.3753265313120195
v9,feat_gbm,0.5,43,219,0.11008189934248003,0.13181597567614448
v9,feat_gbm,0.5,43,220,-2.493606916265684,-2.150299196146146
v9,feat_gbm,0.5,43,221,0.5274673964264656,0.4316281043505307
v9,feat_gbm,0.5,43,222,0.5579015025020355,0.20581216265343685
v9,feat_gbm,0.5,43,223,-2.294833293534459,-1.7226779576420432
v9,feat_gbm,0.5,43,224,1.0554071471789217,1.0701061526100661
v9,feat_gbm,0.5,43,225,-2.1240654519118443,-2.995983076644188
v9,feat_gbm,0.5,43,226,-0.29271407761122087,-0.39103048890459524
v9,feat_gbm,0.5,43,227,-2.389851631470393,-2.811377433191803
v9,feat_gbm,0.5,43,228,-0.12428536602774312,0.1103569248772952
v9,feat_gbm,0.5,43,229,0.944121041761142,1.0926797996732165
v9,feat_gbm,0.5,43,230,-1.0966262408861138,-1.1465469989616057
v9,feat_gbm,0.5,43,231,-3.6372462467361464,-3.7045714701961474
v9,feat_gbm,0.5,43,232,-0.2833102529996756,-0.3205795311611984
v9,feat_gbm,0.5,43,233,-0.25455230809766677,-0.7282288274356463
v9,feat_gbm,0.5,43,234,-0.827190416558049,-0.6143938277881194
v9,feat_gbm,0.5,43,235,-3.1147891566936234,-3.717493513170671
v9,feat_gbm,0.5,43,236,-2.0880582922644266,-1.894186438607053
v9,feat_gbm,0.5,43,237,-0.014902789340208694,0.19101892391720615
v9,feat_gbm,0.5,43,238,-2.3967824635014265,-2.723653519266766
v9,feat_gbm,0.5,43,239,-0.013627676133906188,0.28172679866345784
v9,feat_gbm,0.5,43,240,-0.8924074450402014,-0.570916259780521
v9,feat_gbm,0.5,43,241,-2.4867773628377945,-3.037607674189957
v9,feat_gbm,0.5,43,242,-2.8018602165430515,-2.4824067099880884
v9,feat_gbm,0.5,43,243,1.2618212222323208,1.793244191067856
v9,feat_gbm,0.5,43,244,-1.8445230641050574,-2.170563194223024
v9,feat_gbm,0.5,43,245,-2.763706012678732,-2.5580286375581696
v9,feat_gbm,0.5,43,246,-2.9608276576741765,-3.9013363177662743
v9,feat_gbm,0.5,43,247,-1.158742950092087,-1.2689211715035387
v9,feat_gbm,0.5,43,248,-2.9385433005039086,-2.89795980370705
v9,feat_gbm,0.5,43,249,-0.877492793516746,-1.149470325468549
v9,feat_gbm,0.5,43,250,-2.5281579690562292,-2.1803876537888693
v9,feat_gbm,0.5,43,251,-1.2928318590026913,-1.2010659028736028
v9,feat_gbm,0.5,43,252,-2.59757981008495,-2.675840590612525
v9,feat_gbm,0.5,43,253,-0.744311284001357,-0.865421424414132
v9,feat_gbm,0.5,43,254,-0.4278278111243628,-0.45089388998719687
v9,feat_gbm,0.5,43,255,-1.618872801402877,-1.477655138121315
v9,feat_gbm,0.5,43,256,-2.0017743467054414,-1.9234128661936198
v9,feat_gbm,0.5,43,257,-0.6321988991370541,-0.8895479413744646
v9,feat_gbm,0.5,43,258,-1.3545177987331587,-1.284701881398344
v9,feat_gbm,0.5,43,259,-0.04059871674746952,0.03791276039075724
v9,feat_gbm,0.5,43,260,-1.0190561482233131,-1.213907680807544
v9,feat_gbm,0.5,43,261,-0.3817308746906687,-0.6937064881158975
v9,feat_gbm,0.5,43,262,-1.8423073424666396,-2.500344974429108
v9,feat_gbm,0.5,43,263,-3.056224082572784,-3.0782877743164985
v9,feat_gbm,0.5,43,264,-2.7816122580413194,-3.2702790535172426
v9,feat_gbm,0.5,43,265,-0.4683390188851678,-0.15746453031192983
v9,feat_gbm,0.5,43,266,-1.462648335889869,-1.3930653126164372
v9,feat_gbm,0.5,43,267,-4.2393097959258,-3.460520174484755
v9,feat_gbm,0.5,43,268,-1.991166486248764,-1.8115923421665279
v9,feat_gbm,0.5,43,269,0.08229714212666653,-0.04785951915829837
v9,feat_gbm,0.5,43,270,-1.3694521073884616,-1.3387838926701625
v9,feat_gbm,0.5,43,271,0.6942807454302387,0.6172482925771328
v9,feat_gbm,0.5,43,272,0.23668557137060023,0.10718580269537517
v9,feat_gbm,0.5,43,273,-2.9194947204458717,-2.4250613993713395
v9,feat_gbm,0.5,43,274,-0.09914066504470552,-0.4656136934058211
v9,feat_gbm,0.5,43,275,-1.9174293676482406,-1.7679071058666047
v9,feat_gbm,0.5,43,276,-0.15654732280352535,-0.15192249005847586
v9,feat_gbm,0.5,43,277,-0.31188327805787114,-0.22686658439221394
v9,feat_gbm,0.5,43,278,-0.41513577626609005,-0.3963273628232521
v9,feat_gbm,0.5,43,279,-2.637390253849874,-2.1916982233579314
v9,feat_gbm,0.5,43,280,0.4402646110132268,0.5138857123822332
v9,feat_gbm,0.5,43,281,0.08849234995968672,0.13501120436460418
v9,feat_gbm,0.5,43,282,-0.14261074528125253,-0.35232291748203215
v9,feat_gbm,0.5,43,283,0.5583263758772686,0.33710059568630363
v9,feat_gbm,0.5,43,284,2.0931986426394222,2.2269494594330284
v9,feat_gbm,0.5,43,285,-0.4431318639300618,-0.8523290277873723
v9,feat_gbm,0.5,43,286,0.42652292694315297,0.5032694866056324
v9,feat_gbm,0.5,43,287,-3.5410937533548825,-3.0734310124071125
v9,feat_gbm,0.5,43,288,-3.2344927691502794,-3.0969464995649485
v9,feat_gbm,0.5,43,289,0.658601223078596,0.8088909840914691
v9,feat_gbm,0.5,43,290,-1.7112022465161085,-1.710735902712342
v9,feat_gbm,0.5,43,291,-0.36331796062969957,-0.24588513525180683
v9,feat_gbm,0.5,43,292,-2.983092631012413,-2.9910915714149957
v9,feat_gbm,0.5,43,293,-0.08882808349605079,0.24397961438558982
v9,feat_gbm,0.5,43,294,1.0928714978684986,0.9827222917401395
v9,feat_gbm,0.5,43,295,1.0500757874078261,1.5399914318848642
v9,feat_gbm,0.5,43,296,-2.933947700863296,-3.028104854063688
v9,feat_gbm,0.5,43,297,-1.9263260315054236,-1.9675880903276046
v9,feat_gbm,0.5,43,298,0.4625103666454679,0.3882116190950413
v9,feat_gbm,0.5,43,299,-0.4358527826833239,-0.4169590587595381
v9,feat_gbm,0.5,43,300,-0.5409302058555719,-0.47104701624968015
v9,feat_gbm,0.5,43,301,-0.6303645556107756,-0.5788171023402015
v9,feat_gbm,0.5,43,302,-3.707883373055547,-3.325334912618423
v9,feat_gbm,0.5,43,303,0.20771628619685512,0.27214776974989446
v9,feat_gbm,0.5,43,304,0.24913521656568424,0.2838761456734127
v9,feat_gbm,0.5,43,305,0.856729674086143,0.98356576927226
v9,feat_gbm,0.5,43,306,-1.7607974305797964,-2.324804251846344
v9,feat_gbm,0.5,43,307,-0.2083733753351459,-0.30060412365222405
v9,feat_gbm,0.5,43,308,-3.9035730383028677,-3.5706943269006843
v9,feat_gbm,0.5,43,309,0.6547599411537575,0.7657986236992217
v9,feat_gbm,0.5,43,310,-0.3085181410220446,-0.3760212383278314
v9,feat_gbm,0.5,43,311,0.824842584918246,0.903367601886353
v9,feat_gbm,0.5,43,312,0.6002188457491207,0.2834145554969618
v9,feat_gbm,0.5,43,313,-0.49028920781945384,-0.8750381269167363
v9,feat_gbm,0.5,43,314,-1.6125280666873316,-0.8911054934067958
v9,feat_gbm,0.5,43,315,0.4044335211660676,0.2699623908229132
v9,feat_gbm,0.5,43,316,-3.63795079064873,-4.034449774534175
v9,feat_gbm,0.5,43,317,0.39665072178816,0.7302045063515665
v9,feat_gbm,0.5,43,318,-2.327590208042561,-2.5264159394565007
v9,feat_gbm,0.5,43,319,-3.1647079121461283,-3.1280680478747835
v9,feat_gbm,0.5,43,320,-0.11160866922083296,-0.623194388118803
v9,feat_gbm,0.5,43,321,-3.944593698764736,-4.172922463867305
v9,feat_gbm,0.5,43,322,1.0720738804800143,1.0714029341973417
v9,feat_gbm,0.5,43,323,-2.6258907469314594,-2.5538050374755565
v9,feat_gbm,0.5,43,324,-1.522019636139472,-1.5310020975326282
v9,feat_gbm,0.5,43,325,-0.5740538573036316,-0.735749980772127
v9,feat_gbm,0.5,43,326,-0.7359445339335966,-0.5010306012352705
v9,feat_gbm,0.5,43,327,-3.808954561358568,-4.393123087746285
v9,feat_gbm,0.5,43,328,0.5598024744004123,0.6439364857563509
v9,feat_gbm,0.5,43,329,-3.0421613141657877,-2.60760252445046
v9,feat_gbm,0.5,43,330,0.6433620677965192,0.46983427811083467
v9,feat_gbm,0.5,43,331,-0.8829803819650412,-1.149354435920189
v9,feat_gbm,0.5,43,332,-2.312219789117452,-1.0961264399974935
v9,feat_gbm,0.5,43,333,0.9679107304053635,1.4253561556633074
v9,feat_gbm,0.5,43,334,1.057897130320021,1.0406546288822482
v9,feat_gbm,0.5,43,335,-0.3418286279686016,-0.1286217558512718
v9,feat_gbm,0.5,43,336,-1.6874911328606426,-1.7275974260064488
v9,feat_gbm,0.5,43,337,-3.3732746750840756,-4.535227665039715
v9,feat_gbm,0.5,43,338,-0.5331799203545139,-1.078833843619319
v9,feat_gbm,0.5,43,339,-1.721475637963373,-2.035297396751524
v9,feat_gbm,0.5,43,340,-0.021993885168016928,0.4788286932125707
v9,feat_gbm,0.5,43,341,-0.24231533518335469,-0.4595082096564039
v9,feat_gbm,0.5,43,342,-3.7959505059706076,-3.653430804591794
v9,feat_gbm,0.5,43,343,0.5324060641138327,0.2834522663037432
v9,feat_gbm,0.5,43,344,0.009736764689693556,-0.15984972455285287
v9,feat_gbm,0.5,43,345,-2.107284635574122,-3.8822970119574354
v9,feat_gbm,0.5,43,346,-2.651401700639216,-2.5801989990218064
v9,feat_gbm,0.5,43,347,-3.567971124859842,-3.2622630695286134
v9,feat_gbm,0.5,43,348,-0.7789904893939021,-0.4894561152880944
v9,feat_gbm,0.5,43,349,-3.57385882822174,-3.0223552414624764
v9,feat_gbm,0.5,43,350,0.7203274276783216,0.4215072765335228
v9,feat_gbm,0.5,43,351,-1.8029153241163642,-1.8152752103400673
v9,feat_gbm,0.5,43,352,0.8079067215110777,1.102263670511441
v9,feat_gbm,0.5,43,353,1.0523430097297424,1.4454852001466738
v9,feat_gbm,0.5,43,354,-3.511525509546934,-3.6770060333191017
v9,feat_gbm,0.5,43,355,-3.8264713725494,-5.078652858832153
v9,feat_gbm,0.5,43,356,0.5814251032191037,0.7815322159665122
v9,feat_gbm,0.5,43,357,0.6080474080902041,0.6775133790495483
v9,feat_gbm,0.5,43,358,-3.574757003038703,-3.5163570325540956
v9,feat_gbm,0.5,43,359,-2.986260287111505,-4.157760523739404
v9,feat_gbm,0.5,43,360,-0.16290990753304493,-0.18386357284099003
v9,feat_gbm,0.5,43,361,-4.215859369035305,-4.477383009144865
v9,feat_gbm,0.5,43,362,0.09208458790112652,0.2909126951240761
v9,feat_gbm,0.5,43,363,-3.480521462497636,-3.5121531596302606
v9,feat_gbm,0.5,43,364,0.1282773207038514,-0.0019354464452207268
v9,feat_gbm,0.5,43,365,-3.3869147020005914,-3.264666087597375
v9,feat_gbm,0.5,43,366,-1.249522074998678,-1.4961090632143375
v9,feat_gbm,0.5,43,367,-0.06703688201527835,-0.10305907560987346
v9,feat_gbm,0.5,43,368,0.10464794567908767,0.24601275195113992
v9,feat_gbm,0.5,43,369,-2.022600706909486,-1.6400355118163064
v9,feat_gbm,0.5,43,370,-1.2712641022515667,-1.5399226532969161
v9,feat_gbm,0.5,43,371,-0.0067899747067870385,-0.3336387161155974
v9,feat_gbm,0.5,43,372,0.38997834338099147,0.3185760540422761
v9,feat_gbm,0.5,43,373,-0.3237934073884523,-0.30756424411789
v9,feat_gbm,0.5,43,374,-3.852280020730182,-3.551435429619069
v9,feat_gbm,0.5,43,375,-0.09848535716445608,-0.12846918127015178
v9,feat_gbm,0.5,43,376,0.5204119561555786,0.43413099611324796
v9,feat_gbm,0.5,43,377,0.7571652981339031,0.8095384731463161
v9,feat_gbm,0.5,43,378,0.13596881668720107,0.20303525329731625
v9,feat_gbm,0.5,43,379,0.6350068166049069,0.524784145223057
v9,feat_gbm,0.5,43,380,0.3259010664055592,0.8722609808312535
v9,feat_gbm,0.5,43,381,0.8139823517745706,1.0190202163897197
v9,feat_gbm,0.5,43,382,0.7302079823387423,1.2715191268303472
v9,feat_gbm,0.5,43,383,-0.019970637990009362,-0.13923746667536385
v9,feat_gbm,0.5,43,384,-1.4151493896384162,-1.7983983483294153
v9,feat_gbm,0.5,43,385,0.3436959262442025,0.5606037150840157
v9,feat_gbm,0.5,43,386,0.6102104576955668,0.6003456151224621
v9,feat_gbm,0.5,43,387,1.1381280849936153,1.3071718981356573
v9,feat_gbm,0.5,43,388,-0.35236469638242157,-0.19457283568776126
v9,feat_gbm,0.5,43,389,-1.1180512260919313,-0.981880356960367
v9,feat_gbm,0.5,43,390,-3.1795512149081584,-2.628024059072158
v9,feat_gbm,0.5,43,391,-2.45502301913746,-2.479262758098376
v9,feat_gbm,0.5,43,392,-2.2130181552699693,-2.207941629114672
v9,feat_gbm,0.5,43,393,-3.0252953676560828,-2.806586620215901
v9,feat_gbm,0.5,43,394,-0.08275069477929808,-0.16842623590390868
v9,feat_gbm,0.5,43,395,0.5798972393838804,0.3596423409999632
v9,feat_gbm,0.5,43,396,-2.509992875734216,-3.117667066362407
v9,feat_gbm,0.5,43,397,0.7459908521116352,0.6134086288650079
v9,feat_gbm,0.5,43,398,0.6015742204768596,0.5049020087080688
v9,feat_gbm,0.5,43,399,-1.4093397676092643,-1.0548605918119196
v9,feat_gbm,0.5,43,400,-2.8926327997860266,-2.877676775828332
v9,feat_gbm,0.5,43,401,0.09174557914599543,0.015654415635624343
v9,feat_gbm,0.5,43,402,-0.668060879946629,-0.7027824676465185
v9,feat_gbm,0.5,43,403,0.07365536879627375,0.6733427913489138
v9,feat_gbm,0.5,43,404,0.2048198610356117,0.03259550049258387
v9,feat_gbm,0.5,43,405,-3.5526045418348615,-3.4179416205706223
v9,feat_gbm,0.5,43,406,-1.5820134730362065,-1.6563158072976616
v9,feat_gbm,0.5,43,407,0.5817782655022428,0.3281041495218151
v9,feat_gbm,0.5,43,408,-1.6695527205389302,-1.498502430121411
v9,feat_gbm,0.5,43,409,-1.746624296879908,-1.5390850133499359
v9,feat_gbm,0.5,43,410,-2.768465463837388,-3.8769914364338094
v9,feat_gbm,0.5,43,411,-1.0446198516638106,-1.1093409530974205
v9,feat_gbm,0.5,43,412,-2.375837257661074,-2.1356441225652167
v9,feat_gbm,0.5,43,413,0.470877877801871,0.5613925387002681
v9,feat_gbm,0.5,43,414,-2.5052141305867472,-2.672303525149137
v9,feat_gbm,0.5,43,415,0.701763027787564,0.9887747910888531
v9,feat_gbm,0.5,43,416,-1.9026789054109987,-2.064740642123073
v9,feat_gbm,0.5,43,417,-0.5350289015975564,-0.13534283366780814
v9,feat_gbm,0.5,43,418,0.17716545332791894,0.5266566940316069
v9,feat_gbm,0.5,43,419,-0.6824802203217541,-0.7929716308762645
v9,feat_gbm,0.5,43,420,0.11734220066129533,0.22081989653443584
v9,feat_gbm,0.5,43,421,-3.7256296891139518,-3.4911396429773087
v9,feat_gbm,0.5,43,422,0.0752223235800854,0.4691563032653497
v9,feat_gbm,0.5,43,423,0.005570118927487243,-0.21242164749251408
v9,feat_gbm,0.5,43,424,-2.279699717494904,-2.0235730224261497
v9,feat_gbm,0.5,43,425,-0.1862320746012617,0.1881042769243711
v9,feat_gbm,0.5,43,426,-0.8278773141393884,-0.7546830882020855
v9,feat_gbm,0.5,43,427,-2.0747952657256277,-2.004418163271322
v9,feat_gbm,0.5,43,428,-0.10377858117495219,0.08108350485015015
v9,feat_gbm,0.5,43,429,-1.3750742685284734,-0.8958783842144782
v9,feat_gbm,0.5,43,430,-0.6597536157129252,-0.700178367515834
v9,feat_gbm,0.5,43,431,-2.1966997719024914,-2.026447754843476
v9,feat_gbm,0.5,43,432,-3.318485321044296,-3.3644112924118934
v9,feat_gbm,0.5,43,433,-2.2370790344683584,-2.4777804975332844
v9,feat_gbm,0.5,43,434,-3.653063815121327,-3.6407879329147783
v9,feat_gbm,0.5,43,435,0.5880692649249077,0.8140524350977956
v9,feat_gbm,0.5,43,436,-0.5839265686649561,-0.6342245759550225
v9,feat_gbm,0.5,43,437,-1.080852529393188,-1.0170271575608654
v9,feat_gbm,0.5,43,438,0.915126555483161,1.2058566336630974
v9,feat_gbm,0.5,43,439,0.8829380211462021,1.04159183954478
v9,feat_gbm,0.5,43,440,-1.0253025131929534,-0.383754051292973
v9,feat_gbm,0.5,43,441,1.1919026999049303,0.9717849563735496
v9,feat_gbm,0.5,43,442,0.8885498078904301,0.915394257773604
v9,feat_gbm,0.5,43,443,0.056338244830430914,0.17619398118278368
v9,feat_gbm,0.5,43,444,-2.55526075916132,-2.3026142847949007
v9,feat_gbm,0.5,43,445,-1.3747399259541413,-2.156995715227189
v9,feat_gbm,0.5,43,446,-2.3326206098538322,-1.9647154613855007
v9,feat_gbm,0.5,43,447,-0.9646361619360552,-1.2167428909736953
v9,feat_gbm,0.5,43,448,-0.18637926194174856,0.371748058948411
v9,feat_gbm,0.5,43,449,-3.5835795262003316,-3.354914600670279
v9,feat_gbm,0.5,43,450,-2.674814804138779,-2.0984010901330774
v9,feat_gbm,0.5,43,451,-1.9741826940907305,-1.8411195968283314
v9,feat_gbm,0.5,43,452,-0.17463948972228416,-0.2866386615093297
v9,feat_gbm,0.5,43,453,-1.670943789340552,-2.1769502099219324
v9,feat_gbm,0.5,43,454,0.21636357708642737,0.851829112076475
v9,feat_gbm,0.5,43,455,0.0873121495406047,-0.5174982843777256
v9,feat_gbm,0.5,43,456,-3.106792280692021,-3.7883351795095335
v9,feat_gbm,0.5,43,457,-1.3431878636977426,-1.3225504843777425
v9,feat_gbm,0.5,43,458,-0.6711892207579814,-0.6304710111145473
v9,feat_gbm,0.5,43,459,-3.024843598421576,-2.867776928577639
v9,feat_gbm,0.5,43,460,-0.623924663108114,-0.20106453453544149
v9,feat_gbm,0.5,43,461,0.09525299465366707,0.565413433251147
v9,feat_gbm,0.5,43,462,0.3609573700824188,0.6531860801292728
v9,feat_gbm,0.5,43,463,-3.2372021028636606,-3.295531334571209
v9,feat_gbm,0.5,43,464,-1.0274305080887487,-1.118951529136503
v9,feat_gbm,0.5,43,465,-0.035458466434141994,0.08535922256033004
v9,feat_gbm,0.5,43,466,-0.06385879811930846,0.2656879386171551
v9,feat_gbm,0.5,43,467,-0.8664057994765838,-1.0764680911985907
v9,feat_gbm,0.5,43,468,1.3614972857402008,2.2503813782282114
v9,feat_gbm,0.5,43,469,-0.04745322241341088,-0.029700274932011248
v9,feat_gbm,0.5,43,470,-2.5500599555790022,-2.1918010579584375
v9,feat_gbm,0.5,43,471,-0.3639958283332069,-0.12537364897776127
v9,feat_gbm,0.5,43,472,-1.460233096401425,-1.3714574409892777
v9,feat_gbm,0.5,43,473,-1.728765186505498,-1.0216450817816245
v9,feat_gbm,0.5,43,474,-0.882193884736582,-0.8313233833759152
v9,feat_gbm,0.5,43,475,-2.918652758150696,-3.25243582884057
v9,feat_gbm,0.5,43,476,0.5610281708168506,0.8737365575305754
v9,feat_gbm,0.5,43,477,-2.116036339443038,-1.8373017486027088
v9,feat_gbm,0.5,43,478,-1.5087268358096908,-1.909749317133085
v9,feat_gbm,0.5,43,479,0.4760024547694762,0.418341725137149
v9,feat_gbm,0.5,43,480,-2.706469206033715,-2.8689304810445995
v9,feat_gbm,0.5,43,481,-4.666214747723336,-3.9192950012633494
v9,feat_gbm,0.5,43,482,0.6481668607496497,0.8191907452202399
v9,feat_gbm,0.5,43,483,-2.888287880229679,-2.7371748494528005
v9,feat_gbm,0.5,43,484,-0.00718098469751028,0.043868991079412875
v9,feat_gbm,0.5,43,485,-2.994630704164095,-3.9571024828402512
v9,feat_gbm,0.5,43,486,-1.2125234843128823,-0.8286091055291892
v9,feat_gbm,0.5,43,487,1.5727337324289699,1.1086460137612473
v9,feat_gbm,0.5,43,488,-1.099371031267796,-1.0899995989348372
v9,feat_gbm,0.5,43,489,-2.9859469463562918,-2.9260181182274523
v9,feat_gbm,0.5,43,490,0.0951138141186516,0.01778898425240747
v9,feat_gbm,0.5,43,491,-0.5098224258180498,-0.388546054063584
v9,feat_gbm,0.5,43,492,-0.5281397719950365,-0.8483910406321095
v9,feat_gbm,0.5,43,493,-2.8230472634486268,-2.4855190663855797
v9,feat_gbm,0.5,43,494,-0.27207638029483094,-0.6027729178489412
v9,feat_gbm,0.5,43,495,-1.2867461600848804,-1.5285925057254015
v9,feat_gbm,0.5,43,496,0.8257310182581145,1.0092174422839322
v9,feat_gbm,0.5,43,497,-2.492008674685735,-2.421052301727873
v9,feat_gbm,0.5,43,498,-3.121159589232296,-3.2283141264699093
v9,feat_gbm,0.5,43,499,-4.2973109537561225,-4.907212199848568
v9,feat_gbm,0.5,44,0,-0.2205892740105587,0.03894909458183669
v9,feat_gbm,0.5,44,1,-2.4124026627000004,-2.5052564746229193
v9,feat_gbm,0.5,44,2,0.5484859530034558,0.6287827851917782
v9,feat_gbm,0.5,44,3,-3.092866188851242,-3.3447289283878643
v9,feat_gbm,0.5,44,4,0.8921259033442615,0.9694015026406426
v9,feat_gbm,0.5,44,5,-2.3878132530427822,-2.4693709778233526
v9,feat_gbm,0.5,44,6,-0.2593663457418419,-0.2819211013310965
v9,feat_gbm,0.5,44,7,0.6060214809794637,0.5289578846490461
v9,feat_gbm,0.5,44,8,0.26400386279020094,0.032863622186365654
v9,feat_gbm,0.5,44,9,0.9208638197865378,0.9352707853930591
v9,feat_gbm,0.5,44,10,-1.8388241768136762,-1.5987558134683666
v9,feat_gbm,0.5,44,11,-3.07152989683512,-3.2678706438993954
v9,feat_gbm,0.5,44,12,-2.273587615430606,-2.445380546146449
v9,feat_gbm,0.5,44,13,-0.1842716029165823,-0.4471217519653716
v9,feat_gbm,0.5,44,14,-1.7732661583571714,-1.8343062920535937
v9,feat_gbm,0.5,44,15,-2.3619653221756223,-2.278287047942225
v9,feat_gbm,0.5,44,16,-0.793786412969856,-1.113015507562239
v9,feat_gbm,0.5,44,17,-0.8432327306891777,-1.149386040828735
v9,feat_gbm,0.5,44,18,-0.2874540668055059,-0.4541092694382234
v9,feat_gbm,0.5,44,19,-3.0680225448814507,-2.8798658660471284
v9,feat_gbm,0.5,44,20,-3.381901151261841,-3.281006200299989
v9,feat_gbm,0.5,44,21,-0.6194469772876092,-0.7889402030111288
v9,feat_gbm,0.5,44,22,-1.0030340461751708,-0.48114593055133975
v9,feat_gbm,0.5,44,23,-2.5076728761537113,-2.8038114998165153
v9,feat_gbm,0.5,44,24,-2.746826055907175,-2.6726430450531393
v9,feat_gbm,0.5,44,25,-3.258343974852483,-3.141178249464176
v9,feat_gbm,0.5,44,26,-3.489200995716978,-3.8612362310489847
v9,feat_gbm,0.5,44,27,-2.679075789582818,-3.085821277369337
v9,feat_gbm,0.5,44,28,-2.2256712477280516,-2.1153791712035637
v9,feat_gbm,0.5,44,29,-0.38176606684963066,-0.5854112868629942
v9,feat_gbm,0.5,44,30,0.272309917067898,0.13849791927417068
v9,feat_gbm,0.5,44,31,-2.822176915354266,-2.779654184179668
v9,feat_gbm,0.5,44,32,1.2340711571388514,0.9166392391011026
v9,feat_gbm,0.5,44,33,-1.5828148700383706,-2.134444297962007
v9,feat_gbm,0.5,44,34,0.8261358342155677,1.1224191581864646
v9,feat_gbm,0.5,44,35,-2.730564319393308,-2.7514680837461087
v9,feat_gbm,0.5,44,36,0.6293832465988793,0.7493710802437775
v9,feat_gbm,0.5,44,37,-2.2899286276290733,-2.157600461660938
v9,feat_gbm,0.5,44,38,-2.0222208653243823,-1.7436371170468024
v9,feat_gbm,0.5,44,39,0.7882299099309338,0.632388610685479
v9,feat_gbm,0.5,44,40,-1.0364295529857606,-1.5024753827969588
v9,feat_gbm,0.5,44,41,-3.082922313128206,-2.936018587066778
v9,feat_gbm,0.5,44,42,-0.05903040492683059,-0.06406961406287034
v9,feat_gbm,0.5,44,43,-0.5590589994930046,-0.43711075337934485
v9,feat_gbm,0.5,44,44,0.5040165891607791,0.521724778538647
v9,feat_gbm,0.5,44,45,0.6340593871310484,-0.02881562555915001
v9,feat_gbm,0.5,44,46,-3.1076642752835797,-2.6856700943784895
v9,feat_gbm,0.5,44,47,-3.576223754445146,-3.3419513202228783
v9,feat_gbm,0.5,44,48,-0.47652927707352055,-0.35240032436669677
v9,feat_gbm,0.5,44,49,-3.555898450143598,-4.466027560457086
v9,feat_gbm,0.5,44,50,-1.1657227582841896,-1.2227887404747313
v9,feat_gbm,0.5,44,51,-3.5410344352873087,-4.168130875201601
v9,feat_gbm,0.5,44,52,-2.483312148145753,-2.1825653069440887
v9,feat_gbm,0.5,44,53,-2.677361439173683,-2.816977102698189
v9,feat_gbm,0.5,44,54,-0.9150280475170173,-0.9520374156321785
v9,feat_gbm,0.5,44,55,0.6042118956735871,0.800460094219776
v9,feat_gbm,0.5,44,56,0.33880666944753035,0.2782562560211116
v9,feat_gbm,0.5,44,57,-0.07743565341396204,-0.7855200046266205
v9,feat_gbm,0.5,44,58,-2.8811117849539873,-2.837973637743256
v9,feat_gbm,0.5,44,59,0.2429796183420203,0.3653424354755994
v9,feat_gbm,0.5,44,60,-3.03355924834086,-3.145987746693799
v9,feat_gbm,0.5,44,61,-2.4654185689395836,-2.1381844357326614
v9,feat_gbm,0.5,44,62,0.5397408497933511,0.3908315550690521
v9,feat_gbm,0.5,44,63,-3.3205889203506924,-3.259739876316779
v9,feat_gbm,0.5,44,64,-3.866267987216616,-3.799325775609258
v9,feat_gbm,0.5,44,65,0.05494974767976068,0.2842997557356093
v9,feat_gbm,0.5,44,66,0.6935799039013087,0.9099380077885143
v9,feat_gbm,0.5,44,67,0.3810487580820694,0.5741223235018287
v9,feat_gbm,0.5,44,68,1.1586637144522285,1.3807263582335993
v9,feat_gbm,0.5,44,69,0.594989609954267,2.7357387204405055
v9,feat_gbm,0.5,44,70,-0.33762031810028525,-0.3782017485149665
v9,feat_gbm,0.5,44,71,-0.6554015158650373,-0.6946521973220513
v9,feat_gbm,0.5,44,72,-3.3946342254418536,-3.510295151868067
v9,feat_gbm,0.5,44,73,-0.29342738936564416,-0.3643686170400702
v9,feat_gbm,0.5,44,74,1.217603124131706,1.1835884152793859
v9,feat_gbm,0.5,44,75,-0.040513752297292496,-0.38644824542838596
v9,feat_gbm,0.5,44,76,0.28679598401927475,0.7005004452467647
v9,feat_gbm,0.5,44,77,0.2001758388092534,0.3770911051312199
v9,feat_gbm,0.5,44,78,-0.6944114386434137,-0.5374783823521183
v9,feat_gbm,0.5,44,79,-2.669931918983495,-3.2499450611549854
v9,feat_gbm,0.5,44,80,-1.7475106234088182,-1.719925172279684
v9,feat_gbm,0.5,44,81,1.0958661265684744,1.8185710395242058
v9,feat_gbm,0.5,44,82,-1.1076914364041774,-1.0758778979961314
v9,feat_gbm,0.5,44,83,-0.33264420428798236,-0.8033140510569362
v9,feat_gbm,0.5,44,84,-2.1895620097944657,-2.0837035815006346
v9,feat_gbm,0.5,44,85,-0.8436523889633474,-1.2430797823904942
v9,feat_gbm,0.5,44,86,0.8287766674237396,0.639317965424242
v9,feat_gbm,0.5,44,87,-0.26229266380053584,-0.02321591952008587
v9,feat_gbm,0.5,44,88,-3.3282301687873237,-3.512086916650174
v9,feat_gbm,0.5,44,89,-1.711396680738492,-1.684363733317816
v9,feat_gbm,0.5,44,90,-3.8720619572491453,-3.5341996208099964
v9,feat_gbm,0.5,44,91,0.7810526416221484,1.1574629997660548
v9,feat_gbm,0.5,44,92,-1.0920898268827794,-0.7651863719989663
v9,feat_gbm,0.5,44,93,-4.233021605152953,-5.7708125015304885
v9,feat_gbm,0.5,44,94,0.14123119964175856,0.07374698385127064
v9,feat_gbm,0.5,44,95,0.589809442547637,1.201566413592891
v9,feat_gbm,0.5,44,96,1.537184403047427,1.2655480006709303
v9,feat_gbm,0.5,44,97,-3.550335458840582,-3.2217777708537843
v9,feat_gbm,0.5,44,98,-1.738408294137186,-1.2120387208328698
v9,feat_gbm,0.5,44,99,-0.44888081982809,-0.04015373686183237
v9,feat_gbm,0.5,44,100,-2.5392860441594673,-2.8384481914339785
v9,feat_gbm,0.5,44,101,-3.2302671391917515,-3.541068619782685
v9,feat_gbm,0.5,44,102,-3.813803095458163,-4.424727465058162
v9,feat_gbm,0.5,44,103,-0.5823941834069134,-0.7652009130347144
v9,feat_gbm,0.5,44,104,-0.8189472829019885,-0.406664655497914
v9,feat_gbm,0.5,44,105,-2.8115218553765033,-2.8019031633754246
v9,feat_gbm,0.5,44,106,-1.024648034036061,-1.1978192780958505
v9,feat_gbm,0.5,44,107,-1.2975120591619171,-1.2497822804421463
v9,feat_gbm,0.5,44,108,-0.11582189675866236,-0.2003702404752673
v9,feat_gbm,0.5,44,109,-0.31412235064515015,-0.28745536208379296
v9,feat_gbm,0.5,44,110,0.5054604800532616,0.2838469771831524
v9,feat_gbm,0.5,44,111,0.37328710306954505,0.6579850926301614
v9,feat_gbm,0.5,44,112,0.03102568645300188,-0.4279263804064609
v9,feat_gbm,0.5,44,113,0.5450188205026617,0.527327823801956
v9,feat_gbm,0.5,44,114,-3.639755870162068,-3.652947895428966
v9,feat_gbm,0.5,44,115,-0.9982888080746444,-0.04287987221360797
v9,feat_gbm,0.5,44,116,-3.726948235113823,-3.4409421360670214
v9,feat_gbm,0.5,44,117,-2.6246679307451175,-2.4284095097884006
v9,feat_gbm,0.5,44,118,-1.7432097510314455,-1.419217075367618
v9,feat_gbm,0.5,44,119,-2.22289203033484,-1.4944271796191557
v9,feat_gbm,0.5,44,120,-2.935794654083163,-2.797137626437216
v9,feat_gbm,0.5,44,121,1.7430715989404386,3.1321125804877905
v9,feat_gbm,0.5,44,122,-2.4682872034569985,-3.164895556438051
v9,feat_gbm,0.5,44,123,-0.03780761420922605,-0.021234684620174846
v9,feat_gbm,0.5,44,124,-1.471040638032416,-1.246001114532972
v9,feat_gbm,0.5,44,125,-2.734965608636434,-2.7130193085566443
v9,feat_gbm,0.5,44,126,-2.070155640972543,-2.0560780011130944
v9,feat_gbm,0.5,44,127,-1.603910664491349,-1.631222331554067
v9,feat_gbm,0.5,44,128,-2.8014695226256126,-3.477307725783656
v9,feat_gbm,0.5,44,129,1.5318584867304228,1.7007542891568868
v9,feat_gbm,0.5,44,130,-3.977156116587503,-3.4021624962570822
v9,feat_gbm,0.5,44,131,-3.390023276362826,-3.701149444421242
v9,feat_gbm,0.5,44,132,-0.3022498465209109,-0.4116741376471012
v9,feat_gbm,0.5,44,133,-0.5801484390981111,-0.5680375850475197
v9,feat_gbm,0.5,44,134,-1.2917439048761716,-1.4788189923590598
v9,feat_gbm,0.5,44,135,-2.501951973568328,-2.9896549957503007
v9,feat_gbm,0.5,44,136,0.4825220253850425,0.11194117436713467
v9,feat_gbm,0.5,44,137,1.248535466518582,1.7147062893715772
v9,feat_gbm,0.5,44,138,-2.180077932441055,-1.9709125209383296
v9,feat_gbm,0.5,44,139,-0.10167412515717016,0.19937477723826902
v9,feat_gbm,0.5,44,140,-2.8954619000854644,-2.8223726616431475
v9,feat_gbm,0.5,44,141,-0.10893169662898493,-0.12380828599000025
v9,feat_gbm,0.5,44,142,-3.151488536855116,-2.97521232911642
v9,feat_gbm,0.5,44,143,-2.044951347008762,-1.9484557479617686
v9,feat_gbm,0.5,44,144,0.9745071306223064,1.244093655886106
v9,feat_gbm,0.5,44,145,-2.434591137611074,-2.0280859266176816
v9,feat_gbm,0.5,44,146,-2.077649188744424,-2.0754073031653366
v9,feat_gbm,0.5,44,147,0.18941494723708122,-0.11331641159387335
v9,feat_gbm,0.5,44,148,-2.272514646717457,-2.620298039600635
v9,feat_gbm,0.5,44,149,-2.892154491090113,-3.8395532227602396
v9,feat_gbm,0.5,44,150,-1.948499396084275,-2.149698272240366
v9,feat_gbm,0.5,44,151,-3.30656959942819,-3.1594376779318036
v9,feat_gbm,0.5,44,152,-2.3053765543898606,-2.7712141114581046
v9,feat_gbm,0.5,44,153,-1.1658707285842045,-1.1483368403810985
v9,feat_gbm,0.5,44,154,-1.0667092192974261,-1.4700676700115773
v9,feat_gbm,0.5,44,155,1.1788547324513048,1.4088416749712322
v9,feat_gbm,0.5,44,156,0.5354011036234658,0.7564704220494097
v9,feat_gbm,0.5,44,157,-2.0189278426326305,-1.7148995557963913
v9,feat_gbm,0.5,44,158,-2.407101183571283,-2.8595355115547196
v9,feat_gbm,0.5,44,159,-1.2076479257153123,-0.9922400520728849
v9,feat_gbm,0.5,44,160,0.24091250350879095,1.8585227307534937
v9,feat_gbm,0.5,44,161,-2.409963007876635,-2.477654537850602
v9,feat_gbm,0.5,44,162,-3.078772415357356,-2.993764039868935
v9,feat_gbm,0.5,44,163,-1.1741763541130201,-1.1722671160336509
v9,feat_gbm,0.5,44,164,-1.753129873328058,-1.6577576086204497
v9,feat_gbm,0.5,44,165,-2.894026849677644,-2.9770186999323642
v9,feat_gbm,0.5,44,166,-3.4886583367122688,-3.2329952824425443
v9,feat_gbm,0.5,44,167,-0.12715921629563265,0.19550508612775644
v9,feat_gbm,0.5,44,168,-0.9332398523040897,-1.2639642813248737
v9,feat_gbm,0.5,44,169,1.2307964869312624,1.4224064134580066
v9,feat_gbm,0.5,44,170,-2.1809632236693157,-1.5303724784706008
v9,feat_gbm,0.5,44,171,0.7673035494765874,0.6086346650572224
v9,feat_gbm,0.5,44,172,-0.09805762664798814,-0.052232489626048526
v9,feat_gbm,0.5,44,173,-0.2111480459879008,-0.19074605880313256
v9,feat_gbm,0.5,44,174,-2.6243825575318565,-2.7678232596734214
v9,feat_gbm,0.5,44,175,-2.1994726521206687,-1.6557092188829319
v9,feat_gbm,0.5,44,176,0.1481699773466555,0.12081831439914445
v9,feat_gbm,0.5,44,177,1.1946028435419827,3.7031714993021168
v9,feat_gbm,0.5,44,178,-0.37518600476390185,-0.17761292562564054
v9,feat_gbm,0.5,44,179,-0.13016804277165908,0.2295122735959306
v9,feat_gbm,0.5,44,180,-1.5102942405379896,-1.6401012725318311
v9,feat_gbm,0.5,44,181,-2.3173425513530974,-3.399461101549646
v9,feat_gbm,0.5,44,182,0.5797146771316601,0.5421608664871393
v9,feat_gbm,0.5,44,183,-3.879974786456951,-3.7858185839721776
v9,feat_gbm,0.5,44,184,0.5424614536170045,0.4440956773301304
v9,feat_gbm,0.5,44,185,0.38396583650499205,0.5450962365111649
v9,feat_gbm,0.5,44,186,-3.266989823039801,-3.094441269353033
v9,feat_gbm,0.5,44,187,1.1635225384977002,1.436275522654785
v9,feat_gbm,0.5,44,188,0.019650505238201544,-0.003208414280501246
v9,feat_gbm,0.5,44,189,-1.7096849630384567,-2.0766448721687736
v9,feat_gbm,0.5,44,190,-3.0811427520980654,-2.887011097372245
v9,feat_gbm,0.5,44,191,-0.20028139144653545,-0.19564387773269687
v9,feat_gbm,0.5,44,192,-3.6863619814238406,-3.39219136175158
v9,feat_gbm,0.5,44,193,-4.246388648665301,-4.804455114758695
v9,feat_gbm,0.5,44,194,0.13210060442666094,-0.23230879418151415
v9,feat_gbm,0.5,44,195,1.04283712805405,0.7768952289284052
v9,feat_gbm,0.5,44,196,-3.6218308105802226,-3.0758975731441707
v9,feat_gbm,0.5,44,197,1.8209936957976158,1.8852948766094535
v9,feat_gbm,0.5,44,198,-0.08432825984010295,-0.07474663349946693
v9,feat_gbm,0.5,44,199,1.4121548302723137,0.9295509098669842
v9,feat_gbm,0.5,44,200,0.391236744234718,0.40408761039079466
v9,feat_gbm,0.5,44,201,-1.3262335179596696,-1.0185563947000995
v9,feat_gbm,0.5,44,202,-1.4501867675013094,-1.5812541435625456
v9,feat_gbm,0.5,44,203,-2.3849079437476504,-2.9269603411540346
v9,feat_gbm,0.5,44,204,-0.2519484557905428,-0.9368237022381455
v9,feat_gbm,0.5,44,205,-0.7686991054253022,-0.771906247259438
v9,feat_gbm,0.5,44,206,-1.9769864430171389,-1.4457766532498904
v9,feat_gbm,0.5,44,207,-2.6409545428733243,-2.4752738768021185
v9,feat_gbm,0.5,44,208,-2.8218041706665447,-2.8789590131308262
v9,feat_gbm,0.5,44,209,-2.423055443524452,-2.6986856152036793
v9,feat_gbm,0.5,44,210,0.27964451870085993,0.05837096406180189
v9,feat_gbm,0.5,44,211,-3.0574431668653665,-2.2327070274631113
v9,feat_gbm,0.5,44,212,0.07014892095480517,0.15758807445032513
v9,feat_gbm,0.5,44,213,0.6587540194294172,0.5234750924970406
v9,feat_gbm,0.5,44,214,0.995882455790373,0.8312555987922697
v9,feat_gbm,0.5,44,215,-0.6867819225083339,-0.7699972654610447
v9,feat_gbm,0.5,44,216,-2.4853483975878032,-2.4368834827463726
v9,feat_gbm,0.5,44,217,-3.505094265055103,-3.7421886443248944
v9,feat_gbm,0.5,44,218,-4.446092013041826,-4.3753265313120195
v9,feat_gbm,0.5,44,219,0.11147243163698697,0.13181597567614448
v9,feat_gbm,0.5,44,220,-2.6930055856813846,-2.150299196146146
v9,feat_gbm,0.5,44,221,0.4538881590959807,0.4316281043505307
v9,feat_gbm,0.5,44,222,0.5710429757970844,0.20581216265343685
v9,feat_gbm,0.5,44,223,-2.1999134411422747,-1.7226779576420432
v9,feat_gbm,0.5,44,224,0.9736358871191403,1.0701061526100661
v9,feat_gbm,0.5,44,225,-2.1753281718664197,-2.995983076644188
v9,feat_gbm,0.5,44,226,-0.2788095772205702,-0.39103048890459524
v9,feat_gbm,0.5,44,227,-2.350625556855476,-2.811377433191803
v9,feat_gbm,0.5,44,228,-0.08955983991987786,0.1103569248772952
v9,feat_gbm,0.5,44,229,0.8407430413147543,1.0926797996732165
v9,feat_gbm,0.5,44,230,-1.0015338816601158,-1.1465469989616057
v9,feat_gbm,0.5,44,231,-3.651223693637631,-3.7045714701961474
v9,feat_gbm,0.5,44,232,-0.1469526214984457,-0.3205795311611984
v9,feat_gbm,0.5,44,233,-0.15792869018647698,-0.7282288274356463
v9,feat_gbm,0.5,44,234,-0.5744264457664208,-0.6143938277881194
v9,feat_gbm,0.5,44,235,-3.1252025394887495,-3.717493513170671
v9,feat_gbm,0.5,44,236,-1.9831513065408461,-1.894186438607053
v9,feat_gbm,0.5,44,237,-0.013023965695646678,0.19101892391720615
v9,feat_gbm,0.5,44,238,-2.4040317084577603,-2.723653519266766
v9,feat_gbm,0.5,44,239,0.2529551449346049,0.28172679866345784
v9,feat_gbm,0.5,44,240,-0.8601655903697333,-0.570916259780521
v9,feat_gbm,0.5,44,241,-2.4882549586477,-3.037607674189957
v9,feat_gbm,0.5,44,242,-2.662419422600974,-2.4824067099880884
v9,feat_gbm,0.5,44,243,0.9343692018381791,1.793244191067856
v9,feat_gbm,0.5,44,244,-1.6721558767734634,-2.170563194223024
v9,feat_gbm,0.5,44,245,-2.6329991056899,-2.5580286375581696
v9,feat_gbm,0.5,44,246,-3.0220300361552206,-3.9013363177662743
v9,feat_gbm,0.5,44,247,-1.1739793826765528,-1.2689211715035387
v9,feat_gbm,0.5,44,248,-2.8708889923783203,-2.89795980370705
v9,feat_gbm,0.5,44,249,-0.973380552878352,-1.149470325468549
v9,feat_gbm,0.5,44,250,-2.552986998788113,-2.1803876537888693
v9,feat_gbm,0.5,44,251,-1.259032204765038,-1.2010659028736028
v9,feat_gbm,0.5,44,252,-2.6771199442917717,-2.675840590612525
v9,feat_gbm,0.5,44,253,-0.8533602341213661,-0.865421424414132
v9,feat_gbm,0.5,44,254,-0.39244652661754875,-0.45089388998719687
v9,feat_gbm,0.5,44,255,-1.6459164613092396,-1.477655138121315
v9,feat_gbm,0.5,44,256,-1.8976048026332046,-1.9234128661936198
v9,feat_gbm,0.5,44,257,-0.7720296261363618,-0.8895479413744646
v9,feat_gbm,0.5,44,258,-1.4641739074215132,-1.284701881398344
v9,feat_gbm,0.5,44,259,-0.276128712171128,0.03791276039075724
v9,feat_gbm,0.5,44,260,-1.1565905522785271,-1.213907680807544
v9,feat_gbm,0.5,44,261,-0.6024247459212094,-0.6937064881158975
v9,feat_gbm,0.5,44,262,-1.8731376043228065,-2.500344974429108
v9,feat_gbm,0.5,44,263,-2.956607168562376,-3.0782877743164985
v9,feat_gbm,0.5,44,264,-2.8293127116380803,-3.2702790535172426
v9,feat_gbm,0.5,44,265,-0.3864054101079296,-0.15746453031192983
v9,feat_gbm,0.5,44,266,-1.4189853094890794,-1.3930653126164372
v9,feat_gbm,0.5,44,267,-3.9378580245751795,-3.460520174484755
v9,feat_gbm,0.5,44,268,-1.976783219445278,-1.8115923421665279
v9,feat_gbm,0.5,44,269,0.10288717665371337,-0.04785951915829837
v9,feat_gbm,0.5,44,270,-1.4658396123016648,-1.3387838926701625
v9,feat_gbm,0.5,44,271,0.7675408244382804,0.6172482925771328
v9,feat_gbm,0.5,44,272,0.05281403426841167,0.10718580269537517
v9,feat_gbm,0.5,44,273,-2.9299008284306494,-2.4250613993713395
v9,feat_gbm,0.5,44,274,-0.1237185625102205,-0.4656136934058211
v9,feat_gbm,0.5,44,275,-1.7404698263486624,-1.7679071058666047
v9,feat_gbm,0.5,44,276,-0.16788531172108806,-0.15192249005847586
v9,feat_gbm,0.5,44,277,-0.17056111435189225,-0.22686658439221394
v9,feat_gbm,0.5,44,278,-0.524244362075801,-0.3963273628232521
v9,feat_gbm,0.5,44,279,-2.4111058381539023,-2.1916982233579314
v9,feat_gbm,0.5,44,280,0.6397997085734428,0.5138857123822332
v9,feat_gbm,0.5,44,281,0.1873542724716389,0.13501120436460418
v9,feat_gbm,0.5,44,282,-0.16277141768290215,-0.35232291748203215
v9,feat_gbm,0.5,44,283,0.5211994781429848,0.33710059568630363
v9,feat_gbm,0.5,44,284,2.2741229998968264,2.2269494594330284
v9,feat_gbm,0.5,44,285,-0.49093591822161164,-0.8523290277873723
v9,feat_gbm,0.5,44,286,0.35415553394775945,0.5032694866056324
v9,feat_gbm,0.5,44,287,-3.661083747358681,-3.0734310124071125
v9,feat_gbm,0.5,44,288,-3.2121158805478602,-3.0969464995649485
v9,feat_gbm,0.5,44,289,0.8071627921248821,0.8088909840914691
v9,feat_gbm,0.5,44,290,-1.5034420507462496,-1.710735902712342
v9,feat_gbm,0.5,44,291,-0.2506861894667626,-0.24588513525180683
v9,feat_gbm,0.5,44,292,-3.0551486653187276,-2.9910915714149957
v9,feat_gbm,0.5,44,293,-0.17786552598894367,0.24397961438558982
v9,feat_gbm,0.5,44,294,1.0450072263342804,0.9827222917401395
v9,feat_gbm,0.5,44,295,1.1287755612207113,1.5399914318848642
v9,feat_gbm,0.5,44,296,-2.810267163418797,-3.028104854063688
v9,feat_gbm,0.5,44,297,-1.8532373205273625,-1.9675880903276046
v9,feat_gbm,0.5,44,298,0.39147667509154693,0.3882116190950413
v9,feat_gbm,0.5,44,299,-0.5042509475583057,-0.4169590587595381
v9,feat_gbm,0.5,44,300,-0.4801582742013055,-0.47104701624968015
v9,feat_gbm,0.5,44,301,-0.5115629884807187,-0.5788171023402015
v9,feat_gbm,0.5,44,302,-3.5328001567718843,-3.325334912618423
v9,feat_gbm,0.5,44,303,0.04788561199080763,0.27214776974989446
v9,feat_gbm,0.5,44,304,0.1368077804464739,0.2838761456734127
v9,feat_gbm,0.5,44,305,0.8060049066125708,0.98356576927226
v9,feat_gbm,0.5,44,306,-1.763305014676269,-2.324804251846344
v9,feat_gbm,0.5,44,307,-0.44241056436683013,-0.30060412365222405
v9,feat_gbm,0.5,44,308,-3.970685348354222,-3.5706943269006843
v9,feat_gbm,0.5,44,309,0.5139222995737744,0.7657986236992217
v9,feat_gbm,0.5,44,310,-0.2808014006099939,-0.3760212383278314
v9,feat_gbm,0.5,44,311,0.777462179474162,0.903367601886353
v9,feat_gbm,0.5,44,312,0.5773536550458721,0.2834145554969618
v9,feat_gbm,0.5,44,313,-0.592123522475227,-0.8750381269167363
v9,feat_gbm,0.5,44,314,-1.7437095263275992,-0.8911054934067958
v9,feat_gbm,0.5,44,315,0.4095567989871557,0.2699623908229132
v9,feat_gbm,0.5,44,316,-3.623854732968934,-4.034449774534175
v9,feat_gbm,0.5,44,317,0.3837404009852028,0.7302045063515665
v9,feat_gbm,0.5,44,318,-2.1848816990004787,-2.5264159394565007
v9,feat_gbm,0.5,44,319,-3.162224243732446,-3.1280680478747835
v9,feat_gbm,0.5,44,320,0.025070311804068605,-0.623194388118803
v9,feat_gbm,0.5,44,321,-3.824597036206329,-4.172922463867305
v9,feat_gbm,0.5,44,322,0.9979199503233874,1.0714029341973417
v9,feat_gbm,0.5,44,323,-2.5129029963621274,-2.5538050374755565
v9,feat_gbm,0.5,44,324,-1.4383926238309863,-1.5310020975326282
v9,feat_gbm,0.5,44,325,-0.6525147071206838,-0.735749980772127
v9,feat_gbm,0.5,44,326,-0.718082700992182,-0.5010306012352705
v9,feat_gbm,0.5,44,327,-4.001270968219692,-4.393123087746285
v9,feat_gbm,0.5,44,328,0.5705763737052031,0.6439364857563509
v9,feat_gbm,0.5,44,329,-2.921452689821527,-2.60760252445046
v9,feat_gbm,0.5,44,330,0.5572750406040936,0.46983427811083467
v9,feat_gbm,0.5,44,331,-0.9430839261189886,-1.149354435920189
v9,feat_gbm,0.5,44,332,-2.0605713379916613,-1.0961264399974935
v9,feat_gbm,0.5,44,333,1.0652921258773849,1.4253561556633074
v9,feat_gbm,0.5,44,334,1.0511455255793485,1.0406546288822482
v9,feat_gbm,0.5,44,335,-0.49542321287518243,-0.1286217558512718
v9,feat_gbm,0.5,44,336,-1.724851420459055,-1.7275974260064488
v9,feat_gbm,0.5,44,337,-3.2993827972337417,-4.535227665039715
v9,feat_gbm,0.5,44,338,-0.4815624093501175,-1.078833843619319
v9,feat_gbm,0.5,44,339,-1.796225616128883,-2.035297396751524
v9,feat_gbm,0.5,44,340,0.11990722884086802,0.4788286932125707
v9,feat_gbm,0.5,44,341,-0.42486279652695635,-0.4595082096564039
v9,feat_gbm,0.5,44,342,-3.8061570852016073,-3.653430804591794
v9,feat_gbm,0.5,44,343,0.435479620412896,0.2834522663037432
v9,feat_gbm,0.5,44,344,0.1811772264974697,-0.15984972455285287
v9,feat_gbm,0.5,44,345,-2.242814939138724,-3.8822970119574354
v9,feat_gbm,0.5,44,346,-2.634943656235595,-2.5801989990218064
v9,feat_gbm,0.5,44,347,-3.5064756610498775,-3.2622630695286134
v9,feat_gbm,0.5,44,348,-0.5927793722759459,-0.4894561152880944
v9,feat_gbm,0.5,44,349,-3.6779066675274303,-3.0223552414624764
v9,feat_gbm,0.5,44,350,0.744443377919701,0.4215072765335228
v9,feat_gbm,0.5,44,351,-1.829422454071552,-1.8152752103400673
v9,feat_gbm,0.5,44,352,0.916107073928932,1.102263670511441
v9,feat_gbm,0.5,44,353,1.076116509871238,1.4454852001466738
v9,feat_gbm,0.5,44,354,-3.6234000714366488,-3.6770060333191017
v9,feat_gbm,0.5,44,355,-3.718633074991933,-5.078652858832153
v9,feat_gbm,0.5,44,356,0.5241692769891613,0.7815322159665122
v9,feat_gbm,0.5,44,357,0.6596075732904205,0.6775133790495483
v9,feat_gbm,0.5,44,358,-3.6239516368040974,-3.5163570325540956
v9,feat_gbm,0.5,44,359,-2.953958720469445,-4.157760523739404
v9,feat_gbm,0.5,44,360,-0.1314181530422607,-0.18386357284099003
v9,feat_gbm,0.5,44,361,-4.1061061915104835,-4.477383009144865
v9,feat_gbm,0.5,44,362,0.09859411038599673,0.2909126951240761
v9,feat_gbm,0.5,44,363,-3.4344637845139716,-3.5121531596302606
v9,feat_gbm,0.5,44,364,0.17456925686813776,-0.0019354464452207268
v9,feat_gbm,0.5,44,365,-3.2861691404711624,-3.264666087597375
v9,feat_gbm,0.5,44,366,-1.4386678791726586,-1.4961090632143375
v9,feat_gbm,0.5,44,367,-0.12320126935415342,-0.10305907560987346
v9,feat_gbm,0.5,44,368,0.2668633762597371,0.24601275195113992
v9,feat_gbm,0.5,44,369,-1.8104438802039173,-1.6400355118163064
v9,feat_gbm,0.5,44,370,-1.09186390317025,-1.5399226532969161
v9,feat_gbm,0.5,44,371,-0.23930344409277168,-0.3336387161155974
v9,feat_gbm,0.5,44,372,0.2283441856665817,0.3185760540422761
v9,feat_gbm,0.5,44,373,-0.30351812424327806,-0.30756424411789
v9,feat_gbm,0.5,44,374,-3.7990015664512216,-3.551435429619069
v9,feat_gbm,0.5,44,375,-0.0717037634480443,-0.12846918127015178
v9,feat_gbm,0.5,44,376,0.6525449101183198,0.43413099611324796
v9,feat_gbm,0.5,44,377,0.7293010844549375,0.8095384731463161
v9,feat_gbm,0.5,44,378,0.010189490280469664,0.20303525329731625
v9,feat_gbm,0.5,44,379,0.6863883035055711,0.524784145223057
v9,feat_gbm,0.5,44,380,0.20589568949095724,0.8722609808312535
v9,feat_gbm,0.5,44,381,0.6300309967523279,1.0190202163897197
v9,feat_gbm,0.5,44,382,0.6531063985360872,1.2715191268303472
v9,feat_gbm,0.5,44,383,0.03453324727807884,-0.13923746667536385
v9,feat_gbm,0.5,44,384,-1.4502268801060922,-1.7983983483294153
v9,feat_gbm,0.5,44,385,0.29670662584411645,0.5606037150840157
v9,feat_gbm,0.5,44,386,0.6785704641390093,0.6003456151224621
v9,feat_gbm,0.5,44,387,1.0051438844949752,1.3071718981356573
v9,feat_gbm,0.5,44,388,-0.42659096830121834,-0.19457283568776126
v9,feat_gbm,0.5,44,389,-1.131619141163491,-0.981880356960367
v9,feat_gbm,0.5,44,390,-3.1428947510830096,-2.628024059072158
v9,feat_gbm,0.5,44,391,-2.6139516119848545,-2.479262758098376
v9,feat_gbm,0.5,44,392,-2.196193779786078,-2.207941629114672
v9,feat_gbm,0.5,44,393,-2.987918841323504,-2.806586620215901
v9,feat_gbm,0.5,44,394,-0.12395135689699208,-0.16842623590390868
v9,feat_gbm,0.5,44,395,0.49089770154638057,0.3596423409999632
v9,feat_gbm,0.5,44,396,-2.5490648786416283,-3.117667066362407
v9,feat_gbm,0.5,44,397,0.729079670604014,0.6134086288650079
v9,feat_gbm,0.5,44,398,0.567770926661387,0.5049020087080688
v9,feat_gbm,0.5,44,399,-1.3196680249549575,-1.0548605918119196
v9,feat_gbm,0.5,44,400,-2.8740495856564396,-2.877676775828332
v9,feat_gbm,0.5,44,401,0.2697731043616458,0.015654415635624343
v9,feat_gbm,0.5,44,402,-0.5760708502806718,-0.7027824676465185
v9,feat_gbm,0.5,44,403,0.163830439474875,0.6733427913489138
v9,feat_gbm,0.5,44,404,0.1254606441753691,0.03259550049258387
v9,feat_gbm,0.5,44,405,-3.568428843791458,-3.4179416205706223
v9,feat_gbm,0.5,44,406,-1.5687125316677488,-1.6563158072976616
v9,feat_gbm,0.5,44,407,0.49399544345007396,0.3281041495218151
v9,feat_gbm,0.5,44,408,-1.5037238257956682,-1.498502430121411
v9,feat_gbm,0.5,44,409,-1.7830610532099396,-1.5390850133499359
v9,feat_gbm,0.5,44,410,-2.554748630746577,-3.8769914364338094
v9,feat_gbm,0.5,44,411,-1.2613440124149222,-1.1093409530974205
v9,feat_gbm,0.5,44,412,-2.3282836588748856,-2.1356441225652167
v9,feat_gbm,0.5,44,413,0.4163826158948387,0.5613925387002681
v9,feat_gbm,0.5,44,414,-2.4048528455587905,-2.672303525149137
v9,feat_gbm,0.5,44,415,0.9498869608018528,0.9887747910888531
v9,feat_gbm,0.5,44,416,-1.8167481717300342,-2.064740642123073
v9,feat_gbm,0.5,44,417,-0.43271431348762646,-0.13534283366780814
v9,feat_gbm,0.5,44,418,0.26947948261684884,0.5266566940316069
v9,feat_gbm,0.5,44,419,-0.9964059158796674,-0.7929716308762645
v9,feat_gbm,0.5,44,420,0.2030699516687266,0.22081989653443584
v9,feat_gbm,0.5,44,421,-3.746021704275297,-3.4911396429773087
v9,feat_gbm,0.5,44,422,-0.012139806712995454,0.4691563032653497
v9,feat_gbm,0.5,44,423,-0.03076063885694086,-0.21242164749251408
v9,feat_gbm,0.5,44,424,-2.1823778089193717,-2.0235730224261497
v9,feat_gbm,0.5,44,425,-0.2044626893596461,0.1881042769243711
v9,feat_gbm,0.5,44,426,-0.9722663468430616,-0.7546830882020855
v9,feat_gbm,0.5,44,427,-2.0046637435784427,-2.004418163271322
v9,feat_gbm,0.5,44,428,-0.035426337323424956,0.08108350485015015
v9,feat_gbm,0.5,44,429,-1.0649616603042869,-0.8958783842144782
v9,feat_gbm,0.5,44,430,-0.7472389302939192,-0.700178367515834
v9,feat_gbm,0.5,44,431,-2.218312831269189,-2.026447754843476
v9,feat_gbm,0.5,44,432,-3.3706801937308413,-3.3644112924118934
v9,feat_gbm,0.5,44,433,-2.0280818709105666,-2.4777804975332844
v9,feat_gbm,0.5,44,434,-3.6333117405371222,-3.6407879329147783
v9,feat_gbm,0.5,44,435,0.3752652479583507,0.8140524350977956
v9,feat_gbm,0.5,44,436,-0.3556493365300982,-0.6342245759550225
v9,feat_gbm,0.5,44,437,-1.2513382499136851,-1.0170271575608654
v9,feat_gbm,0.5,44,438,0.7002450068024194,1.2058566336630974
v9,feat_gbm,0.5,44,439,0.8695985168179166,1.04159183954478
v9,feat_gbm,0.5,44,440,-1.1949516078153888,-0.383754051292973
v9,feat_gbm,0.5,44,441,1.16456640281011,0.9717849563735496
v9,feat_gbm,0.5,44,442,0.8725791205891913,0.915394257773604
v9,feat_gbm,0.5,44,443,0.05176536134163838,0.17619398118278368
v9,feat_gbm,0.5,44,444,-2.7351368521005424,-2.3026142847949007
v9,feat_gbm,0.5,44,445,-1.3686847321139894,-2.156995715227189
v9,feat_gbm,0.5,44,446,-2.264815008208054,-1.9647154613855007
v9,feat_gbm,0.5,44,447,-1.1629026634351205,-1.2167428909736953
v9,feat_gbm,0.5,44,448,-0.10641755413746368,0.371748058948411
v9,feat_gbm,0.5,44,449,-3.657181128553965,-3.354914600670279
v9,feat_gbm,0.5,44,450,-2.6256750069439483,-2.0984010901330774
v9,feat_gbm,0.5,44,451,-2.0183577802382326,-1.8411195968283314
v9,feat_gbm,0.5,44,452,-0.1105412031487552,-0.2866386615093297
v9,feat_gbm,0.5,44,453,-1.9579631371034014,-2.1769502099219324
v9,feat_gbm,0.5,44,454,0.28006920855051354,0.851829112076475
v9,feat_gbm,0.5,44,455,0.04169826922784786,-0.5174982843777256
v9,feat_gbm,0.5,44,456,-3.2208155064357578,-3.7883351795095335
v9,feat_gbm,0.5,44,457,-1.1897323072094232,-1.3225504843777425
v9,feat_gbm,0.5,44,458,-0.6120702168998453,-0.6304710111145473
v9,feat_gbm,0.5,44,459,-2.8495701235052544,-2.867776928577639
v9,feat_gbm,0.5,44,460,-0.4291875380527044,-0.20106453453544149
v9,feat_gbm,0.5,44,461,0.21454246232807495,0.565413433251147
v9,feat_gbm,0.5,44,462,0.377661687098956,0.6531860801292728
v9,feat_gbm,0.5,44,463,-3.251000204268037,-3.295531334571209
v9,feat_gbm,0.5,44,464,-0.9625927422356334,-1.118951529136503
v9,feat_gbm,0.5,44,465,-0.058238440582328854,0.08535922256033004
v9,feat_gbm,0.5,44,466,-0.08722363190930298,0.2656879386171551
v9,feat_gbm,0.5,44,467,-0.8756077437266812,-1.0764680911985907
v9,feat_gbm,0.5,44,468,0.9729852083639757,2.2503813782282114
v9,feat_gbm,0.5,44,469,0.057715188175171094,-0.029700274932011248
v9,feat_gbm,0.5,44,470,-2.5177641416808423,-2.1918010579584375
v9,feat_gbm,0.5,44,471,-0.22680327574392511,-0.12537364897776127
v9,feat_gbm,0.5,44,472,-1.514409049389662,-1.3714574409892777
v9,feat_gbm,0.5,44,473,-2.0441154426859462,-1.0216450817816245
v9,feat_gbm,0.5,44,474,-0.8644735129416142,-0.8313233833759152
v9,feat_gbm,0.5,44,475,-2.9520643536809263,-3.25243582884057
v9,feat_gbm,0.5,44,476,0.7703395437067695,0.8737365575305754
v9,feat_gbm,0.5,44,477,-2.1076352698219023,-1.8373017486027088
v9,feat_gbm,0.5,44,478,-1.3820884420271367,-1.909749317133085
v9,feat_gbm,0.5,44,479,0.33894421840348876,0.418341725137149
v9,feat_gbm,0.5,44,480,-2.618128895776987,-2.8689304810445995
v9,feat_gbm,0.5,44,481,-4.582077656624434,-3.9192950012633494
v9,feat_gbm,0.5,44,482,0.7080310326646898,0.8191907452202399
v9,feat_gbm,0.5,44,483,-2.6385589114209687,-2.7371748494528005
v9,feat_gbm,0.5,44,484,0.1951325597671102,0.043868991079412875
v9,feat_gbm,0.5,44,485,-2.9502194796034638,-3.9571024828402512
v9,feat_gbm,0.5,44,486,-0.9937294909568076,-0.8286091055291892
v9,feat_gbm,0.5,44,487,1.2844711387322618,1.1086460137612473
v9,feat_gbm,0.5,44,488,-0.9713313992740876,-1.0899995989348372
v9,feat_gbm,0.5,44,489,-2.8473954859148627,-2.9260181182274523
v9,feat_gbm,0.5,44,490,0.0853778088730353,0.01778898425240747
v9,feat_gbm,0.5,44,491,-0.48228485287658385,-0.388546054063584
v9,feat_gbm,0.5,44,492,-0.5276542897576045,-0.8483910406321095
v9,feat_gbm,0.5,44,493,-2.783759257096395,-2.4855190663855797
v9,feat_gbm,0.5,44,494,-0.407267450623115,-0.6027729178489412
v9,feat_gbm,0.5,44,495,-1.4167675751411952,-1.5285925057254015
v9,feat_gbm,0.5,44,496,0.7225154604525668,1.0092174422839322
v9,feat_gbm,0.5,44,497,-2.525593365385824,-2.421052301727873
v9,feat_gbm,0.5,44,498,-3.099799104627384,-3.2283141264699093
v9,feat_gbm,0.5,44,499,-4.311298197989064,-4.907212199848568
v9,feat_gbm,0.5,45,0,-0.0738990340110115,0.03894909458183669
v9,feat_gbm,0.5,45,1,-2.4090696286325417,-2.5052564746229193
v9,feat_gbm,0.5,45,2,0.5398244289160946,0.6287827851917782
v9,feat_gbm,0.5,45,3,-3.116009771766632,-3.3447289283878643
v9,feat_gbm,0.5,45,4,0.8776451755968537,0.9694015026406426
v9,feat_gbm,0.5,45,5,-2.3111610817607295,-2.4693709778233526
v9,feat_gbm,0.5,45,6,-0.2661815079390084,-0.2819211013310965
v9,feat_gbm,0.5,45,7,0.6757496746417625,0.5289578846490461
v9,feat_gbm,0.5,45,8,0.3523961874514539,0.032863622186365654
v9,feat_gbm,0.5,45,9,0.8973045233714853,0.9352707853930591
v9,feat_gbm,0.5,45,10,-1.8734352193329673,-1.5987558134683666
v9,feat_gbm,0.5,45,11,-2.983856931823481,-3.2678706438993954
v9,feat_gbm,0.5,45,12,-2.003730367910506,-2.445380546146449
v9,feat_gbm,0.5,45,13,-0.26493834442106184,-0.4471217519653716
v9,feat_gbm,0.5,45,14,-1.9289805928266868,-1.8343062920535937
v9,feat_gbm,0.5,45,15,-2.3666638403305744,-2.278287047942225
v9,feat_gbm,0.5,45,16,-0.681218055885697,-1.113015507562239
v9,feat_gbm,0.5,45,17,-0.8589424586644138,-1.149386040828735
v9,feat_gbm,0.5,45,18,-0.6125286023585339,-0.4541092694382234
v9,feat_gbm,0.5,45,19,-2.9882230832979233,-2.8798658660471284
v9,feat_gbm,0.5,45,20,-3.396944439434677,-3.281006200299989
v9,feat_gbm,0.5,45,21,-0.8508175917589812,-0.7889402030111288
v9,feat_gbm,0.5,45,22,-1.1775314430440649,-0.48114593055133975
v9,feat_gbm,0.5,45,23,-2.359131149726742,-2.8038114998165153
v9,feat_gbm,0.5,45,24,-2.8128666017672614,-2.6726430450531393
v9,feat_gbm,0.5,45,25,-3.3899803040761882,-3.141178249464176
v9,feat_gbm,0.5,45,26,-3.531949289316736,-3.8612362310489847
v9,feat_gbm,0.5,45,27,-2.70577052601486,-3.085821277369337
v9,feat_gbm,0.5,45,28,-2.191196110846426,-2.1153791712035637
v9,feat_gbm,0.5,45,29,-0.6579823369798458,-0.5854112868629942
v9,feat_gbm,0.5,45,30,0.13184326793139353,0.13849791927417068
v9,feat_gbm,0.5,45,31,-2.723876431490907,-2.779654184179668
v9,feat_gbm,0.5,45,32,1.1176566891387585,0.9166392391011026
v9,feat_gbm,0.5,45,33,-1.640316074193919,-2.134444297962007
v9,feat_gbm,0.5,45,34,0.8171728367764938,1.1224191581864646
v9,feat_gbm,0.5,45,35,-2.8911903629238505,-2.7514680837461087
v9,feat_gbm,0.5,45,36,0.6764007403718207,0.7493710802437775
v9,feat_gbm,0.5,45,37,-2.202963933113862,-2.157600461660938
v9,feat_gbm,0.5,45,38,-1.9336544447784507,-1.7436371170468024
v9,feat_gbm,0.5,45,39,0.8602697809666523,0.632388610685479
v9,feat_gbm,0.5,45,40,-1.3094420839885756,-1.5024753827969588
v9,feat_gbm,0.5,45,41,-2.9991078995297276,-2.936018587066778
v9,feat_gbm,0.5,45,42,-0.18314253034092304,-0.06406961406287034
v9,feat_gbm,0.5,45,43,-0.46186766670692575,-0.43711075337934485
v9,feat_gbm,0.5,45,44,0.44215547611594863,0.521724778538647
v9,feat_gbm,0.5,45,45,0.794892129868589,-0.02881562555915001
v9,feat_gbm,0.5,45,46,-3.1617921651858474,-2.6856700943784895
v9,feat_gbm,0.5,45,47,-3.6222891649471163,-3.3419513202228783
v9,feat_gbm,0.5,45,48,-0.29721167411236593,-0.35240032436669677
v9,feat_gbm,0.5,45,49,-3.595548596064263,-4.466027560457086
v9,feat_gbm,0.5,45,50,-1.2377131000812247,-1.2227887404747313
v9,feat_gbm,0.5,45,51,-3.5954603021490925,-4.168130875201601
v9,feat_gbm,0.5,45,52,-2.653282101715169,-2.1825653069440887
v9,feat_gbm,0.5,45,53,-2.72694918054498,-2.816977102698189
v9,feat_gbm,0.5,45,54,-0.9911788889075442,-0.9520374156321785
v9,feat_gbm,0.5,45,55,0.49418249784323875,0.800460094219776
v9,feat_gbm,0.5,45,56,0.3844392945334605,0.2782562560211116
v9,feat_gbm,0.5,45,57,-0.09420297508467702,-0.7855200046266205
v9,feat_gbm,0.5,45,58,-2.85326210447603,-2.837973637743256
v9,feat_gbm,0.5,45,59,0.15483254517244727,0.3653424354755994
v9,feat_gbm,0.5,45,60,-3.135589997502656,-3.145987746693799
v9,feat_gbm,0.5,45,61,-2.141358260131387,-2.1381844357326614
v9,feat_gbm,0.5,45,62,0.6353492840500984,0.3908315550690521
v9,feat_gbm,0.5,45,63,-3.321019575334398,-3.259739876316779
v9,feat_gbm,0.5,45,64,-3.8284474868247136,-3.799325775609258
v9,feat_gbm,0.5,45,65,-0.016648882271203036,0.2842997557356093
v9,feat_gbm,0.5,45,66,0.6630448214411663,0.9099380077885143
v9,feat_gbm,0.5,45,67,0.362488856079896,0.5741223235018287
v9,feat_gbm,0.5,45,68,1.171521983360273,1.3807263582335993
v9,feat_gbm,0.5,45,69,0.9142004265439431,2.7357387204405055
v9,feat_gbm,0.5,45,70,-0.2109018948158286,-0.3782017485149665
v9,feat_gbm,0.5,45,71,-0.6018781804307977,-0.6946521973220513
v9,feat_gbm,0.5,45,72,-3.5826269564982933,-3.510295151868067
v9,feat_gbm,0.5,45,73,-0.21847471313860048,-0.3643686170400702
v9,feat_gbm,0.5,45,74,1.11747520887828,1.1835884152793859
v9,feat_gbm,0.5,45,75,-0.040296022563842855,-0.38644824542838596
v9,feat_gbm,0.5,45,76,0.3026797384298897,0.7005004452467647
v9,feat_gbm,0.5,45,77,0.2389888698301487,0.3770911051312199
v9,feat_gbm,0.5,45,78,-0.6241957897267715,-0.5374783823521183
v9,feat_gbm,0.5,45,79,-2.6703761995933175,-3.2499450611549854
v9,feat_gbm,0.5,45,80,-1.8263865701861848,-1.719925172279684
v9,feat_gbm,0.5,45,81,0.9150030421430041,1.8185710395242058
v9,feat_gbm,0.5,45,82,-1.163567498322061,-1.0758778979961314
v9,feat_gbm,0.5,45,83,-0.3624456662354686,-0.8033140510569362
v9,feat_gbm,0.5,45,84,-2.2942452092310526,-2.0837035815006346
v9,feat_gbm,0.5,45,85,-1.0292043535731887,-1.2430797823904942
v9,feat_gbm,0.5,45,86,0.6136839835765421,0.639317965424242
v9,feat_gbm,0.5,45,87,-0.24349152462569917,-0.02321591952008587
v9,feat_gbm,0.5,45,88,-3.454033245041504,-3.512086916650174
v9,feat_gbm,0.5,45,89,-1.8304000441432278,-1.684363733317816
v9,feat_gbm,0.5,45,90,-3.9624570658088643,-3.5341996208099964
v9,feat_gbm,0.5,45,91,0.8612401295219484,1.1574629997660548
v9,feat_gbm,0.5,45,92,-0.9836282803105942,-0.7651863719989663
v9,feat_gbm,0.5,45,93,-4.08288070612017,-5.7708125015304885
v9,feat_gbm,0.5,45,94,0.05654996104936471,0.07374698385127064
v9,feat_gbm,0.5,45,95,0.6988364218235988,1.201566413592891
v9,feat_gbm,0.5,45,96,1.2157789283029397,1.2655480006709303
v9,feat_gbm,0.5,45,97,-3.492889802310344,-3.2217777708537843
v9,feat_gbm,0.5,45,98,-1.4234628552673452,-1.2120387208328698
v9,feat_gbm,0.5,45,99,-0.41655668072172847,-0.04015373686183237
v9,feat_gbm,0.5,45,100,-2.6167798476799247,-2.8384481914339785
v9,feat_gbm,0.5,45,101,-3.2047726388004873,-3.541068619782685
v9,feat_gbm,0.5,45,102,-3.934758028404838,-4.424727465058162
v9,feat_gbm,0.5,45,103,-0.8382704896339211,-0.7652009130347144
v9,feat_gbm,0.5,45,104,-0.8273089009141873,-0.406664655497914
v9,feat_gbm,0.5,45,105,-2.7374611287195085,-2.8019031633754246
v9,feat_gbm,0.5,45,106,-1.212226239886301,-1.1978192780958505
v9,feat_gbm,0.5,45,107,-0.9646185088200665,-1.2497822804421463
v9,feat_gbm,0.5,45,108,-0.11589814977827599,-0.2003702404752673
v9,feat_gbm,0.5,45,109,-0.29405166705076036,-0.28745536208379296
v9,feat_gbm,0.5,45,110,0.5051479238857564,0.2838469771831524
v9,feat_gbm,0.5,45,111,0.43773597030908423,0.6579850926301614
v9,feat_gbm,0.5,45,112,-0.1927721457153976,-0.4279263804064609
v9,feat_gbm,0.5,45,113,0.4795358241044211,0.527327823801956
v9,feat_gbm,0.5,45,114,-3.610664304136739,-3.652947895428966
v9,feat_gbm,0.5,45,115,-0.9749831044654454,-0.04287987221360797
v9,feat_gbm,0.5,45,116,-3.697941704388943,-3.4409421360670214
v9,feat_gbm,0.5,45,117,-2.671260030469905,-2.4284095097884006
v9,feat_gbm,0.5,45,118,-1.4960218333699857,-1.419217075367618
v9,feat_gbm,0.5,45,119,-2.2401728065782116,-1.4944271796191557
v9,feat_gbm,0.5,45,120,-2.915595562225325,-2.797137626437216
v9,feat_gbm,0.5,45,121,1.4002955275466749,3.1321125804877905
v9,feat_gbm,0.5,45,122,-2.5174027968952033,-3.164895556438051
v9,feat_gbm,0.5,45,123,0.23830114965145585,-0.021234684620174846
v9,feat_gbm,0.5,45,124,-1.4457681427257145,-1.246001114532972
v9,feat_gbm,0.5,45,125,-2.738819659377017,-2.7130193085566443
v9,feat_gbm,0.5,45,126,-2.1947972839846908,-2.0560780011130944
v9,feat_gbm,0.5,45,127,-1.6116537416148624,-1.631222331554067
v9,feat_gbm,0.5,45,128,-2.7766969384417877,-3.477307725783656
v9,feat_gbm,0.5,45,129,1.2271817959171158,1.7007542891568868
v9,feat_gbm,0.5,45,130,-3.9728650083165227,-3.4021624962570822
v9,feat_gbm,0.5,45,131,-3.431658632799175,-3.701149444421242
v9,feat_gbm,0.5,45,132,-0.016125345749366256,-0.4116741376471012
v9,feat_gbm,0.5,45,133,-0.6199592374752209,-0.5680375850475197
v9,feat_gbm,0.5,45,134,-1.1429586709165684,-1.4788189923590598
v9,feat_gbm,0.5,45,135,-2.5346002089230373,-2.9896549957503007
v9,feat_gbm,0.5,45,136,0.3032398796474308,0.11194117436713467
v9,feat_gbm,0.5,45,137,1.1985906383719922,1.7147062893715772
v9,feat_gbm,0.5,45,138,-2.1370250407637337,-1.9709125209383296
v9,feat_gbm,0.5,45,139,0.08940877977832619,0.19937477723826902
v9,feat_gbm,0.5,45,140,-2.7985129886781044,-2.8223726616431475
v9,feat_gbm,0.5,45,141,-0.19156548715302674,-0.12380828599000025
v9,feat_gbm,0.5,45,142,-3.1006476965138354,-2.97521232911642
v9,feat_gbm,0.5,45,143,-1.9943740517366586,-1.9484557479617686
v9,feat_gbm,0.5,45,144,1.241562771384613,1.244093655886106
v9,feat_gbm,0.5,45,145,-2.3599711963196515,-2.0280859266176816
v9,feat_gbm,0.5,45,146,-2.04007737187416,-2.0754073031653366
v9,feat_gbm,0.5,45,147,0.043832465038759906,-0.11331641159387335
v9,feat_gbm,0.5,45,148,-2.3038399024533915,-2.620298039600635
v9,feat_gbm,0.5,45,149,-2.955112279843832,-3.8395532227602396
v9,feat_gbm,0.5,45,150,-2.0198759980500696,-2.149698272240366
v9,feat_gbm,0.5,45,151,-3.296368005577328,-3.1594376779318036
v9,feat_gbm,0.5,45,152,-2.350911205963624,-2.7712141114581046
v9,feat_gbm,0.5,45,153,-1.2189185159700948,-1.1483368403810985
v9,feat_gbm,0.5,45,154,-1.1097959198572218,-1.4700676700115773
v9,feat_gbm,0.5,45,155,1.2352521118783175,1.4088416749712322
v9,feat_gbm,0.5,45,156,0.5043509491966841,0.7564704220494097
v9,feat_gbm,0.5,45,157,-2.088962534412608,-1.7148995557963913
v9,feat_gbm,0.5,45,158,-2.405741655648066,-2.8595355115547196
v9,feat_gbm,0.5,45,159,-1.1388065119839375,-0.9922400520728849
v9,feat_gbm,0.5,45,160,1.622960081982556,1.8585227307534937
v9,feat_gbm,0.5,45,161,-2.3573842928382422,-2.477654537850602
v9,feat_gbm,0.5,45,162,-3.176931645401192,-2.993764039868935
v9,feat_gbm,0.5,45,163,-0.9344889253401677,-1.1722671160336509
v9,feat_gbm,0.5,45,164,-1.9038333864833463,-1.6577576086204497
v9,feat_gbm,0.5,45,165,-2.8805486731652117,-2.9770186999323642
v9,feat_gbm,0.5,45,166,-3.4857593319747755,-3.2329952824425443
v9,feat_gbm,0.5,45,167,0.15239436441314852,0.19550508612775644
v9,feat_gbm,0.5,45,168,-0.9937439179884007,-1.2639642813248737
v9,feat_gbm,0.5,45,169,1.0467259103038902,1.4224064134580066
v9,feat_gbm,0.5,45,170,-2.1910603204666397,-1.5303724784706008
v9,feat_gbm,0.5,45,171,0.648492809789352,0.6086346650572224
v9,feat_gbm,0.5,45,172,0.1228030973814774,-0.052232489626048526
v9,feat_gbm,0.5,45,173,-0.059572554882243,-0.19074605880313256
v9,feat_gbm,0.5,45,174,-2.53356062395767,-2.7678232596734214
v9,feat_gbm,0.5,45,175,-2.0574016551738756,-1.6557092188829319
v9,feat_gbm,0.5,45,176,0.004152316190067177,0.12081831439914445
v9,feat_gbm,0.5,45,177,0.910110712264734,3.7031714993021168
v9,feat_gbm,0.5,45,178,-0.1783636081010744,-0.17761292562564054
v9,feat_gbm,0.5,45,179,-0.11558443005588383,0.2295122735959306
v9,feat_gbm,0.5,45,180,-1.5976926483506386,-1.6401012725318311
v9,feat_gbm,0.5,45,181,-2.15942319969004,-3.399461101549646
v9,feat_gbm,0.5,45,182,0.49595878623021145,0.5421608664871393
v9,feat_gbm,0.5,45,183,-3.9811247388166726,-3.7858185839721776
v9,feat_gbm,0.5,45,184,0.4146458410537589,0.4440956773301304
v9,feat_gbm,0.5,45,185,0.29231171343143036,0.5450962365111649
v9,feat_gbm,0.5,45,186,-3.3182092895746447,-3.094441269353033
v9,feat_gbm,0.5,45,187,1.0233591295495008,1.436275522654785
v9,feat_gbm,0.5,45,188,-0.005585323307337653,-0.003208414280501246
v9,feat_gbm,0.5,45,189,-1.8605148742096411,-2.0766448721687736
v9,feat_gbm,0.5,45,190,-3.0314333181005964,-2.887011097372245
v9,feat_gbm,0.5,45,191,-0.25267150163386176,-0.19564387773269687
v9,feat_gbm,0.5,45,192,-3.745515236099552,-3.39219136175158
v9,feat_gbm,0.5,45,193,-4.320547980073052,-4.804455114758695
v9,feat_gbm,0.5,45,194,0.08419485907181207,-0.23230879418151415
v9,feat_gbm,0.5,45,195,0.9013781990333277,0.7768952289284052
v9,feat_gbm,0.5,45,196,-3.5539805741028383,-3.0758975731441707
v9,feat_gbm,0.5,45,197,1.7203257009471036,1.8852948766094535
v9,feat_gbm,0.5,45,198,0.046902375111381255,-0.07474663349946693
v9,feat_gbm,0.5,45,199,1.3320666781366022,0.9295509098669842
v9,feat_gbm,0.5,45,200,0.4018450523560446,0.40408761039079466
v9,feat_gbm,0.5,45,201,-1.249015043681004,-1.0185563947000995
v9,feat_gbm,0.5,45,202,-1.5859908197413854,-1.5812541435625456
v9,feat_gbm,0.5,45,203,-2.17072892686596,-2.9269603411540346
v9,feat_gbm,0.5,45,204,-0.09367833797836318,-0.9368237022381455
v9,feat_gbm,0.5,45,205,-0.7922686696443398,-0.771906247259438
v9,feat_gbm,0.5,45,206,-1.7938306305255551,-1.4457766532498904
v9,feat_gbm,0.5,45,207,-2.601881636411027,-2.4752738768021185
v9,feat_gbm,0.5,45,208,-2.805558780054804,-2.8789590131308262
v9,feat_gbm,0.5,45,209,-2.3186344913253465,-2.6986856152036793
v9,feat_gbm,0.5,45,210,0.1187957296876884,0.05837096406180189
v9,feat_gbm,0.5,45,211,-3.0589158503221827,-2.2327070274631113
v9,feat_gbm,0.5,45,212,-0.06355486368638828,0.15758807445032513
v9,feat_gbm,0.5,45,213,0.6667239012780254,0.5234750924970406
v9,feat_gbm,0.5,45,214,1.0106387253407367,0.8312555987922697
v9,feat_gbm,0.5,45,215,-0.8411540846202602,-0.7699972654610447
v9,feat_gbm,0.5,45,216,-2.4246383483411695,-2.4368834827463726
v9,feat_gbm,0.5,45,217,-3.4698416923862325,-3.7421886443248944
v9,feat_gbm,0.5,45,218,-4.281096074919076,-4.3753265313120195
v9,feat_gbm,0.5,45,219,0.13897341480683628,0.13181597567614448
v9,feat_gbm,0.5,45,220,-2.3702157534068653,-2.150299196146146
v9,feat_gbm,0.5,45,221,0.34114865576515385,0.4316281043505307
v9,feat_gbm,0.5,45,222,0.6366996100018477,0.20581216265343685
v9,feat_gbm,0.5,45,223,-2.1585333422070656,-1.7226779576420432
v9,feat_gbm,0.5,45,224,1.0669897539368491,1.0701061526100661
v9,feat_gbm,0.5,45,225,-2.232132542616304,-2.995983076644188
v9,feat_gbm,0.5,45,226,-0.324568576618272,-0.39103048890459524
v9,feat_gbm,0.5,45,227,-2.4130916433005183,-2.811377433191803
v9,feat_gbm,0.5,45,228,-0.10526537299631851,0.1103569248772952
v9,feat_gbm,0.5,45,229,0.981087582591299,1.0926797996732165
v9,feat_gbm,0.5,45,230,-1.147839216122638,-1.1465469989616057
v9,feat_gbm,0.5,45,231,-3.5371620860667328,-3.7045714701961474
v9,feat_gbm,0.5,45,232,-0.3774543819616495,-0.3205795311611984
v9,feat_gbm,0.5,45,233,-0.0665238380410415,-0.7282288274356463
v9,feat_gbm,0.5,45,234,-0.7445327425914766,-0.6143938277881194
v9,feat_gbm,0.5,45,235,-3.202971373302938,-3.717493513170671
v9,feat_gbm,0.5,45,236,-2.0117518837159842,-1.894186438607053
v9,feat_gbm,0.5,45,237,-0.009368674507583476,0.19101892391720615
v9,feat_gbm,0.5,45,238,-2.242430090836267,-2.723653519266766
v9,feat_gbm,0.5,45,239,0.32484482546101945,0.28172679866345784
v9,feat_gbm,0.5,45,240,-0.8039053061655589,-0.570916259780521
v9,feat_gbm,0.5,45,241,-2.4326237574804157,-3.037607674189957
v9,feat_gbm,0.5,45,242,-2.6692206776977963,-2.4824067099880884
v9,feat_gbm,0.5,45,243,1.115493249378787,1.793244191067856
v9,feat_gbm,0.5,45,244,-1.8177288351965775,-2.170563194223024
v9,feat_gbm,0.5,45,245,-2.7721071352158595,-2.5580286375581696
v9,feat_gbm,0.5,45,246,-3.032642038935209,-3.9013363177662743
v9,feat_gbm,0.5,45,247,-1.2717790463366636,-1.2689211715035387
v9,feat_gbm,0.5,45,248,-2.845731465762514,-2.89795980370705
v9,feat_gbm,0.5,45,249,-0.8941137608961088,-1.149470325468549
v9,feat_gbm,0.5,45,250,-2.6249456129620223,-2.1803876537888693
v9,feat_gbm,0.5,45,251,-1.3809642157199933,-1.2010659028736028
v9,feat_gbm,0.5,45,252,-2.5752701907316853,-2.675840590612525
v9,feat_gbm,0.5,45,253,-1.0108353418941765,-0.865421424414132
v9,feat_gbm,0.5,45,254,-0.26323863663397584,-0.45089388998719687
v9,feat_gbm,0.5,45,255,-1.5583010945784885,-1.477655138121315
v9,feat_gbm,0.5,45,256,-1.9026100390519618,-1.9234128661936198
v9,feat_gbm,0.5,45,257,-0.7264455615869018,-0.8895479413744646
v9,feat_gbm,0.5,45,258,-1.4368286863773836,-1.284701881398344
v9,feat_gbm,0.5,45,259,-0.19848594050416493,0.03791276039075724
v9,feat_gbm,0.5,45,260,-1.1448098771926414,-1.213907680807544
v9,feat_gbm,0.5,45,261,-0.6160878639269974,-0.6937064881158975
v9,feat_gbm,0.5,45,262,-1.785367474636199,-2.500344974429108
v9,feat_gbm,0.5,45,263,-3.1077234246958723,-3.0782877743164985
v9,feat_gbm,0.5,45,264,-2.838840373826656,-3.2702790535172426
v9,feat_gbm,0.5,45,265,-0.4541201971074167,-0.15746453031192983
v9,feat_gbm,0.5,45,266,-1.514935710339989,-1.3930653126164372
v9,feat_gbm,0.5,45,267,-4.124055601731933,-3.460520174484755
v9,feat_gbm,0.5,45,268,-1.7671060566889423,-1.8115923421665279
v9,feat_gbm,0.5,45,269,0.04000559385708428,-0.04785951915829837
v9,feat_gbm,0.5,45,270,-1.367753915552609,-1.3387838926701625
v9,feat_gbm,0.5,45,271,0.8229514623140334,0.6172482925771328
v9,feat_gbm,0.5,45,272,0.30012911229993133,0.10718580269537517
v9,feat_gbm,0.5,45,273,-2.9236267160066856,-2.4250613993713395
v9,feat_gbm,0.5,45,274,-0.1040887195971819,-0.4656136934058211
v9,feat_gbm,0.5,45,275,-1.966529369701284,-1.7679071058666047
v9,feat_gbm,0.5,45,276,-0.12437514717992572,-0.15192249005847586
v9,feat_gbm,0.5,45,277,-0.17150659959325093,-0.22686658439221394
v9,feat_gbm,0.5,45,278,-0.5208276775115382,-0.3963273628232521
v9,feat_gbm,0.5,45,279,-2.5135898613465186,-2.1916982233579314
v9,feat_gbm,0.5,45,280,0.5666724639948136,0.5138857123822332
v9,feat_gbm,0.5,45,281,0.15966370380854683,0.13501120436460418
v9,feat_gbm,0.5,45,282,-0.05345643519034398,-0.35232291748203215
v9,feat_gbm,0.5,45,283,0.4942760204667994,0.33710059568630363
v9,feat_gbm,0.5,45,284,2.2123490678542397,2.2269494594330284
v9,feat_gbm,0.5,45,285,-0.4674112465432318,-0.8523290277873723
v9,feat_gbm,0.5,45,286,0.32769739429890443,0.5032694866056324
v9,feat_gbm,0.5,45,287,-3.5885655717158387,-3.0734310124071125
v9,feat_gbm,0.5,45,288,-3.087777778883483,-3.0969464995649485
v9,feat_gbm,0.5,45,289,0.6343013878947455,0.8088909840914691
v9,feat_gbm,0.5,45,290,-1.5847078046766967,-1.710735902712342
v9,feat_gbm,0.5,45,291,-0.314257913738231,-0.24588513525180683
v9,feat_gbm,0.5,45,292,-2.952704887269815,-2.9910915714149957
v9,feat_gbm,0.5,45,293,-0.19960436303596402,0.24397961438558982
v9,feat_gbm,0.5,45,294,0.888894189611091,0.9827222917401395
v9,feat_gbm,0.5,45,295,0.9786217037469449,1.5399914318848642
v9,feat_gbm,0.5,45,296,-2.7210086093717467,-3.028104854063688
v9,feat_gbm,0.5,45,297,-1.8567542630308154,-1.9675880903276046
v9,feat_gbm,0.5,45,298,0.3219434063912504,0.3882116190950413
v9,feat_gbm,0.5,45,299,-0.31197998441625446,-0.4169590587595381
v9,feat_gbm,0.5,45,300,-0.5805833058044868,-0.47104701624968015
v9,feat_gbm,0.5,45,301,-0.44504213405545645,-0.5788171023402015
v9,feat_gbm,0.5,45,302,-3.4922969591236344,-3.325334912618423
v9,feat_gbm,0.5,45,303,0.16921899095713244,0.27214776974989446
v9,feat_gbm,0.5,45,304,0.10793554471372223,0.2838761456734127
v9,feat_gbm,0.5,45,305,0.8762075448456038,0.98356576927226
v9,feat_gbm,0.5,45,306,-1.7856481529251924,-2.324804251846344
v9,feat_gbm,0.5,45,307,-0.3637684827544696,-0.30060412365222405
v9,feat_gbm,0.5,45,308,-3.739774270759645,-3.5706943269006843
v9,feat_gbm,0.5,45,309,0.6457078362151796,0.7657986236992217
v9,feat_gbm,0.5,45,310,-0.21727255086199224,-0.3760212383278314
v9,feat_gbm,0.5,45,311,0.9316486915734022,0.903367601886353
v9,feat_gbm,0.5,45,312,0.5021429854805403,0.2834145554969618
v9,feat_gbm,0.5,45,313,-0.5793608137032754,-0.8750381269167363
v9,feat_gbm,0.5,45,314,-1.833458766720019,-0.8911054934067958
v9,feat_gbm,0.5,45,315,0.29510847094912573,0.2699623908229132
v9,feat_gbm,0.5,45,316,-3.6640403211398804,-4.034449774534175
v9,feat_gbm,0.5,45,317,0.24167761963042436,0.7302045063515665
v9,feat_gbm,0.5,45,318,-1.9810931678258175,-2.5264159394565007
v9,feat_gbm,0.5,45,319,-3.038260018398246,-3.1280680478747835
v9,feat_gbm,0.5,45,320,-0.12996283187748986,-0.623194388118803
v9,feat_gbm,0.5,45,321,-4.007378790663751,-4.172922463867305
v9,feat_gbm,0.5,45,322,0.9962013062362934,1.0714029341973417
v9,feat_gbm,0.5,45,323,-2.4473792015966334,-2.5538050374755565
v9,feat_gbm,0.5,45,324,-1.618102287928013,-1.5310020975326282
v9,feat_gbm,0.5,45,325,-0.5779575108919833,-0.735749980772127
v9,feat_gbm,0.5,45,326,-0.7157503230561738,-0.5010306012352705
v9,feat_gbm,0.5,45,327,-3.7221052223670577,-4.393123087746285
v9,feat_gbm,0.5,45,328,0.6045384367975962,0.6439364857563509
v9,feat_gbm,0.5,45,329,-3.030893100119782,-2.60760252445046
v9,feat_gbm,0.5,45,330,0.7059657303718728,0.46983427811083467
v9,feat_gbm,0.5,45,331,-1.0189000157739407,-1.149354435920189
v9,feat_gbm,0.5,45,332,-2.105178392405818,-1.0961264399974935
v9,feat_gbm,0.5,45,333,0.8541974361279453,1.4253561556633074
v9,feat_gbm,0.5,45,334,0.9689565532347363,1.0406546288822482
v9,feat_gbm,0.5,45,335,-0.25503681448853066,-0.1286217558512718
v9,feat_gbm,0.5,45,336,-1.6035538304478811,-1.7275974260064488
v9,feat_gbm,0.5,45,337,-3.382313254449514,-4.535227665039715
v9,feat_gbm,0.5,45,338,-0.6156168622691488,-1.078833843619319
v9,feat_gbm,0.5,45,339,-1.8940958943548136,-2.035297396751524
v9,feat_gbm,0.5,45,340,0.047372782297587096,0.4788286932125707
v9,feat_gbm,0.5,45,341,-0.6180120833385522,-0.4595082096564039
v9,feat_gbm,0.5,45,342,-3.7467537813171172,-3.653430804591794
v9,feat_gbm,0.5,45,343,0.4976416539407781,0.2834522663037432
v9,feat_gbm,0.5,45,344,0.1282910083379587,-0.15984972455285287
v9,feat_gbm,0.5,45,345,-2.105846457993398,-3.8822970119574354
v9,feat_gbm,0.5,45,346,-2.767938442041778,-2.5801989990218064
v9,feat_gbm,0.5,45,347,-3.557981225166535,-3.2622630695286134
v9,feat_gbm,0.5,45,348,-0.6949612528475975,-0.4894561152880944
v9,feat_gbm,0.5,45,349,-3.601086462662746,-3.0223552414624764
v9,feat_gbm,0.5,45,350,0.7641381363214491,0.4215072765335228
v9,feat_gbm,0.5,45,351,-1.9776650160500282,-1.8152752103400673
v9,feat_gbm,0.5,45,352,0.6968696070794472,1.102263670511441
v9,feat_gbm,0.5,45,353,1.057326129631983,1.4454852001466738
v9,feat_gbm,0.5,45,354,-3.4537603351434303,-3.6770060333191017
v9,feat_gbm,0.5,45,355,-3.7760370931386174,-5.078652858832153
v9,feat_gbm,0.5,45,356,0.4648281380737468,0.7815322159665122
v9,feat_gbm,0.5,45,357,0.5817886960118538,0.6775133790495483
v9,feat_gbm,0.5,45,358,-3.5700419774394176,-3.5163570325540956
v9,feat_gbm,0.5,45,359,-2.88708983465122,-4.157760523739404
v9,feat_gbm,0.5,45,360,-0.20182776486101814,-0.18386357284099003
v9,feat_gbm,0.5,45,361,-3.9895012279031383,-4.477383009144865
v9,feat_gbm,0.5,45,362,0.14427594776755226,0.2909126951240761
v9,feat_gbm,0.5,45,363,-3.3808564947478286,-3.5121531596302606
v9,feat_gbm,0.5,45,364,0.3464377622342988,-0.0019354464452207268
v9,feat_gbm,0.5,45,365,-3.349042273332771,-3.264666087597375
v9,feat_gbm,0.5,45,366,-1.4435466262572478,-1.4961090632143375
v9,feat_gbm,0.5,45,367,-0.11495419621941681,-0.10305907560987346
v9,feat_gbm,0.5,45,368,0.11540646824692663,0.24601275195113992
v9,feat_gbm,0.5,45,369,-1.9711632007148139,-1.6400355118163064
v9,feat_gbm,0.5,45,370,-1.3113657589304382,-1.5399226532969161
v9,feat_gbm,0.5,45,371,-0.23157963878962323,-0.3336387161155974
v9,feat_gbm,0.5,45,372,0.29983630828592045,0.3185760540422761
v9,feat_gbm,0.5,45,373,-0.24842225544592708,-0.30756424411789
v9,feat_gbm,0.5,45,374,-3.676465196133657,-3.551435429619069
v9,feat_gbm,0.5,45,375,-0.007028454574038361,-0.12846918127015178
v9,feat_gbm,0.5,45,376,0.6532465882482875,0.43413099611324796
v9,feat_gbm,0.5,45,377,0.6787272429053718,0.8095384731463161
v9,feat_gbm,0.5,45,378,0.27754739849066024,0.20303525329731625
v9,feat_gbm,0.5,45,379,0.6655339263862413,0.524784145223057
v9,feat_gbm,0.5,45,380,0.321804449017003,0.8722609808312535
v9,feat_gbm,0.5,45,381,0.7936716908604621,1.0190202163897197
v9,feat_gbm,0.5,45,382,0.7247539409955733,1.2715191268303472
v9,feat_gbm,0.5,45,383,0.07557997031253205,-0.13923746667536385
v9,feat_gbm,0.5,45,384,-1.4778359237128176,-1.7983983483294153
v9,feat_gbm,0.5,45,385,0.3415736054607748,0.5606037150840157
v9,feat_gbm,0.5,45,386,0.6569200456345449,0.6003456151224621
v9,feat_gbm,0.5,45,387,0.9779933115746781,1.3071718981356573
v9,feat_gbm,0.5,45,388,-0.31599590978674624,-0.19457283568776126
v9,feat_gbm,0.5,45,389,-1.503254776988734,-0.981880356960367
v9,feat_gbm,0.5,45,390,-3.315244387004486,-2.628024059072158
v9,feat_gbm,0.5,45,391,-2.4458692949152825,-2.479262758098376
v9,feat_gbm,0.5,45,392,-2.2150179908332897,-2.207941629114672
v9,feat_gbm,0.5,45,393,-2.98930714178296,-2.806586620215901
v9,feat_gbm,0.5,45,394,0.023082635599669242,-0.16842623590390868
v9,feat_gbm,0.5,45,395,0.43246123285554205,0.3596423409999632
v9,feat_gbm,0.5,45,396,-2.4293787338368453,-3.117667066362407
v9,feat_gbm,0.5,45,397,0.6594678735268243,0.6134086288650079
v9,feat_gbm,0.5,45,398,0.5241158845982133,0.5049020087080688
v9,feat_gbm,0.5,45,399,-1.263022920762029,-1.0548605918119196
v9,feat_gbm,0.5,45,400,-3.027796230393909,-2.877676775828332
v9,feat_gbm,0.5,45,401,0.07214328871396501,0.015654415635624343
v9,feat_gbm,0.5,45,402,-0.5966282291887316,-0.7027824676465185
v9,feat_gbm,0.5,45,403,0.16845787215046687,0.6733427913489138
v9,feat_gbm,0.5,45,404,0.24462229096484214,0.03259550049258387
v9,feat_gbm,0.5,45,405,-3.6569428916990754,-3.4179416205706223
v9,feat_gbm,0.5,45,406,-1.7434674290272303,-1.6563158072976616
v9,feat_gbm,0.5,45,407,0.5553795938605074,0.3281041495218151
v9,feat_gbm,0.5,45,408,-1.5244271695821612,-1.498502430121411
v9,feat_gbm,0.5,45,409,-1.8630421301304396,-1.5390850133499359
v9,feat_gbm,0.5,45,410,-2.4613979561352384,-3.8769914364338094
v9,feat_gbm,0.5,45,411,-1.2349614219670013,-1.1093409530974205
v9,feat_gbm,0.5,45,412,-2.547648182234349,-2.1356441225652167
v9,feat_gbm,0.5,45,413,0.459511884270254,0.5613925387002681
v9,feat_gbm,0.5,45,414,-2.4559887769861226,-2.672303525149137
v9,feat_gbm,0.5,45,415,0.8213583025553018,0.9887747910888531
v9,feat_gbm,0.5,45,416,-1.899284025568812,-2.064740642123073
v9,feat_gbm,0.5,45,417,-0.4678792471513723,-0.13534283366780814
v9,feat_gbm,0.5,45,418,0.3026980443867009,0.5266566940316069
v9,feat_gbm,0.5,45,419,-0.8831456450269449,-0.7929716308762645
v9,feat_gbm,0.5,45,420,0.1671808498632951,0.22081989653443584
v9,feat_gbm,0.5,45,421,-3.703527228831133,-3.4911396429773087
v9,feat_gbm,0.5,45,422,0.12329538044537149,0.4691563032653497
v9,feat_gbm,0.5,45,423,0.030973129572144643,-0.21242164749251408
v9,feat_gbm,0.5,45,424,-2.1396801380949118,-2.0235730224261497
v9,feat_gbm,0.5,45,425,-0.23266995090842138,0.1881042769243711
v9,feat_gbm,0.5,45,426,-1.0156807047953054,-0.7546830882020855
v9,feat_gbm,0.5,45,427,-2.146812616911225,-2.004418163271322
v9,feat_gbm,0.5,45,428,-0.03193152241232833,0.08108350485015015
v9,feat_gbm,0.5,45,429,-1.2696227941701712,-0.8958783842144782
v9,feat_gbm,0.5,45,430,-0.5748521360189242,-0.700178367515834
v9,feat_gbm,0.5,45,431,-2.238889333823219,-2.026447754843476
v9,feat_gbm,0.5,45,432,-3.160655438528119,-3.3644112924118934
v9,feat_gbm,0.5,45,433,-2.0236701465367664,-2.4777804975332844
v9,feat_gbm,0.5,45,434,-3.678555160190666,-3.6407879329147783
v9,feat_gbm,0.5,45,435,0.4249861270199965,0.8140524350977956
v9,feat_gbm,0.5,45,436,-0.5287636990238266,-0.6342245759550225
v9,feat_gbm,0.5,45,437,-0.8448527444335422,-1.0170271575608654
v9,feat_gbm,0.5,45,438,0.9113432771280242,1.2058566336630974
v9,feat_gbm,0.5,45,439,0.8057897865987406,1.04159183954478
v9,feat_gbm,0.5,45,440,-1.137301873759441,-0.383754051292973
v9,feat_gbm,0.5,45,441,1.144694482831127,0.9717849563735496
v9,feat_gbm,0.5,45,442,0.8651669075663359,0.915394257773604
v9,feat_gbm,0.5,45,443,0.16113695397566313,0.17619398118278368
v9,feat_gbm,0.5,45,444,-2.587709486240198,-2.3026142847949007
v9,feat_gbm,0.5,45,445,-1.1849595854494346,-2.156995715227189
v9,feat_gbm,0.5,45,446,-2.2382290943272456,-1.9647154613855007
v9,feat_gbm,0.5,45,447,-1.061469789113991,-1.2167428909736953
v9,feat_gbm,0.5,45,448,-0.11040893014693501,0.371748058948411
v9,feat_gbm,0.5,45,449,-3.6124648238765644,-3.354914600670279
v9,feat_gbm,0.5,45,450,-2.456239077372815,-2.0984010901330774
v9,feat_gbm,0.5,45,451,-1.9098930661187916,-1.8411195968283314
v9,feat_gbm,0.5,45,452,-0.15703142007126833,-0.2866386615093297
v9,feat_gbm,0.5,45,453,-1.9214400003204102,-2.1769502099219324
v9,feat_gbm,0.5,45,454,0.30434694812244567,0.851829112076475
v9,feat_gbm,0.5,45,455,0.06285151782290335,-0.5174982843777256
v9,feat_gbm,0.5,45,456,-3.236689090174423,-3.7883351795095335
v9,feat_gbm,0.5,45,457,-1.286474565387968,-1.3225504843777425
v9,feat_gbm,0.5,45,458,-0.4337678197927358,-0.6304710111145473
v9,feat_gbm,0.5,45,459,-3.0120469217595076,-2.867776928577639
v9,feat_gbm,0.5,45,460,-0.4766650215543772,-0.20106453453544149
v9,feat_gbm,0.5,45,461,0.13409529529335515,0.565413433251147
v9,feat_gbm,0.5,45,462,0.3393500862075933,0.6531860801292728
v9,feat_gbm,0.5,45,463,-3.3685389884092762,-3.295531334571209
v9,feat_gbm,0.5,45,464,-1.0100998882875862,-1.118951529136503
v9,feat_gbm,0.5,45,465,-0.10562238548917724,0.08535922256033004
v9,feat_gbm,0.5,45,466,-0.04221702071456642,0.2656879386171551
v9,feat_gbm,0.5,45,467,-0.9197909211325517,-1.0764680911985907
v9,feat_gbm,0.5,45,468,1.1830651244460988,2.2503813782282114
v9,feat_gbm,0.5,45,469,-0.1698926901283094,-0.029700274932011248
v9,feat_gbm,0.5,45,470,-2.4860960599185153,-2.1918010579584375
v9,feat_gbm,0.5,45,471,-0.1435702018342456,-0.12537364897776127
v9,feat_gbm,0.5,45,472,-1.4788194909954888,-1.3714574409892777
v9,feat_gbm,0.5,45,473,-1.9618142001866072,-1.0216450817816245
v9,feat_gbm,0.5,45,474,-0.8744988955524758,-0.8313233833759152
v9,feat_gbm,0.5,45,475,-3.0528068116910285,-3.25243582884057
v9,feat_gbm,0.5,45,476,0.6674062026262374,0.8737365575305754
v9,feat_gbm,0.5,45,477,-2.08184467687316,-1.8373017486027088
v9,feat_gbm,0.5,45,478,-1.6132089397449965,-1.909749317133085
v9,feat_gbm,0.5,45,479,0.2868820916430905,0.418341725137149
v9,feat_gbm,0.5,45,480,-2.598315783422113,-2.8689304810445995
v9,feat_gbm,0.5,45,481,-4.461693885276094,-3.9192950012633494
v9,feat_gbm,0.5,45,482,0.7298718813177286,0.8191907452202399
v9,feat_gbm,0.5,45,483,-2.6823231659146907,-2.7371748494528005
v9,feat_gbm,0.5,45,484,0.25571211508733394,0.043868991079412875
v9,feat_gbm,0.5,45,485,-3.13869439253333,-3.9571024828402512
v9,feat_gbm,0.5,45,486,-1.1914207088260496,-0.8286091055291892
v9,feat_gbm,0.5,45,487,1.2920681261848175,1.1086460137612473
v9,feat_gbm,0.5,45,488,-1.0342104724053969,-1.0899995989348372
v9,feat_gbm,0.5,45,489,-2.823615779799545,-2.9260181182274523
v9,feat_gbm,0.5,45,490,-0.02370254938350279,0.01778898425240747
v9,feat_gbm,0.5,45,491,-0.4406940137147879,-0.388546054063584
v9,feat_gbm,0.5,45,492,-0.6533539129470171,-0.8483910406321095
v9,feat_gbm,0.5,45,493,-2.784416425018242,-2.4855190663855797
v9,feat_gbm,0.5,45,494,-0.35035168714928605,-0.6027729178489412
v9,feat_gbm,0.5,45,495,-1.3364113073280783,-1.5285925057254015
v9,feat_gbm,0.5,45,496,0.7215219705845789,1.0092174422839322
v9,feat_gbm,0.5,45,497,-2.493928809743414,-2.421052301727873
v9,feat_gbm,0.5,45,498,-3.0971443827865723,-3.2283141264699093
v9,feat_gbm,0.5,45,499,-4.365620673413296,-4.907212199848568
v9,feat_gbm,0.5,46,0,-0.2573930308609302,0.03894909458183669
v9,feat_gbm,0.5,46,1,-2.5272792996098095,-2.5052564746229193
v9,feat_gbm,0.5,46,2,0.6831015441162157,0.6287827851917782
v9,feat_gbm,0.5,46,3,-3.1453979251996778,-3.3447289283878643
v9,feat_gbm,0.5,46,4,1.1774400044372972,0.9694015026406426
v9,feat_gbm,0.5,46,5,-2.4267726492984454,-2.4693709778233526
v9,feat_gbm,0.5,46,6,-0.10500268786174309,-0.2819211013310965
v9,feat_gbm,0.5,46,7,0.6958965216509557,0.5289578846490461
v9,feat_gbm,0.5,46,8,0.5803617760620088,0.032863622186365654
v9,feat_gbm,0.5,46,9,1.0402117005187612,0.9352707853930591
v9,feat_gbm,0.5,46,10,-1.8325923321814672,-1.5987558134683666
v9,feat_gbm,0.5,46,11,-2.9275276471283207,-3.2678706438993954
v9,feat_gbm,0.5,46,12,-2.208030685462856,-2.445380546146449
v9,feat_gbm,0.5,46,13,-0.22565944708376406,-0.4471217519653716
v9,feat_gbm,0.5,46,14,-1.624310240367943,-1.8343062920535937
v9,feat_gbm,0.5,46,15,-2.4737783140648535,-2.278287047942225
v9,feat_gbm,0.5,46,16,-0.940881276319489,-1.113015507562239
v9,feat_gbm,0.5,46,17,-0.8152604921031271,-1.149386040828735
v9,feat_gbm,0.5,46,18,-0.39626987421375626,-0.4541092694382234
v9,feat_gbm,0.5,46,19,-3.099048496269463,-2.8798658660471284
v9,feat_gbm,0.5,46,20,-3.4381684852882093,-3.281006200299989
v9,feat_gbm,0.5,46,21,-0.6738824405304457,-0.7889402030111288
v9,feat_gbm,0.5,46,22,-1.0669320930395814,-0.48114593055133975
v9,feat_gbm,0.5,46,23,-2.422457610338875,-2.8038114998165153
v9,feat_gbm,0.5,46,24,-2.822967828601076,-2.6726430450531393
v9,feat_gbm,0.5,46,25,-3.231935881977835,-3.141178249464176
v9,feat_gbm,0.5,46,26,-3.5965973110177023,-3.8612362310489847
v9,feat_gbm,0.5,46,27,-2.8694085939424925,-3.085821277369337
v9,feat_gbm,0.5,46,28,-2.2381155409444906,-2.1153791712035637
v9,feat_gbm,0.5,46,29,-0.608004649729726,-0.5854112868629942
v9,feat_gbm,0.5,46,30,0.2706668504934558,0.13849791927417068
v9,feat_gbm,0.5,46,31,-2.8109716783943193,-2.779654184179668
v9,feat_gbm,0.5,46,32,1.1532016903132718,0.9166392391011026
v9,feat_gbm,0.5,46,33,-1.763248817074849,-2.134444297962007
v9,feat_gbm,0.5,46,34,0.7548196951298565,1.1224191581864646
v9,feat_gbm,0.5,46,35,-2.822767972095225,-2.7514680837461087
v9,feat_gbm,0.5,46,36,0.834997037003965,0.7493710802437775
v9,feat_gbm,0.5,46,37,-2.2931430454459774,-2.157600461660938
v9,feat_gbm,0.5,46,38,-2.000723271009772,-1.7436371170468024
v9,feat_gbm,0.5,46,39,0.7710443421537962,0.632388610685479
v9,feat_gbm,0.5,46,40,-1.1673718055077986,-1.5024753827969588
v9,feat_gbm,0.5,46,41,-3.0987739562869936,-2.936018587066778
v9,feat_gbm,0.5,46,42,-0.15716957525110217,-0.06406961406287034
v9,feat_gbm,0.5,46,43,-0.3744748341235689,-0.43711075337934485
v9,feat_gbm,0.5,46,44,0.4914524563503841,0.521724778538647
v9,feat_gbm,0.5,46,45,0.6561445162176449,-0.02881562555915001
v9,feat_gbm,0.5,46,46,-3.129131399072022,-2.6856700943784895
v9,feat_gbm,0.5,46,47,-3.734776822114386,-3.3419513202228783
v9,feat_gbm,0.5,46,48,-0.2749270470838752,-0.35240032436669677
v9,feat_gbm,0.5,46,49,-3.6129919398067707,-4.466027560457086
v9,feat_gbm,0.5,46,50,-1.1654794876615013,-1.2227887404747313
v9,feat_gbm,0.5,46,51,-3.579969540765055,-4.168130875201601
v9,feat_gbm,0.5,46,52,-2.553496208555076,-2.1825653069440887
v9,feat_gbm,0.5,46,53,-2.5680144455465426,-2.816977102698189
v9,feat_gbm,0.5,46,54,-0.9555544792413113,-0.9520374156321785
v9,feat_gbm,0.5,46,55,0.5166458981206671,0.800460094219776
v9,feat_gbm,0.5,46,56,0.32539429087359956,0.2782562560211116
v9,feat_gbm,0.5,46,57,0.0276457127223953,-0.7855200046266205
v9,feat_gbm,0.5,46,58,-2.9571715947514767,-2.837973637743256
v9,feat_gbm,0.5,46,59,0.10831019197105016,0.3653424354755994
v9,feat_gbm,0.5,46,60,-3.118490586541493,-3.145987746693799
v9,feat_gbm,0.5,46,61,-2.2223546278439925,-2.1381844357326614
v9,feat_gbm,0.5,46,62,0.8396249586920504,0.3908315550690521
v9,feat_gbm,0.5,46,63,-3.2248120758212373,-3.259739876316779
v9,feat_gbm,0.5,46,64,-3.87206859507423,-3.799325775609258
v9,feat_gbm,0.5,46,65,0.061195677738506406,0.2842997557356093
v9,feat_gbm,0.5,46,66,0.6165000871673164,0.9099380077885143
v9,feat_gbm,0.5,46,67,0.4662951389101743,0.5741223235018287
v9,feat_gbm,0.5,46,68,1.1623800665575836,1.3807263582335993
v9,feat_gbm,0.5,46,69,1.051924169218434,2.7357387204405055
v9,feat_gbm,0.5,46,70,-0.21536221834756267,-0.3782017485149665
v9,feat_gbm,0.5,46,71,-0.789561405754124,-0.6946521973220513
v9,feat_gbm,0.5,46,72,-3.5208233923872005,-3.510295151868067
v9,feat_gbm,0.5,46,73,-0.237215208698808,-0.3643686170400702
v9,feat_gbm,0.5,46,74,1.1253488441594965,1.1835884152793859
v9,feat_gbm,0.5,46,75,-0.031539437912208874,-0.38644824542838596
v9,feat_gbm,0.5,46,76,0.1948171701868597,0.7005004452467647
v9,feat_gbm,0.5,46,77,0.19608217580014686,0.3770911051312199
v9,feat_gbm,0.5,46,78,-0.6409655166675943,-0.5374783823521183
v9,feat_gbm,0.5,46,79,-2.84732491846159,-3.2499450611549854
v9,feat_gbm,0.5,46,80,-1.7128376420077682,-1.719925172279684
v9,feat_gbm,0.5,46,81,1.0554647983323973,1.8185710395242058
v9,feat_gbm,0.5,46,82,-1.2018623902350216,-1.0758778979961314
v9,feat_gbm,0.5,46,83,-0.3785522314931737,-0.8033140510569362
v9,feat_gbm,0.5,46,84,-2.3878089645309895,-2.0837035815006346
v9,feat_gbm,0.5,46,85,-1.0055986979813054,-1.2430797823904942
v9,feat_gbm,0.5,46,86,0.6403024531600084,0.639317965424242
v9,feat_gbm,0.5,46,87,-0.18764717548988571,-0.02321591952008587
v9,feat_gbm,0.5,46,88,-3.3395134211174757,-3.512086916650174
v9,feat_gbm,0.5,46,89,-1.5704590296183047,-1.684363733317816
v9,feat_gbm,0.5,46,90,-3.793972320544994,-3.5341996208099964
v9,feat_gbm,0.5,46,91,0.8485424937579625,1.1574629997660548
v9,feat_gbm,0.5,46,92,-1.089283963599103,-0.7651863719989663
v9,feat_gbm,0.5,46,93,-4.0065206706243695,-5.7708125015304885
v9,feat_gbm,0.5,46,94,0.21510752016383072,0.07374698385127064
v9,feat_gbm,0.5,46,95,0.7425487810767781,1.201566413592891
v9,feat_gbm,0.5,46,96,1.3888239190878007,1.2655480006709303
v9,feat_gbm,0.5,46,97,-3.5963137101008735,-3.2217777708537843
v9,feat_gbm,0.5,46,98,-1.630850721866866,-1.2120387208328698
v9,feat_gbm,0.5,46,99,-0.4283677579658683,-0.04015373686183237
v9,feat_gbm,0.5,46,100,-2.650967769608992,-2.8384481914339785
v9,feat_gbm,0.5,46,101,-3.337235985425951,-3.541068619782685
v9,feat_gbm,0.5,46,102,-3.9933994736715808,-4.424727465058162
v9,feat_gbm,0.5,46,103,-0.666158612439792,-0.7652009130347144
v9,feat_gbm,0.5,46,104,-0.839906911427579,-0.406664655497914
v9,feat_gbm,0.5,46,105,-2.7142154612747014,-2.8019031633754246
v9,feat_gbm,0.5,46,106,-1.1883955731721791,-1.1978192780958505
v9,feat_gbm,0.5,46,107,-1.265263592873051,-1.2497822804421463
v9,feat_gbm,0.5,46,108,-0.27082758758310993,-0.2003702404752673
v9,feat_gbm,0.5,46,109,-0.31767025247062636,-0.28745536208379296
v9,feat_gbm,0.5,46,110,0.4584732277263606,0.2838469771831524
v9,feat_gbm,0.5,46,111,0.3159593034866801,0.6579850926301614
v9,feat_gbm,0.5,46,112,0.014243984059642268,-0.4279263804064609
v9,feat_gbm,0.5,46,113,0.5224357354091357,0.527327823801956
v9,feat_gbm,0.5,46,114,-3.6938677593654523,-3.652947895428966
v9,feat_gbm,0.5,46,115,-1.0318520431394165,-0.04287987221360797
v9,feat_gbm,0.5,46,116,-3.717663448447633,-3.4409421360670214
v9,feat_gbm,0.5,46,117,-2.6954132888205637,-2.4284095097884006
v9,feat_gbm,0.5,46,118,-1.5686089989609355,-1.419217075367618
v9,feat_gbm,0.5,46,119,-2.3695215158280445,-1.4944271796191557
v9,feat_gbm,0.5,46,120,-2.783123541716004,-2.797137626437216
v9,feat_gbm,0.5,46,121,1.2765053202757544,3.1321125804877905
v9,feat_gbm,0.5,46,122,-2.5429254573111977,-3.164895556438051
v9,feat_gbm,0.5,46,123,0.18142449942410785,-0.021234684620174846
v9,feat_gbm,0.5,46,124,-1.5996329804009732,-1.246001114532972
v9,feat_gbm,0.5,46,125,-2.5520217043592948,-2.7130193085566443
v9,feat_gbm,0.5,46,126,-1.9961492019454958,-2.0560780011130944
v9,feat_gbm,0.5,46,127,-1.6189245169689503,-1.631222331554067
v9,feat_gbm,0.5,46,128,-2.785104446301928,-3.477307725783656
v9,feat_gbm,0.5,46,129,1.2972912613672334,1.7007542891568868
v9,feat_gbm,0.5,46,130,-3.9493752871637633,-3.4021624962570822
v9,feat_gbm,0.5,46,131,-3.4335383670960864,-3.701149444421242
v9,feat_gbm,0.5,46,132,-0.26576432883670115,-0.4116741376471012
v9,feat_gbm,0.5,46,133,-0.5692433787905251,-0.5680375850475197
v9,feat_gbm,0.5,46,134,-1.3398723579231782,-1.4788189923590598
v9,feat_gbm,0.5,46,135,-2.711345741777865,-2.9896549957503007
v9,feat_gbm,0.5,46,136,0.34668690156634635,0.11194117436713467
v9,feat_gbm,0.5,46,137,1.2772784470167298,1.7147062893715772
v9,feat_gbm,0.5,46,138,-2.149082014515328,-1.9709125209383296
v9,feat_gbm,0.5,46,139,-0.070092942757508,0.19937477723826902
v9,feat_gbm,0.5,46,140,-2.9532414403477394,-2.8223726616431475
v9,feat_gbm,0.5,46,141,-0.0475334264843986,-0.12380828599000025
v9,feat_gbm,0.5,46,142,-3.1136347814512777,-2.97521232911642
v9,feat_gbm,0.5,46,143,-2.1020648174628054,-1.9484557479617686
v9,feat_gbm,0.5,46,144,1.1775017597650548,1.244093655886106
v9,feat_gbm,0.5,46,145,-2.4880447791582583,-2.0280859266176816
v9,feat_gbm,0.5,46,146,-2.110513676502879,-2.0754073031653366
v9,feat_gbm,0.5,46,147,0.12223159622188025,-0.11331641159387335
v9,feat_gbm,0.5,46,148,-2.1809872920470736,-2.620298039600635
v9,feat_gbm,0.5,46,149,-2.9206973699863474,-3.8395532227602396
v9,feat_gbm,0.5,46,150,-1.9804253033418044,-2.149698272240366
v9,feat_gbm,0.5,46,151,-3.259876240401173,-3.1594376779318036
v9,feat_gbm,0.5,46,152,-2.3917992424450536,-2.7712141114581046
v9,feat_gbm,0.5,46,153,-1.211470005354652,-1.1483368403810985
v9,feat_gbm,0.5,46,154,-1.2414699228237132,-1.4700676700115773
v9,feat_gbm,0.5,46,155,1.1513661015030803,1.4088416749712322
v9,feat_gbm,0.5,46,156,0.47739795178898276,0.7564704220494097
v9,feat_gbm,0.5,46,157,-2.130775598636426,-1.7148995557963913
v9,feat_gbm,0.5,46,158,-2.42609877051474,-2.8595355115547196
v9,feat_gbm,0.5,46,159,-1.210940928740415,-0.9922400520728849
v9,feat_gbm,0.5,46,160,1.0935839884290703,1.8585227307534937
v9,feat_gbm,0.5,46,161,-2.372321642260297,-2.477654537850602
v9,feat_gbm,0.5,46,162,-3.1133004279830683,-2.993764039868935
v9,feat_gbm,0.5,46,163,-1.0907393253945368,-1.1722671160336509
v9,feat_gbm,0.5,46,164,-1.7832273407495836,-1.6577576086204497
v9,feat_gbm,0.5,46,165,-2.889302646638847,-2.9770186999323642
v9,feat_gbm,0.5,46,166,-3.456189295318842,-3.2329952824425443
v9,feat_gbm,0.5,46,167,0.06876739110382653,0.19550508612775644
v9,feat_gbm,0.5,46,168,-1.0510084247555334,-1.2639642813248737
v9,feat_gbm,0.5,46,169,1.1068165695171144,1.4224064134580066
v9,feat_gbm,0.5,46,170,-2.244903931473405,-1.5303724784706008
v9,feat_gbm,0.5,46,171,0.6927035560158716,0.6086346650572224
v9,feat_gbm,0.5,46,172,0.15679786802742338,-0.052232489626048526
v9,feat_gbm,0.5,46,173,-0.2684996036742796,-0.19074605880313256
v9,feat_gbm,0.5,46,174,-2.4846717860105203,-2.7678232596734214
v9,feat_gbm,0.5,46,175,-2.1121637846400896,-1.6557092188829319
v9,feat_gbm,0.5,46,176,0.07876372795884365,0.12081831439914445
v9,feat_gbm,0.5,46,177,0.9063370488860205,3.7031714993021168
v9,feat_gbm,0.5,46,178,-0.4138519071535465,-0.17761292562564054
v9,feat_gbm,0.5,46,179,-0.0013035789718486106,0.2295122735959306
v9,feat_gbm,0.5,46,180,-1.5381317977515732,-1.6401012725318311
v9,feat_gbm,0.5,46,181,-2.2406230760699466,-3.399461101549646
v9,feat_gbm,0.5,46,182,0.5730674295536858,0.5421608664871393
v9,feat_gbm,0.5,46,183,-3.9730381885338724,-3.7858185839721776
v9,feat_gbm,0.5,46,184,0.4298590330304812,0.4440956773301304
v9,feat_gbm,0.5,46,185,0.23528679657186458,0.5450962365111649
v9,feat_gbm,0.5,46,186,-3.406512605528727,-3.094441269353033
v9,feat_gbm,0.5,46,187,1.0416339025540335,1.436275522654785
v9,feat_gbm,0.5,46,188,0.02203085014648317,-0.003208414280501246
v9,feat_gbm,0.5,46,189,-1.7687395020767467,-2.0766448721687736
v9,feat_gbm,0.5,46,190,-3.094847057954248,-2.887011097372245
v9,feat_gbm,0.5,46,191,-0.11367099366622442,-0.19564387773269687
v9,feat_gbm,0.5,46,192,-3.7612498089559927,-3.39219136175158
v9,feat_gbm,0.5,46,193,-4.3437957837696715,-4.804455114758695
v9,feat_gbm,0.5,46,194,-0.012991806629980122,-0.23230879418151415
v9,feat_gbm,0.5,46,195,1.1340437442939528,0.7768952289284052
v9,feat_gbm,0.5,46,196,-3.656996084190223,-3.0758975731441707
v9,feat_gbm,0.5,46,197,1.7036656090986957,1.8852948766094535
v9,feat_gbm,0.5,46,198,0.013876121658479606,-0.07474663349946693
v9,feat_gbm,0.5,46,199,1.2683469239519272,0.9295509098669842
v9,feat_gbm,0.5,46,200,0.3776412278522246,0.40408761039079466
v9,feat_gbm,0.5,46,201,-1.2508831001428276,-1.0185563947000995
v9,feat_gbm,0.5,46,202,-1.6087290612167788,-1.5812541435625456
v9,feat_gbm,0.5,46,203,-2.239926908566243,-2.9269603411540346
v9,feat_gbm,0.5,46,204,-0.26973435963139764,-0.9368237022381455
v9,feat_gbm,0.5,46,205,-0.7603707664263198,-0.771906247259438
v9,feat_gbm,0.5,46,206,-1.8704393951558513,-1.4457766532498904
v9,feat_gbm,0.5,46,207,-2.5020790130918633,-2.4752738768021185
v9,feat_gbm,0.5,46,208,-2.9378514460675786,-2.8789590131308262
v9,feat_gbm,0.5,46,209,-2.444467068759921,-2.6986856152036793
v9,feat_gbm,0.5,46,210,0.07168291974025849,0.05837096406180189
v9,feat_gbm,0.5,46,211,-3.000789407599137,-2.2327070274631113
v9,feat_gbm,0.5,46,212,0.1935756956449315,0.15758807445032513
v9,feat_gbm,0.5,46,213,0.7085107873922923,0.5234750924970406
v9,feat_gbm,0.5,46,214,1.0962610444992962,0.8312555987922697
v9,feat_gbm,0.5,46,215,-0.7196139654782935,-0.7699972654610447
v9,feat_gbm,0.5,46,216,-2.5272751628413355,-2.4368834827463726
v9,feat_gbm,0.5,46,217,-3.4815186971748706,-3.7421886443248944
v9,feat_gbm,0.5,46,218,-4.326469352009243,-4.3753265313120195
v9,feat_gbm,0.5,46,219,0.05993569931477637,0.13181597567614448
v9,feat_gbm,0.5,46,220,-2.595049171573192,-2.150299196146146
v9,feat_gbm,0.5,46,221,0.4692233865475516,0.4316281043505307
v9,feat_gbm,0.5,46,222,0.7458881503668734,0.20581216265343685
v9,feat_gbm,0.5,46,223,-2.047948248239508,-1.7226779576420432
v9,feat_gbm,0.5,46,224,1.1193203431862464,1.0701061526100661
v9,feat_gbm,0.5,46,225,-2.2157757353528007,-2.995983076644188
v9,feat_gbm,0.5,46,226,-0.41808153816177035,-0.39103048890459524
v9,feat_gbm,0.5,46,227,-2.3570866901771987,-2.811377433191803
v9,feat_gbm,0.5,46,228,-0.008971931040341254,0.1103569248772952
v9,feat_gbm,0.5,46,229,0.8952759640562294,1.0926797996732165
v9,feat_gbm,0.5,46,230,-1.1554787625401628,-1.1465469989616057
v9,feat_gbm,0.5,46,231,-3.700028966127223,-3.7045714701961474
v9,feat_gbm,0.5,46,232,-0.17006097468113607,-0.3205795311611984
v9,feat_gbm,0.5,46,233,-0.04468328762919169,-0.7282288274356463
v9,feat_gbm,0.5,46,234,-0.6935008022294171,-0.6143938277881194
v9,feat_gbm,0.5,46,235,-3.0029932902252385,-3.717493513170671
v9,feat_gbm,0.5,46,236,-2.1061892480016104,-1.894186438607053
v9,feat_gbm,0.5,46,237,-0.003836234925369574,0.19101892391720615
v9,feat_gbm,0.5,46,238,-2.3774321664015083,-2.723653519266766
v9,feat_gbm,0.5,46,239,0.20487769142863044,0.28172679866345784
v9,feat_gbm,0.5,46,240,-0.8693916268994187,-0.570916259780521
v9,feat_gbm,0.5,46,241,-2.5660922432426285,-3.037607674189957
v9,feat_gbm,0.5,46,242,-2.6654610885916767,-2.4824067099880884
v9,feat_gbm,0.5,46,243,1.1865819682406074,1.793244191067856
v9,feat_gbm,0.5,46,244,-1.7010012982882967,-2.170563194223024
v9,feat_gbm,0.5,46,245,-2.744161128205876,-2.5580286375581696
v9,feat_gbm,0.5,46,246,-2.9853126103864835,-3.9013363177662743
v9,feat_gbm,0.5,46,247,-1.1856396430818306,-1.2689211715035387
v9,feat_gbm,0.5,46,248,-2.9206995284427246,-2.89795980370705
v9,feat_gbm,0.5,46,249,-1.0897423433923514,-1.149470325468549
v9,feat_gbm,0.5,46,250,-2.6544261944109455,-2.1803876537888693
v9,feat_gbm,0.5,46,251,-1.2254066772647714,-1.2010659028736028
v9,feat_gbm,0.5,46,252,-2.6698212965566253,-2.675840590612525
v9,feat_gbm,0.5,46,253,-0.8923214725152137,-0.865421424414132
v9,feat_gbm,0.5,46,254,-0.3344307854584441,-0.45089388998719687
v9,feat_gbm,0.5,46,255,-1.482705173480249,-1.477655138121315
v9,feat_gbm,0.5,46,256,-1.9519490590422905,-1.9234128661936198
v9,feat_gbm,0.5,46,257,-0.606913164834773,-0.8895479413744646
v9,feat_gbm,0.5,46,258,-1.4572772049161016,-1.284701881398344
v9,feat_gbm,0.5,46,259,-0.21287263684094782,0.03791276039075724
v9,feat_gbm,0.5,46,260,-1.2339300303539502,-1.213907680807544
v9,feat_gbm,0.5,46,261,-0.5780064228619183,-0.6937064881158975
v9,feat_gbm,0.5,46,262,-1.8413174121300098,-2.500344974429108
v9,feat_gbm,0.5,46,263,-2.9158691550616513,-3.0782877743164985
v9,feat_gbm,0.5,46,264,-2.9108835537102045,-3.2702790535172426
v9,feat_gbm,0.5,46,265,-0.48411375788715566,-0.15746453031192983
v9,feat_gbm,0.5,46,266,-1.3488257179985328,-1.3930653126164372
v9,feat_gbm,0.5,46,267,-4.2010397384535425,-3.460520174484755
v9,feat_gbm,0.5,46,268,-2.005575197992742,-1.8115923421665279
v9,feat_gbm,0.5,46,269,0.17521996841623097,-0.04785951915829837
v9,feat_gbm,0.5,46,270,-1.4558393336559636,-1.3387838926701625
v9,feat_gbm,0.5,46,271,0.7641946108432228,0.6172482925771328
v9,feat_gbm,0.5,46,272,0.17290385206902031,0.10718580269537517
v9,feat_gbm,0.5,46,273,-2.987264821342456,-2.4250613993713395
v9,feat_gbm,0.5,46,274,-0.19690492547549157,-0.4656136934058211
v9,feat_gbm,0.5,46,275,-1.7990501356328574,-1.7679071058666047
v9,feat_gbm,0.5,46,276,-0.09045584933657609,-0.15192249005847586
v9,feat_gbm,0.5,46,277,-0.24960214227108438,-0.22686658439221394
v9,feat_gbm,0.5,46,278,-0.3184976422667672,-0.3963273628232521
v9,feat_gbm,0.5,46,279,-2.486041438933142,-2.1916982233579314
v9,feat_gbm,0.5,46,280,0.7100922528752343,0.5138857123822332
v9,feat_gbm,0.5,46,281,0.11035644643273104,0.13501120436460418
v9,feat_gbm,0.5,46,282,-0.070302727599057,-0.35232291748203215
v9,feat_gbm,0.5,46,283,0.4565170815664739,0.33710059568630363
v9,feat_gbm,0.5,46,284,2.0402184911737784,2.2269494594330284
v9,feat_gbm,0.5,46,285,-0.403053118931389,-0.8523290277873723
v9,feat_gbm,0.5,46,286,0.43736318622433207,0.5032694866056324
v9,feat_gbm,0.5,46,287,-3.6261056804548084,-3.0734310124071125
v9,feat_gbm,0.5,46,288,-3.1657089589768326,-3.0969464995649485
v9,feat_gbm,0.5,46,289,0.5913377452502242,0.8088909840914691
v9,feat_gbm,0.5,46,290,-1.5252899148954033,-1.710735902712342
v9,feat_gbm,0.5,46,291,-0.3377250952774659,-0.24588513525180683
v9,feat_gbm,0.5,46,292,-3.0479322230985915,-2.9910915714149957
v9,feat_gbm,0.5,46,293,-0.010049476640787643,0.24397961438558982
v9,feat_gbm,0.5,46,294,0.8471172009799238,0.9827222917401395
v9,feat_gbm,0.5,46,295,1.0603421632692858,1.5399914318848642
v9,feat_gbm,0.5,46,296,-2.8283115780460055,-3.028104854063688
v9,feat_gbm,0.5,46,297,-1.8289377122788295,-1.9675880903276046
v9,feat_gbm,0.5,46,298,0.48660313165839947,0.3882116190950413
v9,feat_gbm,0.5,46,299,-0.5241010540914354,-0.4169590587595381
v9,feat_gbm,0.5,46,300,-0.539211285128722,-0.47104701624968015
v9,feat_gbm,0.5,46,301,-0.4670660478169861,-0.5788171023402015
v9,feat_gbm,0.5,46,302,-3.564737999221659,-3.325334912618423
v9,feat_gbm,0.5,46,303,0.10832962071539187,0.27214776974989446
v9,feat_gbm,0.5,46,304,-0.031901279698455465,0.2838761456734127
v9,feat_gbm,0.5,46,305,0.9275816362904727,0.98356576927226
v9,feat_gbm,0.5,46,306,-1.7988687138414152,-2.324804251846344
v9,feat_gbm,0.5,46,307,-0.34777985817290874,-0.30060412365222405
v9,feat_gbm,0.5,46,308,-3.769534647717553,-3.5706943269006843
v9,feat_gbm,0.5,46,309,0.6862230672818047,0.7657986236992217
v9,feat_gbm,0.5,46,310,-0.05873079331314731,-0.3760212383278314
v9,feat_gbm,0.5,46,311,0.7795408319420579,0.903367601886353
v9,feat_gbm,0.5,46,312,0.5888059754913805,0.2834145554969618
v9,feat_gbm,0.5,46,313,-0.45016147381630794,-0.8750381269167363
v9,feat_gbm,0.5,46,314,-1.6288359160335857,-0.8911054934067958
v9,feat_gbm,0.5,46,315,0.2653747608402182,0.2699623908229132
v9,feat_gbm,0.5,46,316,-3.8638006065560866,-4.034449774534175
v9,feat_gbm,0.5,46,317,0.23255496415300306,0.7302045063515665
v9,feat_gbm,0.5,46,318,-2.188793790408567,-2.5264159394565007
v9,feat_gbm,0.5,46,319,-3.0626021840030604,-3.1280680478747835
v9,feat_gbm,0.5,46,320,-0.12017676043605702,-0.623194388118803
v9,feat_gbm,0.5,46,321,-4.084098907239135,-4.172922463867305
v9,feat_gbm,0.5,46,322,1.0931423758800114,1.0714029341973417
v9,feat_gbm,0.5,46,323,-2.563099070336901,-2.5538050374755565
v9,feat_gbm,0.5,46,324,-1.60004809001631,-1.5310020975326282
v9,feat_gbm,0.5,46,325,-0.6255119487209226,-0.735749980772127
v9,feat_gbm,0.5,46,326,-0.6600954116726764,-0.5010306012352705
v9,feat_gbm,0.5,46,327,-3.9313032299763084,-4.393123087746285
v9,feat_gbm,0.5,46,328,0.5755566698502435,0.6439364857563509
v9,feat_gbm,0.5,46,329,-3.1018860428250754,-2.60760252445046
v9,feat_gbm,0.5,46,330,0.5215822585004802,0.46983427811083467
v9,feat_gbm,0.5,46,331,-1.0109850647536436,-1.149354435920189
v9,feat_gbm,0.5,46,332,-2.0536859986934766,-1.0961264399974935
v9,feat_gbm,0.5,46,333,1.0848521400037832,1.4253561556633074
v9,feat_gbm,0.5,46,334,1.069139612303594,1.0406546288822482
v9,feat_gbm,0.5,46,335,-0.4117577940564911,-0.1286217558512718
v9,feat_gbm,0.5,46,336,-1.7601343465888153,-1.7275974260064488
v9,feat_gbm,0.5,46,337,-3.4195335972132446,-4.535227665039715
v9,feat_gbm,0.5,46,338,-0.591741685722948,-1.078833843619319
v9,feat_gbm,0.5,46,339,-1.7772672462554484,-2.035297396751524
v9,feat_gbm,0.5,46,340,0.014992135463803418,0.4788286932125707
v9,feat_gbm,0.5,46,341,-0.40366906561995364,-0.4595082096564039
v9,feat_gbm,0.5,46,342,-3.753501548830753,-3.653430804591794
v9,feat_gbm,0.5,46,343,0.5351347097084499,0.2834522663037432
v9,feat_gbm,0.5,46,344,-0.03742310667762794,-0.15984972455285287
v9,feat_gbm,0.5,46,345,-2.140476904355377,-3.8822970119574354
v9,feat_gbm,0.5,46,346,-2.7541323443508636,-2.5801989990218064
v9,feat_gbm,0.5,46,347,-3.5705841979385964,-3.2622630695286134
v9,feat_gbm,0.5,46,348,-0.6950605000569441,-0.4894561152880944
v9,feat_gbm,0.5,46,349,-3.6573228194824323,-3.0223552414624764
v9,feat_gbm,0.5,46,350,0.7858924966895555,0.4215072765335228
v9,feat_gbm,0.5,46,351,-1.7932619485415817,-1.8152752103400673
v9,feat_gbm,0.5,46,352,0.8137004164678624,1.102263670511441
v9,feat_gbm,0.5,46,353,1.0875687918005539,1.4454852001466738
v9,feat_gbm,0.5,46,354,-3.521633778420487,-3.6770060333191017
v9,feat_gbm,0.5,46,355,-3.680767817059505,-5.078652858832153
v9,feat_gbm,0.5,46,356,0.48674004225057316,0.7815322159665122
v9,feat_gbm,0.5,46,357,0.5274230707055673,0.6775133790495483
v9,feat_gbm,0.5,46,358,-3.6753248373985987,-3.5163570325540956
v9,feat_gbm,0.5,46,359,-2.927132291643421,-4.157760523739404
v9,feat_gbm,0.5,46,360,-0.24991673820169094,-0.18386357284099003
v9,feat_gbm,0.5,46,361,-4.251662715234355,-4.477383009144865
v9,feat_gbm,0.5,46,362,0.09809251749118988,0.2909126951240761
v9,feat_gbm,0.5,46,363,-3.402479960751474,-3.5121531596302606
v9,feat_gbm,0.5,46,364,0.24162017348699852,-0.0019354464452207268
v9,feat_gbm,0.5,46,365,-3.2529941262321147,-3.264666087597375
v9,feat_gbm,0.5,46,366,-1.4357090288755734,-1.4961090632143375
v9,feat_gbm,0.5,46,367,-0.027200088208831994,-0.10305907560987346
v9,feat_gbm,0.5,46,368,0.13313340665814238,0.24601275195113992
v9,feat_gbm,0.5,46,369,-1.902578127758214,-1.6400355118163064
v9,feat_gbm,0.5,46,370,-1.2034236752508165,-1.5399226532969161
v9,feat_gbm,0.5,46,371,-0.09307787688650879,-0.3336387161155974
v9,feat_gbm,0.5,46,372,0.4101007531249479,0.3185760540422761
v9,feat_gbm,0.5,46,373,-0.26816834108122356,-0.30756424411789
v9,feat_gbm,0.5,46,374,-3.746783084654151,-3.551435429619069
v9,feat_gbm,0.5,46,375,0.08150029644885544,-0.12846918127015178
v9,feat_gbm,0.5,46,376,0.536004980427857,0.43413099611324796
v9,feat_gbm,0.5,46,377,0.6145743860646934,0.8095384731463161
v9,feat_gbm,0.5,46,378,0.35022186223005863,0.20303525329731625
v9,feat_gbm,0.5,46,379,0.5913627161693399,0.524784145223057
v9,feat_gbm,0.5,46,380,0.38012478775998276,0.8722609808312535
v9,feat_gbm,0.5,46,381,0.6694035470419776,1.0190202163897197
v9,feat_gbm,0.5,46,382,0.6057550095755768,1.2715191268303472
v9,feat_gbm,0.5,46,383,-0.016137481339973184,-0.13923746667536385
v9,feat_gbm,0.5,46,384,-1.5332429478557223,-1.7983983483294153
v9,feat_gbm,0.5,46,385,0.25253101150783436,0.5606037150840157
v9,feat_gbm,0.5,46,386,0.6530405658742939,0.6003456151224621
v9,feat_gbm,0.5,46,387,0.9298953285398137,1.3071718981356573
v9,feat_gbm,0.5,46,388,-0.32620427149430703,-0.19457283568776126
v9,feat_gbm,0.5,46,389,-1.2431285030222063,-0.981880356960367
v9,feat_gbm,0.5,46,390,-3.2564804798977254,-2.628024059072158
v9,feat_gbm,0.5,46,391,-2.493226737549186,-2.479262758098376
v9,feat_gbm,0.5,46,392,-2.330666998768647,-2.207941629114672
v9,feat_gbm,0.5,46,393,-3.1245635588069485,-2.806586620215901
v9,feat_gbm,0.5,46,394,-0.15238440031596384,-0.16842623590390868
v9,feat_gbm,0.5,46,395,0.4898403064798558,0.3596423409999632
v9,feat_gbm,0.5,46,396,-2.3938247945075495,-3.117667066362407
v9,feat_gbm,0.5,46,397,0.7588445892285441,0.6134086288650079
v9,feat_gbm,0.5,46,398,0.4834557410754147,0.5049020087080688
v9,feat_gbm,0.5,46,399,-1.1589627579140203,-1.0548605918119196
v9,feat_gbm,0.5,46,400,-2.962533987817055,-2.877676775828332
v9,feat_gbm,0.5,46,401,0.19901880929734225,0.015654415635624343
v9,feat_gbm,0.5,46,402,-0.75725785694752,-0.7027824676465185
v9,feat_gbm,0.5,46,403,0.2236426001833224,0.6733427913489138
v9,feat_gbm,0.5,46,404,0.2380195350681489,0.03259550049258387
v9,feat_gbm,0.5,46,405,-3.4604491987496826,-3.4179416205706223
v9,feat_gbm,0.5,46,406,-1.5715569525874122,-1.6563158072976616
v9,feat_gbm,0.5,46,407,0.45378768664282726,0.3281041495218151
v9,feat_gbm,0.5,46,408,-1.620809996954007,-1.498502430121411
v9,feat_gbm,0.5,46,409,-1.7968293685503252,-1.5390850133499359
v9,feat_gbm,0.5,46,410,-2.453852709594408,-3.8769914364338094
v9,feat_gbm,0.5,46,411,-1.183635941328992,-1.1093409530974205
v9,feat_gbm,0.5,46,412,-2.436991650763644,-2.1356441225652167
v9,feat_gbm,0.5,46,413,0.2698414937753488,0.5613925387002681
v9,feat_gbm,0.5,46,414,-2.5220570655605274,-2.672303525149137
v9,feat_gbm,0.5,46,415,0.7529739034763993,0.9887747910888531
v9,feat_gbm,0.5,46,416,-1.8471811591517575,-2.064740642123073
v9,feat_gbm,0.5,46,417,-0.6865049845290426,-0.13534283366780814
v9,feat_gbm,0.5,46,418,0.2844692969430463,0.5266566940316069
v9,feat_gbm,0.5,46,419,-0.6972318599443801,-0.7929716308762645
v9,feat_gbm,0.5,46,420,0.0367031441864706,0.22081989653443584
v9,feat_gbm,0.5,46,421,-3.7206585220176254,-3.4911396429773087
v9,feat_gbm,0.5,46,422,0.12289721210351758,0.4691563032653497
v9,feat_gbm,0.5,46,423,-0.1071320873729887,-0.21242164749251408
v9,feat_gbm,0.5,46,424,-2.28256755257796,-2.0235730224261497
v9,feat_gbm,0.5,46,425,-0.05796749807299919,0.1881042769243711
v9,feat_gbm,0.5,46,426,-0.9513984882521763,-0.7546830882020855
v9,feat_gbm,0.5,46,427,-2.025907069371147,-2.004418163271322
v9,feat_gbm,0.5,46,428,-0.02050580963199892,0.08108350485015015
v9,feat_gbm,0.5,46,429,-1.2497052681626004,-0.8958783842144782
v9,feat_gbm,0.5,46,430,-0.356814619656726,-0.700178367515834
v9,feat_gbm,0.5,46,431,-2.325825557132604,-2.026447754843476
v9,feat_gbm,0.5,46,432,-3.2634391452747176,-3.3644112924118934
v9,feat_gbm,0.5,46,433,-1.920065125568949,-2.4777804975332844
v9,feat_gbm,0.5,46,434,-3.6619409958706877,-3.6407879329147783
v9,feat_gbm,0.5,46,435,0.3904909481406416,0.8140524350977956
v9,feat_gbm,0.5,46,436,-0.27510525616868103,-0.6342245759550225
v9,feat_gbm,0.5,46,437,-1.035769923483796,-1.0170271575608654
v9,feat_gbm,0.5,46,438,0.8746595321978431,1.2058566336630974
v9,feat_gbm,0.5,46,439,0.9917537825795549,1.04159183954478
v9,feat_gbm,0.5,46,440,-0.8919047194357311,-0.383754051292973
v9,feat_gbm,0.5,46,441,1.2142605266265043,0.9717849563735496
v9,feat_gbm,0.5,46,442,0.9200564846346273,0.915394257773604
v9,feat_gbm,0.5,46,443,0.0882947662518942,0.17619398118278368
v9,feat_gbm,0.5,46,444,-2.667186742303013,-2.3026142847949007
v9,feat_gbm,0.5,46,445,-1.180951503575712,-2.156995715227189
v9,feat_gbm,0.5,46,446,-2.151906315225791,-1.9647154613855007
v9,feat_gbm,0.5,46,447,-1.0468533460492908,-1.2167428909736953
v9,feat_gbm,0.5,46,448,-0.2484957320142096,0.371748058948411
v9,feat_gbm,0.5,46,449,-3.6179582017046763,-3.354914600670279
v9,feat_gbm,0.5,46,450,-2.591779493941419,-2.0984010901330774
v9,feat_gbm,0.5,46,451,-1.8588480135760588,-1.8411195968283314
v9,feat_gbm,0.5,46,452,-0.19518895484908855,-0.2866386615093297
v9,feat_gbm,0.5,46,453,-1.8096002328612648,-2.1769502099219324
v9,feat_gbm,0.5,46,454,0.2820236819098964,0.851829112076475
v9,feat_gbm,0.5,46,455,0.1071520883941024,-0.5174982843777256
v9,feat_gbm,0.5,46,456,-3.0502715877148807,-3.7883351795095335
v9,feat_gbm,0.5,46,457,-1.3032680059764092,-1.3225504843777425
v9,feat_gbm,0.5,46,458,-0.6534838317393895,-0.6304710111145473
v9,feat_gbm,0.5,46,459,-3.05640876008042,-2.867776928577639
v9,feat_gbm,0.5,46,460,-0.45007512977637903,-0.20106453453544149
v9,feat_gbm,0.5,46,461,0.18872668703788373,0.565413433251147
v9,feat_gbm,0.5,46,462,0.38155975680279075,0.6531860801292728
v9,feat_gbm,0.5,46,463,-3.39059220739157,-3.295531334571209
v9,feat_gbm,0.5,46,464,-1.014003216309232,-1.118951529136503
v9,feat_gbm,0.5,46,465,-0.03769633930867781,0.08535922256033004
v9,feat_gbm,0.5,46,466,-0.13561842571700763,0.2656879386171551
v9,feat_gbm,0.5,46,467,-0.8656030045527456,-1.0764680911985907
v9,feat_gbm,0.5,46,468,1.372067554755971,2.2503813782282114
v9,feat_gbm,0.5,46,469,-0.08850690577817087,-0.029700274932011248
v9,feat_gbm,0.5,46,470,-2.5926714513916718,-2.1918010579584375
v9,feat_gbm,0.5,46,471,-0.20092117237155907,-0.12537364897776127
v9,feat_gbm,0.5,46,472,-1.5902281916875394,-1.3714574409892777
v9,feat_gbm,0.5,46,473,-2.041051199446507,-1.0216450817816245
v9,feat_gbm,0.5,46,474,-0.818352575432532,-0.8313233833759152
v9,feat_gbm,0.5,46,475,-3.020405828441244,-3.25243582884057
v9,feat_gbm,0.5,46,476,0.700833081975449,0.8737365575305754
v9,feat_gbm,0.5,46,477,-2.0834725943347654,-1.8373017486027088
v9,feat_gbm,0.5,46,478,-1.4240102601962012,-1.909749317133085
v9,feat_gbm,0.5,46,479,0.330709156418953,0.418341725137149
v9,feat_gbm,0.5,46,480,-2.752738004306076,-2.8689304810445995
v9,feat_gbm,0.5,46,481,-4.4216917967635885,-3.9192950012633494
v9,feat_gbm,0.5,46,482,0.7167379747969851,0.8191907452202399
v9,feat_gbm,0.5,46,483,-2.6206771470081858,-2.7371748494528005
v9,feat_gbm,0.5,46,484,0.09076434395504167,0.043868991079412875
v9,feat_gbm,0.5,46,485,-3.0361595671062815,-3.9571024828402512
v9,feat_gbm,0.5,46,486,-1.17863278815617,-0.8286091055291892
v9,feat_gbm,0.5,46,487,1.1887954561444678,1.1086460137612473
v9,feat_gbm,0.5,46,488,-1.0129189840876094,-1.0899995989348372
v9,feat_gbm,0.5,46,489,-2.808491111693252,-2.9260181182274523
v9,feat_gbm,0.5,46,490,0.102229769100483,0.01778898425240747
v9,feat_gbm,0.5,46,491,-0.5566262040809089,-0.388546054063584
v9,feat_gbm,0.5,46,492,-0.5769827898730309,-0.8483910406321095
v9,feat_gbm,0.5,46,493,-2.747315757212474,-2.4855190663855797
v9,feat_gbm,0.5,46,494,-0.3370593134461383,-0.6027729178489412
v9,feat_gbm,0.5,46,495,-1.3485226430771529,-1.5285925057254015
v9,feat_gbm,0.5,46,496,0.6416695874816372,1.0092174422839322
v9,feat_gbm,0.5,46,497,-2.5894799819754244,-2.421052301727873
v9,feat_gbm,0.5,46,498,-3.1250135592654376,-3.2283141264699093
v9,feat_gbm,0.5,46,499,-4.295722776185049,-4.907212199848568
v9,feat_gbm,1.0,42,0,-0.08400936764059262,0.03894909458183669
v9,feat_gbm,1.0,42,1,-2.2593515738088903,-2.5052564746229193
v9,feat_gbm,1.0,42,2,0.43450461227662074,0.6287827851917782
v9,feat_gbm,1.0,42,3,-3.119933649230698,-3.3447289283878643
v9,feat_gbm,1.0,42,4,0.9802307651498271,0.9694015026406426
v9,feat_gbm,1.0,42,5,-2.2797113106113254,-2.4693709778233526
v9,feat_gbm,1.0,42,6,0.10954613640964615,-0.2819211013310965
v9,feat_gbm,1.0,42,7,0.5922772476426855,0.5289578846490461
v9,feat_gbm,1.0,42,8,0.5635725210208985,0.032863622186365654
v9,feat_gbm,1.0,42,9,0.7361392383009241,0.9352707853930591
v9,feat_gbm,1.0,42,10,-1.9553949842207394,-1.5987558134683666
v9,feat_gbm,1.0,42,11,-2.7868512911514634,-3.2678706438993954
v9,feat_gbm,1.0,42,12,-1.912526927237418,-2.445380546146449
v9,feat_gbm,1.0,42,13,-0.14089614735352154,-0.4471217519653716
v9,feat_gbm,1.0,42,14,-1.3270518379555432,-1.8343062920535937
v9,feat_gbm,1.0,42,15,-2.781700341887034,-2.278287047942225
v9,feat_gbm,1.0,42,16,-0.9275952690032145,-1.113015507562239
v9,feat_gbm,1.0,42,17,-0.8883858859223173,-1.149386040828735
v9,feat_gbm,1.0,42,18,-0.6452119479471822,-0.4541092694382234
v9,feat_gbm,1.0,42,19,-2.833401417307848,-2.8798658660471284
v9,feat_gbm,1.0,42,20,-3.4386916541935655,-3.281006200299989
v9,feat_gbm,1.0,42,21,-0.5249737859471272,-0.7889402030111288
v9,feat_gbm,1.0,42,22,-1.28065539651252,-0.48114593055133975
v9,feat_gbm,1.0,42,23,-2.5354441218458166,-2.8038114998165153
v9,feat_gbm,1.0,42,24,-2.470361295558256,-2.6726430450531393
v9,feat_gbm,1.0,42,25,-2.7796421407004552,-3.141178249464176
v9,feat_gbm,1.0,42,26,-3.3523677800303373,-3.8612362310489847
v9,feat_gbm,1.0,42,27,-2.6490650670400626,-3.085821277369337
v9,feat_gbm,1.0,42,28,-1.9751029939610791,-2.1153791712035637
v9,feat_gbm,1.0,42,29,-1.3224567818980975,-0.5854112868629942
v9,feat_gbm,1.0,42,30,0.2524155435645219,0.13849791927417068
v9,feat_gbm,1.0,42,31,-3.072119045824647,-2.779654184179668
v9,feat_gbm,1.0,42,32,0.9543347019183679,0.9166392391011026
v9,feat_gbm,1.0,42,33,-1.802689086518331,-2.134444297962007
v9,feat_gbm,1.0,42,34,0.7621169684001252,1.1224191581864646
v9,feat_gbm,1.0,42,35,-2.486794412351954,-2.7514680837461087
v9,feat_gbm,1.0,42,36,0.6415365340414945,0.7493710802437775
v9,feat_gbm,1.0,42,37,-2.2092385658577647,-2.157600461660938
v9,feat_gbm,1.0,42,38,-2.195676528996019,-1.7436371170468024
v9,feat_gbm,1.0,42,39,0.6347934946285743,0.632388610685479
v9,feat_gbm,1.0,42,40,-1.06231612203869,-1.5024753827969588
v9,feat_gbm,1.0,42,41,-3.0486704252236567,-2.936018587066778
v9,feat_gbm,1.0,42,42,-0.22214041204985002,-0.06406961406287034
v9,feat_gbm,1.0,42,43,-0.4243309046664193,-0.43711075337934485
v9,feat_gbm,1.0,42,44,0.2549117260992283,0.521724778538647
v9,feat_gbm,1.0,42,45,0.5261772256214073,-0.02881562555915001
v9,feat_gbm,1.0,42,46,-2.905706697793813,-2.6856700943784895
v9,feat_gbm,1.0,42,47,-3.5903169362135885,-3.3419513202228783
v9,feat_gbm,1.0,42,48,-0.30898846257998386,-0.35240032436669677
v9,feat_gbm,1.0,42,49,-3.2446387796455904,-4.466027560457086
v9,feat_gbm,1.0,42,50,-1.1018908833661294,-1.2227887404747313
v9,feat_gbm,1.0,42,51,-3.2545491219385316,-4.168130875201601
v9,feat_gbm,1.0,42,52,-2.785530537520291,-2.1825653069440887
v9,feat_gbm,1.0,42,53,-3.056970905665724,-2.816977102698189
v9,feat_gbm,1.0,42,54,-0.9527893952367408,-0.9520374156321785
v9,feat_gbm,1.0,42,55,0.5011806563792579,0.800460094219776
v9,feat_gbm,1.0,42,56,0.23741300689030514,0.2782562560211116
v9,feat_gbm,1.0,42,57,0.002268180863145591,-0.7855200046266205
v9,feat_gbm,1.0,42,58,-2.7840584055798967,-2.837973637743256
v9,feat_gbm,1.0,42,59,0.33409698495872603,0.3653424354755994
v9,feat_gbm,1.0,42,60,-3.179026660868779,-3.145987746693799
v9,feat_gbm,1.0,42,61,-2.076439352654483,-2.1381844357326614
v9,feat_gbm,1.0,42,62,0.7889067421181096,0.3908315550690521
v9,feat_gbm,1.0,42,63,-3.32169617176379,-3.259739876316779
v9,feat_gbm,1.0,42,64,-3.9457026468963545,-3.799325775609258
v9,feat_gbm,1.0,42,65,-0.566522174991987,0.2842997557356093
v9,feat_gbm,1.0,42,66,0.3804109189959899,0.9099380077885143
v9,feat_gbm,1.0,42,67,0.2026725970979112,0.5741223235018287
v9,feat_gbm,1.0,42,68,1.2171699770090842,1.3807263582335993
v9,feat_gbm,1.0,42,69,0.6954542162819392,2.7357387204405055
v9,feat_gbm,1.0,42,70,-0.04345504702730231,-0.3782017485149665
v9,feat_gbm,1.0,42,71,-0.6345651702346335,-0.6946521973220513
v9,feat_gbm,1.0,42,72,-3.3199539180207958,-3.510295151868067
v9,feat_gbm,1.0,42,73,-0.18934506477721727,-0.3643686170400702
v9,feat_gbm,1.0,42,74,1.3591586167707612,1.1835884152793859
v9,feat_gbm,1.0,42,75,0.11149614940458014,-0.38644824542838596
v9,feat_gbm,1.0,42,76,0.17146979935089124,0.7005004452467647
v9,feat_gbm,1.0,42,77,0.18804881221523587,0.3770911051312199
v9,feat_gbm,1.0,42,78,-0.4674227714492018,-0.5374783823521183
v9,feat_gbm,1.0,42,79,-2.747962234071731,-3.2499450611549854
v9,feat_gbm,1.0,42,80,-1.9235771378820903,-1.719925172279684
v9,feat_gbm,1.0,42,81,1.0633618547362629,1.8185710395242058
v9,feat_gbm,1.0,42,82,-1.119712041787911,-1.0758778979961314
v9,feat_gbm,1.0,42,83,-0.30101287085200484,-0.8033140510569362
v9,feat_gbm,1.0,42,84,-2.4649304288582665,-2.0837035815006346
v9,feat_gbm,1.0,42,85,-1.1013646955990575,-1.2430797823904942
v9,feat_gbm,1.0,42,86,0.8165813222524391,0.639317965424242
v9,feat_gbm,1.0,42,87,-0.2626376345143617,-0.02321591952008587
v9,feat_gbm,1.0,42,88,-3.0292372086082855,-3.512086916650174
v9,feat_gbm,1.0,42,89,-1.5187709111862187,-1.684363733317816
v9,feat_gbm,1.0,42,90,-3.7841245043724228,-3.5341996208099964
v9,feat_gbm,1.0,42,91,0.8460077297930022,1.1574629997660548
v9,feat_gbm,1.0,42,92,-1.3989297337053663,-0.7651863719989663
v9,feat_gbm,1.0,42,93,-4.500133409805312,-5.7708125015304885
v9,feat_gbm,1.0,42,94,0.15167892412653894,0.07374698385127064
v9,feat_gbm,1.0,42,95,0.38057287109654026,1.201566413592891
v9,feat_gbm,1.0,42,96,1.4018745204849854,1.2655480006709303
v9,feat_gbm,1.0,42,97,-3.6178714632268343,-3.2217777708537843
v9,feat_gbm,1.0,42,98,-1.5779663656900245,-1.2120387208328698
v9,feat_gbm,1.0,42,99,-0.4932487153888913,-0.04015373686183237
v9,feat_gbm,1.0,42,100,-2.424700181242168,-2.8384481914339785
v9,feat_gbm,1.0,42,101,-3.0648992324986746,-3.541068619782685
v9,feat_gbm,1.0,42,102,-4.2099817776832404,-4.424727465058162
v9,feat_gbm,1.0,42,103,-0.736651768664723,-0.7652009130347144
v9,feat_gbm,1.0,42,104,-0.8737113777654475,-0.406664655497914
v9,feat_gbm,1.0,42,105,-2.49178819202127,-2.8019031633754246
v9,feat_gbm,1.0,42,106,-1.2749147827829959,-1.1978192780958505
v9,feat_gbm,1.0,42,107,-1.365534320273782,-1.2497822804421463
v9,feat_gbm,1.0,42,108,0.008938848721358283,-0.2003702404752673
v9,feat_gbm,1.0,42,109,-0.4543220695945948,-0.28745536208379296
v9,feat_gbm,1.0,42,110,0.4077533420149721,0.2838469771831524
v9,feat_gbm,1.0,42,111,0.1265709501534998,0.6579850926301614
v9,feat_gbm,1.0,42,112,-0.21823632774072246,-0.4279263804064609
v9,feat_gbm,1.0,42,113,0.24343842203622099,0.527327823801956
v9,feat_gbm,1.0,42,114,-3.586530132798822,-3.652947895428966
v9,feat_gbm,1.0,42,115,-0.9567935857043501,-0.04287987221360797
v9,feat_gbm,1.0,42,116,-3.770155980727008,-3.4409421360670214
v9,feat_gbm,1.0,42,117,-2.6512962824990494,-2.4284095097884006
v9,feat_gbm,1.0,42,118,-2.0067858345328617,-1.419217075367618
v9,feat_gbm,1.0,42,119,-2.5863684166240226,-1.4944271796191557
v9,feat_gbm,1.0,42,120,-2.754461576084025,-2.797137626437216
v9,feat_gbm,1.0,42,121,0.802365523924405,3.1321125804877905
v9,feat_gbm,1.0,42,122,-2.5583984470990626,-3.164895556438051
v9,feat_gbm,1.0,42,123,0.201232914637812,-0.021234684620174846
v9,feat_gbm,1.0,42,124,-1.471937067791658,-1.246001114532972
v9,feat_gbm,1.0,42,125,-2.4107548809241477,-2.7130193085566443
v9,feat_gbm,1.0,42,126,-2.1423359020020554,-2.0560780011130944
v9,feat_gbm,1.0,42,127,-1.6746036268103894,-1.631222331554067
v9,feat_gbm,1.0,42,128,-2.7506949670179233,-3.477307725783656
v9,feat_gbm,1.0,42,129,1.1326314138527878,1.7007542891568868
v9,feat_gbm,1.0,42,130,-3.636484442578876,-3.4021624962570822
v9,feat_gbm,1.0,42,131,-3.425650020166407,-3.701149444421242
v9,feat_gbm,1.0,42,132,-0.018254198297636533,-0.4116741376471012
v9,feat_gbm,1.0,42,133,-0.6310643009877116,-0.5680375850475197
v9,feat_gbm,1.0,42,134,-1.3428981740949828,-1.4788189923590598
v9,feat_gbm,1.0,42,135,-2.3851948335426765,-2.9896549957503007
v9,feat_gbm,1.0,42,136,0.5246666414390979,0.11194117436713467
v9,feat_gbm,1.0,42,137,1.1084228156620781,1.7147062893715772
v9,feat_gbm,1.0,42,138,-1.7999970520599762,-1.9709125209383296
v9,feat_gbm,1.0,42,139,0.16348683230700137,0.19937477723826902
v9,feat_gbm,1.0,42,140,-2.600995335622294,-2.8223726616431475
v9,feat_gbm,1.0,42,141,-0.1874162795225903,-0.12380828599000025
v9,feat_gbm,1.0,42,142,-2.898722083768969,-2.97521232911642
v9,feat_gbm,1.0,42,143,-2.128428223546123,-1.9484557479617686
v9,feat_gbm,1.0,42,144,0.8254324480681671,1.244093655886106
v9,feat_gbm,1.0,42,145,-2.1560307244538897,-2.0280859266176816
v9,feat_gbm,1.0,42,146,-1.7612785750516675,-2.0754073031653366
v9,feat_gbm,1.0,42,147,0.10371649652893368,-0.11331641159387335
v9,feat_gbm,1.0,42,148,-2.2809741413342506,-2.620298039600635
v9,feat_gbm,1.0,42,149,-3.038878090454581,-3.8395532227602396
v9,feat_gbm,1.0,42,150,-1.8706958033999757,-2.149698272240366
v9,feat_gbm,1.0,42,151,-3.1778749129297856,-3.1594376779318036
v9,feat_gbm,1.0,42,152,-2.2573767554378295,-2.7712141114581046
v9,feat_gbm,1.0,42,153,-1.3806068501672837,-1.1483368403810985
v9,feat_gbm,1.0,42,154,-1.1744796391877363,-1.4700676700115773
v9,feat_gbm,1.0,42,155,0.9411581135534253,1.4088416749712322
v9,feat_gbm,1.0,42,156,0.4717148028208591,0.7564704220494097
v9,feat_gbm,1.0,42,157,-2.506956558136627,-1.7148995557963913
v9,feat_gbm,1.0,42,158,-2.0877802500456317,-2.8595355115547196
v9,feat_gbm,1.0,42,159,-1.2522815465614776,-0.9922400520728849
v9,feat_gbm,1.0,42,160,1.9584434148772925,1.8585227307534937
v9,feat_gbm,1.0,42,161,-2.188078515321731,-2.477654537850602
v9,feat_gbm,1.0,42,162,-2.6591896395050254,-2.993764039868935
v9,feat_gbm,1.0,42,163,-1.0917937156172428,-1.1722671160336509
v9,feat_gbm,1.0,42,164,-1.8117421573342205,-1.6577576086204497
v9,feat_gbm,1.0,42,165,-2.451274310501612,-2.9770186999323642
v9,feat_gbm,1.0,42,166,-3.418072855031394,-3.2329952824425443
v9,feat_gbm,1.0,42,167,-0.2699342826964576,0.19550508612775644
v9,feat_gbm,1.0,42,168,-0.9868232907526372,-1.2639642813248737
v9,feat_gbm,1.0,42,169,1.3719052009875563,1.4224064134580066
v9,feat_gbm,1.0,42,170,-2.3979595757731875,-1.5303724784706008
v9,feat_gbm,1.0,42,171,0.724360627922221,0.6086346650572224
v9,feat_gbm,1.0,42,172,0.13801376525516493,-0.052232489626048526
v9,feat_gbm,1.0,42,173,-0.9259527183629033,-0.19074605880313256
v9,feat_gbm,1.0,42,174,-2.6957847414472673,-2.7678232596734214
v9,feat_gbm,1.0,42,175,-1.9178811437354772,-1.6557092188829319
v9,feat_gbm,1.0,42,176,0.37684066991233056,0.12081831439914445
v9,feat_gbm,1.0,42,177,0.29421851837061697,3.7031714993021168
v9,feat_gbm,1.0,42,178,-0.7048197167548248,-0.17761292562564054
v9,feat_gbm,1.0,42,179,-0.004402604577517986,0.2295122735959306
v9,feat_gbm,1.0,42,180,-1.6897855796269592,-1.6401012725318311
v9,feat_gbm,1.0,42,181,-2.9756380755210032,-3.399461101549646
v9,feat_gbm,1.0,42,182,0.2927202475395024,0.5421608664871393
v9,feat_gbm,1.0,42,183,-3.977976007436567,-3.7858185839721776
v9,feat_gbm,1.0,42,184,0.36964272248965496,0.4440956773301304
v9,feat_gbm,1.0,42,185,0.2719000259807156,0.5450962365111649
v9,feat_gbm,1.0,42,186,-3.0507127325174315,-3.094441269353033
v9,feat_gbm,1.0,42,187,0.706003056444084,1.436275522654785
v9,feat_gbm,1.0,42,188,-0.11024873795560716,-0.003208414280501246
v9,feat_gbm,1.0,42,189,-2.0795259291025894,-2.0766448721687736
v9,feat_gbm,1.0,42,190,-3.0118475208577307,-2.887011097372245
v9,feat_gbm,1.0,42,191,-0.2628502923574197,-0.19564387773269687
v9,feat_gbm,1.0,42,192,-3.6125233712145777,-3.39219136175158
v9,feat_gbm,1.0,42,193,-3.7279773232999123,-4.804455114758695
v9,feat_gbm,1.0,42,194,-0.13091807870602581,-0.23230879418151415
v9,feat_gbm,1.0,42,195,1.0432396719292196,0.7768952289284052
v9,feat_gbm,1.0,42,196,-3.6755486353568187,-3.0758975731441707
v9,feat_gbm,1.0,42,197,1.4609678919321596,1.8852948766094535
v9,feat_gbm,1.0,42,198,0.03189111688784273,-0.07474663349946693
v9,feat_gbm,1.0,42,199,1.319388140462288,0.9295509098669842
v9,feat_gbm,1.0,42,200,0.1254683282312498,0.40408761039079466
v9,feat_gbm,1.0,42,201,-0.9494293561708748,-1.0185563947000995
v9,feat_gbm,1.0,42,202,-1.1174593074272479,-1.5812541435625456
v9,feat_gbm,1.0,42,203,-2.0656405290446855,-2.9269603411540346
v9,feat_gbm,1.0,42,204,-0.1612312228057795,-0.9368237022381455
v9,feat_gbm,1.0,42,205,-0.5819502492880184,-0.771906247259438
v9,feat_gbm,1.0,42,206,-1.9031105774274792,-1.4457766532498904
v9,feat_gbm,1.0,42,207,-2.4587800361159524,-2.4752738768021185
v9,feat_gbm,1.0,42,208,-2.5733004516538744,-2.8789590131308262
v9,feat_gbm,1.0,42,209,-2.2005047781847056,-2.6986856152036793
v9,feat_gbm,1.0,42,210,-0.024501605156094564,0.05837096406180189
v9,feat_gbm,1.0,42,211,-2.9679139726644426,-2.2327070274631113
v9,feat_gbm,1.0,42,212,-0.19022280160148716,0.15758807445032513
v9,feat_gbm,1.0,42,213,0.7403302250288829,0.5234750924970406
v9,feat_gbm,1.0,42,214,0.9946544179596717,0.8312555987922697
v9,feat_gbm,1.0,42,215,-0.9162940889765862,-0.7699972654610447
v9,feat_gbm,1.0,42,216,-2.5277446660238168,-2.4368834827463726
v9,feat_gbm,1.0,42,217,-3.1134917583857113,-3.7421886443248944
v9,feat_gbm,1.0,42,218,-3.8250945542218866,-4.3753265313120195
v9,feat_gbm,1.0,42,219,0.15560952766836136,0.13181597567614448
v9,feat_gbm,1.0,42,220,-2.495249982717895,-2.150299196146146
v9,feat_gbm,1.0,42,221,0.5044527111311292,0.4316281043505307
v9,feat_gbm,1.0,42,222,0.4479387193120619,0.20581216265343685
v9,feat_gbm,1.0,42,223,-2.1015054158428432,-1.7226779576420432
v9,feat_gbm,1.0,42,224,1.0230232051917925,1.0701061526100661
v9,feat_gbm,1.0,42,225,-1.7122191929338701,-2.995983076644188
v9,feat_gbm,1.0,42,226,-0.2997228457337091,-0.39103048890459524
v9,feat_gbm,1.0,42,227,-2.1988235218782,-2.811377433191803
v9,feat_gbm,1.0,42,228,0.12822181482009173,0.1103569248772952
v9,feat_gbm,1.0,42,229,0.627232546417422,1.0926797996732165
v9,feat_gbm,1.0,42,230,-1.2344035069587516,-1.1465469989616057
v9,feat_gbm,1.0,42,231,-3.717960540924874,-3.7045714701961474
v9,feat_gbm,1.0,42,232,-0.4426887516386763,-0.3205795311611984
v9,feat_gbm,1.0,42,233,-0.13143133197116064,-0.7282288274356463
v9,feat_gbm,1.0,42,234,-0.46121098203351696,-0.6143938277881194
v9,feat_gbm,1.0,42,235,-2.9346245928693504,-3.717493513170671
v9,feat_gbm,1.0,42,236,-2.045247800777592,-1.894186438607053
v9,feat_gbm,1.0,42,237,-0.26449453071772105,0.19101892391720615
v9,feat_gbm,1.0,42,238,-2.4410944231530873,-2.723653519266766
v9,feat_gbm,1.0,42,239,0.33796859431222775,0.28172679866345784
v9,feat_gbm,1.0,42,240,-0.930186982258896,-0.570916259780521
v9,feat_gbm,1.0,42,241,-2.076679798580156,-3.037607674189957
v9,feat_gbm,1.0,42,242,-2.4430765181418694,-2.4824067099880884
v9,feat_gbm,1.0,42,243,0.9316639704168216,1.793244191067856
v9,feat_gbm,1.0,42,244,-1.9258263630540362,-2.170563194223024
v9,feat_gbm,1.0,42,245,-2.508486556417056,-2.5580286375581696
v9,feat_gbm,1.0,42,246,-2.9197329099603824,-3.9013363177662743
v9,feat_gbm,1.0,42,247,-1.4997137919001926,-1.2689211715035387
v9,feat_gbm,1.0,42,248,-2.571825045957645,-2.89795980370705
v9,feat_gbm,1.0,42,249,-0.9021804315579006,-1.149470325468549
v9,feat_gbm,1.0,42,250,-2.63790996509771,-2.1803876537888693
v9,feat_gbm,1.0,42,251,-0.8136798511954746,-1.2010659028736028
v9,feat_gbm,1.0,42,252,-2.573027072024537,-2.675840590612525
v9,feat_gbm,1.0,42,253,-0.6939439777490047,-0.865421424414132
v9,feat_gbm,1.0,42,254,-0.3476345581066721,-0.45089388998719687
v9,feat_gbm,1.0,42,255,-1.5057392252174127,-1.477655138121315
v9,feat_gbm,1.0,42,256,-2.1249980201872862,-1.9234128661936198
v9,feat_gbm,1.0,42,257,-0.5797179787767033,-0.8895479413744646
v9,feat_gbm,1.0,42,258,-1.3474787724970907,-1.284701881398344
v9,feat_gbm,1.0,42,259,-0.22276366909658404,0.03791276039075724
v9,feat_gbm,1.0,42,260,-1.1274126605608823,-1.213907680807544
v9,feat_gbm,1.0,42,261,-0.5003881632459491,-0.6937064881158975
v9,feat_gbm,1.0,42,262,-2.3846922445526775,-2.500344974429108
v9,feat_gbm,1.0,42,263,-3.278623441294776,-3.0782877743164985
v9,feat_gbm,1.0,42,264,-2.9332643287000226,-3.2702790535172426
v9,feat_gbm,1.0,42,265,-0.17693871447010454,-0.15746453031192983
v9,feat_gbm,1.0,42,266,-1.5733597535625414,-1.3930653126164372
v9,feat_gbm,1.0,42,267,-4.052714683593129,-3.460520174484755
v9,feat_gbm,1.0,42,268,-1.8449874973790674,-1.8115923421665279
v9,feat_gbm,1.0,42,269,0.03860674521686449,-0.04785951915829837
v9,feat_gbm,1.0,42,270,-1.1559517940452628,-1.3387838926701625
v9,feat_gbm,1.0,42,271,0.7767596757319977,0.6172482925771328
v9,feat_gbm,1.0,42,272,0.18776429330476088,0.10718580269537517
v9,feat_gbm,1.0,42,273,-2.747197695735178,-2.4250613993713395
v9,feat_gbm,1.0,42,274,0.039023457800540826,-0.4656136934058211
v9,feat_gbm,1.0,42,275,-1.588024802689274,-1.7679071058666047
v9,feat_gbm,1.0,42,276,-0.12814106966417613,-0.15192249005847586
v9,feat_gbm,1.0,42,277,-0.4388952845003105,-0.22686658439221394
v9,feat_gbm,1.0,42,278,-0.5679437317437424,-0.3963273628232521
v9,feat_gbm,1.0,42,279,-2.5395515879793997,-2.1916982233579314
v9,feat_gbm,1.0,42,280,0.6123972341421217,0.5138857123822332
v9,feat_gbm,1.0,42,281,0.6176864308203172,0.13501120436460418
v9,feat_gbm,1.0,42,282,0.046441626119955344,-0.35232291748203215
v9,feat_gbm,1.0,42,283,0.3444639379562567,0.33710059568630363
v9,feat_gbm,1.0,42,284,1.790852643641,2.2269494594330284
v9,feat_gbm,1.0,42,285,-0.3723831747751155,-0.8523290277873723
v9,feat_gbm,1.0,42,286,0.24868026580380004,0.5032694866056324
v9,feat_gbm,1.0,42,287,-3.874368127877436,-3.0734310124071125
v9,feat_gbm,1.0,42,288,-2.9681884563979497,-3.0969464995649485
v9,feat_gbm,1.0,42,289,0.33447582661305353,0.8088909840914691
v9,feat_gbm,1.0,42,290,-2.193715200917926,-1.710735902712342
v9,feat_gbm,1.0,42,291,-0.23857468398722478,-0.24588513525180683
v9,feat_gbm,1.0,42,292,-2.8423867693471863,-2.9910915714149957
v9,feat_gbm,1.0,42,293,-0.017329857253778225,0.24397961438558982
v9,feat_gbm,1.0,42,294,0.5645611310463946,0.9827222917401395
v9,feat_gbm,1.0,42,295,0.7494816859816218,1.5399914318848642
v9,feat_gbm,1.0,42,296,-2.647617954963833,-3.028104854063688
v9,feat_gbm,1.0,42,297,-2.0476928938902383,-1.9675880903276046
v9,feat_gbm,1.0,42,298,0.5959600129526366,0.3882116190950413
v9,feat_gbm,1.0,42,299,-0.4827676520460503,-0.4169590587595381
v9,feat_gbm,1.0,42,300,-0.6270128389708369,-0.47104701624968015
v9,feat_gbm,1.0,42,301,-0.85651240443705,-0.5788171023402015
v9,feat_gbm,1.0,42,302,-3.6603232853187775,-3.325334912618423
v9,feat_gbm,1.0,42,303,0.0219224510904144,0.27214776974989446
v9,feat_gbm,1.0,42,304,0.13241969996927117,0.2838761456734127
v9,feat_gbm,1.0,42,305,0.6830461904871747,0.98356576927226
v9,feat_gbm,1.0,42,306,-1.8753232355541987,-2.324804251846344
v9,feat_gbm,1.0,42,307,-0.18651804702457808,-0.30060412365222405
v9,feat_gbm,1.0,42,308,-3.7139849244154006,-3.5706943269006843
v9,feat_gbm,1.0,42,309,0.17151725508934454,0.7657986236992217
v9,feat_gbm,1.0,42,310,-0.8014135186026562,-0.3760212383278314
v9,feat_gbm,1.0,42,311,1.0101201661726193,0.903367601886353
v9,feat_gbm,1.0,42,312,0.6745333630349079,0.2834145554969618
v9,feat_gbm,1.0,42,313,-0.689857173987282,-0.8750381269167363
v9,feat_gbm,1.0,42,314,-1.645013164750994,-0.8911054934067958
v9,feat_gbm,1.0,42,315,0.28277670959138257,0.2699623908229132
v9,feat_gbm,1.0,42,316,-3.5294554830317124,-4.034449774534175
v9,feat_gbm,1.0,42,317,0.0650442081817643,0.7302045063515665
v9,feat_gbm,1.0,42,318,-2.246624304386804,-2.5264159394565007
v9,feat_gbm,1.0,42,319,-3.1790657825006496,-3.1280680478747835
v9,feat_gbm,1.0,42,320,0.0745310881920666,-0.623194388118803
v9,feat_gbm,1.0,42,321,-3.8342071954253494,-4.172922463867305
v9,feat_gbm,1.0,42,322,0.9862150408040312,1.0714029341973417
v9,feat_gbm,1.0,42,323,-2.453557664209605,-2.5538050374755565
v9,feat_gbm,1.0,42,324,-1.787102741346503,-1.5310020975326282
v9,feat_gbm,1.0,42,325,-0.606904589633957,-0.735749980772127
v9,feat_gbm,1.0,42,326,-0.8011610673394379,-0.5010306012352705
v9,feat_gbm,1.0,42,327,-3.8722380875051314,-4.393123087746285
v9,feat_gbm,1.0,42,328,0.3991642831809945,0.6439364857563509
v9,feat_gbm,1.0,42,329,-3.1909824828928897,-2.60760252445046
v9,feat_gbm,1.0,42,330,0.6321615143292787,0.46983427811083467
v9,feat_gbm,1.0,42,331,-0.836392107715224,-1.149354435920189
v9,feat_gbm,1.0,42,332,-2.4015864392198374,-1.0961264399974935
v9,feat_gbm,1.0,42,333,0.7890123387844146,1.4253561556633074
v9,feat_gbm,1.0,42,334,0.9414118878641072,1.0406546288822482
v9,feat_gbm,1.0,42,335,-0.550356034860952,-0.1286217558512718
v9,feat_gbm,1.0,42,336,-1.619053710895047,-1.7275974260064488
v9,feat_gbm,1.0,42,337,-3.029556716723029,-4.535227665039715
v9,feat_gbm,1.0,42,338,-0.2807069535805589,-1.078833843619319
v9,feat_gbm,1.0,42,339,-1.6649094901997736,-2.035297396751524
v9,feat_gbm,1.0,42,340,0.35941696023036784,0.4788286932125707
v9,feat_gbm,1.0,42,341,-0.5637969157077778,-0.4595082096564039
v9,feat_gbm,1.0,42,342,-3.7650351301836156,-3.653430804591794
v9,feat_gbm,1.0,42,343,0.40200569543396947,0.2834522663037432
v9,feat_gbm,1.0,42,344,0.16907052780562506,-0.15984972455285287
v9,feat_gbm,1.0,42,345,-2.6329358524727167,-3.8822970119574354
v9,feat_gbm,1.0,42,346,-2.693111337910845,-2.5801989990218064
v9,feat_gbm,1.0,42,347,-3.4871585573645905,-3.2622630695286134
v9,feat_gbm,1.0,42,348,-0.8765362729443454,-0.4894561152880944
v9,feat_gbm,1.0,42,349,-3.9374342123977684,-3.0223552414624764
v9,feat_gbm,1.0,42,350,0.5607935715654617,0.4215072765335228
v9,feat_gbm,1.0,42,351,-2.309305539801055,-1.8152752103400673
v9,feat_gbm,1.0,42,352,0.8584897587155744,1.102263670511441
v9,feat_gbm,1.0,42,353,1.1246759160149353,1.4454852001466738
v9,feat_gbm,1.0,42,354,-3.2528392819670087,-3.6770060333191017
v9,feat_gbm,1.0,42,355,-3.2158972545499545,-5.078652858832153
v9,feat_gbm,1.0,42,356,0.3341840745750299,0.7815322159665122
v9,feat_gbm,1.0,42,357,0.43038989801250566,0.6775133790495483
v9,feat_gbm,1.0,42,358,-3.5557173768406756,-3.5163570325540956
v9,feat_gbm,1.0,42,359,-3.0251751729113754,-4.157760523739404
v9,feat_gbm,1.0,42,360,-0.27325828132737445,-0.18386357284099003
v9,feat_gbm,1.0,42,361,-3.8737432914719356,-4.477383009144865
v9,feat_gbm,1.0,42,362,0.0492714325884288,0.2909126951240761
v9,feat_gbm,1.0,42,363,-3.3783064070377837,-3.5121531596302606
v9,feat_gbm,1.0,42,364,0.2358259668058197,-0.0019354464452207268
v9,feat_gbm,1.0,42,365,-2.837095348123015,-3.264666087597375
v9,feat_gbm,1.0,42,366,-1.4126645972338263,-1.4961090632143375
v9,feat_gbm,1.0,42,367,-0.13549968087627878,-0.10305907560987346
v9,feat_gbm,1.0,42,368,-0.011017385569477959,0.24601275195113992
v9,feat_gbm,1.0,42,369,-2.0046024861652207,-1.6400355118163064
v9,feat_gbm,1.0,42,370,-1.3353195366111226,-1.5399226532969161
v9,feat_gbm,1.0,42,371,-0.29906115814926354,-0.3336387161155974
v9,feat_gbm,1.0,42,372,0.332186315661282,0.3185760540422761
v9,feat_gbm,1.0,42,373,-0.37678186748943,-0.30756424411789
v9,feat_gbm,1.0,42,374,-3.7117383184355233,-3.551435429619069
v9,feat_gbm,1.0,42,375,0.3151457358658984,-0.12846918127015178
v9,feat_gbm,1.0,42,376,0.5132089723713853,0.43413099611324796
v9,feat_gbm,1.0,42,377,0.49343394690123743,0.8095384731463161
v9,feat_gbm,1.0,42,378,0.25368584011601397,0.20303525329731625
v9,feat_gbm,1.0,42,379,0.508498656551435,0.524784145223057
v9,feat_gbm,1.0,42,380,0.2616667521246082,0.8722609808312535
v9,feat_gbm,1.0,42,381,0.8413947316981188,1.0190202163897197
v9,feat_gbm,1.0,42,382,0.40025328851142533,1.2715191268303472
v9,feat_gbm,1.0,42,383,0.05065022999596413,-0.13923746667536385
v9,feat_gbm,1.0,42,384,-1.5274524313116187,-1.7983983483294153
v9,feat_gbm,1.0,42,385,0.05864454283398459,0.5606037150840157
v9,feat_gbm,1.0,42,386,0.6226004460687642,0.6003456151224621
v9,feat_gbm,1.0,42,387,0.6656813595268022,1.3071718981356573
v9,feat_gbm,1.0,42,388,-0.039993124453488425,-0.19457283568776126
v9,feat_gbm,1.0,42,389,-1.5010054498210978,-0.981880356960367
v9,feat_gbm,1.0,42,390,-3.289308940563969,-2.628024059072158
v9,feat_gbm,1.0,42,391,-2.7297967633970863,-2.479262758098376
v9,feat_gbm,1.0,42,392,-2.048924204243879,-2.207941629114672
v9,feat_gbm,1.0,42,393,-3.158898090729883,-2.806586620215901
v9,feat_gbm,1.0,42,394,-0.09482876994803406,-0.16842623590390868
v9,feat_gbm,1.0,42,395,0.4629398719663578,0.3596423409999632
v9,feat_gbm,1.0,42,396,-1.807975224572844,-3.117667066362407
v9,feat_gbm,1.0,42,397,0.9061821292857819,0.6134086288650079
v9,feat_gbm,1.0,42,398,0.5071107280974485,0.5049020087080688
v9,feat_gbm,1.0,42,399,-1.2472550790934538,-1.0548605918119196
v9,feat_gbm,1.0,42,400,-2.736636484810119,-2.877676775828332
v9,feat_gbm,1.0,42,401,0.1605815618815894,0.015654415635624343
v9,feat_gbm,1.0,42,402,-0.5463332295404102,-0.7027824676465185
v9,feat_gbm,1.0,42,403,0.31492139441086264,0.6733427913489138
v9,feat_gbm,1.0,42,404,0.17262005367721367,0.03259550049258387
v9,feat_gbm,1.0,42,405,-3.577372585416367,-3.4179416205706223
v9,feat_gbm,1.0,42,406,-1.3506367803028327,-1.6563158072976616
v9,feat_gbm,1.0,42,407,0.17868099311445984,0.3281041495218151
v9,feat_gbm,1.0,42,408,-1.5596716693244497,-1.498502430121411
v9,feat_gbm,1.0,42,409,-1.6831799301895325,-1.5390850133499359
v9,feat_gbm,1.0,42,410,-2.4327763740147597,-3.8769914364338094
v9,feat_gbm,1.0,42,411,-1.3822418811367698,-1.1093409530974205
v9,feat_gbm,1.0,42,412,-2.181629350839364,-2.1356441225652167
v9,feat_gbm,1.0,42,413,0.45145702807664206,0.5613925387002681
v9,feat_gbm,1.0,42,414,-2.1327016247125483,-2.672303525149137
v9,feat_gbm,1.0,42,415,0.7480603780200855,0.9887747910888531
v9,feat_gbm,1.0,42,416,-1.96912498981854,-2.064740642123073
v9,feat_gbm,1.0,42,417,-0.8464547440244286,-0.13534283366780814
v9,feat_gbm,1.0,42,418,0.42385765301144174,0.5266566940316069
v9,feat_gbm,1.0,42,419,-0.7413975430148444,-0.7929716308762645
v9,feat_gbm,1.0,42,420,0.20171996251839408,0.22081989653443584
v9,feat_gbm,1.0,42,421,-3.7414193309676316,-3.4911396429773087
v9,feat_gbm,1.0,42,422,-0.11187601749647574,0.4691563032653497
v9,feat_gbm,1.0,42,423,0.061708177963739466,-0.21242164749251408
v9,feat_gbm,1.0,42,424,-2.542202589199135,-2.0235730224261497
v9,feat_gbm,1.0,42,425,-0.2564716890140665,0.1881042769243711
v9,feat_gbm,1.0,42,426,-0.859466639437208,-0.7546830882020855
v9,feat_gbm,1.0,42,427,-2.144637735412877,-2.004418163271322
v9,feat_gbm,1.0,42,428,0.07196697282438005,0.08108350485015015
v9,feat_gbm,1.0,42,429,-1.4792383529338915,-0.8958783842144782
v9,feat_gbm,1.0,42,430,-0.3441134649640564,-0.700178367515834
v9,feat_gbm,1.0,42,431,-2.3646070264317522,-2.026447754843476
v9,feat_gbm,1.0,42,432,-2.916780169966325,-3.3644112924118934
v9,feat_gbm,1.0,42,433,-2.0152434115973277,-2.4777804975332844
v9,feat_gbm,1.0,42,434,-3.595506016205436,-3.6407879329147783
v9,feat_gbm,1.0,42,435,0.48081447615687867,0.8140524350977956
v9,feat_gbm,1.0,42,436,-0.33095458499961816,-0.6342245759550225
v9,feat_gbm,1.0,42,437,-1.5106140827494146,-1.0170271575608654
v9,feat_gbm,1.0,42,438,0.6973931178988394,1.2058566336630974
v9,feat_gbm,1.0,42,439,0.9199685954638811,1.04159183954478
v9,feat_gbm,1.0,42,440,-0.9920849805508015,-0.383754051292973
v9,feat_gbm,1.0,42,441,1.182475261116401,0.9717849563735496
v9,feat_gbm,1.0,42,442,0.860032694919746,0.915394257773604
v9,feat_gbm,1.0,42,443,0.06943633552507417,0.17619398118278368
v9,feat_gbm,1.0,42,444,-2.713333837865157,-2.3026142847949007
v9,feat_gbm,1.0,42,445,-1.115958606558777,-2.156995715227189
v9,feat_gbm,1.0,42,446,-2.2380276021975454,-1.9647154613855007
v9,feat_gbm,1.0,42,447,-1.2995540001782802,-1.2167428909736953
v9,feat_gbm,1.0,42,448,-0.29843800241389373,0.371748058948411
v9,feat_gbm,1.0,42,449,-3.570621674220379,-3.354914600670279
v9,feat_gbm,1.0,42,450,-2.770568050248759,-2.0984010901330774
v9,feat_gbm,1.0,42,451,-1.6408341667058186,-1.8411195968283314
v9,feat_gbm,1.0,42,452,0.12163503758420523,-0.2866386615093297
v9,feat_gbm,1.0,42,453,-1.5221596537540745,-2.1769502099219324
v9,feat_gbm,1.0,42,454,0.04068391857935173,0.851829112076475
v9,feat_gbm,1.0,42,455,0.45115438013672304,-0.5174982843777256
v9,feat_gbm,1.0,42,456,-2.6598935967891597,-3.7883351795095335
v9,feat_gbm,1.0,42,457,-1.290283447661407,-1.3225504843777425
v9,feat_gbm,1.0,42,458,-0.6265695222218267,-0.6304710111145473
v9,feat_gbm,1.0,42,459,-3.3229559930074255,-2.867776928577639
v9,feat_gbm,1.0,42,460,-0.5909460515769108,-0.20106453453544149
v9,feat_gbm,1.0,42,461,0.5162587008140256,0.565413433251147
v9,feat_gbm,1.0,42,462,0.2180780284101267,0.6531860801292728
v9,feat_gbm,1.0,42,463,-3.132847241985084,-3.295531334571209
v9,feat_gbm,1.0,42,464,-1.1658066949849122,-1.118951529136503
v9,feat_gbm,1.0,42,465,-0.003198381770607337,0.08535922256033004
v9,feat_gbm,1.0,42,466,-0.021279170247803143,0.2656879386171551
v9,feat_gbm,1.0,42,467,-0.8192354029687364,-1.0764680911985907
v9,feat_gbm,1.0,42,468,1.6502811250328453,2.2503813782282114
v9,feat_gbm,1.0,42,469,0.0023165919852994148,-0.029700274932011248
v9,feat_gbm,1.0,42,470,-2.420963760663526,-2.1918010579584375
v9,feat_gbm,1.0,42,471,-0.07508868707793216,-0.12537364897776127
v9,feat_gbm,1.0,42,472,-1.4528510258944294,-1.3714574409892777
v9,feat_gbm,1.0,42,473,-2.0735169322350013,-1.0216450817816245
v9,feat_gbm,1.0,42,474,-0.7791429818696862,-0.8313233833759152
v9,feat_gbm,1.0,42,475,-2.9038123729077396,-3.25243582884057
v9,feat_gbm,1.0,42,476,0.5877521559901192,0.8737365575305754
v9,feat_gbm,1.0,42,477,-2.235841378419216,-1.8373017486027088
v9,feat_gbm,1.0,42,478,-1.35405205650006,-1.909749317133085
v9,feat_gbm,1.0,42,479,0.18094730103921888,0.418341725137149
v9,feat_gbm,1.0,42,480,-2.338093624249854,-2.8689304810445995
v9,feat_gbm,1.0,42,481,-4.33732553580858,-3.9192950012633494
v9,feat_gbm,1.0,42,482,0.6394770107276497,0.8191907452202399
v9,feat_gbm,1.0,42,483,-2.840083296633411,-2.7371748494528005
v9,feat_gbm,1.0,42,484,0.2013089387285615,0.043868991079412875
v9,feat_gbm,1.0,42,485,-2.763498718839504,-3.9571024828402512
v9,feat_gbm,1.0,42,486,-1.1640660800578106,-0.8286091055291892
v9,feat_gbm,1.0,42,487,1.2822968679200255,1.1086460137612473
v9,feat_gbm,1.0,42,488,-1.0348128556258145,-1.0899995989348372
v9,feat_gbm,1.0,42,489,-2.7458315132781865,-2.9260181182274523
v9,feat_gbm,1.0,42,490,0.07194019549338848,0.01778898425240747
v9,feat_gbm,1.0,42,491,-0.34347185503411054,-0.388546054063584
v9,feat_gbm,1.0,42,492,-0.7992436851653498,-0.8483910406321095
v9,feat_gbm,1.0,42,493,-2.687507813365741,-2.4855190663855797
v9,feat_gbm,1.0,42,494,-0.33676414361063284,-0.6027729178489412
v9,feat_gbm,1.0,42,495,-1.1408411438779757,-1.5285925057254015
v9,feat_gbm,1.0,42,496,0.5643599729817868,1.0092174422839322
v9,feat_gbm,1.0,42,497,-2.2331870112994974,-2.421052301727873
v9,feat_gbm,1.0,42,498,-3.0771351532251945,-3.2283141264699093
v9,feat_gbm,1.0,42,499,-3.771955298840219,-4.907212199848568
v9,feat_gbm,1.0,43,0,-0.04828346161676655,0.03894909458183669
v9,feat_gbm,1.0,43,1,-2.3550963897640558,-2.5052564746229193
v9,feat_gbm,1.0,43,2,0.4063337392585176,0.6287827851917782
v9,feat_gbm,1.0,43,3,-3.1303730092597797,-3.3447289283878643
v9,feat_gbm,1.0,43,4,0.9591320545977395,0.9694015026406426
v9,feat_gbm,1.0,43,5,-2.427276621645206,-2.4693709778233526
v9,feat_gbm,1.0,43,6,-0.04964783041599658,-0.2819211013310965
v9,feat_gbm,1.0,43,7,0.4993914281721392,0.5289578846490461
v9,feat_gbm,1.0,43,8,0.6157147836860635,0.032863622186365654
v9,feat_gbm,1.0,43,9,0.9016553497519705,0.9352707853930591
v9,feat_gbm,1.0,43,10,-1.9943126132219082,-1.5987558134683666
v9,feat_gbm,1.0,43,11,-2.9289548747593948,-3.2678706438993954
v9,feat_gbm,1.0,43,12,-1.6940001269519154,-2.445380546146449
v9,feat_gbm,1.0,43,13,-0.30153314164402356,-0.4471217519653716
v9,feat_gbm,1.0,43,14,-1.2406835940479926,-1.8343062920535937
v9,feat_gbm,1.0,43,15,-2.6231064161278996,-2.278287047942225
v9,feat_gbm,1.0,43,16,-0.9138240679640743,-1.113015507562239
v9,feat_gbm,1.0,43,17,-1.1805126176649785,-1.149386040828735
v9,feat_gbm,1.0,43,18,-0.6437051145155193,-0.4541092694382234
v9,feat_gbm,1.0,43,19,-2.9404794583853633,-2.8798658660471284
v9,feat_gbm,1.0,43,20,-3.3332347226152645,-3.281006200299989
v9,feat_gbm,1.0,43,21,-0.41890618298706594,-0.7889402030111288
v9,feat_gbm,1.0,43,22,-1.1848349209816522,-0.48114593055133975
v9,feat_gbm,1.0,43,23,-2.566015125892237,-2.8038114998165153
v9,feat_gbm,1.0,43,24,-2.6175785154139657,-2.6726430450531393
v9,feat_gbm,1.0,43,25,-2.7597626120472265,-3.141178249464176
v9,feat_gbm,1.0,43,26,-3.4713841246849575,-3.8612362310489847
v9,feat_gbm,1.0,43,27,-2.6767980926589656,-3.085821277369337
v9,feat_gbm,1.0,43,28,-2.0478702275919547,-2.1153791712035637
v9,feat_gbm,1.0,43,29,-1.3752204097634937,-0.5854112868629942
v9,feat_gbm,1.0,43,30,0.2299015967159568,0.13849791927417068
v9,feat_gbm,1.0,43,31,-3.1206998317854584,-2.779654184179668
v9,feat_gbm,1.0,43,32,1.0978640175282877,0.9166392391011026
v9,feat_gbm,1.0,43,33,-1.74160823019214,-2.134444297962007
v9,feat_gbm,1.0,43,34,0.6003035635059121,1.1224191581864646
v9,feat_gbm,1.0,43,35,-2.336068306369541,-2.7514680837461087
v9,feat_gbm,1.0,43,36,0.4177921591061483,0.7493710802437775
v9,feat_gbm,1.0,43,37,-2.2131508674088805,-2.157600461660938
v9,feat_gbm,1.0,43,38,-2.1090543795243777,-1.7436371170468024
v9,feat_gbm,1.0,43,39,0.6582220804021416,0.632388610685479
v9,feat_gbm,1.0,43,40,-1.1273730772741395,-1.5024753827969588
v9,feat_gbm,1.0,43,41,-3.0078194013686255,-2.936018587066778
v9,feat_gbm,1.0,43,42,-0.16855841653612902,-0.06406961406287034
v9,feat_gbm,1.0,43,43,-0.3321154357717242,-0.43711075337934485
v9,feat_gbm,1.0,43,44,0.3047740948522055,0.521724778538647
v9,feat_gbm,1.0,43,45,0.45257994037566607,-0.02881562555915001
v9,feat_gbm,1.0,43,46,-3.180817261704041,-2.6856700943784895
v9,feat_gbm,1.0,43,47,-3.536541153764936,-3.3419513202228783
v9,feat_gbm,1.0,43,48,-0.07908710295656605,-0.35240032436669677
v9,feat_gbm,1.0,43,49,-3.3336632567642717,-4.466027560457086
v9,feat_gbm,1.0,43,50,-0.9816373347918866,-1.2227887404747313
v9,feat_gbm,1.0,43,51,-3.302850112767646,-4.168130875201601
v9,feat_gbm,1.0,43,52,-2.76494659578755,-2.1825653069440887
v9,feat_gbm,1.0,43,53,-3.127257138952453,-2.816977102698189
v9,feat_gbm,1.0,43,54,-1.134379979795162,-0.9520374156321785
v9,feat_gbm,1.0,43,55,0.4672711526100026,0.800460094219776
v9,feat_gbm,1.0,43,56,0.29456638953373393,0.2782562560211116
v9,feat_gbm,1.0,43,57,0.029764727859487188,-0.7855200046266205
v9,feat_gbm,1.0,43,58,-2.688674768483846,-2.837973637743256
v9,feat_gbm,1.0,43,59,0.1170126810037286,0.3653424354755994
v9,feat_gbm,1.0,43,60,-3.170904159442964,-3.145987746693799
v9,feat_gbm,1.0,43,61,-2.0797379294341662,-2.1381844357326614
v9,feat_gbm,1.0,43,62,0.8363645269101163,0.3908315550690521
v9,feat_gbm,1.0,43,63,-3.283645437093412,-3.259739876316779
v9,feat_gbm,1.0,43,64,-4.002970720840763,-3.799325775609258
v9,feat_gbm,1.0,43,65,-0.5470811155516273,0.2842997557356093
v9,feat_gbm,1.0,43,66,0.46214821030539155,0.9099380077885143
v9,feat_gbm,1.0,43,67,0.2598810143368995,0.5741223235018287
v9,feat_gbm,1.0,43,68,1.1774565701200697,1.3807263582335993
v9,feat_gbm,1.0,43,69,0.6114593452602166,2.7357387204405055
v9,feat_gbm,1.0,43,70,-0.06496974152341461,-0.3782017485149665
v9,feat_gbm,1.0,43,71,-0.629650702847668,-0.6946521973220513
v9,feat_gbm,1.0,43,72,-3.4682974852644692,-3.510295151868067
v9,feat_gbm,1.0,43,73,-0.10491285032460956,-0.3643686170400702
v9,feat_gbm,1.0,43,74,1.254749618371498,1.1835884152793859
v9,feat_gbm,1.0,43,75,0.05283336194575412,-0.38644824542838596
v9,feat_gbm,1.0,43,76,0.11386161337467646,0.7005004452467647
v9,feat_gbm,1.0,43,77,0.4164174209398355,0.3770911051312199
v9,feat_gbm,1.0,43,78,-0.49637184996338973,-0.5374783823521183
v9,feat_gbm,1.0,43,79,-2.686188269764939,-3.2499450611549854
v9,feat_gbm,1.0,43,80,-1.8153285568388184,-1.719925172279684
v9,feat_gbm,1.0,43,81,1.0528627164198348,1.8185710395242058
v9,feat_gbm,1.0,43,82,-1.322674047681696,-1.0758778979961314
v9,feat_gbm,1.0,43,83,-0.4873392843933334,-0.8033140510569362
v9,feat_gbm,1.0,43,84,-2.3592602082671204,-2.0837035815006346
v9,feat_gbm,1.0,43,85,-1.1139535436456423,-1.2430797823904942
v9,feat_gbm,1.0,43,86,0.8415138445618686,0.639317965424242
v9,feat_gbm,1.0,43,87,-0.24014584101055506,-0.02321591952008587
v9,feat_gbm,1.0,43,88,-3.1180587471415993,-3.512086916650174
v9,feat_gbm,1.0,43,89,-1.492655402748104,-1.684363733317816
v9,feat_gbm,1.0,43,90,-3.847088071650356,-3.5341996208099964
v9,feat_gbm,1.0,43,91,0.8320519081568961,1.1574629997660548
v9,feat_gbm,1.0,43,92,-1.4062651347819761,-0.7651863719989663
v9,feat_gbm,1.0,43,93,-4.783414229959317,-5.7708125015304885
v9,feat_gbm,1.0,43,94,-0.03654974418214111,0.07374698385127064
v9,feat_gbm,1.0,43,95,0.48816831300493435,1.201566413592891
v9,feat_gbm,1.0,43,96,1.3989104806135333,1.2655480006709303
v9,feat_gbm,1.0,43,97,-3.617462750676556,-3.2217777708537843
v9,feat_gbm,1.0,43,98,-1.3626614933140853,-1.2120387208328698
v9,feat_gbm,1.0,43,99,-0.5589488647306227,-0.04015373686183237
v9,feat_gbm,1.0,43,100,-2.368745890934369,-2.8384481914339785
v9,feat_gbm,1.0,43,101,-3.1455747428835106,-3.541068619782685
v9,feat_gbm,1.0,43,102,-4.138818878490699,-4.424727465058162
v9,feat_gbm,1.0,43,103,-0.7405035271824356,-0.7652009130347144
v9,feat_gbm,1.0,43,104,-1.1529923798554473,-0.406664655497914
v9,feat_gbm,1.0,43,105,-2.390879017501574,-2.8019031633754246
v9,feat_gbm,1.0,43,106,-1.112444700614581,-1.1978192780958505
v9,feat_gbm,1.0,43,107,-1.394951526986888,-1.2497822804421463
v9,feat_gbm,1.0,43,108,-0.24956410409573404,-0.2003702404752673
v9,feat_gbm,1.0,43,109,-0.5143004190909396,-0.28745536208379296
v9,feat_gbm,1.0,43,110,0.5765626932580903,0.2838469771831524
v9,feat_gbm,1.0,43,111,0.290606416803233,0.6579850926301614
v9,feat_gbm,1.0,43,112,-0.4036459657011056,-0.4279263804064609
v9,feat_gbm,1.0,43,113,0.17890321270517012,0.527327823801956
v9,feat_gbm,1.0,43,114,-3.627210156125757,-3.652947895428966
v9,feat_gbm,1.0,43,115,-0.9535662959800487,-0.04287987221360797
v9,feat_gbm,1.0,43,116,-3.8005587714767155,-3.4409421360670214
v9,feat_gbm,1.0,43,117,-2.537385537803047,-2.4284095097884006
v9,feat_gbm,1.0,43,118,-1.9191914032191648,-1.419217075367618
v9,feat_gbm,1.0,43,119,-2.629716452420392,-1.4944271796191557
v9,feat_gbm,1.0,43,120,-3.0385750658134114,-2.797137626437216
v9,feat_gbm,1.0,43,121,0.8651221738214315,3.1321125804877905
v9,feat_gbm,1.0,43,122,-2.504513286320072,-3.164895556438051
v9,feat_gbm,1.0,43,123,0.29507467941198345,-0.021234684620174846
v9,feat_gbm,1.0,43,124,-1.5567190011693626,-1.246001114532972
v9,feat_gbm,1.0,43,125,-2.633728770285945,-2.7130193085566443
v9,feat_gbm,1.0,43,126,-2.272376077194601,-2.0560780011130944
v9,feat_gbm,1.0,43,127,-1.7184491346217619,-1.631222331554067
v9,feat_gbm,1.0,43,128,-2.6065269880136492,-3.477307725783656
v9,feat_gbm,1.0,43,129,1.2133510171872794,1.7007542891568868
v9,feat_gbm,1.0,43,130,-3.483429144266021,-3.4021624962570822
v9,feat_gbm,1.0,43,131,-3.4521090522787503,-3.701149444421242
v9,feat_gbm,1.0,43,132,0.018065306506126207,-0.4116741376471012
v9,feat_gbm,1.0,43,133,-0.6742324043020874,-0.5680375850475197
v9,feat_gbm,1.0,43,134,-1.1994559784031174,-1.4788189923590598
v9,feat_gbm,1.0,43,135,-2.6314674456755585,-2.9896549957503007
v9,feat_gbm,1.0,43,136,0.41250130210525227,0.11194117436713467
v9,feat_gbm,1.0,43,137,1.1402134503319274,1.7147062893715772
v9,feat_gbm,1.0,43,138,-1.9402889565335495,-1.9709125209383296
v9,feat_gbm,1.0,43,139,0.00813413912758113,0.19937477723826902
v9,feat_gbm,1.0,43,140,-2.5878522102399466,-2.8223726616431475
v9,feat_gbm,1.0,43,141,-0.1488072502712165,-0.12380828599000025
v9,feat_gbm,1.0,43,142,-3.1030626654701683,-2.97521232911642
v9,feat_gbm,1.0,43,143,-2.0634217757474302,-1.9484557479617686
v9,feat_gbm,1.0,43,144,0.926409332244732,1.244093655886106
v9,feat_gbm,1.0,43,145,-2.3085559152348627,-2.0280859266176816
v9,feat_gbm,1.0,43,146,-1.9461545023326334,-2.0754073031653366
v9,feat_gbm,1.0,43,147,0.13294013811786998,-0.11331641159387335
v9,feat_gbm,1.0,43,148,-2.2306602303915164,-2.620298039600635
v9,feat_gbm,1.0,43,149,-3.0483584911217294,-3.8395532227602396
v9,feat_gbm,1.0,43,150,-2.066953069473129,-2.149698272240366
v9,feat_gbm,1.0,43,151,-3.006026781524043,-3.1594376779318036
v9,feat_gbm,1.0,43,152,-2.0306137198963707,-2.7712141114581046
v9,feat_gbm,1.0,43,153,-1.1563328494247078,-1.1483368403810985
v9,feat_gbm,1.0,43,154,-1.1421612420918619,-1.4700676700115773
v9,feat_gbm,1.0,43,155,1.1560405803174225,1.4088416749712322
v9,feat_gbm,1.0,43,156,0.45547586962706466,0.7564704220494097
v9,feat_gbm,1.0,43,157,-2.5347902872957278,-1.7148995557963913
v9,feat_gbm,1.0,43,158,-2.2350397809301947,-2.8595355115547196
v9,feat_gbm,1.0,43,159,-1.0861630791293884,-0.9922400520728849
v9,feat_gbm,1.0,43,160,2.0925696292689664,1.8585227307534937
v9,feat_gbm,1.0,43,161,-2.238974800706077,-2.477654537850602
v9,feat_gbm,1.0,43,162,-2.5539491321473697,-2.993764039868935
v9,feat_gbm,1.0,43,163,-1.1756354973605934,-1.1722671160336509
v9,feat_gbm,1.0,43,164,-1.8787605081330192,-1.6577576086204497
v9,feat_gbm,1.0,43,165,-2.5738192599459038,-2.9770186999323642
v9,feat_gbm,1.0,43,166,-3.4036068654110805,-3.2329952824425443
v9,feat_gbm,1.0,43,167,-0.3018718603016433,0.19550508612775644
v9,feat_gbm,1.0,43,168,-0.9782674473970052,-1.2639642813248737
v9,feat_gbm,1.0,43,169,1.0139065123824338,1.4224064134580066
v9,feat_gbm,1.0,43,170,-2.516847112619706,-1.5303724784706008
v9,feat_gbm,1.0,43,171,0.6566077618427447,0.6086346650572224
v9,feat_gbm,1.0,43,172,0.03643364664522593,-0.052232489626048526
v9,feat_gbm,1.0,43,173,-0.9538974361441478,-0.19074605880313256
v9,feat_gbm,1.0,43,174,-2.541794079732119,-2.7678232596734214
v9,feat_gbm,1.0,43,175,-1.8221193227848216,-1.6557092188829319
v9,feat_gbm,1.0,43,176,0.45216492991267193,0.12081831439914445
v9,feat_gbm,1.0,43,177,0.4931579848532515,3.7031714993021168
v9,feat_gbm,1.0,43,178,-0.5046970528777674,-0.17761292562564054
v9,feat_gbm,1.0,43,179,-0.029896332692542663,0.2295122735959306
v9,feat_gbm,1.0,43,180,-1.702209693876319,-1.6401012725318311
v9,feat_gbm,1.0,43,181,-2.9249941798671397,-3.399461101549646
v9,feat_gbm,1.0,43,182,0.4064168102587283,0.5421608664871393
v9,feat_gbm,1.0,43,183,-4.055743754924069,-3.7858185839721776
v9,feat_gbm,1.0,43,184,0.3846995526311663,0.4440956773301304
v9,feat_gbm,1.0,43,185,0.21126606148777408,0.5450962365111649
v9,feat_gbm,1.0,43,186,-3.002534754301891,-3.094441269353033
v9,feat_gbm,1.0,43,187,0.7952627261377515,1.436275522654785
v9,feat_gbm,1.0,43,188,-0.12489850506614979,-0.003208414280501246
v9,feat_gbm,1.0,43,189,-2.0023811854079456,-2.0766448721687736
v9,feat_gbm,1.0,43,190,-3.0122743748749192,-2.887011097372245
v9,feat_gbm,1.0,43,191,-0.30850374396105684,-0.19564387773269687
v9,feat_gbm,1.0,43,192,-3.403938157869626,-3.39219136175158
v9,feat_gbm,1.0,43,193,-3.8977363037999435,-4.804455114758695
v9,feat_gbm,1.0,43,194,-0.20569829761641817,-0.23230879418151415
v9,feat_gbm,1.0,43,195,1.1854805442638838,0.7768952289284052
v9,feat_gbm,1.0,43,196,-3.6270918464218815,-3.0758975731441707
v9,feat_gbm,1.0,43,197,1.321479137500785,1.8852948766094535
v9,feat_gbm,1.0,43,198,-0.09674175235912356,-0.07474663349946693
v9,feat_gbm,1.0,43,199,1.4651097392520924,0.9295509098669842
v9,feat_gbm,1.0,43,200,-0.0003816027000347852,0.40408761039079466
v9,feat_gbm,1.0,43,201,-0.87782153447994,-1.0185563947000995
v9,feat_gbm,1.0,43,202,-1.2934024764695264,-1.5812541435625456
v9,feat_gbm,1.0,43,203,-2.0601619471728587,-2.9269603411540346
v9,feat_gbm,1.0,43,204,-0.07098916923295853,-0.9368237022381455
v9,feat_gbm,1.0,43,205,-0.4698927370260286,-0.771906247259438
v9,feat_gbm,1.0,43,206,-1.9975034062006694,-1.4457766532498904
v9,feat_gbm,1.0,43,207,-2.54275960954275,-2.4752738768021185
v9,feat_gbm,1.0,43,208,-2.5534589644957033,-2.8789590131308262
v9,feat_gbm,1.0,43,209,-2.3628252214990293,-2.6986856152036793
v9,feat_gbm,1.0,43,210,-0.026002267899119903,0.05837096406180189
v9,feat_gbm,1.0,43,211,-3.020357701294319,-2.2327070274631113
v9,feat_gbm,1.0,43,212,-0.1663449865813422,0.15758807445032513
v9,feat_gbm,1.0,43,213,0.6310309654976725,0.5234750924970406
v9,feat_gbm,1.0,43,214,0.8859173362914798,0.8312555987922697
v9,feat_gbm,1.0,43,215,-0.8279753019769941,-0.7699972654610447
v9,feat_gbm,1.0,43,216,-2.4005969100139546,-2.4368834827463726
v9,feat_gbm,1.0,43,217,-3.120792272090699,-3.7421886443248944
v9,feat_gbm,1.0,43,218,-3.7209055007512095,-4.3753265313120195
v9,feat_gbm,1.0,43,219,0.38746823532938285,0.13181597567614448
v9,feat_gbm,1.0,43,220,-2.3741718999941828,-2.150299196146146
v9,feat_gbm,1.0,43,221,0.40311879586563015,0.4316281043505307
v9,feat_gbm,1.0,43,222,0.23833732910099545,0.20581216265343685
v9,feat_gbm,1.0,43,223,-2.248082585328112,-1.7226779576420432
v9,feat_gbm,1.0,43,224,1.039486826641022,1.0701061526100661
v9,feat_gbm,1.0,43,225,-2.0111498372765335,-2.995983076644188
v9,feat_gbm,1.0,43,226,-0.22177312939994487,-0.39103048890459524
v9,feat_gbm,1.0,43,227,-2.4483599562090275,-2.811377433191803
v9,feat_gbm,1.0,43,228,-0.2505969912106522,0.1103569248772952
v9,feat_gbm,1.0,43,229,0.7619023255217744,1.0926797996732165
v9,feat_gbm,1.0,43,230,-1.0656607184113192,-1.1465469989616057
v9,feat_gbm,1.0,43,231,-3.485967081539315,-3.7045714701961474
v9,feat_gbm,1.0,43,232,-0.3097233494406686,-0.3205795311611984
v9,feat_gbm,1.0,43,233,-0.09388730683852971,-0.7282288274356463
v9,feat_gbm,1.0,43,234,-0.49241532401250787,-0.6143938277881194
v9,feat_gbm,1.0,43,235,-2.978875351587508,-3.717493513170671
v9,feat_gbm,1.0,43,236,-2.175065273849667,-1.894186438607053
v9,feat_gbm,1.0,43,237,-0.23019605401267568,0.19101892391720615
v9,feat_gbm,1.0,43,238,-2.159900708929394,-2.723653519266766
v9,feat_gbm,1.0,43,239,0.3081206370309438,0.28172679866345784
v9,feat_gbm,1.0,43,240,-1.0002875966550868,-0.570916259780521
v9,feat_gbm,1.0,43,241,-2.1598948131583513,-3.037607674189957
v9,feat_gbm,1.0,43,242,-2.6107585388002974,-2.4824067099880884
v9,feat_gbm,1.0,43,243,0.9833807336424055,1.793244191067856
v9,feat_gbm,1.0,43,244,-2.0062784054609213,-2.170563194223024
v9,feat_gbm,1.0,43,245,-2.3780587485444857,-2.5580286375581696
v9,feat_gbm,1.0,43,246,-2.855935646675703,-3.9013363177662743
v9,feat_gbm,1.0,43,247,-1.4265918804726319,-1.2689211715035387
v9,feat_gbm,1.0,43,248,-2.7404459838206177,-2.89795980370705
v9,feat_gbm,1.0,43,249,-0.9544265729211191,-1.149470325468549
v9,feat_gbm,1.0,43,250,-2.496330573916407,-2.1803876537888693
v9,feat_gbm,1.0,43,251,-0.921507639260116,-1.2010659028736028
v9,feat_gbm,1.0,43,252,-2.7606269229756726,-2.675840590612525
v9,feat_gbm,1.0,43,253,-0.8763870088158758,-0.865421424414132
v9,feat_gbm,1.0,43,254,-0.23346378846661636,-0.45089388998719687
v9,feat_gbm,1.0,43,255,-1.5193748374899725,-1.477655138121315
v9,feat_gbm,1.0,43,256,-2.084201300155292,-1.9234128661936198
v9,feat_gbm,1.0,43,257,-0.6160687788432606,-0.8895479413744646
v9,feat_gbm,1.0,43,258,-1.1794985957270074,-1.284701881398344
v9,feat_gbm,1.0,43,259,-0.3324064241009003,0.03791276039075724
v9,feat_gbm,1.0,43,260,-1.1192306755933772,-1.213907680807544
v9,feat_gbm,1.0,43,261,-0.5280168413076596,-0.6937064881158975
v9,feat_gbm,1.0,43,262,-2.317241863677279,-2.500344974429108
v9,feat_gbm,1.0,43,263,-3.356830041844725,-3.0782877743164985
v9,feat_gbm,1.0,43,264,-3.1419616954413017,-3.2702790535172426
v9,feat_gbm,1.0,43,265,-0.38267331446758956,-0.15746453031192983
v9,feat_gbm,1.0,43,266,-1.4940425535088568,-1.3930653126164372
v9,feat_gbm,1.0,43,267,-4.084443382594644,-3.460520174484755
v9,feat_gbm,1.0,43,268,-1.7965617858100233,-1.8115923421665279
v9,feat_gbm,1.0,43,269,-0.14345570203367633,-0.04785951915829837
v9,feat_gbm,1.0,43,270,-1.0322475400197957,-1.3387838926701625
v9,feat_gbm,1.0,43,271,0.7684531567978861,0.6172482925771328
v9,feat_gbm,1.0,43,272,0.0318360071884756,0.10718580269537517
v9,feat_gbm,1.0,43,273,-2.804491070232959,-2.4250613993713395
v9,feat_gbm,1.0,43,274,0.12505334318823896,-0.4656136934058211
v9,feat_gbm,1.0,43,275,-1.851388404803355,-1.7679071058666047
v9,feat_gbm,1.0,43,276,-0.09773240113501114,-0.15192249005847586
v9,feat_gbm,1.0,43,277,-0.43999305878231104,-0.22686658439221394
v9,feat_gbm,1.0,43,278,-0.8259852207288384,-0.3963273628232521
v9,feat_gbm,1.0,43,279,-2.6703179807745108,-2.1916982233579314
v9,feat_gbm,1.0,43,280,0.38724394716189237,0.5138857123822332
v9,feat_gbm,1.0,43,281,0.4046583127989568,0.13501120436460418
v9,feat_gbm,1.0,43,282,-0.021709207611460727,-0.35232291748203215
v9,feat_gbm,1.0,43,283,0.45966894625654464,0.33710059568630363
v9,feat_gbm,1.0,43,284,1.3849983309549971,2.2269494594330284
v9,feat_gbm,1.0,43,285,-0.4209849708193202,-0.8523290277873723
v9,feat_gbm,1.0,43,286,0.2869363063420244,0.5032694866056324
v9,feat_gbm,1.0,43,287,-3.72588819425382,-3.0734310124071125
v9,feat_gbm,1.0,43,288,-3.00705664324061,-3.0969464995649485
v9,feat_gbm,1.0,43,289,0.2955214015660303,0.8088909840914691
v9,feat_gbm,1.0,43,290,-2.002831490608305,-1.710735902712342
v9,feat_gbm,1.0,43,291,-0.11749004239398073,-0.24588513525180683
v9,feat_gbm,1.0,43,292,-2.8842694473222004,-2.9910915714149957
v9,feat_gbm,1.0,43,293,-0.2040974820142435,0.24397961438558982
v9,feat_gbm,1.0,43,294,0.6316528217874692,0.9827222917401395
v9,feat_gbm,1.0,43,295,0.6679867266696403,1.5399914318848642
v9,feat_gbm,1.0,43,296,-2.8165481242174555,-3.028104854063688
v9,feat_gbm,1.0,43,297,-2.16666772606164,-1.9675880903276046
v9,feat_gbm,1.0,43,298,0.49037435116587946,0.3882116190950413
v9,feat_gbm,1.0,43,299,-0.7403079112623957,-0.4169590587595381
v9,feat_gbm,1.0,43,300,-0.5508029245402827,-0.47104701624968015
v9,feat_gbm,1.0,43,301,-0.7002476614954856,-0.5788171023402015
v9,feat_gbm,1.0,43,302,-3.514947953194325,-3.325334912618423
v9,feat_gbm,1.0,43,303,0.0716761289702791,0.27214776974989446
v9,feat_gbm,1.0,43,304,0.047021933516622184,0.2838761456734127
v9,feat_gbm,1.0,43,305,0.6058269745485416,0.98356576927226
v9,feat_gbm,1.0,43,306,-1.8942008833853574,-2.324804251846344
v9,feat_gbm,1.0,43,307,-0.040884074113450894,-0.30060412365222405
v9,feat_gbm,1.0,43,308,-3.948487841375073,-3.5706943269006843
v9,feat_gbm,1.0,43,309,0.2532914511926323,0.7657986236992217
v9,feat_gbm,1.0,43,310,-0.8868730217333805,-0.3760212383278314
v9,feat_gbm,1.0,43,311,0.9615846318543665,0.903367601886353
v9,feat_gbm,1.0,43,312,0.7745072032150065,0.2834145554969618
v9,feat_gbm,1.0,43,313,-0.732708155065019,-0.8750381269167363
v9,feat_gbm,1.0,43,314,-1.861041623477035,-0.8911054934067958
v9,feat_gbm,1.0,43,315,0.33527731704169167,0.2699623908229132
v9,feat_gbm,1.0,43,316,-3.61728364729974,-4.034449774534175
v9,feat_gbm,1.0,43,317,0.21594160576744717,0.7302045063515665
v9,feat_gbm,1.0,43,318,-2.382181375650798,-2.5264159394565007
v9,feat_gbm,1.0,43,319,-3.0470664095256903,-3.1280680478747835
v9,feat_gbm,1.0,43,320,-0.0029703115552466913,-0.623194388118803
v9,feat_gbm,1.0,43,321,-3.882016309494267,-4.172922463867305
v9,feat_gbm,1.0,43,322,1.0271071402967866,1.0714029341973417
v9,feat_gbm,1.0,43,323,-2.630652045665973,-2.5538050374755565
v9,feat_gbm,1.0,43,324,-1.8055778138100558,-1.5310020975326282
v9,feat_gbm,1.0,43,325,-0.45097033520897295,-0.735749980772127
v9,feat_gbm,1.0,43,326,-0.8068738192993901,-0.5010306012352705
v9,feat_gbm,1.0,43,327,-3.824565045199223,-4.393123087746285
v9,feat_gbm,1.0,43,328,0.7090833280548462,0.6439364857563509
v9,feat_gbm,1.0,43,329,-3.022632031370879,-2.60760252445046
v9,feat_gbm,1.0,43,330,0.5866259484246071,0.46983427811083467
v9,feat_gbm,1.0,43,331,-0.811115432575551,-1.149354435920189
v9,feat_gbm,1.0,43,332,-2.3223948627875024,-1.0961264399974935
v9,feat_gbm,1.0,43,333,0.8390486793783504,1.4253561556633074
v9,feat_gbm,1.0,43,334,0.988150594062783,1.0406546288822482
v9,feat_gbm,1.0,43,335,-0.8001918973023031,-0.1286217558512718
v9,feat_gbm,1.0,43,336,-1.4950420646763711,-1.7275974260064488
v9,feat_gbm,1.0,43,337,-3.0003654038993717,-4.535227665039715
v9,feat_gbm,1.0,43,338,-0.2596715861953845,-1.078833843619319
v9,feat_gbm,1.0,43,339,-1.789817776698952,-2.035297396751524
v9,feat_gbm,1.0,43,340,0.41485230949531293,0.4788286932125707
v9,feat_gbm,1.0,43,341,-0.6813372539958179,-0.4595082096564039
v9,feat_gbm,1.0,43,342,-3.8500663533651087,-3.653430804591794
v9,feat_gbm,1.0,43,343,0.4889771568896669,0.2834522663037432
v9,feat_gbm,1.0,43,344,0.09228501834799198,-0.15984972455285287
v9,feat_gbm,1.0,43,345,-2.616429553677709,-3.8822970119574354
v9,feat_gbm,1.0,43,346,-2.7061781258429405,-2.5801989990218064
v9,feat_gbm,1.0,43,347,-3.4885454795332627,-3.2622630695286134
v9,feat_gbm,1.0,43,348,-0.8539708126467982,-0.4894561152880944
v9,feat_gbm,1.0,43,349,-3.856658678691508,-3.0223552414624764
v9,feat_gbm,1.0,43,350,0.5278751991345729,0.4215072765335228
v9,feat_gbm,1.0,43,351,-1.9071627701573344,-1.8152752103400673
v9,feat_gbm,1.0,43,352,0.8590361069239497,1.102263670511441
v9,feat_gbm,1.0,43,353,1.10595876303231,1.4454852001466738
v9,feat_gbm,1.0,43,354,-3.1752347340136216,-3.6770060333191017
v9,feat_gbm,1.0,43,355,-3.345294427373189,-5.078652858832153
v9,feat_gbm,1.0,43,356,0.22738012192644794,0.7815322159665122
v9,feat_gbm,1.0,43,357,0.4063194464114336,0.6775133790495483
v9,feat_gbm,1.0,43,358,-3.5258506766253666,-3.5163570325540956
v9,feat_gbm,1.0,43,359,-3.002240693360192,-4.157760523739404
v9,feat_gbm,1.0,43,360,-0.3840094279797296,-0.18386357284099003
v9,feat_gbm,1.0,43,361,-3.655536932037162,-4.477383009144865
v9,feat_gbm,1.0,43,362,0.029466101487081373,0.2909126951240761
v9,feat_gbm,1.0,43,363,-3.330053865556059,-3.5121531596302606
v9,feat_gbm,1.0,43,364,0.23617405134880728,-0.0019354464452207268
v9,feat_gbm,1.0,43,365,-3.16383687341299,-3.264666087597375
v9,feat_gbm,1.0,43,366,-1.0768324830549636,-1.4961090632143375
v9,feat_gbm,1.0,43,367,-0.1533656349666037,-0.10305907560987346
v9,feat_gbm,1.0,43,368,0.05066601971555345,0.24601275195113992
v9,feat_gbm,1.0,43,369,-2.151747848910808,-1.6400355118163064
v9,feat_gbm,1.0,43,370,-1.2356346531994893,-1.5399226532969161
v9,feat_gbm,1.0,43,371,-0.2788762064453696,-0.3336387161155974
v9,feat_gbm,1.0,43,372,0.3325232509273034,0.3185760540422761
v9,feat_gbm,1.0,43,373,-0.4986382339842452,-0.30756424411789
v9,feat_gbm,1.0,43,374,-3.86107110254361,-3.551435429619069
v9,feat_gbm,1.0,43,375,0.25928087680822015,-0.12846918127015178
v9,feat_gbm,1.0,43,376,0.6035070665087097,0.43413099611324796
v9,feat_gbm,1.0,43,377,0.4689860651615012,0.8095384731463161
v9,feat_gbm,1.0,43,378,0.22053608013661716,0.20303525329731625
v9,feat_gbm,1.0,43,379,0.41825447282143735,0.524784145223057
v9,feat_gbm,1.0,43,380,0.349698715879235,0.8722609808312535
v9,feat_gbm,1.0,43,381,0.7653624889037511,1.0190202163897197
v9,feat_gbm,1.0,43,382,0.4341938812042025,1.2715191268303472
v9,feat_gbm,1.0,43,383,-0.033388648489647,-0.13923746667536385
v9,feat_gbm,1.0,43,384,-1.4226739616940516,-1.7983983483294153
v9,feat_gbm,1.0,43,385,0.22313654750404027,0.5606037150840157
v9,feat_gbm,1.0,43,386,0.6231881263570179,0.6003456151224621
v9,feat_gbm,1.0,43,387,0.8084679342147693,1.3071718981356573
v9,feat_gbm,1.0,43,388,-0.09067699426063013,-0.19457283568776126
v9,feat_gbm,1.0,43,389,-1.7250743921525615,-0.981880356960367
v9,feat_gbm,1.0,43,390,-3.2374295809933673,-2.628024059072158
v9,feat_gbm,1.0,43,391,-2.731434325999219,-2.479262758098376
v9,feat_gbm,1.0,43,392,-2.0487348222210895,-2.207941629114672
v9,feat_gbm,1.0,43,393,-2.809965308910957,-2.806586620215901
v9,feat_gbm,1.0,43,394,0.14897381453814726,-0.16842623590390868
v9,feat_gbm,1.0,43,395,0.5385732918756185,0.3596423409999632
v9,feat_gbm,1.0,43,396,-2.0233240899594183,-3.117667066362407
v9,feat_gbm,1.0,43,397,0.9250345489342151,0.6134086288650079
v9,feat_gbm,1.0,43,398,0.3517539287685432,0.5049020087080688
v9,feat_gbm,1.0,43,399,-1.2795831694499897,-1.0548605918119196
v9,feat_gbm,1.0,43,400,-2.78301348866563,-2.877676775828332
v9,feat_gbm,1.0,43,401,0.1534855868156896,0.015654415635624343
v9,feat_gbm,1.0,43,402,-0.5745942011816934,-0.7027824676465185
v9,feat_gbm,1.0,43,403,0.4663348673426147,0.6733427913489138
v9,feat_gbm,1.0,43,404,0.14761584850608503,0.03259550049258387
v9,feat_gbm,1.0,43,405,-3.473789360723433,-3.4179416205706223
v9,feat_gbm,1.0,43,406,-1.3266187141456514,-1.6563158072976616
v9,feat_gbm,1.0,43,407,0.17769055326529629,0.3281041495218151
v9,feat_gbm,1.0,43,408,-1.6693897025368498,-1.498502430121411
v9,feat_gbm,1.0,43,409,-1.6984596712679574,-1.5390850133499359
v9,feat_gbm,1.0,43,410,-2.4565568949417282,-3.8769914364338094
v9,feat_gbm,1.0,43,411,-1.4082601462198014,-1.1093409530974205
v9,feat_gbm,1.0,43,412,-2.092455074487672,-2.1356441225652167
v9,feat_gbm,1.0,43,413,0.5218304813076717,0.5613925387002681
v9,feat_gbm,1.0,43,414,-2.344432495010099,-2.672303525149137
v9,feat_gbm,1.0,43,415,0.8541838360368277,0.9887747910888531
v9,feat_gbm,1.0,43,416,-1.918039448978624,-2.064740642123073
v9,feat_gbm,1.0,43,417,-0.8378642976201088,-0.13534283366780814
v9,feat_gbm,1.0,43,418,0.19368859809572272,0.5266566940316069
v9,feat_gbm,1.0,43,419,-0.7218657417412094,-0.7929716308762645
v9,feat_gbm,1.0,43,420,-0.07182688899807496,0.22081989653443584
v9,feat_gbm,1.0,43,421,-3.710966027366978,-3.4911396429773087
v9,feat_gbm,1.0,43,422,0.03961419975640457,0.4691563032653497
v9,feat_gbm,1.0,43,423,0.12369705380687868,-0.21242164749251408
v9,feat_gbm,1.0,43,424,-2.4311820839781904,-2.0235730224261497
v9,feat_gbm,1.0,43,425,-0.2256444482418837,0.1881042769243711
v9,feat_gbm,1.0,43,426,-0.8525784431092729,-0.7546830882020855
v9,feat_gbm,1.0,43,427,-2.288002402800628,-2.004418163271322
v9,feat_gbm,1.0,43,428,0.07706603512181875,0.08108350485015015
v9,feat_gbm,1.0,43,429,-1.4695241075427932,-0.8958783842144782
v9,feat_gbm,1.0,43,430,-0.45227746917905853,-0.700178367515834
v9,feat_gbm,1.0,43,431,-2.3245011774721682,-2.026447754843476
v9,feat_gbm,1.0,43,432,-2.9613065662880103,-3.3644112924118934
v9,feat_gbm,1.0,43,433,-2.1263908017683715,-2.4777804975332844
v9,feat_gbm,1.0,43,434,-3.5915962148638076,-3.6407879329147783
v9,feat_gbm,1.0,43,435,0.42338494448714264,0.8140524350977956
v9,feat_gbm,1.0,43,436,-0.42943921174377286,-0.6342245759550225
v9,feat_gbm,1.0,43,437,-1.438226882034749,-1.0170271575608654
v9,feat_gbm,1.0,43,438,0.9088031638787196,1.2058566336630974
v9,feat_gbm,1.0,43,439,0.8278537293582535,1.04159183954478
v9,feat_gbm,1.0,43,440,-1.0381520292265713,-0.383754051292973
v9,feat_gbm,1.0,43,441,1.044729713810336,0.9717849563735496
v9,feat_gbm,1.0,43,442,0.7879362995631819,0.915394257773604
v9,feat_gbm,1.0,43,443,0.11453110539126876,0.17619398118278368
v9,feat_gbm,1.0,43,444,-2.464045625982543,-2.3026142847949007
v9,feat_gbm,1.0,43,445,-1.2140157163381966,-2.156995715227189
v9,feat_gbm,1.0,43,446,-2.460904727841234,-1.9647154613855007
v9,feat_gbm,1.0,43,447,-1.0922852694141674,-1.2167428909736953
v9,feat_gbm,1.0,43,448,-0.40452938785386555,0.371748058948411
v9,feat_gbm,1.0,43,449,-3.6118059199190418,-3.354914600670279
v9,feat_gbm,1.0,43,450,-2.7604004256654378,-2.0984010901330774
v9,feat_gbm,1.0,43,451,-1.6519711653193676,-1.8411195968283314
v9,feat_gbm,1.0,43,452,-0.023127610410776964,-0.2866386615093297
v9,feat_gbm,1.0,43,453,-1.4088521931813893,-2.1769502099219324
v9,feat_gbm,1.0,43,454,-0.005088567380576815,0.851829112076475
v9,feat_gbm,1.0,43,455,0.24360549910131335,-0.5174982843777256
v9,feat_gbm,1.0,43,456,-2.6366306022858104,-3.7883351795095335
v9,feat_gbm,1.0,43,457,-1.0202363157498233,-1.3225504843777425
v9,feat_gbm,1.0,43,458,-0.6133932841026488,-0.6304710111145473
v9,feat_gbm,1.0,43,459,-3.2839296419832578,-2.867776928577639
v9,feat_gbm,1.0,43,460,-0.6413795130056841,-0.20106453453544149
v9,feat_gbm,1.0,43,461,0.4383627930634962,0.565413433251147
v9,feat_gbm,1.0,43,462,0.28854609220891436,0.6531860801292728
v9,feat_gbm,1.0,43,463,-3.2958869261182047,-3.295531334571209
v9,feat_gbm,1.0,43,464,-1.2360772870783192,-1.118951529136503
v9,feat_gbm,1.0,43,465,-0.09974744412855362,0.08535922256033004
v9,feat_gbm,1.0,43,466,-0.26088170558612367,0.2656879386171551
v9,feat_gbm,1.0,43,467,-0.9539879377672741,-1.0764680911985907
v9,feat_gbm,1.0,43,468,1.0021139635619942,2.2503813782282114
v9,feat_gbm,1.0,43,469,0.06813015247500534,-0.029700274932011248
v9,feat_gbm,1.0,43,470,-2.3110712594824467,-2.1918010579584375
v9,feat_gbm,1.0,43,471,-0.1800937489357115,-0.12537364897776127
v9,feat_gbm,1.0,43,472,-1.4202518787610823,-1.3714574409892777
v9,feat_gbm,1.0,43,473,-1.7391998701894984,-1.0216450817816245
v9,feat_gbm,1.0,43,474,-0.720905017235823,-0.8313233833759152
v9,feat_gbm,1.0,43,475,-3.3152017055133145,-3.25243582884057
v9,feat_gbm,1.0,43,476,0.5166181416368204,0.8737365575305754
v9,feat_gbm,1.0,43,477,-2.1338219519208974,-1.8373017486027088
v9,feat_gbm,1.0,43,478,-1.4863570017823988,-1.909749317133085
v9,feat_gbm,1.0,43,479,0.2091784149598699,0.418341725137149
v9,feat_gbm,1.0,43,480,-2.238752100854171,-2.8689304810445995
v9,feat_gbm,1.0,43,481,-4.4755514323273236,-3.9192950012633494
v9,feat_gbm,1.0,43,482,0.536335752312307,0.8191907452202399
v9,feat_gbm,1.0,43,483,-2.9374648711830686,-2.7371748494528005
v9,feat_gbm,1.0,43,484,0.008099390002749165,0.043868991079412875
v9,feat_gbm,1.0,43,485,-2.7848194838211806,-3.9571024828402512
v9,feat_gbm,1.0,43,486,-1.0224946097423815,-0.8286091055291892
v9,feat_gbm,1.0,43,487,1.4301217719552457,1.1086460137612473
v9,feat_gbm,1.0,43,488,-1.1574608814443073,-1.0899995989348372
v9,feat_gbm,1.0,43,489,-2.901527694374041,-2.9260181182274523
v9,feat_gbm,1.0,43,490,0.14231201270889815,0.01778898425240747
v9,feat_gbm,1.0,43,491,-0.4695153134282753,-0.388546054063584
v9,feat_gbm,1.0,43,492,-0.7746216906471985,-0.8483910406321095
v9,feat_gbm,1.0,43,493,-2.6677365786371334,-2.4855190663855797
v9,feat_gbm,1.0,43,494,-0.18733164680074224,-0.6027729178489412
v9,feat_gbm,1.0,43,495,-1.1921862516111417,-1.5285925057254015
v9,feat_gbm,1.0,43,496,0.5241686515228647,1.0092174422839322
v9,feat_gbm,1.0,43,497,-2.3623514710635303,-2.421052301727873
v9,feat_gbm,1.0,43,498,-3.116435352174167,-3.2283141264699093
v9,feat_gbm,1.0,43,499,-3.7012557005493143,-4.907212199848568
v9,feat_gbm,1.0,44,0,-0.1636984187294768,0.03894909458183669
v9,feat_gbm,1.0,44,1,-2.3501270582235887,-2.5052564746229193
v9,feat_gbm,1.0,44,2,0.5253732687383287,0.6287827851917782
v9,feat_gbm,1.0,44,3,-3.1417622934027687,-3.3447289283878643
v9,feat_gbm,1.0,44,4,0.9485023378222766,0.9694015026406426
v9,feat_gbm,1.0,44,5,-2.4118119828283935,-2.4693709778233526
v9,feat_gbm,1.0,44,6,-0.05169017469281428,-0.2819211013310965
v9,feat_gbm,1.0,44,7,0.4409290990448861,0.5289578846490461
v9,feat_gbm,1.0,44,8,0.5975980510882162,0.032863622186365654
v9,feat_gbm,1.0,44,9,0.7949735358975774,0.9352707853930591
v9,feat_gbm,1.0,44,10,-1.9046309628948217,-1.5987558134683666
v9,feat_gbm,1.0,44,11,-2.847223874776431,-3.2678706438993954
v9,feat_gbm,1.0,44,12,-2.06788689523321,-2.445380546146449
v9,feat_gbm,1.0,44,13,-0.26708079371769744,-0.4471217519653716
v9,feat_gbm,1.0,44,14,-1.55950371001143,-1.8343062920535937
v9,feat_gbm,1.0,44,15,-2.518673606658186,-2.278287047942225
v9,feat_gbm,1.0,44,16,-1.0746839600962705,-1.113015507562239
v9,feat_gbm,1.0,44,17,-1.0118383265025161,-1.149386040828735
v9,feat_gbm,1.0,44,18,-0.38060794183704727,-0.4541092694382234
v9,feat_gbm,1.0,44,19,-2.9415989648609933,-2.8798658660471284
v9,feat_gbm,1.0,44,20,-3.387469459232736,-3.281006200299989
v9,feat_gbm,1.0,44,21,-0.7506814840910773,-0.7889402030111288
v9,feat_gbm,1.0,44,22,-1.1054761038807246,-0.48114593055133975
v9,feat_gbm,1.0,44,23,-2.4817609817043054,-2.8038114998165153
v9,feat_gbm,1.0,44,24,-2.4634604971464533,-2.6726430450531393
v9,feat_gbm,1.0,44,25,-2.883560380976852,-3.141178249464176
v9,feat_gbm,1.0,44,26,-3.4691740435873677,-3.8612362310489847
v9,feat_gbm,1.0,44,27,-2.687246220942582,-3.085821277369337
v9,feat_gbm,1.0,44,28,-2.0633475233033005,-2.1153791712035637
v9,feat_gbm,1.0,44,29,-1.3399440569445609,-0.5854112868629942
v9,feat_gbm,1.0,44,30,0.0967813548324,0.13849791927417068
v9,feat_gbm,1.0,44,31,-3.140724217797805,-2.779654184179668
v9,feat_gbm,1.0,44,32,1.3172479417353933,0.9166392391011026
v9,feat_gbm,1.0,44,33,-1.5589810226642378,-2.134444297962007
v9,feat_gbm,1.0,44,34,0.5851309203482948,1.1224191581864646
v9,feat_gbm,1.0,44,35,-2.2848142465049768,-2.7514680837461087
v9,feat_gbm,1.0,44,36,0.8093305546837823,0.7493710802437775
v9,feat_gbm,1.0,44,37,-2.117822948410263,-2.157600461660938
v9,feat_gbm,1.0,44,38,-1.8672476879080078,-1.7436371170468024
v9,feat_gbm,1.0,44,39,0.713795557772176,0.632388610685479
v9,feat_gbm,1.0,44,40,-1.1264804045993193,-1.5024753827969588
v9,feat_gbm,1.0,44,41,-3.0540567024832046,-2.936018587066778
v9,feat_gbm,1.0,44,42,-0.1985146015402691,-0.06406961406287034
v9,feat_gbm,1.0,44,43,-0.519356637982602,-0.43711075337934485
v9,feat_gbm,1.0,44,44,0.16702696344245752,0.521724778538647
v9,feat_gbm,1.0,44,45,0.5249432144812713,-0.02881562555915001
v9,feat_gbm,1.0,44,46,-2.9171458137946096,-2.6856700943784895
v9,feat_gbm,1.0,44,47,-3.48480797163615,-3.3419513202228783
v9,feat_gbm,1.0,44,48,-0.3084552220632306,-0.35240032436669677
v9,feat_gbm,1.0,44,49,-3.365416110376051,-4.466027560457086
v9,feat_gbm,1.0,44,50,-0.8493321160203001,-1.2227887404747313
v9,feat_gbm,1.0,44,51,-3.236454204773857,-4.168130875201601
v9,feat_gbm,1.0,44,52,-2.5950179772921445,-2.1825653069440887
v9,feat_gbm,1.0,44,53,-2.8538206963264043,-2.816977102698189
v9,feat_gbm,1.0,44,54,-0.9445375316032824,-0.9520374156321785
v9,feat_gbm,1.0,44,55,0.5556852677036928,0.800460094219776
v9,feat_gbm,1.0,44,56,0.24627985905596755,0.2782562560211116
v9,feat_gbm,1.0,44,57,0.07293759439053536,-0.7855200046266205
v9,feat_gbm,1.0,44,58,-2.725740311611951,-2.837973637743256
v9,feat_gbm,1.0,44,59,0.24791266873595333,0.3653424354755994
v9,feat_gbm,1.0,44,60,-3.0943466857434556,-3.145987746693799
v9,feat_gbm,1.0,44,61,-2.0990413022233168,-2.1381844357326614
v9,feat_gbm,1.0,44,62,0.6858364127854066,0.3908315550690521
v9,feat_gbm,1.0,44,63,-3.3077296914024075,-3.259739876316779
v9,feat_gbm,1.0,44,64,-3.9143687974572248,-3.799325775609258
v9,feat_gbm,1.0,44,65,-0.32749297125626153,0.2842997557356093
v9,feat_gbm,1.0,44,66,0.4749933259193272,0.9099380077885143
v9,feat_gbm,1.0,44,67,0.256530291867231,0.5741223235018287
v9,feat_gbm,1.0,44,68,1.0604819370889802,1.3807263582335993
v9,feat_gbm,1.0,44,69,0.5445417878408049,2.7357387204405055
v9,feat_gbm,1.0,44,70,-0.07781552005728835,-0.3782017485149665
v9,feat_gbm,1.0,44,71,-0.643947512472054,-0.6946521973220513
v9,feat_gbm,1.0,44,72,-3.2618197185200875,-3.510295151868067
v9,feat_gbm,1.0,44,73,-0.31552260692438716,-0.3643686170400702
v9,feat_gbm,1.0,44,74,1.3819026845104516,1.1835884152793859
v9,feat_gbm,1.0,44,75,0.18328280798220922,-0.38644824542838596
v9,feat_gbm,1.0,44,76,0.24242497548533182,0.7005004452467647
v9,feat_gbm,1.0,44,77,0.38559651883934254,0.3770911051312199
v9,feat_gbm,1.0,44,78,-0.5263465266926356,-0.5374783823521183
v9,feat_gbm,1.0,44,79,-2.6069058814021955,-3.2499450611549854
v9,feat_gbm,1.0,44,80,-1.9022193584876765,-1.719925172279684
v9,feat_gbm,1.0,44,81,1.1077268184639746,1.8185710395242058
v9,feat_gbm,1.0,44,82,-0.9468326491651295,-1.0758778979961314
v9,feat_gbm,1.0,44,83,-0.5199142512481977,-0.8033140510569362
v9,feat_gbm,1.0,44,84,-2.4341594487134164,-2.0837035815006346
v9,feat_gbm,1.0,44,85,-1.0154434579293434,-1.2430797823904942
v9,feat_gbm,1.0,44,86,0.7927231623288206,0.639317965424242
v9,feat_gbm,1.0,44,87,-0.3625873693652969,-0.02321591952008587
v9,feat_gbm,1.0,44,88,-3.147091252037091,-3.512086916650174
v9,feat_gbm,1.0,44,89,-1.505887919305265,-1.684363733317816
v9,feat_gbm,1.0,44,90,-3.7241320173338277,-3.5341996208099964
v9,feat_gbm,1.0,44,91,0.9440308787005786,1.1574629997660548
v9,feat_gbm,1.0,44,92,-1.4478524899917924,-0.7651863719989663
v9,feat_gbm,1.0,44,93,-4.700064647876577,-5.7708125015304885
v9,feat_gbm,1.0,44,94,0.011242980433021887,0.07374698385127064
v9,feat_gbm,1.0,44,95,0.3903455776810678,1.201566413592891
v9,feat_gbm,1.0,44,96,1.3744280955726662,1.2655480006709303
v9,feat_gbm,1.0,44,97,-3.5161216424190274,-3.2217777708537843
v9,feat_gbm,1.0,44,98,-1.642916950135789,-1.2120387208328698
v9,feat_gbm,1.0,44,99,-0.42715118987856315,-0.04015373686183237
v9,feat_gbm,1.0,44,100,-2.4438255221486425,-2.8384481914339785
v9,feat_gbm,1.0,44,101,-3.0607843957233447,-3.541068619782685
v9,feat_gbm,1.0,44,102,-4.059252547948818,-4.424727465058162
v9,feat_gbm,1.0,44,103,-0.7202298269176867,-0.7652009130347144
v9,feat_gbm,1.0,44,104,-0.9201820958897955,-0.406664655497914
v9,feat_gbm,1.0,44,105,-2.5351726574504103,-2.8019031633754246
v9,feat_gbm,1.0,44,106,-1.0372801929683522,-1.1978192780958505
v9,feat_gbm,1.0,44,107,-1.3995382807708099,-1.2497822804421463
v9,feat_gbm,1.0,44,108,0.01687305476719843,-0.2003702404752673
v9,feat_gbm,1.0,44,109,-0.3887666567681267,-0.28745536208379296
v9,feat_gbm,1.0,44,110,0.6309003282880843,0.2838469771831524
v9,feat_gbm,1.0,44,111,0.24318885490534617,0.6579850926301614
v9,feat_gbm,1.0,44,112,-0.3143634916088274,-0.4279263804064609
v9,feat_gbm,1.0,44,113,0.026440890781940563,0.527327823801956
v9,feat_gbm,1.0,44,114,-3.6796843729800943,-3.652947895428966
v9,feat_gbm,1.0,44,115,-1.1029754935501457,-0.04287987221360797
v9,feat_gbm,1.0,44,116,-3.7804478213746364,-3.4409421360670214
v9,feat_gbm,1.0,44,117,-2.5334769820702565,-2.4284095097884006
v9,feat_gbm,1.0,44,118,-1.926149537199303,-1.419217075367618
v9,feat_gbm,1.0,44,119,-2.5385134608485154,-1.4944271796191557
v9,feat_gbm,1.0,44,120,-2.939997107832652,-2.797137626437216
v9,feat_gbm,1.0,44,121,0.757960610835223,3.1321125804877905
v9,feat_gbm,1.0,44,122,-2.4510358702350707,-3.164895556438051
v9,feat_gbm,1.0,44,123,0.32312028546731775,-0.021234684620174846
v9,feat_gbm,1.0,44,124,-1.5884864920165165,-1.246001114532972
v9,feat_gbm,1.0,44,125,-2.5888252771241267,-2.7130193085566443
v9,feat_gbm,1.0,44,126,-2.0950500869079254,-2.0560780011130944
v9,feat_gbm,1.0,44,127,-1.6057844969559545,-1.631222331554067
v9,feat_gbm,1.0,44,128,-3.0494739780792957,-3.477307725783656
v9,feat_gbm,1.0,44,129,1.332707652149319,1.7007542891568868
v9,feat_gbm,1.0,44,130,-3.5391878390913307,-3.4021624962570822
v9,feat_gbm,1.0,44,131,-3.4519024726118355,-3.701149444421242
v9,feat_gbm,1.0,44,132,-0.4061920577265531,-0.4116741376471012
v9,feat_gbm,1.0,44,133,-0.7045352243205008,-0.5680375850475197
v9,feat_gbm,1.0,44,134,-1.184694228707079,-1.4788189923590598
v9,feat_gbm,1.0,44,135,-2.5046578285526953,-2.9896549957503007
v9,feat_gbm,1.0,44,136,0.434734352615081,0.11194117436713467
v9,feat_gbm,1.0,44,137,1.166154894911805,1.7147062893715772
v9,feat_gbm,1.0,44,138,-2.153355441533087,-1.9709125209383296
v9,feat_gbm,1.0,44,139,-0.023927055853180373,0.19937477723826902
v9,feat_gbm,1.0,44,140,-2.736316851384368,-2.8223726616431475
v9,feat_gbm,1.0,44,141,-0.16229061470517317,-0.12380828599000025
v9,feat_gbm,1.0,44,142,-3.038941093626324,-2.97521232911642
v9,feat_gbm,1.0,44,143,-2.1254649699185344,-1.9484557479617686
v9,feat_gbm,1.0,44,144,1.0501265536718039,1.244093655886106
v9,feat_gbm,1.0,44,145,-2.199780855874393,-2.0280859266176816
v9,feat_gbm,1.0,44,146,-1.9603596188159316,-2.0754073031653366
v9,feat_gbm,1.0,44,147,-0.06929931902876679,-0.11331641159387335
v9,feat_gbm,1.0,44,148,-1.9367514589285848,-2.620298039600635
v9,feat_gbm,1.0,44,149,-2.9293675264984556,-3.8395532227602396
v9,feat_gbm,1.0,44,150,-1.9133285860905689,-2.149698272240366
v9,feat_gbm,1.0,44,151,-2.9347627230437583,-3.1594376779318036
v9,feat_gbm,1.0,44,152,-2.2791906169311913,-2.7712141114581046
v9,feat_gbm,1.0,44,153,-1.4145499273992037,-1.1483368403810985
v9,feat_gbm,1.0,44,154,-1.049813069282579,-1.4700676700115773
v9,feat_gbm,1.0,44,155,1.1782767779759553,1.4088416749712322
v9,feat_gbm,1.0,44,156,0.5124766360961004,0.7564704220494097
v9,feat_gbm,1.0,44,157,-2.41324028503418,-1.7148995557963913
v9,feat_gbm,1.0,44,158,-2.0735738791654246,-2.8595355115547196
v9,feat_gbm,1.0,44,159,-1.4348419550751572,-0.9922400520728849
v9,feat_gbm,1.0,44,160,1.8310232683468985,1.8585227307534937
v9,feat_gbm,1.0,44,161,-2.3317421402183505,-2.477654537850602
v9,feat_gbm,1.0,44,162,-2.494097719203563,-2.993764039868935
v9,feat_gbm,1.0,44,163,-1.122258558712309,-1.1722671160336509
v9,feat_gbm,1.0,44,164,-1.7199388299045957,-1.6577576086204497
v9,feat_gbm,1.0,44,165,-2.5429194149452106,-2.9770186999323642
v9,feat_gbm,1.0,44,166,-3.4145426615381647,-3.2329952824425443
v9,feat_gbm,1.0,44,167,-0.35559490626393386,0.19550508612775644
v9,feat_gbm,1.0,44,168,-0.8908685680858919,-1.2639642813248737
v9,feat_gbm,1.0,44,169,1.2895460922561013,1.4224064134580066
v9,feat_gbm,1.0,44,170,-2.369654084444548,-1.5303724784706008
v9,feat_gbm,1.0,44,171,0.4554723228467996,0.6086346650572224
v9,feat_gbm,1.0,44,172,0.016038537891841974,-0.052232489626048526
v9,feat_gbm,1.0,44,173,-1.0967650798962814,-0.19074605880313256
v9,feat_gbm,1.0,44,174,-2.695525985853752,-2.7678232596734214
v9,feat_gbm,1.0,44,175,-2.144370427342262,-1.6557092188829319
v9,feat_gbm,1.0,44,176,0.44060611690364504,0.12081831439914445
v9,feat_gbm,1.0,44,177,0.30183990491383583,3.7031714993021168
v9,feat_gbm,1.0,44,178,-0.31692215666170165,-0.17761292562564054
v9,feat_gbm,1.0,44,179,0.035255637948522746,0.2295122735959306
v9,feat_gbm,1.0,44,180,-1.556784978290679,-1.6401012725318311
v9,feat_gbm,1.0,44,181,-2.905235231021355,-3.399461101549646
v9,feat_gbm,1.0,44,182,0.3289934159184176,0.5421608664871393
v9,feat_gbm,1.0,44,183,-3.911567373231363,-3.7858185839721776
v9,feat_gbm,1.0,44,184,0.4527928778055774,0.4440956773301304
v9,feat_gbm,1.0,44,185,0.08852977591619032,0.5450962365111649
v9,feat_gbm,1.0,44,186,-2.9684390163725536,-3.094441269353033
v9,feat_gbm,1.0,44,187,1.0369482772343135,1.436275522654785
v9,feat_gbm,1.0,44,188,-0.16160931433162318,-0.003208414280501246
v9,feat_gbm,1.0,44,189,-2.0350224357874063,-2.0766448721687736
v9,feat_gbm,1.0,44,190,-3.0778101099419977,-2.887011097372245
v9,feat_gbm,1.0,44,191,-0.4421900098700434,-0.19564387773269687
v9,feat_gbm,1.0,44,192,-3.489273995103794,-3.39219136175158
v9,feat_gbm,1.0,44,193,-3.7854728460150127,-4.804455114758695
v9,feat_gbm,1.0,44,194,-0.26395503832788136,-0.23230879418151415
v9,feat_gbm,1.0,44,195,1.1904551361028624,0.7768952289284052
v9,feat_gbm,1.0,44,196,-3.488226207670088,-3.0758975731441707
v9,feat_gbm,1.0,44,197,1.5781111661420029,1.8852948766094535
v9,feat_gbm,1.0,44,198,0.13501835675343413,-0.07474663349946693
v9,feat_gbm,1.0,44,199,1.405745650461101,0.9295509098669842
v9,feat_gbm,1.0,44,200,0.0871313108250833,0.40408761039079466
v9,feat_gbm,1.0,44,201,-0.7945286412678364,-1.0185563947000995
v9,feat_gbm,1.0,44,202,-1.0313638601374981,-1.5812541435625456
v9,feat_gbm,1.0,44,203,-2.02594674790299,-2.9269603411540346
v9,feat_gbm,1.0,44,204,-0.18784710733336416,-0.9368237022381455
v9,feat_gbm,1.0,44,205,-0.5258614185774305,-0.771906247259438
v9,feat_gbm,1.0,44,206,-2.172172718769595,-1.4457766532498904
v9,feat_gbm,1.0,44,207,-2.4516073565586747,-2.4752738768021185
v9,feat_gbm,1.0,44,208,-2.572404801826027,-2.8789590131308262
v9,feat_gbm,1.0,44,209,-2.095945808322512,-2.6986856152036793
v9,feat_gbm,1.0,44,210,-0.024364786230825712,0.05837096406180189
v9,feat_gbm,1.0,44,211,-3.0119773753159054,-2.2327070274631113
v9,feat_gbm,1.0,44,212,-0.10609703373347731,0.15758807445032513
v9,feat_gbm,1.0,44,213,0.7315536184683797,0.5234750924970406
v9,feat_gbm,1.0,44,214,0.9157084828654461,0.8312555987922697
v9,feat_gbm,1.0,44,215,-0.8461225130928403,-0.7699972654610447
v9,feat_gbm,1.0,44,216,-2.4036358257050714,-2.4368834827463726
v9,feat_gbm,1.0,44,217,-3.077170923910034,-3.7421886443248944
v9,feat_gbm,1.0,44,218,-3.757009858767624,-4.3753265313120195
v9,feat_gbm,1.0,44,219,0.1925568966003339,0.13181597567614448
v9,feat_gbm,1.0,44,220,-2.594600171597788,-2.150299196146146
v9,feat_gbm,1.0,44,221,0.3026152190843906,0.4316281043505307
v9,feat_gbm,1.0,44,222,0.12055950661851564,0.20581216265343685
v9,feat_gbm,1.0,44,223,-2.241022007467383,-1.7226779576420432
v9,feat_gbm,1.0,44,224,0.9416995997214677,1.0701061526100661
v9,feat_gbm,1.0,44,225,-1.8737093843320491,-2.995983076644188
v9,feat_gbm,1.0,44,226,-0.20717257727144492,-0.39103048890459524
v9,feat_gbm,1.0,44,227,-2.22799356882951,-2.811377433191803
v9,feat_gbm,1.0,44,228,-0.038668849999134065,0.1103569248772952
v9,feat_gbm,1.0,44,229,0.5902295533271276,1.0926797996732165
v9,feat_gbm,1.0,44,230,-1.1708503785158701,-1.1465469989616057
v9,feat_gbm,1.0,44,231,-3.7659468139008916,-3.7045714701961474
v9,feat_gbm,1.0,44,232,-0.2237600500456433,-0.3205795311611984
v9,feat_gbm,1.0,44,233,-0.10768456124385464,-0.7282288274356463
v9,feat_gbm,1.0,44,234,-0.29930556981194434,-0.6143938277881194
v9,feat_gbm,1.0,44,235,-2.8583495947324007,-3.717493513170671
v9,feat_gbm,1.0,44,236,-2.1707031481134975,-1.894186438607053
v9,feat_gbm,1.0,44,237,-0.1914830544412938,0.19101892391720615
v9,feat_gbm,1.0,44,238,-2.288460526556271,-2.723653519266766
v9,feat_gbm,1.0,44,239,0.42294517810914045,0.28172679866345784
v9,feat_gbm,1.0,44,240,-1.0312216146106783,-0.570916259780521
v9,feat_gbm,1.0,44,241,-2.0669991403789045,-3.037607674189957
v9,feat_gbm,1.0,44,242,-2.6213314559389267,-2.4824067099880884
v9,feat_gbm,1.0,44,243,0.8150862543744701,1.793244191067856
v9,feat_gbm,1.0,44,244,-1.9816843959478523,-2.170563194223024
v9,feat_gbm,1.0,44,245,-2.410477339925547,-2.5580286375581696
v9,feat_gbm,1.0,44,246,-2.7737626202890366,-3.9013363177662743
v9,feat_gbm,1.0,44,247,-1.4123845764520366,-1.2689211715035387
v9,feat_gbm,1.0,44,248,-2.5719261456920806,-2.89795980370705
v9,feat_gbm,1.0,44,249,-0.9780623442754783,-1.149470325468549
v9,feat_gbm,1.0,44,250,-2.8007720131135203,-2.1803876537888693
v9,feat_gbm,1.0,44,251,-1.1336058329881928,-1.2010659028736028
v9,feat_gbm,1.0,44,252,-2.6174612662800443,-2.675840590612525
v9,feat_gbm,1.0,44,253,-0.8870019765891782,-0.865421424414132
v9,feat_gbm,1.0,44,254,-0.14346390742101517,-0.45089388998719687
v9,feat_gbm,1.0,44,255,-1.6341492909567525,-1.477655138121315
v9,feat_gbm,1.0,44,256,-2.107711334098765,-1.9234128661936198
v9,feat_gbm,1.0,44,257,-0.5838173781106863,-0.8895479413744646
v9,feat_gbm,1.0,44,258,-1.3284921342029743,-1.284701881398344
v9,feat_gbm,1.0,44,259,-0.2328696417644006,0.03791276039075724
v9,feat_gbm,1.0,44,260,-1.0434061375159818,-1.213907680807544
v9,feat_gbm,1.0,44,261,-0.6754917509590926,-0.6937064881158975
v9,feat_gbm,1.0,44,262,-2.4283716477761375,-2.500344974429108
v9,feat_gbm,1.0,44,263,-3.4004183783035864,-3.0782877743164985
v9,feat_gbm,1.0,44,264,-2.9743593569330877,-3.2702790535172426
v9,feat_gbm,1.0,44,265,-0.22330472018717465,-0.15746453031192983
v9,feat_gbm,1.0,44,266,-1.3651564794408573,-1.3930653126164372
v9,feat_gbm,1.0,44,267,-4.1278721691003275,-3.460520174484755
v9,feat_gbm,1.0,44,268,-1.8032997174794452,-1.8115923421665279
v9,feat_gbm,1.0,44,269,0.04264345943280433,-0.04785951915829837
v9,feat_gbm,1.0,44,270,-1.2844039257849618,-1.3387838926701625
v9,feat_gbm,1.0,44,271,0.734657510605689,0.6172482925771328
v9,feat_gbm,1.0,44,272,0.05611528293902468,0.10718580269537517
v9,feat_gbm,1.0,44,273,-2.666918204762087,-2.4250613993713395
v9,feat_gbm,1.0,44,274,0.02919257830786524,-0.4656136934058211
v9,feat_gbm,1.0,44,275,-1.9243842441831256,-1.7679071058666047
v9,feat_gbm,1.0,44,276,-0.1546069065325984,-0.15192249005847586
v9,feat_gbm,1.0,44,277,-0.33238836781857695,-0.22686658439221394
v9,feat_gbm,1.0,44,278,-0.5695061837058422,-0.3963273628232521
v9,feat_gbm,1.0,44,279,-2.4446290263526023,-2.1916982233579314
v9,feat_gbm,1.0,44,280,0.7266007081711838,0.5138857123822332
v9,feat_gbm,1.0,44,281,0.5128308789766474,0.13501120436460418
v9,feat_gbm,1.0,44,282,0.098221361055493,-0.35232291748203215
v9,feat_gbm,1.0,44,283,0.4832236454433677,0.33710059568630363
v9,feat_gbm,1.0,44,284,1.1046185643393018,2.2269494594330284
v9,feat_gbm,1.0,44,285,-0.5014914646942694,-0.8523290277873723
v9,feat_gbm,1.0,44,286,0.2971799831359109,0.5032694866056324
v9,feat_gbm,1.0,44,287,-3.8312060379894164,-3.0734310124071125
v9,feat_gbm,1.0,44,288,-3.026497709657082,-3.0969464995649485
v9,feat_gbm,1.0,44,289,0.3866324406549252,0.8088909840914691
v9,feat_gbm,1.0,44,290,-2.182896214429535,-1.710735902712342
v9,feat_gbm,1.0,44,291,-0.08190168656063448,-0.24588513525180683
v9,feat_gbm,1.0,44,292,-2.957089238487572,-2.9910915714149957
v9,feat_gbm,1.0,44,293,-0.20583706568805393,0.24397961438558982
v9,feat_gbm,1.0,44,294,0.4458560450048282,0.9827222917401395
v9,feat_gbm,1.0,44,295,0.8571769118142242,1.5399914318848642
v9,feat_gbm,1.0,44,296,-2.7264615920466855,-3.028104854063688
v9,feat_gbm,1.0,44,297,-2.142956047847022,-1.9675880903276046
v9,feat_gbm,1.0,44,298,0.6090184294456368,0.3882116190950413
v9,feat_gbm,1.0,44,299,-0.7790655295341731,-0.4169590587595381
v9,feat_gbm,1.0,44,300,-0.5986907174710905,-0.47104701624968015
v9,feat_gbm,1.0,44,301,-0.5461651819148251,-0.5788171023402015
v9,feat_gbm,1.0,44,302,-3.600535892234561,-3.325334912618423
v9,feat_gbm,1.0,44,303,0.03887154222700079,0.27214776974989446
v9,feat_gbm,1.0,44,304,0.06176077304049529,0.2838761456734127
v9,feat_gbm,1.0,44,305,0.7001713579305874,0.98356576927226
v9,feat_gbm,1.0,44,306,-1.8134587732213072,-2.324804251846344
v9,feat_gbm,1.0,44,307,-0.3259880377302401,-0.30060412365222405
v9,feat_gbm,1.0,44,308,-3.932450085238238,-3.5706943269006843
v9,feat_gbm,1.0,44,309,0.48501472711220506,0.7657986236992217
v9,feat_gbm,1.0,44,310,-0.8005980838343223,-0.3760212383278314
v9,feat_gbm,1.0,44,311,0.970753685333223,0.903367601886353
v9,feat_gbm,1.0,44,312,0.70985096093344,0.2834145554969618
v9,feat_gbm,1.0,44,313,-0.47672571970857147,-0.8750381269167363
v9,feat_gbm,1.0,44,314,-1.7181458763821944,-0.8911054934067958
v9,feat_gbm,1.0,44,315,0.1319082682579254,0.2699623908229132
v9,feat_gbm,1.0,44,316,-3.49447777478014,-4.034449774534175
v9,feat_gbm,1.0,44,317,0.127606012660597,0.7302045063515665
v9,feat_gbm,1.0,44,318,-2.2004729854809897,-2.5264159394565007
v9,feat_gbm,1.0,44,319,-3.103501717743372,-3.1280680478747835
v9,feat_gbm,1.0,44,320,0.10138486764243608,-0.623194388118803
v9,feat_gbm,1.0,44,321,-3.768659162982067,-4.172922463867305
v9,feat_gbm,1.0,44,322,1.024984078941859,1.0714029341973417
v9,feat_gbm,1.0,44,323,-2.5531136630469025,-2.5538050374755565
v9,feat_gbm,1.0,44,324,-1.764888009128961,-1.5310020975326282
v9,feat_gbm,1.0,44,325,-0.5689369037331572,-0.735749980772127
v9,feat_gbm,1.0,44,326,-0.8235179391036384,-0.5010306012352705
v9,feat_gbm,1.0,44,327,-3.8323403660307087,-4.393123087746285
v9,feat_gbm,1.0,44,328,0.509073577681565,0.6439364857563509
v9,feat_gbm,1.0,44,329,-3.0143114889053804,-2.60760252445046
v9,feat_gbm,1.0,44,330,0.6636460494795533,0.46983427811083467
v9,feat_gbm,1.0,44,331,-0.9542344185340913,-1.149354435920189
v9,feat_gbm,1.0,44,332,-2.2154682891317656,-1.0961264399974935
v9,feat_gbm,1.0,44,333,1.0543325978125768,1.4253561556633074
v9,feat_gbm,1.0,44,334,1.0692804134963996,1.0406546288822482
v9,feat_gbm,1.0,44,335,-0.6134929015875006,-0.1286217558512718
v9,feat_gbm,1.0,44,336,-1.6547619979049812,-1.7275974260064488
v9,feat_gbm,1.0,44,337,-3.04394779924888,-4.535227665039715
v9,feat_gbm,1.0,44,338,-0.21077260118041588,-1.078833843619319
v9,feat_gbm,1.0,44,339,-1.6614645068475464,-2.035297396751524
v9,feat_gbm,1.0,44,340,0.38910182241382896,0.4788286932125707
v9,feat_gbm,1.0,44,341,-0.762554278887557,-0.4595082096564039
v9,feat_gbm,1.0,44,342,-3.7987358693571536,-3.653430804591794
v9,feat_gbm,1.0,44,343,0.35111415402599777,0.2834522663037432
v9,feat_gbm,1.0,44,344,0.09054540917438668,-0.15984972455285287
v9,feat_gbm,1.0,44,345,-2.493692796090733,-3.8822970119574354
v9,feat_gbm,1.0,44,346,-2.6249700422344078,-2.5801989990218064
v9,feat_gbm,1.0,44,347,-3.4472699213971194,-3.2622630695286134
v9,feat_gbm,1.0,44,348,-0.8713083301276869,-0.4894561152880944
v9,feat_gbm,1.0,44,349,-3.941556454867874,-3.0223552414624764
v9,feat_gbm,1.0,44,350,0.7637745271823323,0.4215072765335228
v9,feat_gbm,1.0,44,351,-2.132722713272916,-1.8152752103400673
v9,feat_gbm,1.0,44,352,1.0459359765213074,1.102263670511441
v9,feat_gbm,1.0,44,353,1.0244927133036834,1.4454852001466738
v9,feat_gbm,1.0,44,354,-3.2775010334315815,-3.6770060333191017
v9,feat_gbm,1.0,44,355,-3.2825744014332647,-5.078652858832153
v9,feat_gbm,1.0,44,356,0.3590689901074434,0.7815322159665122
v9,feat_gbm,1.0,44,357,0.39043722498875744,0.6775133790495483
v9,feat_gbm,1.0,44,358,-3.553621493066193,-3.5163570325540956
v9,feat_gbm,1.0,44,359,-2.819544197942162,-4.157760523739404
v9,feat_gbm,1.0,44,360,-0.290643908818636,-0.18386357284099003
v9,feat_gbm,1.0,44,361,-3.953746647359621,-4.477383009144865
v9,feat_gbm,1.0,44,362,0.03661499832454874,0.2909126951240761
v9,feat_gbm,1.0,44,363,-3.6574072377028686,-3.5121531596302606
v9,feat_gbm,1.0,44,364,0.15685201402558058,-0.0019354464452207268
v9,feat_gbm,1.0,44,365,-2.898478344564937,-3.264666087597375
v9,feat_gbm,1.0,44,366,-1.356164912361986,-1.4961090632143375
v9,feat_gbm,1.0,44,367,-0.1930090658491835,-0.10305907560987346
v9,feat_gbm,1.0,44,368,-0.014970511470453448,0.24601275195113992
v9,feat_gbm,1.0,44,369,-1.8420112441111314,-1.6400355118163064
v9,feat_gbm,1.0,44,370,-1.2468718105626708,-1.5399226532969161
v9,feat_gbm,1.0,44,371,-0.475176992411698,-0.3336387161155974
v9,feat_gbm,1.0,44,372,0.23805885721631634,0.3185760540422761
v9,feat_gbm,1.0,44,373,-0.45467005246229253,-0.30756424411789
v9,feat_gbm,1.0,44,374,-3.8931732478382584,-3.551435429619069
v9,feat_gbm,1.0,44,375,0.30180578026381777,-0.12846918127015178
v9,feat_gbm,1.0,44,376,0.6688644710020601,0.43413099611324796
v9,feat_gbm,1.0,44,377,0.6634970365050645,0.8095384731463161
v9,feat_gbm,1.0,44,378,0.1125862695885614,0.20303525329731625
v9,feat_gbm,1.0,44,379,0.3981424029689017,0.524784145223057
v9,feat_gbm,1.0,44,380,0.34636603542899647,0.8722609808312535
v9,feat_gbm,1.0,44,381,0.6676919049568866,1.0190202163897197
v9,feat_gbm,1.0,44,382,0.36371542913593446,1.2715191268303472
v9,feat_gbm,1.0,44,383,-0.006418640407774572,-0.13923746667536385
v9,feat_gbm,1.0,44,384,-1.3266636617173717,-1.7983983483294153
v9,feat_gbm,1.0,44,385,0.23995209322495412,0.5606037150840157
v9,feat_gbm,1.0,44,386,0.34403187735980634,0.6003456151224621
v9,feat_gbm,1.0,44,387,0.8207042419566599,1.3071718981356573
v9,feat_gbm,1.0,44,388,-0.0700577642757287,-0.19457283568776126
v9,feat_gbm,1.0,44,389,-1.5630942593081825,-0.981880356960367
v9,feat_gbm,1.0,44,390,-3.3140363061661726,-2.628024059072158
v9,feat_gbm,1.0,44,391,-2.5908265143100357,-2.479262758098376
v9,feat_gbm,1.0,44,392,-2.028273986728814,-2.207941629114672
v9,feat_gbm,1.0,44,393,-2.7760193538124587,-2.806586620215901
v9,feat_gbm,1.0,44,394,0.023448114311025375,-0.16842623590390868
v9,feat_gbm,1.0,44,395,0.45754507337985273,0.3596423409999632
v9,feat_gbm,1.0,44,396,-2.174010098919913,-3.117667066362407
v9,feat_gbm,1.0,44,397,0.8392213125332575,0.6134086288650079
v9,feat_gbm,1.0,44,398,0.4472774019307413,0.5049020087080688
v9,feat_gbm,1.0,44,399,-1.0995613977182648,-1.0548605918119196
v9,feat_gbm,1.0,44,400,-2.6881785902117277,-2.877676775828332
v9,feat_gbm,1.0,44,401,0.21222201921183595,0.015654415635624343
v9,feat_gbm,1.0,44,402,-0.5018927660316745,-0.7027824676465185
v9,feat_gbm,1.0,44,403,0.3339437475390038,0.6733427913489138
v9,feat_gbm,1.0,44,404,0.10146640137569324,0.03259550049258387
v9,feat_gbm,1.0,44,405,-3.4775857246535256,-3.4179416205706223
v9,feat_gbm,1.0,44,406,-1.164489418665117,-1.6563158072976616
v9,feat_gbm,1.0,44,407,0.26692250142854634,0.3281041495218151
v9,feat_gbm,1.0,44,408,-1.7262531229034905,-1.498502430121411
v9,feat_gbm,1.0,44,409,-1.5979086724659541,-1.5390850133499359
v9,feat_gbm,1.0,44,410,-2.431171172363156,-3.8769914364338094
v9,feat_gbm,1.0,44,411,-1.41840629432461,-1.1093409530974205
v9,feat_gbm,1.0,44,412,-2.1428283609159586,-2.1356441225652167
v9,feat_gbm,1.0,44,413,0.44470182698793215,0.5613925387002681
v9,feat_gbm,1.0,44,414,-2.2852575211245276,-2.672303525149137
v9,feat_gbm,1.0,44,415,0.8099356629601557,0.9887747910888531
v9,feat_gbm,1.0,44,416,-1.8282832940887936,-2.064740642123073
v9,feat_gbm,1.0,44,417,-0.8417873408324559,-0.13534283366780814
v9,feat_gbm,1.0,44,418,0.3285339686137302,0.5266566940316069
v9,feat_gbm,1.0,44,419,-0.7406818126137094,-0.7929716308762645
v9,feat_gbm,1.0,44,420,0.08564300558958425,0.22081989653443584
v9,feat_gbm,1.0,44,421,-3.7819494485208134,-3.4911396429773087
v9,feat_gbm,1.0,44,422,-0.20052711709960988,0.4691563032653497
v9,feat_gbm,1.0,44,423,0.11078068882530223,-0.21242164749251408
v9,feat_gbm,1.0,44,424,-2.2510152699401726,-2.0235730224261497
v9,feat_gbm,1.0,44,425,-0.22269368548656657,0.1881042769243711
v9,feat_gbm,1.0,44,426,-1.0124410310203635,-0.7546830882020855
v9,feat_gbm,1.0,44,427,-2.390842174117317,-2.004418163271322
v9,feat_gbm,1.0,44,428,0.23460872242576492,0.08108350485015015
v9,feat_gbm,1.0,44,429,-1.1264714392635606,-0.8958783842144782
v9,feat_gbm,1.0,44,430,-0.3232768111096228,-0.700178367515834
v9,feat_gbm,1.0,44,431,-2.2913347454977333,-2.026447754843476
v9,feat_gbm,1.0,44,432,-2.977816313518633,-3.3644112924118934
v9,feat_gbm,1.0,44,433,-1.9253151517221638,-2.4777804975332844
v9,feat_gbm,1.0,44,434,-3.428121504027384,-3.6407879329147783
v9,feat_gbm,1.0,44,435,0.4470249079128109,0.8140524350977956
v9,feat_gbm,1.0,44,436,-0.2819028018998164,-0.6342245759550225
v9,feat_gbm,1.0,44,437,-1.5323880157037897,-1.0170271575608654
v9,feat_gbm,1.0,44,438,0.7090590277697058,1.2058566336630974
v9,feat_gbm,1.0,44,439,0.980178267719223,1.04159183954478
v9,feat_gbm,1.0,44,440,-1.1426243430750254,-0.383754051292973
v9,feat_gbm,1.0,44,441,1.0708789985692235,0.9717849563735496
v9,feat_gbm,1.0,44,442,0.9204402135731089,0.915394257773604
v9,feat_gbm,1.0,44,443,-0.010615279595940514,0.17619398118278368
v9,feat_gbm,1.0,44,444,-2.6834272914671096,-2.3026142847949007
v9,feat_gbm,1.0,44,445,-1.3308238716597385,-2.156995715227189
v9,feat_gbm,1.0,44,446,-2.3370131590753034,-1.9647154613855007
v9,feat_gbm,1.0,44,447,-1.2729048512994598,-1.2167428909736953
v9,feat_gbm,1.0,44,448,-0.2974595402819733,0.371748058948411
v9,feat_gbm,1.0,44,449,-3.680618007568165,-3.354914600670279
v9,feat_gbm,1.0,44,450,-2.615189942100804,-2.0984010901330774
v9,feat_gbm,1.0,44,451,-1.8495528042899774,-1.8411195968283314
v9,feat_gbm,1.0,44,452,0.014084511027610318,-0.2866386615093297
v9,feat_gbm,1.0,44,453,-1.6674590550973776,-2.1769502099219324
v9,feat_gbm,1.0,44,454,-0.05238519172407884,0.851829112076475
v9,feat_gbm,1.0,44,455,0.30450890020036514,-0.5174982843777256
v9,feat_gbm,1.0,44,456,-2.8406144687570674,-3.7883351795095335
v9,feat_gbm,1.0,44,457,-1.0285040279524515,-1.3225504843777425
v9,feat_gbm,1.0,44,458,-0.5568656859438368,-0.6304710111145473
v9,feat_gbm,1.0,44,459,-3.294378685235744,-2.867776928577639
v9,feat_gbm,1.0,44,460,-0.6659516036249379,-0.20106453453544149
v9,feat_gbm,1.0,44,461,0.6170696620291944,0.565413433251147
v9,feat_gbm,1.0,44,462,0.1330684355594468,0.6531860801292728
v9,feat_gbm,1.0,44,463,-3.2039751118476913,-3.295531334571209
v9,feat_gbm,1.0,44,464,-1.072707184565913,-1.118951529136503
v9,feat_gbm,1.0,44,465,-0.07003233666930933,0.08535922256033004
v9,feat_gbm,1.0,44,466,-0.041642052136888236,0.2656879386171551
v9,feat_gbm,1.0,44,467,-0.9872142721670588,-1.0764680911985907
v9,feat_gbm,1.0,44,468,0.8253225768290304,2.2503813782282114
v9,feat_gbm,1.0,44,469,-0.058698309311396475,-0.029700274932011248
v9,feat_gbm,1.0,44,470,-2.4075846997116668,-2.1918010579584375
v9,feat_gbm,1.0,44,471,0.19052794535126294,-0.12537364897776127
v9,feat_gbm,1.0,44,472,-1.5712087407181847,-1.3714574409892777
v9,feat_gbm,1.0,44,473,-2.1558498996890716,-1.0216450817816245
v9,feat_gbm,1.0,44,474,-0.7198862951997277,-0.8313233833759152
v9,feat_gbm,1.0,44,475,-2.9713979261704173,-3.25243582884057
v9,feat_gbm,1.0,44,476,0.4896430836562484,0.8737365575305754
v9,feat_gbm,1.0,44,477,-2.0835254241575787,-1.8373017486027088
v9,feat_gbm,1.0,44,478,-1.4191963232553744,-1.909749317133085
v9,feat_gbm,1.0,44,479,0.2796066377998252,0.418341725137149
v9,feat_gbm,1.0,44,480,-2.320866831080389,-2.8689304810445995
v9,feat_gbm,1.0,44,481,-4.296551694905821,-3.9192950012633494
v9,feat_gbm,1.0,44,482,0.6208383169736822,0.8191907452202399
v9,feat_gbm,1.0,44,483,-2.7926970421124246,-2.7371748494528005
v9,feat_gbm,1.0,44,484,0.18657153580176378,0.043868991079412875
v9,feat_gbm,1.0,44,485,-2.9146978944563,-3.9571024828402512
v9,feat_gbm,1.0,44,486,-0.9238494360463629,-0.8286091055291892
v9,feat_gbm,1.0,44,487,1.300359864895948,1.1086460137612473
v9,feat_gbm,1.0,44,488,-0.9980821202760977,-1.0899995989348372
v9,feat_gbm,1.0,44,489,-2.943253278521198,-2.9260181182274523
v9,feat_gbm,1.0,44,490,0.09487210812446384,0.01778898425240747
v9,feat_gbm,1.0,44,491,-0.41694739934562997,-0.388546054063584
v9,feat_gbm,1.0,44,492,-0.7583129487007908,-0.8483910406321095
v9,feat_gbm,1.0,44,493,-2.7812409103339095,-2.4855190663855797
v9,feat_gbm,1.0,44,494,-0.35999565809054457,-0.6027729178489412
v9,feat_gbm,1.0,44,495,-1.3957602639867104,-1.5285925057254015
v9,feat_gbm,1.0,44,496,0.5769743159695828,1.0092174422839322
v9,feat_gbm,1.0,44,497,-2.331909418812977,-2.421052301727873
v9,feat_gbm,1.0,44,498,-3.145480569035474,-3.2283141264699093
v9,feat_gbm,1.0,44,499,-3.823667271453477,-4.907212199848568
v9,feat_gbm,1.0,45,0,-0.09491411546735266,0.03894909458183669
v9,feat_gbm,1.0,45,1,-2.39642833236859,-2.5052564746229193
v9,feat_gbm,1.0,45,2,0.33171132236072626,0.6287827851917782
v9,feat_gbm,1.0,45,3,-2.8712723274908063,-3.3447289283878643
v9,feat_gbm,1.0,45,4,0.9194175158191799,0.9694015026406426
v9,feat_gbm,1.0,45,5,-2.4616851440548086,-2.4693709778233526
v9,feat_gbm,1.0,45,6,0.015246090826384838,-0.2819211013310965
v9,feat_gbm,1.0,45,7,0.44648730591973357,0.5289578846490461
v9,feat_gbm,1.0,45,8,0.6159618257921861,0.032863622186365654
v9,feat_gbm,1.0,45,9,0.7026664630932254,0.9352707853930591
v9,feat_gbm,1.0,45,10,-2.0064587297522865,-1.5987558134683666
v9,feat_gbm,1.0,45,11,-2.816738169266019,-3.2678706438993954
v9,feat_gbm,1.0,45,12,-1.9216078361725437,-2.445380546146449
v9,feat_gbm,1.0,45,13,-0.1477142733143204,-0.4471217519653716
v9,feat_gbm,1.0,45,14,-1.3663551451202165,-1.8343062920535937
v9,feat_gbm,1.0,45,15,-2.6009173970596917,-2.278287047942225
v9,feat_gbm,1.0,45,16,-0.927415976094326,-1.113015507562239
v9,feat_gbm,1.0,45,17,-1.0862899086631188,-1.149386040828735
v9,feat_gbm,1.0,45,18,-0.6588635216196036,-0.4541092694382234
v9,feat_gbm,1.0,45,19,-2.951635062990326,-2.8798658660471284
v9,feat_gbm,1.0,45,20,-3.4236161512190395,-3.281006200299989
v9,feat_gbm,1.0,45,21,-0.6662141270319103,-0.7889402030111288
v9,feat_gbm,1.0,45,22,-1.1665788807491537,-0.48114593055133975
v9,feat_gbm,1.0,45,23,-2.3970096461611274,-2.8038114998165153
v9,feat_gbm,1.0,45,24,-2.5823707770723425,-2.6726430450531393
v9,feat_gbm,1.0,45,25,-2.898964501354741,-3.141178249464176
v9,feat_gbm,1.0,45,26,-3.3624274958518825,-3.8612362310489847
v9,feat_gbm,1.0,45,27,-2.4919100492118145,-3.085821277369337
v9,feat_gbm,1.0,45,28,-2.0092689676470243,-2.1153791712035637
v9,feat_gbm,1.0,45,29,-1.4224371340744195,-0.5854112868629942
v9,feat_gbm,1.0,45,30,0.1661391209853053,0.13849791927417068
v9,feat_gbm,1.0,45,31,-3.18937040021115,-2.779654184179668
v9,feat_gbm,1.0,45,32,0.9350062871026007,0.9166392391011026
v9,feat_gbm,1.0,45,33,-1.7528139303771144,-2.134444297962007
v9,feat_gbm,1.0,45,34,0.7027607297701912,1.1224191581864646
v9,feat_gbm,1.0,45,35,-2.274743042029554,-2.7514680837461087
v9,feat_gbm,1.0,45,36,0.48974395745560056,0.7493710802437775
v9,feat_gbm,1.0,45,37,-2.2036904217940347,-2.157600461660938
v9,feat_gbm,1.0,45,38,-1.8564095583035716,-1.7436371170468024
v9,feat_gbm,1.0,45,39,0.8305009158589663,0.632388610685479
v9,feat_gbm,1.0,45,40,-1.094388167866627,-1.5024753827969588
v9,feat_gbm,1.0,45,41,-2.8796916627754787,-2.936018587066778
v9,feat_gbm,1.0,45,42,-0.4194369706558162,-0.06406961406287034
v9,feat_gbm,1.0,45,43,-0.5033350662200882,-0.43711075337934485
v9,feat_gbm,1.0,45,44,0.24803920666685209,0.521724778538647
v9,feat_gbm,1.0,45,45,0.6883341560410349,-0.02881562555915001
v9,feat_gbm,1.0,45,46,-3.0730817732110585,-2.6856700943784895
v9,feat_gbm,1.0,45,47,-3.5153184515020754,-3.3419513202228783
v9,feat_gbm,1.0,45,48,-0.31161375039000017,-0.35240032436669677
v9,feat_gbm,1.0,45,49,-3.29726483977052,-4.466027560457086
v9,feat_gbm,1.0,45,50,-1.1326647725924224,-1.2227887404747313
v9,feat_gbm,1.0,45,51,-3.3435047409397924,-4.168130875201601
v9,feat_gbm,1.0,45,52,-2.7866868011999926,-2.1825653069440887
v9,feat_gbm,1.0,45,53,-3.188786390353105,-2.816977102698189
v9,feat_gbm,1.0,45,54,-1.1461879635518781,-0.9520374156321785
v9,feat_gbm,1.0,45,55,0.41931974784762527,0.800460094219776
v9,feat_gbm,1.0,45,56,0.24280575023648934,0.2782562560211116
v9,feat_gbm,1.0,45,57,0.1048216808230699,-0.7855200046266205
v9,feat_gbm,1.0,45,58,-2.556570383920375,-2.837973637743256
v9,feat_gbm,1.0,45,59,0.06008824741300282,0.3653424354755994
v9,feat_gbm,1.0,45,60,-3.330454019626713,-3.145987746693799
v9,feat_gbm,1.0,45,61,-2.279264202212249,-2.1381844357326614
v9,feat_gbm,1.0,45,62,0.8529954441572308,0.3908315550690521
v9,feat_gbm,1.0,45,63,-3.3210846237159135,-3.259739876316779
v9,feat_gbm,1.0,45,64,-3.8709704647341923,-3.799325775609258
v9,feat_gbm,1.0,45,65,-0.508857268666823,0.2842997557356093
v9,feat_gbm,1.0,45,66,0.43460146577577463,0.9099380077885143
v9,feat_gbm,1.0,45,67,0.272802670225471,0.5741223235018287
v9,feat_gbm,1.0,45,68,1.123150434352898,1.3807263582335993
v9,feat_gbm,1.0,45,69,0.6714147536700812,2.7357387204405055
v9,feat_gbm,1.0,45,70,-0.034284655615540366,-0.3782017485149665
v9,feat_gbm,1.0,45,71,-0.5406682906316543,-0.6946521973220513
v9,feat_gbm,1.0,45,72,-3.5762943902385107,-3.510295151868067
v9,feat_gbm,1.0,45,73,-0.1708035457835996,-0.3643686170400702
v9,feat_gbm,1.0,45,74,1.3433359653931662,1.1835884152793859
v9,feat_gbm,1.0,45,75,0.05448290585885397,-0.38644824542838596
v9,feat_gbm,1.0,45,76,0.11124826629525125,0.7005004452467647
v9,feat_gbm,1.0,45,77,0.39594579564545895,0.3770911051312199
v9,feat_gbm,1.0,45,78,-0.3474154945429675,-0.5374783823521183
v9,feat_gbm,1.0,45,79,-2.616796076228547,-3.2499450611549854
v9,feat_gbm,1.0,45,80,-1.8925457635069367,-1.719925172279684
v9,feat_gbm,1.0,45,81,1.131881996286867,1.8185710395242058
v9,feat_gbm,1.0,45,82,-0.9635756801753845,-1.0758778979961314
v9,feat_gbm,1.0,45,83,-0.43736122361857477,-0.8033140510569362
v9,feat_gbm,1.0,45,84,-2.1575512229636633,-2.0837035815006346
v9,feat_gbm,1.0,45,85,-0.9188209139505982,-1.2430797823904942
v9,feat_gbm,1.0,45,86,0.6219688793157073,0.639317965424242
v9,feat_gbm,1.0,45,87,-0.3942799218588561,-0.02321591952008587
v9,feat_gbm,1.0,45,88,-3.2266368578194373,-3.512086916650174
v9,feat_gbm,1.0,45,89,-1.5555777135647777,-1.684363733317816
v9,feat_gbm,1.0,45,90,-3.799812492315682,-3.5341996208099964
v9,feat_gbm,1.0,45,91,0.7748201414049459,1.1574629997660548
v9,feat_gbm,1.0,45,92,-1.4149061463942447,-0.7651863719989663
v9,feat_gbm,1.0,45,93,-4.620459479663499,-5.7708125015304885
v9,feat_gbm,1.0,45,94,-0.08082182253011591,0.07374698385127064
v9,feat_gbm,1.0,45,95,0.43851160327147976,1.201566413592891
v9,feat_gbm,1.0,45,96,1.2016061880102042,1.2655480006709303
v9,feat_gbm,1.0,45,97,-3.482801816940236,-3.2217777708537843
v9,feat_gbm,1.0,45,98,-1.681460365979829,-1.2120387208328698
v9,feat_gbm,1.0,45,99,-0.5125553119564356,-0.04015373686183237
v9,feat_gbm,1.0,45,100,-2.5062635302306586,-2.8384481914339785
v9,feat_gbm,1.0,45,101,-2.9806260913226788,-3.541068619782685
v9,feat_gbm,1.0,45,102,-4.121581708237365,-4.424727465058162
v9,feat_gbm,1.0,45,103,-0.748241560954753,-0.7652009130347144
v9,feat_gbm,1.0,45,104,-0.9614225832559867,-0.406664655497914
v9,feat_gbm,1.0,45,105,-2.568800160880853,-2.8019031633754246
v9,feat_gbm,1.0,45,106,-1.1084117627703487,-1.1978192780958505
v9,feat_gbm,1.0,45,107,-1.312620895586161,-1.2497822804421463
v9,feat_gbm,1.0,45,108,-0.08565959502328298,-0.2003702404752673
v9,feat_gbm,1.0,45,109,-0.34610672228647,-0.28745536208379296
v9,feat_gbm,1.0,45,110,0.4276002282425013,0.2838469771831524
v9,feat_gbm,1.0,45,111,0.4279523627252264,0.6579850926301614
v9,feat_gbm,1.0,45,112,-0.3765131225264393,-0.4279263804064609
v9,feat_gbm,1.0,45,113,0.1893936670241439,0.527327823801956
v9,feat_gbm,1.0,45,114,-3.7180080905564132,-3.652947895428966
v9,feat_gbm,1.0,45,115,-1.1718269768323362,-0.04287987221360797
v9,feat_gbm,1.0,45,116,-3.808518698172943,-3.4409421360670214
v9,feat_gbm,1.0,45,117,-2.592471660615556,-2.4284095097884006
v9,feat_gbm,1.0,45,118,-1.88256794758933,-1.419217075367618
v9,feat_gbm,1.0,45,119,-2.683565432662739,-1.4944271796191557
v9,feat_gbm,1.0,45,120,-3.084589734526973,-2.797137626437216
v9,feat_gbm,1.0,45,121,0.9432417159279423,3.1321125804877905
v9,feat_gbm,1.0,45,122,-2.4496649122175156,-3.164895556438051
v9,feat_gbm,1.0,45,123,0.28086117983807257,-0.021234684620174846
v9,feat_gbm,1.0,45,124,-1.4850626714157413,-1.246001114532972
v9,feat_gbm,1.0,45,125,-2.547339294184416,-2.7130193085566443
v9,feat_gbm,1.0,45,126,-2.2520377556694964,-2.0560780011130944
v9,feat_gbm,1.0,45,127,-1.66937879812777,-1.631222331554067
v9,feat_gbm,1.0,45,128,-2.9529372417433692,-3.477307725783656
v9,feat_gbm,1.0,45,129,1.0589449037758272,1.7007542891568868
v9,feat_gbm,1.0,45,130,-3.3827084733863457,-3.4021624962570822
v9,feat_gbm,1.0,45,131,-3.4564067581563713,-3.701149444421242
v9,feat_gbm,1.0,45,132,-0.10939063137480058,-0.4116741376471012
v9,feat_gbm,1.0,45,133,-0.6141632369166846,-0.5680375850475197
v9,feat_gbm,1.0,45,134,-1.2912645540725074,-1.4788189923590598
v9,feat_gbm,1.0,45,135,-2.637730554987021,-2.9896549957503007
v9,feat_gbm,1.0,45,136,0.4121744457926748,0.11194117436713467
v9,feat_gbm,1.0,45,137,1.0524709791895264,1.7147062893715772
v9,feat_gbm,1.0,45,138,-2.1204420413802785,-1.9709125209383296
v9,feat_gbm,1.0,45,139,0.06385541895177634,0.19937477723826902
v9,feat_gbm,1.0,45,140,-2.690526716087495,-2.8223726616431475
v9,feat_gbm,1.0,45,141,-0.1427423853430091,-0.12380828599000025
v9,feat_gbm,1.0,45,142,-2.9707831808839615,-2.97521232911642
v9,feat_gbm,1.0,45,143,-2.120590556310165,-1.9484557479617686
v9,feat_gbm,1.0,45,144,0.958328109372827,1.244093655886106
v9,feat_gbm,1.0,45,145,-2.296629930229198,-2.0280859266176816
v9,feat_gbm,1.0,45,146,-1.863356174436141,-2.0754073031653366
v9,feat_gbm,1.0,45,147,-0.1666975277844091,-0.11331641159387335
v9,feat_gbm,1.0,45,148,-2.1481148259609686,-2.620298039600635
v9,feat_gbm,1.0,45,149,-2.912239094685508,-3.8395532227602396
v9,feat_gbm,1.0,45,150,-1.9280573202851972,-2.149698272240366
v9,feat_gbm,1.0,45,151,-2.9023721252083514,-3.1594376779318036
v9,feat_gbm,1.0,45,152,-2.2179680089161575,-2.7712141114581046
v9,feat_gbm,1.0,45,153,-1.2693460658557092,-1.1483368403810985
v9,feat_gbm,1.0,45,154,-1.1162252575106941,-1.4700676700115773
v9,feat_gbm,1.0,45,155,1.2066601276528621,1.4088416749712322
v9,feat_gbm,1.0,45,156,0.34517379349171995,0.7564704220494097
v9,feat_gbm,1.0,45,157,-2.4529087415419615,-1.7148995557963913
v9,feat_gbm,1.0,45,158,-2.1708814044723286,-2.8595355115547196
v9,feat_gbm,1.0,45,159,-1.389876508071395,-0.9922400520728849
v9,feat_gbm,1.0,45,160,2.0926853813507162,1.8585227307534937
v9,feat_gbm,1.0,45,161,-2.191331109116729,-2.477654537850602
v9,feat_gbm,1.0,45,162,-2.4815447993998485,-2.993764039868935
v9,feat_gbm,1.0,45,163,-0.9818385847599179,-1.1722671160336509
v9,feat_gbm,1.0,45,164,-1.9165853096194907,-1.6577576086204497
v9,feat_gbm,1.0,45,165,-2.635676111766643,-2.9770186999323642
v9,feat_gbm,1.0,45,166,-3.4150329694594213,-3.2329952824425443
v9,feat_gbm,1.0,45,167,-0.3341946961743043,0.19550508612775644
v9,feat_gbm,1.0,45,168,-0.9411611176455145,-1.2639642813248737
v9,feat_gbm,1.0,45,169,1.120511198495891,1.4224064134580066
v9,feat_gbm,1.0,45,170,-2.370923718335399,-1.5303724784706008
v9,feat_gbm,1.0,45,171,0.6153653279847935,0.6086346650572224
v9,feat_gbm,1.0,45,172,-0.029842448453335623,-0.052232489626048526
v9,feat_gbm,1.0,45,173,-1.0701460599624628,-0.19074605880313256
v9,feat_gbm,1.0,45,174,-2.598815853100208,-2.7678232596734214
v9,feat_gbm,1.0,45,175,-1.7858736936943038,-1.6557092188829319
v9,feat_gbm,1.0,45,176,0.31716715543780505,0.12081831439914445
v9,feat_gbm,1.0,45,177,0.657697851996469,3.7031714993021168
v9,feat_gbm,1.0,45,178,-0.5034626501508289,-0.17761292562564054
v9,feat_gbm,1.0,45,179,0.010073309663936308,0.2295122735959306
v9,feat_gbm,1.0,45,180,-1.473497444596057,-1.6401012725318311
v9,feat_gbm,1.0,45,181,-2.8322646463526637,-3.399461101549646
v9,feat_gbm,1.0,45,182,0.3527683765781569,0.5421608664871393
v9,feat_gbm,1.0,45,183,-4.002231831175935,-3.7858185839721776
v9,feat_gbm,1.0,45,184,0.3074617708261239,0.4440956773301304
v9,feat_gbm,1.0,45,185,0.3265431671027963,0.5450962365111649
v9,feat_gbm,1.0,45,186,-3.1077667471341415,-3.094441269353033
v9,feat_gbm,1.0,45,187,0.7574653874752059,1.436275522654785
v9,feat_gbm,1.0,45,188,-0.11282814459634745,-0.003208414280501246
v9,feat_gbm,1.0,45,189,-2.1215402482009504,-2.0766448721687736
v9,feat_gbm,1.0,45,190,-3.1231418510475706,-2.887011097372245
v9,feat_gbm,1.0,45,191,-0.3479891625302035,-0.19564387773269687
v9,feat_gbm,1.0,45,192,-3.2426634304769517,-3.39219136175158
v9,feat_gbm,1.0,45,193,-3.7876525581889715,-4.804455114758695
v9,feat_gbm,1.0,45,194,-0.1758038554099335,-0.23230879418151415
v9,feat_gbm,1.0,45,195,1.000631045863466,0.7768952289284052
v9,feat_gbm,1.0,45,196,-3.62998704813896,-3.0758975731441707
v9,feat_gbm,1.0,45,197,1.4893982989197119,1.8852948766094535
v9,feat_gbm,1.0,45,198,0.1078118044467956,-0.07474663349946693
v9,feat_gbm,1.0,45,199,1.2030890619440429,0.9295509098669842
v9,feat_gbm,1.0,45,200,0.008594972629910515,0.40408761039079466
v9,feat_gbm,1.0,45,201,-0.9058225090576616,-1.0185563947000995
v9,feat_gbm,1.0,45,202,-1.1546262911607463,-1.5812541435625456
v9,feat_gbm,1.0,45,203,-2.00115902036957,-2.9269603411540346
v9,feat_gbm,1.0,45,204,-0.013173660257606827,-0.9368237022381455
v9,feat_gbm,1.0,45,205,-0.5593052668624039,-0.771906247259438
v9,feat_gbm,1.0,45,206,-2.041472779965531,-1.4457766532498904
v9,feat_gbm,1.0,45,207,-2.337033502943758,-2.4752738768021185
v9,feat_gbm,1.0,45,208,-2.741515074522312,-2.8789590131308262
v9,feat_gbm,1.0,45,209,-2.361056784763574,-2.6986856152036793
v9,feat_gbm,1.0,45,210,-0.04156338650807218,0.05837096406180189
v9,feat_gbm,1.0,45,211,-3.11588849337457,-2.2327070274631113
v9,feat_gbm,1.0,45,212,-0.28328154052537513,0.15758807445032513
v9,feat_gbm,1.0,45,213,0.7525423549599725,0.5234750924970406
v9,feat_gbm,1.0,45,214,0.933239856652183,0.8312555987922697
v9,feat_gbm,1.0,45,215,-1.025633775412827,-0.7699972654610447
v9,feat_gbm,1.0,45,216,-2.4258451647922605,-2.4368834827463726
v9,feat_gbm,1.0,45,217,-3.083592010738884,-3.7421886443248944
v9,feat_gbm,1.0,45,218,-3.7796447491262506,-4.3753265313120195
v9,feat_gbm,1.0,45,219,0.23783547140080072,0.13181597567614448
v9,feat_gbm,1.0,45,220,-2.4872823556153256,-2.150299196146146
v9,feat_gbm,1.0,45,221,0.30914282837946394,0.4316281043505307
v9,feat_gbm,1.0,45,222,0.19734938104573602,0.20581216265343685
v9,feat_gbm,1.0,45,223,-2.41594616316127,-1.7226779576420432
v9,feat_gbm,1.0,45,224,1.1137555288167615,1.0701061526100661
v9,feat_gbm,1.0,45,225,-1.8632895102967317,-2.995983076644188
v9,feat_gbm,1.0,45,226,-0.3773775349132221,-0.39103048890459524
v9,feat_gbm,1.0,45,227,-2.26652878221087,-2.811377433191803
v9,feat_gbm,1.0,45,228,-0.20724506926746167,0.1103569248772952
v9,feat_gbm,1.0,45,229,0.6598628243965835,1.0926797996732165
v9,feat_gbm,1.0,45,230,-1.182769472552603,-1.1465469989616057
v9,feat_gbm,1.0,45,231,-3.6771106266334415,-3.7045714701961474
v9,feat_gbm,1.0,45,232,-0.48674566356304083,-0.3205795311611984
v9,feat_gbm,1.0,45,233,-0.09162533296276851,-0.7282288274356463
v9,feat_gbm,1.0,45,234,-0.4324742167446759,-0.6143938277881194
v9,feat_gbm,1.0,45,235,-3.032599124272235,-3.717493513170671
v9,feat_gbm,1.0,45,236,-2.119851293750118,-1.894186438607053
v9,feat_gbm,1.0,45,237,-0.1688596088659242,0.19101892391720615
v9,feat_gbm,1.0,45,238,-2.0206138415327173,-2.723653519266766
v9,feat_gbm,1.0,45,239,0.3532984527170576,0.28172679866345784
v9,feat_gbm,1.0,45,240,-1.005099153192207,-0.570916259780521
v9,feat_gbm,1.0,45,241,-2.114206405005239,-3.037607674189957
v9,feat_gbm,1.0,45,242,-2.5060387287960832,-2.4824067099880884
v9,feat_gbm,1.0,45,243,0.9270863016680225,1.793244191067856
v9,feat_gbm,1.0,45,244,-2.0679615025528166,-2.170563194223024
v9,feat_gbm,1.0,45,245,-2.4538562311486767,-2.5580286375581696
v9,feat_gbm,1.0,45,246,-2.6288382170628948,-3.9013363177662743
v9,feat_gbm,1.0,45,247,-1.421090687398656,-1.2689211715035387
v9,feat_gbm,1.0,45,248,-2.774955279924516,-2.89795980370705
v9,feat_gbm,1.0,45,249,-1.0127896505561285,-1.149470325468549
v9,feat_gbm,1.0,45,250,-2.7019532907381283,-2.1803876537888693
v9,feat_gbm,1.0,45,251,-1.0386915139685235,-1.2010659028736028
v9,feat_gbm,1.0,45,252,-2.5785938047320416,-2.675840590612525
v9,feat_gbm,1.0,45,253,-0.7289949517820701,-0.865421424414132
v9,feat_gbm,1.0,45,254,-0.27124898430048994,-0.45089388998719687
v9,feat_gbm,1.0,45,255,-1.5440761290618812,-1.477655138121315
v9,feat_gbm,1.0,45,256,-2.1552430881239455,-1.9234128661936198
v9,feat_gbm,1.0,45,257,-0.5329790891345171,-0.8895479413744646
v9,feat_gbm,1.0,45,258,-1.3652914523471111,-1.284701881398344
v9,feat_gbm,1.0,45,259,-0.28725486778038656,0.03791276039075724
v9,feat_gbm,1.0,45,260,-1.1015364495964117,-1.213907680807544
v9,feat_gbm,1.0,45,261,-0.532366588092699,-0.6937064881158975
v9,feat_gbm,1.0,45,262,-2.339543769279716,-2.500344974429108
v9,feat_gbm,1.0,45,263,-3.1001664366343453,-3.0782877743164985
v9,feat_gbm,1.0,45,264,-2.6871554952602543,-3.2702790535172426
v9,feat_gbm,1.0,45,265,-0.08228555932082468,-0.15746453031192983
v9,feat_gbm,1.0,45,266,-1.4570386021527604,-1.3930653126164372
v9,feat_gbm,1.0,45,267,-4.004479130546623,-3.460520174484755
v9,feat_gbm,1.0,45,268,-1.8437710578240754,-1.8115923421665279
v9,feat_gbm,1.0,45,269,0.23685485115511992,-0.04785951915829837
v9,feat_gbm,1.0,45,270,-1.2835348003778255,-1.3387838926701625
v9,feat_gbm,1.0,45,271,0.6600923279461796,0.6172482925771328
v9,feat_gbm,1.0,45,272,0.2508388343520594,0.10718580269537517
v9,feat_gbm,1.0,45,273,-2.6709514911954138,-2.4250613993713395
v9,feat_gbm,1.0,45,274,0.011299963912997516,-0.4656136934058211
v9,feat_gbm,1.0,45,275,-2.0191589264682315,-1.7679071058666047
v9,feat_gbm,1.0,45,276,-0.09190962213880753,-0.15192249005847586
v9,feat_gbm,1.0,45,277,-0.3509516075035438,-0.22686658439221394
v9,feat_gbm,1.0,45,278,-0.3676491208469007,-0.3963273628232521
v9,feat_gbm,1.0,45,279,-2.4882014856041166,-2.1916982233579314
v9,feat_gbm,1.0,45,280,0.5722182141138782,0.5138857123822332
v9,feat_gbm,1.0,45,281,0.2848144910039483,0.13501120436460418
v9,feat_gbm,1.0,45,282,0.07771783862927817,-0.35232291748203215
v9,feat_gbm,1.0,45,283,0.36420453561557065,0.33710059568630363
v9,feat_gbm,1.0,45,284,1.09978247477304,2.2269494594330284
v9,feat_gbm,1.0,45,285,-0.40349963442509645,-0.8523290277873723
v9,feat_gbm,1.0,45,286,0.20983708485517666,0.5032694866056324
v9,feat_gbm,1.0,45,287,-3.81024405121161,-3.0734310124071125
v9,feat_gbm,1.0,45,288,-2.8274813700259935,-3.0969464995649485
v9,feat_gbm,1.0,45,289,0.3977934949565509,0.8088909840914691
v9,feat_gbm,1.0,45,290,-2.2122099060469163,-1.710735902712342
v9,feat_gbm,1.0,45,291,-0.13729396245766387,-0.24588513525180683
v9,feat_gbm,1.0,45,292,-2.7546082303481687,-2.9910915714149957
v9,feat_gbm,1.0,45,293,-0.0078216487063204,0.24397961438558982
v9,feat_gbm,1.0,45,294,0.37063674338114194,0.9827222917401395
v9,feat_gbm,1.0,45,295,0.9442831750256762,1.5399914318848642
v9,feat_gbm,1.0,45,296,-2.6911165465438454,-3.028104854063688
v9,feat_gbm,1.0,45,297,-1.9164162872817694,-1.9675880903276046
v9,feat_gbm,1.0,45,298,0.44279525321649643,0.3882116190950413
v9,feat_gbm,1.0,45,299,-0.5736513741174983,-0.4169590587595381
v9,feat_gbm,1.0,45,300,-0.39842585497116634,-0.47104701624968015
v9,feat_gbm,1.0,45,301,-0.549161900168429,-0.5788171023402015
v9,feat_gbm,1.0,45,302,-3.47163368394029,-3.325334912618423
v9,feat_gbm,1.0,45,303,0.06137334471364222,0.27214776974989446
v9,feat_gbm,1.0,45,304,0.018140530143740907,0.2838761456734127
v9,feat_gbm,1.0,45,305,0.6409562888596977,0.98356576927226
v9,feat_gbm,1.0,45,306,-1.7501715192620322,-2.324804251846344
v9,feat_gbm,1.0,45,307,-0.19290486632012888,-0.30060412365222405
v9,feat_gbm,1.0,45,308,-3.8727350211354565,-3.5706943269006843
v9,feat_gbm,1.0,45,309,0.3938116314238819,0.7657986236992217
v9,feat_gbm,1.0,45,310,-0.7245077287647543,-0.3760212383278314
v9,feat_gbm,1.0,45,311,0.957482068085531,0.903367601886353
v9,feat_gbm,1.0,45,312,0.6668960942964645,0.2834145554969618
v9,feat_gbm,1.0,45,313,-0.6306737215635138,-0.8750381269167363
v9,feat_gbm,1.0,45,314,-1.8978945737129516,-0.8911054934067958
v9,feat_gbm,1.0,45,315,0.21528743008023302,0.2699623908229132
v9,feat_gbm,1.0,45,316,-3.678620376496905,-4.034449774534175
v9,feat_gbm,1.0,45,317,0.15093182466861843,0.7302045063515665
v9,feat_gbm,1.0,45,318,-2.146526209157937,-2.5264159394565007
v9,feat_gbm,1.0,45,319,-2.8749117608631622,-3.1280680478747835
v9,feat_gbm,1.0,45,320,-0.007364466929202756,-0.623194388118803
v9,feat_gbm,1.0,45,321,-3.9465560210481163,-4.172922463867305
v9,feat_gbm,1.0,45,322,0.9450984753613375,1.0714029341973417
v9,feat_gbm,1.0,45,323,-2.473609652884056,-2.5538050374755565
v9,feat_gbm,1.0,45,324,-1.6940209612047608,-1.5310020975326282
v9,feat_gbm,1.0,45,325,-0.5209111703866015,-0.735749980772127
v9,feat_gbm,1.0,45,326,-0.9613327629582916,-0.5010306012352705
v9,feat_gbm,1.0,45,327,-3.7302544670447855,-4.393123087746285
v9,feat_gbm,1.0,45,328,0.37560533047558164,0.6439364857563509
v9,feat_gbm,1.0,45,329,-3.0546490751433613,-2.60760252445046
v9,feat_gbm,1.0,45,330,0.7062648791767231,0.46983427811083467
v9,feat_gbm,1.0,45,331,-1.0733287031052652,-1.149354435920189
v9,feat_gbm,1.0,45,332,-2.185981078635914,-1.0961264399974935
v9,feat_gbm,1.0,45,333,0.8599103245751815,1.4253561556633074
v9,feat_gbm,1.0,45,334,1.0160212903367951,1.0406546288822482
v9,feat_gbm,1.0,45,335,-0.5155323418119441,-0.1286217558512718
v9,feat_gbm,1.0,45,336,-1.5770546985654095,-1.7275974260064488
v9,feat_gbm,1.0,45,337,-2.9088717038118697,-4.535227665039715
v9,feat_gbm,1.0,45,338,-0.28060429595996295,-1.078833843619319
v9,feat_gbm,1.0,45,339,-1.6804843813181052,-2.035297396751524
v9,feat_gbm,1.0,45,340,0.4002561182699034,0.4788286932125707
v9,feat_gbm,1.0,45,341,-1.1263708586540706,-0.4595082096564039
v9,feat_gbm,1.0,45,342,-3.759091282330258,-3.653430804591794
v9,feat_gbm,1.0,45,343,0.3907760631620937,0.2834522663037432
v9,feat_gbm,1.0,45,344,0.039935708083046105,-0.15984972455285287
v9,feat_gbm,1.0,45,345,-2.5213483875508667,-3.8822970119574354
v9,feat_gbm,1.0,45,346,-2.594456181731024,-2.5801989990218064
v9,feat_gbm,1.0,45,347,-3.4360608922252585,-3.2622630695286134
v9,feat_gbm,1.0,45,348,-0.9438661796225473,-0.4894561152880944
v9,feat_gbm,1.0,45,349,-4.158484990693933,-3.0223552414624764
v9,feat_gbm,1.0,45,350,0.7184935108732372,0.4215072765335228
v9,feat_gbm,1.0,45,351,-2.108985646674623,-1.8152752103400673
v9,feat_gbm,1.0,45,352,0.8124409228150248,1.102263670511441
v9,feat_gbm,1.0,45,353,0.9498942656020163,1.4454852001466738
v9,feat_gbm,1.0,45,354,-3.279955773180142,-3.6770060333191017
v9,feat_gbm,1.0,45,355,-3.294969395044055,-5.078652858832153
v9,feat_gbm,1.0,45,356,0.33888826237036007,0.7815322159665122
v9,feat_gbm,1.0,45,357,0.4283017643687229,0.6775133790495483
v9,feat_gbm,1.0,45,358,-3.5273369107891464,-3.5163570325540956
v9,feat_gbm,1.0,45,359,-2.9039301133368007,-4.157760523739404
v9,feat_gbm,1.0,45,360,-0.48053369661481443,-0.18386357284099003
v9,feat_gbm,1.0,45,361,-3.869211918285516,-4.477383009144865
v9,feat_gbm,1.0,45,362,0.053377941484476284,0.2909126951240761
v9,feat_gbm,1.0,45,363,-3.422693369704725,-3.5121531596302606
v9,feat_gbm,1.0,45,364,0.1854748766804036,-0.0019354464452207268
v9,feat_gbm,1.0,45,365,-3.1235498949748517,-3.264666087597375
v9,feat_gbm,1.0,45,366,-1.2566734302957134,-1.4961090632143375
v9,feat_gbm,1.0,45,367,-0.12503709290065593,-0.10305907560987346
v9,feat_gbm,1.0,45,368,0.03464061970883888,0.24601275195113992
v9,feat_gbm,1.0,45,369,-1.985322511420323,-1.6400355118163064
v9,feat_gbm,1.0,45,370,-1.43715402288006,-1.5399226532969161
v9,feat_gbm,1.0,45,371,-0.4026691111968843,-0.3336387161155974
v9,feat_gbm,1.0,45,372,0.24962047167600565,0.3185760540422761
v9,feat_gbm,1.0,45,373,-0.28575638976953177,-0.30756424411789
v9,feat_gbm,1.0,45,374,-3.8207199112820107,-3.551435429619069
v9,feat_gbm,1.0,45,375,0.28134032680869153,-0.12846918127015178
v9,feat_gbm,1.0,45,376,0.6849463177869969,0.43413099611324796
v9,feat_gbm,1.0,45,377,0.5492555803940642,0.8095384731463161
v9,feat_gbm,1.0,45,378,0.12504546381185042,0.20303525329731625
v9,feat_gbm,1.0,45,379,0.4769832022636654,0.524784145223057
v9,feat_gbm,1.0,45,380,0.19526778243263648,0.8722609808312535
v9,feat_gbm,1.0,45,381,0.7050143992653629,1.0190202163897197
v9,feat_gbm,1.0,45,382,0.517872171820645,1.2715191268303472
v9,feat_gbm,1.0,45,383,0.044685143199008855,-0.13923746667536385
v9,feat_gbm,1.0,45,384,-1.3712218766585214,-1.7983983483294153
v9,feat_gbm,1.0,45,385,0.2796180525480015,0.5606037150840157
v9,feat_gbm,1.0,45,386,0.4641129366736715,0.6003456151224621
v9,feat_gbm,1.0,45,387,0.683545998840004,1.3071718981356573
v9,feat_gbm,1.0,45,388,-0.07291583694392306,-0.19457283568776126
v9,feat_gbm,1.0,45,389,-1.5945637764087743,-0.981880356960367
v9,feat_gbm,1.0,45,390,-3.2950318561234124,-2.628024059072158
v9,feat_gbm,1.0,45,391,-2.5928532993472637,-2.479262758098376
v9,feat_gbm,1.0,45,392,-2.001991473121563,-2.207941629114672
v9,feat_gbm,1.0,45,393,-2.8553225713394363,-2.806586620215901
v9,feat_gbm,1.0,45,394,0.05639953489187881,-0.16842623590390868
v9,feat_gbm,1.0,45,395,0.40478031635275635,0.3596423409999632
v9,feat_gbm,1.0,45,396,-1.952427396038461,-3.117667066362407
v9,feat_gbm,1.0,45,397,0.8735735543173831,0.6134086288650079
v9,feat_gbm,1.0,45,398,0.620890053829314,0.5049020087080688
v9,feat_gbm,1.0,45,399,-1.1765230665147148,-1.0548605918119196
v9,feat_gbm,1.0,45,400,-2.741383239864545,-2.877676775828332
v9,feat_gbm,1.0,45,401,0.07267343249603433,0.015654415635624343
v9,feat_gbm,1.0,45,402,-0.4856661091469101,-0.7027824676465185
v9,feat_gbm,1.0,45,403,0.23089096656247912,0.6733427913489138
v9,feat_gbm,1.0,45,404,0.20476054948133518,0.03259550049258387
v9,feat_gbm,1.0,45,405,-3.4735155340507795,-3.4179416205706223
v9,feat_gbm,1.0,45,406,-1.2959788193175308,-1.6563158072976616
v9,feat_gbm,1.0,45,407,0.35482220678287146,0.3281041495218151
v9,feat_gbm,1.0,45,408,-1.7761329654963547,-1.498502430121411
v9,feat_gbm,1.0,45,409,-1.501420861360547,-1.5390850133499359
v9,feat_gbm,1.0,45,410,-2.6464847463182717,-3.8769914364338094
v9,feat_gbm,1.0,45,411,-1.447518577008599,-1.1093409530974205
v9,feat_gbm,1.0,45,412,-2.227622054023887,-2.1356441225652167
v9,feat_gbm,1.0,45,413,0.47954721867581773,0.5613925387002681
v9,feat_gbm,1.0,45,414,-2.25897383237463,-2.672303525149137
v9,feat_gbm,1.0,45,415,0.8546860023768302,0.9887747910888531
v9,feat_gbm,1.0,45,416,-1.8947361519777448,-2.064740642123073
v9,feat_gbm,1.0,45,417,-0.5786406453841034,-0.13534283366780814
v9,feat_gbm,1.0,45,418,0.3087632558001735,0.5266566940316069
v9,feat_gbm,1.0,45,419,-0.7175948868233454,-0.7929716308762645
v9,feat_gbm,1.0,45,420,0.024585707176445926,0.22081989653443584
v9,feat_gbm,1.0,45,421,-3.988231311734646,-3.4911396429773087
v9,feat_gbm,1.0,45,422,0.09308061358795586,0.4691563032653497
v9,feat_gbm,1.0,45,423,-0.0008252768646055939,-0.21242164749251408
v9,feat_gbm,1.0,45,424,-2.312649516566379,-2.0235730224261497
v9,feat_gbm,1.0,45,425,-0.25819457516209565,0.1881042769243711
v9,feat_gbm,1.0,45,426,-0.9919786254800563,-0.7546830882020855
v9,feat_gbm,1.0,45,427,-2.271013245292328,-2.004418163271322
v9,feat_gbm,1.0,45,428,0.10912431470798083,0.08108350485015015
v9,feat_gbm,1.0,45,429,-1.3312018978407092,-0.8958783842144782
v9,feat_gbm,1.0,45,430,-0.46923860959133623,-0.700178367515834
v9,feat_gbm,1.0,45,431,-2.221040381198454,-2.026447754843476
v9,feat_gbm,1.0,45,432,-2.8435076066083917,-3.3644112924118934
v9,feat_gbm,1.0,45,433,-1.9983940222368817,-2.4777804975332844
v9,feat_gbm,1.0,45,434,-3.5477301046240184,-3.6407879329147783
v9,feat_gbm,1.0,45,435,0.33067569968783733,0.8140524350977956
v9,feat_gbm,1.0,45,436,-0.4834546760192485,-0.6342245759550225
v9,feat_gbm,1.0,45,437,-1.271606133224053,-1.0170271575608654
v9,feat_gbm,1.0,45,438,0.8445417554430613,1.2058566336630974
v9,feat_gbm,1.0,45,439,0.8273815385978777,1.04159183954478
v9,feat_gbm,1.0,45,440,-1.1305100607269567,-0.383754051292973
v9,feat_gbm,1.0,45,441,0.9426630106547823,0.9717849563735496
v9,feat_gbm,1.0,45,442,0.8103057684898162,0.915394257773604
v9,feat_gbm,1.0,45,443,0.12155085846106793,0.17619398118278368
v9,feat_gbm,1.0,45,444,-2.625626468661768,-2.3026142847949007
v9,feat_gbm,1.0,45,445,-1.176992752429421,-2.156995715227189
v9,feat_gbm,1.0,45,446,-2.39173996211893,-1.9647154613855007
v9,feat_gbm,1.0,45,447,-1.326482818363339,-1.2167428909736953
v9,feat_gbm,1.0,45,448,-0.17085485248774318,0.371748058948411
v9,feat_gbm,1.0,45,449,-3.498822638680724,-3.354914600670279
v9,feat_gbm,1.0,45,450,-2.5643665108257316,-2.0984010901330774
v9,feat_gbm,1.0,45,451,-1.6438407551544307,-1.8411195968283314
v9,feat_gbm,1.0,45,452,0.00948924625566021,-0.2866386615093297
v9,feat_gbm,1.0,45,453,-1.3430043506942966,-2.1769502099219324
v9,feat_gbm,1.0,45,454,-0.04250340424561908,0.851829112076475
v9,feat_gbm,1.0,45,455,0.40344415922460297,-0.5174982843777256
v9,feat_gbm,1.0,45,456,-2.6773243562631923,-3.7883351795095335
v9,feat_gbm,1.0,45,457,-1.1450114449173305,-1.3225504843777425
v9,feat_gbm,1.0,45,458,-0.4473090706211933,-0.6304710111145473
v9,feat_gbm,1.0,45,459,-3.359870404729598,-2.867776928577639
v9,feat_gbm,1.0,45,460,-0.43291902233364843,-0.20106453453544149
v9,feat_gbm,1.0,45,461,0.4483275902042507,0.565413433251147
v9,feat_gbm,1.0,45,462,0.3274668310293918,0.6531860801292728
v9,feat_gbm,1.0,45,463,-3.3035486331849846,-3.295531334571209
v9,feat_gbm,1.0,45,464,-1.0729201708149103,-1.118951529136503
v9,feat_gbm,1.0,45,465,-0.002912527985399904,0.08535922256033004
v9,feat_gbm,1.0,45,466,0.2672484096883059,0.2656879386171551
v9,feat_gbm,1.0,45,467,-1.0780672783274163,-1.0764680911985907
v9,feat_gbm,1.0,45,468,0.8594297724517076,2.2503813782282114
v9,feat_gbm,1.0,45,469,0.08458041566765266,-0.029700274932011248
v9,feat_gbm,1.0,45,470,-2.2856641010753997,-2.1918010579584375
v9,feat_gbm,1.0,45,471,0.07268049288479315,-0.12537364897776127
v9,feat_gbm,1.0,45,472,-1.446712888294873,-1.3714574409892777
v9,feat_gbm,1.0,45,473,-1.9443372428895436,-1.0216450817816245
v9,feat_gbm,1.0,45,474,-0.8093136406692795,-0.8313233833759152
v9,feat_gbm,1.0,45,475,-2.7166482843648936,-3.25243582884057
v9,feat_gbm,1.0,45,476,0.5663050346596071,0.8737365575305754
v9,feat_gbm,1.0,45,477,-2.1224363301275675,-1.8373017486027088
v9,feat_gbm,1.0,45,478,-1.4070347307195712,-1.909749317133085
v9,feat_gbm,1.0,45,479,0.33085002020413123,0.418341725137149
v9,feat_gbm,1.0,45,480,-2.3602635639719285,-2.8689304810445995
v9,feat_gbm,1.0,45,481,-4.440810195020938,-3.9192950012633494
v9,feat_gbm,1.0,45,482,0.5727701681292602,0.8191907452202399
v9,feat_gbm,1.0,45,483,-2.728649878934866,-2.7371748494528005
v9,feat_gbm,1.0,45,484,0.14569893976939197,0.043868991079412875
v9,feat_gbm,1.0,45,485,-2.9475726608780657,-3.9571024828402512
v9,feat_gbm,1.0,45,486,-1.0935250029530041,-0.8286091055291892
v9,feat_gbm,1.0,45,487,1.375585638309244,1.1086460137612473
v9,feat_gbm,1.0,45,488,-1.0018999050297168,-1.0899995989348372
v9,feat_gbm,1.0,45,489,-2.7480889935696897,-2.9260181182274523
v9,feat_gbm,1.0,45,490,-0.19740661520199007,0.01778898425240747
v9,feat_gbm,1.0,45,491,-0.29171623727644014,-0.388546054063584
v9,feat_gbm,1.0,45,492,-0.8142700463022016,-0.8483910406321095
v9,feat_gbm,1.0,45,493,-2.819686816452001,-2.4855190663855797
v9,feat_gbm,1.0,45,494,-0.33031672286990765,-0.6027729178489412
v9,feat_gbm,1.0,45,495,-1.2683245365088178,-1.5285925057254015
v9,feat_gbm,1.0,45,496,0.6583738029699441,1.0092174422839322
v9,feat_gbm,1.0,45,497,-2.409155540348771,-2.421052301727873
v9,feat_gbm,1.0,45,498,-3.144411732590326,-3.2283141264699093
v9,feat_gbm,1.0,45,499,-3.9504742729839784,-4.907212199848568
v9,feat_gbm,1.0,46,0,-0.16584718356180758,0.03894909458183669
v9,feat_gbm,1.0,46,1,-2.435319593713736,-2.5052564746229193
v9,feat_gbm,1.0,46,2,0.2895232740994183,0.6287827851917782
v9,feat_gbm,1.0,46,3,-3.1265144836403707,-3.3447289283878643
v9,feat_gbm,1.0,46,4,1.1099992212341616,0.9694015026406426
v9,feat_gbm,1.0,46,5,-2.404244103916514,-2.4693709778233526
v9,feat_gbm,1.0,46,6,0.09836130361425831,-0.2819211013310965
v9,feat_gbm,1.0,46,7,0.511092516271732,0.5289578846490461
v9,feat_gbm,1.0,46,8,0.4871196648434382,0.032863622186365654
v9,feat_gbm,1.0,46,9,0.9951122440723154,0.9352707853930591
v9,feat_gbm,1.0,46,10,-1.9476235722271023,-1.5987558134683666
v9,feat_gbm,1.0,46,11,-2.9092338269123186,-3.2678706438993954
v9,feat_gbm,1.0,46,12,-2.016667201996489,-2.445380546146449
v9,feat_gbm,1.0,46,13,-0.17206575357844142,-0.4471217519653716
v9,feat_gbm,1.0,46,14,-1.1361751345481164,-1.8343062920535937
v9,feat_gbm,1.0,46,15,-2.57998862711559,-2.278287047942225
v9,feat_gbm,1.0,46,16,-0.997639054034407,-1.113015507562239
v9,feat_gbm,1.0,46,17,-1.21713185111718,-1.149386040828735
v9,feat_gbm,1.0,46,18,-0.5589723816413616,-0.4541092694382234
v9,feat_gbm,1.0,46,19,-2.871774850067218,-2.8798658660471284
v9,feat_gbm,1.0,46,20,-3.3894144052622543,-3.281006200299989
v9,feat_gbm,1.0,46,21,-0.7673306113877427,-0.7889402030111288
v9,feat_gbm,1.0,46,22,-1.2271267203763496,-0.48114593055133975
v9,feat_gbm,1.0,46,23,-2.47892129626513,-2.8038114998165153
v9,feat_gbm,1.0,46,24,-2.4317592514550648,-2.6726430450531393
v9,feat_gbm,1.0,46,25,-2.8993472744122744,-3.141178249464176
v9,feat_gbm,1.0,46,26,-3.5358312956588116,-3.8612362310489847
v9,feat_gbm,1.0,46,27,-2.6949913344842344,-3.085821277369337
v9,feat_gbm,1.0,46,28,-1.9078805800566192,-2.1153791712035637
v9,feat_gbm,1.0,46,29,-1.4063295553337556,-0.5854112868629942
v9,feat_gbm,1.0,46,30,0.08878483556310267,0.13849791927417068
v9,feat_gbm,1.0,46,31,-3.170069781228812,-2.779654184179668
v9,feat_gbm,1.0,46,32,1.2986708907155342,0.9166392391011026
v9,feat_gbm,1.0,46,33,-1.6270017571982922,-2.134444297962007
v9,feat_gbm,1.0,46,34,0.4905465205188218,1.1224191581864646
v9,feat_gbm,1.0,46,35,-2.2157074424494967,-2.7514680837461087
v9,feat_gbm,1.0,46,36,0.6275307798364937,0.7493710802437775
v9,feat_gbm,1.0,46,37,-2.087712508291831,-2.157600461660938
v9,feat_gbm,1.0,46,38,-1.988284253563005,-1.7436371170468024
v9,feat_gbm,1.0,46,39,0.6918654032945865,0.632388610685479
v9,feat_gbm,1.0,46,40,-1.0138077400941004,-1.5024753827969588
v9,feat_gbm,1.0,46,41,-3.0919029298816048,-2.936018587066778
v9,feat_gbm,1.0,46,42,-0.2885160540313927,-0.06406961406287034
v9,feat_gbm,1.0,46,43,-0.44777679073020543,-0.43711075337934485
v9,feat_gbm,1.0,46,44,0.06138447624558578,0.521724778538647
v9,feat_gbm,1.0,46,45,0.5768997437420147,-0.02881562555915001
v9,feat_gbm,1.0,46,46,-2.9022260757890934,-2.6856700943784895
v9,feat_gbm,1.0,46,47,-3.571472785848717,-3.3419513202228783
v9,feat_gbm,1.0,46,48,-0.2801857176617925,-0.35240032436669677
v9,feat_gbm,1.0,46,49,-3.322442260345068,-4.466027560457086
v9,feat_gbm,1.0,46,50,-1.1810408963234431,-1.2227887404747313
v9,feat_gbm,1.0,46,51,-3.3032107209788606,-4.168130875201601
v9,feat_gbm,1.0,46,52,-2.771421749163639,-2.1825653069440887
v9,feat_gbm,1.0,46,53,-3.109245492263915,-2.816977102698189
v9,feat_gbm,1.0,46,54,-1.0256341809464369,-0.9520374156321785
v9,feat_gbm,1.0,46,55,0.6196579471441496,0.800460094219776
v9,feat_gbm,1.0,46,56,0.16443067631261746,0.2782562560211116
v9,feat_gbm,1.0,46,57,0.11099044923171159,-0.7855200046266205
v9,feat_gbm,1.0,46,58,-2.750502932781468,-2.837973637743256
v9,feat_gbm,1.0,46,59,0.01896199269577488,0.3653424354755994
v9,feat_gbm,1.0,46,60,-3.145563631701626,-3.145987746693799
v9,feat_gbm,1.0,46,61,-2.2979261971441756,-2.1381844357326614
v9,feat_gbm,1.0,46,62,0.8890956842660008,0.3908315550690521
v9,feat_gbm,1.0,46,63,-3.2743481979141698,-3.259739876316779
v9,feat_gbm,1.0,46,64,-3.858508338973427,-3.799325775609258
v9,feat_gbm,1.0,46,65,-0.3149068307981159,0.2842997557356093
v9,feat_gbm,1.0,46,66,0.5872675124943831,0.9099380077885143
v9,feat_gbm,1.0,46,67,0.2905079531166119,0.5741223235018287
v9,feat_gbm,1.0,46,68,1.1996512232185346,1.3807263582335993
v9,feat_gbm,1.0,46,69,0.8677247709901141,2.7357387204405055
v9,feat_gbm,1.0,46,70,-0.0991315473722707,-0.3782017485149665
v9,feat_gbm,1.0,46,71,-0.7002570515707061,-0.6946521973220513
v9,feat_gbm,1.0,46,72,-3.3590758074598575,-3.510295151868067
v9,feat_gbm,1.0,46,73,-0.22442806850926192,-0.3643686170400702
v9,feat_gbm,1.0,46,74,1.3011816540881878,1.1835884152793859
v9,feat_gbm,1.0,46,75,0.03331802085141458,-0.38644824542838596
v9,feat_gbm,1.0,46,76,0.21623454128623557,0.7005004452467647
v9,feat_gbm,1.0,46,77,0.3653905325053008,0.3770911051312199
v9,feat_gbm,1.0,46,78,-0.42334730820039207,-0.5374783823521183
v9,feat_gbm,1.0,46,79,-2.5811847147566267,-3.2499450611549854
v9,feat_gbm,1.0,46,80,-1.9268497968319445,-1.719925172279684
v9,feat_gbm,1.0,46,81,1.1183923965467393,1.8185710395242058
v9,feat_gbm,1.0,46,82,-1.0521290241865906,-1.0758778979961314
v9,feat_gbm,1.0,46,83,-0.31535452640442935,-0.8033140510569362
v9,feat_gbm,1.0,46,84,-2.2649895741369876,-2.0837035815006346
v9,feat_gbm,1.0,46,85,-1.0497425893669379,-1.2430797823904942
v9,feat_gbm,1.0,46,86,0.6974307200978087,0.639317965424242
v9,feat_gbm,1.0,46,87,-0.35649730185906375,-0.02321591952008587
v9,feat_gbm,1.0,46,88,-3.2460922565544132,-3.512086916650174
v9,feat_gbm,1.0,46,89,-1.4812863941091738,-1.684363733317816
v9,feat_gbm,1.0,46,90,-3.6575843131110384,-3.5341996208099964
v9,feat_gbm,1.0,46,91,0.8932395630492761,1.1574629997660548
v9,feat_gbm,1.0,46,92,-1.4428503893240756,-0.7651863719989663
v9,feat_gbm,1.0,46,93,-4.540223445805375,-5.7708125015304885
v9,feat_gbm,1.0,46,94,-0.008163945901470723,0.07374698385127064
v9,feat_gbm,1.0,46,95,0.2468770249963329,1.201566413592891
v9,feat_gbm,1.0,46,96,1.1308677289944256,1.2655480006709303
v9,feat_gbm,1.0,46,97,-3.5963693280712663,-3.2217777708537843
v9,feat_gbm,1.0,46,98,-1.5380779711463508,-1.2120387208328698
v9,feat_gbm,1.0,46,99,-0.4597027926909137,-0.04015373686183237
v9,feat_gbm,1.0,46,100,-2.520215148627463,-2.8384481914339785
v9,feat_gbm,1.0,46,101,-2.9784888239245033,-3.541068619782685
v9,feat_gbm,1.0,46,102,-4.213185422039995,-4.424727465058162
v9,feat_gbm,1.0,46,103,-0.7434230292166759,-0.7652009130347144
v9,feat_gbm,1.0,46,104,-0.6828553800673658,-0.406664655497914
v9,feat_gbm,1.0,46,105,-2.623968507541578,-2.8019031633754246
v9,feat_gbm,1.0,46,106,-1.2234776122600022,-1.1978192780958505
v9,feat_gbm,1.0,46,107,-1.2501045669436912,-1.2497822804421463
v9,feat_gbm,1.0,46,108,-0.1377442815911343,-0.2003702404752673
v9,feat_gbm,1.0,46,109,-0.4717254103057594,-0.28745536208379296
v9,feat_gbm,1.0,46,110,0.5674622216431244,0.2838469771831524
v9,feat_gbm,1.0,46,111,0.11763051476131745,0.6579850926301614
v9,feat_gbm,1.0,46,112,-0.31724216665955446,-0.4279263804064609
v9,feat_gbm,1.0,46,113,0.019948450927244083,0.527327823801956
v9,feat_gbm,1.0,46,114,-3.6442051291927386,-3.652947895428966
v9,feat_gbm,1.0,46,115,-1.0719146727345803,-0.04287987221360797
v9,feat_gbm,1.0,46,116,-3.8027148383483445,-3.4409421360670214
v9,feat_gbm,1.0,46,117,-2.571787570595531,-2.4284095097884006
v9,feat_gbm,1.0,46,118,-1.736537930816008,-1.419217075367618
v9,feat_gbm,1.0,46,119,-2.6836367355546393,-1.4944271796191557
v9,feat_gbm,1.0,46,120,-2.9619931508020483,-2.797137626437216
v9,feat_gbm,1.0,46,121,0.588542906355712,3.1321125804877905
v9,feat_gbm,1.0,46,122,-2.5469476490999665,-3.164895556438051
v9,feat_gbm,1.0,46,123,0.15827080814290265,-0.021234684620174846
v9,feat_gbm,1.0,46,124,-1.6037098052447936,-1.246001114532972
v9,feat_gbm,1.0,46,125,-2.4782176458579235,-2.7130193085566443
v9,feat_gbm,1.0,46,126,-1.994779307180424,-2.0560780011130944
v9,feat_gbm,1.0,46,127,-1.5608167566701712,-1.631222331554067
v9,feat_gbm,1.0,46,128,-2.9530484225727895,-3.477307725783656
v9,feat_gbm,1.0,46,129,1.2385415800960196,1.7007542891568868
v9,feat_gbm,1.0,46,130,-3.1139714402983523,-3.4021624962570822
v9,feat_gbm,1.0,46,131,-3.3898479124578724,-3.701149444421242
v9,feat_gbm,1.0,46,132,-0.1179737704824804,-0.4116741376471012
v9,feat_gbm,1.0,46,133,-0.6890538571347791,-0.5680375850475197
v9,feat_gbm,1.0,46,134,-1.1633978080266132,-1.4788189923590598
v9,feat_gbm,1.0,46,135,-2.639962387812707,-2.9896549957503007
v9,feat_gbm,1.0,46,136,0.4694418149783994,0.11194117436713467
v9,feat_gbm,1.0,46,137,1.1637521715083958,1.7147062893715772
v9,feat_gbm,1.0,46,138,-2.155875502276549,-1.9709125209383296
v9,feat_gbm,1.0,46,139,0.003223797813337575,0.19937477723826902
v9,feat_gbm,1.0,46,140,-2.7498492266673646,-2.8223726616431475
v9,feat_gbm,1.0,46,141,-0.15206556828282283,-0.12380828599000025
v9,feat_gbm,1.0,46,142,-3.089976189292139,-2.97521232911642
v9,feat_gbm,1.0,46,143,-2.1268591490101096,-1.9484557479617686
v9,feat_gbm,1.0,46,144,0.871455109799438,1.244093655886106
v9,feat_gbm,1.0,46,145,-2.19337684318785,-2.0280859266176816
v9,feat_gbm,1.0,46,146,-2.0804850603581397,-2.0754073031653366
v9,feat_gbm,1.0,46,147,0.08077468576334323,-0.11331641159387335
v9,feat_gbm,1.0,46,148,-2.02800993842152,-2.620298039600635
v9,feat_gbm,1.0,46,149,-2.901807480883717,-3.8395532227602396
v9,feat_gbm,1.0,46,150,-1.8322633192711777,-2.149698272240366
v9,feat_gbm,1.0,46,151,-3.0149192355944323,-3.1594376779318036
v9,feat_gbm,1.0,46,152,-2.226817774113107,-2.7712141114581046
v9,feat_gbm,1.0,46,153,-1.3254720550100403,-1.1483368403810985
v9,feat_gbm,1.0,46,154,-1.1316181600097814,-1.4700676700115773
v9,feat_gbm,1.0,46,155,0.8691209477012826,1.4088416749712322
v9,feat_gbm,1.0,46,156,0.3936039783037352,0.7564704220494097
v9,feat_gbm,1.0,46,157,-2.303189257507697,-1.7148995557963913
v9,feat_gbm,1.0,46,158,-1.9782222983679352,-2.8595355115547196
v9,feat_gbm,1.0,46,159,-1.3036908575386794,-0.9922400520728849
v9,feat_gbm,1.0,46,160,2.1460417563352627,1.8585227307534937
v9,feat_gbm,1.0,46,161,-2.164220704700594,-2.477654537850602
v9,feat_gbm,1.0,46,162,-2.6132181162743944,-2.993764039868935
v9,feat_gbm,1.0,46,163,-1.135483406914627,-1.1722671160336509
v9,feat_gbm,1.0,46,164,-1.7511325484621112,-1.6577576086204497
v9,feat_gbm,1.0,46,165,-2.59050571542855,-2.9770186999323642
v9,feat_gbm,1.0,46,166,-3.510990059278222,-3.2329952824425443
v9,feat_gbm,1.0,46,167,-0.30072466952728666,0.19550508612775644
v9,feat_gbm,1.0,46,168,-1.0217392555391134,-1.2639642813248737
v9,feat_gbm,1.0,46,169,1.1583443779954647,1.4224064134580066
v9,feat_gbm,1.0,46,170,-2.3850444550235195,-1.5303724784706008
v9,feat_gbm,1.0,46,171,0.6895671729034247,0.6086346650572224
v9,feat_gbm,1.0,46,172,-0.014294395693498652,-0.052232489626048526
v9,feat_gbm,1.0,46,173,-0.9507411614630439,-0.19074605880313256
v9,feat_gbm,1.0,46,174,-2.4860446104288134,-2.7678232596734214
v9,feat_gbm,1.0,46,175,-2.091563013391157,-1.6557092188829319
v9,feat_gbm,1.0,46,176,0.5750392522711394,0.12081831439914445
v9,feat_gbm,1.0,46,177,-0.026434771525570663,3.7031714993021168
v9,feat_gbm,1.0,46,178,-0.5366218984136061,-0.17761292562564054
v9,feat_gbm,1.0,46,179,-0.018672560107923748,0.2295122735959306
v9,feat_gbm,1.0,46,180,-1.476552076634209,-1.6401012725318311
v9,feat_gbm,1.0,46,181,-2.801065562201693,-3.399461101549646
v9,feat_gbm,1.0,46,182,0.5922825821210206,0.5421608664871393
v9,feat_gbm,1.0,46,183,-4.03182991139525,-3.7858185839721776
v9,feat_gbm,1.0,46,184,0.331257305229886,0.4440956773301304
v9,feat_gbm,1.0,46,185,0.12363317408107118,0.5450962365111649
v9,feat_gbm,1.0,46,186,-2.9020027405694306,-3.094441269353033
v9,feat_gbm,1.0,46,187,0.9297961405104562,1.436275522654785
v9,feat_gbm,1.0,46,188,0.024831926002642037,-0.003208414280501246
v9,feat_gbm,1.0,46,189,-2.137868657323103,-2.0766448721687736
v9,feat_gbm,1.0,46,190,-3.1745914508806905,-2.887011097372245
v9,feat_gbm,1.0,46,191,-0.31250633269927847,-0.19564387773269687
v9,feat_gbm,1.0,46,192,-2.9948150849648028,-3.39219136175158
v9,feat_gbm,1.0,46,193,-3.8912732629619597,-4.804455114758695
v9,feat_gbm,1.0,46,194,0.1193124619609979,-0.23230879418151415
v9,feat_gbm,1.0,46,195,1.112521239277505,0.7768952289284052
v9,feat_gbm,1.0,46,196,-3.6048479114384335,-3.0758975731441707
v9,feat_gbm,1.0,46,197,1.5146767474468157,1.8852948766094535
v9,feat_gbm,1.0,46,198,0.12708707508026748,-0.07474663349946693
v9,feat_gbm,1.0,46,199,1.3513817192350535,0.9295509098669842
v9,feat_gbm,1.0,46,200,0.02357278399467252,0.40408761039079466
v9,feat_gbm,1.0,46,201,-0.8525532216839738,-1.0185563947000995
v9,feat_gbm,1.0,46,202,-1.1085854314696695,-1.5812541435625456
v9,feat_gbm,1.0,46,203,-2.0690162002899406,-2.9269603411540346
v9,feat_gbm,1.0,46,204,-0.23447202227673886,-0.9368237022381455
v9,feat_gbm,1.0,46,205,-0.5329953739842133,-0.771906247259438
v9,feat_gbm,1.0,46,206,-1.904386072299563,-1.4457766532498904
v9,feat_gbm,1.0,46,207,-2.392120351929975,-2.4752738768021185
v9,feat_gbm,1.0,46,208,-2.6648772951769164,-2.8789590131308262
v9,feat_gbm,1.0,46,209,-2.0392435030345415,-2.6986856152036793
v9,feat_gbm,1.0,46,210,-0.07336788121330008,0.05837096406180189
v9,feat_gbm,1.0,46,211,-3.0696524816465267,-2.2327070274631113
v9,feat_gbm,1.0,46,212,0.008317513308350625,0.15758807445032513
v9,feat_gbm,1.0,46,213,0.8089597950900572,0.5234750924970406
v9,feat_gbm,1.0,46,214,0.9694694831457571,0.8312555987922697
v9,feat_gbm,1.0,46,215,-0.9948095691484713,-0.7699972654610447
v9,feat_gbm,1.0,46,216,-2.406221625278931,-2.4368834827463726
v9,feat_gbm,1.0,46,217,-3.2310115123303285,-3.7421886443248944
v9,feat_gbm,1.0,46,218,-3.7400585803078603,-4.3753265313120195
v9,feat_gbm,1.0,46,219,0.26979939191733165,0.13181597567614448
v9,feat_gbm,1.0,46,220,-2.598149878794575,-2.150299196146146
v9,feat_gbm,1.0,46,221,0.33494641201085906,0.4316281043505307
v9,feat_gbm,1.0,46,222,0.4291848336820154,0.20581216265343685
v9,feat_gbm,1.0,46,223,-2.2057640931145044,-1.7226779576420432
v9,feat_gbm,1.0,46,224,1.1016232122714158,1.0701061526100661
v9,feat_gbm,1.0,46,225,-1.8330083539713338,-2.995983076644188
v9,feat_gbm,1.0,46,226,-0.19285681263669371,-0.39103048890459524
v9,feat_gbm,1.0,46,227,-2.0876610328592755,-2.811377433191803
v9,feat_gbm,1.0,46,228,-0.08005974122487958,0.1103569248772952
v9,feat_gbm,1.0,46,229,0.7664428340331025,1.0926797996732165
v9,feat_gbm,1.0,46,230,-1.1714285332985603,-1.1465469989616057
v9,feat_gbm,1.0,46,231,-3.6908250284921458,-3.7045714701961474
v9,feat_gbm,1.0,46,232,-0.3190531907735528,-0.3205795311611984
v9,feat_gbm,1.0,46,233,-0.08840761926506399,-0.7282288274356463
v9,feat_gbm,1.0,46,234,-0.31025943874905554,-0.6143938277881194
v9,feat_gbm,1.0,46,235,-2.9244187799236974,-3.717493513170671
v9,feat_gbm,1.0,46,236,-2.241419777156137,-1.894186438607053
v9,feat_gbm,1.0,46,237,-0.07599213550078286,0.19101892391720615
v9,feat_gbm,1.0,46,238,-2.2012676966574696,-2.723653519266766
v9,feat_gbm,1.0,46,239,0.3104167812423177,0.28172679866345784
v9,feat_gbm,1.0,46,240,-0.9184047408866572,-0.570916259780521
v9,feat_gbm,1.0,46,241,-2.10245542876142,-3.037607674189957
v9,feat_gbm,1.0,46,242,-2.5457900536447298,-2.4824067099880884
v9,feat_gbm,1.0,46,243,1.0920162720546602,1.793244191067856
v9,feat_gbm,1.0,46,244,-2.0133013687811294,-2.170563194223024
v9,feat_gbm,1.0,46,245,-2.538315765207128,-2.5580286375581696
v9,feat_gbm,1.0,46,246,-2.712256066773792,-3.9013363177662743
v9,feat_gbm,1.0,46,247,-1.4086366166588558,-1.2689211715035387
v9,feat_gbm,1.0,46,248,-2.7214912888640566,-2.89795980370705
v9,feat_gbm,1.0,46,249,-1.0895339221292648,-1.149470325468549
v9,feat_gbm,1.0,46,250,-2.7913072308158733,-2.1803876537888693
v9,feat_gbm,1.0,46,251,-1.098597667832054,-1.2010659028736028
v9,feat_gbm,1.0,46,252,-2.745159799544855,-2.675840590612525
v9,feat_gbm,1.0,46,253,-0.7735234561585059,-0.865421424414132
v9,feat_gbm,1.0,46,254,-0.10259942074615,-0.45089388998719687
v9,feat_gbm,1.0,46,255,-1.5668412451189344,-1.477655138121315
v9,feat_gbm,1.0,46,256,-2.0614501471714206,-1.9234128661936198
v9,feat_gbm,1.0,46,257,-0.6463413959979541,-0.8895479413744646
v9,feat_gbm,1.0,46,258,-1.2088411597228441,-1.284701881398344
v9,feat_gbm,1.0,46,259,-0.32278162640899816,0.03791276039075724
v9,feat_gbm,1.0,46,260,-0.9151516446216427,-1.213907680807544
v9,feat_gbm,1.0,46,261,-0.6329028590294329,-0.6937064881158975
v9,feat_gbm,1.0,46,262,-2.318279935914995,-2.500344974429108
v9,feat_gbm,1.0,46,263,-3.3822282808740467,-3.0782877743164985
v9,feat_gbm,1.0,46,264,-2.9153279761222826,-3.2702790535172426
v9,feat_gbm,1.0,46,265,-0.04216549456097562,-0.15746453031192983
v9,feat_gbm,1.0,46,266,-1.3978120990014928,-1.3930653126164372
v9,feat_gbm,1.0,46,267,-4.114026226210594,-3.460520174484755
v9,feat_gbm,1.0,46,268,-1.6305602894001927,-1.8115923421665279
v9,feat_gbm,1.0,46,269,0.25186875570823136,-0.04785951915829837
v9,feat_gbm,1.0,46,270,-1.2914103171486089,-1.3387838926701625
v9,feat_gbm,1.0,46,271,0.7543246795774475,0.6172482925771328
v9,feat_gbm,1.0,46,272,0.20999937725324738,0.10718580269537517
v9,feat_gbm,1.0,46,273,-2.681839494303399,-2.4250613993713395
v9,feat_gbm,1.0,46,274,0.005309624054218294,-0.4656136934058211
v9,feat_gbm,1.0,46,275,-1.793469308994687,-1.7679071058666047
v9,feat_gbm,1.0,46,276,-0.025410068662705364,-0.15192249005847586
v9,feat_gbm,1.0,46,277,-0.3730356433441228,-0.22686658439221394
v9,feat_gbm,1.0,46,278,-0.328520705909833,-0.3963273628232521
v9,feat_gbm,1.0,46,279,-2.497789668280975,-2.1916982233579314
v9,feat_gbm,1.0,46,280,0.7293221538009781,0.5138857123822332
v9,feat_gbm,1.0,46,281,0.5996211775001996,0.13501120436460418
v9,feat_gbm,1.0,46,282,0.012235923399453844,-0.35232291748203215
v9,feat_gbm,1.0,46,283,0.179304381476624,0.33710059568630363
v9,feat_gbm,1.0,46,284,1.4939339380101593,2.2269494594330284
v9,feat_gbm,1.0,46,285,-0.4430019939548955,-0.8523290277873723
v9,feat_gbm,1.0,46,286,0.2777329067151371,0.5032694866056324
v9,feat_gbm,1.0,46,287,-3.737608724552921,-3.0734310124071125
v9,feat_gbm,1.0,46,288,-3.006851024017997,-3.0969464995649485
v9,feat_gbm,1.0,46,289,0.46486094119676497,0.8088909840914691
v9,feat_gbm,1.0,46,290,-2.1061046422897483,-1.710735902712342
v9,feat_gbm,1.0,46,291,-0.060183781974650574,-0.24588513525180683
v9,feat_gbm,1.0,46,292,-2.8360182301751817,-2.9910915714149957
v9,feat_gbm,1.0,46,293,0.08178126975380136,0.24397961438558982
v9,feat_gbm,1.0,46,294,0.4197151216990253,0.9827222917401395
v9,feat_gbm,1.0,46,295,0.8272389833558997,1.5399914318848642
v9,feat_gbm,1.0,46,296,-2.807905157735647,-3.028104854063688
v9,feat_gbm,1.0,46,297,-2.015487872262891,-1.9675880903276046
v9,feat_gbm,1.0,46,298,0.41628626892236015,0.3882116190950413
v9,feat_gbm,1.0,46,299,-0.3725726794556978,-0.4169590587595381
v9,feat_gbm,1.0,46,300,-0.5287061667208734,-0.47104701624968015
v9,feat_gbm,1.0,46,301,-0.4890576572264061,-0.5788171023402015
v9,feat_gbm,1.0,46,302,-3.5613442045372445,-3.325334912618423
v9,feat_gbm,1.0,46,303,0.04124070452633661,0.27214776974989446
v9,feat_gbm,1.0,46,304,-0.11274182787600907,0.2838761456734127
v9,feat_gbm,1.0,46,305,0.7062323915786628,0.98356576927226
v9,feat_gbm,1.0,46,306,-1.8269593746994526,-2.324804251846344
v9,feat_gbm,1.0,46,307,-0.1842102886961594,-0.30060412365222405
v9,feat_gbm,1.0,46,308,-4.0072213366971265,-3.5706943269006843
v9,feat_gbm,1.0,46,309,0.5001046481835566,0.7657986236992217
v9,feat_gbm,1.0,46,310,-0.9214670144384101,-0.3760212383278314
v9,feat_gbm,1.0,46,311,0.8831548508845365,0.903367601886353
v9,feat_gbm,1.0,46,312,0.7726300690914136,0.2834145554969618
v9,feat_gbm,1.0,46,313,-0.6631007687552353,-0.8750381269167363
v9,feat_gbm,1.0,46,314,-1.7995722836665884,-0.8911054934067958
v9,feat_gbm,1.0,46,315,0.2083694921001407,0.2699623908229132
v9,feat_gbm,1.0,46,316,-3.588840875421403,-4.034449774534175
v9,feat_gbm,1.0,46,317,0.0983314888144766,0.7302045063515665
v9,feat_gbm,1.0,46,318,-2.30597861290766,-2.5264159394565007
v9,feat_gbm,1.0,46,319,-2.859665959975199,-3.1280680478747835
v9,feat_gbm,1.0,46,320,0.1031119201704517,-0.623194388118803
v9,feat_gbm,1.0,46,321,-3.928406051427624,-4.172922463867305
v9,feat_gbm,1.0,46,322,0.9432283972633557,1.0714029341973417
v9,feat_gbm,1.0,46,323,-2.525661124930503,-2.5538050374755565
v9,feat_gbm,1.0,46,324,-1.5964606667906942,-1.5310020975326282
v9,feat_gbm,1.0,46,325,-0.34948042826476183,-0.735749980772127
v9,feat_gbm,1.0,46,326,-0.911024937945948,-0.5010306012352705
v9,feat_gbm,1.0,46,327,-3.997953479795445,-4.393123087746285
v9,feat_gbm,1.0,46,328,0.5288144668199846,0.6439364857563509
v9,feat_gbm,1.0,46,329,-3.125514538339489,-2.60760252445046
v9,feat_gbm,1.0,46,330,0.5145849736419669,0.46983427811083467
v9,feat_gbm,1.0,46,331,-0.9700411945110696,-1.149354435920189
v9,feat_gbm,1.0,46,332,-2.223869128495131,-1.0961264399974935
v9,feat_gbm,1.0,46,333,0.9504656746405816,1.4253561556633074
v9,feat_gbm,1.0,46,334,0.9620305605669849,1.0406546288822482
v9,feat_gbm,1.0,46,335,-0.66270380582464,-0.1286217558512718
v9,feat_gbm,1.0,46,336,-1.6153842122191469,-1.7275974260064488
v9,feat_gbm,1.0,46,337,-3.1712634245749345,-4.535227665039715
v9,feat_gbm,1.0,46,338,-0.3132069313079571,-1.078833843619319
v9,feat_gbm,1.0,46,339,-1.7627098065060378,-2.035297396751524
v9,feat_gbm,1.0,46,340,0.35458248924543834,0.4788286932125707
v9,feat_gbm,1.0,46,341,-0.8196898327970943,-0.4595082096564039
v9,feat_gbm,1.0,46,342,-3.763308404653883,-3.653430804591794
v9,feat_gbm,1.0,46,343,0.2748551633965823,0.2834522663037432
v9,feat_gbm,1.0,46,344,0.01781747927242416,-0.15984972455285287
v9,feat_gbm,1.0,46,345,-2.5447227467500197,-3.8822970119574354
v9,feat_gbm,1.0,46,346,-2.7074535604911905,-2.5801989990218064
v9,feat_gbm,1.0,46,347,-3.5460886807072782,-3.2622630695286134
v9,feat_gbm,1.0,46,348,-0.809345480784135,-0.4894561152880944
v9,feat_gbm,1.0,46,349,-3.8932552089707806,-3.0223552414624764
v9,feat_gbm,1.0,46,350,0.7576160366767208,0.4215072765335228
v9,feat_gbm,1.0,46,351,-2.174423808778461,-1.8152752103400673
v9,feat_gbm,1.0,46,352,0.9436119654929539,1.102263670511441
v9,feat_gbm,1.0,46,353,1.021711862436075,1.4454852001466738
v9,feat_gbm,1.0,46,354,-3.3411757835254647,-3.6770060333191017
v9,feat_gbm,1.0,46,355,-3.3230268378259167,-5.078652858832153
v9,feat_gbm,1.0,46,356,0.3328198872383386,0.7815322159665122
v9,feat_gbm,1.0,46,357,0.39676656721904413,0.6775133790495483
v9,feat_gbm,1.0,46,358,-3.497998191715192,-3.5163570325540956
v9,feat_gbm,1.0,46,359,-2.944264012565524,-4.157760523739404
v9,feat_gbm,1.0,46,360,-0.39928822725978264,-0.18386357284099003
v9,feat_gbm,1.0,46,361,-3.612753874938995,-4.477383009144865
v9,feat_gbm,1.0,46,362,0.06287972149152421,0.2909126951240761
v9,feat_gbm,1.0,46,363,-3.283534460089564,-3.5121531596302606
v9,feat_gbm,1.0,46,364,0.045440972886478546,-0.0019354464452207268
v9,feat_gbm,1.0,46,365,-2.9786852649938207,-3.264666087597375
v9,feat_gbm,1.0,46,366,-1.130694086387706,-1.4961090632143375
v9,feat_gbm,1.0,46,367,-0.1595696459022083,-0.10305907560987346
v9,feat_gbm,1.0,46,368,0.031060435286638897,0.24601275195113992
v9,feat_gbm,1.0,46,369,-1.963305202456141,-1.6400355118163064
v9,feat_gbm,1.0,46,370,-1.345972407570881,-1.5399226532969161
v9,feat_gbm,1.0,46,371,-0.24527541686002235,-0.3336387161155974
v9,feat_gbm,1.0,46,372,0.34092969037250825,0.3185760540422761
v9,feat_gbm,1.0,46,373,-0.4374617680676871,-0.30756424411789
v9,feat_gbm,1.0,46,374,-3.7257550369515204,-3.551435429619069
v9,feat_gbm,1.0,46,375,0.28107587857151634,-0.12846918127015178
v9,feat_gbm,1.0,46,376,0.639036026059364,0.43413099611324796
v9,feat_gbm,1.0,46,377,0.486686687370948,0.8095384731463161
v9,feat_gbm,1.0,46,378,0.21657332003206345,0.20303525329731625
v9,feat_gbm,1.0,46,379,0.3338951164978609,0.524784145223057
v9,feat_gbm,1.0,46,380,0.24012714280864142,0.8722609808312535
v9,feat_gbm,1.0,46,381,0.712409893710363,1.0190202163897197
v9,feat_gbm,1.0,46,382,0.4594968371946668,1.2715191268303472
v9,feat_gbm,1.0,46,383,0.01301518094182861,-0.13923746667536385
v9,feat_gbm,1.0,46,384,-1.3793656899914728,-1.7983983483294153
v9,feat_gbm,1.0,46,385,0.06606481793540685,0.5606037150840157
v9,feat_gbm,1.0,46,386,0.5207842328439289,0.6003456151224621
v9,feat_gbm,1.0,46,387,0.7005709100848287,1.3071718981356573
v9,feat_gbm,1.0,46,388,-0.04037952495100212,-0.19457283568776126
v9,feat_gbm,1.0,46,389,-1.5182364981665892,-0.981880356960367
v9,feat_gbm,1.0,46,390,-3.413994087554699,-2.628024059072158
v9,feat_gbm,1.0,46,391,-2.7979027913345185,-2.479262758098376
v9,feat_gbm,1.0,46,392,-2.0281353851548536,-2.207941629114672
v9,feat_gbm,1.0,46,393,-2.872271180267908,-2.806586620215901
v9,feat_gbm,1.0,46,394,0.014808300241495004,-0.16842623590390868
v9,feat_gbm,1.0,46,395,0.4963849442349711,0.3596423409999632
v9,feat_gbm,1.0,46,396,-1.9821174895062348,-3.117667066362407
v9,feat_gbm,1.0,46,397,0.9289964583429874,0.6134086288650079
v9,feat_gbm,1.0,46,398,0.5483940427799038,0.5049020087080688
v9,feat_gbm,1.0,46,399,-1.3227872500731646,-1.0548605918119196
v9,feat_gbm,1.0,46,400,-2.633414266232545,-2.877676775828332
v9,feat_gbm,1.0,46,401,0.15526933819216943,0.015654415635624343
v9,feat_gbm,1.0,46,402,-0.5413782407810274,-0.7027824676465185
v9,feat_gbm,1.0,46,403,0.2685777312357898,0.6733427913489138
v9,feat_gbm,1.0,46,404,0.24102545796707844,0.03259550049258387
v9,feat_gbm,1.0,46,405,-3.42694631078412,-3.4179416205706223
v9,feat_gbm,1.0,46,406,-1.3420302653684093,-1.6563158072976616
v9,feat_gbm,1.0,46,407,0.29328074861101355,0.3281041495218151
v9,feat_gbm,1.0,46,408,-1.8373834442236523,-1.498502430121411
v9,feat_gbm,1.0,46,409,-1.6588537579025857,-1.5390850133499359
v9,feat_gbm,1.0,46,410,-2.4379082387558855,-3.8769914364338094
v9,feat_gbm,1.0,46,411,-1.3913384084337401,-1.1093409530974205
v9,feat_gbm,1.0,46,412,-2.1410513417775805,-2.1356441225652167
v9,feat_gbm,1.0,46,413,0.4732221899438613,0.5613925387002681
v9,feat_gbm,1.0,46,414,-2.2360362030650016,-2.672303525149137
v9,feat_gbm,1.0,46,415,0.815522912516424,0.9887747910888531
v9,feat_gbm,1.0,46,416,-1.8528531865366928,-2.064740642123073
v9,feat_gbm,1.0,46,417,-0.7981745925880428,-0.13534283366780814
v9,feat_gbm,1.0,46,418,0.18408249855152434,0.5266566940316069
v9,feat_gbm,1.0,46,419,-0.675599377855946,-0.7929716308762645
v9,feat_gbm,1.0,46,420,-0.028716082362300766,0.22081989653443584
v9,feat_gbm,1.0,46,421,-3.8614386648298322,-3.4911396429773087
v9,feat_gbm,1.0,46,422,-0.0006930010406395904,0.4691563032653497
v9,feat_gbm,1.0,46,423,0.18736924697165147,-0.21242164749251408
v9,feat_gbm,1.0,46,424,-2.2111355982902157,-2.0235730224261497
v9,feat_gbm,1.0,46,425,-0.15083710285873456,0.1881042769243711
v9,feat_gbm,1.0,46,426,-1.19255687010094,-0.7546830882020855
v9,feat_gbm,1.0,46,427,-2.32022548802984,-2.004418163271322
v9,feat_gbm,1.0,46,428,0.11999960570888184,0.08108350485015015
v9,feat_gbm,1.0,46,429,-1.2372690978855183,-0.8958783842144782
v9,feat_gbm,1.0,46,430,-0.316512431376441,-0.700178367515834
v9,feat_gbm,1.0,46,431,-2.301329885504126,-2.026447754843476
v9,feat_gbm,1.0,46,432,-2.9311572500858314,-3.3644112924118934
v9,feat_gbm,1.0,46,433,-1.9075853280515356,-2.4777804975332844
v9,feat_gbm,1.0,46,434,-3.4042559390135594,-3.6407879329147783
v9,feat_gbm,1.0,46,435,0.4996624744432124,0.8140524350977956
v9,feat_gbm,1.0,46,436,-0.42214500300003704,-0.6342245759550225
v9,feat_gbm,1.0,46,437,-1.5797660302389853,-1.0170271575608654
v9,feat_gbm,1.0,46,438,0.7884374964466634,1.2058566336630974
v9,feat_gbm,1.0,46,439,0.9742951690645854,1.04159183954478
v9,feat_gbm,1.0,46,440,-0.9769528624762646,-0.383754051292973
v9,feat_gbm,1.0,46,441,1.1122727733152797,0.9717849563735496
v9,feat_gbm,1.0,46,442,0.8610951910750659,0.915394257773604
v9,feat_gbm,1.0,46,443,0.05070370692256153,0.17619398118278368
v9,feat_gbm,1.0,46,444,-2.6878207471056914,-2.3026142847949007
v9,feat_gbm,1.0,46,445,-1.24389925136684,-2.156995715227189
v9,feat_gbm,1.0,46,446,-2.3523175804701966,-1.9647154613855007
v9,feat_gbm,1.0,46,447,-1.327649849475721,-1.2167428909736953
v9,feat_gbm,1.0,46,448,-0.22779755453142794,0.371748058948411
v9,feat_gbm,1.0,46,449,-3.492963569584307,-3.354914600670279
v9,feat_gbm,1.0,46,450,-2.4956826878067777,-2.0984010901330774
v9,feat_gbm,1.0,46,451,-1.6870878916591734,-1.8411195968283314
v9,feat_gbm,1.0,46,452,0.004822407612054675,-0.2866386615093297
v9,feat_gbm,1.0,46,453,-1.5535944551897558,-2.1769502099219324
v9,feat_gbm,1.0,46,454,0.0017680823594414395,0.851829112076475
v9,feat_gbm,1.0,46,455,0.37278662459014017,-0.5174982843777256
v9,feat_gbm,1.0,46,456,-2.760811593538965,-3.7883351795095335
v9,feat_gbm,1.0,46,457,-1.057255708762791,-1.3225504843777425
v9,feat_gbm,1.0,46,458,-0.5196000166454708,-0.6304710111145473
v9,feat_gbm,1.0,46,459,-3.2612665316185736,-2.867776928577639
v9,feat_gbm,1.0,46,460,-0.554548119028351,-0.20106453453544149
v9,feat_gbm,1.0,46,461,0.4160200932743983,0.565413433251147
v9,feat_gbm,1.0,46,462,0.23248784467322678,0.6531860801292728
v9,feat_gbm,1.0,46,463,-3.1235036995738663,-3.295531334571209
v9,feat_gbm,1.0,46,464,-1.1680803632114969,-1.118951529136503
v9,feat_gbm,1.0,46,465,-0.005464611961092001,0.08535922256033004
v9,feat_gbm,1.0,46,466,0.010772377482708496,0.2656879386171551
v9,feat_gbm,1.0,46,467,-0.9193069284781955,-1.0764680911985907
v9,feat_gbm,1.0,46,468,1.1561133118980342,2.2503813782282114
v9,feat_gbm,1.0,46,469,0.13808505789834097,-0.029700274932011248
v9,feat_gbm,1.0,46,470,-2.4633149127215295,-2.1918010579584375
v9,feat_gbm,1.0,46,471,0.0803562140549291,-0.12537364897776127
v9,feat_gbm,1.0,46,472,-1.6207264097792744,-1.3714574409892777
v9,feat_gbm,1.0,46,473,-2.017900232700851,-1.0216450817816245
v9,feat_gbm,1.0,46,474,-0.8781493503931352,-0.8313233833759152
v9,feat_gbm,1.0,46,475,-2.948298744467157,-3.25243582884057
v9,feat_gbm,1.0,46,476,0.5358567222168061,0.8737365575305754
v9,feat_gbm,1.0,46,477,-2.045886279387156,-1.8373017486027088
v9,feat_gbm,1.0,46,478,-1.4239300523454446,-1.909749317133085
v9,feat_gbm,1.0,46,479,0.16247515430539877,0.418341725137149
v9,feat_gbm,1.0,46,480,-2.29732009613988,-2.8689304810445995
v9,feat_gbm,1.0,46,481,-4.3555051907792,-3.9192950012633494
v9,feat_gbm,1.0,46,482,0.6279921392554557,0.8191907452202399
v9,feat_gbm,1.0,46,483,-2.749931112250537,-2.7371748494528005
v9,feat_gbm,1.0,46,484,0.008708176868010134,0.043868991079412875
v9,feat_gbm,1.0,46,485,-2.932920453336253,-3.9571024828402512
v9,feat_gbm,1.0,46,486,-1.072221218991603,-0.8286091055291892
v9,feat_gbm,1.0,46,487,1.4852715218614536,1.1086460137612473
v9,feat_gbm,1.0,46,488,-1.021422522829658,-1.0899995989348372
v9,feat_gbm,1.0,46,489,-2.8112441618796415,-2.9260181182274523
v9,feat_gbm,1.0,46,490,0.317648383376297,0.01778898425240747
v9,feat_gbm,1.0,46,491,-0.39220382800995873,-0.388546054063584
v9,feat_gbm,1.0,46,492,-0.8391752687864553,-0.8483910406321095
v9,feat_gbm,1.0,46,493,-2.635838085118344,-2.4855190663855797
v9,feat_gbm,1.0,46,494,-0.2799828642110301,-0.6027729178489412
v9,feat_gbm,1.0,46,495,-1.2000302068379458,-1.5285925057254015
v9,feat_gbm,1.0,46,496,0.5164916494725971,1.0092174422839322
v9,feat_gbm,1.0,46,497,-2.3269629890586248,-2.421052301727873
v9,feat_gbm,1.0,46,498,-3.0520657697196594,-3.2283141264699093
v9,feat_gbm,1.0,46,499,-3.970089104778466,-4.907212199848568
v9,feat_gbm,2.0,42,0,-0.1805938908556266,0.03894909458183669
v9,feat_gbm,2.0,42,1,-2.2857590701159696,-2.5052564746229193
v9,feat_gbm,2.0,42,2,0.12903518451854312,0.6287827851917782
v9,feat_gbm,2.0,42,3,-2.7875214174570013,-3.3447289283878643
v9,feat_gbm,2.0,42,4,0.9778025634735531,0.9694015026406426
v9,feat_gbm,2.0,42,5,-2.132289173653304,-2.4693709778233526
v9,feat_gbm,2.0,42,6,-0.005860836120997871,-0.2819211013310965
v9,feat_gbm,2.0,42,7,0.07263468058431002,0.5289578846490461
v9,feat_gbm,2.0,42,8,0.028766420142367976,0.032863622186365654
v9,feat_gbm,2.0,42,9,0.43466060486519603,0.9352707853930591
v9,feat_gbm,2.0,42,10,-1.4382722703320703,-1.5987558134683666
v9,feat_gbm,2.0,42,11,-2.3789608358506746,-3.2678706438993954
v9,feat_gbm,2.0,42,12,-1.7567198163620354,-2.445380546146449
v9,feat_gbm,2.0,42,13,-0.6504729040883157,-0.4471217519653716
v9,feat_gbm,2.0,42,14,-0.8745056583452835,-1.8343062920535937
v9,feat_gbm,2.0,42,15,-2.9222224888938078,-2.278287047942225
v9,feat_gbm,2.0,42,16,-0.3554197616027784,-1.113015507562239
v9,feat_gbm,2.0,42,17,-0.7748628155507006,-1.149386040828735
v9,feat_gbm,2.0,42,18,-0.2207672519240424,-0.4541092694382234
v9,feat_gbm,2.0,42,19,-2.525862995913969,-2.8798658660471284
v9,feat_gbm,2.0,42,20,-3.289351949679652,-3.281006200299989
v9,feat_gbm,2.0,42,21,-0.5702091621061849,-0.7889402030111288
v9,feat_gbm,2.0,42,22,-1.5800528282537147,-0.48114593055133975
v9,feat_gbm,2.0,42,23,-2.279883906645836,-2.8038114998165153
v9,feat_gbm,2.0,42,24,-2.065774608269334,-2.6726430450531393
v9,feat_gbm,2.0,42,25,-3.592908960743332,-3.141178249464176
v9,feat_gbm,2.0,42,26,-3.2863752271346565,-3.8612362310489847
v9,feat_gbm,2.0,42,27,-2.4561149936245013,-3.085821277369337
v9,feat_gbm,2.0,42,28,-1.8859171142495124,-2.1153791712035637
v9,feat_gbm,2.0,42,29,-1.4481249937230773,-0.5854112868629942
v9,feat_gbm,2.0,42,30,0.23195470520660766,0.13849791927417068
v9,feat_gbm,2.0,42,31,-2.9244266909988084,-2.779654184179668
v9,feat_gbm,2.0,42,32,1.003221336081709,0.9166392391011026
v9,feat_gbm,2.0,42,33,-2.090747836333721,-2.134444297962007
v9,feat_gbm,2.0,42,34,0.4605230519495807,1.1224191581864646
v9,feat_gbm,2.0,42,35,-1.7053808377887538,-2.7514680837461087
v9,feat_gbm,2.0,42,36,-0.5142996754764841,0.7493710802437775
v9,feat_gbm,2.0,42,37,-2.2843454174578492,-2.157600461660938
v9,feat_gbm,2.0,42,38,-1.892847699998978,-1.7436371170468024
v9,feat_gbm,2.0,42,39,0.7261617714017427,0.632388610685479
v9,feat_gbm,2.0,42,40,-0.8934282014483979,-1.5024753827969588
v9,feat_gbm,2.0,42,41,-2.7306359143481944,-2.936018587066778
v9,feat_gbm,2.0,42,42,-0.5066150530285208,-0.06406961406287034
v9,feat_gbm,2.0,42,43,-0.3974763237560667,-0.43711075337934485
v9,feat_gbm,2.0,42,44,0.39852302120652505,0.521724778538647
v9,feat_gbm,2.0,42,45,0.3931213480427914,-0.02881562555915001
v9,feat_gbm,2.0,42,46,-2.8567224316509234,-2.6856700943784895
v9,feat_gbm,2.0,42,47,-3.2759928832563863,-3.3419513202228783
v9,feat_gbm,2.0,42,48,-0.33117609733441483,-0.35240032436669677
v9,feat_gbm,2.0,42,49,-2.7507742531264694,-4.466027560457086
v9,feat_gbm,2.0,42,50,-1.2506362733336254,-1.2227887404747313
v9,feat_gbm,2.0,42,51,-2.8355542359830954,-4.168130875201601
v9,feat_gbm,2.0,42,52,-2.864383022879917,-2.1825653069440887
v9,feat_gbm,2.0,42,53,-3.2264965877388065,-2.816977102698189
v9,feat_gbm,2.0,42,54,-0.9059465533539396,-0.9520374156321785
v9,feat_gbm,2.0,42,55,0.8900658789945238,0.800460094219776
v9,feat_gbm,2.0,42,56,0.23160555898370563,0.2782562560211116
v9,feat_gbm,2.0,42,57,-0.008912425444183985,-0.7855200046266205
v9,feat_gbm,2.0,42,58,-2.4686839807039096,-2.837973637743256
v9,feat_gbm,2.0,42,59,0.9500762992770763,0.3653424354755994
v9,feat_gbm,2.0,42,60,-3.66889841080556,-3.145987746693799
v9,feat_gbm,2.0,42,61,-1.3910031827331066,-2.1381844357326614
v9,feat_gbm,2.0,42,62,0.4802133362912802,0.3908315550690521
v9,feat_gbm,2.0,42,63,-2.844068470943412,-3.259739876316779
v9,feat_gbm,2.0,42,64,-3.822958611140807,-3.799325775609258
v9,feat_gbm,2.0,42,65,-0.12673017344069884,0.2842997557356093
v9,feat_gbm,2.0,42,66,0.20281655110019567,0.9099380077885143
v9,feat_gbm,2.0,42,67,0.2904794693662646,0.5741223235018287
v9,feat_gbm,2.0,42,68,1.1487891791558646,1.3807263582335993
v9,feat_gbm,2.0,42,69,0.3087181983819583,2.7357387204405055
v9,feat_gbm,2.0,42,70,-0.028065079008017496,-0.3782017485149665
v9,feat_gbm,2.0,42,71,-0.7685811404633328,-0.6946521973220513
v9,feat_gbm,2.0,42,72,-3.2814181738781922,-3.510295151868067
v9,feat_gbm,2.0,42,73,-0.3346277425189488,-0.3643686170400702
v9,feat_gbm,2.0,42,74,1.471382779899706,1.1835884152793859
v9,feat_gbm,2.0,42,75,0.027479389948880314,-0.38644824542838596
v9,feat_gbm,2.0,42,76,-0.0780860103059541,0.7005004452467647
v9,feat_gbm,2.0,42,77,-0.056018628250772834,0.3770911051312199
v9,feat_gbm,2.0,42,78,-0.19314459547394694,-0.5374783823521183
v9,feat_gbm,2.0,42,79,-2.657152532968238,-3.2499450611549854
v9,feat_gbm,2.0,42,80,-2.2591903217866416,-1.719925172279684
v9,feat_gbm,2.0,42,81,0.4368641738452248,1.8185710395242058
v9,feat_gbm,2.0,42,82,-1.3211246405837995,-1.0758778979961314
v9,feat_gbm,2.0,42,83,0.02095310067972405,-0.8033140510569362
v9,feat_gbm,2.0,42,84,-1.9177688574216314,-2.0837035815006346
v9,feat_gbm,2.0,42,85,-1.2930203502067468,-1.2430797823904942
v9,feat_gbm,2.0,42,86,0.24433436852348953,0.639317965424242
v9,feat_gbm,2.0,42,87,-0.5230111738651801,-0.02321591952008587
v9,feat_gbm,2.0,42,88,-2.8051782392563274,-3.512086916650174
v9,feat_gbm,2.0,42,89,-1.001791327636665,-1.684363733317816
v9,feat_gbm,2.0,42,90,-3.6038754927110483,-3.5341996208099964
v9,feat_gbm,2.0,42,91,0.6860288177955908,1.1574629997660548
v9,feat_gbm,2.0,42,92,-1.2057883565930136,-0.7651863719989663
v9,feat_gbm,2.0,42,93,-4.324128138478457,-5.7708125015304885
v9,feat_gbm,2.0,42,94,0.06103288279372826,0.07374698385127064
v9,feat_gbm,2.0,42,95,-0.20816032725332434,1.201566413592891
v9,feat_gbm,2.0,42,96,0.43881689437672977,1.2655480006709303
v9,feat_gbm,2.0,42,97,-3.567177725278911,-3.2217777708537843
v9,feat_gbm,2.0,42,98,-2.716991792644348,-1.2120387208328698
v9,feat_gbm,2.0,42,99,-0.35397090512151663,-0.04015373686183237
v9,feat_gbm,2.0,42,100,-2.378706177661012,-2.8384481914339785
v9,feat_gbm,2.0,42,101,-2.8099237682402416,-3.541068619782685
v9,feat_gbm,2.0,42,102,-4.1502384683570765,-4.424727465058162
v9,feat_gbm,2.0,42,103,-0.9943159212733949,-0.7652009130347144
v9,feat_gbm,2.0,42,104,-0.890295995466823,-0.406664655497914
v9,feat_gbm,2.0,42,105,-2.2740634548347436,-2.8019031633754246
v9,feat_gbm,2.0,42,106,-1.4858370926085513,-1.1978192780958505
v9,feat_gbm,2.0,42,107,-1.5454523974654633,-1.2497822804421463
v9,feat_gbm,2.0,42,108,-0.1435727882250355,-0.2003702404752673
v9,feat_gbm,2.0,42,109,-0.6454817985098587,-0.28745536208379296
v9,feat_gbm,2.0,42,110,0.0475758971065859,0.2838469771831524
v9,feat_gbm,2.0,42,111,-0.08897794631590095,0.6579850926301614
v9,feat_gbm,2.0,42,112,0.020775601668895003,-0.4279263804064609
v9,feat_gbm,2.0,42,113,0.007019741681792137,0.527327823801956
v9,feat_gbm,2.0,42,114,-3.4518501711604186,-3.652947895428966
v9,feat_gbm,2.0,42,115,-1.5628811986329194,-0.04287987221360797
v9,feat_gbm,2.0,42,116,-3.417436709053447,-3.4409421360670214
v9,feat_gbm,2.0,42,117,-2.2897656271529874,-2.4284095097884006
v9,feat_gbm,2.0,42,118,-2.150012808149541,-1.419217075367618
v9,feat_gbm,2.0,42,119,-2.9896432531420167,-1.4944271796191557
v9,feat_gbm,2.0,42,120,-2.884011744610755,-2.797137626437216
v9,feat_gbm,2.0,42,121,0.6570422983988586,3.1321125804877905
v9,feat_gbm,2.0,42,122,-2.38937835493689,-3.164895556438051
v9,feat_gbm,2.0,42,123,-0.1391736970527742,-0.021234684620174846
v9,feat_gbm,2.0,42,124,-1.4452571114607482,-1.246001114532972
v9,feat_gbm,2.0,42,125,-2.420434459900478,-2.7130193085566443
v9,feat_gbm,2.0,42,126,-2.102121855500645,-2.0560780011130944
v9,feat_gbm,2.0,42,127,-1.5527201084404396,-1.631222331554067
v9,feat_gbm,2.0,42,128,-2.224583342227785,-3.477307725783656
v9,feat_gbm,2.0,42,129,0.8550376369697273,1.7007542891568868
v9,feat_gbm,2.0,42,130,-3.638509770027726,-3.4021624962570822
v9,feat_gbm,2.0,42,131,-3.152615744922056,-3.701149444421242
v9,feat_gbm,2.0,42,132,-0.14127640064212196,-0.4116741376471012
v9,feat_gbm,2.0,42,133,-0.4485284412243867,-0.5680375850475197
v9,feat_gbm,2.0,42,134,-1.5919384496900513,-1.4788189923590598
v9,feat_gbm,2.0,42,135,-2.3991474680898945,-2.9896549957503007
v9,feat_gbm,2.0,42,136,0.16190581466639195,0.11194117436713467
v9,feat_gbm,2.0,42,137,0.7528709863387754,1.7147062893715772
v9,feat_gbm,2.0,42,138,-2.3706157901643223,-1.9709125209383296
v9,feat_gbm,2.0,42,139,-0.08875662498356722,0.19937477723826902
v9,feat_gbm,2.0,42,140,-2.1541449541457225,-2.8223726616431475
v9,feat_gbm,2.0,42,141,-0.38984341533795525,-0.12380828599000025
v9,feat_gbm,2.0,42,142,-2.7700551155168975,-2.97521232911642
v9,feat_gbm,2.0,42,143,-2.1393199408032086,-1.9484557479617686
v9,feat_gbm,2.0,42,144,0.9431924502327388,1.244093655886106
v9,feat_gbm,2.0,42,145,-2.2790888745749793,-2.0280859266176816
v9,feat_gbm,2.0,42,146,-1.7627978400959567,-2.0754073031653366
v9,feat_gbm,2.0,42,147,-0.263838838207459,-0.11331641159387335
v9,feat_gbm,2.0,42,148,-2.1532751685292824,-2.620298039600635
v9,feat_gbm,2.0,42,149,-2.9297092746962585,-3.8395532227602396
v9,feat_gbm,2.0,42,150,-1.7957656219553717,-2.149698272240366
v9,feat_gbm,2.0,42,151,-2.6807458970392952,-3.1594376779318036
v9,feat_gbm,2.0,42,152,-2.224311792091543,-2.7712141114581046
v9,feat_gbm,2.0,42,153,-1.4700650920304867,-1.1483368403810985
v9,feat_gbm,2.0,42,154,-0.3598918503302444,-1.4700676700115773
v9,feat_gbm,2.0,42,155,0.8550464325105488,1.4088416749712322
v9,feat_gbm,2.0,42,156,0.16886665618843225,0.7564704220494097
v9,feat_gbm,2.0,42,157,-2.5615136382327774,-1.7148995557963913
v9,feat_gbm,2.0,42,158,-1.662677231426534,-2.8595355115547196
v9,feat_gbm,2.0,42,159,-1.4889562445481879,-0.9922400520728849
v9,feat_gbm,2.0,42,160,1.477225253246415,1.8585227307534937
v9,feat_gbm,2.0,42,161,-1.991257748971407,-2.477654537850602
v9,feat_gbm,2.0,42,162,-1.785074266298505,-2.993764039868935
v9,feat_gbm,2.0,42,163,-1.1896058887740684,-1.1722671160336509
v9,feat_gbm,2.0,42,164,-1.878745591819389,-1.6577576086204497
v9,feat_gbm,2.0,42,165,-2.2609121128398053,-2.9770186999323642
v9,feat_gbm,2.0,42,166,-3.0542813821391044,-3.2329952824425443
v9,feat_gbm,2.0,42,167,-0.45327565548007326,0.19550508612775644
v9,feat_gbm,2.0,42,168,-0.9654183101101521,-1.2639642813248737
v9,feat_gbm,2.0,42,169,1.6422850544196015,1.4224064134580066
v9,feat_gbm,2.0,42,170,-2.1366661218274783,-1.5303724784706008
v9,feat_gbm,2.0,42,171,0.43306060087675335,0.6086346650572224
v9,feat_gbm,2.0,42,172,0.1394896079240788,-0.052232489626048526
v9,feat_gbm,2.0,42,173,-0.7146656406689551,-0.19074605880313256
v9,feat_gbm,2.0,42,174,-2.3260500726927784,-2.7678232596734214
v9,feat_gbm,2.0,42,175,-1.973752071347024,-1.6557092188829319
v9,feat_gbm,2.0,42,176,0.05465597112025311,0.12081831439914445
v9,feat_gbm,2.0,42,177,-0.36958887967514636,3.7031714993021168
v9,feat_gbm,2.0,42,178,0.39541369900771645,-0.17761292562564054
v9,feat_gbm,2.0,42,179,0.36198848694446006,0.2295122735959306
v9,feat_gbm,2.0,42,180,-1.7756110441940949,-1.6401012725318311
v9,feat_gbm,2.0,42,181,-2.8750732268446253,-3.399461101549646
v9,feat_gbm,2.0,42,182,0.10248112997769702,0.5421608664871393
v9,feat_gbm,2.0,42,183,-3.8442459845085946,-3.7858185839721776
v9,feat_gbm,2.0,42,184,0.26863384045114524,0.4440956773301304
v9,feat_gbm,2.0,42,185,-0.2083452383527158,0.5450962365111649
v9,feat_gbm,2.0,42,186,-2.7886384101551007,-3.094441269353033
v9,feat_gbm,2.0,42,187,0.2040341988023014,1.436275522654785
v9,feat_gbm,2.0,42,188,-0.7305994035925973,-0.003208414280501246
v9,feat_gbm,2.0,42,189,-2.108472970213687,-2.0766448721687736
v9,feat_gbm,2.0,42,190,-2.4378333482280383,-2.887011097372245
v9,feat_gbm,2.0,42,191,-0.40042638913417544,-0.19564387773269687
v9,feat_gbm,2.0,42,192,-3.6074502241051176,-3.39219136175158
v9,feat_gbm,2.0,42,193,-3.457885494712424,-4.804455114758695
v9,feat_gbm,2.0,42,194,-0.15432567335506892,-0.23230879418151415
v9,feat_gbm,2.0,42,195,0.9933857484057925,0.7768952289284052
v9,feat_gbm,2.0,42,196,-3.158115604225161,-3.0758975731441707
v9,feat_gbm,2.0,42,197,1.1983063421504965,1.8852948766094535
v9,feat_gbm,2.0,42,198,0.022455347980762125,-0.07474663349946693
v9,feat_gbm,2.0,42,199,1.1575285383057188,0.9295509098669842
v9,feat_gbm,2.0,42,200,0.12624033693783576,0.40408761039079466
v9,feat_gbm,2.0,42,201,-1.0235428534492985,-1.0185563947000995
v9,feat_gbm,2.0,42,202,-1.0767375187077026,-1.5812541435625456
v9,feat_gbm,2.0,42,203,-1.5936323343704428,-2.9269603411540346
v9,feat_gbm,2.0,42,204,-0.06411386032819075,-0.9368237022381455
v9,feat_gbm,2.0,42,205,-0.5148645999239629,-0.771906247259438
v9,feat_gbm,2.0,42,206,-2.112649238828643,-1.4457766532498904
v9,feat_gbm,2.0,42,207,-2.4129775707656456,-2.4752738768021185
v9,feat_gbm,2.0,42,208,-2.246558597898876,-2.8789590131308262
v9,feat_gbm,2.0,42,209,-1.6624166983478754,-2.6986856152036793
v9,feat_gbm,2.0,42,210,-0.12609636918819433,0.05837096406180189
v9,feat_gbm,2.0,42,211,-2.8592219753624253,-2.2327070274631113
v9,feat_gbm,2.0,42,212,0.030720272488077224,0.15758807445032513
v9,feat_gbm,2.0,42,213,0.9211065198049682,0.5234750924970406
v9,feat_gbm,2.0,42,214,0.9127319445868527,0.8312555987922697
v9,feat_gbm,2.0,42,215,-1.138237147198047,-0.7699972654610447
v9,feat_gbm,2.0,42,216,-2.658539241841961,-2.4368834827463726
v9,feat_gbm,2.0,42,217,-2.6235724560539593,-3.7421886443248944
v9,feat_gbm,2.0,42,218,-3.387484853758209,-4.3753265313120195
v9,feat_gbm,2.0,42,219,0.11583195933348744,0.13181597567614448
v9,feat_gbm,2.0,42,220,-2.3689391441198424,-2.150299196146146
v9,feat_gbm,2.0,42,221,0.11899332786914865,0.4316281043505307
v9,feat_gbm,2.0,42,222,0.21220779788431976,0.20581216265343685
v9,feat_gbm,2.0,42,223,-2.4440328350288567,-1.7226779576420432
v9,feat_gbm,2.0,42,224,0.73926536873738,1.0701061526100661
v9,feat_gbm,2.0,42,225,-0.8955014512256051,-2.995983076644188
v9,feat_gbm,2.0,42,226,-0.07581027884899308,-0.39103048890459524
v9,feat_gbm,2.0,42,227,-1.985750617383941,-2.811377433191803
v9,feat_gbm,2.0,42,228,-0.053639585056084335,0.1103569248772952
v9,feat_gbm,2.0,42,229,0.33134248881940476,1.0926797996732165
v9,feat_gbm,2.0,42,230,-1.4717983573757192,-1.1465469989616057
v9,feat_gbm,2.0,42,231,-4.052080041984619,-3.7045714701961474
v9,feat_gbm,2.0,42,232,-0.297764585184882,-0.3205795311611984
v9,feat_gbm,2.0,42,233,0.024515021658043517,-0.7282288274356463
v9,feat_gbm,2.0,42,234,0.17849444023158434,-0.6143938277881194
v9,feat_gbm,2.0,42,235,-2.6342141958359306,-3.717493513170671
v9,feat_gbm,2.0,42,236,-1.9593244089622073,-1.894186438607053
v9,feat_gbm,2.0,42,237,-0.1293993294022419,0.19101892391720615
v9,feat_gbm,2.0,42,238,-1.619469746554788,-2.723653519266766
v9,feat_gbm,2.0,42,239,0.4623354790173398,0.28172679866345784
v9,feat_gbm,2.0,42,240,-1.3657555789339821,-0.570916259780521
v9,feat_gbm,2.0,42,241,-1.835735254441072,-3.037607674189957
v9,feat_gbm,2.0,42,242,-2.3183724981818963,-2.4824067099880884
v9,feat_gbm,2.0,42,243,0.6591073097832215,1.793244191067856
v9,feat_gbm,2.0,42,244,-2.148612580416326,-2.170563194223024
v9,feat_gbm,2.0,42,245,-2.2202618462300805,-2.5580286375581696
v9,feat_gbm,2.0,42,246,-2.885553866894049,-3.9013363177662743
v9,feat_gbm,2.0,42,247,-1.6302483972998125,-1.2689211715035387
v9,feat_gbm,2.0,42,248,-2.3320685384428805,-2.89795980370705
v9,feat_gbm,2.0,42,249,-1.0530360871715834,-1.149470325468549
v9,feat_gbm,2.0,42,250,-2.5688640852452256,-2.1803876537888693
v9,feat_gbm,2.0,42,251,-0.6390123368756544,-1.2010659028736028
v9,feat_gbm,2.0,42,252,-2.6167329517782116,-2.675840590612525
v9,feat_gbm,2.0,42,253,-1.146955888717924,-0.865421424414132
v9,feat_gbm,2.0,42,254,0.21884024766938787,-0.45089388998719687
v9,feat_gbm,2.0,42,255,-1.2401703205825028,-1.477655138121315
v9,feat_gbm,2.0,42,256,-2.070209158685401,-1.9234128661936198
v9,feat_gbm,2.0,42,257,-0.6345210508331468,-0.8895479413744646
v9,feat_gbm,2.0,42,258,-1.1756514749312506,-1.284701881398344
v9,feat_gbm,2.0,42,259,-0.3309702614741178,0.03791276039075724
v9,feat_gbm,2.0,42,260,-0.5699865109514037,-1.213907680807544
v9,feat_gbm,2.0,42,261,-0.07919778438429392,-0.6937064881158975
v9,feat_gbm,2.0,42,262,-2.780231311122843,-2.500344974429108
v9,feat_gbm,2.0,42,263,-2.972487572830879,-3.0782877743164985
v9,feat_gbm,2.0,42,264,-2.2733258373108622,-3.2702790535172426
v9,feat_gbm,2.0,42,265,-0.1433379510995323,-0.15746453031192983
v9,feat_gbm,2.0,42,266,-1.3972540949782204,-1.3930653126164372
v9,feat_gbm,2.0,42,267,-3.9619440523714284,-3.460520174484755
v9,feat_gbm,2.0,42,268,-2.0943568390490452,-1.8115923421665279
v9,feat_gbm,2.0,42,269,0.2100101504366942,-0.04785951915829837
v9,feat_gbm,2.0,42,270,-1.5711314058737018,-1.3387838926701625
v9,feat_gbm,2.0,42,271,0.4973753768563948,0.6172482925771328
v9,feat_gbm,2.0,42,272,0.01436519946421921,0.10718580269537517
v9,feat_gbm,2.0,42,273,-2.8166902077897973,-2.4250613993713395
v9,feat_gbm,2.0,42,274,-0.02563574262958774,-0.4656136934058211
v9,feat_gbm,2.0,42,275,-1.8955867699652655,-1.7679071058666047
v9,feat_gbm,2.0,42,276,-0.18967537472814353,-0.15192249005847586
v9,feat_gbm,2.0,42,277,-0.5493654346419878,-0.22686658439221394
v9,feat_gbm,2.0,42,278,-1.2139164009756307,-0.3963273628232521
v9,feat_gbm,2.0,42,279,-2.516232143842697,-2.1916982233579314
v9,feat_gbm,2.0,42,280,-0.03904899456106839,0.5138857123822332
v9,feat_gbm,2.0,42,281,-0.0511168413454353,0.13501120436460418
v9,feat_gbm,2.0,42,282,0.09866918889485067,-0.35232291748203215
v9,feat_gbm,2.0,42,283,-0.2268250494309062,0.33710059568630363
v9,feat_gbm,2.0,42,284,1.5445583174457365,2.2269494594330284
v9,feat_gbm,2.0,42,285,-0.47204928642107125,-0.8523290277873723
v9,feat_gbm,2.0,42,286,0.10258597264072537,0.5032694866056324
v9,feat_gbm,2.0,42,287,-3.816557131900837,-3.0734310124071125
v9,feat_gbm,2.0,42,288,-2.923075216802743,-3.0969464995649485
v9,feat_gbm,2.0,42,289,0.1181899640401174,0.8088909840914691
v9,feat_gbm,2.0,42,290,-2.590765907102637,-1.710735902712342
v9,feat_gbm,2.0,42,291,-0.28626306070783275,-0.24588513525180683
v9,feat_gbm,2.0,42,292,-2.3620621236090673,-2.9910915714149957
v9,feat_gbm,2.0,42,293,0.14010329088525422,0.24397961438558982
v9,feat_gbm,2.0,42,294,0.5286241331442532,0.9827222917401395
v9,feat_gbm,2.0,42,295,0.29397831411640596,1.5399914318848642
v9,feat_gbm,2.0,42,296,-2.4471068765218376,-3.028104854063688
v9,feat_gbm,2.0,42,297,-2.5104800571555406,-1.9675880903276046
v9,feat_gbm,2.0,42,298,0.41713699162804446,0.3882116190950413
v9,feat_gbm,2.0,42,299,-1.3675093121829691,-0.4169590587595381
v9,feat_gbm,2.0,42,300,-0.3389582510827492,-0.47104701624968015
v9,feat_gbm,2.0,42,301,-0.8200070034881157,-0.5788171023402015
v9,feat_gbm,2.0,42,302,-3.6640264086403462,-3.325334912618423
v9,feat_gbm,2.0,42,303,-0.15765285892377365,0.27214776974989446
v9,feat_gbm,2.0,42,304,0.03995950346840016,0.2838761456734127
v9,feat_gbm,2.0,42,305,0.6228161077010228,0.98356576927226
v9,feat_gbm,2.0,42,306,-1.5397728052938537,-2.324804251846344
v9,feat_gbm,2.0,42,307,-0.1642237325834092,-0.30060412365222405
v9,feat_gbm,2.0,42,308,-3.5707598901321576,-3.5706943269006843
v9,feat_gbm,2.0,42,309,-0.38487213770958373,0.7657986236992217
v9,feat_gbm,2.0,42,310,-1.1269468125764803,-0.3760212383278314
v9,feat_gbm,2.0,42,311,1.0364072013124412,0.903367601886353
v9,feat_gbm,2.0,42,312,0.5421941010692533,0.2834145554969618
v9,feat_gbm,2.0,42,313,-0.06257560052191626,-0.8750381269167363
v9,feat_gbm,2.0,42,314,-2.5369900057414387,-0.8911054934067958
v9,feat_gbm,2.0,42,315,0.2141545811491633,0.2699623908229132
v9,feat_gbm,2.0,42,316,-2.862680034779457,-4.034449774534175
v9,feat_gbm,2.0,42,317,0.27071191496561076,0.7302045063515665
v9,feat_gbm,2.0,42,318,-2.4423813913529444,-2.5264159394565007
v9,feat_gbm,2.0,42,319,-2.6717428665097396,-3.1280680478747835
v9,feat_gbm,2.0,42,320,0.34961995120582773,-0.623194388118803
v9,feat_gbm,2.0,42,321,-3.6826328920495035,-4.172922463867305
v9,feat_gbm,2.0,42,322,0.6605287111679534,1.0714029341973417
v9,feat_gbm,2.0,42,323,-2.5824328141584756,-2.5538050374755565
v9,feat_gbm,2.0,42,324,-1.8244416809441875,-1.5310020975326282
v9,feat_gbm,2.0,42,325,-0.2170175059820982,-0.735749980772127
v9,feat_gbm,2.0,42,326,-1.0763417202474317,-0.5010306012352705
v9,feat_gbm,2.0,42,327,-3.6258270442052702,-4.393123087746285
v9,feat_gbm,2.0,42,328,0.45143182747387345,0.6439364857563509
v9,feat_gbm,2.0,42,329,-2.6051182360048473,-2.60760252445046
v9,feat_gbm,2.0,42,330,0.3782234778927863,0.46983427811083467
v9,feat_gbm,2.0,42,331,-0.7857762291188581,-1.149354435920189
v9,feat_gbm,2.0,42,332,-2.063824138444071,-1.0961264399974935
v9,feat_gbm,2.0,42,333,0.5532953554861963,1.4253561556633074
v9,feat_gbm,2.0,42,334,0.9303085704484707,1.0406546288822482
v9,feat_gbm,2.0,42,335,-0.6441041681789111,-0.1286217558512718
v9,feat_gbm,2.0,42,336,-1.6616302194495227,-1.7275974260064488
v9,feat_gbm,2.0,42,337,-2.5542919672037745,-4.535227665039715
v9,feat_gbm,2.0,42,338,-0.3479418164613929,-1.078833843619319
v9,feat_gbm,2.0,42,339,-1.6671708355147132,-2.035297396751524
v9,feat_gbm,2.0,42,340,0.13039643274860224,0.4788286932125707
v9,feat_gbm,2.0,42,341,-0.6685285953094073,-0.4595082096564039
v9,feat_gbm,2.0,42,342,-3.7934687021377145,-3.653430804591794
v9,feat_gbm,2.0,42,343,0.7869804392091161,0.2834522663037432
v9,feat_gbm,2.0,42,344,0.16355135114785943,-0.15984972455285287
v9,feat_gbm,2.0,42,345,-2.6910576012879828,-3.8822970119574354
v9,feat_gbm,2.0,42,346,-2.001363995456679,-2.5801989990218064
v9,feat_gbm,2.0,42,347,-3.6877652548322253,-3.2622630695286134
v9,feat_gbm,2.0,42,348,-1.272724988807713,-0.4894561152880944
v9,feat_gbm,2.0,42,349,-4.2635471612873275,-3.0223552414624764
v9,feat_gbm,2.0,42,350,0.6415757194502065,0.4215072765335228
v9,feat_gbm,2.0,42,351,-2.265289592103774,-1.8152752103400673
v9,feat_gbm,2.0,42,352,0.8915425257242928,1.102263670511441
v9,feat_gbm,2.0,42,353,0.3927394620476558,1.4454852001466738
v9,feat_gbm,2.0,42,354,-2.992105336222677,-3.6770060333191017
v9,feat_gbm,2.0,42,355,-2.968699959422946,-5.078652858832153
v9,feat_gbm,2.0,42,356,0.1535711456768407,0.7815322159665122
v9,feat_gbm,2.0,42,357,0.5237120617958606,0.6775133790495483
v9,feat_gbm,2.0,42,358,-3.149222221839707,-3.5163570325540956
v9,feat_gbm,2.0,42,359,-2.8883812200788626,-4.157760523739404
v9,feat_gbm,2.0,42,360,-0.5336898013295932,-0.18386357284099003
v9,feat_gbm,2.0,42,361,-3.4870525716753353,-4.477383009144865
v9,feat_gbm,2.0,42,362,-0.18002319679140738,0.2909126951240761
v9,feat_gbm,2.0,42,363,-2.9504396303529488,-3.5121531596302606
v9,feat_gbm,2.0,42,364,-0.19538537688069718,-0.0019354464452207268
v9,feat_gbm,2.0,42,365,-3.6246413206727697,-3.264666087597375
v9,feat_gbm,2.0,42,366,-0.8690185371682111,-1.4961090632143375
v9,feat_gbm,2.0,42,367,-0.20917835820134137,-0.10305907560987346
v9,feat_gbm,2.0,42,368,-0.13809094876672953,0.24601275195113992
v9,feat_gbm,2.0,42,369,-1.9186966897569961,-1.6400355118163064
v9,feat_gbm,2.0,42,370,-1.2625291803787015,-1.5399226532969161
v9,feat_gbm,2.0,42,371,-0.6063632129698096,-0.3336387161155974
v9,feat_gbm,2.0,42,372,0.11152071434558722,0.3185760540422761
v9,feat_gbm,2.0,42,373,-0.5957859487079982,-0.30756424411789
v9,feat_gbm,2.0,42,374,-3.2941578139098127,-3.551435429619069
v9,feat_gbm,2.0,42,375,0.3733348102754483,-0.12846918127015178
v9,feat_gbm,2.0,42,376,0.30787327649760576,0.43413099611324796
v9,feat_gbm,2.0,42,377,0.2068537516887317,0.8095384731463161
v9,feat_gbm,2.0,42,378,-0.06952739516299224,0.20303525329731625
v9,feat_gbm,2.0,42,379,0.31358601314698387,0.524784145223057
v9,feat_gbm,2.0,42,380,0.06865010322557628,0.8722609808312535
v9,feat_gbm,2.0,42,381,0.05293385211185831,1.0190202163897197
v9,feat_gbm,2.0,42,382,0.17060139409976616,1.2715191268303472
v9,feat_gbm,2.0,42,383,-0.31368417546876526,-0.13923746667536385
v9,feat_gbm,2.0,42,384,-1.2700988063393968,-1.7983983483294153
v9,feat_gbm,2.0,42,385,-0.0986556890387355,0.5606037150840157
v9,feat_gbm,2.0,42,386,0.8784522076199826,0.6003456151224621
v9,feat_gbm,2.0,42,387,0.1633476440491384,1.3071718981356573
v9,feat_gbm,2.0,42,388,-0.005563718338297671,-0.19457283568776126
v9,feat_gbm,2.0,42,389,-1.3130072963545432,-0.981880356960367
v9,feat_gbm,2.0,42,390,-3.1929658464306527,-2.628024059072158
v9,feat_gbm,2.0,42,391,-2.757182841040284,-2.479262758098376
v9,feat_gbm,2.0,42,392,-2.0240097601175693,-2.207941629114672
v9,feat_gbm,2.0,42,393,-2.903859662259652,-2.806586620215901
v9,feat_gbm,2.0,42,394,-0.5560281946331966,-0.16842623590390868
v9,feat_gbm,2.0,42,395,0.4976674771424336,0.3596423409999632
v9,feat_gbm,2.0,42,396,-1.9391966883491063,-3.117667066362407
v9,feat_gbm,2.0,42,397,0.7680594792777797,0.6134086288650079
v9,feat_gbm,2.0,42,398,0.3664566446294905,0.5049020087080688
v9,feat_gbm,2.0,42,399,-1.4814932658506499,-1.0548605918119196
v9,feat_gbm,2.0,42,400,-2.308614705144804,-2.877676775828332
v9,feat_gbm,2.0,42,401,0.05280187432079586,0.015654415635624343
v9,feat_gbm,2.0,42,402,-0.35520910335092504,-0.7027824676465185
v9,feat_gbm,2.0,42,403,0.27116007797650565,0.6733427913489138
v9,feat_gbm,2.0,42,404,-0.04408979009263708,0.03259550049258387
v9,feat_gbm,2.0,42,405,-3.2934212815377695,-3.4179416205706223
v9,feat_gbm,2.0,42,406,-1.3941106987438878,-1.6563158072976616
v9,feat_gbm,2.0,42,407,-0.031648178846541745,0.3281041495218151
v9,feat_gbm,2.0,42,408,-1.9521489921793933,-1.498502430121411
v9,feat_gbm,2.0,42,409,-1.9213087231202324,-1.5390850133499359
v9,feat_gbm,2.0,42,410,-3.5043364952399343,-3.8769914364338094
v9,feat_gbm,2.0,42,411,-1.1422466377299139,-1.1093409530974205
v9,feat_gbm,2.0,42,412,-1.9122904493950672,-2.1356441225652167
v9,feat_gbm,2.0,42,413,0.25227003303872564,0.5613925387002681
v9,feat_gbm,2.0,42,414,-2.192398874166523,-2.672303525149137
v9,feat_gbm,2.0,42,415,0.5402044067713063,0.9887747910888531
v9,feat_gbm,2.0,42,416,-1.9430468332458062,-2.064740642123073
v9,feat_gbm,2.0,42,417,-1.2690517091783273,-0.13534283366780814
v9,feat_gbm,2.0,42,418,0.171544495082748,0.5266566940316069
v9,feat_gbm,2.0,42,419,-0.45617743013499,-0.7929716308762645
v9,feat_gbm,2.0,42,420,-0.012741177702985978,0.22081989653443584
v9,feat_gbm,2.0,42,421,-3.9008602243273156,-3.4911396429773087
v9,feat_gbm,2.0,42,422,-0.31031059612763356,0.4691563032653497
v9,feat_gbm,2.0,42,423,-0.17995832563168826,-0.21242164749251408
v9,feat_gbm,2.0,42,424,-2.4429845369720216,-2.0235730224261497
v9,feat_gbm,2.0,42,425,-0.40517508431474336,0.1881042769243711
v9,feat_gbm,2.0,42,426,-1.0655029981869593,-0.7546830882020855
v9,feat_gbm,2.0,42,427,-2.189298317750675,-2.004418163271322
v9,feat_gbm,2.0,42,428,0.0004588624693145722,0.08108350485015015
v9,feat_gbm,2.0,42,429,-1.3580953873158672,-0.8958783842144782
v9,feat_gbm,2.0,42,430,-0.20767047002043723,-0.700178367515834
v9,feat_gbm,2.0,42,431,-2.4638951755459058,-2.026447754843476
v9,feat_gbm,2.0,42,432,-2.3424473009468376,-3.3644112924118934
v9,feat_gbm,2.0,42,433,-1.9256897317223587,-2.4777804975332844
v9,feat_gbm,2.0,42,434,-3.1237841189358173,-3.6407879329147783
v9,feat_gbm,2.0,42,435,0.09758546828464992,0.8140524350977956
v9,feat_gbm,2.0,42,436,-0.3168316992033998,-0.6342245759550225
v9,feat_gbm,2.0,42,437,-1.3307441362414256,-1.0170271575608654
v9,feat_gbm,2.0,42,438,0.48340468650452306,1.2058566336630974
v9,feat_gbm,2.0,42,439,1.0101617102653235,1.04159183954478
v9,feat_gbm,2.0,42,440,-0.8372850317234698,-0.383754051292973
v9,feat_gbm,2.0,42,441,0.9756969846250998,0.9717849563735496
v9,feat_gbm,2.0,42,442,0.6370617754712138,0.915394257773604
v9,feat_gbm,2.0,42,443,0.02971394126841919,0.17619398118278368
v9,feat_gbm,2.0,42,444,-2.622461782209133,-2.3026142847949007
v9,feat_gbm,2.0,42,445,-0.7565204263117153,-2.156995715227189
v9,feat_gbm,2.0,42,446,-2.3956068324274806,-1.9647154613855007
v9,feat_gbm,2.0,42,447,-1.3270169295165763,-1.2167428909736953
v9,feat_gbm,2.0,42,448,-0.4261011255250722,0.371748058948411
v9,feat_gbm,2.0,42,449,-3.707941945818004,-3.354914600670279
v9,feat_gbm,2.0,42,450,-3.2199929760697303,-2.0984010901330774
v9,feat_gbm,2.0,42,451,-1.8372132668899912,-1.8411195968283314
v9,feat_gbm,2.0,42,452,0.4558078246411383,-0.2866386615093297
v9,feat_gbm,2.0,42,453,-1.0506258770068473,-2.1769502099219324
v9,feat_gbm,2.0,42,454,-0.45187963449584356,0.851829112076475
v9,feat_gbm,2.0,42,455,0.5022178210682433,-0.5174982843777256
v9,feat_gbm,2.0,42,456,-2.6763189176531093,-3.7883351795095335
v9,feat_gbm,2.0,42,457,-1.4275377522948474,-1.3225504843777425
v9,feat_gbm,2.0,42,458,-0.6690506794105772,-0.6304710111145473
v9,feat_gbm,2.0,42,459,-3.5585993733270582,-2.867776928577639
v9,feat_gbm,2.0,42,460,-0.3484931322861848,-0.20106453453544149
v9,feat_gbm,2.0,42,461,0.37170174575070825,0.565413433251147
v9,feat_gbm,2.0,42,462,-0.12408573230073248,0.6531860801292728
v9,feat_gbm,2.0,42,463,-2.589678880151452,-3.295531334571209
v9,feat_gbm,2.0,42,464,-1.6485924963669705,-1.118951529136503
v9,feat_gbm,2.0,42,465,-0.07761727880230898,0.08535922256033004
v9,feat_gbm,2.0,42,466,0.22996713641820232,0.2656879386171551
v9,feat_gbm,2.0,42,467,-1.299187996764123,-1.0764680911985907
v9,feat_gbm,2.0,42,468,1.0061593666977637,2.2503813782282114
v9,feat_gbm,2.0,42,469,0.12048787872722867,-0.029700274932011248
v9,feat_gbm,2.0,42,470,-2.423315440109186,-2.1918010579584375
v9,feat_gbm,2.0,42,471,0.7814436670612794,-0.12537364897776127
v9,feat_gbm,2.0,42,472,-1.4658824233616345,-1.3714574409892777
v9,feat_gbm,2.0,42,473,-2.3321344624353904,-1.0216450817816245
v9,feat_gbm,2.0,42,474,-0.7749122698339664,-0.8313233833759152
v9,feat_gbm,2.0,42,475,-2.3040493387058882,-3.25243582884057
v9,feat_gbm,2.0,42,476,0.47279589804627614,0.8737365575305754
v9,feat_gbm,2.0,42,477,-2.1106052181489754,-1.8373017486027088
v9,feat_gbm,2.0,42,478,-1.5629626178382343,-1.909749317133085
v9,feat_gbm,2.0,42,479,0.035316165733891874,0.418341725137149
v9,feat_gbm,2.0,42,480,-1.828780193448992,-2.8689304810445995
v9,feat_gbm,2.0,42,481,-4.179214203032727,-3.9192950012633494
v9,feat_gbm,2.0,42,482,0.6679631665007634,0.8191907452202399
v9,feat_gbm,2.0,42,483,-2.5670092735723777,-2.7371748494528005
v9,feat_gbm,2.0,42,484,0.02490926820683047,0.043868991079412875
v9,feat_gbm,2.0,42,485,-2.2881017054011767,-3.9571024828402512
v9,feat_gbm,2.0,42,486,-1.0158086937453292,-0.8286091055291892
v9,feat_gbm,2.0,42,487,0.9001202640639733,1.1086460137612473
v9,feat_gbm,2.0,42,488,-0.9326570914655321,-1.0899995989348372
v9,feat_gbm,2.0,42,489,-3.0390522339331296,-2.9260181182274523
v9,feat_gbm,2.0,42,490,0.08783517551409321,0.01778898425240747
v9,feat_gbm,2.0,42,491,-0.09244016918587245,-0.388546054063584
v9,feat_gbm,2.0,42,492,-0.7620368323841454,-0.8483910406321095
v9,feat_gbm,2.0,42,493,-2.612840566502765,-2.4855190663855797
v9,feat_gbm,2.0,42,494,-0.16902129694011817,-0.6027729178489412
v9,feat_gbm,2.0,42,495,-1.7323531666812917,-1.5285925057254015
v9,feat_gbm,2.0,42,496,0.4051520142645171,1.0092174422839322
v9,feat_gbm,2.0,42,497,-2.452899703315885,-2.421052301727873
v9,feat_gbm,2.0,42,498,-2.863623165852516,-3.2283141264699093
v9,feat_gbm,2.0,42,499,-3.459760301167831,-4.907212199848568
v9,feat_gbm,2.0,43,0,-0.10584679701795938,0.03894909458183669
v9,feat_gbm,2.0,43,1,-2.417952783025824,-2.5052564746229193
v9,feat_gbm,2.0,43,2,0.07850259071976497,0.6287827851917782
v9,feat_gbm,2.0,43,3,-2.720428020543046,-3.3447289283878643
v9,feat_gbm,2.0,43,4,1.2021007622437758,0.9694015026406426
v9,feat_gbm,2.0,43,5,-2.230394728077617,-2.4693709778233526
v9,feat_gbm,2.0,43,6,-0.01107728284314539,-0.2819211013310965
v9,feat_gbm,2.0,43,7,0.21310953644089584,0.5289578846490461
v9,feat_gbm,2.0,43,8,0.1895241922832005,0.032863622186365654
v9,feat_gbm,2.0,43,9,0.5676742499049406,0.9352707853930591
v9,feat_gbm,2.0,43,10,-1.5975560778236202,-1.5987558134683666
v9,feat_gbm,2.0,43,11,-2.298084365616083,-3.2678706438993954
v9,feat_gbm,2.0,43,12,-1.5022302279203008,-2.445380546146449
v9,feat_gbm,2.0,43,13,-0.5110695858325874,-0.4471217519653716
v9,feat_gbm,2.0,43,14,-1.169161564079851,-1.8343062920535937
v9,feat_gbm,2.0,43,15,-2.829810593416227,-2.278287047942225
v9,feat_gbm,2.0,43,16,-0.48556987604467705,-1.113015507562239
v9,feat_gbm,2.0,43,17,-0.6320662912657381,-1.149386040828735
v9,feat_gbm,2.0,43,18,-0.7010585608105534,-0.4541092694382234
v9,feat_gbm,2.0,43,19,-2.5063626403060764,-2.8798658660471284
v9,feat_gbm,2.0,43,20,-3.4046444087379153,-3.281006200299989
v9,feat_gbm,2.0,43,21,-0.5214698331354588,-0.7889402030111288
v9,feat_gbm,2.0,43,22,-1.5260543932845725,-0.48114593055133975
v9,feat_gbm,2.0,43,23,-2.1624920788004443,-2.8038114998165153
v9,feat_gbm,2.0,43,24,-2.378354899595452,-2.6726430450531393
v9,feat_gbm,2.0,43,25,-3.206873835340611,-3.141178249464176
v9,feat_gbm,2.0,43,26,-3.3179669625124797,-3.8612362310489847
v9,feat_gbm,2.0,43,27,-2.4155320515787633,-3.085821277369337
v9,feat_gbm,2.0,43,28,-1.9167661100529951,-2.1153791712035637
v9,feat_gbm,2.0,43,29,-1.1341752185164995,-0.5854112868629942
v9,feat_gbm,2.0,43,30,-0.08921913931487714,0.13849791927417068
v9,feat_gbm,2.0,43,31,-3.148167198698386,-2.779654184179668
v9,feat_gbm,2.0,43,32,0.9953830689037243,0.9166392391011026
v9,feat_gbm,2.0,43,33,-1.8735293574612129,-2.134444297962007
v9,feat_gbm,2.0,43,34,0.5497146707157121,1.1224191581864646
v9,feat_gbm,2.0,43,35,-1.761918112090777,-2.7514680837461087
v9,feat_gbm,2.0,43,36,-0.3776048087325762,0.7493710802437775
v9,feat_gbm,2.0,43,37,-2.3170237102481455,-2.157600461660938
v9,feat_gbm,2.0,43,38,-2.2205634614324707,-1.7436371170468024
v9,feat_gbm,2.0,43,39,0.6983758678835634,0.632388610685479
v9,feat_gbm,2.0,43,40,-1.0244548566714613,-1.5024753827969588
v9,feat_gbm,2.0,43,41,-2.7950073017429053,-2.936018587066778
v9,feat_gbm,2.0,43,42,-0.4093973424031885,-0.06406961406287034
v9,feat_gbm,2.0,43,43,-0.4692407714781639,-0.43711075337934485
v9,feat_gbm,2.0,43,44,0.6596051425223586,0.521724778538647
v9,feat_gbm,2.0,43,45,0.32768791967251143,-0.02881562555915001
v9,feat_gbm,2.0,43,46,-2.989440334230223,-2.6856700943784895
v9,feat_gbm,2.0,43,47,-3.5122586778142826,-3.3419513202228783
v9,feat_gbm,2.0,43,48,-0.15061251241372234,-0.35240032436669677
v9,feat_gbm,2.0,43,49,-2.8509514792552393,-4.466027560457086
v9,feat_gbm,2.0,43,50,-1.1911192699369542,-1.2227887404747313
v9,feat_gbm,2.0,43,51,-3.140328247711417,-4.168130875201601
v9,feat_gbm,2.0,43,52,-3.0128007771753196,-2.1825653069440887
v9,feat_gbm,2.0,43,53,-3.1383030665904923,-2.816977102698189
v9,feat_gbm,2.0,43,54,-0.945423667622984,-0.9520374156321785
v9,feat_gbm,2.0,43,55,0.8827904183218553,0.800460094219776
v9,feat_gbm,2.0,43,56,0.2228614825360334,0.2782562560211116
v9,feat_gbm,2.0,43,57,0.05457787499924177,-0.7855200046266205
v9,feat_gbm,2.0,43,58,-2.4323301667307238,-2.837973637743256
v9,feat_gbm,2.0,43,59,0.41625294979932714,0.3653424354755994
v9,feat_gbm,2.0,43,60,-3.7836564527907806,-3.145987746693799
v9,feat_gbm,2.0,43,61,-1.3954556233766948,-2.1381844357326614
v9,feat_gbm,2.0,43,62,0.41680262199795376,0.3908315550690521
v9,feat_gbm,2.0,43,63,-3.0463804183377254,-3.259739876316779
v9,feat_gbm,2.0,43,64,-3.653106770537147,-3.799325775609258
v9,feat_gbm,2.0,43,65,-0.621604612776068,0.2842997557356093
v9,feat_gbm,2.0,43,66,0.055040355512080974,0.9099380077885143
v9,feat_gbm,2.0,43,67,0.10000485639822115,0.5741223235018287
v9,feat_gbm,2.0,43,68,1.2144599265133968,1.3807263582335993
v9,feat_gbm,2.0,43,69,0.08719098897192122,2.7357387204405055
v9,feat_gbm,2.0,43,70,-0.019141189405653822,-0.3782017485149665
v9,feat_gbm,2.0,43,71,-0.5896282398234717,-0.6946521973220513
v9,feat_gbm,2.0,43,72,-3.491760688759116,-3.510295151868067
v9,feat_gbm,2.0,43,73,-0.20356551025350372,-0.3643686170400702
v9,feat_gbm,2.0,43,74,1.2844532841966454,1.1835884152793859
v9,feat_gbm,2.0,43,75,-0.05136362941886264,-0.38644824542838596
v9,feat_gbm,2.0,43,76,0.1512731414522513,0.7005004452467647
v9,feat_gbm,2.0,43,77,-0.04003360211085414,0.3770911051312199
v9,feat_gbm,2.0,43,78,-0.3611735562524965,-0.5374783823521183
v9,feat_gbm,2.0,43,79,-2.6428540411099286,-3.2499450611549854
v9,feat_gbm,2.0,43,80,-2.1969591527587995,-1.719925172279684
v9,feat_gbm,2.0,43,81,0.29514186036755297,1.8185710395242058
v9,feat_gbm,2.0,43,82,-1.3527310366170808,-1.0758778979961314
v9,feat_gbm,2.0,43,83,-0.05718439458158781,-0.8033140510569362
v9,feat_gbm,2.0,43,84,-2.047076471404267,-2.0837035815006346
v9,feat_gbm,2.0,43,85,-1.3043360212191555,-1.2430797823904942
v9,feat_gbm,2.0,43,86,0.5644960195924675,0.639317965424242
v9,feat_gbm,2.0,43,87,-0.5566641069842768,-0.02321591952008587
v9,feat_gbm,2.0,43,88,-2.7426417857805117,-3.512086916650174
v9,feat_gbm,2.0,43,89,-1.1390168289959497,-1.684363733317816
v9,feat_gbm,2.0,43,90,-3.6792616456323053,-3.5341996208099964
v9,feat_gbm,2.0,43,91,0.7187334805556185,1.1574629997660548
v9,feat_gbm,2.0,43,92,-1.226175348139432,-0.7651863719989663
v9,feat_gbm,2.0,43,93,-4.451494512928685,-5.7708125015304885
v9,feat_gbm,2.0,43,94,-0.0891253231128931,0.07374698385127064
v9,feat_gbm,2.0,43,95,-0.13819428789357452,1.201566413592891
v9,feat_gbm,2.0,43,96,0.5929302478715255,1.2655480006709303
v9,feat_gbm,2.0,43,97,-3.352212717325741,-3.2217777708537843
v9,feat_gbm,2.0,43,98,-2.53020438782032,-1.2120387208328698
v9,feat_gbm,2.0,43,99,-0.4447427767626864,-0.04015373686183237
v9,feat_gbm,2.0,43,100,-2.69360207922735,-2.8384481914339785
v9,feat_gbm,2.0,43,101,-2.858772780184736,-3.541068619782685
v9,feat_gbm,2.0,43,102,-4.0888204863984186,-4.424727465058162
v9,feat_gbm,2.0,43,103,-1.0570782900925306,-0.7652009130347144
v9,feat_gbm,2.0,43,104,-0.8545915822335365,-0.406664655497914
v9,feat_gbm,2.0,43,105,-2.365749732237055,-2.8019031633754246
v9,feat_gbm,2.0,43,106,-1.6481259908169488,-1.1978192780958505
v9,feat_gbm,2.0,43,107,-1.595727000603241,-1.2497822804421463
v9,feat_gbm,2.0,43,108,-0.006566893857920813,-0.2003702404752673
v9,feat_gbm,2.0,43,109,-0.6526098813037089,-0.28745536208379296
v9,feat_gbm,2.0,43,110,0.033712761536533985,0.2838469771831524
v9,feat_gbm,2.0,43,111,0.01665984685458502,0.6579850926301614
v9,feat_gbm,2.0,43,112,-0.08567027127329656,-0.4279263804064609
v9,feat_gbm,2.0,43,113,0.052652285835922435,0.527327823801956
v9,feat_gbm,2.0,43,114,-3.47481366644328,-3.652947895428966
v9,feat_gbm,2.0,43,115,-1.0829438786114087,-0.04287987221360797
v9,feat_gbm,2.0,43,116,-3.3690313934916607,-3.4409421360670214
v9,feat_gbm,2.0,43,117,-2.424202306129778,-2.4284095097884006
v9,feat_gbm,2.0,43,118,-2.131169110241104,-1.419217075367618
v9,feat_gbm,2.0,43,119,-2.805077407878295,-1.4944271796191557
v9,feat_gbm,2.0,43,120,-2.8768077169351507,-2.797137626437216
v9,feat_gbm,2.0,43,121,0.790819590109853,3.1321125804877905
v9,feat_gbm,2.0,43,122,-2.4638755328952913,-3.164895556438051
v9,feat_gbm,2.0,43,123,-0.09620688590089026,-0.021234684620174846
v9,feat_gbm,2.0,43,124,-1.512304907183751,-1.246001114532972
v9,feat_gbm,2.0,43,125,-2.7844300947970098,-2.7130193085566443
v9,feat_gbm,2.0,43,126,-2.297582396224107,-2.0560780011130944
v9,feat_gbm,2.0,43,127,-1.503097258329516,-1.631222331554067
v9,feat_gbm,2.0,43,128,-2.084201211928898,-3.477307725783656
v9,feat_gbm,2.0,43,129,0.9593130439449584,1.7007542891568868
v9,feat_gbm,2.0,43,130,-3.41605077438646,-3.4021624962570822
v9,feat_gbm,2.0,43,131,-3.1392503814763484,-3.701149444421242
v9,feat_gbm,2.0,43,132,-0.04165381220826193,-0.4116741376471012
v9,feat_gbm,2.0,43,133,-0.3375192413908185,-0.5680375850475197
v9,feat_gbm,2.0,43,134,-1.3571654255462053,-1.4788189923590598
v9,feat_gbm,2.0,43,135,-2.45700140198196,-2.9896549957503007
v9,feat_gbm,2.0,43,136,0.2308887711096798,0.11194117436713467
v9,feat_gbm,2.0,43,137,0.6840220466548214,1.7147062893715772
v9,feat_gbm,2.0,43,138,-2.15665136122544,-1.9709125209383296
v9,feat_gbm,2.0,43,139,-0.12372526312379376,0.19937477723826902
v9,feat_gbm,2.0,43,140,-1.9271168694187428,-2.8223726616431475
v9,feat_gbm,2.0,43,141,-0.18176414588816883,-0.12380828599000025
v9,feat_gbm,2.0,43,142,-2.517097729627206,-2.97521232911642
v9,feat_gbm,2.0,43,143,-2.14751341034956,-1.9484557479617686
v9,feat_gbm,2.0,43,144,0.7724088713590779,1.244093655886106
v9,feat_gbm,2.0,43,145,-2.294537378034202,-2.0280859266176816
v9,feat_gbm,2.0,43,146,-1.6433172105373413,-2.0754073031653366
v9,feat_gbm,2.0,43,147,-0.1984403515346673,-0.11331641159387335
v9,feat_gbm,2.0,43,148,-2.030125629212761,-2.620298039600635
v9,feat_gbm,2.0,43,149,-2.974877830645341,-3.8395532227602396
v9,feat_gbm,2.0,43,150,-1.854906360906377,-2.149698272240366
v9,feat_gbm,2.0,43,151,-2.805729882051428,-3.1594376779318036
v9,feat_gbm,2.0,43,152,-2.131890259746951,-2.7712141114581046
v9,feat_gbm,2.0,43,153,-1.4216151858551762,-1.1483368403810985
v9,feat_gbm,2.0,43,154,-0.4510463477563995,-1.4700676700115773
v9,feat_gbm,2.0,43,155,0.792747924684203,1.4088416749712322
v9,feat_gbm,2.0,43,156,-0.021822324802580895,0.7564704220494097
v9,feat_gbm,2.0,43,157,-2.60697122804482,-1.7148995557963913
v9,feat_gbm,2.0,43,158,-1.7653758374641422,-2.8595355115547196
v9,feat_gbm,2.0,43,159,-1.398019816802997,-0.9922400520728849
v9,feat_gbm,2.0,43,160,1.6133149938192535,1.8585227307534937
v9,feat_gbm,2.0,43,161,-2.2662968401094674,-2.477654537850602
v9,feat_gbm,2.0,43,162,-1.768611534191415,-2.993764039868935
v9,feat_gbm,2.0,43,163,-1.1186523920700795,-1.1722671160336509
v9,feat_gbm,2.0,43,164,-1.8827263735299244,-1.6577576086204497
v9,feat_gbm,2.0,43,165,-2.4405081274689855,-2.9770186999323642
v9,feat_gbm,2.0,43,166,-3.0355627022060996,-3.2329952824425443
v9,feat_gbm,2.0,43,167,-0.35933477300959216,0.19550508612775644
v9,feat_gbm,2.0,43,168,-0.7173384203533139,-1.2639642813248737
v9,feat_gbm,2.0,43,169,1.209680484962792,1.4224064134580066
v9,feat_gbm,2.0,43,170,-2.337505236375828,-1.5303724784706008
v9,feat_gbm,2.0,43,171,0.5347822784834539,0.6086346650572224
v9,feat_gbm,2.0,43,172,0.2845221881850396,-0.052232489626048526
v9,feat_gbm,2.0,43,173,-1.102553680233803,-0.19074605880313256
v9,feat_gbm,2.0,43,174,-2.3746326825278032,-2.7678232596734214
v9,feat_gbm,2.0,43,175,-1.842544642489129,-1.6557092188829319
v9,feat_gbm,2.0,43,176,0.19079336068444933,0.12081831439914445
v9,feat_gbm,2.0,43,177,-0.1342947603109623,3.7031714993021168
v9,feat_gbm,2.0,43,178,0.5562251460532323,-0.17761292562564054
v9,feat_gbm,2.0,43,179,0.3122871217227639,0.2295122735959306
v9,feat_gbm,2.0,43,180,-1.90811010398067,-1.6401012725318311
v9,feat_gbm,2.0,43,181,-2.8945178556331785,-3.399461101549646
v9,feat_gbm,2.0,43,182,0.054210804194297545,0.5421608664871393
v9,feat_gbm,2.0,43,183,-3.7899839747225963,-3.7858185839721776
v9,feat_gbm,2.0,43,184,0.09158356704816195,0.4440956773301304
v9,feat_gbm,2.0,43,185,-0.03600944351352278,0.5450962365111649
v9,feat_gbm,2.0,43,186,-2.863134495147847,-3.094441269353033
v9,feat_gbm,2.0,43,187,0.5053847582223068,1.436275522654785
v9,feat_gbm,2.0,43,188,-0.6968293468714553,-0.003208414280501246
v9,feat_gbm,2.0,43,189,-2.0614797026585383,-2.0766448721687736
v9,feat_gbm,2.0,43,190,-2.774903754022869,-2.887011097372245
v9,feat_gbm,2.0,43,191,-0.4912655355446011,-0.19564387773269687
v9,feat_gbm,2.0,43,192,-3.4100727823210235,-3.39219136175158
v9,feat_gbm,2.0,43,193,-3.6483927028286556,-4.804455114758695
v9,feat_gbm,2.0,43,194,-0.26275016880637647,-0.23230879418151415
v9,feat_gbm,2.0,43,195,0.9640875949925173,0.7768952289284052
v9,feat_gbm,2.0,43,196,-3.5667223540919926,-3.0758975731441707
v9,feat_gbm,2.0,43,197,1.090387018127001,1.8852948766094535
v9,feat_gbm,2.0,43,198,-0.0043340140979508685,-0.07474663349946693
v9,feat_gbm,2.0,43,199,1.140758182369682,0.9295509098669842
v9,feat_gbm,2.0,43,200,0.17390191751793085,0.40408761039079466
v9,feat_gbm,2.0,43,201,-1.1064641078282786,-1.0185563947000995
v9,feat_gbm,2.0,43,202,-1.1527238916019558,-1.5812541435625456
v9,feat_gbm,2.0,43,203,-1.6562738873434832,-2.9269603411540346
v9,feat_gbm,2.0,43,204,-0.020727073147887843,-0.9368237022381455
v9,feat_gbm,2.0,43,205,-0.37950428271046427,-0.771906247259438
v9,feat_gbm,2.0,43,206,-2.004089707568351,-1.4457766532498904
v9,feat_gbm,2.0,43,207,-2.6508523884168222,-2.4752738768021185
v9,feat_gbm,2.0,43,208,-2.4364615116185573,-2.8789590131308262
v9,feat_gbm,2.0,43,209,-1.598893918863348,-2.6986856152036793
v9,feat_gbm,2.0,43,210,0.16227184102984532,0.05837096406180189
v9,feat_gbm,2.0,43,211,-2.818470551158957,-2.2327070274631113
v9,feat_gbm,2.0,43,212,0.10518075391536988,0.15758807445032513
v9,feat_gbm,2.0,43,213,0.772713389553131,0.5234750924970406
v9,feat_gbm,2.0,43,214,0.7568315504297896,0.8312555987922697
v9,feat_gbm,2.0,43,215,-1.1320542568623353,-0.7699972654610447
v9,feat_gbm,2.0,43,216,-2.457342429097285,-2.4368834827463726
v9,feat_gbm,2.0,43,217,-2.6329095962276323,-3.7421886443248944
v9,feat_gbm,2.0,43,218,-3.412546985285362,-4.3753265313120195
v9,feat_gbm,2.0,43,219,0.23547844760243303,0.13181597567614448
v9,feat_gbm,2.0,43,220,-2.4641334572146008,-2.150299196146146
v9,feat_gbm,2.0,43,221,0.1821932226035887,0.4316281043505307
v9,feat_gbm,2.0,43,222,0.2996936800313788,0.20581216265343685
v9,feat_gbm,2.0,43,223,-2.634124366042575,-1.7226779576420432
v9,feat_gbm,2.0,43,224,0.6737581422977049,1.0701061526100661
v9,feat_gbm,2.0,43,225,-0.9111172674275134,-2.995983076644188
v9,feat_gbm,2.0,43,226,-0.18897033950898276,-0.39103048890459524
v9,feat_gbm,2.0,43,227,-1.9925636611717472,-2.811377433191803
v9,feat_gbm,2.0,43,228,-0.24521586190102768,0.1103569248772952
v9,feat_gbm,2.0,43,229,0.3634407642897833,1.0926797996732165
v9,feat_gbm,2.0,43,230,-1.2156257345254415,-1.1465469989616057
v9,feat_gbm,2.0,43,231,-4.162903968303516,-3.7045714701961474
v9,feat_gbm,2.0,43,232,-0.32554018197665413,-0.3205795311611984
v9,feat_gbm,2.0,43,233,0.3395007896916443,-0.7282288274356463
v9,feat_gbm,2.0,43,234,-0.006738824725402837,-0.6143938277881194
v9,feat_gbm,2.0,43,235,-2.6981945982974986,-3.717493513170671
v9,feat_gbm,2.0,43,236,-1.9518006256689955,-1.894186438607053
v9,feat_gbm,2.0,43,237,-0.19945226474595137,0.19101892391720615
v9,feat_gbm,2.0,43,238,-1.5633576881774178,-2.723653519266766
v9,feat_gbm,2.0,43,239,0.8335370970935625,0.28172679866345784
v9,feat_gbm,2.0,43,240,-1.3721794392968594,-0.570916259780521
v9,feat_gbm,2.0,43,241,-1.9794775437971415,-3.037607674189957
v9,feat_gbm,2.0,43,242,-2.443895635205322,-2.4824067099880884
v9,feat_gbm,2.0,43,243,0.7516594950786325,1.793244191067856
v9,feat_gbm,2.0,43,244,-2.098424502586548,-2.170563194223024
v9,feat_gbm,2.0,43,245,-2.259767518322032,-2.5580286375581696
v9,feat_gbm,2.0,43,246,-2.7417158228960257,-3.9013363177662743
v9,feat_gbm,2.0,43,247,-1.5530862764454074,-1.2689211715035387
v9,feat_gbm,2.0,43,248,-2.4186071989083047,-2.89795980370705
v9,feat_gbm,2.0,43,249,-1.0262325965761798,-1.149470325468549
v9,feat_gbm,2.0,43,250,-2.7082405543690364,-2.1803876537888693
v9,feat_gbm,2.0,43,251,-0.5343219773576232,-1.2010659028736028
v9,feat_gbm,2.0,43,252,-2.7972314978787822,-2.675840590612525
v9,feat_gbm,2.0,43,253,-0.9611993740671136,-0.865421424414132
v9,feat_gbm,2.0,43,254,0.18792845741264155,-0.45089388998719687
v9,feat_gbm,2.0,43,255,-1.2920815564683896,-1.477655138121315
v9,feat_gbm,2.0,43,256,-1.9816160394410396,-1.9234128661936198
v9,feat_gbm,2.0,43,257,-0.6513180876822379,-0.8895479413744646
v9,feat_gbm,2.0,43,258,-1.0482750378857166,-1.284701881398344
v9,feat_gbm,2.0,43,259,-0.4406098914259543,0.03791276039075724
v9,feat_gbm,2.0,43,260,-0.7856042700072572,-1.213907680807544
v9,feat_gbm,2.0,43,261,-0.22691677289685,-0.6937064881158975
v9,feat_gbm,2.0,43,262,-2.643863390479325,-2.500344974429108
v9,feat_gbm,2.0,43,263,-3.2893409073789592,-3.0782877743164985
v9,feat_gbm,2.0,43,264,-2.1742358406253226,-3.2702790535172426
v9,feat_gbm,2.0,43,265,-0.2947748845496087,-0.15746453031192983
v9,feat_gbm,2.0,43,266,-1.3540091942450132,-1.3930653126164372
v9,feat_gbm,2.0,43,267,-4.032927312976259,-3.460520174484755
v9,feat_gbm,2.0,43,268,-1.4586256006377516,-1.8115923421665279
v9,feat_gbm,2.0,43,269,0.1256972638814814,-0.04785951915829837
v9,feat_gbm,2.0,43,270,-1.7555850048855048,-1.3387838926701625
v9,feat_gbm,2.0,43,271,0.6686661359402353,0.6172482925771328
v9,feat_gbm,2.0,43,272,0.020279052832603763,0.10718580269537517
v9,feat_gbm,2.0,43,273,-2.882676094604895,-2.4250613993713395
v9,feat_gbm,2.0,43,274,0.10519450470555299,-0.4656136934058211
v9,feat_gbm,2.0,43,275,-1.9157042962248394,-1.7679071058666047
v9,feat_gbm,2.0,43,276,-0.19674461283569958,-0.15192249005847586
v9,feat_gbm,2.0,43,277,-0.7175129675776775,-0.22686658439221394
v9,feat_gbm,2.0,43,278,-1.1062572124376864,-0.3963273628232521
v9,feat_gbm,2.0,43,279,-2.524124837816993,-2.1916982233579314
v9,feat_gbm,2.0,43,280,-0.6080641480410373,0.5138857123822332
v9,feat_gbm,2.0,43,281,-0.7871431072421875,0.13501120436460418
v9,feat_gbm,2.0,43,282,-0.029174093937858584,-0.35232291748203215
v9,feat_gbm,2.0,43,283,-0.16353664026574538,0.33710059568630363
v9,feat_gbm,2.0,43,284,0.9503507905266888,2.2269494594330284
v9,feat_gbm,2.0,43,285,-0.450204266202844,-0.8523290277873723
v9,feat_gbm,2.0,43,286,0.017799560829825607,0.5032694866056324
v9,feat_gbm,2.0,43,287,-3.820361534666712,-3.0734310124071125
v9,feat_gbm,2.0,43,288,-2.90710802558598,-3.0969464995649485
v9,feat_gbm,2.0,43,289,-0.09351282439959112,0.8088909840914691
v9,feat_gbm,2.0,43,290,-2.5515642558340828,-1.710735902712342
v9,feat_gbm,2.0,43,291,-0.2686914698636538,-0.24588513525180683
v9,feat_gbm,2.0,43,292,-2.555069193638833,-2.9910915714149957
v9,feat_gbm,2.0,43,293,-0.23975863996670382,0.24397961438558982
v9,feat_gbm,2.0,43,294,0.5360301735890508,0.9827222917401395
v9,feat_gbm,2.0,43,295,0.30372644417061245,1.5399914318848642
v9,feat_gbm,2.0,43,296,-2.678789435151709,-3.028104854063688
v9,feat_gbm,2.0,43,297,-2.531445448654595,-1.9675880903276046
v9,feat_gbm,2.0,43,298,0.4249977490700935,0.3882116190950413
v9,feat_gbm,2.0,43,299,-1.3236613387581375,-0.4169590587595381
v9,feat_gbm,2.0,43,300,-0.48451815350422406,-0.47104701624968015
v9,feat_gbm,2.0,43,301,-0.6633075878484116,-0.5788171023402015
v9,feat_gbm,2.0,43,302,-3.5497102257101876,-3.325334912618423
v9,feat_gbm,2.0,43,303,-0.13239259420645588,0.27214776974989446
v9,feat_gbm,2.0,43,304,-0.012840635784709505,0.2838761456734127
v9,feat_gbm,2.0,43,305,0.5517150438091996,0.98356576927226
v9,feat_gbm,2.0,43,306,-1.5894924015696281,-2.324804251846344
v9,feat_gbm,2.0,43,307,-0.1803935768370767,-0.30060412365222405
v9,feat_gbm,2.0,43,308,-3.545520639100059,-3.5706943269006843
v9,feat_gbm,2.0,43,309,-0.4873681547506676,0.7657986236992217
v9,feat_gbm,2.0,43,310,-1.2151065636684317,-0.3760212383278314
v9,feat_gbm,2.0,43,311,1.0857679641850266,0.903367601886353
v9,feat_gbm,2.0,43,312,0.5967997540880279,0.2834145554969618
v9,feat_gbm,2.0,43,313,-0.23332678800770493,-0.8750381269167363
v9,feat_gbm,2.0,43,314,-2.539199933075277,-0.8911054934067958
v9,feat_gbm,2.0,43,315,0.20771930836054175,0.2699623908229132
v9,feat_gbm,2.0,43,316,-2.951993024905154,-4.034449774534175
v9,feat_gbm,2.0,43,317,0.2732412254641395,0.7302045063515665
v9,feat_gbm,2.0,43,318,-2.599446633218489,-2.5264159394565007
v9,feat_gbm,2.0,43,319,-2.6989204885672278,-3.1280680478747835
v9,feat_gbm,2.0,43,320,0.4236710932525941,-0.623194388118803
v9,feat_gbm,2.0,43,321,-3.7237455313761587,-4.172922463867305
v9,feat_gbm,2.0,43,322,0.7051789756102145,1.0714029341973417
v9,feat_gbm,2.0,43,323,-2.597130703122101,-2.5538050374755565
v9,feat_gbm,2.0,43,324,-1.6906598200545757,-1.5310020975326282
v9,feat_gbm,2.0,43,325,-0.2292493774208702,-0.735749980772127
v9,feat_gbm,2.0,43,326,-1.1384957620968699,-0.5010306012352705
v9,feat_gbm,2.0,43,327,-3.938593579698133,-4.393123087746285
v9,feat_gbm,2.0,43,328,0.2774705949765356,0.6439364857563509
v9,feat_gbm,2.0,43,329,-2.878150477774278,-2.60760252445046
v9,feat_gbm,2.0,43,330,0.32473418362629,0.46983427811083467
v9,feat_gbm,2.0,43,331,-0.6142742499203083,-1.149354435920189
v9,feat_gbm,2.0,43,332,-1.9980449219196093,-1.0961264399974935
v9,feat_gbm,2.0,43,333,0.47856154563886605,1.4253561556633074
v9,feat_gbm,2.0,43,334,0.9407865372718188,1.0406546288822482
v9,feat_gbm,2.0,43,335,-0.22431393437345384,-0.1286217558512718
v9,feat_gbm,2.0,43,336,-1.6380961126877467,-1.7275974260064488
v9,feat_gbm,2.0,43,337,-2.354301189889249,-4.535227665039715
v9,feat_gbm,2.0,43,338,-0.21995920731913407,-1.078833843619319
v9,feat_gbm,2.0,43,339,-1.8095090396105395,-2.035297396751524
v9,feat_gbm,2.0,43,340,0.21966271670596915,0.4788286932125707
v9,feat_gbm,2.0,43,341,-0.7976575601123783,-0.4595082096564039
v9,feat_gbm,2.0,43,342,-3.5855879042832624,-3.653430804591794
v9,feat_gbm,2.0,43,343,0.61182901600495,0.2834522663037432
v9,feat_gbm,2.0,43,344,-0.06404728252590865,-0.15984972455285287
v9,feat_gbm,2.0,43,345,-2.4982486598070137,-3.8822970119574354
v9,feat_gbm,2.0,43,346,-2.250183411870244,-2.5801989990218064
v9,feat_gbm,2.0,43,347,-3.730871073565863,-3.2622630695286134
v9,feat_gbm,2.0,43,348,-1.2606659585910103,-0.4894561152880944
v9,feat_gbm,2.0,43,349,-4.432031687368419,-3.0223552414624764
v9,feat_gbm,2.0,43,350,0.7483257643168069,0.4215072765335228
v9,feat_gbm,2.0,43,351,-2.422061729097646,-1.8152752103400673
v9,feat_gbm,2.0,43,352,0.9517013081138895,1.102263670511441
v9,feat_gbm,2.0,43,353,0.6593130541734697,1.4454852001466738
v9,feat_gbm,2.0,43,354,-3.1246255791665494,-3.6770060333191017
v9,feat_gbm,2.0,43,355,-3.1660614035380106,-5.078652858832153
v9,feat_gbm,2.0,43,356,0.13370268797229046,0.7815322159665122
v9,feat_gbm,2.0,43,357,0.44111366097590465,0.6775133790495483
v9,feat_gbm,2.0,43,358,-3.515008658746074,-3.5163570325540956
v9,feat_gbm,2.0,43,359,-2.8999941280896886,-4.157760523739404
v9,feat_gbm,2.0,43,360,-0.4973984169463625,-0.18386357284099003
v9,feat_gbm,2.0,43,361,-3.4595740967912114,-4.477383009144865
v9,feat_gbm,2.0,43,362,-0.15950368632539982,0.2909126951240761
v9,feat_gbm,2.0,43,363,-2.8251382919910166,-3.5121531596302606
v9,feat_gbm,2.0,43,364,-0.12539871580952328,-0.0019354464452207268
v9,feat_gbm,2.0,43,365,-3.3813772963175386,-3.264666087597375
v9,feat_gbm,2.0,43,366,-0.9965738992202676,-1.4961090632143375
v9,feat_gbm,2.0,43,367,-0.25845484964531495,-0.10305907560987346
v9,feat_gbm,2.0,43,368,-0.21430578615443674,0.24601275195113992
v9,feat_gbm,2.0,43,369,-2.3512927224038416,-1.6400355118163064
v9,feat_gbm,2.0,43,370,-1.230446408746956,-1.5399226532969161
v9,feat_gbm,2.0,43,371,-0.5998439837417976,-0.3336387161155974
v9,feat_gbm,2.0,43,372,0.23478888071306564,0.3185760540422761
v9,feat_gbm,2.0,43,373,-0.6971808832281681,-0.30756424411789
v9,feat_gbm,2.0,43,374,-3.406125333543399,-3.551435429619069
v9,feat_gbm,2.0,43,375,0.37731488454815987,-0.12846918127015178
v9,feat_gbm,2.0,43,376,0.4219752702206593,0.43413099611324796
v9,feat_gbm,2.0,43,377,0.24487811854114405,0.8095384731463161
v9,feat_gbm,2.0,43,378,0.09741065273553573,0.20303525329731625
v9,feat_gbm,2.0,43,379,0.19767581766115022,0.524784145223057
v9,feat_gbm,2.0,43,380,0.32019666326064017,0.8722609808312535
v9,feat_gbm,2.0,43,381,0.11926574403249444,1.0190202163897197
v9,feat_gbm,2.0,43,382,0.1308364058208765,1.2715191268303472
v9,feat_gbm,2.0,43,383,-0.27794280363214496,-0.13923746667536385
v9,feat_gbm,2.0,43,384,-1.2628871304049052,-1.7983983483294153
v9,feat_gbm,2.0,43,385,-0.16708081277067366,0.5606037150840157
v9,feat_gbm,2.0,43,386,0.9375662886176661,0.6003456151224621
v9,feat_gbm,2.0,43,387,0.2243526356440153,1.3071718981356573
v9,feat_gbm,2.0,43,388,-0.1562271120222984,-0.19457283568776126
v9,feat_gbm,2.0,43,389,-1.3489296454556041,-0.981880356960367
v9,feat_gbm,2.0,43,390,-3.3614796934569053,-2.628024059072158
v9,feat_gbm,2.0,43,391,-2.958074530643325,-2.479262758098376
v9,feat_gbm,2.0,43,392,-2.0060523265737222,-2.207941629114672
v9,feat_gbm,2.0,43,393,-2.7426881314073066,-2.806586620215901
v9,feat_gbm,2.0,43,394,-0.36224085410495915,-0.16842623590390868
v9,feat_gbm,2.0,43,395,0.5508734675725978,0.3596423409999632
v9,feat_gbm,2.0,43,396,-1.8859300086755213,-3.117667066362407
v9,feat_gbm,2.0,43,397,0.6209419066725471,0.6134086288650079
v9,feat_gbm,2.0,43,398,0.4365673485222377,0.5049020087080688
v9,feat_gbm,2.0,43,399,-1.5366775219461895,-1.0548605918119196
v9,feat_gbm,2.0,43,400,-2.5910063021838248,-2.877676775828332
v9,feat_gbm,2.0,43,401,-0.05899043327235246,0.015654415635624343
v9,feat_gbm,2.0,43,402,-0.42311237607990126,-0.7027824676465185
v9,feat_gbm,2.0,43,403,0.09036417085167203,0.6733427913489138
v9,feat_gbm,2.0,43,404,-0.25292686497148376,0.03259550049258387
v9,feat_gbm,2.0,43,405,-3.162444647405048,-3.4179416205706223
v9,feat_gbm,2.0,43,406,-1.3534191803916253,-1.6563158072976616
v9,feat_gbm,2.0,43,407,-0.06212487666907194,0.3281041495218151
v9,feat_gbm,2.0,43,408,-1.7800365362013317,-1.498502430121411
v9,feat_gbm,2.0,43,409,-1.9480358675189207,-1.5390850133499359
v9,feat_gbm,2.0,43,410,-3.090262246311282,-3.8769914364338094
v9,feat_gbm,2.0,43,411,-1.2725750697763871,-1.1093409530974205
v9,feat_gbm,2.0,43,412,-1.931863214084056,-2.1356441225652167
v9,feat_gbm,2.0,43,413,0.16553650854767693,0.5613925387002681
v9,feat_gbm,2.0,43,414,-2.271986161415703,-2.672303525149137
v9,feat_gbm,2.0,43,415,0.6771686905371562,0.9887747910888531
v9,feat_gbm,2.0,43,416,-1.8495818355020757,-2.064740642123073
v9,feat_gbm,2.0,43,417,-1.0789467015178564,-0.13534283366780814
v9,feat_gbm,2.0,43,418,0.13158836216103503,0.5266566940316069
v9,feat_gbm,2.0,43,419,-0.4536927936365317,-0.7929716308762645
v9,feat_gbm,2.0,43,420,-0.039704990479560325,0.22081989653443584
v9,feat_gbm,2.0,43,421,-3.9261249126388242,-3.4911396429773087
v9,feat_gbm,2.0,43,422,-0.11104756207568099,0.4691563032653497
v9,feat_gbm,2.0,43,423,-0.11710171290074875,-0.21242164749251408
v9,feat_gbm,2.0,43,424,-2.295695774727825,-2.0235730224261497
v9,feat_gbm,2.0,43,425,-0.3917405336681807,0.1881042769243711
v9,feat_gbm,2.0,43,426,-1.0199727337164393,-0.7546830882020855
v9,feat_gbm,2.0,43,427,-2.3582109141155194,-2.004418163271322
v9,feat_gbm,2.0,43,428,0.04164414959881459,0.08108350485015015
v9,feat_gbm,2.0,43,429,-1.4319199148709036,-0.8958783842144782
v9,feat_gbm,2.0,43,430,-0.04440859397612446,-0.700178367515834
v9,feat_gbm,2.0,43,431,-2.4460073181854747,-2.026447754843476
v9,feat_gbm,2.0,43,432,-2.338246032067467,-3.3644112924118934
v9,feat_gbm,2.0,43,433,-1.9791481650054878,-2.4777804975332844
v9,feat_gbm,2.0,43,434,-3.1535479121928356,-3.6407879329147783
v9,feat_gbm,2.0,43,435,-0.03563974575729322,0.8140524350977956
v9,feat_gbm,2.0,43,436,-0.142662522567354,-0.6342245759550225
v9,feat_gbm,2.0,43,437,-1.314695722943969,-1.0170271575608654
v9,feat_gbm,2.0,43,438,0.41236931800610604,1.2058566336630974
v9,feat_gbm,2.0,43,439,1.0829905744304513,1.04159183954478
v9,feat_gbm,2.0,43,440,-1.015677616957585,-0.383754051292973
v9,feat_gbm,2.0,43,441,0.89748914183114,0.9717849563735496
v9,feat_gbm,2.0,43,442,0.7888792052655247,0.915394257773604
v9,feat_gbm,2.0,43,443,-0.015389838353657466,0.17619398118278368
v9,feat_gbm,2.0,43,444,-2.5994915784060133,-2.3026142847949007
v9,feat_gbm,2.0,43,445,-0.6358938555856921,-2.156995715227189
v9,feat_gbm,2.0,43,446,-2.3357978268744226,-1.9647154613855007
v9,feat_gbm,2.0,43,447,-1.252142006435907,-1.2167428909736953
v9,feat_gbm,2.0,43,448,-0.3493243266828282,0.371748058948411
v9,feat_gbm,2.0,43,449,-3.624906340820507,-3.354914600670279
v9,feat_gbm,2.0,43,450,-3.4679328402786105,-2.0984010901330774
v9,feat_gbm,2.0,43,451,-2.2546881564014374,-1.8411195968283314
v9,feat_gbm,2.0,43,452,0.5068299428504549,-0.2866386615093297
v9,feat_gbm,2.0,43,453,-1.123825309796845,-2.1769502099219324
v9,feat_gbm,2.0,43,454,-0.3796599425884444,0.851829112076475
v9,feat_gbm,2.0,43,455,0.5867555275463793,-0.5174982843777256
v9,feat_gbm,2.0,43,456,-2.902522223035724,-3.7883351795095335
v9,feat_gbm,2.0,43,457,-1.3569294115025885,-1.3225504843777425
v9,feat_gbm,2.0,43,458,-0.6279900599812489,-0.6304710111145473
v9,feat_gbm,2.0,43,459,-3.421666849285776,-2.867776928577639
v9,feat_gbm,2.0,43,460,-0.30611708631786205,-0.20106453453544149
v9,feat_gbm,2.0,43,461,0.7291731889713565,0.565413433251147
v9,feat_gbm,2.0,43,462,0.015796395064446734,0.6531860801292728
v9,feat_gbm,2.0,43,463,-3.030827582313124,-3.295531334571209
v9,feat_gbm,2.0,43,464,-1.654904937305464,-1.118951529136503
v9,feat_gbm,2.0,43,465,-0.1346962396442552,0.08535922256033004
v9,feat_gbm,2.0,43,466,-0.21159929483806256,0.2656879386171551
v9,feat_gbm,2.0,43,467,-1.268974178148044,-1.0764680911985907
v9,feat_gbm,2.0,43,468,0.8995326356754506,2.2503813782282114
v9,feat_gbm,2.0,43,469,-0.13963629280939055,-0.029700274932011248
v9,feat_gbm,2.0,43,470,-2.458499970098912,-2.1918010579584375
v9,feat_gbm,2.0,43,471,0.9351604550244428,-0.12537364897776127
v9,feat_gbm,2.0,43,472,-1.3816735800782276,-1.3714574409892777
v9,feat_gbm,2.0,43,473,-2.284353439826075,-1.0216450817816245
v9,feat_gbm,2.0,43,474,-0.77908433741312,-0.8313233833759152
v9,feat_gbm,2.0,43,475,-2.232866397442614,-3.25243582884057
v9,feat_gbm,2.0,43,476,0.49490152539015264,0.8737365575305754
v9,feat_gbm,2.0,43,477,-2.0300943140283514,-1.8373017486027088
v9,feat_gbm,2.0,43,478,-1.6575171346239117,-1.909749317133085
v9,feat_gbm,2.0,43,479,-0.00789812531577301,0.418341725137149
v9,feat_gbm,2.0,43,480,-1.5773331930805654,-2.8689304810445995
v9,feat_gbm,2.0,43,481,-4.417420423063094,-3.9192950012633494
v9,feat_gbm,2.0,43,482,0.7242964817185444,0.8191907452202399
v9,feat_gbm,2.0,43,483,-2.687857865860357,-2.7371748494528005
v9,feat_gbm,2.0,43,484,0.16587688812777215,0.043868991079412875
v9,feat_gbm,2.0,43,485,-2.4436391054859796,-3.9571024828402512
v9,feat_gbm,2.0,43,486,-1.4311074868787088,-0.8286091055291892
v9,feat_gbm,2.0,43,487,1.1722844418168417,1.1086460137612473
v9,feat_gbm,2.0,43,488,-0.7834767111787317,-1.0899995989348372
v9,feat_gbm,2.0,43,489,-3.04159604577701,-2.9260181182274523
v9,feat_gbm,2.0,43,490,-0.15023264207911013,0.01778898425240747
v9,feat_gbm,2.0,43,491,-0.04641613806693303,-0.388546054063584
v9,feat_gbm,2.0,43,492,-0.7569936950244588,-0.8483910406321095
v9,feat_gbm,2.0,43,493,-2.685568099656316,-2.4855190663855797
v9,feat_gbm,2.0,43,494,-0.17409398950696628,-0.6027729178489412
v9,feat_gbm,2.0,43,495,-1.7476405461702513,-1.5285925057254015
v9,feat_gbm,2.0,43,496,0.3552714227353803,1.0092174422839322
v9,feat_gbm,2.0,43,497,-2.6144421778924816,-2.421052301727873
v9,feat_gbm,2.0,43,498,-2.9712175782848482,-3.2283141264699093
v9,feat_gbm,2.0,43,499,-3.618588650401302,-4.907212199848568
v9,feat_gbm,2.0,44,0,-0.2493891379252662,0.03894909458183669
v9,feat_gbm,2.0,44,1,-2.3190323937793793,-2.5052564746229193
v9,feat_gbm,2.0,44,2,0.21148292570923816,0.6287827851917782
v9,feat_gbm,2.0,44,3,-2.745033729408947,-3.3447289283878643
v9,feat_gbm,2.0,44,4,1.167217874970125,0.9694015026406426
v9,feat_gbm,2.0,44,5,-2.3832716016120994,-2.4693709778233526
v9,feat_gbm,2.0,44,6,0.2276630797748072,-0.2819211013310965
v9,feat_gbm,2.0,44,7,0.2903462325847592,0.5289578846490461
v9,feat_gbm,2.0,44,8,0.30921923119677575,0.032863622186365654
v9,feat_gbm,2.0,44,9,0.7178681036518071,0.9352707853930591
v9,feat_gbm,2.0,44,10,-1.6222364449809576,-1.5987558134683666
v9,feat_gbm,2.0,44,11,-2.2477395998512404,-3.2678706438993954
v9,feat_gbm,2.0,44,12,-1.6725287159342317,-2.445380546146449
v9,feat_gbm,2.0,44,13,-0.5172193766216105,-0.4471217519653716
v9,feat_gbm,2.0,44,14,-0.43105604300576017,-1.8343062920535937
v9,feat_gbm,2.0,44,15,-2.7474451133887987,-2.278287047942225
v9,feat_gbm,2.0,44,16,-0.45336088243503525,-1.113015507562239
v9,feat_gbm,2.0,44,17,-0.5811493105863952,-1.149386040828735
v9,feat_gbm,2.0,44,18,0.04220798459105859,-0.4541092694382234
v9,feat_gbm,2.0,44,19,-2.5202960749598375,-2.8798658660471284
v9,feat_gbm,2.0,44,20,-3.1810861149135117,-3.281006200299989
v9,feat_gbm,2.0,44,21,-0.598702584056238,-0.7889402030111288
v9,feat_gbm,2.0,44,22,-1.8406740060915374,-0.48114593055133975
v9,feat_gbm,2.0,44,23,-2.2618986073130665,-2.8038114998165153
v9,feat_gbm,2.0,44,24,-2.102210652324953,-2.6726430450531393
v9,feat_gbm,2.0,44,25,-3.176765119114277,-3.141178249464176
v9,feat_gbm,2.0,44,26,-3.1657428433577883,-3.8612362310489847
v9,feat_gbm,2.0,44,27,-2.373625720562017,-3.085821277369337
v9,feat_gbm,2.0,44,28,-1.968278542591427,-2.1153791712035637
v9,feat_gbm,2.0,44,29,-1.2953509548076154,-0.5854112868629942
v9,feat_gbm,2.0,44,30,0.16081754504562398,0.13849791927417068
v9,feat_gbm,2.0,44,31,-2.9201388070108445,-2.779654184179668
v9,feat_gbm,2.0,44,32,1.0262920554625816,0.9166392391011026
v9,feat_gbm,2.0,44,33,-1.9578338737387906,-2.134444297962007
v9,feat_gbm,2.0,44,34,0.45718834112312345,1.1224191581864646
v9,feat_gbm,2.0,44,35,-1.5971677454071171,-2.7514680837461087
v9,feat_gbm,2.0,44,36,-0.07688333401223182,0.7493710802437775
v9,feat_gbm,2.0,44,37,-2.165853317759567,-2.157600461660938
v9,feat_gbm,2.0,44,38,-1.7881699213679874,-1.7436371170468024
v9,feat_gbm,2.0,44,39,0.8072233498117749,0.632388610685479
v9,feat_gbm,2.0,44,40,-0.9899581200439261,-1.5024753827969588
v9,feat_gbm,2.0,44,41,-3.038114159740674,-2.936018587066778
v9,feat_gbm,2.0,44,42,-0.3053872916603865,-0.06406961406287034
v9,feat_gbm,2.0,44,43,-0.5677591362941213,-0.43711075337934485
v9,feat_gbm,2.0,44,44,0.613071475314365,0.521724778538647
v9,feat_gbm,2.0,44,45,0.621322281562006,-0.02881562555915001
v9,feat_gbm,2.0,44,46,-2.8634227285299185,-2.6856700943784895
v9,feat_gbm,2.0,44,47,-3.4034236278435674,-3.3419513202228783
v9,feat_gbm,2.0,44,48,-0.38034272079770204,-0.35240032436669677
v9,feat_gbm,2.0,44,49,-2.794641060318481,-4.466027560457086
v9,feat_gbm,2.0,44,50,-1.026422666175075,-1.2227887404747313
v9,feat_gbm,2.0,44,51,-2.95890410891847,-4.168130875201601
v9,feat_gbm,2.0,44,52,-2.8626310427227706,-2.1825653069440887
v9,feat_gbm,2.0,44,53,-2.6660842269773406,-2.816977102698189
v9,feat_gbm,2.0,44,54,-0.8870612060639399,-0.9520374156321785
v9,feat_gbm,2.0,44,55,0.9371667702187851,0.800460094219776
v9,feat_gbm,2.0,44,56,0.32356072093239496,0.2782562560211116
v9,feat_gbm,2.0,44,57,-0.18230876254385697,-0.7855200046266205
v9,feat_gbm,2.0,44,58,-2.492708864056678,-2.837973637743256
v9,feat_gbm,2.0,44,59,0.684278764212092,0.3653424354755994
v9,feat_gbm,2.0,44,60,-3.7926807642676788,-3.145987746693799
v9,feat_gbm,2.0,44,61,-1.1973106432386524,-2.1381844357326614
v9,feat_gbm,2.0,44,62,0.3285533331104792,0.3908315550690521
v9,feat_gbm,2.0,44,63,-3.0964585704714525,-3.259739876316779
v9,feat_gbm,2.0,44,64,-3.947402131543428,-3.799325775609258
v9,feat_gbm,2.0,44,65,-0.010276737968858392,0.2842997557356093
v9,feat_gbm,2.0,44,66,0.256491243026843,0.9099380077885143
v9,feat_gbm,2.0,44,67,0.16015132229285933,0.5741223235018287
v9,feat_gbm,2.0,44,68,1.1883011265227028,1.3807263582335993
v9,feat_gbm,2.0,44,69,0.2777077729278664,2.7357387204405055
v9,feat_gbm,2.0,44,70,0.0055176375120338395,-0.3782017485149665
v9,feat_gbm,2.0,44,71,-0.6868438293501118,-0.6946521973220513
v9,feat_gbm,2.0,44,72,-3.246907047011247,-3.510295151868067
v9,feat_gbm,2.0,44,73,-0.3954164311793269,-0.3643686170400702
v9,feat_gbm,2.0,44,74,1.4503986622730112,1.1835884152793859
v9,feat_gbm,2.0,44,75,-0.004980522282625353,-0.38644824542838596
v9,feat_gbm,2.0,44,76,0.05640498659959963,0.7005004452467647
v9,feat_gbm,2.0,44,77,0.09450605910419153,0.3770911051312199
v9,feat_gbm,2.0,44,78,-0.346530921951414,-0.5374783823521183
v9,feat_gbm,2.0,44,79,-2.5845367323162605,-3.2499450611549854
v9,feat_gbm,2.0,44,80,-2.212597182264775,-1.719925172279684
v9,feat_gbm,2.0,44,81,0.35244697019507987,1.8185710395242058
v9,feat_gbm,2.0,44,82,-1.1252336344506313,-1.0758778979961314
v9,feat_gbm,2.0,44,83,-0.07245721607877498,-0.8033140510569362
v9,feat_gbm,2.0,44,84,-2.0045932693588644,-2.0837035815006346
v9,feat_gbm,2.0,44,85,-1.3690834925540716,-1.2430797823904942
v9,feat_gbm,2.0,44,86,0.192844243536958,0.639317965424242
v9,feat_gbm,2.0,44,87,-0.42040693310877997,-0.02321591952008587
v9,feat_gbm,2.0,44,88,-2.911874419446918,-3.512086916650174
v9,feat_gbm,2.0,44,89,-1.1063681867031152,-1.684363733317816
v9,feat_gbm,2.0,44,90,-3.535842050519093,-3.5341996208099964
v9,feat_gbm,2.0,44,91,0.9005300990029147,1.1574629997660548
v9,feat_gbm,2.0,44,92,-0.5494881840366014,-0.7651863719989663
v9,feat_gbm,2.0,44,93,-4.530384912130674,-5.7708125015304885
v9,feat_gbm,2.0,44,94,-0.04314716568920155,0.07374698385127064
v9,feat_gbm,2.0,44,95,-0.13135307424150422,1.201566413592891
v9,feat_gbm,2.0,44,96,0.8093852315204065,1.2655480006709303
v9,feat_gbm,2.0,44,97,-3.3285779666823596,-3.2217777708537843
v9,feat_gbm,2.0,44,98,-2.4772956335559773,-1.2120387208328698
v9,feat_gbm,2.0,44,99,-0.5011641577450895,-0.04015373686183237
v9,feat_gbm,2.0,44,100,-2.522798549160582,-2.8384481914339785
v9,feat_gbm,2.0,44,101,-2.9233406211531365,-3.541068619782685
v9,feat_gbm,2.0,44,102,-3.968639168426651,-4.424727465058162
v9,feat_gbm,2.0,44,103,-0.9189727931560169,-0.7652009130347144
v9,feat_gbm,2.0,44,104,-0.737869680561455,-0.406664655497914
v9,feat_gbm,2.0,44,105,-2.304855569143276,-2.8019031633754246
v9,feat_gbm,2.0,44,106,-1.4079877847104003,-1.1978192780958505
v9,feat_gbm,2.0,44,107,-1.5421899886059052,-1.2497822804421463
v9,feat_gbm,2.0,44,108,-0.011488417818382673,-0.2003702404752673
v9,feat_gbm,2.0,44,109,-0.805865919520287,-0.28745536208379296
v9,feat_gbm,2.0,44,110,-0.08980790734763731,0.2838469771831524
v9,feat_gbm,2.0,44,111,-0.03127315037618367,0.6579850926301614
v9,feat_gbm,2.0,44,112,0.21993164475480184,-0.4279263804064609
v9,feat_gbm,2.0,44,113,0.16974699595028533,0.527327823801956
v9,feat_gbm,2.0,44,114,-3.5001066203073763,-3.652947895428966
v9,feat_gbm,2.0,44,115,-1.3494354971841225,-0.04287987221360797
v9,feat_gbm,2.0,44,116,-3.4310088322491596,-3.4409421360670214
v9,feat_gbm,2.0,44,117,-2.2162280294229455,-2.4284095097884006
v9,feat_gbm,2.0,44,118,-2.2432496859204423,-1.419217075367618
v9,feat_gbm,2.0,44,119,-3.1174526690868816,-1.4944271796191557
v9,feat_gbm,2.0,44,120,-2.6369294811666206,-2.797137626437216
v9,feat_gbm,2.0,44,121,0.8202023855591409,3.1321125804877905
v9,feat_gbm,2.0,44,122,-2.421624865786248,-3.164895556438051
v9,feat_gbm,2.0,44,123,0.21746105625615084,-0.021234684620174846
v9,feat_gbm,2.0,44,124,-1.3954929443788031,-1.246001114532972
v9,feat_gbm,2.0,44,125,-2.6726131197038248,-2.7130193085566443
v9,feat_gbm,2.0,44,126,-2.319539423906897,-2.0560780011130944
v9,feat_gbm,2.0,44,127,-1.40605303361403,-1.631222331554067
v9,feat_gbm,2.0,44,128,-2.5433626258922697,-3.477307725783656
v9,feat_gbm,2.0,44,129,1.059504308235323,1.7007542891568868
v9,feat_gbm,2.0,44,130,-3.5033054400263177,-3.4021624962570822
v9,feat_gbm,2.0,44,131,-3.2290048726979217,-3.701149444421242
v9,feat_gbm,2.0,44,132,-0.13196699222279334,-0.4116741376471012
v9,feat_gbm,2.0,44,133,-0.3506588479089138,-0.5680375850475197
v9,feat_gbm,2.0,44,134,-1.4493267196160324,-1.4788189923590598
v9,feat_gbm,2.0,44,135,-2.4263801044694135,-2.9896549957503007
v9,feat_gbm,2.0,44,136,0.2545083575110585,0.11194117436713467
v9,feat_gbm,2.0,44,137,0.8048456547878002,1.7147062893715772
v9,feat_gbm,2.0,44,138,-2.2952561814930528,-1.9709125209383296
v9,feat_gbm,2.0,44,139,-0.09812265725171801,0.19937477723826902
v9,feat_gbm,2.0,44,140,-2.087240340368172,-2.8223726616431475
v9,feat_gbm,2.0,44,141,-0.2535108008566406,-0.12380828599000025
v9,feat_gbm,2.0,44,142,-2.503375029608491,-2.97521232911642
v9,feat_gbm,2.0,44,143,-2.2867846980905173,-1.9484557479617686
v9,feat_gbm,2.0,44,144,0.8345394528822713,1.244093655886106
v9,feat_gbm,2.0,44,145,-2.398950149353727,-2.0280859266176816
v9,feat_gbm,2.0,44,146,-1.563816184262494,-2.0754073031653366
v9,feat_gbm,2.0,44,147,-0.3121807155865306,-0.11331641159387335
v9,feat_gbm,2.0,44,148,-1.9101203325339096,-2.620298039600635
v9,feat_gbm,2.0,44,149,-2.920828922894457,-3.8395532227602396
v9,feat_gbm,2.0,44,150,-1.7938996926026705,-2.149698272240366
v9,feat_gbm,2.0,44,151,-2.8064783009106775,-3.1594376779318036
v9,feat_gbm,2.0,44,152,-2.3584383158025766,-2.7712141114581046
v9,feat_gbm,2.0,44,153,-1.0995534279430899,-1.1483368403810985
v9,feat_gbm,2.0,44,154,-0.4505388713746331,-1.4700676700115773
v9,feat_gbm,2.0,44,155,1.247114164157597,1.4088416749712322
v9,feat_gbm,2.0,44,156,0.20609700742025172,0.7564704220494097
v9,feat_gbm,2.0,44,157,-2.569533570887384,-1.7148995557963913
v9,feat_gbm,2.0,44,158,-1.8524037964298434,-2.8595355115547196
v9,feat_gbm,2.0,44,159,-1.2896639606912248,-0.9922400520728849
v9,feat_gbm,2.0,44,160,1.6379609310642194,1.8585227307534937
v9,feat_gbm,2.0,44,161,-2.0995568736986434,-2.477654537850602
v9,feat_gbm,2.0,44,162,-1.8825947782102999,-2.993764039868935
v9,feat_gbm,2.0,44,163,-1.1982200659602493,-1.1722671160336509
v9,feat_gbm,2.0,44,164,-1.9017181477488596,-1.6577576086204497
v9,feat_gbm,2.0,44,165,-2.4186071983309825,-2.9770186999323642
v9,feat_gbm,2.0,44,166,-3.2021153468289247,-3.2329952824425443
v9,feat_gbm,2.0,44,167,-0.4156310200476465,0.19550508612775644
v9,feat_gbm,2.0,44,168,-0.8630430698849328,-1.2639642813248737
v9,feat_gbm,2.0,44,169,1.7183081186008957,1.4224064134580066
v9,feat_gbm,2.0,44,170,-2.285969923518744,-1.5303724784706008
v9,feat_gbm,2.0,44,171,0.6568095976690618,0.6086346650572224
v9,feat_gbm,2.0,44,172,0.06502708771936085,-0.052232489626048526
v9,feat_gbm,2.0,44,173,-0.6228071494309498,-0.19074605880313256
v9,feat_gbm,2.0,44,174,-2.3797588728432446,-2.7678232596734214
v9,feat_gbm,2.0,44,175,-1.9460865070614863,-1.6557092188829319
v9,feat_gbm,2.0,44,176,0.08899236424403875,0.12081831439914445
v9,feat_gbm,2.0,44,177,-0.39855321753089024,3.7031714993021168
v9,feat_gbm,2.0,44,178,0.4245773138515565,-0.17761292562564054
v9,feat_gbm,2.0,44,179,0.4815488863614601,0.2295122735959306
v9,feat_gbm,2.0,44,180,-1.960863341872605,-1.6401012725318311
v9,feat_gbm,2.0,44,181,-3.004698743659902,-3.399461101549646
v9,feat_gbm,2.0,44,182,0.22459067930671486,0.5421608664871393
v9,feat_gbm,2.0,44,183,-3.7396474326868905,-3.7858185839721776
v9,feat_gbm,2.0,44,184,0.15999938096461358,0.4440956773301304
v9,feat_gbm,2.0,44,185,-0.21619033631929235,0.5450962365111649
v9,feat_gbm,2.0,44,186,-2.811625742741285,-3.094441269353033
v9,feat_gbm,2.0,44,187,0.17453594626865607,1.436275522654785
v9,feat_gbm,2.0,44,188,-0.6992326905069463,-0.003208414280501246
v9,feat_gbm,2.0,44,189,-2.1121376385995645,-2.0766448721687736
v9,feat_gbm,2.0,44,190,-2.3941711968856856,-2.887011097372245
v9,feat_gbm,2.0,44,191,-0.15901761028458625,-0.19564387773269687
v9,feat_gbm,2.0,44,192,-3.4611720064254405,-3.39219136175158
v9,feat_gbm,2.0,44,193,-3.5989963708646044,-4.804455114758695
v9,feat_gbm,2.0,44,194,-0.15319938583911366,-0.23230879418151415
v9,feat_gbm,2.0,44,195,0.8607145253482522,0.7768952289284052
v9,feat_gbm,2.0,44,196,-3.327562958526522,-3.0758975731441707
v9,feat_gbm,2.0,44,197,1.3219092641221561,1.8852948766094535
v9,feat_gbm,2.0,44,198,0.12174043385525624,-0.07474663349946693
v9,feat_gbm,2.0,44,199,1.3016311129072151,0.9295509098669842
v9,feat_gbm,2.0,44,200,0.19368299258116545,0.40408761039079466
v9,feat_gbm,2.0,44,201,-0.9878074108575743,-1.0185563947000995
v9,feat_gbm,2.0,44,202,-1.0175310405631555,-1.5812541435625456
v9,feat_gbm,2.0,44,203,-1.5083698853074763,-2.9269603411540346
v9,feat_gbm,2.0,44,204,-0.0923760439151657,-0.9368237022381455
v9,feat_gbm,2.0,44,205,-0.44159491561171726,-0.771906247259438
v9,feat_gbm,2.0,44,206,-2.2866037375595734,-1.4457766532498904
v9,feat_gbm,2.0,44,207,-2.5408002025755745,-2.4752738768021185
v9,feat_gbm,2.0,44,208,-2.2286724009601304,-2.8789590131308262
v9,feat_gbm,2.0,44,209,-1.6982588330358834,-2.6986856152036793
v9,feat_gbm,2.0,44,210,0.16592667132824931,0.05837096406180189
v9,feat_gbm,2.0,44,211,-2.827391978417045,-2.2327070274631113
v9,feat_gbm,2.0,44,212,0.1151709611144898,0.15758807445032513
v9,feat_gbm,2.0,44,213,0.664462464208545,0.5234750924970406
v9,feat_gbm,2.0,44,214,0.7513378801524163,0.8312555987922697
v9,feat_gbm,2.0,44,215,-1.1565140095006958,-0.7699972654610447
v9,feat_gbm,2.0,44,216,-2.5728455029598876,-2.4368834827463726
v9,feat_gbm,2.0,44,217,-2.6623705899085315,-3.7421886443248944
v9,feat_gbm,2.0,44,218,-3.5430071757352657,-4.3753265313120195
v9,feat_gbm,2.0,44,219,0.29386649276873156,0.13181597567614448
v9,feat_gbm,2.0,44,220,-2.5837162372518376,-2.150299196146146
v9,feat_gbm,2.0,44,221,0.1435460028281351,0.4316281043505307
v9,feat_gbm,2.0,44,222,0.3104771989566869,0.20581216265343685
v9,feat_gbm,2.0,44,223,-2.4614534058282214,-1.7226779576420432
v9,feat_gbm,2.0,44,224,0.5706247840704181,1.0701061526100661
v9,feat_gbm,2.0,44,225,-0.8850243649978976,-2.995983076644188
v9,feat_gbm,2.0,44,226,-0.2577522081621043,-0.39103048890459524
v9,feat_gbm,2.0,44,227,-2.0038085833429196,-2.811377433191803
v9,feat_gbm,2.0,44,228,-0.19811483022201468,0.1103569248772952
v9,feat_gbm,2.0,44,229,0.4275957695134893,1.0926797996732165
v9,feat_gbm,2.0,44,230,-1.3492254357315223,-1.1465469989616057
v9,feat_gbm,2.0,44,231,-4.184582301440232,-3.7045714701961474
v9,feat_gbm,2.0,44,232,-0.288990950226533,-0.3205795311611984
v9,feat_gbm,2.0,44,233,0.1442120768555942,-0.7282288274356463
v9,feat_gbm,2.0,44,234,0.27506213759487896,-0.6143938277881194
v9,feat_gbm,2.0,44,235,-2.6829179074971528,-3.717493513170671
v9,feat_gbm,2.0,44,236,-1.9581613820672217,-1.894186438607053
v9,feat_gbm,2.0,44,237,-0.22918497980821698,0.19101892391720615
v9,feat_gbm,2.0,44,238,-1.5699608823916897,-2.723653519266766
v9,feat_gbm,2.0,44,239,0.7139474959256807,0.28172679866345784
v9,feat_gbm,2.0,44,240,-1.3417503475140917,-0.570916259780521
v9,feat_gbm,2.0,44,241,-1.8350442209762183,-3.037607674189957
v9,feat_gbm,2.0,44,242,-2.577099827347713,-2.4824067099880884
v9,feat_gbm,2.0,44,243,0.525274044182915,1.793244191067856
v9,feat_gbm,2.0,44,244,-1.8447072164601606,-2.170563194223024
v9,feat_gbm,2.0,44,245,-2.3111269176553173,-2.5580286375581696
v9,feat_gbm,2.0,44,246,-2.752607189066877,-3.9013363177662743
v9,feat_gbm,2.0,44,247,-1.543464198336577,-1.2689211715035387
v9,feat_gbm,2.0,44,248,-2.3581949050693805,-2.89795980370705
v9,feat_gbm,2.0,44,249,-1.1084638778380707,-1.149470325468549
v9,feat_gbm,2.0,44,250,-2.7913116882414974,-2.1803876537888693
v9,feat_gbm,2.0,44,251,-0.574123823580731,-1.2010659028736028
v9,feat_gbm,2.0,44,252,-2.557206123391325,-2.675840590612525
v9,feat_gbm,2.0,44,253,-0.9926051237547471,-0.865421424414132
v9,feat_gbm,2.0,44,254,0.1806026472652504,-0.45089388998719687
v9,feat_gbm,2.0,44,255,-1.129514244065984,-1.477655138121315
v9,feat_gbm,2.0,44,256,-1.892790343552671,-1.9234128661936198
v9,feat_gbm,2.0,44,257,-0.7763957419360947,-0.8895479413744646
v9,feat_gbm,2.0,44,258,-1.2472576522283452,-1.284701881398344
v9,feat_gbm,2.0,44,259,-0.2413142527509063,0.03791276039075724
v9,feat_gbm,2.0,44,260,-0.6157633792906507,-1.213907680807544
v9,feat_gbm,2.0,44,261,-0.2747487474893875,-0.6937064881158975
v9,feat_gbm,2.0,44,262,-2.5256102946957086,-2.500344974429108
v9,feat_gbm,2.0,44,263,-3.004155842674198,-3.0782877743164985
v9,feat_gbm,2.0,44,264,-2.5104647536267457,-3.2702790535172426
v9,feat_gbm,2.0,44,265,-0.1572920102597086,-0.15746453031192983
v9,feat_gbm,2.0,44,266,-1.3587655414437727,-1.3930653126164372
v9,feat_gbm,2.0,44,267,-4.123200996078702,-3.460520174484755
v9,feat_gbm,2.0,44,268,-1.7809738132208692,-1.8115923421665279
v9,feat_gbm,2.0,44,269,0.20327109042775449,-0.04785951915829837
v9,feat_gbm,2.0,44,270,-1.948619198145397,-1.3387838926701625
v9,feat_gbm,2.0,44,271,0.37724441637800954,0.6172482925771328
v9,feat_gbm,2.0,44,272,-0.09026764493655363,0.10718580269537517
v9,feat_gbm,2.0,44,273,-2.77691003416105,-2.4250613993713395
v9,feat_gbm,2.0,44,274,0.010042962639118427,-0.4656136934058211
v9,feat_gbm,2.0,44,275,-2.0060782047140298,-1.7679071058666047
v9,feat_gbm,2.0,44,276,-0.38794376854316615,-0.15192249005847586
v9,feat_gbm,2.0,44,277,-0.7456928745462166,-0.22686658439221394
v9,feat_gbm,2.0,44,278,-0.870128076300601,-0.3963273628232521
v9,feat_gbm,2.0,44,279,-2.470706581376453,-2.1916982233579314
v9,feat_gbm,2.0,44,280,0.006756844535584032,0.5138857123822332
v9,feat_gbm,2.0,44,281,-0.35966509353674336,0.13501120436460418
v9,feat_gbm,2.0,44,282,0.06803892039217634,-0.35232291748203215
v9,feat_gbm,2.0,44,283,-0.17366061305941405,0.33710059568630363
v9,feat_gbm,2.0,44,284,0.770569237259626,2.2269494594330284
v9,feat_gbm,2.0,44,285,-0.42591716913589284,-0.8523290277873723
v9,feat_gbm,2.0,44,286,0.047558275502556945,0.5032694866056324
v9,feat_gbm,2.0,44,287,-3.8740561968052654,-3.0734310124071125
v9,feat_gbm,2.0,44,288,-2.8597387556203304,-3.0969464995649485
v9,feat_gbm,2.0,44,289,0.1623915543330367,0.8088909840914691
v9,feat_gbm,2.0,44,290,-2.4247486491303434,-1.710735902712342
v9,feat_gbm,2.0,44,291,-0.304819592128449,-0.24588513525180683
v9,feat_gbm,2.0,44,292,-2.380732947419858,-2.9910915714149957
v9,feat_gbm,2.0,44,293,-0.11192459985257065,0.24397961438558982
v9,feat_gbm,2.0,44,294,0.21567106173882136,0.9827222917401395
v9,feat_gbm,2.0,44,295,0.4121010258859984,1.5399914318848642
v9,feat_gbm,2.0,44,296,-2.546078113118042,-3.028104854063688
v9,feat_gbm,2.0,44,297,-2.5985681501475186,-1.9675880903276046
v9,feat_gbm,2.0,44,298,0.12586665995869373,0.3882116190950413
v9,feat_gbm,2.0,44,299,-1.5101351183956044,-0.4169590587595381
v9,feat_gbm,2.0,44,300,-0.7495374538157968,-0.47104701624968015
v9,feat_gbm,2.0,44,301,-0.4931177994916951,-0.5788171023402015
v9,feat_gbm,2.0,44,302,-3.64178461843203,-3.325334912618423
v9,feat_gbm,2.0,44,303,-0.1250597355064516,0.27214776974989446
v9,feat_gbm,2.0,44,304,0.14043654177740067,0.2838761456734127
v9,feat_gbm,2.0,44,305,0.8809146293794972,0.98356576927226
v9,feat_gbm,2.0,44,306,-1.4821549165115784,-2.324804251846344
v9,feat_gbm,2.0,44,307,-0.11982413209642534,-0.30060412365222405
v9,feat_gbm,2.0,44,308,-3.7341296402727795,-3.5706943269006843
v9,feat_gbm,2.0,44,309,-0.26627494872550517,0.7657986236992217
v9,feat_gbm,2.0,44,310,-1.1395302187520668,-0.3760212383278314
v9,feat_gbm,2.0,44,311,1.2544757216507036,0.903367601886353
v9,feat_gbm,2.0,44,312,0.7099320919929324,0.2834145554969618
v9,feat_gbm,2.0,44,313,-0.13679203919047087,-0.8750381269167363
v9,feat_gbm,2.0,44,314,-2.5760064348415344,-0.8911054934067958
v9,feat_gbm,2.0,44,315,0.23993313854461834,0.2699623908229132
v9,feat_gbm,2.0,44,316,-3.13523899045055,-4.034449774534175
v9,feat_gbm,2.0,44,317,0.2301132552893355,0.7302045063515665
v9,feat_gbm,2.0,44,318,-2.5619496638902564,-2.5264159394565007
v9,feat_gbm,2.0,44,319,-2.673723216657538,-3.1280680478747835
v9,feat_gbm,2.0,44,320,0.20427686397396388,-0.623194388118803
v9,feat_gbm,2.0,44,321,-3.2785575959664954,-4.172922463867305
v9,feat_gbm,2.0,44,322,0.6812592854777364,1.0714029341973417
v9,feat_gbm,2.0,44,323,-2.453512738304713,-2.5538050374755565
v9,feat_gbm,2.0,44,324,-1.852172971072703,-1.5310020975326282
v9,feat_gbm,2.0,44,325,-0.27869346150262075,-0.735749980772127
v9,feat_gbm,2.0,44,326,-1.5414125190868184,-0.5010306012352705
v9,feat_gbm,2.0,44,327,-3.785179626552655,-4.393123087746285
v9,feat_gbm,2.0,44,328,0.13283050123879295,0.6439364857563509
v9,feat_gbm,2.0,44,329,-2.6874701151898983,-2.60760252445046
v9,feat_gbm,2.0,44,330,0.38148285828961515,0.46983427811083467
v9,feat_gbm,2.0,44,331,-0.6021354508874562,-1.149354435920189
v9,feat_gbm,2.0,44,332,-2.06042662956895,-1.0961264399974935
v9,feat_gbm,2.0,44,333,0.5274968911236514,1.4253561556633074
v9,feat_gbm,2.0,44,334,1.022327978848088,1.0406546288822482
v9,feat_gbm,2.0,44,335,-0.5894723763084295,-0.1286217558512718
v9,feat_gbm,2.0,44,336,-1.5924704585308023,-1.7275974260064488
v9,feat_gbm,2.0,44,337,-2.502912911945088,-4.535227665039715
v9,feat_gbm,2.0,44,338,-0.41912321436673416,-1.078833843619319
v9,feat_gbm,2.0,44,339,-1.710436792656109,-2.035297396751524
v9,feat_gbm,2.0,44,340,0.2732729575027436,0.4788286932125707
v9,feat_gbm,2.0,44,341,-0.8583546076513555,-0.4595082096564039
v9,feat_gbm,2.0,44,342,-3.527596951712339,-3.653430804591794
v9,feat_gbm,2.0,44,343,0.6406971648995866,0.2834522663037432
v9,feat_gbm,2.0,44,344,0.12944844389372165,-0.15984972455285287
v9,feat_gbm,2.0,44,345,-2.573009231860446,-3.8822970119574354
v9,feat_gbm,2.0,44,346,-2.1827839921725283,-2.5801989990218064
v9,feat_gbm,2.0,44,347,-3.6049427439680226,-3.2622630695286134
v9,feat_gbm,2.0,44,348,-1.3344138207772573,-0.4894561152880944
v9,feat_gbm,2.0,44,349,-4.324695231141166,-3.0223552414624764
v9,feat_gbm,2.0,44,350,0.6026376866093623,0.4215072765335228
v9,feat_gbm,2.0,44,351,-2.3146280787604083,-1.8152752103400673
v9,feat_gbm,2.0,44,352,0.915255975059144,1.102263670511441
v9,feat_gbm,2.0,44,353,0.4095011629441375,1.4454852001466738
v9,feat_gbm,2.0,44,354,-3.001266409457434,-3.6770060333191017
v9,feat_gbm,2.0,44,355,-2.9616521690925186,-5.078652858832153
v9,feat_gbm,2.0,44,356,0.1995285459011409,0.7815322159665122
v9,feat_gbm,2.0,44,357,0.19905454049130614,0.6775133790495483
v9,feat_gbm,2.0,44,358,-3.5950798012044536,-3.5163570325540956
v9,feat_gbm,2.0,44,359,-2.852419586301047,-4.157760523739404
v9,feat_gbm,2.0,44,360,-0.41507791152342643,-0.18386357284099003
v9,feat_gbm,2.0,44,361,-3.773095151170423,-4.477383009144865
v9,feat_gbm,2.0,44,362,-0.2532830077885312,0.2909126951240761
v9,feat_gbm,2.0,44,363,-2.708640208486861,-3.5121531596302606
v9,feat_gbm,2.0,44,364,-0.13723112893744346,-0.0019354464452207268
v9,feat_gbm,2.0,44,365,-3.6704907280125836,-3.264666087597375
v9,feat_gbm,2.0,44,366,-0.6970085914100214,-1.4961090632143375
v9,feat_gbm,2.0,44,367,-0.2797926694914058,-0.10305907560987346
v9,feat_gbm,2.0,44,368,0.033620253537108145,0.24601275195113992
v9,feat_gbm,2.0,44,369,-2.207794431407804,-1.6400355118163064
v9,feat_gbm,2.0,44,370,-1.1154682907868054,-1.5399226532969161
v9,feat_gbm,2.0,44,371,-0.4673082183103806,-0.3336387161155974
v9,feat_gbm,2.0,44,372,0.24142427831999447,0.3185760540422761
v9,feat_gbm,2.0,44,373,-0.6607827898009347,-0.30756424411789
v9,feat_gbm,2.0,44,374,-3.730677778238789,-3.551435429619069
v9,feat_gbm,2.0,44,375,0.5860470936188664,-0.12846918127015178
v9,feat_gbm,2.0,44,376,0.3588236410671588,0.43413099611324796
v9,feat_gbm,2.0,44,377,0.2800977831589754,0.8095384731463161
v9,feat_gbm,2.0,44,378,-0.04622263435833653,0.20303525329731625
v9,feat_gbm,2.0,44,379,0.23326548315058784,0.524784145223057
v9,feat_gbm,2.0,44,380,0.2036309625458352,0.8722609808312535
v9,feat_gbm,2.0,44,381,-0.1650753609674867,1.0190202163897197
v9,feat_gbm,2.0,44,382,-0.10915965750414787,1.2715191268303472
v9,feat_gbm,2.0,44,383,-0.23105253657884955,-0.13923746667536385
v9,feat_gbm,2.0,44,384,-1.2212912907583706,-1.7983983483294153
v9,feat_gbm,2.0,44,385,-0.16918446897366507,0.5606037150840157
v9,feat_gbm,2.0,44,386,0.6173348329684777,0.6003456151224621
v9,feat_gbm,2.0,44,387,0.1118192977077148,1.3071718981356573
v9,feat_gbm,2.0,44,388,0.07276418082008411,-0.19457283568776126
v9,feat_gbm,2.0,44,389,-1.2383523854943674,-0.981880356960367
v9,feat_gbm,2.0,44,390,-3.0883116330246767,-2.628024059072158
v9,feat_gbm,2.0,44,391,-2.7764297337003576,-2.479262758098376
v9,feat_gbm,2.0,44,392,-2.075433701585727,-2.207941629114672
v9,feat_gbm,2.0,44,393,-2.7129134534940413,-2.806586620215901
v9,feat_gbm,2.0,44,394,-0.4121596700987271,-0.16842623590390868
v9,feat_gbm,2.0,44,395,0.38578668458682575,0.3596423409999632
v9,feat_gbm,2.0,44,396,-1.9170639708190842,-3.117667066362407
v9,feat_gbm,2.0,44,397,0.9936122828176165,0.6134086288650079
v9,feat_gbm,2.0,44,398,0.4441492939867804,0.5049020087080688
v9,feat_gbm,2.0,44,399,-1.2989022500941794,-1.0548605918119196
v9,feat_gbm,2.0,44,400,-2.364562877045079,-2.877676775828332
v9,feat_gbm,2.0,44,401,0.31337752103405825,0.015654415635624343
v9,feat_gbm,2.0,44,402,-0.4607030471828323,-0.7027824676465185
v9,feat_gbm,2.0,44,403,0.269547797499363,0.6733427913489138
v9,feat_gbm,2.0,44,404,-0.24155132000647953,0.03259550049258387
v9,feat_gbm,2.0,44,405,-3.1021833196200137,-3.4179416205706223
v9,feat_gbm,2.0,44,406,-1.3698952398988504,-1.6563158072976616
v9,feat_gbm,2.0,44,407,-0.03762786577797069,0.3281041495218151
v9,feat_gbm,2.0,44,408,-1.883128220237775,-1.498502430121411
v9,feat_gbm,2.0,44,409,-1.9285552417801968,-1.5390850133499359
v9,feat_gbm,2.0,44,410,-2.7644107446125408,-3.8769914364338094
v9,feat_gbm,2.0,44,411,-1.3461780356983033,-1.1093409530974205
v9,feat_gbm,2.0,44,412,-1.8110128850007292,-2.1356441225652167
v9,feat_gbm,2.0,44,413,0.3193227756339332,0.5613925387002681
v9,feat_gbm,2.0,44,414,-2.1679703258165017,-2.672303525149137
v9,feat_gbm,2.0,44,415,0.779436072457386,0.9887747910888531
v9,feat_gbm,2.0,44,416,-1.7665634785657196,-2.064740642123073
v9,feat_gbm,2.0,44,417,-1.1112713473387406,-0.13534283366780814
v9,feat_gbm,2.0,44,418,0.14936810606606643,0.5266566940316069
v9,feat_gbm,2.0,44,419,-0.2778694730147442,-0.7929716308762645
v9,feat_gbm,2.0,44,420,0.021614882848042728,0.22081989653443584
v9,feat_gbm,2.0,44,421,-3.9459865850599316,-3.4911396429773087
v9,feat_gbm,2.0,44,422,-0.20101327223805984,0.4691563032653497
v9,feat_gbm,2.0,44,423,-0.24136782241575375,-0.21242164749251408
v9,feat_gbm,2.0,44,424,-2.2596429522765353,-2.0235730224261497
v9,feat_gbm,2.0,44,425,-0.15535445815601173,0.1881042769243711
v9,feat_gbm,2.0,44,426,-1.1809714723481228,-0.7546830882020855
v9,feat_gbm,2.0,44,427,-2.374863440675635,-2.004418163271322
v9,feat_gbm,2.0,44,428,0.144471119892575,0.08108350485015015
v9,feat_gbm,2.0,44,429,-1.278057218277809,-0.8958783842144782
v9,feat_gbm,2.0,44,430,-0.11017798446830926,-0.700178367515834
v9,feat_gbm,2.0,44,431,-2.5285572870654787,-2.026447754843476
v9,feat_gbm,2.0,44,432,-2.573094744657483,-3.3644112924118934
v9,feat_gbm,2.0,44,433,-1.7095926174449882,-2.4777804975332844
v9,feat_gbm,2.0,44,434,-3.1751447947531486,-3.6407879329147783
v9,feat_gbm,2.0,44,435,0.18201026693454508,0.8140524350977956
v9,feat_gbm,2.0,44,436,-0.21077929218232236,-0.6342245759550225
v9,feat_gbm,2.0,44,437,-1.341917869239682,-1.0170271575608654
v9,feat_gbm,2.0,44,438,0.4920995111152324,1.2058566336630974
v9,feat_gbm,2.0,44,439,0.8307414627822384,1.04159183954478
v9,feat_gbm,2.0,44,440,-1.160279818455829,-0.383754051292973
v9,feat_gbm,2.0,44,441,0.7767365656006421,0.9717849563735496
v9,feat_gbm,2.0,44,442,0.670328503563956,0.915394257773604
v9,feat_gbm,2.0,44,443,0.020875950099507837,0.17619398118278368
v9,feat_gbm,2.0,44,444,-2.71100668929016,-2.3026142847949007
v9,feat_gbm,2.0,44,445,-0.8692732340679271,-2.156995715227189
v9,feat_gbm,2.0,44,446,-2.3205840851949078,-1.9647154613855007
v9,feat_gbm,2.0,44,447,-1.48477813114574,-1.2167428909736953
v9,feat_gbm,2.0,44,448,-0.6234363032130799,0.371748058948411
v9,feat_gbm,2.0,44,449,-3.7107617388118554,-3.354914600670279
v9,feat_gbm,2.0,44,450,-3.378101080451524,-2.0984010901330774
v9,feat_gbm,2.0,44,451,-1.9231601069142301,-1.8411195968283314
v9,feat_gbm,2.0,44,452,0.2554643568798336,-0.2866386615093297
v9,feat_gbm,2.0,44,453,-1.395721334894251,-2.1769502099219324
v9,feat_gbm,2.0,44,454,-0.28035320855334955,0.851829112076475
v9,feat_gbm,2.0,44,455,0.5311372233502926,-0.5174982843777256
v9,feat_gbm,2.0,44,456,-2.783664205969876,-3.7883351795095335
v9,feat_gbm,2.0,44,457,-1.40907770658642,-1.3225504843777425
v9,feat_gbm,2.0,44,458,-0.5756525975329505,-0.6304710111145473
v9,feat_gbm,2.0,44,459,-3.6438658684684606,-2.867776928577639
v9,feat_gbm,2.0,44,460,-0.29331025431396474,-0.20106453453544149
v9,feat_gbm,2.0,44,461,0.5684937232411088,0.565413433251147
v9,feat_gbm,2.0,44,462,0.0005979364852270679,0.6531860801292728
v9,feat_gbm,2.0,44,463,-2.8347453338633346,-3.295531334571209
v9,feat_gbm,2.0,44,464,-1.5573293311697791,-1.118951529136503
v9,feat_gbm,2.0,44,465,-0.12691677869735668,0.08535922256033004
v9,feat_gbm,2.0,44,466,0.24372414895388256,0.2656879386171551
v9,feat_gbm,2.0,44,467,-1.298266255489008,-1.0764680911985907
v9,feat_gbm,2.0,44,468,1.0529445891462508,2.2503813782282114
v9,feat_gbm,2.0,44,469,0.10189131691056916,-0.029700274932011248
v9,feat_gbm,2.0,44,470,-2.30907135083591,-2.1918010579584375
v9,feat_gbm,2.0,44,471,0.8888723775558922,-0.12537364897776127
v9,feat_gbm,2.0,44,472,-1.507757124242526,-1.3714574409892777
v9,feat_gbm,2.0,44,473,-2.2090824338932284,-1.0216450817816245
v9,feat_gbm,2.0,44,474,-0.5309027790223676,-0.8313233833759152
v9,feat_gbm,2.0,44,475,-2.535881807602486,-3.25243582884057
v9,feat_gbm,2.0,44,476,0.47837389681474607,0.8737365575305754
v9,feat_gbm,2.0,44,477,-2.0846638701412625,-1.8373017486027088
v9,feat_gbm,2.0,44,478,-1.5521746533612035,-1.909749317133085
v9,feat_gbm,2.0,44,479,0.19110543424209248,0.418341725137149
v9,feat_gbm,2.0,44,480,-1.8615784416006684,-2.8689304810445995
v9,feat_gbm,2.0,44,481,-3.990816298473446,-3.9192950012633494
v9,feat_gbm,2.0,44,482,0.8485960205544456,0.8191907452202399
v9,feat_gbm,2.0,44,483,-2.092480179871922,-2.7371748494528005
v9,feat_gbm,2.0,44,484,0.010226028757181399,0.043868991079412875
v9,feat_gbm,2.0,44,485,-2.457569609049115,-3.9571024828402512
v9,feat_gbm,2.0,44,486,-1.0659598500604088,-0.8286091055291892
v9,feat_gbm,2.0,44,487,1.2461826288047664,1.1086460137612473
v9,feat_gbm,2.0,44,488,-0.7983258981181716,-1.0899995989348372
v9,feat_gbm,2.0,44,489,-3.061419174788181,-2.9260181182274523
v9,feat_gbm,2.0,44,490,0.05393337860803569,0.01778898425240747
v9,feat_gbm,2.0,44,491,-0.17473193568435788,-0.388546054063584
v9,feat_gbm,2.0,44,492,-0.7645506244829776,-0.8483910406321095
v9,feat_gbm,2.0,44,493,-2.7959242808003606,-2.4855190663855797
v9,feat_gbm,2.0,44,494,-0.12616892230932814,-0.6027729178489412
v9,feat_gbm,2.0,44,495,-1.6008802184910016,-1.5285925057254015
v9,feat_gbm,2.0,44,496,0.5496843638971454,1.0092174422839322
v9,feat_gbm,2.0,44,497,-2.3788669110479583,-2.421052301727873
v9,feat_gbm,2.0,44,498,-2.9902219308358142,-3.2283141264699093
v9,feat_gbm,2.0,44,499,-3.304097933295963,-4.907212199848568
v9,feat_gbm,2.0,45,0,-0.10338185734780878,0.03894909458183669
v9,feat_gbm,2.0,45,1,-2.3129308775957362,-2.5052564746229193
v9,feat_gbm,2.0,45,2,0.13533349365172792,0.6287827851917782
v9,feat_gbm,2.0,45,3,-2.6209903288251586,-3.3447289283878643
v9,feat_gbm,2.0,45,4,1.2421133280975893,0.9694015026406426
v9,feat_gbm,2.0,45,5,-2.237696445561647,-2.4693709778233526
v9,feat_gbm,2.0,45,6,0.007945262425324628,-0.2819211013310965
v9,feat_gbm,2.0,45,7,0.16484845644097806,0.5289578846490461
v9,feat_gbm,2.0,45,8,0.30227933060063683,0.032863622186365654
v9,feat_gbm,2.0,45,9,0.5315043219848626,0.9352707853930591
v9,feat_gbm,2.0,45,10,-1.3374463622617212,-1.5987558134683666
v9,feat_gbm,2.0,45,11,-2.434855981945613,-3.2678706438993954
v9,feat_gbm,2.0,45,12,-1.2145062614453805,-2.445380546146449
v9,feat_gbm,2.0,45,13,-0.811129970043817,-0.4471217519653716
v9,feat_gbm,2.0,45,14,-0.8434388942253211,-1.8343062920535937
v9,feat_gbm,2.0,45,15,-2.807577081640199,-2.278287047942225
v9,feat_gbm,2.0,45,16,-0.6266500909583447,-1.113015507562239
v9,feat_gbm,2.0,45,17,-0.7397303588016572,-1.149386040828735
v9,feat_gbm,2.0,45,18,-0.04246866800911941,-0.4541092694382234
v9,feat_gbm,2.0,45,19,-2.5410342527258525,-2.8798658660471284
v9,feat_gbm,2.0,45,20,-3.286738380449076,-3.281006200299989
v9,feat_gbm,2.0,45,21,-0.774493735429666,-0.7889402030111288
v9,feat_gbm,2.0,45,22,-1.6267447524941099,-0.48114593055133975
v9,feat_gbm,2.0,45,23,-2.208077025096069,-2.8038114998165153
v9,feat_gbm,2.0,45,24,-2.1103121008553263,-2.6726430450531393
v9,feat_gbm,2.0,45,25,-3.1982811068090826,-3.141178249464176
v9,feat_gbm,2.0,45,26,-3.12383659067803,-3.8612362310489847
v9,feat_gbm,2.0,45,27,-2.308947001060137,-3.085821277369337
v9,feat_gbm,2.0,45,28,-1.876480609145353,-2.1153791712035637
v9,feat_gbm,2.0,45,29,-1.3344959833931793,-0.5854112868629942
v9,feat_gbm,2.0,45,30,0.07382956789922611,0.13849791927417068
v9,feat_gbm,2.0,45,31,-3.049368225575314,-2.779654184179668
v9,feat_gbm,2.0,45,32,0.8140729322407191,0.9166392391011026
v9,feat_gbm,2.0,45,33,-1.943433346807366,-2.134444297962007
v9,feat_gbm,2.0,45,34,0.06813724994497694,1.1224191581864646
v9,feat_gbm,2.0,45,35,-1.6389452591682196,-2.7514680837461087
v9,feat_gbm,2.0,45,36,-0.36708216075142547,0.7493710802437775
v9,feat_gbm,2.0,45,37,-2.207460954435868,-2.157600461660938
v9,feat_gbm,2.0,45,38,-1.8505109695550808,-1.7436371170468024
v9,feat_gbm,2.0,45,39,0.7471853921301269,0.632388610685479
v9,feat_gbm,2.0,45,40,-1.0149843836272885,-1.5024753827969588
v9,feat_gbm,2.0,45,41,-2.7738550472650023,-2.936018587066778
v9,feat_gbm,2.0,45,42,-0.5515596905990449,-0.06406961406287034
v9,feat_gbm,2.0,45,43,-0.4635597587975836,-0.43711075337934485
v9,feat_gbm,2.0,45,44,0.6352959040897388,0.521724778538647
v9,feat_gbm,2.0,45,45,0.6060638973095406,-0.02881562555915001
v9,feat_gbm,2.0,45,46,-3.0167264074995224,-2.6856700943784895
v9,feat_gbm,2.0,45,47,-3.390599039153051,-3.3419513202228783
v9,feat_gbm,2.0,45,48,-0.3284712097841639,-0.35240032436669677
v9,feat_gbm,2.0,45,49,-2.8609800131023615,-4.466027560457086
v9,feat_gbm,2.0,45,50,-1.1809904209956457,-1.2227887404747313
v9,feat_gbm,2.0,45,51,-2.970436064291756,-4.168130875201601
v9,feat_gbm,2.0,45,52,-2.8793563805175726,-2.1825653069440887
v9,feat_gbm,2.0,45,53,-3.658452377214907,-2.816977102698189
v9,feat_gbm,2.0,45,54,-1.0397693769728062,-0.9520374156321785
v9,feat_gbm,2.0,45,55,0.7167431651128872,0.800460094219776
v9,feat_gbm,2.0,45,56,0.15242138942843741,0.2782562560211116
v9,feat_gbm,2.0,45,57,-0.08094984395149019,-0.7855200046266205
v9,feat_gbm,2.0,45,58,-2.3876083867097795,-2.837973637743256
v9,feat_gbm,2.0,45,59,0.3599146754836254,0.3653424354755994
v9,feat_gbm,2.0,45,60,-3.805339122976018,-3.145987746693799
v9,feat_gbm,2.0,45,61,-1.6541367697842038,-2.1381844357326614
v9,feat_gbm,2.0,45,62,0.298770554074141,0.3908315550690521
v9,feat_gbm,2.0,45,63,-3.0506325228754507,-3.259739876316779
v9,feat_gbm,2.0,45,64,-3.8294237868279972,-3.799325775609258
v9,feat_gbm,2.0,45,65,-0.34371033817576785,0.2842997557356093
v9,feat_gbm,2.0,45,66,0.2649363068836282,0.9099380077885143
v9,feat_gbm,2.0,45,67,0.26182015599099534,0.5741223235018287
v9,feat_gbm,2.0,45,68,1.037551554728655,1.3807263582335993
v9,feat_gbm,2.0,45,69,0.30875499371832205,2.7357387204405055
v9,feat_gbm,2.0,45,70,-0.14305901494378773,-0.3782017485149665
v9,feat_gbm,2.0,45,71,-0.6473825047377612,-0.6946521973220513
v9,feat_gbm,2.0,45,72,-3.279542606355446,-3.510295151868067
v9,feat_gbm,2.0,45,73,-0.5014345459928683,-0.3643686170400702
v9,feat_gbm,2.0,45,74,1.1213910487037428,1.1835884152793859
v9,feat_gbm,2.0,45,75,0.03920778304599929,-0.38644824542838596
v9,feat_gbm,2.0,45,76,0.12580520524471195,0.7005004452467647
v9,feat_gbm,2.0,45,77,0.14685772937039726,0.3770911051312199
v9,feat_gbm,2.0,45,78,-0.19049220485215163,-0.5374783823521183
v9,feat_gbm,2.0,45,79,-2.5182991147322418,-3.2499450611549854
v9,feat_gbm,2.0,45,80,-2.2179316832978095,-1.719925172279684
v9,feat_gbm,2.0,45,81,0.17595401438699784,1.8185710395242058
v9,feat_gbm,2.0,45,82,-1.2400661255462015,-1.0758778979961314
v9,feat_gbm,2.0,45,83,-0.05972546275402575,-0.8033140510569362
v9,feat_gbm,2.0,45,84,-2.0688830290302,-2.0837035815006346
v9,feat_gbm,2.0,45,85,-1.365666346031719,-1.2430797823904942
v9,feat_gbm,2.0,45,86,0.1244279186284188,0.639317965424242
v9,feat_gbm,2.0,45,87,-0.47758935742845515,-0.02321591952008587
v9,feat_gbm,2.0,45,88,-2.8221253498522074,-3.512086916650174
v9,feat_gbm,2.0,45,89,-1.2218204330818947,-1.684363733317816
v9,feat_gbm,2.0,45,90,-3.5818399777704615,-3.5341996208099964
v9,feat_gbm,2.0,45,91,0.9229010618858181,1.1574629997660548
v9,feat_gbm,2.0,45,92,-1.1822216140646844,-0.7651863719989663
v9,feat_gbm,2.0,45,93,-4.357732615006061,-5.7708125015304885
v9,feat_gbm,2.0,45,94,-0.0018869797489684274,0.07374698385127064
v9,feat_gbm,2.0,45,95,-0.18418173432791282,1.201566413592891
v9,feat_gbm,2.0,45,96,0.6736809567487279,1.2655480006709303
v9,feat_gbm,2.0,45,97,-3.5093595858534017,-3.2217777708537843
v9,feat_gbm,2.0,45,98,-2.7174604894424514,-1.2120387208328698
v9,feat_gbm,2.0,45,99,-0.3002913178509966,-0.04015373686183237
v9,feat_gbm,2.0,45,100,-2.577919503384369,-2.8384481914339785
v9,feat_gbm,2.0,45,101,-2.8948402879788255,-3.541068619782685
v9,feat_gbm,2.0,45,102,-4.078668194990421,-4.424727465058162
v9,feat_gbm,2.0,45,103,-1.044306836813545,-0.7652009130347144
v9,feat_gbm,2.0,45,104,-0.9777627378768848,-0.406664655497914
v9,feat_gbm,2.0,45,105,-2.407045936328447,-2.8019031633754246
v9,feat_gbm,2.0,45,106,-1.4239036416360713,-1.1978192780958505
v9,feat_gbm,2.0,45,107,-1.567274606377708,-1.2497822804421463
v9,feat_gbm,2.0,45,108,-0.17569103899058625,-0.2003702404752673
v9,feat_gbm,2.0,45,109,-0.571255662088808,-0.28745536208379296
v9,feat_gbm,2.0,45,110,0.006181988044481264,0.2838469771831524
v9,feat_gbm,2.0,45,111,-0.0739231685083557,0.6579850926301614
v9,feat_gbm,2.0,45,112,0.11972352243116233,-0.4279263804064609
v9,feat_gbm,2.0,45,113,-0.009096749575316063,0.527327823801956
v9,feat_gbm,2.0,45,114,-3.6010312613573094,-3.652947895428966
v9,feat_gbm,2.0,45,115,-1.5701288255814592,-0.04287987221360797
v9,feat_gbm,2.0,45,116,-3.5165243707315104,-3.4409421360670214
v9,feat_gbm,2.0,45,117,-2.303683627035956,-2.4284095097884006
v9,feat_gbm,2.0,45,118,-2.0838883929797762,-1.419217075367618
v9,feat_gbm,2.0,45,119,-2.7281542190509813,-1.4944271796191557
v9,feat_gbm,2.0,45,120,-2.7699944087562955,-2.797137626437216
v9,feat_gbm,2.0,45,121,0.6704899707229766,3.1321125804877905
v9,feat_gbm,2.0,45,122,-2.3916081723780485,-3.164895556438051
v9,feat_gbm,2.0,45,123,-0.010979712360218967,-0.021234684620174846
v9,feat_gbm,2.0,45,124,-1.2572382027436464,-1.246001114532972
v9,feat_gbm,2.0,45,125,-2.485089376132032,-2.7130193085566443
v9,feat_gbm,2.0,45,126,-2.273535702356285,-2.0560780011130944
v9,feat_gbm,2.0,45,127,-1.5608633028111691,-1.631222331554067
v9,feat_gbm,2.0,45,128,-2.334741990837048,-3.477307725783656
v9,feat_gbm,2.0,45,129,0.9622797525501404,1.7007542891568868
v9,feat_gbm,2.0,45,130,-3.557437211550893,-3.4021624962570822
v9,feat_gbm,2.0,45,131,-3.1960917527709922,-3.701149444421242
v9,feat_gbm,2.0,45,132,-0.37556319218250456,-0.4116741376471012
v9,feat_gbm,2.0,45,133,-0.4252948718704146,-0.5680375850475197
v9,feat_gbm,2.0,45,134,-1.3744242640235473,-1.4788189923590598
v9,feat_gbm,2.0,45,135,-2.750854197480507,-2.9896549957503007
v9,feat_gbm,2.0,45,136,0.17200247002845911,0.11194117436713467
v9,feat_gbm,2.0,45,137,0.7465018330098371,1.7147062893715772
v9,feat_gbm,2.0,45,138,-1.6786713673349545,-1.9709125209383296
v9,feat_gbm,2.0,45,139,-0.17705266318007926,0.19937477723826902
v9,feat_gbm,2.0,45,140,-2.0906607232432695,-2.8223726616431475
v9,feat_gbm,2.0,45,141,-0.13949466270751995,-0.12380828599000025
v9,feat_gbm,2.0,45,142,-2.526773723047189,-2.97521232911642
v9,feat_gbm,2.0,45,143,-2.1529941197190534,-1.9484557479617686
v9,feat_gbm,2.0,45,144,0.8249053850345207,1.244093655886106
v9,feat_gbm,2.0,45,145,-2.360210183154723,-2.0280859266176816
v9,feat_gbm,2.0,45,146,-1.3972139943112347,-2.0754073031653366
v9,feat_gbm,2.0,45,147,-0.15415259728943162,-0.11331641159387335
v9,feat_gbm,2.0,45,148,-2.0603245990042565,-2.620298039600635
v9,feat_gbm,2.0,45,149,-2.851299136490683,-3.8395532227602396
v9,feat_gbm,2.0,45,150,-1.7550645649694914,-2.149698272240366
v9,feat_gbm,2.0,45,151,-2.630177859307879,-3.1594376779318036
v9,feat_gbm,2.0,45,152,-2.293933574617865,-2.7712141114581046
v9,feat_gbm,2.0,45,153,-1.1348663035242292,-1.1483368403810985
v9,feat_gbm,2.0,45,154,-0.427395740831999,-1.4700676700115773
v9,feat_gbm,2.0,45,155,0.9648313875041095,1.4088416749712322
v9,feat_gbm,2.0,45,156,0.10886353955573169,0.7564704220494097
v9,feat_gbm,2.0,45,157,-2.618022703052771,-1.7148995557963913
v9,feat_gbm,2.0,45,158,-2.145862548023234,-2.8595355115547196
v9,feat_gbm,2.0,45,159,-1.6655413583549472,-0.9922400520728849
v9,feat_gbm,2.0,45,160,1.4821606548532398,1.8585227307534937
v9,feat_gbm,2.0,45,161,-2.0959625677672067,-2.477654537850602
v9,feat_gbm,2.0,45,162,-1.8396979830006355,-2.993764039868935
v9,feat_gbm,2.0,45,163,-1.1317180966002294,-1.1722671160336509
v9,feat_gbm,2.0,45,164,-2.019129425465618,-1.6577576086204497
v9,feat_gbm,2.0,45,165,-2.5913197562562624,-2.9770186999323642
v9,feat_gbm,2.0,45,166,-3.2987653003029007,-3.2329952824425443
v9,feat_gbm,2.0,45,167,-0.3706942292340447,0.19550508612775644
v9,feat_gbm,2.0,45,168,-0.7633261992040183,-1.2639642813248737
v9,feat_gbm,2.0,45,169,1.5270497979019544,1.4224064134580066
v9,feat_gbm,2.0,45,170,-2.199631168198205,-1.5303724784706008
v9,feat_gbm,2.0,45,171,0.24031507747451689,0.6086346650572224
v9,feat_gbm,2.0,45,172,0.06803411809184419,-0.052232489626048526
v9,feat_gbm,2.0,45,173,-1.0160801487406408,-0.19074605880313256
v9,feat_gbm,2.0,45,174,-2.4122601070098435,-2.7678232596734214
v9,feat_gbm,2.0,45,175,-1.9322195360161185,-1.6557092188829319
v9,feat_gbm,2.0,45,176,0.2023801168313091,0.12081831439914445
v9,feat_gbm,2.0,45,177,-0.825773396144808,3.7031714993021168
v9,feat_gbm,2.0,45,178,0.04785369894568573,-0.17761292562564054
v9,feat_gbm,2.0,45,179,0.36848553134329276,0.2295122735959306
v9,feat_gbm,2.0,45,180,-1.5957572365177903,-1.6401012725318311
v9,feat_gbm,2.0,45,181,-3.117117231395775,-3.399461101549646
v9,feat_gbm,2.0,45,182,0.18317724056084878,0.5421608664871393
v9,feat_gbm,2.0,45,183,-3.8936963003132843,-3.7858185839721776
v9,feat_gbm,2.0,45,184,0.18145373363920567,0.4440956773301304
v9,feat_gbm,2.0,45,185,-0.09995747269379592,0.5450962365111649
v9,feat_gbm,2.0,45,186,-2.9501506248166316,-3.094441269353033
v9,feat_gbm,2.0,45,187,0.34756391515921703,1.436275522654785
v9,feat_gbm,2.0,45,188,-0.7248060263726134,-0.003208414280501246
v9,feat_gbm,2.0,45,189,-2.2895585229073374,-2.0766448721687736
v9,feat_gbm,2.0,45,190,-2.551748352267656,-2.887011097372245
v9,feat_gbm,2.0,45,191,-0.4374440817930807,-0.19564387773269687
v9,feat_gbm,2.0,45,192,-3.462449397280122,-3.39219136175158
v9,feat_gbm,2.0,45,193,-3.827347292972573,-4.804455114758695
v9,feat_gbm,2.0,45,194,-0.20660168670036227,-0.23230879418151415
v9,feat_gbm,2.0,45,195,0.8019036685430184,0.7768952289284052
v9,feat_gbm,2.0,45,196,-3.433110244902145,-3.0758975731441707
v9,feat_gbm,2.0,45,197,1.2398673437627132,1.8852948766094535
v9,feat_gbm,2.0,45,198,0.024925890702738866,-0.07474663349946693
v9,feat_gbm,2.0,45,199,1.1161622148692543,0.9295509098669842
v9,feat_gbm,2.0,45,200,0.023519513995972317,0.40408761039079466
v9,feat_gbm,2.0,45,201,-1.1191421335618827,-1.0185563947000995
v9,feat_gbm,2.0,45,202,-0.9872620307642302,-1.5812541435625456
v9,feat_gbm,2.0,45,203,-1.6141848951991002,-2.9269603411540346
v9,feat_gbm,2.0,45,204,-0.14131205021394722,-0.9368237022381455
v9,feat_gbm,2.0,45,205,-0.39675994879568544,-0.771906247259438
v9,feat_gbm,2.0,45,206,-2.0870804428461236,-1.4457766532498904
v9,feat_gbm,2.0,45,207,-2.5144649260321694,-2.4752738768021185
v9,feat_gbm,2.0,45,208,-2.243911829786115,-2.8789590131308262
v9,feat_gbm,2.0,45,209,-1.8003550923486176,-2.6986856152036793
v9,feat_gbm,2.0,45,210,-0.12934158036090124,0.05837096406180189
v9,feat_gbm,2.0,45,211,-3.0437951763022517,-2.2327070274631113
v9,feat_gbm,2.0,45,212,0.24384011577305684,0.15758807445032513
v9,feat_gbm,2.0,45,213,0.7376395732950278,0.5234750924970406
v9,feat_gbm,2.0,45,214,0.6593812491141001,0.8312555987922697
v9,feat_gbm,2.0,45,215,-1.1173374899854691,-0.7699972654610447
v9,feat_gbm,2.0,45,216,-2.4653395199204313,-2.4368834827463726
v9,feat_gbm,2.0,45,217,-2.6205975810290045,-3.7421886443248944
v9,feat_gbm,2.0,45,218,-3.6430521853757085,-4.3753265313120195
v9,feat_gbm,2.0,45,219,0.1522770557145117,0.13181597567614448
v9,feat_gbm,2.0,45,220,-2.3838426432740234,-2.150299196146146
v9,feat_gbm,2.0,45,221,0.11681675131919843,0.4316281043505307
v9,feat_gbm,2.0,45,222,0.32330662960762496,0.20581216265343685
v9,feat_gbm,2.0,45,223,-2.5148748135473475,-1.7226779576420432
v9,feat_gbm,2.0,45,224,0.6103641342232443,1.0701061526100661
v9,feat_gbm,2.0,45,225,-0.8948219317869383,-2.995983076644188
v9,feat_gbm,2.0,45,226,-0.03496544956481775,-0.39103048890459524
v9,feat_gbm,2.0,45,227,-1.978534987247871,-2.811377433191803
v9,feat_gbm,2.0,45,228,-0.02255851229588202,0.1103569248772952
v9,feat_gbm,2.0,45,229,0.5444115611833964,1.0926797996732165
v9,feat_gbm,2.0,45,230,-1.3423799362708777,-1.1465469989616057
v9,feat_gbm,2.0,45,231,-4.005270580175817,-3.7045714701961474
v9,feat_gbm,2.0,45,232,-0.5258843389792281,-0.3205795311611984
v9,feat_gbm,2.0,45,233,0.3807034754249029,-0.7282288274356463
v9,feat_gbm,2.0,45,234,0.21136594876983303,-0.6143938277881194
v9,feat_gbm,2.0,45,235,-2.7197030376568323,-3.717493513170671
v9,feat_gbm,2.0,45,236,-2.0707068641159454,-1.894186438607053
v9,feat_gbm,2.0,45,237,-0.05844211532631898,0.19101892391720615
v9,feat_gbm,2.0,45,238,-1.6165984329741732,-2.723653519266766
v9,feat_gbm,2.0,45,239,0.8007241690063261,0.28172679866345784
v9,feat_gbm,2.0,45,240,-1.288102154653006,-0.570916259780521
v9,feat_gbm,2.0,45,241,-1.802677761749658,-3.037607674189957
v9,feat_gbm,2.0,45,242,-2.5869578996166176,-2.4824067099880884
v9,feat_gbm,2.0,45,243,0.4925600924988801,1.793244191067856
v9,feat_gbm,2.0,45,244,-1.737411479808046,-2.170563194223024
v9,feat_gbm,2.0,45,245,-2.2899532964066704,-2.5580286375581696
v9,feat_gbm,2.0,45,246,-2.789825252311461,-3.9013363177662743
v9,feat_gbm,2.0,45,247,-1.553278929807204,-1.2689211715035387
v9,feat_gbm,2.0,45,248,-2.437978496486868,-2.89795980370705
v9,feat_gbm,2.0,45,249,-1.1223296544567167,-1.149470325468549
v9,feat_gbm,2.0,45,250,-2.6251802692291926,-2.1803876537888693
v9,feat_gbm,2.0,45,251,-0.6087856118459921,-1.2010659028736028
v9,feat_gbm,2.0,45,252,-2.7123737308852727,-2.675840590612525
v9,feat_gbm,2.0,45,253,-1.1988221483010484,-0.865421424414132
v9,feat_gbm,2.0,45,254,0.32404639185267414,-0.45089388998719687
v9,feat_gbm,2.0,45,255,-1.1345190365301001,-1.477655138121315
v9,feat_gbm,2.0,45,256,-2.042845966794864,-1.9234128661936198
v9,feat_gbm,2.0,45,257,-0.7060007010401071,-0.8895479413744646
v9,feat_gbm,2.0,45,258,-1.3107783450628465,-1.284701881398344
v9,feat_gbm,2.0,45,259,-0.4371856728933846,0.03791276039075724
v9,feat_gbm,2.0,45,260,-0.7097375516640304,-1.213907680807544
v9,feat_gbm,2.0,45,261,-0.29809572829359343,-0.6937064881158975
v9,feat_gbm,2.0,45,262,-2.788286629551544,-2.500344974429108
v9,feat_gbm,2.0,45,263,-3.032075941880932,-3.0782877743164985
v9,feat_gbm,2.0,45,264,-2.2633456829495984,-3.2702790535172426
v9,feat_gbm,2.0,45,265,-0.33127925825660376,-0.15746453031192983
v9,feat_gbm,2.0,45,266,-1.4695960524657863,-1.3930653126164372
v9,feat_gbm,2.0,45,267,-4.0210762441290635,-3.460520174484755
v9,feat_gbm,2.0,45,268,-1.7977041432103127,-1.8115923421665279
v9,feat_gbm,2.0,45,269,0.12322610750214517,-0.04785951915829837
v9,feat_gbm,2.0,45,270,-1.678603333638117,-1.3387838926701625
v9,feat_gbm,2.0,45,271,0.6275166762563144,0.6172482925771328
v9,feat_gbm,2.0,45,272,0.15999243602289798,0.10718580269537517
v9,feat_gbm,2.0,45,273,-2.908209674372962,-2.4250613993713395
v9,feat_gbm,2.0,45,274,-0.010895803959186733,-0.4656136934058211
v9,feat_gbm,2.0,45,275,-1.9533389804386292,-1.7679071058666047
v9,feat_gbm,2.0,45,276,-0.23707117958816873,-0.15192249005847586
v9,feat_gbm,2.0,45,277,-0.6168481774616327,-0.22686658439221394
v9,feat_gbm,2.0,45,278,-1.0404750113573842,-0.3963273628232521
v9,feat_gbm,2.0,45,279,-2.485403001318615,-2.1916982233579314
v9,feat_gbm,2.0,45,280,-0.22885697208490205,0.5138857123822332
v9,feat_gbm,2.0,45,281,-0.47663043197301314,0.13501120436460418
v9,feat_gbm,2.0,45,282,0.14937168316474875,-0.35232291748203215
v9,feat_gbm,2.0,45,283,-0.25393575160024306,0.33710059568630363
v9,feat_gbm,2.0,45,284,0.9613788854178618,2.2269494594330284
v9,feat_gbm,2.0,45,285,-0.4508417463850358,-0.8523290277873723
v9,feat_gbm,2.0,45,286,0.10123035598706885,0.5032694866056324
v9,feat_gbm,2.0,45,287,-3.885208442670046,-3.0734310124071125
v9,feat_gbm,2.0,45,288,-2.769354975595422,-3.0969464995649485
v9,feat_gbm,2.0,45,289,0.049525103498987214,0.8088909840914691
v9,feat_gbm,2.0,45,290,-2.2412602291340775,-1.710735902712342
v9,feat_gbm,2.0,45,291,-0.34981713063358266,-0.24588513525180683
v9,feat_gbm,2.0,45,292,-2.391834481674945,-2.9910915714149957
v9,feat_gbm,2.0,45,293,-0.09247911628209006,0.24397961438558982
v9,feat_gbm,2.0,45,294,0.3844324842387199,0.9827222917401395
v9,feat_gbm,2.0,45,295,0.3474069013964009,1.5399914318848642
v9,feat_gbm,2.0,45,296,-2.4387483670607657,-3.028104854063688
v9,feat_gbm,2.0,45,297,-2.3700196514827883,-1.9675880903276046
v9,feat_gbm,2.0,45,298,0.18815224099278002,0.3882116190950413
v9,feat_gbm,2.0,45,299,-1.7320592768165537,-0.4169590587595381
v9,feat_gbm,2.0,45,300,-0.4639195119833551,-0.47104701624968015
v9,feat_gbm,2.0,45,301,-0.7677772762194027,-0.5788171023402015
v9,feat_gbm,2.0,45,302,-3.548136309470353,-3.325334912618423
v9,feat_gbm,2.0,45,303,-0.2764668876170886,0.27214776974989446
v9,feat_gbm,2.0,45,304,0.13300434618939613,0.2838761456734127
v9,feat_gbm,2.0,45,305,0.5739089631701911,0.98356576927226
v9,feat_gbm,2.0,45,306,-1.4888103566224016,-2.324804251846344
v9,feat_gbm,2.0,45,307,0.09705007692316556,-0.30060412365222405
v9,feat_gbm,2.0,45,308,-3.675642248961126,-3.5706943269006843
v9,feat_gbm,2.0,45,309,-0.06144480310074103,0.7657986236992217
v9,feat_gbm,2.0,45,310,-1.0281619404726456,-0.3760212383278314
v9,feat_gbm,2.0,45,311,1.1005564589631647,0.903367601886353
v9,feat_gbm,2.0,45,312,0.5168747451069705,0.2834145554969618
v9,feat_gbm,2.0,45,313,-0.05710083971298598,-0.8750381269167363
v9,feat_gbm,2.0,45,314,-2.5635477852668647,-0.8911054934067958
v9,feat_gbm,2.0,45,315,0.17973466831971416,0.2699623908229132
v9,feat_gbm,2.0,45,316,-3.167063833025491,-4.034449774534175
v9,feat_gbm,2.0,45,317,0.26329128250729017,0.7302045063515665
v9,feat_gbm,2.0,45,318,-2.609331479201692,-2.5264159394565007
v9,feat_gbm,2.0,45,319,-2.7449926165782514,-3.1280680478747835
v9,feat_gbm,2.0,45,320,0.2887978991171478,-0.623194388118803
v9,feat_gbm,2.0,45,321,-3.311891530811136,-4.172922463867305
v9,feat_gbm,2.0,45,322,0.7030345564797226,1.0714029341973417
v9,feat_gbm,2.0,45,323,-2.540513190029074,-2.5538050374755565
v9,feat_gbm,2.0,45,324,-1.9443394507791876,-1.5310020975326282
v9,feat_gbm,2.0,45,325,-0.36465605314038174,-0.735749980772127
v9,feat_gbm,2.0,45,326,-1.5049570106787609,-0.5010306012352705
v9,feat_gbm,2.0,45,327,-3.7223001938900593,-4.393123087746285
v9,feat_gbm,2.0,45,328,0.38598784032822686,0.6439364857563509
v9,feat_gbm,2.0,45,329,-3.0268486097517235,-2.60760252445046
v9,feat_gbm,2.0,45,330,0.45471142549743204,0.46983427811083467
v9,feat_gbm,2.0,45,331,-0.699163268159894,-1.149354435920189
v9,feat_gbm,2.0,45,332,-2.024124900516279,-1.0961264399974935
v9,feat_gbm,2.0,45,333,0.4148510387208847,1.4253561556633074
v9,feat_gbm,2.0,45,334,0.90285461082869,1.0406546288822482
v9,feat_gbm,2.0,45,335,-0.39113108414700426,-0.1286217558512718
v9,feat_gbm,2.0,45,336,-1.4494567315403248,-1.7275974260064488
v9,feat_gbm,2.0,45,337,-2.3964360059666356,-4.535227665039715
v9,feat_gbm,2.0,45,338,-0.41098027499545176,-1.078833843619319
v9,feat_gbm,2.0,45,339,-1.692126279779376,-2.035297396751524
v9,feat_gbm,2.0,45,340,0.3902987404987903,0.4788286932125707
v9,feat_gbm,2.0,45,341,-0.9502326029859068,-0.4595082096564039
v9,feat_gbm,2.0,45,342,-3.680671802645947,-3.653430804591794
v9,feat_gbm,2.0,45,343,0.6647492369417479,0.2834522663037432
v9,feat_gbm,2.0,45,344,0.02809912006789438,-0.15984972455285287
v9,feat_gbm,2.0,45,345,-2.5512894378963353,-3.8822970119574354
v9,feat_gbm,2.0,45,346,-2.2775135278252505,-2.5801989990218064
v9,feat_gbm,2.0,45,347,-3.7061636672507876,-3.2622630695286134
v9,feat_gbm,2.0,45,348,-1.1770465985191887,-0.4894561152880944
v9,feat_gbm,2.0,45,349,-4.2986392763774,-3.0223552414624764
v9,feat_gbm,2.0,45,350,0.45129781724655404,0.4215072765335228
v9,feat_gbm,2.0,45,351,-2.4941054442551924,-1.8152752103400673
v9,feat_gbm,2.0,45,352,0.7254840795050767,1.102263670511441
v9,feat_gbm,2.0,45,353,0.40232601006847357,1.4454852001466738
v9,feat_gbm,2.0,45,354,-2.9558818085360614,-3.6770060333191017
v9,feat_gbm,2.0,45,355,-3.0088387612395446,-5.078652858832153
v9,feat_gbm,2.0,45,356,0.10116368995933628,0.7815322159665122
v9,feat_gbm,2.0,45,357,0.406001682593907,0.6775133790495483
v9,feat_gbm,2.0,45,358,-3.2242045556550547,-3.5163570325540956
v9,feat_gbm,2.0,45,359,-2.876552324359714,-4.157760523739404
v9,feat_gbm,2.0,45,360,-0.46920321212411864,-0.18386357284099003
v9,feat_gbm,2.0,45,361,-3.8287627958188497,-4.477383009144865
v9,feat_gbm,2.0,45,362,-0.3365734663249184,0.2909126951240761
v9,feat_gbm,2.0,45,363,-2.437016912705452,-3.5121531596302606
v9,feat_gbm,2.0,45,364,-0.22718718002637295,-0.0019354464452207268
v9,feat_gbm,2.0,45,365,-3.5930834505886358,-3.264666087597375
v9,feat_gbm,2.0,45,366,-0.9829135553659464,-1.4961090632143375
v9,feat_gbm,2.0,45,367,-0.1895924344105701,-0.10305907560987346
v9,feat_gbm,2.0,45,368,-0.13713025798053272,0.24601275195113992
v9,feat_gbm,2.0,45,369,-2.0389049574406455,-1.6400355118163064
v9,feat_gbm,2.0,45,370,-1.1970811374812846,-1.5399226532969161
v9,feat_gbm,2.0,45,371,-0.6960336756582807,-0.3336387161155974
v9,feat_gbm,2.0,45,372,0.15475424916051245,0.3185760540422761
v9,feat_gbm,2.0,45,373,-0.7311678552541448,-0.30756424411789
v9,feat_gbm,2.0,45,374,-3.592437066231976,-3.551435429619069
v9,feat_gbm,2.0,45,375,0.510152355994088,-0.12846918127015178
v9,feat_gbm,2.0,45,376,0.3337188921025027,0.43413099611324796
v9,feat_gbm,2.0,45,377,0.501255948846885,0.8095384731463161
v9,feat_gbm,2.0,45,378,0.12355397297738305,0.20303525329731625
v9,feat_gbm,2.0,45,379,0.16992874018000093,0.524784145223057
v9,feat_gbm,2.0,45,380,0.160708043381247,0.8722609808312535
v9,feat_gbm,2.0,45,381,0.12095967118340852,1.0190202163897197
v9,feat_gbm,2.0,45,382,0.14139108380144122,1.2715191268303472
v9,feat_gbm,2.0,45,383,-0.15042553140426695,-0.13923746667536385
v9,feat_gbm,2.0,45,384,-1.1524853244909987,-1.7983983483294153
v9,feat_gbm,2.0,45,385,-0.19553263571016452,0.5606037150840157
v9,feat_gbm,2.0,45,386,0.7471075358492395,0.6003456151224621
v9,feat_gbm,2.0,45,387,0.2232358265157521,1.3071718981356573
v9,feat_gbm,2.0,45,388,0.14034327589856363,-0.19457283568776126
v9,feat_gbm,2.0,45,389,-1.13671783518757,-0.981880356960367
v9,feat_gbm,2.0,45,390,-3.1913925668683607,-2.628024059072158
v9,feat_gbm,2.0,45,391,-2.796334859716783,-2.479262758098376
v9,feat_gbm,2.0,45,392,-2.2023652176240684,-2.207941629114672
v9,feat_gbm,2.0,45,393,-2.7239810219852263,-2.806586620215901
v9,feat_gbm,2.0,45,394,-0.4721380034538689,-0.16842623590390868
v9,feat_gbm,2.0,45,395,0.36201527598227656,0.3596423409999632
v9,feat_gbm,2.0,45,396,-1.75939341037654,-3.117667066362407
v9,feat_gbm,2.0,45,397,0.7254249105279886,0.6134086288650079
v9,feat_gbm,2.0,45,398,0.49508314918673646,0.5049020087080688
v9,feat_gbm,2.0,45,399,-1.4324441446016667,-1.0548605918119196
v9,feat_gbm,2.0,45,400,-2.2350335983893843,-2.877676775828332
v9,feat_gbm,2.0,45,401,-0.009049841254973845,0.015654415635624343
v9,feat_gbm,2.0,45,402,-0.3776778345799858,-0.7027824676465185
v9,feat_gbm,2.0,45,403,0.004098608990745833,0.6733427913489138
v9,feat_gbm,2.0,45,404,-0.16684227552864228,0.03259550049258387
v9,feat_gbm,2.0,45,405,-3.2030003139820504,-3.4179416205706223
v9,feat_gbm,2.0,45,406,-1.300347942745302,-1.6563158072976616
v9,feat_gbm,2.0,45,407,-0.1410290258195759,0.3281041495218151
v9,feat_gbm,2.0,45,408,-1.8783558104397302,-1.498502430121411
v9,feat_gbm,2.0,45,409,-1.769130570535942,-1.5390850133499359
v9,feat_gbm,2.0,45,410,-3.066367410984084,-3.8769914364338094
v9,feat_gbm,2.0,45,411,-1.248918332827286,-1.1093409530974205
v9,feat_gbm,2.0,45,412,-1.899533855286836,-2.1356441225652167
v9,feat_gbm,2.0,45,413,0.34904841476216447,0.5613925387002681
v9,feat_gbm,2.0,45,414,-2.233201036483245,-2.672303525149137
v9,feat_gbm,2.0,45,415,0.8073637384757759,0.9887747910888531
v9,feat_gbm,2.0,45,416,-1.7366916994143153,-2.064740642123073
v9,feat_gbm,2.0,45,417,-1.217674883021989,-0.13534283366780814
v9,feat_gbm,2.0,45,418,0.24278354781967434,0.5266566940316069
v9,feat_gbm,2.0,45,419,-0.5348107335054021,-0.7929716308762645
v9,feat_gbm,2.0,45,420,0.0059171236206054965,0.22081989653443584
v9,feat_gbm,2.0,45,421,-4.025546152851488,-3.4911396429773087
v9,feat_gbm,2.0,45,422,-0.07745292336558982,0.4691563032653497
v9,feat_gbm,2.0,45,423,-0.1597770322454013,-0.21242164749251408
v9,feat_gbm,2.0,45,424,-2.426308502050213,-2.0235730224261497
v9,feat_gbm,2.0,45,425,-0.22484461690517857,0.1881042769243711
v9,feat_gbm,2.0,45,426,-1.1070118888263831,-0.7546830882020855
v9,feat_gbm,2.0,45,427,-2.0611384916369455,-2.004418163271322
v9,feat_gbm,2.0,45,428,-0.07909492487852551,0.08108350485015015
v9,feat_gbm,2.0,45,429,-1.4720561940593933,-0.8958783842144782
v9,feat_gbm,2.0,45,430,-0.1562892800465984,-0.700178367515834
v9,feat_gbm,2.0,45,431,-2.5415121856102973,-2.026447754843476
v9,feat_gbm,2.0,45,432,-2.3926340956811254,-3.3644112924118934
v9,feat_gbm,2.0,45,433,-1.5601895267667238,-2.4777804975332844
v9,feat_gbm,2.0,45,434,-3.170054641232486,-3.6407879329147783
v9,feat_gbm,2.0,45,435,0.0249957856042435,0.8140524350977956
v9,feat_gbm,2.0,45,436,-0.3802518561463819,-0.6342245759550225
v9,feat_gbm,2.0,45,437,-1.2200887530318107,-1.0170271575608654
v9,feat_gbm,2.0,45,438,0.30130870545936816,1.2058566336630974
v9,feat_gbm,2.0,45,439,0.9362389489098853,1.04159183954478
v9,feat_gbm,2.0,45,440,-1.0436707012774227,-0.383754051292973
v9,feat_gbm,2.0,45,441,0.7643696049729475,0.9717849563735496
v9,feat_gbm,2.0,45,442,0.6535441509441265,0.915394257773604
v9,feat_gbm,2.0,45,443,0.03888047202546057,0.17619398118278368
v9,feat_gbm,2.0,45,444,-2.6441265247833363,-2.3026142847949007
v9,feat_gbm,2.0,45,445,-0.7056552562003753,-2.156995715227189
v9,feat_gbm,2.0,45,446,-2.453120215546099,-1.9647154613855007
v9,feat_gbm,2.0,45,447,-1.3263709133452213,-1.2167428909736953
v9,feat_gbm,2.0,45,448,-0.48810021424195316,0.371748058948411
v9,feat_gbm,2.0,45,449,-3.6458076858267656,-3.354914600670279
v9,feat_gbm,2.0,45,450,-3.1923792118684817,-2.0984010901330774
v9,feat_gbm,2.0,45,451,-1.6809263963983294,-1.8411195968283314
v9,feat_gbm,2.0,45,452,0.18235186789683172,-0.2866386615093297
v9,feat_gbm,2.0,45,453,-1.2641155104804291,-2.1769502099219324
v9,feat_gbm,2.0,45,454,-0.17086017229424155,0.851829112076475
v9,feat_gbm,2.0,45,455,0.39735527004744786,-0.5174982843777256
v9,feat_gbm,2.0,45,456,-2.680215913467105,-3.7883351795095335
v9,feat_gbm,2.0,45,457,-1.2841490036519734,-1.3225504843777425
v9,feat_gbm,2.0,45,458,-0.4707966970009656,-0.6304710111145473
v9,feat_gbm,2.0,45,459,-3.7490798978720643,-2.867776928577639
v9,feat_gbm,2.0,45,460,-0.4273254011204539,-0.20106453453544149
v9,feat_gbm,2.0,45,461,0.8129698902216195,0.565413433251147
v9,feat_gbm,2.0,45,462,-0.13184022076207047,0.6531860801292728
v9,feat_gbm,2.0,45,463,-2.9886215162166696,-3.295531334571209
v9,feat_gbm,2.0,45,464,-1.3653692331679357,-1.118951529136503
v9,feat_gbm,2.0,45,465,-0.12313731970412412,0.08535922256033004
v9,feat_gbm,2.0,45,466,0.4033219199353226,0.2656879386171551
v9,feat_gbm,2.0,45,467,-1.3187009606766475,-1.0764680911985907
v9,feat_gbm,2.0,45,468,1.0664929201909066,2.2503813782282114
v9,feat_gbm,2.0,45,469,0.012053158125188736,-0.029700274932011248
v9,feat_gbm,2.0,45,470,-2.340559569822481,-2.1918010579584375
v9,feat_gbm,2.0,45,471,0.9233727748257745,-0.12537364897776127
v9,feat_gbm,2.0,45,472,-1.4238242730386776,-1.3714574409892777
v9,feat_gbm,2.0,45,473,-2.4144101209638085,-1.0216450817816245
v9,feat_gbm,2.0,45,474,-0.7341380427062357,-0.8313233833759152
v9,feat_gbm,2.0,45,475,-2.306597378092955,-3.25243582884057
v9,feat_gbm,2.0,45,476,0.3803285718930264,0.8737365575305754
v9,feat_gbm,2.0,45,477,-2.110978991715096,-1.8373017486027088
v9,feat_gbm,2.0,45,478,-1.596953656381013,-1.909749317133085
v9,feat_gbm,2.0,45,479,-0.007132725738879918,0.418341725137149
v9,feat_gbm,2.0,45,480,-1.7197903342533583,-2.8689304810445995
v9,feat_gbm,2.0,45,481,-4.442411384811426,-3.9192950012633494
v9,feat_gbm,2.0,45,482,0.6768525771533881,0.8191907452202399
v9,feat_gbm,2.0,45,483,-2.5617270384333453,-2.7371748494528005
v9,feat_gbm,2.0,45,484,0.09783640052793262,0.043868991079412875
v9,feat_gbm,2.0,45,485,-2.237288214383319,-3.9571024828402512
v9,feat_gbm,2.0,45,486,-1.106335374853058,-0.8286091055291892
v9,feat_gbm,2.0,45,487,1.0887770549147195,1.1086460137612473
v9,feat_gbm,2.0,45,488,-0.9268126091093726,-1.0899995989348372
v9,feat_gbm,2.0,45,489,-3.0757519858634117,-2.9260181182274523
v9,feat_gbm,2.0,45,490,-0.013609329050789994,0.01778898425240747
v9,feat_gbm,2.0,45,491,0.12725610451840974,-0.388546054063584
v9,feat_gbm,2.0,45,492,-0.827845438855268,-0.8483910406321095
v9,feat_gbm,2.0,45,493,-2.7114012519598676,-2.4855190663855797
v9,feat_gbm,2.0,45,494,-0.06286367421082104,-0.6027729178489412
v9,feat_gbm,2.0,45,495,-1.5045407384641327,-1.5285925057254015
v9,feat_gbm,2.0,45,496,0.30471675881028903,1.0092174422839322
v9,feat_gbm,2.0,45,497,-2.5464724613005645,-2.421052301727873
v9,feat_gbm,2.0,45,498,-2.767929924544606,-3.2283141264699093
v9,feat_gbm,2.0,45,499,-3.4565053474795246,-4.907212199848568
v9,feat_gbm,2.0,46,0,-0.3210033582911945,0.03894909458183669
v9,feat_gbm,2.0,46,1,-2.354860836936975,-2.5052564746229193
v9,feat_gbm,2.0,46,2,0.18463298532286862,0.6287827851917782
v9,feat_gbm,2.0,46,3,-2.5034122362659956,-3.3447289283878643
v9,feat_gbm,2.0,46,4,1.1988450992145496,0.9694015026406426
v9,feat_gbm,2.0,46,5,-2.2537999395348103,-2.4693709778233526
v9,feat_gbm,2.0,46,6,0.1423640950982716,-0.2819211013310965
v9,feat_gbm,2.0,46,7,0.22124530764850825,0.5289578846490461
v9,feat_gbm,2.0,46,8,0.29231403668472616,0.032863622186365654
v9,feat_gbm,2.0,46,9,0.612663528724903,0.9352707853930591
v9,feat_gbm,2.0,46,10,-1.7159482420510552,-1.5987558134683666
v9,feat_gbm,2.0,46,11,-2.334669868607198,-3.2678706438993954
v9,feat_gbm,2.0,46,12,-1.5370628124214825,-2.445380546146449
v9,feat_gbm,2.0,46,13,-0.5637218654826429,-0.4471217519653716
v9,feat_gbm,2.0,46,14,-0.6012694660173894,-1.8343062920535937
v9,feat_gbm,2.0,46,15,-2.9699031347339537,-2.278287047942225
v9,feat_gbm,2.0,46,16,-0.41494030138419563,-1.113015507562239
v9,feat_gbm,2.0,46,17,-0.5383283311872895,-1.149386040828735
v9,feat_gbm,2.0,46,18,-0.3293248741579722,-0.4541092694382234
v9,feat_gbm,2.0,46,19,-2.6095833149036416,-2.8798658660471284
v9,feat_gbm,2.0,46,20,-3.191241954320478,-3.281006200299989
v9,feat_gbm,2.0,46,21,-0.8911150385095551,-0.7889402030111288
v9,feat_gbm,2.0,46,22,-1.8270382559238063,-0.48114593055133975
v9,feat_gbm,2.0,46,23,-2.3590456329273004,-2.8038114998165153
v9,feat_gbm,2.0,46,24,-2.0116776338560793,-2.6726430450531393
v9,feat_gbm,2.0,46,25,-3.0273663727930464,-3.141178249464176
v9,feat_gbm,2.0,46,26,-3.208336848000535,-3.8612362310489847
v9,feat_gbm,2.0,46,27,-2.528788232341841,-3.085821277369337
v9,feat_gbm,2.0,46,28,-1.918754669567626,-2.1153791712035637
v9,feat_gbm,2.0,46,29,-1.2619938094268872,-0.5854112868629942
v9,feat_gbm,2.0,46,30,0.016967080091657673,0.13849791927417068
v9,feat_gbm,2.0,46,31,-3.149535129490863,-2.779654184179668
v9,feat_gbm,2.0,46,32,0.9899794934380866,0.9166392391011026
v9,feat_gbm,2.0,46,33,-1.9620620594852858,-2.134444297962007
v9,feat_gbm,2.0,46,34,0.2899025421617301,1.1224191581864646
v9,feat_gbm,2.0,46,35,-1.4421436636829519,-2.7514680837461087
v9,feat_gbm,2.0,46,36,-0.2232667030863517,0.7493710802437775
v9,feat_gbm,2.0,46,37,-2.1317486317714818,-2.157600461660938
v9,feat_gbm,2.0,46,38,-1.7855463620705376,-1.7436371170468024
v9,feat_gbm,2.0,46,39,0.7042407530420388,0.632388610685479
v9,feat_gbm,2.0,46,40,-1.0062133682296281,-1.5024753827969588
v9,feat_gbm,2.0,46,41,-2.8645567248773314,-2.936018587066778
v9,feat_gbm,2.0,46,42,-0.4597670312161587,-0.06406961406287034
v9,feat_gbm,2.0,46,43,-0.548375463509639,-0.43711075337934485
v9,feat_gbm,2.0,46,44,0.7842995030704907,0.521724778538647
v9,feat_gbm,2.0,46,45,0.5307572914326406,-0.02881562555915001
v9,feat_gbm,2.0,46,46,-2.7726238264664054,-2.6856700943784895
v9,feat_gbm,2.0,46,47,-3.3807010835507625,-3.3419513202228783
v9,feat_gbm,2.0,46,48,-0.28634749096419626,-0.35240032436669677
v9,feat_gbm,2.0,46,49,-2.8187981775994535,-4.466027560457086
v9,feat_gbm,2.0,46,50,-1.2949992036230569,-1.2227887404747313
v9,feat_gbm,2.0,46,51,-3.3388869093104963,-4.168130875201601
v9,feat_gbm,2.0,46,52,-3.0316625992942665,-2.1825653069440887
v9,feat_gbm,2.0,46,53,-2.807871226186457,-2.816977102698189
v9,feat_gbm,2.0,46,54,-0.9606327930771129,-0.9520374156321785
v9,feat_gbm,2.0,46,55,0.8218539409239184,0.800460094219776
v9,feat_gbm,2.0,46,56,0.22592021433291146,0.2782562560211116
v9,feat_gbm,2.0,46,57,-0.08103343804424991,-0.7855200046266205
v9,feat_gbm,2.0,46,58,-2.510352097943517,-2.837973637743256
v9,feat_gbm,2.0,46,59,0.681983811609079,0.3653424354755994
v9,feat_gbm,2.0,46,60,-3.6416537931166095,-3.145987746693799
v9,feat_gbm,2.0,46,61,-1.2846517791359449,-2.1381844357326614
v9,feat_gbm,2.0,46,62,0.6012252636328252,0.3908315550690521
v9,feat_gbm,2.0,46,63,-2.9812070618500326,-3.259739876316779
v9,feat_gbm,2.0,46,64,-3.832608101628966,-3.799325775609258
v9,feat_gbm,2.0,46,65,-0.3736988794840258,0.2842997557356093
v9,feat_gbm,2.0,46,66,0.40975677314485653,0.9099380077885143
v9,feat_gbm,2.0,46,67,0.09427883400388745,0.5741223235018287
v9,feat_gbm,2.0,46,68,1.1188051837235566,1.3807263582335993
v9,feat_gbm,2.0,46,69,0.4280438528904508,2.7357387204405055
v9,feat_gbm,2.0,46,70,-0.01758312686972563,-0.3782017485149665
v9,feat_gbm,2.0,46,71,-0.7379072204029822,-0.6946521973220513
v9,feat_gbm,2.0,46,72,-3.284478828643916,-3.510295151868067
v9,feat_gbm,2.0,46,73,-0.3774160244340638,-0.3643686170400702
v9,feat_gbm,2.0,46,74,1.3354789564191227,1.1835884152793859
v9,feat_gbm,2.0,46,75,0.09517962049130049,-0.38644824542838596
v9,feat_gbm,2.0,46,76,0.08735565351562474,0.7005004452467647
v9,feat_gbm,2.0,46,77,0.13538622878314527,0.3770911051312199
v9,feat_gbm,2.0,46,78,-0.14491374649449423,-0.5374783823521183
v9,feat_gbm,2.0,46,79,-2.482441771027,-3.2499450611549854
v9,feat_gbm,2.0,46,80,-2.3159838327274618,-1.719925172279684
v9,feat_gbm,2.0,46,81,0.1331643335790275,1.8185710395242058
v9,feat_gbm,2.0,46,82,-1.1094226097019704,-1.0758778979961314
v9,feat_gbm,2.0,46,83,-0.09085936623548317,-0.8033140510569362
v9,feat_gbm,2.0,46,84,-2.0797790211571465,-2.0837035815006346
v9,feat_gbm,2.0,46,85,-1.5037889003080966,-1.2430797823904942
v9,feat_gbm,2.0,46,86,0.20713784884508282,0.639317965424242
v9,feat_gbm,2.0,46,87,-0.4586412760933953,-0.02321591952008587
v9,feat_gbm,2.0,46,88,-2.8219494301079022,-3.512086916650174
v9,feat_gbm,2.0,46,89,-1.1666891597127669,-1.684363733317816
v9,feat_gbm,2.0,46,90,-3.4794916868944537,-3.5341996208099964
v9,feat_gbm,2.0,46,91,0.6286752336467226,1.1574629997660548
v9,feat_gbm,2.0,46,92,-0.9773567923495367,-0.7651863719989663
v9,feat_gbm,2.0,46,93,-4.285163598179989,-5.7708125015304885
v9,feat_gbm,2.0,46,94,0.0012813363869920208,0.07374698385127064
v9,feat_gbm,2.0,46,95,-0.39378592027432263,1.201566413592891
v9,feat_gbm,2.0,46,96,0.8386490971611835,1.2655480006709303
v9,feat_gbm,2.0,46,97,-3.3572655899191424,-3.2217777708537843
v9,feat_gbm,2.0,46,98,-2.7120422973595253,-1.2120387208328698
v9,feat_gbm,2.0,46,99,-0.24209096550295606,-0.04015373686183237
v9,feat_gbm,2.0,46,100,-2.4870491949647735,-2.8384481914339785
v9,feat_gbm,2.0,46,101,-2.914218826772622,-3.541068619782685
v9,feat_gbm,2.0,46,102,-4.224747204920896,-4.424727465058162
v9,feat_gbm,2.0,46,103,-0.8836381157799256,-0.7652009130347144
v9,feat_gbm,2.0,46,104,-0.8489641407344113,-0.406664655497914
v9,feat_gbm,2.0,46,105,-2.372620212825136,-2.8019031633754246
v9,feat_gbm,2.0,46,106,-1.4577499729715444,-1.1978192780958505
v9,feat_gbm,2.0,46,107,-1.3603144578896935,-1.2497822804421463
v9,feat_gbm,2.0,46,108,-0.04429716014953765,-0.2003702404752673
v9,feat_gbm,2.0,46,109,-0.516724933724816,-0.28745536208379296
v9,feat_gbm,2.0,46,110,-0.024012166114386294,0.2838469771831524
v9,feat_gbm,2.0,46,111,-0.03212599582819512,0.6579850926301614
v9,feat_gbm,2.0,46,112,0.20219276562265492,-0.4279263804064609
v9,feat_gbm,2.0,46,113,0.3007919182524395,0.527327823801956
v9,feat_gbm,2.0,46,114,-3.4778405082539585,-3.652947895428966
v9,feat_gbm,2.0,46,115,-1.3019006879189725,-0.04287987221360797
v9,feat_gbm,2.0,46,116,-3.3360525350163988,-3.4409421360670214
v9,feat_gbm,2.0,46,117,-2.337115190469492,-2.4284095097884006
v9,feat_gbm,2.0,46,118,-2.1282406620055134,-1.419217075367618
v9,feat_gbm,2.0,46,119,-2.94218736647395,-1.4944271796191557
v9,feat_gbm,2.0,46,120,-2.740923553223914,-2.797137626437216
v9,feat_gbm,2.0,46,121,0.5142818077419515,3.1321125804877905
v9,feat_gbm,2.0,46,122,-2.470995900923756,-3.164895556438051
v9,feat_gbm,2.0,46,123,0.04294119974150028,-0.021234684620174846
v9,feat_gbm,2.0,46,124,-1.2299681656911177,-1.246001114532972
v9,feat_gbm,2.0,46,125,-2.5092030864381654,-2.7130193085566443
v9,feat_gbm,2.0,46,126,-2.2688907361427715,-2.0560780011130944
v9,feat_gbm,2.0,46,127,-1.3966869325891216,-1.631222331554067
v9,feat_gbm,2.0,46,128,-2.351323108643394,-3.477307725783656
v9,feat_gbm,2.0,46,129,0.7847043655417033,1.7007542891568868
v9,feat_gbm,2.0,46,130,-3.378137237796804,-3.4021624962570822
v9,feat_gbm,2.0,46,131,-3.0642958128256854,-3.701149444421242
v9,feat_gbm,2.0,46,132,0.004483590387426414,-0.4116741376471012
v9,feat_gbm,2.0,46,133,-0.5161277168355717,-0.5680375850475197
v9,feat_gbm,2.0,46,134,-1.5147130302007266,-1.4788189923590598
v9,feat_gbm,2.0,46,135,-2.759776753286127,-2.9896549957503007
v9,feat_gbm,2.0,46,136,0.25044897238647296,0.11194117436713467
v9,feat_gbm,2.0,46,137,0.8808021167823465,1.7147062893715772
v9,feat_gbm,2.0,46,138,-2.0844894980552193,-1.9709125209383296
v9,feat_gbm,2.0,46,139,-0.1869513962278382,0.19937477723826902
v9,feat_gbm,2.0,46,140,-2.096384025965957,-2.8223726616431475
v9,feat_gbm,2.0,46,141,-0.2042508813617752,-0.12380828599000025
v9,feat_gbm,2.0,46,142,-2.5202077205446827,-2.97521232911642
v9,feat_gbm,2.0,46,143,-2.2648918496590507,-1.9484557479617686
v9,feat_gbm,2.0,46,144,0.928226683163825,1.244093655886106
v9,feat_gbm,2.0,46,145,-2.2236804350162735,-2.0280859266176816
v9,feat_gbm,2.0,46,146,-1.8107267525854505,-2.0754073031653366
v9,feat_gbm,2.0,46,147,-0.035071246764954406,-0.11331641159387335
v9,feat_gbm,2.0,46,148,-1.9833703525094222,-2.620298039600635
v9,feat_gbm,2.0,46,149,-2.8191730462569837,-3.8395532227602396
v9,feat_gbm,2.0,46,150,-1.625335996977861,-2.149698272240366
v9,feat_gbm,2.0,46,151,-2.648152334467169,-3.1594376779318036
v9,feat_gbm,2.0,46,152,-2.1892576398217707,-2.7712141114581046
v9,feat_gbm,2.0,46,153,-1.1960545580613238,-1.1483368403810985
v9,feat_gbm,2.0,46,154,-0.3919849859676275,-1.4700676700115773
v9,feat_gbm,2.0,46,155,0.9944996607666929,1.4088416749712322
v9,feat_gbm,2.0,46,156,0.08376193620134402,0.7564704220494097
v9,feat_gbm,2.0,46,157,-2.449713146107558,-1.7148995557963913
v9,feat_gbm,2.0,46,158,-1.553113827356352,-2.8595355115547196
v9,feat_gbm,2.0,46,159,-1.3842819527384078,-0.9922400520728849
v9,feat_gbm,2.0,46,160,1.6934455695519532,1.8585227307534937
v9,feat_gbm,2.0,46,161,-2.173198359050218,-2.477654537850602
v9,feat_gbm,2.0,46,162,-1.7457904434139384,-2.993764039868935
v9,feat_gbm,2.0,46,163,-1.1762057596368405,-1.1722671160336509
v9,feat_gbm,2.0,46,164,-1.877663856556905,-1.6577576086204497
v9,feat_gbm,2.0,46,165,-2.3942506244481194,-2.9770186999323642
v9,feat_gbm,2.0,46,166,-2.972247376754903,-3.2329952824425443
v9,feat_gbm,2.0,46,167,-0.31226592871629594,0.19550508612775644
v9,feat_gbm,2.0,46,168,-0.9498368734611599,-1.2639642813248737
v9,feat_gbm,2.0,46,169,1.156867956134454,1.4224064134580066
v9,feat_gbm,2.0,46,170,-2.263332401182266,-1.5303724784706008
v9,feat_gbm,2.0,46,171,0.30713166998029845,0.6086346650572224
v9,feat_gbm,2.0,46,172,0.1481021325955322,-0.052232489626048526
v9,feat_gbm,2.0,46,173,-0.7064374489930142,-0.19074605880313256
v9,feat_gbm,2.0,46,174,-2.1710315234099684,-2.7678232596734214
v9,feat_gbm,2.0,46,175,-1.8964326097464963,-1.6557092188829319
v9,feat_gbm,2.0,46,176,0.19882790988225132,0.12081831439914445
v9,feat_gbm,2.0,46,177,-0.20740028287400936,3.7031714993021168
v9,feat_gbm,2.0,46,178,0.08178397016320121,-0.17761292562564054
v9,feat_gbm,2.0,46,179,0.04088813151437853,0.2295122735959306
v9,feat_gbm,2.0,46,180,-1.7189495389761664,-1.6401012725318311
v9,feat_gbm,2.0,46,181,-3.06534916712095,-3.399461101549646
v9,feat_gbm,2.0,46,182,0.10306822615690465,0.5421608664871393
v9,feat_gbm,2.0,46,183,-4.032488840594561,-3.7858185839721776
v9,feat_gbm,2.0,46,184,0.30426186455676457,0.4440956773301304
v9,feat_gbm,2.0,46,185,0.1011767366928487,0.5450962365111649
v9,feat_gbm,2.0,46,186,-2.707243896438648,-3.094441269353033
v9,feat_gbm,2.0,46,187,0.24786911465230801,1.436275522654785
v9,feat_gbm,2.0,46,188,-0.7480447542665298,-0.003208414280501246
v9,feat_gbm,2.0,46,189,-2.1215288969671566,-2.0766448721687736
v9,feat_gbm,2.0,46,190,-2.3990579953786915,-2.887011097372245
v9,feat_gbm,2.0,46,191,-0.36649755226016884,-0.19564387773269687
v9,feat_gbm,2.0,46,192,-3.421447241742655,-3.39219136175158
v9,feat_gbm,2.0,46,193,-3.8531303077763517,-4.804455114758695
v9,feat_gbm,2.0,46,194,-0.19211457237540835,-0.23230879418151415
v9,feat_gbm,2.0,46,195,0.8689231271599982,0.7768952289284052
v9,feat_gbm,2.0,46,196,-3.365337811895405,-3.0758975731441707
v9,feat_gbm,2.0,46,197,1.315956258507974,1.8852948766094535
v9,feat_gbm,2.0,46,198,0.07569229147125009,-0.07474663349946693
v9,feat_gbm,2.0,46,199,1.280191529175362,0.9295509098669842
v9,feat_gbm,2.0,46,200,0.12406019284844105,0.40408761039079466
v9,feat_gbm,2.0,46,201,-0.921264836382255,-1.0185563947000995
v9,feat_gbm,2.0,46,202,-1.0078367318737795,-1.5812541435625456
v9,feat_gbm,2.0,46,203,-1.4416454300610808,-2.9269603411540346
v9,feat_gbm,2.0,46,204,-0.03379370279709625,-0.9368237022381455
v9,feat_gbm,2.0,46,205,-0.40412926502591867,-0.771906247259438
v9,feat_gbm,2.0,46,206,-2.07756578692616,-1.4457766532498904
v9,feat_gbm,2.0,46,207,-2.383326078746931,-2.4752738768021185
v9,feat_gbm,2.0,46,208,-2.404687624529904,-2.8789590131308262
v9,feat_gbm,2.0,46,209,-1.663094069006207,-2.6986856152036793
v9,feat_gbm,2.0,46,210,-0.1855023412858217,0.05837096406180189
v9,feat_gbm,2.0,46,211,-2.833999754557474,-2.2327070274631113
v9,feat_gbm,2.0,46,212,0.10635033055872352,0.15758807445032513
v9,feat_gbm,2.0,46,213,0.6502501111099623,0.5234750924970406
v9,feat_gbm,2.0,46,214,0.869632763503337,0.8312555987922697
v9,feat_gbm,2.0,46,215,-1.2335039941632866,-0.7699972654610447
v9,feat_gbm,2.0,46,216,-2.3712117513388473,-2.4368834827463726
v9,feat_gbm,2.0,46,217,-2.7122782254669797,-3.7421886443248944
v9,feat_gbm,2.0,46,218,-3.3389170711518785,-4.3753265313120195
v9,feat_gbm,2.0,46,219,0.19442995554709847,0.13181597567614448
v9,feat_gbm,2.0,46,220,-2.520023335113766,-2.150299196146146
v9,feat_gbm,2.0,46,221,0.10833154491831296,0.4316281043505307
v9,feat_gbm,2.0,46,222,0.1972197747022669,0.20581216265343685
v9,feat_gbm,2.0,46,223,-2.4306046878173255,-1.7226779576420432
v9,feat_gbm,2.0,46,224,0.524911670363021,1.0701061526100661
v9,feat_gbm,2.0,46,225,-0.7982235035636858,-2.995983076644188
v9,feat_gbm,2.0,46,226,-0.12897978381538622,-0.39103048890459524
v9,feat_gbm,2.0,46,227,-1.8079552226364313,-2.811377433191803
v9,feat_gbm,2.0,46,228,-0.32109732157507415,0.1103569248772952
v9,feat_gbm,2.0,46,229,0.40459488749501066,1.0926797996732165
v9,feat_gbm,2.0,46,230,-1.3077686153991654,-1.1465469989616057
v9,feat_gbm,2.0,46,231,-4.083245038283235,-3.7045714701961474
v9,feat_gbm,2.0,46,232,-0.3787327389411295,-0.3205795311611984
v9,feat_gbm,2.0,46,233,0.2878964787952268,-0.7282288274356463
v9,feat_gbm,2.0,46,234,0.14991813237846002,-0.6143938277881194
v9,feat_gbm,2.0,46,235,-2.749233939574512,-3.717493513170671
v9,feat_gbm,2.0,46,236,-2.052326191162591,-1.894186438607053
v9,feat_gbm,2.0,46,237,-0.11489633999929781,0.19101892391720615
v9,feat_gbm,2.0,46,238,-1.6593419282034128,-2.723653519266766
v9,feat_gbm,2.0,46,239,0.30353689457952054,0.28172679866345784
v9,feat_gbm,2.0,46,240,-1.4516739604690165,-0.570916259780521
v9,feat_gbm,2.0,46,241,-1.9599886775819382,-3.037607674189957
v9,feat_gbm,2.0,46,242,-2.591856032136529,-2.4824067099880884
v9,feat_gbm,2.0,46,243,0.5939802271838087,1.793244191067856
v9,feat_gbm,2.0,46,244,-2.0705786025680375,-2.170563194223024
v9,feat_gbm,2.0,46,245,-2.304640422763645,-2.5580286375581696
v9,feat_gbm,2.0,46,246,-2.8268888143371256,-3.9013363177662743
v9,feat_gbm,2.0,46,247,-1.4717219992772812,-1.2689211715035387
v9,feat_gbm,2.0,46,248,-2.4253403727484777,-2.89795980370705
v9,feat_gbm,2.0,46,249,-0.9506330671965845,-1.149470325468549
v9,feat_gbm,2.0,46,250,-2.6380684053377808,-2.1803876537888693
v9,feat_gbm,2.0,46,251,-0.538055372659904,-1.2010659028736028
v9,feat_gbm,2.0,46,252,-2.741342103996201,-2.675840590612525
v9,feat_gbm,2.0,46,253,-1.303517148748275,-0.865421424414132
v9,feat_gbm,2.0,46,254,0.11749702566816342,-0.45089388998719687
v9,feat_gbm,2.0,46,255,-1.2892394575327666,-1.477655138121315
v9,feat_gbm,2.0,46,256,-1.9651163428680538,-1.9234128661936198
v9,feat_gbm,2.0,46,257,-0.7730877157131477,-0.8895479413744646
v9,feat_gbm,2.0,46,258,-1.2139234445713492,-1.284701881398344
v9,feat_gbm,2.0,46,259,-0.32139022766454844,0.03791276039075724
v9,feat_gbm,2.0,46,260,-0.599070874481929,-1.213907680807544
v9,feat_gbm,2.0,46,261,-0.40134019582010555,-0.6937064881158975
v9,feat_gbm,2.0,46,262,-2.5304818723895264,-2.500344974429108
v9,feat_gbm,2.0,46,263,-3.0129840638509497,-3.0782877743164985
v9,feat_gbm,2.0,46,264,-2.3382329157975423,-3.2702790535172426
v9,feat_gbm,2.0,46,265,-0.15689015589198707,-0.15746453031192983
v9,feat_gbm,2.0,46,266,-1.3521262995722925,-1.3930653126164372
v9,feat_gbm,2.0,46,267,-4.084299667007395,-3.460520174484755
v9,feat_gbm,2.0,46,268,-2.06348651245442,-1.8115923421665279
v9,feat_gbm,2.0,46,269,0.17735402244085835,-0.04785951915829837
v9,feat_gbm,2.0,46,270,-1.7391322269294502,-1.3387838926701625
v9,feat_gbm,2.0,46,271,0.5588945557775747,0.6172482925771328
v9,feat_gbm,2.0,46,272,0.1624806691444945,0.10718580269537517
v9,feat_gbm,2.0,46,273,-2.848041432075714,-2.4250613993713395
v9,feat_gbm,2.0,46,274,0.023847284556833777,-0.4656136934058211
v9,feat_gbm,2.0,46,275,-1.9391352112661082,-1.7679071058666047
v9,feat_gbm,2.0,46,276,-0.03273276077492092,-0.15192249005847586
v9,feat_gbm,2.0,46,277,-0.8315823087608798,-0.22686658439221394
v9,feat_gbm,2.0,46,278,-1.0515611933515,-0.3963273628232521
v9,feat_gbm,2.0,46,279,-2.464744702464664,-2.1916982233579314
v9,feat_gbm,2.0,46,280,-0.27429891821425506,0.5138857123822332
v9,feat_gbm,2.0,46,281,-0.1404006944865323,0.13501120436460418
v9,feat_gbm,2.0,46,282,0.19369885261284103,-0.35232291748203215
v9,feat_gbm,2.0,46,283,-0.10063585384154576,0.33710059568630363
v9,feat_gbm,2.0,46,284,1.1015070519831098,2.2269494594330284
v9,feat_gbm,2.0,46,285,-0.47323415244590133,-0.8523290277873723
v9,feat_gbm,2.0,46,286,0.05647112868254469,0.5032694866056324
v9,feat_gbm,2.0,46,287,-3.827684070675794,-3.0734310124071125
v9,feat_gbm,2.0,46,288,-2.9307059964209086,-3.0969464995649485
v9,feat_gbm,2.0,46,289,0.10155708481881388,0.8088909840914691
v9,feat_gbm,2.0,46,290,-2.3485493770013903,-1.710735902712342
v9,feat_gbm,2.0,46,291,-0.41520399207716624,-0.24588513525180683
v9,feat_gbm,2.0,46,292,-2.3947796122380334,-2.9910915714149957
v9,feat_gbm,2.0,46,293,0.035960293714268905,0.24397961438558982
v9,feat_gbm,2.0,46,294,0.35300724102975906,0.9827222917401395
v9,feat_gbm,2.0,46,295,0.441476070982125,1.5399914318848642
v9,feat_gbm,2.0,46,296,-2.468940105643091,-3.028104854063688
v9,feat_gbm,2.0,46,297,-2.1998476402095863,-1.9675880903276046
v9,feat_gbm,2.0,46,298,0.2806460975209295,0.3882116190950413
v9,feat_gbm,2.0,46,299,-1.5151360104805103,-0.4169590587595381
v9,feat_gbm,2.0,46,300,-0.6385962449487612,-0.47104701624968015
v9,feat_gbm,2.0,46,301,-0.6389107326446033,-0.5788171023402015
v9,feat_gbm,2.0,46,302,-3.598270582218156,-3.325334912618423
v9,feat_gbm,2.0,46,303,-0.23639226217144096,0.27214776974989446
v9,feat_gbm,2.0,46,304,0.281904841817941,0.2838761456734127
v9,feat_gbm,2.0,46,305,0.6901348619282274,0.98356576927226
v9,feat_gbm,2.0,46,306,-1.441448563965683,-2.324804251846344
v9,feat_gbm,2.0,46,307,-0.11782336900826851,-0.30060412365222405
v9,feat_gbm,2.0,46,308,-3.644540477080449,-3.5706943269006843
v9,feat_gbm,2.0,46,309,-0.1218526556523552,0.7657986236992217
v9,feat_gbm,2.0,46,310,-1.2309626532645963,-0.3760212383278314
v9,feat_gbm,2.0,46,311,1.0869308189778155,0.903367601886353
v9,feat_gbm,2.0,46,312,0.6641534968553167,0.2834145554969618
v9,feat_gbm,2.0,46,313,-0.0904519460757586,-0.8750381269167363
v9,feat_gbm,2.0,46,314,-2.48450495681528,-0.8911054934067958
v9,feat_gbm,2.0,46,315,0.24200626274003717,0.2699623908229132
v9,feat_gbm,2.0,46,316,-3.13706276264078,-4.034449774534175
v9,feat_gbm,2.0,46,317,0.25852003195813655,0.7302045063515665
v9,feat_gbm,2.0,46,318,-2.613831304564614,-2.5264159394565007
v9,feat_gbm,2.0,46,319,-2.8040677308717554,-3.1280680478747835
v9,feat_gbm,2.0,46,320,0.2380993869956202,-0.623194388118803
v9,feat_gbm,2.0,46,321,-3.425785713013418,-4.172922463867305
v9,feat_gbm,2.0,46,322,0.6402197286564394,1.0714029341973417
v9,feat_gbm,2.0,46,323,-2.8250906388468437,-2.5538050374755565
v9,feat_gbm,2.0,46,324,-1.751090048662828,-1.5310020975326282
v9,feat_gbm,2.0,46,325,-0.09035164881230878,-0.735749980772127
v9,feat_gbm,2.0,46,326,-1.615051599255839,-0.5010306012352705
v9,feat_gbm,2.0,46,327,-3.8608017600955207,-4.393123087746285
v9,feat_gbm,2.0,46,328,0.16958380947170876,0.6439364857563509
v9,feat_gbm,2.0,46,329,-2.788802593491488,-2.60760252445046
v9,feat_gbm,2.0,46,330,0.402767007498907,0.46983427811083467
v9,feat_gbm,2.0,46,331,-0.7610149923638984,-1.149354435920189
v9,feat_gbm,2.0,46,332,-2.0800504692870696,-1.0961264399974935
v9,feat_gbm,2.0,46,333,0.6247752329570022,1.4253561556633074
v9,feat_gbm,2.0,46,334,0.9413384898703031,1.0406546288822482
v9,feat_gbm,2.0,46,335,-0.13955818379264592,-0.1286217558512718
v9,feat_gbm,2.0,46,336,-1.7361180242186833,-1.7275974260064488
v9,feat_gbm,2.0,46,337,-2.543635158456902,-4.535227665039715
v9,feat_gbm,2.0,46,338,-0.3437858733172103,-1.078833843619319
v9,feat_gbm,2.0,46,339,-1.6709415597519284,-2.035297396751524
v9,feat_gbm,2.0,46,340,0.20759881703469021,0.4788286932125707
v9,feat_gbm,2.0,46,341,-0.6374701365177605,-0.4595082096564039
v9,feat_gbm,2.0,46,342,-3.7079595016357847,-3.653430804591794
v9,feat_gbm,2.0,46,343,0.8062968963420003,0.2834522663037432
v9,feat_gbm,2.0,46,344,0.1681026129100241,-0.15984972455285287
v9,feat_gbm,2.0,46,345,-2.603045073545924,-3.8822970119574354
v9,feat_gbm,2.0,46,346,-2.1324591894458607,-2.5801989990218064
v9,feat_gbm,2.0,46,347,-3.927844195402382,-3.2622630695286134
v9,feat_gbm,2.0,46,348,-1.1627014802192412,-0.4894561152880944
v9,feat_gbm,2.0,46,349,-4.227644290933923,-3.0223552414624764
v9,feat_gbm,2.0,46,350,0.6494224688989024,0.4215072765335228
v9,feat_gbm,2.0,46,351,-2.59686380465253,-1.8152752103400673
v9,feat_gbm,2.0,46,352,0.8229792205575772,1.102263670511441
v9,feat_gbm,2.0,46,353,0.5015991008829898,1.4454852001466738
v9,feat_gbm,2.0,46,354,-2.885427879603005,-3.6770060333191017
v9,feat_gbm,2.0,46,355,-3.000096392687628,-5.078652858832153
v9,feat_gbm,2.0,46,356,0.18382154909889817,0.7815322159665122
v9,feat_gbm,2.0,46,357,0.3704165566120592,0.6775133790495483
v9,feat_gbm,2.0,46,358,-3.3528578201797727,-3.5163570325540956
v9,feat_gbm,2.0,46,359,-2.8736147279817086,-4.157760523739404
v9,feat_gbm,2.0,46,360,-0.4415735694016586,-0.18386357284099003
v9,feat_gbm,2.0,46,361,-3.592532273110137,-4.477383009144865
v9,feat_gbm,2.0,46,362,-0.13288779159387826,0.2909126951240761
v9,feat_gbm,2.0,46,363,-2.4675272161942963,-3.5121531596302606
v9,feat_gbm,2.0,46,364,-0.23444048791760178,-0.0019354464452207268
v9,feat_gbm,2.0,46,365,-3.1981312300753424,-3.264666087597375
v9,feat_gbm,2.0,46,366,-0.8156663903182892,-1.4961090632143375
v9,feat_gbm,2.0,46,367,-0.24287674454031258,-0.10305907560987346
v9,feat_gbm,2.0,46,368,-0.15241831556405275,0.24601275195113992
v9,feat_gbm,2.0,46,369,-2.316473398526566,-1.6400355118163064
v9,feat_gbm,2.0,46,370,-1.2547247229061398,-1.5399226532969161
v9,feat_gbm,2.0,46,371,-0.6797262064965919,-0.3336387161155974
v9,feat_gbm,2.0,46,372,0.32064635772713596,0.3185760540422761
v9,feat_gbm,2.0,46,373,-0.6793486688144363,-0.30756424411789
v9,feat_gbm,2.0,46,374,-3.5270364847607456,-3.551435429619069
v9,feat_gbm,2.0,46,375,0.6117166737249717,-0.12846918127015178
v9,feat_gbm,2.0,46,376,0.28528037275986345,0.43413099611324796
v9,feat_gbm,2.0,46,377,0.20388739707593578,0.8095384731463161
v9,feat_gbm,2.0,46,378,0.07061240662759108,0.20303525329731625
v9,feat_gbm,2.0,46,379,0.2469226346533411,0.524784145223057
v9,feat_gbm,2.0,46,380,0.14878706218637616,0.8722609808312535
v9,feat_gbm,2.0,46,381,0.17865172080470312,1.0190202163897197
v9,feat_gbm,2.0,46,382,0.15870382852681708,1.2715191268303472
v9,feat_gbm,2.0,46,383,-0.1389579272462842,-0.13923746667536385
v9,feat_gbm,2.0,46,384,-1.1117605169414628,-1.7983983483294153
v9,feat_gbm,2.0,46,385,-0.06410274487646339,0.5606037150840157
v9,feat_gbm,2.0,46,386,0.7316948560055903,0.6003456151224621
v9,feat_gbm,2.0,46,387,0.08322870368672791,1.3071718981356573
v9,feat_gbm,2.0,46,388,-0.04455693081585915,-0.19457283568776126
v9,feat_gbm,2.0,46,389,-1.354156312653942,-0.981880356960367
v9,feat_gbm,2.0,46,390,-3.315486697257388,-2.628024059072158
v9,feat_gbm,2.0,46,391,-2.8676843867976523,-2.479262758098376
v9,feat_gbm,2.0,46,392,-2.143139027355943,-2.207941629114672
v9,feat_gbm,2.0,46,393,-2.4747120892998997,-2.806586620215901
v9,feat_gbm,2.0,46,394,-0.3515203648348129,-0.16842623590390868
v9,feat_gbm,2.0,46,395,0.4917904610650032,0.3596423409999632
v9,feat_gbm,2.0,46,396,-1.8615628869748455,-3.117667066362407
v9,feat_gbm,2.0,46,397,0.9936870227417247,0.6134086288650079
v9,feat_gbm,2.0,46,398,0.4706069970419143,0.5049020087080688
v9,feat_gbm,2.0,46,399,-1.5427019873760497,-1.0548605918119196
v9,feat_gbm,2.0,46,400,-2.039178818704609,-2.877676775828332
v9,feat_gbm,2.0,46,401,0.02033841064000209,0.015654415635624343
v9,feat_gbm,2.0,46,402,-0.4111776659156658,-0.7027824676465185
v9,feat_gbm,2.0,46,403,0.25185003666279365,0.6733427913489138
v9,feat_gbm,2.0,46,404,-0.1473648167644337,0.03259550049258387
v9,feat_gbm,2.0,46,405,-3.0974999732482953,-3.4179416205706223
v9,feat_gbm,2.0,46,406,-1.4250576325006894,-1.6563158072976616
v9,feat_gbm,2.0,46,407,0.05588983072529088,0.3281041495218151
v9,feat_gbm,2.0,46,408,-2.0049565630525255,-1.498502430121411
v9,feat_gbm,2.0,46,409,-1.9763522576123993,-1.5390850133499359
v9,feat_gbm,2.0,46,410,-2.9706222705996925,-3.8769914364338094
v9,feat_gbm,2.0,46,411,-1.2332646073340505,-1.1093409530974205
v9,feat_gbm,2.0,46,412,-1.6986617706958833,-2.1356441225652167
v9,feat_gbm,2.0,46,413,0.28823718730513986,0.5613925387002681
v9,feat_gbm,2.0,46,414,-2.211731031453495,-2.672303525149137
v9,feat_gbm,2.0,46,415,0.7833376474475249,0.9887747910888531
v9,feat_gbm,2.0,46,416,-1.6681116465710417,-2.064740642123073
v9,feat_gbm,2.0,46,417,-1.2169186080925771,-0.13534283366780814
v9,feat_gbm,2.0,46,418,0.22342136242321536,0.5266566940316069
v9,feat_gbm,2.0,46,419,-0.520644204842358,-0.7929716308762645
v9,feat_gbm,2.0,46,420,0.01946174501515648,0.22081989653443584
v9,feat_gbm,2.0,46,421,-3.9969004749805013,-3.4911396429773087
v9,feat_gbm,2.0,46,422,-0.016619511724472697,0.4691563032653497
v9,feat_gbm,2.0,46,423,-0.18129360268978706,-0.21242164749251408
v9,feat_gbm,2.0,46,424,-2.315731968716035,-2.0235730224261497
v9,feat_gbm,2.0,46,425,-0.41953652617829923,0.1881042769243711
v9,feat_gbm,2.0,46,426,-1.283120692192773,-0.7546830882020855
v9,feat_gbm,2.0,46,427,-2.1419190097145813,-2.004418163271322
v9,feat_gbm,2.0,46,428,0.06720752121086128,0.08108350485015015
v9,feat_gbm,2.0,46,429,-1.2209576414303838,-0.8958783842144782
v9,feat_gbm,2.0,46,430,-0.17493949081798157,-0.700178367515834
v9,feat_gbm,2.0,46,431,-2.472586220568218,-2.026447754843476
v9,feat_gbm,2.0,46,432,-2.5135204008316143,-3.3644112924118934
v9,feat_gbm,2.0,46,433,-1.6316548351271023,-2.4777804975332844
v9,feat_gbm,2.0,46,434,-3.0548559557586237,-3.6407879329147783
v9,feat_gbm,2.0,46,435,0.15994659992193877,0.8140524350977956
v9,feat_gbm,2.0,46,436,-0.1119695582505475,-0.6342245759550225
v9,feat_gbm,2.0,46,437,-1.2078803861149707,-1.0170271575608654
v9,feat_gbm,2.0,46,438,0.38342430087069623,1.2058566336630974
v9,feat_gbm,2.0,46,439,0.8985013364946572,1.04159183954478
v9,feat_gbm,2.0,46,440,-1.07282129906651,-0.383754051292973
v9,feat_gbm,2.0,46,441,0.7989941394565386,0.9717849563735496
v9,feat_gbm,2.0,46,442,0.7869651425473534,0.915394257773604
v9,feat_gbm,2.0,46,443,0.09982537316006769,0.17619398118278368
v9,feat_gbm,2.0,46,444,-2.572561316481616,-2.3026142847949007
v9,feat_gbm,2.0,46,445,-0.5097596633092907,-2.156995715227189
v9,feat_gbm,2.0,46,446,-2.2121876819920026,-1.9647154613855007
v9,feat_gbm,2.0,46,447,-1.3433146867612034,-1.2167428909736953
v9,feat_gbm,2.0,46,448,-0.4000966414089456,0.371748058948411
v9,feat_gbm,2.0,46,449,-3.700118539220941,-3.354914600670279
v9,feat_gbm,2.0,46,450,-3.161198979213814,-2.0984010901330774
v9,feat_gbm,2.0,46,451,-1.9701721326855999,-1.8411195968283314
v9,feat_gbm,2.0,46,452,0.436372599799032,-0.2866386615093297
v9,feat_gbm,2.0,46,453,-1.1184846000161288,-2.1769502099219324
v9,feat_gbm,2.0,46,454,-0.22729065940831594,0.851829112076475
v9,feat_gbm,2.0,46,455,0.3599670289388759,-0.5174982843777256
v9,feat_gbm,2.0,46,456,-2.6847170039755777,-3.7883351795095335
v9,feat_gbm,2.0,46,457,-1.32784524755864,-1.3225504843777425
v9,feat_gbm,2.0,46,458,-0.4638505180791867,-0.6304710111145473
v9,feat_gbm,2.0,46,459,-3.6667340414201934,-2.867776928577639
v9,feat_gbm,2.0,46,460,-0.5439037732818275,-0.20106453453544149
v9,feat_gbm,2.0,46,461,0.8969680875504324,0.565413433251147
v9,feat_gbm,2.0,46,462,-0.11152508909974546,0.6531860801292728
v9,feat_gbm,2.0,46,463,-2.8744924317936285,-3.295531334571209
v9,feat_gbm,2.0,46,464,-1.4620891542159662,-1.118951529136503
v9,feat_gbm,2.0,46,465,-0.06520808403150444,0.08535922256033004
v9,feat_gbm,2.0,46,466,0.1487345031543545,0.2656879386171551
v9,feat_gbm,2.0,46,467,-1.057968141025691,-1.0764680911985907
v9,feat_gbm,2.0,46,468,1.0016900660499024,2.2503813782282114
v9,feat_gbm,2.0,46,469,-0.06786395751639519,-0.029700274932011248
v9,feat_gbm,2.0,46,470,-2.3043131684640614,-2.1918010579584375
v9,feat_gbm,2.0,46,471,0.8530231278992635,-0.12537364897776127
v9,feat_gbm,2.0,46,472,-1.560071924750017,-1.3714574409892777
v9,feat_gbm,2.0,46,473,-2.4420949059710093,-1.0216450817816245
v9,feat_gbm,2.0,46,474,-0.7874980591749021,-0.8313233833759152
v9,feat_gbm,2.0,46,475,-2.4376151544874416,-3.25243582884057
v9,feat_gbm,2.0,46,476,0.38262308458920463,0.8737365575305754
v9,feat_gbm,2.0,46,477,-2.02469718709961,-1.8373017486027088
v9,feat_gbm,2.0,46,478,-1.494395272657011,-1.909749317133085
v9,feat_gbm,2.0,46,479,0.3441411517508571,0.418341725137149
v9,feat_gbm,2.0,46,480,-1.8449476620753602,-2.8689304810445995
v9,feat_gbm,2.0,46,481,-4.3940892901835245,-3.9192950012633494
v9,feat_gbm,2.0,46,482,0.7137551489597119,0.8191907452202399
v9,feat_gbm,2.0,46,483,-2.0720015019812865,-2.7371748494528005
v9,feat_gbm,2.0,46,484,0.18162076055010576,0.043868991079412875
v9,feat_gbm,2.0,46,485,-2.245120877293672,-3.9571024828402512
v9,feat_gbm,2.0,46,486,-1.3026001545325003,-0.8286091055291892
v9,feat_gbm,2.0,46,487,1.0309857243744416,1.1086460137612473
v9,feat_gbm,2.0,46,488,-0.8623876647605222,-1.0899995989348372
v9,feat_gbm,2.0,46,489,-3.030083772710861,-2.9260181182274523
v9,feat_gbm,2.0,46,490,0.010796689520672592,0.01778898425240747
v9,feat_gbm,2.0,46,491,-0.01705470345094463,-0.388546054063584
v9,feat_gbm,2.0,46,492,-0.8369528915304971,-0.8483910406321095
v9,feat_gbm,2.0,46,493,-2.726153282299097,-2.4855190663855797
v9,feat_gbm,2.0,46,494,-0.3069785537788427,-0.6027729178489412
v9,feat_gbm,2.0,46,495,-1.650456266884118,-1.5285925057254015
v9,feat_gbm,2.0,46,496,0.3090435191236814,1.0092174422839322
v9,feat_gbm,2.0,46,497,-2.339337901490105,-2.421052301727873
v9,feat_gbm,2.0,46,498,-2.99361448616651,-3.2283141264699093
v9,feat_gbm,2.0,46,499,-3.3137114342981278,-4.907212199848568
v9,feat_gbm,4.0,42,0,-0.14978218042007535,0.03894909458183669
v9,feat_gbm,4.0,42,1,-2.0527825512816142,-2.5052564746229193
v9,feat_gbm,4.0,42,2,-0.44858911991665923,0.6287827851917782
v9,feat_gbm,4.0,42,3,-2.7244549892921115,-3.3447289283878643
v9,feat_gbm,4.0,42,4,0.9728259880869164,0.9694015026406426
v9,feat_gbm,4.0,42,5,-1.6161703025501828,-2.4693709778233526
v9,feat_gbm,4.0,42,6,-0.013365660319125672,-0.2819211013310965
v9,feat_gbm,4.0,42,7,0.027546791398380892,0.5289578846490461
v9,feat_gbm,4.0,42,8,0.06750071148844584,0.032863622186365654
v9,feat_gbm,4.0,42,9,0.34259204119890774,0.9352707853930591
v9,feat_gbm,4.0,42,10,-1.7868830187949307,-1.5987558134683666
v9,feat_gbm,4.0,42,11,-1.5398729405562523,-3.2678706438993954
v9,feat_gbm,4.0,42,12,-0.6887376404355644,-2.445380546146449
v9,feat_gbm,4.0,42,13,-0.6684028406350124,-0.4471217519653716
v9,feat_gbm,4.0,42,14,-1.8850376621517142,-1.8343062920535937
v9,feat_gbm,4.0,42,15,-2.8956632802558726,-2.278287047942225
v9,feat_gbm,4.0,42,16,-1.3812581052188688,-1.113015507562239
v9,feat_gbm,4.0,42,17,-0.015419632017008255,-1.149386040828735
v9,feat_gbm,4.0,42,18,-0.9303089782950694,-0.4541092694382234
v9,feat_gbm,4.0,42,19,-1.7778075924055168,-2.8798658660471284
v9,feat_gbm,4.0,42,20,-2.742685776611022,-3.281006200299989
v9,feat_gbm,4.0,42,21,-0.40660622414170267,-0.7889402030111288
v9,feat_gbm,4.0,42,22,-1.7068110477278395,-0.48114593055133975
v9,feat_gbm,4.0,42,23,-2.0673201999232926,-2.8038114998165153
v9,feat_gbm,4.0,42,24,-2.1396735061512806,-2.6726430450531393
v9,feat_gbm,4.0,42,25,-2.221616455711593,-3.141178249464176
v9,feat_gbm,4.0,42,26,-3.089513521192732,-3.8612362310489847
v9,feat_gbm,4.0,42,27,-2.4681653204045966,-3.085821277369337
v9,feat_gbm,4.0,42,28,-0.9262501383765567,-2.1153791712035637
v9,feat_gbm,4.0,42,29,-1.0957628115787426,-0.5854112868629942
v9,feat_gbm,4.0,42,30,-0.18662147148356556,0.13849791927417068
v9,feat_gbm,4.0,42,31,-3.5112663067842846,-2.779654184179668
v9,feat_gbm,4.0,42,32,0.5759121776472493,0.9166392391011026
v9,feat_gbm,4.0,42,33,-1.481966305198487,-2.134444297962007
v9,feat_gbm,4.0,42,34,0.3594046148495189,1.1224191581864646
v9,feat_gbm,4.0,42,35,-1.1899601542329945,-2.7514680837461087
v9,feat_gbm,4.0,42,36,-0.1686540443816578,0.7493710802437775
v9,feat_gbm,4.0,42,37,-1.9102210600670375,-2.157600461660938
v9,feat_gbm,4.0,42,38,-3.595257936875383,-1.7436371170468024
v9,feat_gbm,4.0,42,39,0.38395491610479504,0.632388610685479
v9,feat_gbm,4.0,42,40,-1.958906159357525,-1.5024753827969588
v9,feat_gbm,4.0,42,41,-2.0152631626196302,-2.936018587066778
v9,feat_gbm,4.0,42,42,-0.3456193140946381,-0.06406961406287034
v9,feat_gbm,4.0,42,43,-0.3075507893769374,-0.43711075337934485
v9,feat_gbm,4.0,42,44,-0.7999845665417884,0.521724778538647
v9,feat_gbm,4.0,42,45,0.2567042631504878,-0.02881562555915001
v9,feat_gbm,4.0,42,46,-2.877896612635537,-2.6856700943784895
v9,feat_gbm,4.0,42,47,-2.8107638668315253,-3.3419513202228783
v9,feat_gbm,4.0,42,48,-0.1219676491547542,-0.35240032436669677
v9,feat_gbm,4.0,42,49,-2.5633835621055843,-4.466027560457086
v9,feat_gbm,4.0,42,50,-0.9428958342101716,-1.2227887404747313
v9,feat_gbm,4.0,42,51,-2.3141406914327356,-4.168130875201601
v9,feat_gbm,4.0,42,52,-2.981375916509792,-2.1825653069440887
v9,feat_gbm,4.0,42,53,-1.716639862596035,-2.816977102698189
v9,feat_gbm,4.0,42,54,-0.8026995605463211,-0.9520374156321785
v9,feat_gbm,4.0,42,55,0.8928548698201288,0.800460094219776
v9,feat_gbm,4.0,42,56,0.31063189960862136,0.2782562560211116
v9,feat_gbm,4.0,42,57,-0.08266846819215604,-0.7855200046266205
v9,feat_gbm,4.0,42,58,-2.322135750726489,-2.837973637743256
v9,feat_gbm,4.0,42,59,-1.2742622989903287,0.3653424354755994
v9,feat_gbm,4.0,42,60,-2.3053333540085275,-3.145987746693799
v9,feat_gbm,4.0,42,61,-0.5106699514058279,-2.1381844357326614
v9,feat_gbm,4.0,42,62,-0.7375972057688371,0.3908315550690521
v9,feat_gbm,4.0,42,63,-2.6009360371272443,-3.259739876316779
v9,feat_gbm,4.0,42,64,-2.893712685998152,-3.799325775609258
v9,feat_gbm,4.0,42,65,-1.2173355015949294,0.2842997557356093
v9,feat_gbm,4.0,42,66,0.15000885883265191,0.9099380077885143
v9,feat_gbm,4.0,42,67,0.2519163298976734,0.5741223235018287
v9,feat_gbm,4.0,42,68,0.6626203111801892,1.3807263582335993
v9,feat_gbm,4.0,42,69,-0.24890606347215116,2.7357387204405055
v9,feat_gbm,4.0,42,70,-0.06562283958950965,-0.3782017485149665
v9,feat_gbm,4.0,42,71,0.3204473988165026,-0.6946521973220513
v9,feat_gbm,4.0,42,72,-2.9369566369402715,-3.510295151868067
v9,feat_gbm,4.0,42,73,0.34796091624964814,-0.3643686170400702
v9,feat_gbm,4.0,42,74,1.3441766945166853,1.1835884152793859
v9,feat_gbm,4.0,42,75,0.08025131440961825,-0.38644824542838596
v9,feat_gbm,4.0,42,76,-0.7259253095733645,0.7005004452467647
v9,feat_gbm,4.0,42,77,-2.2574685517034614,0.3770911051312199
v9,feat_gbm,4.0,42,78,-0.18040191174211734,-0.5374783823521183
v9,feat_gbm,4.0,42,79,-2.0211189271449435,-3.2499450611549854
v9,feat_gbm,4.0,42,80,-2.4201791375917114,-1.719925172279684
v9,feat_gbm,4.0,42,81,0.4919992596602283,1.8185710395242058
v9,feat_gbm,4.0,42,82,-2.049726204053702,-1.0758778979961314
v9,feat_gbm,4.0,42,83,0.36056084918549036,-0.8033140510569362
v9,feat_gbm,4.0,42,84,-1.398439320275786,-2.0837035815006346
v9,feat_gbm,4.0,42,85,-1.117046269818227,-1.2430797823904942
v9,feat_gbm,4.0,42,86,0.6074084176557806,0.639317965424242
v9,feat_gbm,4.0,42,87,-1.1728278635854734,-0.02321591952008587
v9,feat_gbm,4.0,42,88,-2.0069748546604425,-3.512086916650174
v9,feat_gbm,4.0,42,89,-0.769834759018242,-1.684363733317816
v9,feat_gbm,4.0,42,90,-3.650092257329808,-3.5341996208099964
v9,feat_gbm,4.0,42,91,0.5431413810159755,1.1574629997660548
v9,feat_gbm,4.0,42,92,-1.2485844380784559,-0.7651863719989663
v9,feat_gbm,4.0,42,93,-2.6023284774313264,-5.7708125015304885
v9,feat_gbm,4.0,42,94,0.04144758074833876,0.07374698385127064
v9,feat_gbm,4.0,42,95,-1.2040748709569393,1.201566413592891
v9,feat_gbm,4.0,42,96,0.11038199213497546,1.2655480006709303
v9,feat_gbm,4.0,42,97,-3.0563979284349934,-3.2217777708537843
v9,feat_gbm,4.0,42,98,-2.478934089956917,-1.2120387208328698
v9,feat_gbm,4.0,42,99,0.04818028710693411,-0.04015373686183237
v9,feat_gbm,4.0,42,100,-1.934411777762939,-2.8384481914339785
v9,feat_gbm,4.0,42,101,-2.5770709890680634,-3.541068619782685
v9,feat_gbm,4.0,42,102,-3.5857379037995623,-4.424727465058162
v9,feat_gbm,4.0,42,103,-1.547693491215752,-0.7652009130347144
v9,feat_gbm,4.0,42,104,-2.270454163437265,-0.406664655497914
v9,feat_gbm,4.0,42,105,-1.701100747093151,-2.8019031633754246
v9,feat_gbm,4.0,42,106,-1.2545775495429528,-1.1978192780958505
v9,feat_gbm,4.0,42,107,-1.5037456483728902,-1.2497822804421463
v9,feat_gbm,4.0,42,108,-0.07698401628736806,-0.2003702404752673
v9,feat_gbm,4.0,42,109,-1.1955631409285121,-0.28745536208379296
v9,feat_gbm,4.0,42,110,-0.010445638068446764,0.2838469771831524
v9,feat_gbm,4.0,42,111,-0.2847865075283619,0.6579850926301614
v9,feat_gbm,4.0,42,112,0.12546963394761507,-0.4279263804064609
v9,feat_gbm,4.0,42,113,-1.2309370596246207,0.527327823801956
v9,feat_gbm,4.0,42,114,-3.7082685273430003,-3.652947895428966
v9,feat_gbm,4.0,42,115,-1.6210582427173956,-0.04287987221360797
v9,feat_gbm,4.0,42,116,-3.0490272338639413,-3.4409421360670214
v9,feat_gbm,4.0,42,117,-2.340170305915828,-2.4284095097884006
v9,feat_gbm,4.0,42,118,-2.1735844741006685,-1.419217075367618
v9,feat_gbm,4.0,42,119,-2.2730920670409,-1.4944271796191557
v9,feat_gbm,4.0,42,120,-2.85078995692085,-2.797137626437216
v9,feat_gbm,4.0,42,121,0.7706555015630381,3.1321125804877905
v9,feat_gbm,4.0,42,122,-2.463999593899558,-3.164895556438051
v9,feat_gbm,4.0,42,123,0.30596794788122705,-0.021234684620174846
v9,feat_gbm,4.0,42,124,-0.1110024945919634,-1.246001114532972
v9,feat_gbm,4.0,42,125,-2.7815249209215556,-2.7130193085566443
v9,feat_gbm,4.0,42,126,-1.5533220513581922,-2.0560780011130944
v9,feat_gbm,4.0,42,127,-1.4137727782594671,-1.631222331554067
v9,feat_gbm,4.0,42,128,-1.5871890035155976,-3.477307725783656
v9,feat_gbm,4.0,42,129,0.5665378581961834,1.7007542891568868
v9,feat_gbm,4.0,42,130,-1.7767946447504757,-3.4021624962570822
v9,feat_gbm,4.0,42,131,-2.8268444674018163,-3.701149444421242
v9,feat_gbm,4.0,42,132,0.2813055310735749,-0.4116741376471012
v9,feat_gbm,4.0,42,133,-0.22734445099374584,-0.5680375850475197
v9,feat_gbm,4.0,42,134,-1.5799483710794775,-1.4788189923590598
v9,feat_gbm,4.0,42,135,-0.9933508830804997,-2.9896549957503007
v9,feat_gbm,4.0,42,136,0.12573846778189515,0.11194117436713467
v9,feat_gbm,4.0,42,137,0.2850921152663953,1.7147062893715772
v9,feat_gbm,4.0,42,138,-2.649400226242881,-1.9709125209383296
v9,feat_gbm,4.0,42,139,-0.30473157890793484,0.19937477723826902
v9,feat_gbm,4.0,42,140,-2.15783218444572,-2.8223726616431475
v9,feat_gbm,4.0,42,141,-0.2978794424161001,-0.12380828599000025
v9,feat_gbm,4.0,42,142,-1.946159489478528,-2.97521232911642
v9,feat_gbm,4.0,42,143,-1.9999865947571034,-1.9484557479617686
v9,feat_gbm,4.0,42,144,0.8883500065819319,1.244093655886106
v9,feat_gbm,4.0,42,145,-3.056425503754382,-2.0280859266176816
v9,feat_gbm,4.0,42,146,-1.599111904855879,-2.0754073031653366
v9,feat_gbm,4.0,42,147,-0.06535573124353311,-0.11331641159387335
v9,feat_gbm,4.0,42,148,-1.8484180462583542,-2.620298039600635
v9,feat_gbm,4.0,42,149,-3.15145552131961,-3.8395532227602396
v9,feat_gbm,4.0,42,150,-0.9412156824534786,-2.149698272240366
v9,feat_gbm,4.0,42,151,-2.183285709934895,-3.1594376779318036
v9,feat_gbm,4.0,42,152,-1.5026478478312144,-2.7712141114581046
v9,feat_gbm,4.0,42,153,-0.6680306495231926,-1.1483368403810985
v9,feat_gbm,4.0,42,154,0.1765562595629588,-1.4700676700115773
v9,feat_gbm,4.0,42,155,1.2951857028202447,1.4088416749712322
v9,feat_gbm,4.0,42,156,-0.2886677267042479,0.7564704220494097
v9,feat_gbm,4.0,42,157,-2.540409724711051,-1.7148995557963913
v9,feat_gbm,4.0,42,158,-1.53245310901864,-2.8595355115547196
v9,feat_gbm,4.0,42,159,-1.181191007873374,-0.9922400520728849
v9,feat_gbm,4.0,42,160,1.1770575138254844,1.8585227307534937
v9,feat_gbm,4.0,42,161,-2.075492194514307,-2.477654537850602
v9,feat_gbm,4.0,42,162,-0.2946062820796796,-2.993764039868935
v9,feat_gbm,4.0,42,163,-0.7858178384173756,-1.1722671160336509
v9,feat_gbm,4.0,42,164,-1.7429539198027333,-1.6577576086204497
v9,feat_gbm,4.0,42,165,-2.3521810013326174,-2.9770186999323642
v9,feat_gbm,4.0,42,166,-3.2287689942667592,-3.2329952824425443
v9,feat_gbm,4.0,42,167,-0.7002764666940927,0.19550508612775644
v9,feat_gbm,4.0,42,168,-0.6607563490237836,-1.2639642813248737
v9,feat_gbm,4.0,42,169,-1.0787524467700054,1.4224064134580066
v9,feat_gbm,4.0,42,170,-2.0752425424222647,-1.5303724784706008
v9,feat_gbm,4.0,42,171,0.7597073567630288,0.6086346650572224
v9,feat_gbm,4.0,42,172,0.3317975030412713,-0.052232489626048526
v9,feat_gbm,4.0,42,173,-2.3188794584045334,-0.19074605880313256
v9,feat_gbm,4.0,42,174,-2.058178421350496,-2.7678232596734214
v9,feat_gbm,4.0,42,175,-1.631313453757098,-1.6557092188829319
v9,feat_gbm,4.0,42,176,0.2953373335501763,0.12081831439914445
v9,feat_gbm,4.0,42,177,-0.5356649172226182,3.7031714993021168
v9,feat_gbm,4.0,42,178,0.22852032101750833,-0.17761292562564054
v9,feat_gbm,4.0,42,179,0.1025095795869479,0.2295122735959306
v9,feat_gbm,4.0,42,180,-0.9699071020376171,-1.6401012725318311
v9,feat_gbm,4.0,42,181,-3.0444651982642195,-3.399461101549646
v9,feat_gbm,4.0,42,182,0.18733123790318196,0.5421608664871393
v9,feat_gbm,4.0,42,183,-3.3781224980782834,-3.7858185839721776
v9,feat_gbm,4.0,42,184,0.030361837844519443,0.4440956773301304
v9,feat_gbm,4.0,42,185,-0.3728312400528623,0.5450962365111649
v9,feat_gbm,4.0,42,186,-2.7184695827337872,-3.094441269353033
v9,feat_gbm,4.0,42,187,-0.5290638021580744,1.436275522654785
v9,feat_gbm,4.0,42,188,-0.7096972900117641,-0.003208414280501246
v9,feat_gbm,4.0,42,189,-1.784469286856209,-2.0766448721687736
v9,feat_gbm,4.0,42,190,-2.563074252815599,-2.887011097372245
v9,feat_gbm,4.0,42,191,-0.01597256604015251,-0.19564387773269687
v9,feat_gbm,4.0,42,192,-1.855400019860235,-3.39219136175158
v9,feat_gbm,4.0,42,193,-2.9218866080494657,-4.804455114758695
v9,feat_gbm,4.0,42,194,-2.0593493094119184,-0.23230879418151415
v9,feat_gbm,4.0,42,195,0.8086268785803696,0.7768952289284052
v9,feat_gbm,4.0,42,196,-2.1655666076072277,-3.0758975731441707
v9,feat_gbm,4.0,42,197,1.2616612603042199,1.8852948766094535
v9,feat_gbm,4.0,42,198,0.16352946749216568,-0.07474663349946693
v9,feat_gbm,4.0,42,199,0.5965698308393401,0.9295509098669842
v9,feat_gbm,4.0,42,200,0.09108838196250224,0.40408761039079466
v9,feat_gbm,4.0,42,201,-1.1702938128695357,-1.0185563947000995
v9,feat_gbm,4.0,42,202,-1.0556323261966152,-1.5812541435625456
v9,feat_gbm,4.0,42,203,-0.957395371270227,-2.9269603411540346
v9,feat_gbm,4.0,42,204,0.05566496554413268,-0.9368237022381455
v9,feat_gbm,4.0,42,205,-1.019541782241254,-0.771906247259438
v9,feat_gbm,4.0,42,206,-1.7441703160027133,-1.4457766532498904
v9,feat_gbm,4.0,42,207,-0.8187147998801029,-2.4752738768021185
v9,feat_gbm,4.0,42,208,-1.849350567338977,-2.8789590131308262
v9,feat_gbm,4.0,42,209,-1.3749164869818107,-2.6986856152036793
v9,feat_gbm,4.0,42,210,-0.2834058167391222,0.05837096406180189
v9,feat_gbm,4.0,42,211,-2.5597634102312834,-2.2327070274631113
v9,feat_gbm,4.0,42,212,-0.3048984468025547,0.15758807445032513
v9,feat_gbm,4.0,42,213,0.40790756180598703,0.5234750924970406
v9,feat_gbm,4.0,42,214,0.3127652467580042,0.8312555987922697
v9,feat_gbm,4.0,42,215,-1.2747246741476568,-0.7699972654610447
v9,feat_gbm,4.0,42,216,-2.3380953964108238,-2.4368834827463726
v9,feat_gbm,4.0,42,217,-2.2575255653479744,-3.7421886443248944
v9,feat_gbm,4.0,42,218,-1.9698175525770636,-4.3753265313120195
v9,feat_gbm,4.0,42,219,0.2404100538395327,0.13181597567614448
v9,feat_gbm,4.0,42,220,-2.2663071785679674,-2.150299196146146
v9,feat_gbm,4.0,42,221,-0.67160975861284,0.4316281043505307
v9,feat_gbm,4.0,42,222,0.3894203322472575,0.20581216265343685
v9,feat_gbm,4.0,42,223,-3.09964442955658,-1.7226779576420432
v9,feat_gbm,4.0,42,224,0.14885490297365514,1.0701061526100661
v9,feat_gbm,4.0,42,225,0.3414115054684352,-2.995983076644188
v9,feat_gbm,4.0,42,226,0.026951296304879184,-0.39103048890459524
v9,feat_gbm,4.0,42,227,-1.7318308185317728,-2.811377433191803
v9,feat_gbm,4.0,42,228,-0.07633388791684008,0.1103569248772952
v9,feat_gbm,4.0,42,229,0.6130008071613687,1.0926797996732165
v9,feat_gbm,4.0,42,230,-1.917120306372415,-1.1465469989616057
v9,feat_gbm,4.0,42,231,-4.102906550584297,-3.7045714701961474
v9,feat_gbm,4.0,42,232,-0.41051864226979556,-0.3205795311611984
v9,feat_gbm,4.0,42,233,0.010342230310852355,-0.7282288274356463
v9,feat_gbm,4.0,42,234,0.5364242480466053,-0.6143938277881194
v9,feat_gbm,4.0,42,235,-2.2976590865421995,-3.717493513170671
v9,feat_gbm,4.0,42,236,-1.8262156608298656,-1.894186438607053
v9,feat_gbm,4.0,42,237,0.1441808851129175,0.19101892391720615
v9,feat_gbm,4.0,42,238,-1.1830718896029377,-2.723653519266766
v9,feat_gbm,4.0,42,239,0.19794610312886513,0.28172679866345784
v9,feat_gbm,4.0,42,240,-1.094306718526604,-0.570916259780521
v9,feat_gbm,4.0,42,241,-1.429176364667208,-3.037607674189957
v9,feat_gbm,4.0,42,242,-2.1431547361809344,-2.4824067099880884
v9,feat_gbm,4.0,42,243,0.10041955696313533,1.793244191067856
v9,feat_gbm,4.0,42,244,-2.5983169884635275,-2.170563194223024
v9,feat_gbm,4.0,42,245,-1.9977068228606392,-2.5580286375581696
v9,feat_gbm,4.0,42,246,-3.0292845284567136,-3.9013363177662743
v9,feat_gbm,4.0,42,247,-1.678109096832466,-1.2689211715035387
v9,feat_gbm,4.0,42,248,-2.09534294240219,-2.89795980370705
v9,feat_gbm,4.0,42,249,0.1208227482169424,-1.149470325468549
v9,feat_gbm,4.0,42,250,-2.9666746288221018,-2.1803876537888693
v9,feat_gbm,4.0,42,251,-2.367577559556158,-1.2010659028736028
v9,feat_gbm,4.0,42,252,-2.4419843033695887,-2.675840590612525
v9,feat_gbm,4.0,42,253,-1.4154844236118085,-0.865421424414132
v9,feat_gbm,4.0,42,254,0.4085726706048372,-0.45089388998719687
v9,feat_gbm,4.0,42,255,-1.375959908758788,-1.477655138121315
v9,feat_gbm,4.0,42,256,-1.2994139870282397,-1.9234128661936198
v9,feat_gbm,4.0,42,257,-1.2054700898444808,-0.8895479413744646
v9,feat_gbm,4.0,42,258,-0.8723580941112763,-1.284701881398344
v9,feat_gbm,4.0,42,259,-0.15746230847669035,0.03791276039075724
v9,feat_gbm,4.0,42,260,-0.10214234771067396,-1.213907680807544
v9,feat_gbm,4.0,42,261,-0.1693060617644274,-0.6937064881158975
v9,feat_gbm,4.0,42,262,-2.8666660488542584,-2.500344974429108
v9,feat_gbm,4.0,42,263,-2.8408438530741424,-3.0782877743164985
v9,feat_gbm,4.0,42,264,-3.026312594505768,-3.2702790535172426
v9,feat_gbm,4.0,42,265,-0.2835686688284578,-0.15746453031192983
v9,feat_gbm,4.0,42,266,-1.3687809667611361,-1.3930653126164372
v9,feat_gbm,4.0,42,267,-4.122765133918707,-3.460520174484755
v9,feat_gbm,4.0,42,268,-2.02571087815039,-1.8115923421665279
v9,feat_gbm,4.0,42,269,0.5123574113778974,-0.04785951915829837
v9,feat_gbm,4.0,42,270,-1.991296899715127,-1.3387838926701625
v9,feat_gbm,4.0,42,271,0.5320317929775122,0.6172482925771328
v9,feat_gbm,4.0,42,272,-0.7780624964775333,0.10718580269537517
v9,feat_gbm,4.0,42,273,-1.4745861556927309,-2.4250613993713395
v9,feat_gbm,4.0,42,274,-3.254618168638509,-0.4656136934058211
v9,feat_gbm,4.0,42,275,-2.2873759989485616,-1.7679071058666047
v9,feat_gbm,4.0,42,276,-0.2487982582336042,-0.15192249005847586
v9,feat_gbm,4.0,42,277,-0.5385485041669329,-0.22686658439221394
v9,feat_gbm,4.0,42,278,-2.5511125955084646,-0.3963273628232521
v9,feat_gbm,4.0,42,279,-2.3363678865864683,-2.1916982233579314
v9,feat_gbm,4.0,42,280,-0.8334168760320719,0.5138857123822332
v9,feat_gbm,4.0,42,281,-1.6645601195330093,0.13501120436460418
v9,feat_gbm,4.0,42,282,0.025988084943028306,-0.35232291748203215
v9,feat_gbm,4.0,42,283,0.09596370957797075,0.33710059568630363
v9,feat_gbm,4.0,42,284,0.26778181059684014,2.2269494594330284
v9,feat_gbm,4.0,42,285,-0.9958252883066354,-0.8523290277873723
v9,feat_gbm,4.0,42,286,-0.10342165925384923,0.5032694866056324
v9,feat_gbm,4.0,42,287,-3.620244984782337,-3.0734310124071125
v9,feat_gbm,4.0,42,288,-2.48000469559356,-3.0969464995649485
v9,feat_gbm,4.0,42,289,-0.16906844079622965,0.8088909840914691
v9,feat_gbm,4.0,42,290,-3.3201628055689976,-1.710735902712342
v9,feat_gbm,4.0,42,291,-0.43537672337087635,-0.24588513525180683
v9,feat_gbm,4.0,42,292,-1.9205604490418555,-2.9910915714149957
v9,feat_gbm,4.0,42,293,-0.17699726586725043,0.24397961438558982
v9,feat_gbm,4.0,42,294,0.044723265189376284,0.9827222917401395
v9,feat_gbm,4.0,42,295,0.28342405254709785,1.5399914318848642
v9,feat_gbm,4.0,42,296,-2.3368590891290677,-3.028104854063688
v9,feat_gbm,4.0,42,297,-1.7102767330543716,-1.9675880903276046
v9,feat_gbm,4.0,42,298,0.44446114424181304,0.3882116190950413
v9,feat_gbm,4.0,42,299,-1.4199605375668525,-0.4169590587595381
v9,feat_gbm,4.0,42,300,-0.9857463371601638,-0.47104701624968015
v9,feat_gbm,4.0,42,301,-0.7817328681778591,-0.5788171023402015
v9,feat_gbm,4.0,42,302,-3.551633155298429,-3.325334912618423
v9,feat_gbm,4.0,42,303,-0.07996027863376196,0.27214776974989446
v9,feat_gbm,4.0,42,304,-0.01832233745800814,0.2838761456734127
v9,feat_gbm,4.0,42,305,0.46025891881541475,0.98356576927226
v9,feat_gbm,4.0,42,306,-1.1188111503192182,-2.324804251846344
v9,feat_gbm,4.0,42,307,-0.1259677810846561,-0.30060412365222405
v9,feat_gbm,4.0,42,308,-3.264506932356754,-3.5706943269006843
v9,feat_gbm,4.0,42,309,-1.2133922209226193,0.7657986236992217
v9,feat_gbm,4.0,42,310,-1.3441661823018267,-0.3760212383278314
v9,feat_gbm,4.0,42,311,0.9966412912684792,0.903367601886353
v9,feat_gbm,4.0,42,312,0.1587508809476515,0.2834145554969618
v9,feat_gbm,4.0,42,313,-0.3908957574800166,-0.8750381269167363
v9,feat_gbm,4.0,42,314,-3.179258569589145,-0.8911054934067958
v9,feat_gbm,4.0,42,315,0.005287902694204538,0.2699623908229132
v9,feat_gbm,4.0,42,316,-2.408180182511892,-4.034449774534175
v9,feat_gbm,4.0,42,317,-0.1678124930083502,0.7302045063515665
v9,feat_gbm,4.0,42,318,-2.527819449960024,-2.5264159394565007
v9,feat_gbm,4.0,42,319,-2.4779759566959565,-3.1280680478747835
v9,feat_gbm,4.0,42,320,0.17514520300957623,-0.623194388118803
v9,feat_gbm,4.0,42,321,-2.75978142480964,-4.172922463867305
v9,feat_gbm,4.0,42,322,0.3066904506138997,1.0714029341973417
v9,feat_gbm,4.0,42,323,-2.6104310489256837,-2.5538050374755565
v9,feat_gbm,4.0,42,324,-1.3464298531723693,-1.5310020975326282
v9,feat_gbm,4.0,42,325,-0.12583637461432134,-0.735749980772127
v9,feat_gbm,4.0,42,326,-1.3371243814425346,-0.5010306012352705
v9,feat_gbm,4.0,42,327,-3.2396682788983306,-4.393123087746285
v9,feat_gbm,4.0,42,328,-0.8632458351675156,0.6439364857563509
v9,feat_gbm,4.0,42,329,-1.6240698763569372,-2.60760252445046
v9,feat_gbm,4.0,42,330,0.3407339847278655,0.46983427811083467
v9,feat_gbm,4.0,42,331,-0.7000116510090493,-1.149354435920189
v9,feat_gbm,4.0,42,332,-1.8790153120664166,-1.0961264399974935
v9,feat_gbm,4.0,42,333,0.4242910949865189,1.4253561556633074
v9,feat_gbm,4.0,42,334,0.8364960011710858,1.0406546288822482
v9,feat_gbm,4.0,42,335,-0.5000878086928522,-0.1286217558512718
v9,feat_gbm,4.0,42,336,-1.1938376510537612,-1.7275974260064488
v9,feat_gbm,4.0,42,337,-2.074141114342318,-4.535227665039715
v9,feat_gbm,4.0,42,338,-0.0054673120933406115,-1.078833843619319
v9,feat_gbm,4.0,42,339,-1.6301101824717321,-2.035297396751524
v9,feat_gbm,4.0,42,340,0.012733024943445031,0.4788286932125707
v9,feat_gbm,4.0,42,341,-0.8941693191695661,-0.4595082096564039
v9,feat_gbm,4.0,42,342,-2.86915631076236,-3.653430804591794
v9,feat_gbm,4.0,42,343,0.8994383492261616,0.2834522663037432
v9,feat_gbm,4.0,42,344,0.4929046429877962,-0.15984972455285287
v9,feat_gbm,4.0,42,345,-2.8826910411039,-3.8822970119574354
v9,feat_gbm,4.0,42,346,-2.1087455528801082,-2.5801989990218064
v9,feat_gbm,4.0,42,347,-3.506208591743921,-3.2622630695286134
v9,feat_gbm,4.0,42,348,-1.5117193028164413,-0.4894561152880944
v9,feat_gbm,4.0,42,349,-2.294644709790827,-3.0223552414624764
v9,feat_gbm,4.0,42,350,0.3740877959424435,0.4215072765335228
v9,feat_gbm,4.0,42,351,-2.572022926032914,-1.8152752103400673
v9,feat_gbm,4.0,42,352,0.6959065386117869,1.102263670511441
v9,feat_gbm,4.0,42,353,0.3676204395895701,1.4454852001466738
v9,feat_gbm,4.0,42,354,-2.9287983583802166,-3.6770060333191017
v9,feat_gbm,4.0,42,355,-2.241268086001553,-5.078652858832153
v9,feat_gbm,4.0,42,356,0.04153268529425182,0.7815322159665122
v9,feat_gbm,4.0,42,357,-0.04157302574336459,0.6775133790495483
v9,feat_gbm,4.0,42,358,-2.1326649631092858,-3.5163570325540956
v9,feat_gbm,4.0,42,359,-2.8322545951003004,-4.157760523739404
v9,feat_gbm,4.0,42,360,-0.7764472541899318,-0.18386357284099003
v9,feat_gbm,4.0,42,361,-2.4612022782003824,-4.477383009144865
v9,feat_gbm,4.0,42,362,-0.27324308400657765,0.2909126951240761
v9,feat_gbm,4.0,42,363,-1.3572649116345956,-3.5121531596302606
v9,feat_gbm,4.0,42,364,0.010119898874910325,-0.0019354464452207268
v9,feat_gbm,4.0,42,365,-2.1923716835181732,-3.264666087597375
v9,feat_gbm,4.0,42,366,-1.4582619491546929,-1.4961090632143375
v9,feat_gbm,4.0,42,367,-0.8834886098527983,-0.10305907560987346
v9,feat_gbm,4.0,42,368,-0.9272688896159832,0.24601275195113992
v9,feat_gbm,4.0,42,369,-3.03835163583094,-1.6400355118163064
v9,feat_gbm,4.0,42,370,-0.9045940578370031,-1.5399226532969161
v9,feat_gbm,4.0,42,371,-1.2042261315187357,-0.3336387161155974
v9,feat_gbm,4.0,42,372,-0.6909223866075405,0.3185760540422761
v9,feat_gbm,4.0,42,373,-0.49140187808093316,-0.30756424411789
v9,feat_gbm,4.0,42,374,-3.385591012158699,-3.551435429619069
v9,feat_gbm,4.0,42,375,0.5008516500756434,-0.12846918127015178
v9,feat_gbm,4.0,42,376,0.16681979452737358,0.43413099611324796
v9,feat_gbm,4.0,42,377,0.0042380910449237846,0.8095384731463161
v9,feat_gbm,4.0,42,378,0.20612859735182393,0.20303525329731625
v9,feat_gbm,4.0,42,379,0.12839848301386292,0.524784145223057
v9,feat_gbm,4.0,42,380,-0.16244095747158913,0.8722609808312535
v9,feat_gbm,4.0,42,381,0.14334615050175742,1.0190202163897197
v9,feat_gbm,4.0,42,382,-0.5571407662373086,1.2715191268303472
v9,feat_gbm,4.0,42,383,-1.7224386864959558,-0.13923746667536385
v9,feat_gbm,4.0,42,384,-0.7336622379395168,-1.7983983483294153
v9,feat_gbm,4.0,42,385,-0.5545024975107407,0.5606037150840157
v9,feat_gbm,4.0,42,386,0.5008464890819548,0.6003456151224621
v9,feat_gbm,4.0,42,387,0.7798892506119266,1.3071718981356573
v9,feat_gbm,4.0,42,388,-0.5771315787522231,-0.19457283568776126
v9,feat_gbm,4.0,42,389,-1.573247368518884,-0.981880356960367
v9,feat_gbm,4.0,42,390,-2.7534711757117574,-2.628024059072158
v9,feat_gbm,4.0,42,391,-2.778884685237892,-2.479262758098376
v9,feat_gbm,4.0,42,392,-1.6755478477782895,-2.207941629114672
v9,feat_gbm,4.0,42,393,-2.7155910923053193,-2.806586620215901
v9,feat_gbm,4.0,42,394,-1.9641419410142877,-0.16842623590390868
v9,feat_gbm,4.0,42,395,0.4218176855187345,0.3596423409999632
v9,feat_gbm,4.0,42,396,-1.0904645695965365,-3.117667066362407
v9,feat_gbm,4.0,42,397,0.6795053711248122,0.6134086288650079
v9,feat_gbm,4.0,42,398,0.40202912421614917,0.5049020087080688
v9,feat_gbm,4.0,42,399,-1.556845340020272,-1.0548605918119196
v9,feat_gbm,4.0,42,400,-1.3513232995940894,-2.877676775828332
v9,feat_gbm,4.0,42,401,0.7677535574700746,0.015654415635624343
v9,feat_gbm,4.0,42,402,-0.183408743739984,-0.7027824676465185
v9,feat_gbm,4.0,42,403,-0.031078325642634574,0.6733427913489138
v9,feat_gbm,4.0,42,404,-0.20286439324483782,0.03259550049258387
v9,feat_gbm,4.0,42,405,-3.2446945039023407,-3.4179416205706223
v9,feat_gbm,4.0,42,406,-1.4824678746679618,-1.6563158072976616
v9,feat_gbm,4.0,42,407,-0.4481956338816433,0.3281041495218151
v9,feat_gbm,4.0,42,408,-2.588626345042037,-1.498502430121411
v9,feat_gbm,4.0,42,409,-0.7625254653968405,-1.5390850133499359
v9,feat_gbm,4.0,42,410,-2.6353971560735383,-3.8769914364338094
v9,feat_gbm,4.0,42,411,0.4968593193447999,-1.1093409530974205
v9,feat_gbm,4.0,42,412,-1.6131320537103093,-2.1356441225652167
v9,feat_gbm,4.0,42,413,-0.2204033206901194,0.5613925387002681
v9,feat_gbm,4.0,42,414,-2.176825814974059,-2.672303525149137
v9,feat_gbm,4.0,42,415,0.8548706602400121,0.9887747910888531
v9,feat_gbm,4.0,42,416,-1.900196724975378,-2.064740642123073
v9,feat_gbm,4.0,42,417,-1.613088753829156,-0.13534283366780814
v9,feat_gbm,4.0,42,418,0.15545937422782125,0.5266566940316069
v9,feat_gbm,4.0,42,419,1.1466757383286599,-0.7929716308762645
v9,feat_gbm,4.0,42,420,0.11562134526786001,0.22081989653443584
v9,feat_gbm,4.0,42,421,-3.59141335708446,-3.4911396429773087
v9,feat_gbm,4.0,42,422,-0.33334270171901914,0.4691563032653497
v9,feat_gbm,4.0,42,423,-0.14734288293563974,-0.21242164749251408
v9,feat_gbm,4.0,42,424,-2.6597670845345345,-2.0235730224261497
v9,feat_gbm,4.0,42,425,-0.3845427454954768,0.1881042769243711
v9,feat_gbm,4.0,42,426,-1.048569807055261,-0.7546830882020855
v9,feat_gbm,4.0,42,427,-1.71569185969276,-2.004418163271322
v9,feat_gbm,4.0,42,428,-0.1865999457151585,0.08108350485015015
v9,feat_gbm,4.0,42,429,-1.2183971211038496,-0.8958783842144782
v9,feat_gbm,4.0,42,430,-0.1938598269586535,-0.700178367515834
v9,feat_gbm,4.0,42,431,-3.102930619871009,-2.026447754843476
v9,feat_gbm,4.0,42,432,-1.7149453291337726,-3.3644112924118934
v9,feat_gbm,4.0,42,433,-1.5133350425008067,-2.4777804975332844
v9,feat_gbm,4.0,42,434,-3.0483535428358293,-3.6407879329147783
v9,feat_gbm,4.0,42,435,-0.020347571014701447,0.8140524350977956
v9,feat_gbm,4.0,42,436,-0.10342478022153569,-0.6342245759550225
v9,feat_gbm,4.0,42,437,-0.3053585776860814,-1.0170271575608654
v9,feat_gbm,4.0,42,438,0.12852247631219554,1.2058566336630974
v9,feat_gbm,4.0,42,439,1.0198775382798975,1.04159183954478
v9,feat_gbm,4.0,42,440,-0.6341440301831016,-0.383754051292973
v9,feat_gbm,4.0,42,441,0.23409241840452935,0.9717849563735496
v9,feat_gbm,4.0,42,442,0.2907236855204095,0.915394257773604
v9,feat_gbm,4.0,42,443,0.0385020289960493,0.17619398118278368
v9,feat_gbm,4.0,42,444,-1.6449270811649197,-2.3026142847949007
v9,feat_gbm,4.0,42,445,0.28675478433903073,-2.156995715227189
v9,feat_gbm,4.0,42,446,-2.126971675460111,-1.9647154613855007
v9,feat_gbm,4.0,42,447,-1.0363149867615808,-1.2167428909736953
v9,feat_gbm,4.0,42,448,-0.797678259214028,0.371748058948411
v9,feat_gbm,4.0,42,449,-3.941639902268188,-3.354914600670279
v9,feat_gbm,4.0,42,450,-3.346632828726783,-2.0984010901330774
v9,feat_gbm,4.0,42,451,-2.3410215147978386,-1.8411195968283314
v9,feat_gbm,4.0,42,452,0.7831602857754872,-0.2866386615093297
v9,feat_gbm,4.0,42,453,-0.831949794896305,-2.1769502099219324
v9,feat_gbm,4.0,42,454,-0.11719393569395349,0.851829112076475
v9,feat_gbm,4.0,42,455,0.6780593490315435,-0.5174982843777256
v9,feat_gbm,4.0,42,456,-1.8075004452061783,-3.7883351795095335
v9,feat_gbm,4.0,42,457,-1.5910449783231244,-1.3225504843777425
v9,feat_gbm,4.0,42,458,-0.20223748066842168,-0.6304710111145473
v9,feat_gbm,4.0,42,459,-2.7291382286546573,-2.867776928577639
v9,feat_gbm,4.0,42,460,0.013401452754505619,-0.20106453453544149
v9,feat_gbm,4.0,42,461,0.008088673321657,0.565413433251147
v9,feat_gbm,4.0,42,462,-0.6250365604750837,0.6531860801292728
v9,feat_gbm,4.0,42,463,-1.6113575989729334,-3.295531334571209
v9,feat_gbm,4.0,42,464,-1.4392637596417792,-1.118951529136503
v9,feat_gbm,4.0,42,465,-0.5656539785361405,0.08535922256033004
v9,feat_gbm,4.0,42,466,0.9314719279249543,0.2656879386171551
v9,feat_gbm,4.0,42,467,-0.9405385084631152,-1.0764680911985907
v9,feat_gbm,4.0,42,468,0.4349756135885047,2.2503813782282114
v9,feat_gbm,4.0,42,469,-0.05759849005002136,-0.029700274932011248
v9,feat_gbm,4.0,42,470,-2.0778612958765734,-2.1918010579584375
v9,feat_gbm,4.0,42,471,-1.4415233784425714,-0.12537364897776127
v9,feat_gbm,4.0,42,472,-1.289974990258929,-1.3714574409892777
v9,feat_gbm,4.0,42,473,-1.8758113946207604,-1.0216450817816245
v9,feat_gbm,4.0,42,474,-1.2222527097653533,-0.8313233833759152
v9,feat_gbm,4.0,42,475,-3.0011092360510694,-3.25243582884057
v9,feat_gbm,4.0,42,476,0.23152067901411122,0.8737365575305754
v9,feat_gbm,4.0,42,477,-2.007026986907002,-1.8373017486027088
v9,feat_gbm,4.0,42,478,-1.3075666556379557,-1.909749317133085
v9,feat_gbm,4.0,42,479,-1.7429528852880356,0.418341725137149
v9,feat_gbm,4.0,42,480,-1.2586925414126373,-2.8689304810445995
v9,feat_gbm,4.0,42,481,-2.1110780016076967,-3.9192950012633494
v9,feat_gbm,4.0,42,482,0.531606878505514,0.8191907452202399
v9,feat_gbm,4.0,42,483,-0.8729704798755493,-2.7371748494528005
v9,feat_gbm,4.0,42,484,-0.08043143021469354,0.043868991079412875
v9,feat_gbm,4.0,42,485,-1.778803228198332,-3.9571024828402512
v9,feat_gbm,4.0,42,486,-2.584004807864643,-0.8286091055291892
v9,feat_gbm,4.0,42,487,1.029059822711786,1.1086460137612473
v9,feat_gbm,4.0,42,488,-0.6393476036269431,-1.0899995989348372
v9,feat_gbm,4.0,42,489,-3.1016194606421843,-2.9260181182274523
v9,feat_gbm,4.0,42,490,-2.750886454016465,0.01778898425240747
v9,feat_gbm,4.0,42,491,-0.36202212370261494,-0.388546054063584
v9,feat_gbm,4.0,42,492,-0.750807502088045,-0.8483910406321095
v9,feat_gbm,4.0,42,493,-2.7675636637569827,-2.4855190663855797
v9,feat_gbm,4.0,42,494,-0.12083858123648376,-0.6027729178489412
v9,feat_gbm,4.0,42,495,-0.9515136605638939,-1.5285925057254015
v9,feat_gbm,4.0,42,496,0.15112549288931335,1.0092174422839322
v9,feat_gbm,4.0,42,497,-3.0865406149168266,-2.421052301727873
v9,feat_gbm,4.0,42,498,-2.860567796377074,-3.2283141264699093
v9,feat_gbm,4.0,42,499,-3.136606672943054,-4.907212199848568
v9,feat_gbm,4.0,43,0,-0.02393950563415701,0.03894909458183669
v9,feat_gbm,4.0,43,1,-2.1315211638841314,-2.5052564746229193
v9,feat_gbm,4.0,43,2,-0.050352405143832504,0.6287827851917782
v9,feat_gbm,4.0,43,3,-2.7049167345191476,-3.3447289283878643
v9,feat_gbm,4.0,43,4,0.9406782844441924,0.9694015026406426
v9,feat_gbm,4.0,43,5,-1.873197577789278,-2.4693709778233526
v9,feat_gbm,4.0,43,6,0.12193256551973755,-0.2819211013310965
v9,feat_gbm,4.0,43,7,0.13832123459152484,0.5289578846490461
v9,feat_gbm,4.0,43,8,0.16104853923804216,0.032863622186365654
v9,feat_gbm,4.0,43,9,0.36147352809441513,0.9352707853930591
v9,feat_gbm,4.0,43,10,-1.6826550359542205,-1.5987558134683666
v9,feat_gbm,4.0,43,11,-1.3784140553203381,-3.2678706438993954
v9,feat_gbm,4.0,43,12,-0.6191370668377656,-2.445380546146449
v9,feat_gbm,4.0,43,13,-0.2731462805708949,-0.4471217519653716
v9,feat_gbm,4.0,43,14,-1.8203071092957774,-1.8343062920535937
v9,feat_gbm,4.0,43,15,-3.0081272300484883,-2.278287047942225
v9,feat_gbm,4.0,43,16,-1.4239397109139138,-1.113015507562239
v9,feat_gbm,4.0,43,17,0.1063684057205329,-1.149386040828735
v9,feat_gbm,4.0,43,18,-1.2000366354260268,-0.4541092694382234
v9,feat_gbm,4.0,43,19,-1.6541857984871995,-2.8798658660471284
v9,feat_gbm,4.0,43,20,-2.2911520948074418,-3.281006200299989
v9,feat_gbm,4.0,43,21,-0.40321043057692546,-0.7889402030111288
v9,feat_gbm,4.0,43,22,-1.8862202531211665,-0.48114593055133975
v9,feat_gbm,4.0,43,23,-1.7498070059663091,-2.8038114998165153
v9,feat_gbm,4.0,43,24,-2.179349809828255,-2.6726430450531393
v9,feat_gbm,4.0,43,25,-2.411127694764638,-3.141178249464176
v9,feat_gbm,4.0,43,26,-2.998172816268609,-3.8612362310489847
v9,feat_gbm,4.0,43,27,-2.6963848335179548,-3.085821277369337
v9,feat_gbm,4.0,43,28,-1.153890918253957,-2.1153791712035637
v9,feat_gbm,4.0,43,29,-1.6760510663655497,-0.5854112868629942
v9,feat_gbm,4.0,43,30,-0.15411063203393638,0.13849791927417068
v9,feat_gbm,4.0,43,31,-3.3604649607748556,-2.779654184179668
v9,feat_gbm,4.0,43,32,0.7888080112371949,0.9166392391011026
v9,feat_gbm,4.0,43,33,-1.5589644297092722,-2.134444297962007
v9,feat_gbm,4.0,43,34,0.30058948088290516,1.1224191581864646
v9,feat_gbm,4.0,43,35,-1.4317365165935139,-2.7514680837461087
v9,feat_gbm,4.0,43,36,-0.9036840839316389,0.7493710802437775
v9,feat_gbm,4.0,43,37,-1.879560731331778,-2.157600461660938
v9,feat_gbm,4.0,43,38,-3.7851239769669687,-1.7436371170468024
v9,feat_gbm,4.0,43,39,0.5227753919149751,0.632388610685479
v9,feat_gbm,4.0,43,40,-1.881411356139215,-1.5024753827969588
v9,feat_gbm,4.0,43,41,-2.170971525959333,-2.936018587066778
v9,feat_gbm,4.0,43,42,-0.41267910637806365,-0.06406961406287034
v9,feat_gbm,4.0,43,43,-0.17702514454822593,-0.43711075337934485
v9,feat_gbm,4.0,43,44,-1.1572658592395482,0.521724778538647
v9,feat_gbm,4.0,43,45,0.40603352174801766,-0.02881562555915001
v9,feat_gbm,4.0,43,46,-2.9337385688294626,-2.6856700943784895
v9,feat_gbm,4.0,43,47,-3.0726168100707802,-3.3419513202228783
v9,feat_gbm,4.0,43,48,-0.19285676065906013,-0.35240032436669677
v9,feat_gbm,4.0,43,49,-2.3506881011050758,-4.466027560457086
v9,feat_gbm,4.0,43,50,-0.9862997926835617,-1.2227887404747313
v9,feat_gbm,4.0,43,51,-2.6588657063151206,-4.168130875201601
v9,feat_gbm,4.0,43,52,-2.9259636487632443,-2.1825653069440887
v9,feat_gbm,4.0,43,53,-1.8809961204515857,-2.816977102698189
v9,feat_gbm,4.0,43,54,-0.8275205541183348,-0.9520374156321785
v9,feat_gbm,4.0,43,55,0.8008463505200607,0.800460094219776
v9,feat_gbm,4.0,43,56,0.42395589533568534,0.2782562560211116
v9,feat_gbm,4.0,43,57,-0.05075420149176842,-0.7855200046266205
v9,feat_gbm,4.0,43,58,-2.3125926402608767,-2.837973637743256
v9,feat_gbm,4.0,43,59,-1.53205718931794,0.3653424354755994
v9,feat_gbm,4.0,43,60,-2.9699156158731648,-3.145987746693799
v9,feat_gbm,4.0,43,61,-0.7664438606621512,-2.1381844357326614
v9,feat_gbm,4.0,43,62,-0.869621340458915,0.3908315550690521
v9,feat_gbm,4.0,43,63,-2.8518266593062704,-3.259739876316779
v9,feat_gbm,4.0,43,64,-2.6386331143963058,-3.799325775609258
v9,feat_gbm,4.0,43,65,-1.1282617815094955,0.2842997557356093
v9,feat_gbm,4.0,43,66,0.05276241749159782,0.9099380077885143
v9,feat_gbm,4.0,43,67,0.001781833206394408,0.5741223235018287
v9,feat_gbm,4.0,43,68,0.7406616333499725,1.3807263582335993
v9,feat_gbm,4.0,43,69,-0.2814783971929316,2.7357387204405055
v9,feat_gbm,4.0,43,70,-0.29905309728823143,-0.3782017485149665
v9,feat_gbm,4.0,43,71,-0.0016824695389461046,-0.6946521973220513
v9,feat_gbm,4.0,43,72,-2.853960970454916,-3.510295151868067
v9,feat_gbm,4.0,43,73,0.08158562775889083,-0.3643686170400702
v9,feat_gbm,4.0,43,74,1.564608928637219,1.1835884152793859
v9,feat_gbm,4.0,43,75,-0.145374307624829,-0.38644824542838596
v9,feat_gbm,4.0,43,76,-0.8490578992940198,0.7005004452467647
v9,feat_gbm,4.0,43,77,-2.3887189396133044,0.3770911051312199
v9,feat_gbm,4.0,43,78,-0.06790009863918949,-0.5374783823521183
v9,feat_gbm,4.0,43,79,-2.3353470236958973,-3.2499450611549854
v9,feat_gbm,4.0,43,80,-2.268756830909394,-1.719925172279684
v9,feat_gbm,4.0,43,81,0.20559522303575353,1.8185710395242058
v9,feat_gbm,4.0,43,82,-1.8860327828597088,-1.0758778979961314
v9,feat_gbm,4.0,43,83,0.6050733753734014,-0.8033140510569362
v9,feat_gbm,4.0,43,84,-1.2908927096517733,-2.0837035815006346
v9,feat_gbm,4.0,43,85,-1.323077293615254,-1.2430797823904942
v9,feat_gbm,4.0,43,86,0.7483145393485018,0.639317965424242
v9,feat_gbm,4.0,43,87,-0.9701587533682022,-0.02321591952008587
v9,feat_gbm,4.0,43,88,-1.8696816757811543,-3.512086916650174
v9,feat_gbm,4.0,43,89,-0.676672628369292,-1.684363733317816
v9,feat_gbm,4.0,43,90,-3.6451749649138154,-3.5341996208099964
v9,feat_gbm,4.0,43,91,0.5287851018715857,1.1574629997660548
v9,feat_gbm,4.0,43,92,-1.1324413998010252,-0.7651863719989663
v9,feat_gbm,4.0,43,93,-2.1791603324904014,-5.7708125015304885
v9,feat_gbm,4.0,43,94,-0.04114109740158874,0.07374698385127064
v9,feat_gbm,4.0,43,95,-1.0364327273206544,1.201566413592891
v9,feat_gbm,4.0,43,96,-0.04270439589665922,1.2655480006709303
v9,feat_gbm,4.0,43,97,-3.3285353887654776,-3.2217777708537843
v9,feat_gbm,4.0,43,98,-2.70845917695616,-1.2120387208328698
v9,feat_gbm,4.0,43,99,0.045602344279065184,-0.04015373686183237
v9,feat_gbm,4.0,43,100,-2.07846855791203,-2.8384481914339785
v9,feat_gbm,4.0,43,101,-2.4652810243645935,-3.541068619782685
v9,feat_gbm,4.0,43,102,-3.593625263660845,-4.424727465058162
v9,feat_gbm,4.0,43,103,-1.579661851836722,-0.7652009130347144
v9,feat_gbm,4.0,43,104,-2.2507725463525095,-0.406664655497914
v9,feat_gbm,4.0,43,105,-1.7677592911875355,-2.8019031633754246
v9,feat_gbm,4.0,43,106,-1.5239027210534162,-1.1978192780958505
v9,feat_gbm,4.0,43,107,-1.7298382544867492,-1.2497822804421463
v9,feat_gbm,4.0,43,108,0.11055486085342804,-0.2003702404752673
v9,feat_gbm,4.0,43,109,-1.1474906219839685,-0.28745536208379296
v9,feat_gbm,4.0,43,110,-0.15767535197543753,0.2838469771831524
v9,feat_gbm,4.0,43,111,-0.2429860348035378,0.6579850926301614
v9,feat_gbm,4.0,43,112,0.2120532716149577,-0.4279263804064609
v9,feat_gbm,4.0,43,113,-1.3526742361801674,0.527327823801956
v9,feat_gbm,4.0,43,114,-3.668438274588043,-3.652947895428966
v9,feat_gbm,4.0,43,115,-2.4709277732840538,-0.04287987221360797
v9,feat_gbm,4.0,43,116,-3.070868203196193,-3.4409421360670214
v9,feat_gbm,4.0,43,117,-2.433186426545333,-2.4284095097884006
v9,feat_gbm,4.0,43,118,-2.076846459478318,-1.419217075367618
v9,feat_gbm,4.0,43,119,-2.2303098791435665,-1.4944271796191557
v9,feat_gbm,4.0,43,120,-2.8335905400920973,-2.797137626437216
v9,feat_gbm,4.0,43,121,0.7429222281482234,3.1321125804877905
v9,feat_gbm,4.0,43,122,-2.404587230026301,-3.164895556438051
v9,feat_gbm,4.0,43,123,0.680027542230283,-0.021234684620174846
v9,feat_gbm,4.0,43,124,-0.4732045603571821,-1.246001114532972
v9,feat_gbm,4.0,43,125,-2.981769380009397,-2.7130193085566443
v9,feat_gbm,4.0,43,126,-1.388964857134658,-2.0560780011130944
v9,feat_gbm,4.0,43,127,-1.3499544311379112,-1.631222331554067
v9,feat_gbm,4.0,43,128,-1.74719354540508,-3.477307725783656
v9,feat_gbm,4.0,43,129,0.4763096305123136,1.7007542891568868
v9,feat_gbm,4.0,43,130,-2.0695393865082075,-3.4021624962570822
v9,feat_gbm,4.0,43,131,-2.60503107237928,-3.701149444421242
v9,feat_gbm,4.0,43,132,0.24735904990821664,-0.4116741376471012
v9,feat_gbm,4.0,43,133,-0.16263210371114933,-0.5680375850475197
v9,feat_gbm,4.0,43,134,-1.7348891949334575,-1.4788189923590598
v9,feat_gbm,4.0,43,135,-1.1420512905824323,-2.9896549957503007
v9,feat_gbm,4.0,43,136,-0.012128532383770319,0.11194117436713467
v9,feat_gbm,4.0,43,137,0.32924825066493546,1.7147062893715772
v9,feat_gbm,4.0,43,138,-2.9129815063893534,-1.9709125209383296
v9,feat_gbm,4.0,43,139,-0.06420747823485955,0.19937477723826902
v9,feat_gbm,4.0,43,140,-2.3166072120596497,-2.8223726616431475
v9,feat_gbm,4.0,43,141,-0.31987081921520166,-0.12380828599000025
v9,feat_gbm,4.0,43,142,-2.1511924835249605,-2.97521232911642
v9,feat_gbm,4.0,43,143,-1.923564625381666,-1.9484557479617686
v9,feat_gbm,4.0,43,144,0.5338203860279,1.244093655886106
v9,feat_gbm,4.0,43,145,-3.134943444093917,-2.0280859266176816
v9,feat_gbm,4.0,43,146,-1.5961950843305301,-2.0754073031653366
v9,feat_gbm,4.0,43,147,0.1358656754247806,-0.11331641159387335
v9,feat_gbm,4.0,43,148,-1.6134658253517344,-2.620298039600635
v9,feat_gbm,4.0,43,149,-3.154457213534232,-3.8395532227602396
v9,feat_gbm,4.0,43,150,-1.0166910535736415,-2.149698272240366
v9,feat_gbm,4.0,43,151,-2.0460405819581258,-3.1594376779318036
v9,feat_gbm,4.0,43,152,-1.558003208488822,-2.7712141114581046
v9,feat_gbm,4.0,43,153,-0.47870257386913456,-1.1483368403810985
v9,feat_gbm,4.0,43,154,0.32245994442694614,-1.4700676700115773
v9,feat_gbm,4.0,43,155,0.9829870463769493,1.4088416749712322
v9,feat_gbm,4.0,43,156,-0.2839119929805887,0.7564704220494097
v9,feat_gbm,4.0,43,157,-2.4885767744777234,-1.7148995557963913
v9,feat_gbm,4.0,43,158,-1.3935916672418305,-2.8595355115547196
v9,feat_gbm,4.0,43,159,-1.2124175644126245,-0.9922400520728849
v9,feat_gbm,4.0,43,160,1.4072208164054487,1.8585227307534937
v9,feat_gbm,4.0,43,161,-2.2748575755643468,-2.477654537850602
v9,feat_gbm,4.0,43,162,-0.5083997009371914,-2.993764039868935
v9,feat_gbm,4.0,43,163,-0.6903315445258263,-1.1722671160336509
v9,feat_gbm,4.0,43,164,-1.7820761939169854,-1.6577576086204497
v9,feat_gbm,4.0,43,165,-2.3657059348070737,-2.9770186999323642
v9,feat_gbm,4.0,43,166,-3.539183400822657,-3.2329952824425443
v9,feat_gbm,4.0,43,167,-0.44713731864630585,0.19550508612775644
v9,feat_gbm,4.0,43,168,-0.7374095656893848,-1.2639642813248737
v9,feat_gbm,4.0,43,169,-1.5818009634369719,1.4224064134580066
v9,feat_gbm,4.0,43,170,-2.219993137075013,-1.5303724784706008
v9,feat_gbm,4.0,43,171,0.4380254325187665,0.6086346650572224
v9,feat_gbm,4.0,43,172,0.46310251397290003,-0.052232489626048526
v9,feat_gbm,4.0,43,173,-2.1087038807567717,-0.19074605880313256
v9,feat_gbm,4.0,43,174,-2.1486159880516524,-2.7678232596734214
v9,feat_gbm,4.0,43,175,-2.1668261662715467,-1.6557092188829319
v9,feat_gbm,4.0,43,176,0.23248630307961374,0.12081831439914445
v9,feat_gbm,4.0,43,177,-0.5437085122565309,3.7031714993021168
v9,feat_gbm,4.0,43,178,0.2324903623489355,-0.17761292562564054
v9,feat_gbm,4.0,43,179,-0.005838706957643265,0.2295122735959306
v9,feat_gbm,4.0,43,180,-0.6170422318243932,-1.6401012725318311
v9,feat_gbm,4.0,43,181,-3.0247023184010144,-3.399461101549646
v9,feat_gbm,4.0,43,182,0.09275123689136269,0.5421608664871393
v9,feat_gbm,4.0,43,183,-3.3640431244611886,-3.7858185839721776
v9,feat_gbm,4.0,43,184,0.1268565720882678,0.4440956773301304
v9,feat_gbm,4.0,43,185,-0.2426448499731344,0.5450962365111649
v9,feat_gbm,4.0,43,186,-2.5678047956325836,-3.094441269353033
v9,feat_gbm,4.0,43,187,-0.20738260546350995,1.436275522654785
v9,feat_gbm,4.0,43,188,-0.7264238550201213,-0.003208414280501246
v9,feat_gbm,4.0,43,189,-1.7373129644815817,-2.0766448721687736
v9,feat_gbm,4.0,43,190,-2.55602982298159,-2.887011097372245
v9,feat_gbm,4.0,43,191,-0.1089810377323846,-0.19564387773269687
v9,feat_gbm,4.0,43,192,-2.0695393865082075,-3.39219136175158
v9,feat_gbm,4.0,43,193,-2.897930195946938,-4.804455114758695
v9,feat_gbm,4.0,43,194,-2.151032579640672,-0.23230879418151415
v9,feat_gbm,4.0,43,195,1.0539336114398767,0.7768952289284052
v9,feat_gbm,4.0,43,196,-1.9857480616113796,-3.0758975731441707
v9,feat_gbm,4.0,43,197,1.1701644186203182,1.8852948766094535
v9,feat_gbm,4.0,43,198,-0.27048409559667924,-0.07474663349946693
v9,feat_gbm,4.0,43,199,0.6197973466806382,0.9295509098669842
v9,feat_gbm,4.0,43,200,-0.20287209799486006,0.40408761039079466
v9,feat_gbm,4.0,43,201,-1.05217434415168,-1.0185563947000995
v9,feat_gbm,4.0,43,202,-1.1902345505979852,-1.5812541435625456
v9,feat_gbm,4.0,43,203,-1.1542454848491501,-2.9269603411540346
v9,feat_gbm,4.0,43,204,0.07926745661882906,-0.9368237022381455
v9,feat_gbm,4.0,43,205,-1.153145863216926,-0.771906247259438
v9,feat_gbm,4.0,43,206,-1.7444131934503182,-1.4457766532498904
v9,feat_gbm,4.0,43,207,-0.3051335887953328,-2.4752738768021185
v9,feat_gbm,4.0,43,208,-2.1356261610306158,-2.8789590131308262
v9,feat_gbm,4.0,43,209,-1.64151930854445,-2.6986856152036793
v9,feat_gbm,4.0,43,210,-0.1742386383483474,0.05837096406180189
v9,feat_gbm,4.0,43,211,-2.533287061147458,-2.2327070274631113
v9,feat_gbm,4.0,43,212,-0.0905818371848419,0.15758807445032513
v9,feat_gbm,4.0,43,213,0.3862405311622629,0.5234750924970406
v9,feat_gbm,4.0,43,214,0.6622558428503923,0.8312555987922697
v9,feat_gbm,4.0,43,215,-1.5163649093735276,-0.7699972654610447
v9,feat_gbm,4.0,43,216,-2.2754648928166605,-2.4368834827463726
v9,feat_gbm,4.0,43,217,-2.2354814199651774,-3.7421886443248944
v9,feat_gbm,4.0,43,218,-1.5340315500720307,-4.3753265313120195
v9,feat_gbm,4.0,43,219,0.13232317795337717,0.13181597567614448
v9,feat_gbm,4.0,43,220,-2.297089914295748,-2.150299196146146
v9,feat_gbm,4.0,43,221,-0.6155517278476801,0.4316281043505307
v9,feat_gbm,4.0,43,222,0.3551759263866333,0.20581216265343685
v9,feat_gbm,4.0,43,223,-3.127699906089819,-1.7226779576420432
v9,feat_gbm,4.0,43,224,0.1846553377749971,1.0701061526100661
v9,feat_gbm,4.0,43,225,0.15090387973297983,-2.995983076644188
v9,feat_gbm,4.0,43,226,-0.030256864513626736,-0.39103048890459524
v9,feat_gbm,4.0,43,227,-1.862663253366327,-2.811377433191803
v9,feat_gbm,4.0,43,228,-0.21699505472635186,0.1103569248772952
v9,feat_gbm,4.0,43,229,0.5683755983164344,1.0926797996732165
v9,feat_gbm,4.0,43,230,-1.5371846566727874,-1.1465469989616057
v9,feat_gbm,4.0,43,231,-4.260292956057584,-3.7045714701961474
v9,feat_gbm,4.0,43,232,-0.5120756346107427,-0.3205795311611984
v9,feat_gbm,4.0,43,233,0.2113745594888131,-0.7282288274356463
v9,feat_gbm,4.0,43,234,0.4656550735256888,-0.6143938277881194
v9,feat_gbm,4.0,43,235,-2.2962475400600946,-3.717493513170671
v9,feat_gbm,4.0,43,236,-2.119439466940266,-1.894186438607053
v9,feat_gbm,4.0,43,237,-0.15317942897952783,0.19101892391720615
v9,feat_gbm,4.0,43,238,-1.1103520705086365,-2.723653519266766
v9,feat_gbm,4.0,43,239,0.25451096318957156,0.28172679866345784
v9,feat_gbm,4.0,43,240,-0.9864416648676189,-0.570916259780521
v9,feat_gbm,4.0,43,241,-1.8722009051156279,-3.037607674189957
v9,feat_gbm,4.0,43,242,-2.1312537197380084,-2.4824067099880884
v9,feat_gbm,4.0,43,243,0.04166932864613166,1.793244191067856
v9,feat_gbm,4.0,43,244,-2.4943026155268244,-2.170563194223024
v9,feat_gbm,4.0,43,245,-2.1941777877842252,-2.5580286375581696
v9,feat_gbm,4.0,43,246,-2.74490749319281,-3.9013363177662743
v9,feat_gbm,4.0,43,247,-1.4453714880799922,-1.2689211715035387
v9,feat_gbm,4.0,43,248,-2.1446300259254554,-2.89795980370705
v9,feat_gbm,4.0,43,249,0.0595841764276436,-1.149470325468549
v9,feat_gbm,4.0,43,250,-2.8704588552653703,-2.1803876537888693
v9,feat_gbm,4.0,43,251,-2.2595762442073255,-1.2010659028736028
v9,feat_gbm,4.0,43,252,-2.5290916985507703,-2.675840590612525
v9,feat_gbm,4.0,43,253,-1.4393556526399958,-0.865421424414132
v9,feat_gbm,4.0,43,254,-0.19268958178701687,-0.45089388998719687
v9,feat_gbm,4.0,43,255,-1.1704506888156536,-1.477655138121315
v9,feat_gbm,4.0,43,256,-1.3417985849309808,-1.9234128661936198
v9,feat_gbm,4.0,43,257,-1.2789614333831032,-0.8895479413744646
v9,feat_gbm,4.0,43,258,-0.9028239415710825,-1.284701881398344
v9,feat_gbm,4.0,43,259,-0.19757105107883335,0.03791276039075724
v9,feat_gbm,4.0,43,260,0.059841637218692005,-1.213907680807544
v9,feat_gbm,4.0,43,261,-0.025597944877241104,-0.6937064881158975
v9,feat_gbm,4.0,43,262,-3.0937177809451804,-2.500344974429108
v9,feat_gbm,4.0,43,263,-3.012727330090425,-3.0782877743164985
v9,feat_gbm,4.0,43,264,-2.9671944644797943,-3.2702790535172426
v9,feat_gbm,4.0,43,265,-0.16299302834951562,-0.15746453031192983
v9,feat_gbm,4.0,43,266,-1.5180939060565395,-1.3930653126164372
v9,feat_gbm,4.0,43,267,-4.30287003519457,-3.460520174484755
v9,feat_gbm,4.0,43,268,-1.7984514851686053,-1.8115923421665279
v9,feat_gbm,4.0,43,269,0.560606731889293,-0.04785951915829837
v9,feat_gbm,4.0,43,270,-1.7286850378143717,-1.3387838926701625
v9,feat_gbm,4.0,43,271,0.587912094889619,0.6172482925771328
v9,feat_gbm,4.0,43,272,-0.6465516961822549,0.10718580269537517
v9,feat_gbm,4.0,43,273,-1.3246678594372066,-2.4250613993713395
v9,feat_gbm,4.0,43,274,-3.4784063106239014,-0.4656136934058211
v9,feat_gbm,4.0,43,275,-2.1777892905273455,-1.7679071058666047
v9,feat_gbm,4.0,43,276,-0.03391199378540125,-0.15192249005847586
v9,feat_gbm,4.0,43,277,-0.7238443885102107,-0.22686658439221394
v9,feat_gbm,4.0,43,278,-2.6409109276205047,-0.3963273628232521
v9,feat_gbm,4.0,43,279,-2.424114426734216,-2.1916982233579314
v9,feat_gbm,4.0,43,280,-0.9945240913513821,0.5138857123822332
v9,feat_gbm,4.0,43,281,-1.8184371710449647,0.13501120436460418
v9,feat_gbm,4.0,43,282,0.13712505040140163,-0.35232291748203215
v9,feat_gbm,4.0,43,283,-0.2240693313448284,0.33710059568630363
v9,feat_gbm,4.0,43,284,0.3223032041871185,2.2269494594330284
v9,feat_gbm,4.0,43,285,-0.9821498187554455,-0.8523290277873723
v9,feat_gbm,4.0,43,286,-0.17813759823270808,0.5032694866056324
v9,feat_gbm,4.0,43,287,-3.6856332185307408,-3.0734310124071125
v9,feat_gbm,4.0,43,288,-2.6051285634372534,-3.0969464995649485
v9,feat_gbm,4.0,43,289,-0.10064054778918542,0.8088909840914691
v9,feat_gbm,4.0,43,290,-3.672608149717065,-1.710735902712342
v9,feat_gbm,4.0,43,291,-0.3456021979782878,-0.24588513525180683
v9,feat_gbm,4.0,43,292,-1.7818455093957124,-2.9910915714149957
v9,feat_gbm,4.0,43,293,-0.07910889711317694,0.24397961438558982
v9,feat_gbm,4.0,43,294,0.03628272960667318,0.9827222917401395
v9,feat_gbm,4.0,43,295,0.14884814454646483,1.5399914318848642
v9,feat_gbm,4.0,43,296,-2.46456788739239,-3.028104854063688
v9,feat_gbm,4.0,43,297,-2.059096741187934,-1.9675880903276046
v9,feat_gbm,4.0,43,298,0.03386436618316359,0.3882116190950413
v9,feat_gbm,4.0,43,299,-2.163707690940747,-0.4169590587595381
v9,feat_gbm,4.0,43,300,-1.0949337987219596,-0.47104701624968015
v9,feat_gbm,4.0,43,301,-0.7482766375817478,-0.5788171023402015
v9,feat_gbm,4.0,43,302,-3.5920966302035873,-3.325334912618423
v9,feat_gbm,4.0,43,303,-0.2986592510288773,0.27214776974989446
v9,feat_gbm,4.0,43,304,-0.008131775679109252,0.2838761456734127
v9,feat_gbm,4.0,43,305,0.40670415158699214,0.98356576927226
v9,feat_gbm,4.0,43,306,-1.0569989234477348,-2.324804251846344
v9,feat_gbm,4.0,43,307,-0.20758376378857712,-0.30060412365222405
v9,feat_gbm,4.0,43,308,-3.2259870140027878,-3.5706943269006843
v9,feat_gbm,4.0,43,309,-1.3043202147174457,0.7657986236992217
v9,feat_gbm,4.0,43,310,-1.380306591443606,-0.3760212383278314
v9,feat_gbm,4.0,43,311,0.7168046348658229,0.903367601886353
v9,feat_gbm,4.0,43,312,0.53142600794582,0.2834145554969618
v9,feat_gbm,4.0,43,313,-0.3208743521708132,-0.8750381269167363
v9,feat_gbm,4.0,43,314,-3.268707099335944,-0.8911054934067958
v9,feat_gbm,4.0,43,315,0.1334206429284097,0.2699623908229132
v9,feat_gbm,4.0,43,316,-2.2814621411784386,-4.034449774534175
v9,feat_gbm,4.0,43,317,-0.013366909469269059,0.7302045063515665
v9,feat_gbm,4.0,43,318,-2.5834319936299814,-2.5264159394565007
v9,feat_gbm,4.0,43,319,-2.63685764903473,-3.1280680478747835
v9,feat_gbm,4.0,43,320,0.24305182146210502,-0.623194388118803
v9,feat_gbm,4.0,43,321,-3.048017444191246,-4.172922463867305
v9,feat_gbm,4.0,43,322,0.5258206601661636,1.0714029341973417
v9,feat_gbm,4.0,43,323,-2.589438020386448,-2.5538050374755565
v9,feat_gbm,4.0,43,324,-1.4557550011367952,-1.5310020975326282
v9,feat_gbm,4.0,43,325,0.27139851544247895,-0.735749980772127
v9,feat_gbm,4.0,43,326,-1.0753189370266845,-0.5010306012352705
v9,feat_gbm,4.0,43,327,-3.6146203881074133,-4.393123087746285
v9,feat_gbm,4.0,43,328,-0.7629696868799843,0.6439364857563509
v9,feat_gbm,4.0,43,329,-1.658888134970705,-2.60760252445046
v9,feat_gbm,4.0,43,330,0.14825194511555193,0.46983427811083467
v9,feat_gbm,4.0,43,331,-0.5550695442182729,-1.149354435920189
v9,feat_gbm,4.0,43,332,-1.8175310191738216,-1.0961264399974935
v9,feat_gbm,4.0,43,333,0.5884168626924436,1.4253561556633074
v9,feat_gbm,4.0,43,334,0.7529362541693317,1.0406546288822482
v9,feat_gbm,4.0,43,335,-0.36235762896344587,-0.1286217558512718
v9,feat_gbm,4.0,43,336,-1.283480879915083,-1.7275974260064488
v9,feat_gbm,4.0,43,337,-1.9266316273962023,-4.535227665039715
v9,feat_gbm,4.0,43,338,0.13751005840560176,-1.078833843619319
v9,feat_gbm,4.0,43,339,-1.49667592085465,-2.035297396751524
v9,feat_gbm,4.0,43,340,-0.09426490396575639,0.4788286932125707
v9,feat_gbm,4.0,43,341,-0.9125636135152206,-0.4595082096564039
v9,feat_gbm,4.0,43,342,-2.7869166446327487,-3.653430804591794
v9,feat_gbm,4.0,43,343,0.4687769749442607,0.2834522663037432
v9,feat_gbm,4.0,43,344,0.3002341265828296,-0.15984972455285287
v9,feat_gbm,4.0,43,345,-2.6423316655840816,-3.8822970119574354
v9,feat_gbm,4.0,43,346,-1.922177928240776,-2.5801989990218064
v9,feat_gbm,4.0,43,347,-3.43566971541895,-3.2622630695286134
v9,feat_gbm,4.0,43,348,-1.5836030082120536,-0.4894561152880944
v9,feat_gbm,4.0,43,349,-1.7769642774023697,-3.0223552414624764
v9,feat_gbm,4.0,43,350,0.29103354658903374,0.4215072765335228
v9,feat_gbm,4.0,43,351,-2.6444858809045617,-1.8152752103400673
v9,feat_gbm,4.0,43,352,0.5236931000249322,1.102263670511441
v9,feat_gbm,4.0,43,353,0.4358986372834416,1.4454852001466738
v9,feat_gbm,4.0,43,354,-3.0356450551008503,-3.6770060333191017
v9,feat_gbm,4.0,43,355,-2.3408039568839567,-5.078652858832153
v9,feat_gbm,4.0,43,356,0.2661030036203643,0.7815322159665122
v9,feat_gbm,4.0,43,357,0.08928798657346704,0.6775133790495483
v9,feat_gbm,4.0,43,358,-1.9379402507652537,-3.5163570325540956
v9,feat_gbm,4.0,43,359,-2.873096591971522,-4.157760523739404
v9,feat_gbm,4.0,43,360,-0.6744760877777636,-0.18386357284099003
v9,feat_gbm,4.0,43,361,-2.7971693966246196,-4.477383009144865
v9,feat_gbm,4.0,43,362,-0.10093205473643725,0.2909126951240761
v9,feat_gbm,4.0,43,363,-1.9482257062239468,-3.5121531596302606
v9,feat_gbm,4.0,43,364,-0.10669101242380356,-0.0019354464452207268
v9,feat_gbm,4.0,43,365,-2.677759181176572,-3.264666087597375
v9,feat_gbm,4.0,43,366,-2.092796665241381,-1.4961090632143375
v9,feat_gbm,4.0,43,367,-0.8868857935760149,-0.10305907560987346
v9,feat_gbm,4.0,43,368,-0.7308971523971858,0.24601275195113992
v9,feat_gbm,4.0,43,369,-3.06991734770783,-1.6400355118163064
v9,feat_gbm,4.0,43,370,-0.7257583883897595,-1.5399226532969161
v9,feat_gbm,4.0,43,371,-0.9032888915937707,-0.3336387161155974
v9,feat_gbm,4.0,43,372,-0.8324633050458162,0.3185760540422761
v9,feat_gbm,4.0,43,373,-0.5392847969949301,-0.30756424411789
v9,feat_gbm,4.0,43,374,-2.9783615022113676,-3.551435429619069
v9,feat_gbm,4.0,43,375,0.603777142707067,-0.12846918127015178
v9,feat_gbm,4.0,43,376,0.10568171445896249,0.43413099611324796
v9,feat_gbm,4.0,43,377,0.07284564861976442,0.8095384731463161
v9,feat_gbm,4.0,43,378,0.20213374819029561,0.20303525329731625
v9,feat_gbm,4.0,43,379,0.222996317110284,0.524784145223057
v9,feat_gbm,4.0,43,380,-0.1011813566522806,0.8722609808312535
v9,feat_gbm,4.0,43,381,0.5829322694850435,1.0190202163897197
v9,feat_gbm,4.0,43,382,-0.26319125767331814,1.2715191268303472
v9,feat_gbm,4.0,43,383,-1.3633296817890672,-0.13923746667536385
v9,feat_gbm,4.0,43,384,-0.6460497442973094,-1.7983983483294153
v9,feat_gbm,4.0,43,385,-0.303870494984899,0.5606037150840157
v9,feat_gbm,4.0,43,386,0.65905658516683,0.6003456151224621
v9,feat_gbm,4.0,43,387,0.42801626573711443,1.3071718981356573
v9,feat_gbm,4.0,43,388,-0.791447728929148,-0.19457283568776126
v9,feat_gbm,4.0,43,389,-1.7859225659876086,-0.981880356960367
v9,feat_gbm,4.0,43,390,-3.0193494453106684,-2.628024059072158
v9,feat_gbm,4.0,43,391,-2.555633454014304,-2.479262758098376
v9,feat_gbm,4.0,43,392,-1.4716818005491867,-2.207941629114672
v9,feat_gbm,4.0,43,393,-2.6864878084564316,-2.806586620215901
v9,feat_gbm,4.0,43,394,-1.7769335099594865,-0.16842623590390868
v9,feat_gbm,4.0,43,395,0.39275516235674524,0.3596423409999632
v9,feat_gbm,4.0,43,396,-1.2500492342555047,-3.117667066362407
v9,feat_gbm,4.0,43,397,0.5757994457306775,0.6134086288650079
v9,feat_gbm,4.0,43,398,0.4051018567404214,0.5049020087080688
v9,feat_gbm,4.0,43,399,-1.8322852369368214,-1.0548605918119196
v9,feat_gbm,4.0,43,400,-1.4850722836112786,-2.877676775828332
v9,feat_gbm,4.0,43,401,0.598926731607707,0.015654415635624343
v9,feat_gbm,4.0,43,402,0.059886016942409574,-0.7027824676465185
v9,feat_gbm,4.0,43,403,-0.022933327448042162,0.6733427913489138
v9,feat_gbm,4.0,43,404,-0.3566710484336833,0.03259550049258387
v9,feat_gbm,4.0,43,405,-3.0835144781677344,-3.4179416205706223
v9,feat_gbm,4.0,43,406,-1.5706936755339065,-1.6563158072976616
v9,feat_gbm,4.0,43,407,-0.08349756144138769,0.3281041495218151
v9,feat_gbm,4.0,43,408,-2.878730648127251,-1.498502430121411
v9,feat_gbm,4.0,43,409,-1.0477107593834032,-1.5390850133499359
v9,feat_gbm,4.0,43,410,-2.8455234541505177,-3.8769914364338094
v9,feat_gbm,4.0,43,411,0.3965267926815819,-1.1093409530974205
v9,feat_gbm,4.0,43,412,-1.5320135607041716,-2.1356441225652167
v9,feat_gbm,4.0,43,413,0.04247255186261398,0.5613925387002681
v9,feat_gbm,4.0,43,414,-2.2392422084730503,-2.672303525149137
v9,feat_gbm,4.0,43,415,0.9740176743615321,0.9887747910888531
v9,feat_gbm,4.0,43,416,-1.8511344169183297,-2.064740642123073
v9,feat_gbm,4.0,43,417,-1.600968020966881,-0.13534283366780814
v9,feat_gbm,4.0,43,418,-0.08854890305407052,0.5266566940316069
v9,feat_gbm,4.0,43,419,0.8086410860178976,-0.7929716308762645
v9,feat_gbm,4.0,43,420,-0.061522424349224114,0.22081989653443584
v9,feat_gbm,4.0,43,421,-3.758937014153298,-3.4911396429773087
v9,feat_gbm,4.0,43,422,-0.2035259629594796,0.4691563032653497
v9,feat_gbm,4.0,43,423,-0.1587208399990492,-0.21242164749251408
v9,feat_gbm,4.0,43,424,-2.598100205689202,-2.0235730224261497
v9,feat_gbm,4.0,43,425,-0.3302451115366768,0.1881042769243711
v9,feat_gbm,4.0,43,426,-0.6374487701957464,-0.7546830882020855
v9,feat_gbm,4.0,43,427,-1.5109711527010603,-2.004418163271322
v9,feat_gbm,4.0,43,428,0.024137221936500933,0.08108350485015015
v9,feat_gbm,4.0,43,429,-1.2472728313239383,-0.8958783842144782
v9,feat_gbm,4.0,43,430,0.01634546731989655,-0.700178367515834
v9,feat_gbm,4.0,43,431,-3.037774093618578,-2.026447754843476
v9,feat_gbm,4.0,43,432,-1.9502814440227167,-3.3644112924118934
v9,feat_gbm,4.0,43,433,-1.2660604979139565,-2.4777804975332844
v9,feat_gbm,4.0,43,434,-2.8369024052541536,-3.6407879329147783
v9,feat_gbm,4.0,43,435,-0.15604926692657292,0.8140524350977956
v9,feat_gbm,4.0,43,436,0.02094198205810682,-0.6342245759550225
v9,feat_gbm,4.0,43,437,0.023566984209207623,-1.0170271575608654
v9,feat_gbm,4.0,43,438,0.12380374063219457,1.2058566336630974
v9,feat_gbm,4.0,43,439,1.0708108461894454,1.04159183954478
v9,feat_gbm,4.0,43,440,-0.6857092837225088,-0.383754051292973
v9,feat_gbm,4.0,43,441,0.6858343648548518,0.9717849563735496
v9,feat_gbm,4.0,43,442,0.23823259101718372,0.915394257773604
v9,feat_gbm,4.0,43,443,0.10597725514317169,0.17619398118278368
v9,feat_gbm,4.0,43,444,-1.731814460317962,-2.3026142847949007
v9,feat_gbm,4.0,43,445,0.009596970811112618,-2.156995715227189
v9,feat_gbm,4.0,43,446,-1.912784731140889,-1.9647154613855007
v9,feat_gbm,4.0,43,447,-1.0563127807948391,-1.2167428909736953
v9,feat_gbm,4.0,43,448,-0.7430981932087094,0.371748058948411
v9,feat_gbm,4.0,43,449,-3.7048878903308675,-3.354914600670279
v9,feat_gbm,4.0,43,450,-3.505091150251578,-2.0984010901330774
v9,feat_gbm,4.0,43,451,-2.4918139102377515,-1.8411195968283314
v9,feat_gbm,4.0,43,452,0.6122187012983454,-0.2866386615093297
v9,feat_gbm,4.0,43,453,-0.8844892148646544,-2.1769502099219324
v9,feat_gbm,4.0,43,454,-0.16043273432441835,0.851829112076475
v9,feat_gbm,4.0,43,455,0.8311016565404871,-0.5174982843777256
v9,feat_gbm,4.0,43,456,-1.9110112957781626,-3.7883351795095335
v9,feat_gbm,4.0,43,457,-1.5540842397599044,-1.3225504843777425
v9,feat_gbm,4.0,43,458,0.02088902048012662,-0.6304710111145473
v9,feat_gbm,4.0,43,459,-3.022169796730567,-2.867776928577639
v9,feat_gbm,4.0,43,460,0.18651027639572368,-0.20106453453544149
v9,feat_gbm,4.0,43,461,0.02878128675368647,0.565413433251147
v9,feat_gbm,4.0,43,462,-0.7246085631724976,0.6531860801292728
v9,feat_gbm,4.0,43,463,-2.000218286419168,-3.295531334571209
v9,feat_gbm,4.0,43,464,-1.5233442722680917,-1.118951529136503
v9,feat_gbm,4.0,43,465,-0.9885560069757557,0.08535922256033004
v9,feat_gbm,4.0,43,466,1.1061854468342522,0.2656879386171551
v9,feat_gbm,4.0,43,467,-0.6922780791132417,-1.0764680911985907
v9,feat_gbm,4.0,43,468,0.34274390552133416,2.2503813782282114
v9,feat_gbm,4.0,43,469,0.26107574112986903,-0.029700274932011248
v9,feat_gbm,4.0,43,470,-2.287044990118481,-2.1918010579584375
v9,feat_gbm,4.0,43,471,-1.5565329121742866,-0.12537364897776127
v9,feat_gbm,4.0,43,472,-1.2897212856540623,-1.3714574409892777
v9,feat_gbm,4.0,43,473,-2.3365755660716463,-1.0216450817816245
v9,feat_gbm,4.0,43,474,-1.2573979667731652,-0.8313233833759152
v9,feat_gbm,4.0,43,475,-3.045617381098869,-3.25243582884057
v9,feat_gbm,4.0,43,476,0.0010274904309022332,0.8737365575305754
v9,feat_gbm,4.0,43,477,-2.003907895456844,-1.8373017486027088
v9,feat_gbm,4.0,43,478,-1.6112882308739065,-1.909749317133085
v9,feat_gbm,4.0,43,479,-1.882787314543069,0.418341725137149
v9,feat_gbm,4.0,43,480,-1.2757499260211917,-2.8689304810445995
v9,feat_gbm,4.0,43,481,-2.244674779777768,-3.9192950012633494
v9,feat_gbm,4.0,43,482,0.46149215882452505,0.8191907452202399
v9,feat_gbm,4.0,43,483,-0.9652853724111381,-2.7371748494528005
v9,feat_gbm,4.0,43,484,0.14882406839317905,0.043868991079412875
v9,feat_gbm,4.0,43,485,-1.9217998910055942,-3.9571024828402512
v9,feat_gbm,4.0,43,486,-2.5469530580320705,-0.8286091055291892
v9,feat_gbm,4.0,43,487,1.0450673948406206,1.1086460137612473
v9,feat_gbm,4.0,43,488,-0.6025595411846921,-1.0899995989348372
v9,feat_gbm,4.0,43,489,-2.9496827924727214,-2.9260181182274523
v9,feat_gbm,4.0,43,490,-2.8101335849872204,0.01778898425240747
v9,feat_gbm,4.0,43,491,-0.24851784963046208,-0.388546054063584
v9,feat_gbm,4.0,43,492,-0.7793753946185432,-0.8483910406321095
v9,feat_gbm,4.0,43,493,-2.8306543771468657,-2.4855190663855797
v9,feat_gbm,4.0,43,494,-0.12572744275592196,-0.6027729178489412
v9,feat_gbm,4.0,43,495,-0.8321652108483958,-1.5285925057254015
v9,feat_gbm,4.0,43,496,0.09816669236742553,1.0092174422839322
v9,feat_gbm,4.0,43,497,-2.924401886564192,-2.421052301727873
v9,feat_gbm,4.0,43,498,-2.623292848382989,-3.2283141264699093
v9,feat_gbm,4.0,43,499,-3.318022369068301,-4.907212199848568
v9,feat_gbm,4.0,44,0,-0.17915890285879263,0.03894909458183669
v9,feat_gbm,4.0,44,1,-1.9464615102244862,-2.5052564746229193
v9,feat_gbm,4.0,44,2,-0.6459512463325829,0.6287827851917782
v9,feat_gbm,4.0,44,3,-2.9619495277231813,-3.3447289283878643
v9,feat_gbm,4.0,44,4,0.9721301753607685,0.9694015026406426
v9,feat_gbm,4.0,44,5,-1.743883510748376,-2.4693709778233526
v9,feat_gbm,4.0,44,6,0.014981421065010176,-0.2819211013310965
v9,feat_gbm,4.0,44,7,0.1121824943990199,0.5289578846490461
v9,feat_gbm,4.0,44,8,0.5138493796793084,0.032863622186365654
v9,feat_gbm,4.0,44,9,0.5431752687336868,0.9352707853930591
v9,feat_gbm,4.0,44,10,-1.815085452613831,-1.5987558134683666
v9,feat_gbm,4.0,44,11,-1.4935820137865021,-3.2678706438993954
v9,feat_gbm,4.0,44,12,-0.6158707597347597,-2.445380546146449
v9,feat_gbm,4.0,44,13,-0.6812708336928428,-0.4471217519653716
v9,feat_gbm,4.0,44,14,-1.6039432580194906,-1.8343062920535937
v9,feat_gbm,4.0,44,15,-2.757348368942163,-2.278287047942225
v9,feat_gbm,4.0,44,16,-1.015288291591405,-1.113015507562239
v9,feat_gbm,4.0,44,17,0.3185016348750229,-1.149386040828735
v9,feat_gbm,4.0,44,18,-0.5214305933569774,-0.4541092694382234
v9,feat_gbm,4.0,44,19,-1.9996171071618696,-2.8798658660471284
v9,feat_gbm,4.0,44,20,-2.2205714074792784,-3.281006200299989
v9,feat_gbm,4.0,44,21,-0.545623110344822,-0.7889402030111288
v9,feat_gbm,4.0,44,22,-1.8184720374173016,-0.48114593055133975
v9,feat_gbm,4.0,44,23,-1.7343638083279636,-2.8038114998165153
v9,feat_gbm,4.0,44,24,-2.2296636548577573,-2.6726430450531393
v9,feat_gbm,4.0,44,25,-1.9890748204276578,-3.141178249464176
v9,feat_gbm,4.0,44,26,-3.0102432914450588,-3.8612362310489847
v9,feat_gbm,4.0,44,27,-2.347280240512092,-3.085821277369337
v9,feat_gbm,4.0,44,28,-1.0650532238910302,-2.1153791712035637
v9,feat_gbm,4.0,44,29,-1.2982614730107438,-0.5854112868629942
v9,feat_gbm,4.0,44,30,0.04271690143552889,0.13849791927417068
v9,feat_gbm,4.0,44,31,-3.5413063532108198,-2.779654184179668
v9,feat_gbm,4.0,44,32,0.7558451018128353,0.9166392391011026
v9,feat_gbm,4.0,44,33,-1.2840902764950806,-2.134444297962007
v9,feat_gbm,4.0,44,34,0.33986025500457506,1.1224191581864646
v9,feat_gbm,4.0,44,35,-1.3285466370897066,-2.7514680837461087
v9,feat_gbm,4.0,44,36,-0.42815549136393927,0.7493710802437775
v9,feat_gbm,4.0,44,37,-1.7937070822320198,-2.157600461660938
v9,feat_gbm,4.0,44,38,-3.4509521647630375,-1.7436371170468024
v9,feat_gbm,4.0,44,39,0.33142729982447694,0.632388610685479
v9,feat_gbm,4.0,44,40,-1.8670898340415858,-1.5024753827969588
v9,feat_gbm,4.0,44,41,-2.0803652811486284,-2.936018587066778
v9,feat_gbm,4.0,44,42,-0.37091443362826204,-0.06406961406287034
v9,feat_gbm,4.0,44,43,-0.5048748486197039,-0.43711075337934485
v9,feat_gbm,4.0,44,44,-0.368223952168315,0.521724778538647
v9,feat_gbm,4.0,44,45,0.5779735709626513,-0.02881562555915001
v9,feat_gbm,4.0,44,46,-2.901868519708193,-2.6856700943784895
v9,feat_gbm,4.0,44,47,-2.9395056215788364,-3.3419513202228783
v9,feat_gbm,4.0,44,48,-0.17397843270989902,-0.35240032436669677
v9,feat_gbm,4.0,44,49,-2.4786320478392287,-4.466027560457086
v9,feat_gbm,4.0,44,50,-0.9257959038200348,-1.2227887404747313
v9,feat_gbm,4.0,44,51,-2.2856476366185023,-4.168130875201601
v9,feat_gbm,4.0,44,52,-3.050486377513235,-2.1825653069440887
v9,feat_gbm,4.0,44,53,-0.43541500689508156,-2.816977102698189
v9,feat_gbm,4.0,44,54,-0.8661657683418205,-0.9520374156321785
v9,feat_gbm,4.0,44,55,0.9729061339959959,0.800460094219776
v9,feat_gbm,4.0,44,56,0.16181473238528338,0.2782562560211116
v9,feat_gbm,4.0,44,57,-0.15511593180725905,-0.7855200046266205
v9,feat_gbm,4.0,44,58,-2.2472161480682775,-2.837973637743256
v9,feat_gbm,4.0,44,59,-1.3215389653974812,0.3653424354755994
v9,feat_gbm,4.0,44,60,-1.7682595483050252,-3.145987746693799
v9,feat_gbm,4.0,44,61,-1.0238738940094745,-2.1381844357326614
v9,feat_gbm,4.0,44,62,-0.711765002507292,0.3908315550690521
v9,feat_gbm,4.0,44,63,-2.7205093022589124,-3.259739876316779
v9,feat_gbm,4.0,44,64,-2.812912655737798,-3.799325775609258
v9,feat_gbm,4.0,44,65,-1.0182055332073765,0.2842997557356093
v9,feat_gbm,4.0,44,66,0.5532276013908926,0.9099380077885143
v9,feat_gbm,4.0,44,67,0.2762337444677556,0.5741223235018287
v9,feat_gbm,4.0,44,68,0.7067452860177323,1.3807263582335993
v9,feat_gbm,4.0,44,69,-0.3867631369356488,2.7357387204405055
v9,feat_gbm,4.0,44,70,-0.14079243183050585,-0.3782017485149665
v9,feat_gbm,4.0,44,71,0.41739443706692547,-0.6946521973220513
v9,feat_gbm,4.0,44,72,-2.613774874431184,-3.510295151868067
v9,feat_gbm,4.0,44,73,0.11297626144513773,-0.3643686170400702
v9,feat_gbm,4.0,44,74,1.2275215944642413,1.1835884152793859
v9,feat_gbm,4.0,44,75,-0.0797033223728021,-0.38644824542838596
v9,feat_gbm,4.0,44,76,-0.6278821007752379,0.7005004452467647
v9,feat_gbm,4.0,44,77,-2.107591500959907,0.3770911051312199
v9,feat_gbm,4.0,44,78,-0.13867748875227429,-0.5374783823521183
v9,feat_gbm,4.0,44,79,-1.990520138296592,-3.2499450611549854
v9,feat_gbm,4.0,44,80,-2.321197325115491,-1.719925172279684
v9,feat_gbm,4.0,44,81,0.25757905430325123,1.8185710395242058
v9,feat_gbm,4.0,44,82,-0.7997392168700833,-1.0758778979961314
v9,feat_gbm,4.0,44,83,0.3834288550400389,-0.8033140510569362
v9,feat_gbm,4.0,44,84,-1.7134614632969847,-2.0837035815006346
v9,feat_gbm,4.0,44,85,-1.2077431778784076,-1.2430797823904942
v9,feat_gbm,4.0,44,86,0.25172383895860934,0.639317965424242
v9,feat_gbm,4.0,44,87,-1.000337197778454,-0.02321591952008587
v9,feat_gbm,4.0,44,88,-2.0760420906611468,-3.512086916650174
v9,feat_gbm,4.0,44,89,-0.5973050815843961,-1.684363733317816
v9,feat_gbm,4.0,44,90,-3.48344834914009,-3.5341996208099964
v9,feat_gbm,4.0,44,91,0.803291545340021,1.1574629997660548
v9,feat_gbm,4.0,44,92,-0.9919043502602389,-0.7651863719989663
v9,feat_gbm,4.0,44,93,-3.1227064555067887,-5.7708125015304885
v9,feat_gbm,4.0,44,94,0.17439032980909247,0.07374698385127064
v9,feat_gbm,4.0,44,95,-1.193696904240277,1.201566413592891
v9,feat_gbm,4.0,44,96,0.30222324545862034,1.2655480006709303
v9,feat_gbm,4.0,44,97,-3.3070550922035733,-3.2217777708537843
v9,feat_gbm,4.0,44,98,-2.571724564614706,-1.2120387208328698
v9,feat_gbm,4.0,44,99,-0.17518509355623607,-0.04015373686183237
v9,feat_gbm,4.0,44,100,-1.897969299169243,-2.8384481914339785
v9,feat_gbm,4.0,44,101,-2.5268909188395736,-3.541068619782685
v9,feat_gbm,4.0,44,102,-3.647031037685015,-4.424727465058162
v9,feat_gbm,4.0,44,103,-1.46643859797252,-0.7652009130347144
v9,feat_gbm,4.0,44,104,-2.2459340311609113,-0.406664655497914
v9,feat_gbm,4.0,44,105,-1.702015296467224,-2.8019031633754246
v9,feat_gbm,4.0,44,106,-1.2995298483453526,-1.1978192780958505
v9,feat_gbm,4.0,44,107,-1.7128880723375381,-1.2497822804421463
v9,feat_gbm,4.0,44,108,0.00814157757641948,-0.2003702404752673
v9,feat_gbm,4.0,44,109,-1.1760656435583567,-0.28745536208379296
v9,feat_gbm,4.0,44,110,-0.0847342711976451,0.2838469771831524
v9,feat_gbm,4.0,44,111,-0.16930779471145513,0.6579850926301614
v9,feat_gbm,4.0,44,112,0.2889235417359974,-0.4279263804064609
v9,feat_gbm,4.0,44,113,-0.9657108499660131,0.527327823801956
v9,feat_gbm,4.0,44,114,-3.7317999669544464,-3.652947895428966
v9,feat_gbm,4.0,44,115,-2.145853171242278,-0.04287987221360797
v9,feat_gbm,4.0,44,116,-3.2701389790604494,-3.4409421360670214
v9,feat_gbm,4.0,44,117,-2.2622102693641732,-2.4284095097884006
v9,feat_gbm,4.0,44,118,-1.9655495866906356,-1.419217075367618
v9,feat_gbm,4.0,44,119,-1.879738401354217,-1.4944271796191557
v9,feat_gbm,4.0,44,120,-2.4656045758905734,-2.797137626437216
v9,feat_gbm,4.0,44,121,0.7641775403103258,3.1321125804877905
v9,feat_gbm,4.0,44,122,-2.497217558432011,-3.164895556438051
v9,feat_gbm,4.0,44,123,0.3033121192870908,-0.021234684620174846
v9,feat_gbm,4.0,44,124,-0.0657000166692483,-1.246001114532972
v9,feat_gbm,4.0,44,125,-2.9995284452713697,-2.7130193085566443
v9,feat_gbm,4.0,44,126,-1.5868067538238975,-2.0560780011130944
v9,feat_gbm,4.0,44,127,-1.4283410749770111,-1.631222331554067
v9,feat_gbm,4.0,44,128,-1.7312068018787026,-3.477307725783656
v9,feat_gbm,4.0,44,129,0.25195367947660996,1.7007542891568868
v9,feat_gbm,4.0,44,130,-1.0045803526017631,-3.4021624962570822
v9,feat_gbm,4.0,44,131,-2.8419003697298146,-3.701149444421242
v9,feat_gbm,4.0,44,132,0.2237714816907891,-0.4116741376471012
v9,feat_gbm,4.0,44,133,0.04582041489798202,-0.5680375850475197
v9,feat_gbm,4.0,44,134,-1.619129625132361,-1.4788189923590598
v9,feat_gbm,4.0,44,135,-0.8763947916216661,-2.9896549957503007
v9,feat_gbm,4.0,44,136,0.04387295742468507,0.11194117436713467
v9,feat_gbm,4.0,44,137,0.48670759735863955,1.7147062893715772
v9,feat_gbm,4.0,44,138,-3.001207691152949,-1.9709125209383296
v9,feat_gbm,4.0,44,139,-0.2633303250651754,0.19937477723826902
v9,feat_gbm,4.0,44,140,-2.192010307936873,-2.8223726616431475
v9,feat_gbm,4.0,44,141,-0.3005687128824377,-0.12380828599000025
v9,feat_gbm,4.0,44,142,-2.143706948460449,-2.97521232911642
v9,feat_gbm,4.0,44,143,-2.096946561181792,-1.9484557479617686
v9,feat_gbm,4.0,44,144,0.6594516803715262,1.244093655886106
v9,feat_gbm,4.0,44,145,-3.2214520283917287,-2.0280859266176816
v9,feat_gbm,4.0,44,146,-1.2664896552548603,-2.0754073031653366
v9,feat_gbm,4.0,44,147,-0.19880295232972492,-0.11331641159387335
v9,feat_gbm,4.0,44,148,-1.7618949072395118,-2.620298039600635
v9,feat_gbm,4.0,44,149,-2.995341499329801,-3.8395532227602396
v9,feat_gbm,4.0,44,150,-1.164197026550551,-2.149698272240366
v9,feat_gbm,4.0,44,151,-2.1042270979992526,-3.1594376779318036
v9,feat_gbm,4.0,44,152,-1.5624870811467586,-2.7712141114581046
v9,feat_gbm,4.0,44,153,-0.847389710558069,-1.1483368403810985
v9,feat_gbm,4.0,44,154,0.16333169235269432,-1.4700676700115773
v9,feat_gbm,4.0,44,155,1.3978911042372801,1.4088416749712322
v9,feat_gbm,4.0,44,156,-0.514936463647042,0.7564704220494097
v9,feat_gbm,4.0,44,157,-2.3709325088749145,-1.7148995557963913
v9,feat_gbm,4.0,44,158,-1.687471036848024,-2.8595355115547196
v9,feat_gbm,4.0,44,159,-2.0759989458060972,-0.9922400520728849
v9,feat_gbm,4.0,44,160,0.9540569721224702,1.8585227307534937
v9,feat_gbm,4.0,44,161,-2.1821031219335705,-2.477654537850602
v9,feat_gbm,4.0,44,162,-0.4493553993759557,-2.993764039868935
v9,feat_gbm,4.0,44,163,-0.7948572567320414,-1.1722671160336509
v9,feat_gbm,4.0,44,164,-1.6949887914502775,-1.6577576086204497
v9,feat_gbm,4.0,44,165,-2.300357743292756,-2.9770186999323642
v9,feat_gbm,4.0,44,166,-3.3136169952829673,-3.2329952824425443
v9,feat_gbm,4.0,44,167,-0.6508118445246627,0.19550508612775644
v9,feat_gbm,4.0,44,168,-0.6870918139696687,-1.2639642813248737
v9,feat_gbm,4.0,44,169,-1.036476908096602,1.4224064134580066
v9,feat_gbm,4.0,44,170,-2.1897658622460643,-1.5303724784706008
v9,feat_gbm,4.0,44,171,0.6300743723959624,0.6086346650572224
v9,feat_gbm,4.0,44,172,0.22293518963376913,-0.052232489626048526
v9,feat_gbm,4.0,44,173,-2.287143987430327,-0.19074605880313256
v9,feat_gbm,4.0,44,174,-2.3486399961360998,-2.7678232596734214
v9,feat_gbm,4.0,44,175,-2.033938115847279,-1.6557092188829319
v9,feat_gbm,4.0,44,176,0.4236031886728112,0.12081831439914445
v9,feat_gbm,4.0,44,177,-0.7402056374393342,3.7031714993021168
v9,feat_gbm,4.0,44,178,0.6658991402378461,-0.17761292562564054
v9,feat_gbm,4.0,44,179,-0.22054876357278688,0.2295122735959306
v9,feat_gbm,4.0,44,180,-1.34654560036896,-1.6401012725318311
v9,feat_gbm,4.0,44,181,-3.1129817650854745,-3.399461101549646
v9,feat_gbm,4.0,44,182,0.6238489919427891,0.5421608664871393
v9,feat_gbm,4.0,44,183,-3.4742096898627906,-3.7858185839721776
v9,feat_gbm,4.0,44,184,0.05187537377472373,0.4440956773301304
v9,feat_gbm,4.0,44,185,-0.5367429601342255,0.5450962365111649
v9,feat_gbm,4.0,44,186,-2.7587698062358084,-3.094441269353033
v9,feat_gbm,4.0,44,187,-0.2448934170787791,1.436275522654785
v9,feat_gbm,4.0,44,188,-0.816580605146051,-0.003208414280501246
v9,feat_gbm,4.0,44,189,-1.7577269519182628,-2.0766448721687736
v9,feat_gbm,4.0,44,190,-2.378243156144934,-2.887011097372245
v9,feat_gbm,4.0,44,191,-0.05926567112412838,-0.19564387773269687
v9,feat_gbm,4.0,44,192,-1.307685759726284,-3.39219136175158
v9,feat_gbm,4.0,44,193,-3.1028052969553985,-4.804455114758695
v9,feat_gbm,4.0,44,194,-1.6879507218630407,-0.23230879418151415
v9,feat_gbm,4.0,44,195,0.9964660724454988,0.7768952289284052
v9,feat_gbm,4.0,44,196,-2.5985915305066274,-3.0758975731441707
v9,feat_gbm,4.0,44,197,1.1466502033063983,1.8852948766094535
v9,feat_gbm,4.0,44,198,-0.041546973507201324,-0.07474663349946693
v9,feat_gbm,4.0,44,199,0.5277694381415051,0.9295509098669842
v9,feat_gbm,4.0,44,200,-0.09034573894354479,0.40408761039079466
v9,feat_gbm,4.0,44,201,-1.034847337112385,-1.0185563947000995
v9,feat_gbm,4.0,44,202,-1.1642761713426995,-1.5812541435625456
v9,feat_gbm,4.0,44,203,-1.1868804261303618,-2.9269603411540346
v9,feat_gbm,4.0,44,204,0.03542798936029287,-0.9368237022381455
v9,feat_gbm,4.0,44,205,-1.4187445798890232,-0.771906247259438
v9,feat_gbm,4.0,44,206,-1.735468112152986,-1.4457766532498904
v9,feat_gbm,4.0,44,207,-0.8440570796955459,-2.4752738768021185
v9,feat_gbm,4.0,44,208,-1.2416807859514576,-2.8789590131308262
v9,feat_gbm,4.0,44,209,-1.3973291235024468,-2.6986856152036793
v9,feat_gbm,4.0,44,210,0.2914163289931969,0.05837096406180189
v9,feat_gbm,4.0,44,211,-2.6812966083278793,-2.2327070274631113
v9,feat_gbm,4.0,44,212,-0.26583468499435015,0.15758807445032513
v9,feat_gbm,4.0,44,213,0.43562193513956815,0.5234750924970406
v9,feat_gbm,4.0,44,214,0.3035942044151806,0.8312555987922697
v9,feat_gbm,4.0,44,215,-1.408712017029599,-0.7699972654610447
v9,feat_gbm,4.0,44,216,-2.312884034861486,-2.4368834827463726
v9,feat_gbm,4.0,44,217,-2.2781599216543165,-3.7421886443248944
v9,feat_gbm,4.0,44,218,-2.5823873636201116,-4.3753265313120195
v9,feat_gbm,4.0,44,219,0.14361369957398276,0.13181597567614448
v9,feat_gbm,4.0,44,220,-2.3628675620917168,-2.150299196146146
v9,feat_gbm,4.0,44,221,-0.44470464378191166,0.4316281043505307
v9,feat_gbm,4.0,44,222,0.5256891010827455,0.20581216265343685
v9,feat_gbm,4.0,44,223,-3.230235585602672,-1.7226779576420432
v9,feat_gbm,4.0,44,224,0.17195963209625065,1.0701061526100661
v9,feat_gbm,4.0,44,225,0.24189778525823516,-2.995983076644188
v9,feat_gbm,4.0,44,226,0.009877912854250836,-0.39103048890459524
v9,feat_gbm,4.0,44,227,-1.8644108661954792,-2.811377433191803
v9,feat_gbm,4.0,44,228,-0.027360697463580146,0.1103569248772952
v9,feat_gbm,4.0,44,229,0.7280980301980615,1.0926797996732165
v9,feat_gbm,4.0,44,230,-1.6295984851514267,-1.1465469989616057
v9,feat_gbm,4.0,44,231,-4.099217428058466,-3.7045714701961474
v9,feat_gbm,4.0,44,232,-0.4177299179622118,-0.3205795311611984
v9,feat_gbm,4.0,44,233,0.3457262293545922,-0.7282288274356463
v9,feat_gbm,4.0,44,234,0.4669313146112304,-0.6143938277881194
v9,feat_gbm,4.0,44,235,-2.3839041542288393,-3.717493513170671
v9,feat_gbm,4.0,44,236,-1.7127478076758769,-1.894186438607053
v9,feat_gbm,4.0,44,237,-0.08062446826528934,0.19101892391720615
v9,feat_gbm,4.0,44,238,-1.2276497048981896,-2.723653519266766
v9,feat_gbm,4.0,44,239,0.1883925903637548,0.28172679866345784
v9,feat_gbm,4.0,44,240,-0.7724370279945458,-0.570916259780521
v9,feat_gbm,4.0,44,241,-1.6324347977135558,-3.037607674189957
v9,feat_gbm,4.0,44,242,-2.2481973196192615,-2.4824067099880884
v9,feat_gbm,4.0,44,243,0.07115270469335637,1.793244191067856
v9,feat_gbm,4.0,44,244,-2.2203827604145507,-2.170563194223024
v9,feat_gbm,4.0,44,245,-2.121633214236595,-2.5580286375581696
v9,feat_gbm,4.0,44,246,-2.7803407807210854,-3.9013363177662743
v9,feat_gbm,4.0,44,247,-1.3423374583405587,-1.2689211715035387
v9,feat_gbm,4.0,44,248,-2.3003841649920673,-2.89795980370705
v9,feat_gbm,4.0,44,249,0.2830012306945414,-1.149470325468549
v9,feat_gbm,4.0,44,250,-2.8301786129082083,-2.1803876537888693
v9,feat_gbm,4.0,44,251,-2.7537494933040767,-1.2010659028736028
v9,feat_gbm,4.0,44,252,-2.4235888406744555,-2.675840590612525
v9,feat_gbm,4.0,44,253,-1.2197793758307092,-0.865421424414132
v9,feat_gbm,4.0,44,254,-0.6832824469168508,-0.45089388998719687
v9,feat_gbm,4.0,44,255,-1.2702094863966968,-1.477655138121315
v9,feat_gbm,4.0,44,256,-1.4277621515537569,-1.9234128661936198
v9,feat_gbm,4.0,44,257,-1.09688414693387,-0.8895479413744646
v9,feat_gbm,4.0,44,258,-0.8369662170009995,-1.284701881398344
v9,feat_gbm,4.0,44,259,-0.15830620820988114,0.03791276039075724
v9,feat_gbm,4.0,44,260,0.05695210691231662,-1.213907680807544
v9,feat_gbm,4.0,44,261,-0.08808509683559057,-0.6937064881158975
v9,feat_gbm,4.0,44,262,-2.454849885598163,-2.500344974429108
v9,feat_gbm,4.0,44,263,-2.824564830368671,-3.0782877743164985
v9,feat_gbm,4.0,44,264,-3.1864897292694336,-3.2702790535172426
v9,feat_gbm,4.0,44,265,-0.26782128131843297,-0.15746453031192983
v9,feat_gbm,4.0,44,266,-1.368272063976806,-1.3930653126164372
v9,feat_gbm,4.0,44,267,-4.219794492233026,-3.460520174484755
v9,feat_gbm,4.0,44,268,-1.8778588349639398,-1.8115923421665279
v9,feat_gbm,4.0,44,269,0.678618356721953,-0.04785951915829837
v9,feat_gbm,4.0,44,270,-2.393290565575538,-1.3387838926701625
v9,feat_gbm,4.0,44,271,0.34445772176753575,0.6172482925771328
v9,feat_gbm,4.0,44,272,-0.5186505423883163,0.10718580269537517
v9,feat_gbm,4.0,44,273,-1.0033285392031204,-2.4250613993713395
v9,feat_gbm,4.0,44,274,-3.3317130169215825,-0.4656136934058211
v9,feat_gbm,4.0,44,275,-2.1630852771776836,-1.7679071058666047
v9,feat_gbm,4.0,44,276,-0.09405540678631957,-0.15192249005847586
v9,feat_gbm,4.0,44,277,-0.7139636093468533,-0.22686658439221394
v9,feat_gbm,4.0,44,278,-2.25618632184025,-0.3963273628232521
v9,feat_gbm,4.0,44,279,-2.2051132617931906,-2.1916982233579314
v9,feat_gbm,4.0,44,280,-0.09922020189185121,0.5138857123822332
v9,feat_gbm,4.0,44,281,-1.9917342878546538,0.13501120436460418
v9,feat_gbm,4.0,44,282,-0.06252828897730939,-0.35232291748203215
v9,feat_gbm,4.0,44,283,0.062255438732901215,0.33710059568630363
v9,feat_gbm,4.0,44,284,0.14158258758748377,2.2269494594330284
v9,feat_gbm,4.0,44,285,-1.4719814372724513,-0.8523290277873723
v9,feat_gbm,4.0,44,286,-0.080235571893993,0.5032694866056324
v9,feat_gbm,4.0,44,287,-3.592921806082609,-3.0734310124071125
v9,feat_gbm,4.0,44,288,-2.5935276717746225,-3.0969464995649485
v9,feat_gbm,4.0,44,289,-0.12254000094494366,0.8088909840914691
v9,feat_gbm,4.0,44,290,-3.1605532569754553,-1.710735902712342
v9,feat_gbm,4.0,44,291,-0.4280568799208503,-0.24588513525180683
v9,feat_gbm,4.0,44,292,-1.902395384009839,-2.9910915714149957
v9,feat_gbm,4.0,44,293,0.1048002901337483,0.24397961438558982
v9,feat_gbm,4.0,44,294,0.04691244064337988,0.9827222917401395
v9,feat_gbm,4.0,44,295,0.6546493653913545,1.5399914318848642
v9,feat_gbm,4.0,44,296,-2.3561301492316784,-3.028104854063688
v9,feat_gbm,4.0,44,297,-1.918468056880227,-1.9675880903276046
v9,feat_gbm,4.0,44,298,0.34128488555010594,0.3882116190950413
v9,feat_gbm,4.0,44,299,-2.1299317945347003,-0.4169590587595381
v9,feat_gbm,4.0,44,300,-1.0380079419849213,-0.47104701624968015
v9,feat_gbm,4.0,44,301,-0.7635035084526011,-0.5788171023402015
v9,feat_gbm,4.0,44,302,-3.3405558185714903,-3.325334912618423
v9,feat_gbm,4.0,44,303,-0.11756238233000171,0.27214776974989446
v9,feat_gbm,4.0,44,304,-0.21377887296085205,0.2838761456734127
v9,feat_gbm,4.0,44,305,0.5696054766968266,0.98356576927226
v9,feat_gbm,4.0,44,306,-1.0643673026524423,-2.324804251846344
v9,feat_gbm,4.0,44,307,0.0017664815239007482,-0.30060412365222405
v9,feat_gbm,4.0,44,308,-3.332565984544036,-3.5706943269006843
v9,feat_gbm,4.0,44,309,-0.9155612997450205,0.7657986236992217
v9,feat_gbm,4.0,44,310,-1.3404611721427944,-0.3760212383278314
v9,feat_gbm,4.0,44,311,1.0395089983675447,0.903367601886353
v9,feat_gbm,4.0,44,312,0.3201548535596286,0.2834145554969618
v9,feat_gbm,4.0,44,313,-0.304862747920563,-0.8750381269167363
v9,feat_gbm,4.0,44,314,-3.5113185109073224,-0.8911054934067958
v9,feat_gbm,4.0,44,315,0.078381878981834,0.2699623908229132
v9,feat_gbm,4.0,44,316,-2.5943222520860463,-4.034449774534175
v9,feat_gbm,4.0,44,317,-0.03433782969329114,0.7302045063515665
v9,feat_gbm,4.0,44,318,-2.6572551766895645,-2.5264159394565007
v9,feat_gbm,4.0,44,319,-2.3561125356886086,-3.1280680478747835
v9,feat_gbm,4.0,44,320,0.07226211989132425,-0.623194388118803
v9,feat_gbm,4.0,44,321,-2.488561282380524,-4.172922463867305
v9,feat_gbm,4.0,44,322,0.46495936017270934,1.0714029341973417
v9,feat_gbm,4.0,44,323,-2.2613819509413724,-2.5538050374755565
v9,feat_gbm,4.0,44,324,-1.5579595861044084,-1.5310020975326282
v9,feat_gbm,4.0,44,325,-0.06558334020675034,-0.735749980772127
v9,feat_gbm,4.0,44,326,-1.5824974165885306,-0.5010306012352705
v9,feat_gbm,4.0,44,327,-3.3991323765465915,-4.393123087746285
v9,feat_gbm,4.0,44,328,-0.7633630463199884,0.6439364857563509
v9,feat_gbm,4.0,44,329,-2.3801095304095186,-2.60760252445046
v9,feat_gbm,4.0,44,330,0.3568143501630091,0.46983427811083467
v9,feat_gbm,4.0,44,331,0.009291101369701387,-1.149354435920189
v9,feat_gbm,4.0,44,332,-1.898909033188194,-1.0961264399974935
v9,feat_gbm,4.0,44,333,0.2733664066599266,1.4253561556633074
v9,feat_gbm,4.0,44,334,0.8591337771631398,1.0406546288822482
v9,feat_gbm,4.0,44,335,-0.4369239126450136,-0.1286217558512718
v9,feat_gbm,4.0,44,336,-1.4633543324147604,-1.7275974260064488
v9,feat_gbm,4.0,44,337,-1.953487884128307,-4.535227665039715
v9,feat_gbm,4.0,44,338,-0.17764045369610537,-1.078833843619319
v9,feat_gbm,4.0,44,339,-1.3805600801144773,-2.035297396751524
v9,feat_gbm,4.0,44,340,-0.010770067813003163,0.4788286932125707
v9,feat_gbm,4.0,44,341,-1.067246959978497,-0.4595082096564039
v9,feat_gbm,4.0,44,342,-2.78466763083565,-3.653430804591794
v9,feat_gbm,4.0,44,343,0.6966640246934552,0.2834522663037432
v9,feat_gbm,4.0,44,344,0.176763567534525,-0.15984972455285287
v9,feat_gbm,4.0,44,345,-2.921388183067968,-3.8822970119574354
v9,feat_gbm,4.0,44,346,-1.846751926684687,-2.5801989990218064
v9,feat_gbm,4.0,44,347,-3.3496966859720954,-3.2622630695286134
v9,feat_gbm,4.0,44,348,-1.6177168144913752,-0.4894561152880944
v9,feat_gbm,4.0,44,349,-2.807101991065359,-3.0223552414624764
v9,feat_gbm,4.0,44,350,0.3493654622022311,0.4215072765335228
v9,feat_gbm,4.0,44,351,-2.987194263632944,-1.8152752103400673
v9,feat_gbm,4.0,44,352,0.633228201744326,1.102263670511441
v9,feat_gbm,4.0,44,353,0.3427652329078289,1.4454852001466738
v9,feat_gbm,4.0,44,354,-2.8121956047303853,-3.6770060333191017
v9,feat_gbm,4.0,44,355,-2.2801306389663165,-5.078652858832153
v9,feat_gbm,4.0,44,356,0.014163273054661238,0.7815322159665122
v9,feat_gbm,4.0,44,357,0.08057278239718411,0.6775133790495483
v9,feat_gbm,4.0,44,358,-3.039648531228224,-3.5163570325540956
v9,feat_gbm,4.0,44,359,-2.803473485148361,-4.157760523739404
v9,feat_gbm,4.0,44,360,-0.7399585666323932,-0.18386357284099003
v9,feat_gbm,4.0,44,361,-2.5012662051112318,-4.477383009144865
v9,feat_gbm,4.0,44,362,-0.3897784591821115,0.2909126951240761
v9,feat_gbm,4.0,44,363,-0.571948925513844,-3.5121531596302606
v9,feat_gbm,4.0,44,364,0.08171845373306315,-0.0019354464452207268
v9,feat_gbm,4.0,44,365,-2.4393261293276,-3.264666087597375
v9,feat_gbm,4.0,44,366,-1.903073619428667,-1.4961090632143375
v9,feat_gbm,4.0,44,367,-0.8825263723767152,-0.10305907560987346
v9,feat_gbm,4.0,44,368,-0.7586234930586833,0.24601275195113992
v9,feat_gbm,4.0,44,369,-3.1245372447225996,-1.6400355118163064
v9,feat_gbm,4.0,44,370,-0.7415229661952434,-1.5399226532969161
v9,feat_gbm,4.0,44,371,-0.7382105930772259,-0.3336387161155974
v9,feat_gbm,4.0,44,372,-0.6702418950285732,0.3185760540422761
v9,feat_gbm,4.0,44,373,-0.549685633811603,-0.30756424411789
v9,feat_gbm,4.0,44,374,-3.203704426511068,-3.551435429619069
v9,feat_gbm,4.0,44,375,0.6896419746151259,-0.12846918127015178
v9,feat_gbm,4.0,44,376,0.20999014726967696,0.43413099611324796
v9,feat_gbm,4.0,44,377,-0.0021783182575159897,0.8095384731463161
v9,feat_gbm,4.0,44,378,0.2973819725679798,0.20303525329731625
v9,feat_gbm,4.0,44,379,0.27354212900144736,0.524784145223057
v9,feat_gbm,4.0,44,380,-0.05536690939780749,0.8722609808312535
v9,feat_gbm,4.0,44,381,0.40853685029339404,1.0190202163897197
v9,feat_gbm,4.0,44,382,-0.1998154732217911,1.2715191268303472
v9,feat_gbm,4.0,44,383,-1.4191111647740318,-0.13923746667536385
v9,feat_gbm,4.0,44,384,-0.5734496987858599,-1.7983983483294153
v9,feat_gbm,4.0,44,385,-0.4677521732383336,0.5606037150840157
v9,feat_gbm,4.0,44,386,0.7224492081109459,0.6003456151224621
v9,feat_gbm,4.0,44,387,0.6771521289007189,1.3071718981356573
v9,feat_gbm,4.0,44,388,-1.1949090000086036,-0.19457283568776126
v9,feat_gbm,4.0,44,389,-1.8280476184171173,-0.981880356960367
v9,feat_gbm,4.0,44,390,-2.6990356352541984,-2.628024059072158
v9,feat_gbm,4.0,44,391,-2.9157865138224635,-2.479262758098376
v9,feat_gbm,4.0,44,392,-1.4789826187929738,-2.207941629114672
v9,feat_gbm,4.0,44,393,-2.9062172332968337,-2.806586620215901
v9,feat_gbm,4.0,44,394,-1.9186171832430754,-0.16842623590390868
v9,feat_gbm,4.0,44,395,0.2727605691613175,0.3596423409999632
v9,feat_gbm,4.0,44,396,-1.1475909012503305,-3.117667066362407
v9,feat_gbm,4.0,44,397,0.6418253249845051,0.6134086288650079
v9,feat_gbm,4.0,44,398,0.45414142512692834,0.5049020087080688
v9,feat_gbm,4.0,44,399,-1.604668869741701,-1.0548605918119196
v9,feat_gbm,4.0,44,400,-1.431580929164425,-2.877676775828332
v9,feat_gbm,4.0,44,401,0.6782335640580727,0.015654415635624343
v9,feat_gbm,4.0,44,402,-0.20711201905171553,-0.7027824676465185
v9,feat_gbm,4.0,44,403,0.0022579658560122,0.6733427913489138
v9,feat_gbm,4.0,44,404,-0.5605840119770145,0.03259550049258387
v9,feat_gbm,4.0,44,405,-3.0565876023228893,-3.4179416205706223
v9,feat_gbm,4.0,44,406,-1.4750697157988653,-1.6563158072976616
v9,feat_gbm,4.0,44,407,-0.41665835818739094,0.3281041495218151
v9,feat_gbm,4.0,44,408,-2.481728686738666,-1.498502430121411
v9,feat_gbm,4.0,44,409,-0.523796679851595,-1.5390850133499359
v9,feat_gbm,4.0,44,410,-2.755090145310946,-3.8769914364338094
v9,feat_gbm,4.0,44,411,0.5246555552202564,-1.1093409530974205
v9,feat_gbm,4.0,44,412,-1.3146314388271063,-2.1356441225652167
v9,feat_gbm,4.0,44,413,-0.19352393980741717,0.5613925387002681
v9,feat_gbm,4.0,44,414,-2.2581714690773373,-2.672303525149137
v9,feat_gbm,4.0,44,415,0.7279013892621765,0.9887747910888531
v9,feat_gbm,4.0,44,416,-1.7488938085316583,-2.064740642123073
v9,feat_gbm,4.0,44,417,-1.849218615644103,-0.13534283366780814
v9,feat_gbm,4.0,44,418,0.02316141509063603,0.5266566940316069
v9,feat_gbm,4.0,44,419,1.0708823400046175,-0.7929716308762645
v9,feat_gbm,4.0,44,420,0.025317136572639044,0.22081989653443584
v9,feat_gbm,4.0,44,421,-3.4373546029079334,-3.4911396429773087
v9,feat_gbm,4.0,44,422,-0.10896194319998474,0.4691563032653497
v9,feat_gbm,4.0,44,423,0.10158045063660066,-0.21242164749251408
v9,feat_gbm,4.0,44,424,-2.713387548284541,-2.0235730224261497
v9,feat_gbm,4.0,44,425,-0.3844550655286989,0.1881042769243711
v9,feat_gbm,4.0,44,426,-0.7521715187025241,-0.7546830882020855
v9,feat_gbm,4.0,44,427,-1.7530919237963427,-2.004418163271322
v9,feat_gbm,4.0,44,428,0.030678480209310865,0.08108350485015015
v9,feat_gbm,4.0,44,429,-0.990021291138083,-0.8958783842144782
v9,feat_gbm,4.0,44,430,0.020478970733624986,-0.700178367515834
v9,feat_gbm,4.0,44,431,-2.9398355416892703,-2.026447754843476
v9,feat_gbm,4.0,44,432,-1.911124311525196,-3.3644112924118934
v9,feat_gbm,4.0,44,433,-1.3352111548420695,-2.4777804975332844
v9,feat_gbm,4.0,44,434,-2.890089713900768,-3.6407879329147783
v9,feat_gbm,4.0,44,435,0.12109646941827834,0.8140524350977956
v9,feat_gbm,4.0,44,436,-0.18615804463422156,-0.6342245759550225
v9,feat_gbm,4.0,44,437,-0.17789144317639963,-1.0170271575608654
v9,feat_gbm,4.0,44,438,0.045093579266728315,1.2058566336630974
v9,feat_gbm,4.0,44,439,0.9895572629888028,1.04159183954478
v9,feat_gbm,4.0,44,440,-0.6386063458456291,-0.383754051292973
v9,feat_gbm,4.0,44,441,0.3217132117643725,0.9717849563735496
v9,feat_gbm,4.0,44,442,0.2430920032902967,0.915394257773604
v9,feat_gbm,4.0,44,443,0.1346638682308111,0.17619398118278368
v9,feat_gbm,4.0,44,444,-1.976921851077231,-2.3026142847949007
v9,feat_gbm,4.0,44,445,0.17316817906481047,-2.156995715227189
v9,feat_gbm,4.0,44,446,-2.3170432132591428,-1.9647154613855007
v9,feat_gbm,4.0,44,447,-1.4427216094307014,-1.2167428909736953
v9,feat_gbm,4.0,44,448,-0.6777490338335949,0.371748058948411
v9,feat_gbm,4.0,44,449,-3.963542686656021,-3.354914600670279
v9,feat_gbm,4.0,44,450,-3.3368791682696557,-2.0984010901330774
v9,feat_gbm,4.0,44,451,-1.4695545412449007,-1.8411195968283314
v9,feat_gbm,4.0,44,452,0.4473815856213618,-0.2866386615093297
v9,feat_gbm,4.0,44,453,-0.8744950103963013,-2.1769502099219324
v9,feat_gbm,4.0,44,454,-0.2583917530140495,0.851829112076475
v9,feat_gbm,4.0,44,455,0.4537388105825494,-0.5174982843777256
v9,feat_gbm,4.0,44,456,-1.914720583722554,-3.7883351795095335
v9,feat_gbm,4.0,44,457,-1.4211257435313192,-1.3225504843777425
v9,feat_gbm,4.0,44,458,-0.20782412390615576,-0.6304710111145473
v9,feat_gbm,4.0,44,459,-2.960183731982288,-2.867776928577639
v9,feat_gbm,4.0,44,460,0.10356742519208521,-0.20106453453544149
v9,feat_gbm,4.0,44,461,0.5705362304558292,0.565413433251147
v9,feat_gbm,4.0,44,462,-0.4258709986622261,0.6531860801292728
v9,feat_gbm,4.0,44,463,-2.0943947094392796,-3.295531334571209
v9,feat_gbm,4.0,44,464,-1.601747404684454,-1.118951529136503
v9,feat_gbm,4.0,44,465,-0.6927837315242233,0.08535922256033004
v9,feat_gbm,4.0,44,466,0.9757844711392388,0.2656879386171551
v9,feat_gbm,4.0,44,467,-0.8136774981405666,-1.0764680911985907
v9,feat_gbm,4.0,44,468,0.20391900661293874,2.2503813782282114
v9,feat_gbm,4.0,44,469,-0.07920147360422938,-0.029700274932011248
v9,feat_gbm,4.0,44,470,-2.055963559162717,-2.1918010579584375
v9,feat_gbm,4.0,44,471,-1.0400676948259229,-0.12537364897776127
v9,feat_gbm,4.0,44,472,-1.451803031192148,-1.3714574409892777
v9,feat_gbm,4.0,44,473,-2.339460999764579,-1.0216450817816245
v9,feat_gbm,4.0,44,474,-1.2592463734967023,-0.8313233833759152
v9,feat_gbm,4.0,44,475,-3.195533078601092,-3.25243582884057
v9,feat_gbm,4.0,44,476,0.19621612653377465,0.8737365575305754
v9,feat_gbm,4.0,44,477,-1.9558055523013496,-1.8373017486027088
v9,feat_gbm,4.0,44,478,-1.3690040789025013,-1.909749317133085
v9,feat_gbm,4.0,44,479,-1.151047695980526,0.418341725137149
v9,feat_gbm,4.0,44,480,-1.2556858471795675,-2.8689304810445995
v9,feat_gbm,4.0,44,481,-2.907962075370681,-3.9192950012633494
v9,feat_gbm,4.0,44,482,0.6682409547185063,0.8191907452202399
v9,feat_gbm,4.0,44,483,-1.033712581002524,-2.7371748494528005
v9,feat_gbm,4.0,44,484,-0.027356229353172733,0.043868991079412875
v9,feat_gbm,4.0,44,485,-1.9103434978140899,-3.9571024828402512
v9,feat_gbm,4.0,44,486,-2.372938722659024,-0.8286091055291892
v9,feat_gbm,4.0,44,487,1.1337978454739583,1.1086460137612473
v9,feat_gbm,4.0,44,488,-0.5703771020097705,-1.0899995989348372
v9,feat_gbm,4.0,44,489,-3.061090023068794,-2.9260181182274523
v9,feat_gbm,4.0,44,490,-2.7266117241442727,0.01778898425240747
v9,feat_gbm,4.0,44,491,-0.4169274415666271,-0.388546054063584
v9,feat_gbm,4.0,44,492,-0.8421603231725885,-0.8483910406321095
v9,feat_gbm,4.0,44,493,-2.9101165542898264,-2.4855190663855797
v9,feat_gbm,4.0,44,494,-0.21140383914952204,-0.6027729178489412
v9,feat_gbm,4.0,44,495,-0.8661529991169707,-1.5285925057254015
v9,feat_gbm,4.0,44,496,0.3604020573396002,1.0092174422839322
v9,feat_gbm,4.0,44,497,-2.8396231039112956,-2.421052301727873
v9,feat_gbm,4.0,44,498,-2.796130132146443,-3.2283141264699093
v9,feat_gbm,4.0,44,499,-3.1021614147872048,-4.907212199848568
v9,feat_gbm,4.0,45,0,-0.1738114703448448,0.03894909458183669
v9,feat_gbm,4.0,45,1,-2.0387195869951467,-2.5052564746229193
v9,feat_gbm,4.0,45,2,-0.4376075376385201,0.6287827851917782
v9,feat_gbm,4.0,45,3,-2.672624632490487,-3.3447289283878643
v9,feat_gbm,4.0,45,4,0.9407179024537351,0.9694015026406426
v9,feat_gbm,4.0,45,5,-1.5499382403868278,-2.4693709778233526
v9,feat_gbm,4.0,45,6,-0.00832689453992414,-0.2819211013310965
v9,feat_gbm,4.0,45,7,0.04385348850113206,0.5289578846490461
v9,feat_gbm,4.0,45,8,0.4790752540165611,0.032863622186365654
v9,feat_gbm,4.0,45,9,0.42882647155726145,0.9352707853930591
v9,feat_gbm,4.0,45,10,-1.6722724178989286,-1.5987558134683666
v9,feat_gbm,4.0,45,11,-1.5979904108198189,-3.2678706438993954
v9,feat_gbm,4.0,45,12,-1.044423004823544,-2.445380546146449
v9,feat_gbm,4.0,45,13,-0.6292032462942049,-0.4471217519653716
v9,feat_gbm,4.0,45,14,-1.5129863274301385,-1.8343062920535937
v9,feat_gbm,4.0,45,15,-2.86504958942099,-2.278287047942225
v9,feat_gbm,4.0,45,16,-1.146534878520422,-1.113015507562239
v9,feat_gbm,4.0,45,17,0.049225473575214965,-1.149386040828735
v9,feat_gbm,4.0,45,18,-0.7691547054955075,-0.4541092694382234
v9,feat_gbm,4.0,45,19,-1.9604039991718922,-2.8798658660471284
v9,feat_gbm,4.0,45,20,-2.2663954706382325,-3.281006200299989
v9,feat_gbm,4.0,45,21,-0.5013971307025534,-0.7889402030111288
v9,feat_gbm,4.0,45,22,-1.7870362136092306,-0.48114593055133975
v9,feat_gbm,4.0,45,23,-1.8996570828423274,-2.8038114998165153
v9,feat_gbm,4.0,45,24,-2.158305045239924,-2.6726430450531393
v9,feat_gbm,4.0,45,25,-2.7817385745957495,-3.141178249464176
v9,feat_gbm,4.0,45,26,-2.966071636012787,-3.8612362310489847
v9,feat_gbm,4.0,45,27,-2.364273557592177,-3.085821277369337
v9,feat_gbm,4.0,45,28,-0.9877294040284489,-2.1153791712035637
v9,feat_gbm,4.0,45,29,-2.143235249447178,-0.5854112868629942
v9,feat_gbm,4.0,45,30,-0.2870406035492836,0.13849791927417068
v9,feat_gbm,4.0,45,31,-3.6081969811323686,-2.779654184179668
v9,feat_gbm,4.0,45,32,0.7174224554044605,0.9166392391011026
v9,feat_gbm,4.0,45,33,-1.1384967354216287,-2.134444297962007
v9,feat_gbm,4.0,45,34,0.32856501629024865,1.1224191581864646
v9,feat_gbm,4.0,45,35,-1.240368509323264,-2.7514680837461087
v9,feat_gbm,4.0,45,36,-0.9285015004921259,0.7493710802437775
v9,feat_gbm,4.0,45,37,-1.8026421232098113,-2.157600461660938
v9,feat_gbm,4.0,45,38,-3.4262911006313623,-1.7436371170468024
v9,feat_gbm,4.0,45,39,0.3474150680244311,0.632388610685479
v9,feat_gbm,4.0,45,40,-1.9279238289365108,-1.5024753827969588
v9,feat_gbm,4.0,45,41,-2.207733354877383,-2.936018587066778
v9,feat_gbm,4.0,45,42,-0.49699740957526045,-0.06406961406287034
v9,feat_gbm,4.0,45,43,-0.38991596510078447,-0.43711075337934485
v9,feat_gbm,4.0,45,44,-0.5479532015778861,0.521724778538647
v9,feat_gbm,4.0,45,45,0.5906639682316625,-0.02881562555915001
v9,feat_gbm,4.0,45,46,-3.1052956875059508,-2.6856700943784895
v9,feat_gbm,4.0,45,47,-2.947334558691316,-3.3419513202228783
v9,feat_gbm,4.0,45,48,-0.32917430308509454,-0.35240032436669677
v9,feat_gbm,4.0,45,49,-2.438735092205252,-4.466027560457086
v9,feat_gbm,4.0,45,50,-0.8477229975235459,-1.2227887404747313
v9,feat_gbm,4.0,45,51,-2.1929969964390534,-4.168130875201601
v9,feat_gbm,4.0,45,52,-2.8746627000720073,-2.1825653069440887
v9,feat_gbm,4.0,45,53,-1.108676342912218,-2.816977102698189
v9,feat_gbm,4.0,45,54,-1.0064907549432145,-0.9520374156321785
v9,feat_gbm,4.0,45,55,0.9372556833745721,0.800460094219776
v9,feat_gbm,4.0,45,56,0.23670492378292687,0.2782562560211116
v9,feat_gbm,4.0,45,57,0.1946296089735168,-0.7855200046266205
v9,feat_gbm,4.0,45,58,-2.1422771770508358,-2.837973637743256
v9,feat_gbm,4.0,45,59,-1.7173716009133324,0.3653424354755994
v9,feat_gbm,4.0,45,60,-2.322028843999607,-3.145987746693799
v9,feat_gbm,4.0,45,61,-0.824200146786543,-2.1381844357326614
v9,feat_gbm,4.0,45,62,-0.8624200915172476,0.3908315550690521
v9,feat_gbm,4.0,45,63,-2.813380828696333,-3.259739876316779
v9,feat_gbm,4.0,45,64,-2.488456198106618,-3.799325775609258
v9,feat_gbm,4.0,45,65,-1.232962001621723,0.2842997557356093
v9,feat_gbm,4.0,45,66,0.29572631636277724,0.9099380077885143
v9,feat_gbm,4.0,45,67,0.04964047631696177,0.5741223235018287
v9,feat_gbm,4.0,45,68,0.7362558288886717,1.3807263582335993
v9,feat_gbm,4.0,45,69,0.07597309957427685,2.7357387204405055
v9,feat_gbm,4.0,45,70,-0.12348919583874542,-0.3782017485149665
v9,feat_gbm,4.0,45,71,0.30581598211721717,-0.6946521973220513
v9,feat_gbm,4.0,45,72,-2.734842085389088,-3.510295151868067
v9,feat_gbm,4.0,45,73,0.12614203651372494,-0.3643686170400702
v9,feat_gbm,4.0,45,74,1.016908210020718,1.1835884152793859
v9,feat_gbm,4.0,45,75,-0.08037561787792429,-0.38644824542838596
v9,feat_gbm,4.0,45,76,-0.512985074022725,0.7005004452467647
v9,feat_gbm,4.0,45,77,-2.4543074870544133,0.3770911051312199
v9,feat_gbm,4.0,45,78,-0.08745567311520264,-0.5374783823521183
v9,feat_gbm,4.0,45,79,-2.100352474664849,-3.2499450611549854
v9,feat_gbm,4.0,45,80,-2.3340290682025544,-1.719925172279684
v9,feat_gbm,4.0,45,81,0.25018260244677354,1.8185710395242058
v9,feat_gbm,4.0,45,82,-1.4007406126737116,-1.0758778979961314
v9,feat_gbm,4.0,45,83,0.5856288720730544,-0.8033140510569362
v9,feat_gbm,4.0,45,84,-1.3979416593617393,-2.0837035815006346
v9,feat_gbm,4.0,45,85,-1.3247845469026491,-1.2430797823904942
v9,feat_gbm,4.0,45,86,0.1886816897440164,0.639317965424242
v9,feat_gbm,4.0,45,87,-1.1583573873958566,-0.02321591952008587
v9,feat_gbm,4.0,45,88,-1.6955528087372476,-3.512086916650174
v9,feat_gbm,4.0,45,89,-0.7469069093779254,-1.684363733317816
v9,feat_gbm,4.0,45,90,-3.7565329533223113,-3.5341996208099964
v9,feat_gbm,4.0,45,91,0.3497586531068192,1.1574629997660548
v9,feat_gbm,4.0,45,92,-1.0985993058426957,-0.7651863719989663
v9,feat_gbm,4.0,45,93,-3.233859149812453,-5.7708125015304885
v9,feat_gbm,4.0,45,94,0.05042764185734412,0.07374698385127064
v9,feat_gbm,4.0,45,95,-1.127430280329321,1.201566413592891
v9,feat_gbm,4.0,45,96,0.15130322761407233,1.2655480006709303
v9,feat_gbm,4.0,45,97,-3.0600163399603453,-3.2217777708537843
v9,feat_gbm,4.0,45,98,-2.7666093962701144,-1.2120387208328698
v9,feat_gbm,4.0,45,99,-0.1923460560830454,-0.04015373686183237
v9,feat_gbm,4.0,45,100,-2.1351750390242272,-2.8384481914339785
v9,feat_gbm,4.0,45,101,-2.475042563418251,-3.541068619782685
v9,feat_gbm,4.0,45,102,-3.443203482860024,-4.424727465058162
v9,feat_gbm,4.0,45,103,-1.2508785454687914,-0.7652009130347144
v9,feat_gbm,4.0,45,104,-2.2435983347580044,-0.406664655497914
v9,feat_gbm,4.0,45,105,-1.6098310255669042,-2.8019031633754246
v9,feat_gbm,4.0,45,106,-1.3913287258980673,-1.1978192780958505
v9,feat_gbm,4.0,45,107,-1.5465598131942266,-1.2497822804421463
v9,feat_gbm,4.0,45,108,0.09542258926697587,-0.2003702404752673
v9,feat_gbm,4.0,45,109,-1.2120089759500745,-0.28745536208379296
v9,feat_gbm,4.0,45,110,-0.06969095961803072,0.2838469771831524
v9,feat_gbm,4.0,45,111,-0.28506719991271295,0.6579850926301614
v9,feat_gbm,4.0,45,112,0.12015122334066777,-0.4279263804064609
v9,feat_gbm,4.0,45,113,-1.0111688351942012,0.527327823801956
v9,feat_gbm,4.0,45,114,-3.652484441781543,-3.652947895428966
v9,feat_gbm,4.0,45,115,-2.3899079171927475,-0.04287987221360797
v9,feat_gbm,4.0,45,116,-3.2212368333112233,-3.4409421360670214
v9,feat_gbm,4.0,45,117,-2.135793112332718,-2.4284095097884006
v9,feat_gbm,4.0,45,118,-2.1491601756224297,-1.419217075367618
v9,feat_gbm,4.0,45,119,-2.0177495766481606,-1.4944271796191557
v9,feat_gbm,4.0,45,120,-2.7888627852569874,-2.797137626437216
v9,feat_gbm,4.0,45,121,0.6702314806760301,3.1321125804877905
v9,feat_gbm,4.0,45,122,-2.542432948656853,-3.164895556438051
v9,feat_gbm,4.0,45,123,0.3137767363275622,-0.021234684620174846
v9,feat_gbm,4.0,45,124,-0.19658163629125477,-1.246001114532972
v9,feat_gbm,4.0,45,125,-2.836761945028797,-2.7130193085566443
v9,feat_gbm,4.0,45,126,-1.6481377354685922,-2.0560780011130944
v9,feat_gbm,4.0,45,127,-1.4311706420127879,-1.631222331554067
v9,feat_gbm,4.0,45,128,-1.831568761129624,-3.477307725783656
v9,feat_gbm,4.0,45,129,0.4572321593639333,1.7007542891568868
v9,feat_gbm,4.0,45,130,-1.2679803645198522,-3.4021624962570822
v9,feat_gbm,4.0,45,131,-2.913374643076108,-3.701149444421242
v9,feat_gbm,4.0,45,132,0.18252621139469827,-0.4116741376471012
v9,feat_gbm,4.0,45,133,-0.04781833748970954,-0.5680375850475197
v9,feat_gbm,4.0,45,134,-1.7280416088247568,-1.4788189923590598
v9,feat_gbm,4.0,45,135,-1.4597408328912294,-2.9896549957503007
v9,feat_gbm,4.0,45,136,0.011851416131399839,0.11194117436713467
v9,feat_gbm,4.0,45,137,0.4941789022159551,1.7147062893715772
v9,feat_gbm,4.0,45,138,-3.0118144775609252,-1.9709125209383296
v9,feat_gbm,4.0,45,139,-0.4381593796951484,0.19937477723826902
v9,feat_gbm,4.0,45,140,-2.319259596039579,-2.8223726616431475
v9,feat_gbm,4.0,45,141,-0.2709348188482936,-0.12380828599000025
v9,feat_gbm,4.0,45,142,-1.815881567218791,-2.97521232911642
v9,feat_gbm,4.0,45,143,-2.1359430208168613,-1.9484557479617686
v9,feat_gbm,4.0,45,144,0.5929237305791427,1.244093655886106
v9,feat_gbm,4.0,45,145,-3.0577173761074063,-2.0280859266176816
v9,feat_gbm,4.0,45,146,-1.2023581793082652,-2.0754073031653366
v9,feat_gbm,4.0,45,147,0.15767293449271344,-0.11331641159387335
v9,feat_gbm,4.0,45,148,-1.8452428797479172,-2.620298039600635
v9,feat_gbm,4.0,45,149,-3.0627506715267963,-3.8395532227602396
v9,feat_gbm,4.0,45,150,-0.9941579723277921,-2.149698272240366
v9,feat_gbm,4.0,45,151,-2.2921406594448346,-3.1594376779318036
v9,feat_gbm,4.0,45,152,-1.2560890309100865,-2.7712141114581046
v9,feat_gbm,4.0,45,153,-0.5735192063779609,-1.1483368403810985
v9,feat_gbm,4.0,45,154,-0.2824500156100561,-1.4700676700115773
v9,feat_gbm,4.0,45,155,1.3470407886887195,1.4088416749712322
v9,feat_gbm,4.0,45,156,-0.39498689592864766,0.7564704220494097
v9,feat_gbm,4.0,45,157,-2.49533973913481,-1.7148995557963913
v9,feat_gbm,4.0,45,158,-1.657570862105901,-2.8595355115547196
v9,feat_gbm,4.0,45,159,-1.876447606677186,-0.9922400520728849
v9,feat_gbm,4.0,45,160,0.9868313503555407,1.8585227307534937
v9,feat_gbm,4.0,45,161,-2.179981885218006,-2.477654537850602
v9,feat_gbm,4.0,45,162,-0.34740741899580635,-2.993764039868935
v9,feat_gbm,4.0,45,163,-0.6436692158105407,-1.1722671160336509
v9,feat_gbm,4.0,45,164,-1.6082587080619992,-1.6577576086204497
v9,feat_gbm,4.0,45,165,-2.428047958869551,-2.9770186999323642
v9,feat_gbm,4.0,45,166,-3.252965759235635,-3.2329952824425443
v9,feat_gbm,4.0,45,167,-0.6151756395394897,0.19550508612775644
v9,feat_gbm,4.0,45,168,-0.7313500066698537,-1.2639642813248737
v9,feat_gbm,4.0,45,169,-1.1109657683935783,1.4224064134580066
v9,feat_gbm,4.0,45,170,-2.274885834762498,-1.5303724784706008
v9,feat_gbm,4.0,45,171,0.6374194802172617,0.6086346650572224
v9,feat_gbm,4.0,45,172,0.06281569373242629,-0.052232489626048526
v9,feat_gbm,4.0,45,173,-2.11614982185951,-0.19074605880313256
v9,feat_gbm,4.0,45,174,-2.283848967983178,-2.7678232596734214
v9,feat_gbm,4.0,45,175,-2.2475093334755494,-1.6557092188829319
v9,feat_gbm,4.0,45,176,0.08757483408603074,0.12081831439914445
v9,feat_gbm,4.0,45,177,-1.0773668194058537,3.7031714993021168
v9,feat_gbm,4.0,45,178,0.3766622909474825,-0.17761292562564054
v9,feat_gbm,4.0,45,179,0.029139383642789476,0.2295122735959306
v9,feat_gbm,4.0,45,180,-1.0820569489327143,-1.6401012725318311
v9,feat_gbm,4.0,45,181,-3.147593504892233,-3.399461101549646
v9,feat_gbm,4.0,45,182,0.2965201346804457,0.5421608664871393
v9,feat_gbm,4.0,45,183,-3.290938903079793,-3.7858185839721776
v9,feat_gbm,4.0,45,184,0.29176723754253675,0.4440956773301304
v9,feat_gbm,4.0,45,185,-0.5234458154975153,0.5450962365111649
v9,feat_gbm,4.0,45,186,-2.705356931062555,-3.094441269353033
v9,feat_gbm,4.0,45,187,-0.3778465360921408,1.436275522654785
v9,feat_gbm,4.0,45,188,-0.7043073297447963,-0.003208414280501246
v9,feat_gbm,4.0,45,189,-1.7004897192053272,-2.0766448721687736
v9,feat_gbm,4.0,45,190,-2.394376332234525,-2.887011097372245
v9,feat_gbm,4.0,45,191,-0.0886699960324613,-0.19564387773269687
v9,feat_gbm,4.0,45,192,-1.4991684609028875,-3.39219136175158
v9,feat_gbm,4.0,45,193,-3.1894225457765146,-4.804455114758695
v9,feat_gbm,4.0,45,194,-1.885389165972715,-0.23230879418151415
v9,feat_gbm,4.0,45,195,0.7234747968062926,0.7768952289284052
v9,feat_gbm,4.0,45,196,-2.646861561565673,-3.0758975731441707
v9,feat_gbm,4.0,45,197,1.0903564844659763,1.8852948766094535
v9,feat_gbm,4.0,45,198,-0.12060419442300187,-0.07474663349946693
v9,feat_gbm,4.0,45,199,0.8183582904636142,0.9295509098669842
v9,feat_gbm,4.0,45,200,-0.029611448316963294,0.40408761039079466
v9,feat_gbm,4.0,45,201,-0.9804575301718931,-1.0185563947000995
v9,feat_gbm,4.0,45,202,-1.1295759830890388,-1.5812541435625456
v9,feat_gbm,4.0,45,203,-1.0167206004305578,-2.9269603411540346
v9,feat_gbm,4.0,45,204,-0.015125029889804324,-0.9368237022381455
v9,feat_gbm,4.0,45,205,-1.2633270672259254,-0.771906247259438
v9,feat_gbm,4.0,45,206,-1.9033683162336743,-1.4457766532498904
v9,feat_gbm,4.0,45,207,-0.8965526588154128,-2.4752738768021185
v9,feat_gbm,4.0,45,208,-1.3986283010559257,-2.8789590131308262
v9,feat_gbm,4.0,45,209,-1.6201840226914845,-2.6986856152036793
v9,feat_gbm,4.0,45,210,0.04765847522090239,0.05837096406180189
v9,feat_gbm,4.0,45,211,-2.4150950454123303,-2.2327070274631113
v9,feat_gbm,4.0,45,212,-0.10728809437266454,0.15758807445032513
v9,feat_gbm,4.0,45,213,0.3922147557925078,0.5234750924970406
v9,feat_gbm,4.0,45,214,0.5432361134074682,0.8312555987922697
v9,feat_gbm,4.0,45,215,-1.177621131810665,-0.7699972654610447
v9,feat_gbm,4.0,45,216,-2.2780240272496894,-2.4368834827463726
v9,feat_gbm,4.0,45,217,-2.1619108149716753,-3.7421886443248944
v9,feat_gbm,4.0,45,218,-2.2679357741577024,-4.3753265313120195
v9,feat_gbm,4.0,45,219,0.2539148708457273,0.13181597567614448
v9,feat_gbm,4.0,45,220,-2.2895887937622383,-2.150299196146146
v9,feat_gbm,4.0,45,221,-0.5390654861854213,0.4316281043505307
v9,feat_gbm,4.0,45,222,0.2649877751862513,0.20581216265343685
v9,feat_gbm,4.0,45,223,-3.0174016404401285,-1.7226779576420432
v9,feat_gbm,4.0,45,224,0.22780180862699623,1.0701061526100661
v9,feat_gbm,4.0,45,225,0.2771659962765126,-2.995983076644188
v9,feat_gbm,4.0,45,226,0.05794118424400153,-0.39103048890459524
v9,feat_gbm,4.0,45,227,-1.75558634855638,-2.811377433191803
v9,feat_gbm,4.0,45,228,-0.25925976582827903,0.1103569248772952
v9,feat_gbm,4.0,45,229,0.562398679647402,1.0926797996732165
v9,feat_gbm,4.0,45,230,-1.7795767803097386,-1.1465469989616057
v9,feat_gbm,4.0,45,231,-4.2263575529938615,-3.7045714701961474
v9,feat_gbm,4.0,45,232,-0.27575373318775853,-0.3205795311611984
v9,feat_gbm,4.0,45,233,0.36406639028821863,-0.7282288274356463
v9,feat_gbm,4.0,45,234,0.5022431235309992,-0.6143938277881194
v9,feat_gbm,4.0,45,235,-2.4760202483261,-3.717493513170671
v9,feat_gbm,4.0,45,236,-1.6277599426754374,-1.894186438607053
v9,feat_gbm,4.0,45,237,-0.14825294202382044,0.19101892391720615
v9,feat_gbm,4.0,45,238,-1.0894448286322396,-2.723653519266766
v9,feat_gbm,4.0,45,239,0.48345025537480923,0.28172679866345784
v9,feat_gbm,4.0,45,240,-0.8287260111025753,-0.570916259780521
v9,feat_gbm,4.0,45,241,-1.3153889451548864,-3.037607674189957
v9,feat_gbm,4.0,45,242,-2.2912184130175746,-2.4824067099880884
v9,feat_gbm,4.0,45,243,0.12724854266399183,1.793244191067856
v9,feat_gbm,4.0,45,244,-2.118710019605574,-2.170563194223024
v9,feat_gbm,4.0,45,245,-2.1025430508401497,-2.5580286375581696
v9,feat_gbm,4.0,45,246,-2.8561669425169303,-3.9013363177662743
v9,feat_gbm,4.0,45,247,-1.5210325700841079,-1.2689211715035387
v9,feat_gbm,4.0,45,248,-2.155768763007013,-2.89795980370705
v9,feat_gbm,4.0,45,249,0.10787828674724471,-1.149470325468549
v9,feat_gbm,4.0,45,250,-2.6550312253598145,-2.1803876537888693
v9,feat_gbm,4.0,45,251,-2.5924746497859052,-1.2010659028736028
v9,feat_gbm,4.0,45,252,-2.4726705616365887,-2.675840590612525
v9,feat_gbm,4.0,45,253,-1.4319519058703878,-0.865421424414132
v9,feat_gbm,4.0,45,254,-0.5026841291467702,-0.45089388998719687
v9,feat_gbm,4.0,45,255,-1.1093867289536379,-1.477655138121315
v9,feat_gbm,4.0,45,256,-1.3638394141121506,-1.9234128661936198
v9,feat_gbm,4.0,45,257,-1.1170238901821175,-0.8895479413744646
v9,feat_gbm,4.0,45,258,-0.8508182190874257,-1.284701881398344
v9,feat_gbm,4.0,45,259,-0.04214832081521449,0.03791276039075724
v9,feat_gbm,4.0,45,260,0.07675959003735212,-1.213907680807544
v9,feat_gbm,4.0,45,261,0.08486308049626988,-0.6937064881158975
v9,feat_gbm,4.0,45,262,-3.0485230309125013,-2.500344974429108
v9,feat_gbm,4.0,45,263,-2.754000788568,-3.0782877743164985
v9,feat_gbm,4.0,45,264,-3.0593722280837135,-3.2702790535172426
v9,feat_gbm,4.0,45,265,-0.10044708743476781,-0.15746453031192983
v9,feat_gbm,4.0,45,266,-1.225276280952151,-1.3930653126164372
v9,feat_gbm,4.0,45,267,-4.123138047093939,-3.460520174484755
v9,feat_gbm,4.0,45,268,-2.0995559947515576,-1.8115923421665279
v9,feat_gbm,4.0,45,269,0.5193252893815475,-0.04785951915829837
v9,feat_gbm,4.0,45,270,-2.285051345777121,-1.3387838926701625
v9,feat_gbm,4.0,45,271,0.444049374863398,0.6172482925771328
v9,feat_gbm,4.0,45,272,-0.7322569881563322,0.10718580269537517
v9,feat_gbm,4.0,45,273,-1.081619813459982,-2.4250613993713395
v9,feat_gbm,4.0,45,274,-3.1426326819820702,-0.4656136934058211
v9,feat_gbm,4.0,45,275,-2.251534504591497,-1.7679071058666047
v9,feat_gbm,4.0,45,276,-0.5228626933367303,-0.15192249005847586
v9,feat_gbm,4.0,45,277,-0.7621331192399835,-0.22686658439221394
v9,feat_gbm,4.0,45,278,-2.1594204441291844,-0.3963273628232521
v9,feat_gbm,4.0,45,279,-2.4162046704171685,-2.1916982233579314
v9,feat_gbm,4.0,45,280,-0.671790147087972,0.5138857123822332
v9,feat_gbm,4.0,45,281,-1.0722568920482016,0.13501120436460418
v9,feat_gbm,4.0,45,282,0.13244288307912883,-0.35232291748203215
v9,feat_gbm,4.0,45,283,-0.06490156834049499,0.33710059568630363
v9,feat_gbm,4.0,45,284,0.12655431769368122,2.2269494594330284
v9,feat_gbm,4.0,45,285,-1.7309745240832488,-0.8523290277873723
v9,feat_gbm,4.0,45,286,-0.0891352651548663,0.5032694866056324
v9,feat_gbm,4.0,45,287,-3.9109738717830043,-3.0734310124071125
v9,feat_gbm,4.0,45,288,-2.533347659873133,-3.0969464995649485
v9,feat_gbm,4.0,45,289,-0.17599117452599572,0.8088909840914691
v9,feat_gbm,4.0,45,290,-3.2593596275151966,-1.710735902712342
v9,feat_gbm,4.0,45,291,-0.5102400235228527,-0.24588513525180683
v9,feat_gbm,4.0,45,292,-1.9278531419249674,-2.9910915714149957
v9,feat_gbm,4.0,45,293,-0.1376933813411227,0.24397961438558982
v9,feat_gbm,4.0,45,294,-0.004492257198304765,0.9827222917401395
v9,feat_gbm,4.0,45,295,0.3930282202454979,1.5399914318848642
v9,feat_gbm,4.0,45,296,-2.4089071285042367,-3.028104854063688
v9,feat_gbm,4.0,45,297,-1.793032278317303,-1.9675880903276046
v9,feat_gbm,4.0,45,298,0.042439151341476,0.3882116190950413
v9,feat_gbm,4.0,45,299,-2.2537088268838885,-0.4169590587595381
v9,feat_gbm,4.0,45,300,-1.1088835097251768,-0.47104701624968015
v9,feat_gbm,4.0,45,301,-0.7134666630310512,-0.5788171023402015
v9,feat_gbm,4.0,45,302,-3.6001437329100847,-3.325334912618423
v9,feat_gbm,4.0,45,303,-0.27760566497918715,0.27214776974989446
v9,feat_gbm,4.0,45,304,-0.10641321584289329,0.2838761456734127
v9,feat_gbm,4.0,45,305,0.3817416785214568,0.98356576927226
v9,feat_gbm,4.0,45,306,-1.133016257627168,-2.324804251846344
v9,feat_gbm,4.0,45,307,0.1711840932841784,-0.30060412365222405
v9,feat_gbm,4.0,45,308,-3.0971117118039397,-3.5706943269006843
v9,feat_gbm,4.0,45,309,-0.9231367959756166,0.7657986236992217
v9,feat_gbm,4.0,45,310,-1.3849546370848638,-0.3760212383278314
v9,feat_gbm,4.0,45,311,1.1141075784925427,0.903367601886353
v9,feat_gbm,4.0,45,312,0.49872723926408746,0.2834145554969618
v9,feat_gbm,4.0,45,313,-0.3978933429516731,-0.8750381269167363
v9,feat_gbm,4.0,45,314,-3.333080253720637,-0.8911054934067958
v9,feat_gbm,4.0,45,315,0.09076533170305243,0.2699623908229132
v9,feat_gbm,4.0,45,316,-2.6095635319914465,-4.034449774534175
v9,feat_gbm,4.0,45,317,0.011815998740494578,0.7302045063515665
v9,feat_gbm,4.0,45,318,-2.6253120849933995,-2.5264159394565007
v9,feat_gbm,4.0,45,319,-2.510847016624633,-3.1280680478747835
v9,feat_gbm,4.0,45,320,-0.024132413508537016,-0.623194388118803
v9,feat_gbm,4.0,45,321,-2.3767135637564922,-4.172922463867305
v9,feat_gbm,4.0,45,322,0.5223660415938004,1.0714029341973417
v9,feat_gbm,4.0,45,323,-2.14631772437308,-2.5538050374755565
v9,feat_gbm,4.0,45,324,-1.445088906148613,-1.5310020975326282
v9,feat_gbm,4.0,45,325,-0.047625983987697545,-0.735749980772127
v9,feat_gbm,4.0,45,326,-1.407444610529984,-0.5010306012352705
v9,feat_gbm,4.0,45,327,-3.403253908920542,-4.393123087746285
v9,feat_gbm,4.0,45,328,-0.859501473283896,0.6439364857563509
v9,feat_gbm,4.0,45,329,-2.094500123685683,-2.60760252445046
v9,feat_gbm,4.0,45,330,0.129544263599966,0.46983427811083467
v9,feat_gbm,4.0,45,331,-0.21769579155268579,-1.149354435920189
v9,feat_gbm,4.0,45,332,-2.001580434876524,-1.0961264399974935
v9,feat_gbm,4.0,45,333,0.34073405523351935,1.4253561556633074
v9,feat_gbm,4.0,45,334,0.8212740190960676,1.0406546288822482
v9,feat_gbm,4.0,45,335,-0.8095977908825017,-0.1286217558512718
v9,feat_gbm,4.0,45,336,-1.4135141571513508,-1.7275974260064488
v9,feat_gbm,4.0,45,337,-2.0106235152996246,-4.535227665039715
v9,feat_gbm,4.0,45,338,-0.1156835700943865,-1.078833843619319
v9,feat_gbm,4.0,45,339,-1.450865250076746,-2.035297396751524
v9,feat_gbm,4.0,45,340,-0.1493615021827419,0.4788286932125707
v9,feat_gbm,4.0,45,341,-1.0950753453095343,-0.4595082096564039
v9,feat_gbm,4.0,45,342,-2.8704734757182297,-3.653430804591794
v9,feat_gbm,4.0,45,343,0.6032135910615769,0.2834522663037432
v9,feat_gbm,4.0,45,344,0.18493940024472844,-0.15984972455285287
v9,feat_gbm,4.0,45,345,-2.760790350088908,-3.8822970119574354
v9,feat_gbm,4.0,45,346,-2.1148906610595186,-2.5801989990218064
v9,feat_gbm,4.0,45,347,-3.43551750019735,-3.2622630695286134
v9,feat_gbm,4.0,45,348,-1.3561478457482499,-0.4894561152880944
v9,feat_gbm,4.0,45,349,-3.0909683243038555,-3.0223552414624764
v9,feat_gbm,4.0,45,350,0.2645098887839416,0.4215072765335228
v9,feat_gbm,4.0,45,351,-2.7679484042435827,-1.8152752103400673
v9,feat_gbm,4.0,45,352,0.48977751269573444,1.102263670511441
v9,feat_gbm,4.0,45,353,0.6251324999689415,1.4454852001466738
v9,feat_gbm,4.0,45,354,-2.8752987576357936,-3.6770060333191017
v9,feat_gbm,4.0,45,355,-2.0797121876271087,-5.078652858832153
v9,feat_gbm,4.0,45,356,0.17837474344801083,0.7815322159665122
v9,feat_gbm,4.0,45,357,0.2296008818578587,0.6775133790495483
v9,feat_gbm,4.0,45,358,-2.7339065491446637,-3.5163570325540956
v9,feat_gbm,4.0,45,359,-2.8066943383874614,-4.157760523739404
v9,feat_gbm,4.0,45,360,-0.6717460156854408,-0.18386357284099003
v9,feat_gbm,4.0,45,361,-2.7332164810942543,-4.477383009144865
v9,feat_gbm,4.0,45,362,-0.39130562277727265,0.2909126951240761
v9,feat_gbm,4.0,45,363,-1.3080455164240827,-3.5121531596302606
v9,feat_gbm,4.0,45,364,-0.26286001844092244,-0.0019354464452207268
v9,feat_gbm,4.0,45,365,-2.574234482232671,-3.264666087597375
v9,feat_gbm,4.0,45,366,-2.089459112971523,-1.4961090632143375
v9,feat_gbm,4.0,45,367,-0.8343965241454283,-0.10305907560987346
v9,feat_gbm,4.0,45,368,-0.8437087172743869,0.24601275195113992
v9,feat_gbm,4.0,45,369,-3.00063507493073,-1.6400355118163064
v9,feat_gbm,4.0,45,370,-0.8521402851756611,-1.5399226532969161
v9,feat_gbm,4.0,45,371,-0.7193808062664505,-0.3336387161155974
v9,feat_gbm,4.0,45,372,-0.6427830308050128,0.3185760540422761
v9,feat_gbm,4.0,45,373,-0.5546190969552339,-0.30756424411789
v9,feat_gbm,4.0,45,374,-3.3642533562311896,-3.551435429619069
v9,feat_gbm,4.0,45,375,0.441067651331391,-0.12846918127015178
v9,feat_gbm,4.0,45,376,0.0713328930614274,0.43413099611324796
v9,feat_gbm,4.0,45,377,0.013711445219992305,0.8095384731463161
v9,feat_gbm,4.0,45,378,0.4298469457349956,0.20303525329731625
v9,feat_gbm,4.0,45,379,0.10156756439968699,0.524784145223057
v9,feat_gbm,4.0,45,380,0.017400703955649154,0.8722609808312535
v9,feat_gbm,4.0,45,381,0.11648209098021083,1.0190202163897197
v9,feat_gbm,4.0,45,382,-0.6844994631042599,1.2715191268303472
v9,feat_gbm,4.0,45,383,-1.3743233709137919,-0.13923746667536385
v9,feat_gbm,4.0,45,384,-0.5485292860161352,-1.7983983483294153
v9,feat_gbm,4.0,45,385,-0.33213020431506307,0.5606037150840157
v9,feat_gbm,4.0,45,386,0.5064804112819534,0.6003456151224621
v9,feat_gbm,4.0,45,387,0.4634594097498516,1.3071718981356573
v9,feat_gbm,4.0,45,388,-0.805688772200413,-0.19457283568776126
v9,feat_gbm,4.0,45,389,-1.8119975527630197,-0.981880356960367
v9,feat_gbm,4.0,45,390,-2.6625054726726,-2.628024059072158
v9,feat_gbm,4.0,45,391,-2.820165425689142,-2.479262758098376
v9,feat_gbm,4.0,45,392,-1.3374320658917835,-2.207941629114672
v9,feat_gbm,4.0,45,393,-2.64750342336632,-2.806586620215901
v9,feat_gbm,4.0,45,394,-1.8516261161582201,-0.16842623590390868
v9,feat_gbm,4.0,45,395,0.3077131358457126,0.3596423409999632
v9,feat_gbm,4.0,45,396,-1.3015454788780714,-3.117667066362407
v9,feat_gbm,4.0,45,397,0.4032934925991759,0.6134086288650079
v9,feat_gbm,4.0,45,398,0.4138373171119234,0.5049020087080688
v9,feat_gbm,4.0,45,399,-1.5437325752444027,-1.0548605918119196
v9,feat_gbm,4.0,45,400,-1.4564488983407113,-2.877676775828332
v9,feat_gbm,4.0,45,401,0.7349305806374792,0.015654415635624343
v9,feat_gbm,4.0,45,402,-0.032294816180943306,-0.7027824676465185
v9,feat_gbm,4.0,45,403,-0.4207800869088526,0.6733427913489138
v9,feat_gbm,4.0,45,404,-0.49189229841839854,0.03259550049258387
v9,feat_gbm,4.0,45,405,-3.0773787445377745,-3.4179416205706223
v9,feat_gbm,4.0,45,406,-1.5775695836984234,-1.6563158072976616
v9,feat_gbm,4.0,45,407,-0.6553363288030022,0.3281041495218151
v9,feat_gbm,4.0,45,408,-2.6063415699182064,-1.498502430121411
v9,feat_gbm,4.0,45,409,-0.7278419807690993,-1.5390850133499359
v9,feat_gbm,4.0,45,410,-2.8329530089734067,-3.8769914364338094
v9,feat_gbm,4.0,45,411,0.48068272541714674,-1.1093409530974205
v9,feat_gbm,4.0,45,412,-1.2155771227944034,-2.1356441225652167
v9,feat_gbm,4.0,45,413,-0.010856341056823978,0.5613925387002681
v9,feat_gbm,4.0,45,414,-2.2318832774061095,-2.672303525149137
v9,feat_gbm,4.0,45,415,0.3815031119369875,0.9887747910888531
v9,feat_gbm,4.0,45,416,-1.667274630964349,-2.064740642123073
v9,feat_gbm,4.0,45,417,-1.7965998970830521,-0.13534283366780814
v9,feat_gbm,4.0,45,418,0.21956723249548663,0.5266566940316069
v9,feat_gbm,4.0,45,419,1.1515056825697934,-0.7929716308762645
v9,feat_gbm,4.0,45,420,0.17991494799587288,0.22081989653443584
v9,feat_gbm,4.0,45,421,-3.823981068937093,-3.4911396429773087
v9,feat_gbm,4.0,45,422,-0.11307287138725915,0.4691563032653497
v9,feat_gbm,4.0,45,423,-0.08033830336965177,-0.21242164749251408
v9,feat_gbm,4.0,45,424,-2.801215521641908,-2.0235730224261497
v9,feat_gbm,4.0,45,425,-0.5273823390398683,0.1881042769243711
v9,feat_gbm,4.0,45,426,-1.1562390872120318,-0.7546830882020855
v9,feat_gbm,4.0,45,427,-1.632430066378508,-2.004418163271322
v9,feat_gbm,4.0,45,428,-0.016191858427078532,0.08108350485015015
v9,feat_gbm,4.0,45,429,-1.1860172917941592,-0.8958783842144782
v9,feat_gbm,4.0,45,430,-0.09209632009446025,-0.700178367515834
v9,feat_gbm,4.0,45,431,-2.979011516724743,-2.026447754843476
v9,feat_gbm,4.0,45,432,-1.8245094744454315,-3.3644112924118934
v9,feat_gbm,4.0,45,433,-1.3581361682747715,-2.4777804975332844
v9,feat_gbm,4.0,45,434,-2.689553185813156,-3.6407879329147783
v9,feat_gbm,4.0,45,435,0.20458238258792522,0.8140524350977956
v9,feat_gbm,4.0,45,436,-0.25521312351156394,-0.6342245759550225
v9,feat_gbm,4.0,45,437,-0.09288262092653066,-1.0170271575608654
v9,feat_gbm,4.0,45,438,0.03782440499447077,1.2058566336630974
v9,feat_gbm,4.0,45,439,0.9064019844842673,1.04159183954478
v9,feat_gbm,4.0,45,440,-0.9890889104111081,-0.383754051292973
v9,feat_gbm,4.0,45,441,0.4217056522938509,0.9717849563735496
v9,feat_gbm,4.0,45,442,0.063763284721319,0.915394257773604
v9,feat_gbm,4.0,45,443,0.009804426779539613,0.17619398118278368
v9,feat_gbm,4.0,45,444,-1.9837870568084752,-2.3026142847949007
v9,feat_gbm,4.0,45,445,-0.0409471732403272,-2.156995715227189
v9,feat_gbm,4.0,45,446,-2.243589506567014,-1.9647154613855007
v9,feat_gbm,4.0,45,447,-1.3256403052775294,-1.2167428909736953
v9,feat_gbm,4.0,45,448,-0.8789546531880321,0.371748058948411
v9,feat_gbm,4.0,45,449,-3.894100121619152,-3.354914600670279
v9,feat_gbm,4.0,45,450,-3.1119549968808853,-2.0984010901330774
v9,feat_gbm,4.0,45,451,-2.2039776653188627,-1.8411195968283314
v9,feat_gbm,4.0,45,452,0.45410494348951325,-0.2866386615093297
v9,feat_gbm,4.0,45,453,-1.0850037096324912,-2.1769502099219324
v9,feat_gbm,4.0,45,454,-0.43552274570964944,0.851829112076475
v9,feat_gbm,4.0,45,455,0.7041489386155044,-0.5174982843777256
v9,feat_gbm,4.0,45,456,-1.7883355805130075,-3.7883351795095335
v9,feat_gbm,4.0,45,457,-1.5200328398357013,-1.3225504843777425
v9,feat_gbm,4.0,45,458,-0.11696810846400804,-0.6304710111145473
v9,feat_gbm,4.0,45,459,-3.2756874450405857,-2.867776928577639
v9,feat_gbm,4.0,45,460,0.12715647603807748,-0.20106453453544149
v9,feat_gbm,4.0,45,461,0.24575057788108867,0.565413433251147
v9,feat_gbm,4.0,45,462,-0.6832734953700391,0.6531860801292728
v9,feat_gbm,4.0,45,463,-2.2441784625260617,-3.295531334571209
v9,feat_gbm,4.0,45,464,-1.2183969045883407,-1.118951529136503
v9,feat_gbm,4.0,45,465,-0.6602498566203111,0.08535922256033004
v9,feat_gbm,4.0,45,466,1.0369659828118705,0.2656879386171551
v9,feat_gbm,4.0,45,467,-0.5259104747180252,-1.0764680911985907
v9,feat_gbm,4.0,45,468,0.26211761425149016,2.2503813782282114
v9,feat_gbm,4.0,45,469,0.19442125430092483,-0.029700274932011248
v9,feat_gbm,4.0,45,470,-2.1787621482373054,-2.1918010579584375
v9,feat_gbm,4.0,45,471,-0.9737972919873916,-0.12537364897776127
v9,feat_gbm,4.0,45,472,-1.3676918456964542,-1.3714574409892777
v9,feat_gbm,4.0,45,473,-2.4302129363514866,-1.0216450817816245
v9,feat_gbm,4.0,45,474,-1.2251294887380964,-0.8313233833759152
v9,feat_gbm,4.0,45,475,-2.993624734226927,-3.25243582884057
v9,feat_gbm,4.0,45,476,0.0669263472941793,0.8737365575305754
v9,feat_gbm,4.0,45,477,-2.016359156750237,-1.8373017486027088
v9,feat_gbm,4.0,45,478,-1.3256834820805132,-1.909749317133085
v9,feat_gbm,4.0,45,479,-1.531162229382204,0.418341725137149
v9,feat_gbm,4.0,45,480,-1.0474332247305218,-2.8689304810445995
v9,feat_gbm,4.0,45,481,-2.887705921909735,-3.9192950012633494
v9,feat_gbm,4.0,45,482,0.7972316992220964,0.8191907452202399
v9,feat_gbm,4.0,45,483,-0.7111835661151963,-2.7371748494528005
v9,feat_gbm,4.0,45,484,0.120992780432004,0.043868991079412875
v9,feat_gbm,4.0,45,485,-1.8687897774837048,-3.9571024828402512
v9,feat_gbm,4.0,45,486,-2.4591033216288296,-0.8286091055291892
v9,feat_gbm,4.0,45,487,0.8510158212427399,1.1086460137612473
v9,feat_gbm,4.0,45,488,-0.6701483478603222,-1.0899995989348372
v9,feat_gbm,4.0,45,489,-2.9535052608191807,-2.9260181182274523
v9,feat_gbm,4.0,45,490,-2.649536042488933,0.01778898425240747
v9,feat_gbm,4.0,45,491,-0.48042071104461437,-0.388546054063584
v9,feat_gbm,4.0,45,492,-0.7677688423059611,-0.8483910406321095
v9,feat_gbm,4.0,45,493,-2.7734830059262583,-2.4855190663855797
v9,feat_gbm,4.0,45,494,-0.039963404786151395,-0.6027729178489412
v9,feat_gbm,4.0,45,495,-0.9173725064436871,-1.5285925057254015
v9,feat_gbm,4.0,45,496,0.2296215653748115,1.0092174422839322
v9,feat_gbm,4.0,45,497,-3.1669680546105465,-2.421052301727873
v9,feat_gbm,4.0,45,498,-2.75052882867288,-3.2283141264699093
v9,feat_gbm,4.0,45,499,-2.7841935795928214,-4.907212199848568
v9,feat_gbm,4.0,46,0,-0.18686034201347534,0.03894909458183669
v9,feat_gbm,4.0,46,1,-1.9686934885924827,-2.5052564746229193
v9,feat_gbm,4.0,46,2,-0.12488979380123948,0.6287827851917782
v9,feat_gbm,4.0,46,3,-2.8994883932616373,-3.3447289283878643
v9,feat_gbm,4.0,46,4,0.9804287938270034,0.9694015026406426
v9,feat_gbm,4.0,46,5,-1.7445685656118493,-2.4693709778233526
v9,feat_gbm,4.0,46,6,0.19509723957063363,-0.2819211013310965
v9,feat_gbm,4.0,46,7,0.25693210329391675,0.5289578846490461
v9,feat_gbm,4.0,46,8,0.2396416419154252,0.032863622186365654
v9,feat_gbm,4.0,46,9,0.5109165468689595,0.9352707853930591
v9,feat_gbm,4.0,46,10,-1.5729027191122904,-1.5987558134683666
v9,feat_gbm,4.0,46,11,-1.5158235765401509,-3.2678706438993954
v9,feat_gbm,4.0,46,12,-0.7285186139953408,-2.445380546146449
v9,feat_gbm,4.0,46,13,-0.37730553232080377,-0.4471217519653716
v9,feat_gbm,4.0,46,14,-1.7365423629161045,-1.8343062920535937
v9,feat_gbm,4.0,46,15,-2.953834924512533,-2.278287047942225
v9,feat_gbm,4.0,46,16,-1.2990691296516599,-1.113015507562239
v9,feat_gbm,4.0,46,17,0.1896074199453941,-1.149386040828735
v9,feat_gbm,4.0,46,18,-1.302564271975597,-0.4541092694382234
v9,feat_gbm,4.0,46,19,-1.8649014494573288,-2.8798658660471284
v9,feat_gbm,4.0,46,20,-2.012679905094364,-3.281006200299989
v9,feat_gbm,4.0,46,21,-0.47308835052584997,-0.7889402030111288
v9,feat_gbm,4.0,46,22,-1.7662201096512924,-0.48114593055133975
v9,feat_gbm,4.0,46,23,-1.9368602106083581,-2.8038114998165153
v9,feat_gbm,4.0,46,24,-2.101886309841407,-2.6726430450531393
v9,feat_gbm,4.0,46,25,-2.4099393335949317,-3.141178249464176
v9,feat_gbm,4.0,46,26,-2.9260035890324807,-3.8612362310489847
v9,feat_gbm,4.0,46,27,-2.470147432308006,-3.085821277369337
v9,feat_gbm,4.0,46,28,-0.8832351187123406,-2.1153791712035637
v9,feat_gbm,4.0,46,29,-1.304797059533409,-0.5854112868629942
v9,feat_gbm,4.0,46,30,-0.15440445011957016,0.13849791927417068
v9,feat_gbm,4.0,46,31,-3.4929758748201127,-2.779654184179668
v9,feat_gbm,4.0,46,32,0.6305820120513329,0.9166392391011026
v9,feat_gbm,4.0,46,33,-1.2056330109421036,-2.134444297962007
v9,feat_gbm,4.0,46,34,0.19669089298082162,1.1224191581864646
v9,feat_gbm,4.0,46,35,-1.2513106170055102,-2.7514680837461087
v9,feat_gbm,4.0,46,36,-0.6405122036553536,0.7493710802437775
v9,feat_gbm,4.0,46,37,-1.6491107985697129,-2.157600461660938
v9,feat_gbm,4.0,46,38,-3.510955388813007,-1.7436371170468024
v9,feat_gbm,4.0,46,39,0.23233657897949567,0.632388610685479
v9,feat_gbm,4.0,46,40,-1.7669807236477384,-1.5024753827969588
v9,feat_gbm,4.0,46,41,-1.9703791009909355,-2.936018587066778
v9,feat_gbm,4.0,46,42,-0.3437740033777784,-0.06406961406287034
v9,feat_gbm,4.0,46,43,-0.340299722195382,-0.43711075337934485
v9,feat_gbm,4.0,46,44,-0.9258649935117024,0.521724778538647
v9,feat_gbm,4.0,46,45,0.4389022555564848,-0.02881562555915001
v9,feat_gbm,4.0,46,46,-2.9936410984469384,-2.6856700943784895
v9,feat_gbm,4.0,46,47,-2.5201713341560503,-3.3419513202228783
v9,feat_gbm,4.0,46,48,-0.04954222123347037,-0.35240032436669677
v9,feat_gbm,4.0,46,49,-2.541967368244312,-4.466027560457086
v9,feat_gbm,4.0,46,50,-1.0123382909333685,-1.2227887404747313
v9,feat_gbm,4.0,46,51,-2.3740948026359527,-4.168130875201601
v9,feat_gbm,4.0,46,52,-2.9858255555839244,-2.1825653069440887
v9,feat_gbm,4.0,46,53,-1.6459426059022682,-2.816977102698189
v9,feat_gbm,4.0,46,54,-0.8642309827040178,-0.9520374156321785
v9,feat_gbm,4.0,46,55,0.7857764163695725,0.800460094219776
v9,feat_gbm,4.0,46,56,0.40591474413820655,0.2782562560211116
v9,feat_gbm,4.0,46,57,0.11514186035631274,-0.7855200046266205
v9,feat_gbm,4.0,46,58,-2.317058623309519,-2.837973637743256
v9,feat_gbm,4.0,46,59,-1.1413748734385427,0.3653424354755994
v9,feat_gbm,4.0,46,60,-1.9710576703603915,-3.145987746693799
v9,feat_gbm,4.0,46,61,-0.8210992062413297,-2.1381844357326614
v9,feat_gbm,4.0,46,62,-0.3014212065516709,0.3908315550690521
v9,feat_gbm,4.0,46,63,-2.75204190230917,-3.259739876316779
v9,feat_gbm,4.0,46,64,-2.821287113838337,-3.799325775609258
v9,feat_gbm,4.0,46,65,-1.03823795290947,0.2842997557356093
v9,feat_gbm,4.0,46,66,0.22263644200729926,0.9099380077885143
v9,feat_gbm,4.0,46,67,0.29505354619918306,0.5741223235018287
v9,feat_gbm,4.0,46,68,0.6947847256842279,1.3807263582335993
v9,feat_gbm,4.0,46,69,-0.04637598747720145,2.7357387204405055
v9,feat_gbm,4.0,46,70,-0.039771918670201044,-0.3782017485149665
v9,feat_gbm,4.0,46,71,0.1462985490683179,-0.6946521973220513
v9,feat_gbm,4.0,46,72,-2.806275329778362,-3.510295151868067
v9,feat_gbm,4.0,46,73,-0.08248756514362687,-0.3643686170400702
v9,feat_gbm,4.0,46,74,1.2950122743382797,1.1835884152793859
v9,feat_gbm,4.0,46,75,-0.052676921574699595,-0.38644824542838596
v9,feat_gbm,4.0,46,76,-0.6409506662666271,0.7005004452467647
v9,feat_gbm,4.0,46,77,-2.2943384113769962,0.3770911051312199
v9,feat_gbm,4.0,46,78,-0.13204694367339373,-0.5374783823521183
v9,feat_gbm,4.0,46,79,-2.284179704475846,-3.2499450611549854
v9,feat_gbm,4.0,46,80,-2.3944145617044104,-1.719925172279684
v9,feat_gbm,4.0,46,81,0.4477669226783268,1.8185710395242058
v9,feat_gbm,4.0,46,82,-1.5853436094889626,-1.0758778979961314
v9,feat_gbm,4.0,46,83,0.47857108898007145,-0.8033140510569362
v9,feat_gbm,4.0,46,84,-1.1623603116434609,-2.0837035815006346
v9,feat_gbm,4.0,46,85,-1.3129945880458203,-1.2430797823904942
v9,feat_gbm,4.0,46,86,0.35301997383837647,0.639317965424242
v9,feat_gbm,4.0,46,87,-1.0392062016123274,-0.02321591952008587
v9,feat_gbm,4.0,46,88,-1.8266652807681831,-3.512086916650174
v9,feat_gbm,4.0,46,89,-0.6497056832104157,-1.684363733317816
v9,feat_gbm,4.0,46,90,-3.501299620240534,-3.5341996208099964
v9,feat_gbm,4.0,46,91,0.5160986341743511,1.1574629997660548
v9,feat_gbm,4.0,46,92,-1.3542436758299803,-0.7651863719989663
v9,feat_gbm,4.0,46,93,-2.789406518714891,-5.7708125015304885
v9,feat_gbm,4.0,46,94,0.2900207932533699,0.07374698385127064
v9,feat_gbm,4.0,46,95,-1.2448965743585894,1.201566413592891
v9,feat_gbm,4.0,46,96,0.05170881822024391,1.2655480006709303
v9,feat_gbm,4.0,46,97,-3.106074344387489,-3.2217777708537843
v9,feat_gbm,4.0,46,98,-2.6161651687426604,-1.2120387208328698
v9,feat_gbm,4.0,46,99,-0.11517646825573821,-0.04015373686183237
v9,feat_gbm,4.0,46,100,-2.024145346891109,-2.8384481914339785
v9,feat_gbm,4.0,46,101,-2.4959955331800634,-3.541068619782685
v9,feat_gbm,4.0,46,102,-3.799972143835418,-4.424727465058162
v9,feat_gbm,4.0,46,103,-1.3392656212221825,-0.7652009130347144
v9,feat_gbm,4.0,46,104,-2.1862881174025475,-0.406664655497914
v9,feat_gbm,4.0,46,105,-1.6430366036012518,-2.8019031633754246
v9,feat_gbm,4.0,46,106,-1.5305418640703514,-1.1978192780958505
v9,feat_gbm,4.0,46,107,-1.602851633700696,-1.2497822804421463
v9,feat_gbm,4.0,46,108,0.09883234099528149,-0.2003702404752673
v9,feat_gbm,4.0,46,109,-1.3771496402335726,-0.28745536208379296
v9,feat_gbm,4.0,46,110,-0.013320501511446805,0.2838469771831524
v9,feat_gbm,4.0,46,111,-0.2581980418000853,0.6579850926301614
v9,feat_gbm,4.0,46,112,0.1971906105613632,-0.4279263804064609
v9,feat_gbm,4.0,46,113,-0.9113633176009418,0.527327823801956
v9,feat_gbm,4.0,46,114,-3.88443293775832,-3.652947895428966
v9,feat_gbm,4.0,46,115,-2.1998949003093844,-0.04287987221360797
v9,feat_gbm,4.0,46,116,-3.165289489674981,-3.4409421360670214
v9,feat_gbm,4.0,46,117,-2.2293091984267734,-2.4284095097884006
v9,feat_gbm,4.0,46,118,-1.874501721684017,-1.419217075367618
v9,feat_gbm,4.0,46,119,-1.8639644108819138,-1.4944271796191557
v9,feat_gbm,4.0,46,120,-2.4060965320263965,-2.797137626437216
v9,feat_gbm,4.0,46,121,0.6015997005809879,3.1321125804877905
v9,feat_gbm,4.0,46,122,-2.545074793627516,-3.164895556438051
v9,feat_gbm,4.0,46,123,0.4728965303472757,-0.021234684620174846
v9,feat_gbm,4.0,46,124,0.13153740528709917,-1.246001114532972
v9,feat_gbm,4.0,46,125,-3.146081871609109,-2.7130193085566443
v9,feat_gbm,4.0,46,126,-1.4768534023550843,-2.0560780011130944
v9,feat_gbm,4.0,46,127,-1.3530848747486057,-1.631222331554067
v9,feat_gbm,4.0,46,128,-1.7467444206548155,-3.477307725783656
v9,feat_gbm,4.0,46,129,0.3104999304521491,1.7007542891568868
v9,feat_gbm,4.0,46,130,-1.771716040735967,-3.4021624962570822
v9,feat_gbm,4.0,46,131,-3.070363347547358,-3.701149444421242
v9,feat_gbm,4.0,46,132,0.15272626220354607,-0.4116741376471012
v9,feat_gbm,4.0,46,133,0.1461326956087402,-0.5680375850475197
v9,feat_gbm,4.0,46,134,-1.634606048340297,-1.4788189923590598
v9,feat_gbm,4.0,46,135,-0.9916706901178614,-2.9896549957503007
v9,feat_gbm,4.0,46,136,0.15113618280311814,0.11194117436713467
v9,feat_gbm,4.0,46,137,0.3227422804176762,1.7147062893715772
v9,feat_gbm,4.0,46,138,-2.626507252774618,-1.9709125209383296
v9,feat_gbm,4.0,46,139,-0.4622384946298099,0.19937477723826902
v9,feat_gbm,4.0,46,140,-2.187751543378867,-2.8223726616431475
v9,feat_gbm,4.0,46,141,-0.23908417905122764,-0.12380828599000025
v9,feat_gbm,4.0,46,142,-1.9590959703940587,-2.97521232911642
v9,feat_gbm,4.0,46,143,-2.1306687580169683,-1.9484557479617686
v9,feat_gbm,4.0,46,144,0.8469549442717018,1.244093655886106
v9,feat_gbm,4.0,46,145,-3.274188570645546,-2.0280859266176816
v9,feat_gbm,4.0,46,146,-1.5723739053937522,-2.0754073031653366
v9,feat_gbm,4.0,46,147,0.13918268827232438,-0.11331641159387335
v9,feat_gbm,4.0,46,148,-1.6340756394539724,-2.620298039600635
v9,feat_gbm,4.0,46,149,-3.0978111966161417,-3.8395532227602396
v9,feat_gbm,4.0,46,150,-1.0774809143673212,-2.149698272240366
v9,feat_gbm,4.0,46,151,-2.2027191308094003,-3.1594376779318036
v9,feat_gbm,4.0,46,152,-1.5306298810368797,-2.7712141114581046
v9,feat_gbm,4.0,46,153,-0.7489042789238228,-1.1483368403810985
v9,feat_gbm,4.0,46,154,0.11580868303318524,-1.4700676700115773
v9,feat_gbm,4.0,46,155,1.1342381656202736,1.4088416749712322
v9,feat_gbm,4.0,46,156,-0.28620570408560714,0.7564704220494097
v9,feat_gbm,4.0,46,157,-2.460534271230058,-1.7148995557963913
v9,feat_gbm,4.0,46,158,-1.5509891425073534,-2.8595355115547196
v9,feat_gbm,4.0,46,159,-1.4213845903445457,-0.9922400520728849
v9,feat_gbm,4.0,46,160,1.1706957379361438,1.8585227307534937
v9,feat_gbm,4.0,46,161,-2.1935728187598245,-2.477654537850602
v9,feat_gbm,4.0,46,162,-0.11459057678324042,-2.993764039868935
v9,feat_gbm,4.0,46,163,-0.9236003595721609,-1.1722671160336509
v9,feat_gbm,4.0,46,164,-1.6917172149675392,-1.6577576086204497
v9,feat_gbm,4.0,46,165,-2.24669912836712,-2.9770186999323642
v9,feat_gbm,4.0,46,166,-3.511832975405331,-3.2329952824425443
v9,feat_gbm,4.0,46,167,-0.6382811889174346,0.19550508612775644
v9,feat_gbm,4.0,46,168,-0.7619542837182903,-1.2639642813248737
v9,feat_gbm,4.0,46,169,-1.331016423220771,1.4224064134580066
v9,feat_gbm,4.0,46,170,-2.104280670389865,-1.5303724784706008
v9,feat_gbm,4.0,46,171,0.5549521143090085,0.6086346650572224
v9,feat_gbm,4.0,46,172,0.2225846362528135,-0.052232489626048526
v9,feat_gbm,4.0,46,173,-1.8487347297624646,-0.19074605880313256
v9,feat_gbm,4.0,46,174,-2.1255535630651434,-2.7678232596734214
v9,feat_gbm,4.0,46,175,-2.1348834586741146,-1.6557092188829319
v9,feat_gbm,4.0,46,176,0.23608412305478008,0.12081831439914445
v9,feat_gbm,4.0,46,177,-0.6599763004199205,3.7031714993021168
v9,feat_gbm,4.0,46,178,0.21745071747593822,-0.17761292562564054
v9,feat_gbm,4.0,46,179,0.15874401964254745,0.2295122735959306
v9,feat_gbm,4.0,46,180,-0.8755801517793328,-1.6401012725318311
v9,feat_gbm,4.0,46,181,-3.239995736086729,-3.399461101549646
v9,feat_gbm,4.0,46,182,0.17953318446597744,0.5421608664871393
v9,feat_gbm,4.0,46,183,-3.6783896253633097,-3.7858185839721776
v9,feat_gbm,4.0,46,184,0.059001373977335396,0.4440956773301304
v9,feat_gbm,4.0,46,185,-0.45747446637358347,0.5450962365111649
v9,feat_gbm,4.0,46,186,-2.5182701782589914,-3.094441269353033
v9,feat_gbm,4.0,46,187,-0.42224088515409036,1.436275522654785
v9,feat_gbm,4.0,46,188,-0.9050546467786694,-0.003208414280501246
v9,feat_gbm,4.0,46,189,-1.8215901927094331,-2.0766448721687736
v9,feat_gbm,4.0,46,190,-2.6015305694076174,-2.887011097372245
v9,feat_gbm,4.0,46,191,-0.06012843899507784,-0.19564387773269687
v9,feat_gbm,4.0,46,192,-1.771716040735967,-3.39219136175158
v9,feat_gbm,4.0,46,193,-3.1890652552271197,-4.804455114758695
v9,feat_gbm,4.0,46,194,-1.9228830594353326,-0.23230879418151415
v9,feat_gbm,4.0,46,195,0.8404530892918325,0.7768952289284052
v9,feat_gbm,4.0,46,196,-2.480665362092919,-3.0758975731441707
v9,feat_gbm,4.0,46,197,1.2927354318804136,1.8852948766094535
v9,feat_gbm,4.0,46,198,0.08376587462174151,-0.07474663349946693
v9,feat_gbm,4.0,46,199,0.565841335832683,0.9295509098669842
v9,feat_gbm,4.0,46,200,0.025547982294557143,0.40408761039079466
v9,feat_gbm,4.0,46,201,-1.0988350235826905,-1.0185563947000995
v9,feat_gbm,4.0,46,202,-1.2091830910061514,-1.5812541435625456
v9,feat_gbm,4.0,46,203,-1.0837102431290075,-2.9269603411540346
v9,feat_gbm,4.0,46,204,0.05119676837732316,-0.9368237022381455
v9,feat_gbm,4.0,46,205,-1.2212939317112002,-0.771906247259438
v9,feat_gbm,4.0,46,206,-1.879324807262503,-1.4457766532498904
v9,feat_gbm,4.0,46,207,-0.700686258063687,-2.4752738768021185
v9,feat_gbm,4.0,46,208,-1.992722100971414,-2.8789590131308262
v9,feat_gbm,4.0,46,209,-1.5911137314810764,-2.6986856152036793
v9,feat_gbm,4.0,46,210,0.028125840017361962,0.05837096406180189
v9,feat_gbm,4.0,46,211,-2.663267939053817,-2.2327070274631113
v9,feat_gbm,4.0,46,212,-0.13088473539813889,0.15758807445032513
v9,feat_gbm,4.0,46,213,0.33203999686776137,0.5234750924970406
v9,feat_gbm,4.0,46,214,0.717329377638736,0.8312555987922697
v9,feat_gbm,4.0,46,215,-1.3478378385326266,-0.7699972654610447
v9,feat_gbm,4.0,46,216,-2.3104442750902905,-2.4368834827463726
v9,feat_gbm,4.0,46,217,-2.3177157502763523,-3.7421886443248944
v9,feat_gbm,4.0,46,218,-1.998045995356659,-4.3753265313120195
v9,feat_gbm,4.0,46,219,0.3181172960350908,0.13181597567614448
v9,feat_gbm,4.0,46,220,-2.251586254309211,-2.150299196146146
v9,feat_gbm,4.0,46,221,-0.6479594892765349,0.4316281043505307
v9,feat_gbm,4.0,46,222,0.3509768904402178,0.20581216265343685
v9,feat_gbm,4.0,46,223,-3.3582613265814945,-1.7226779576420432
v9,feat_gbm,4.0,46,224,0.19298203851447934,1.0701061526100661
v9,feat_gbm,4.0,46,225,0.4446848641012622,-2.995983076644188
v9,feat_gbm,4.0,46,226,0.1714803509921945,-0.39103048890459524
v9,feat_gbm,4.0,46,227,-1.5928015609499162,-2.811377433191803
v9,feat_gbm,4.0,46,228,-0.1675443938190665,0.1103569248772952
v9,feat_gbm,4.0,46,229,0.5447343986388935,1.0926797996732165
v9,feat_gbm,4.0,46,230,-1.6174806600631173,-1.1465469989616057
v9,feat_gbm,4.0,46,231,-4.12573483534176,-3.7045714701961474
v9,feat_gbm,4.0,46,232,-0.2715247286961037,-0.3205795311611984
v9,feat_gbm,4.0,46,233,0.5557514222247678,-0.7282288274356463
v9,feat_gbm,4.0,46,234,0.49967985414825133,-0.6143938277881194
v9,feat_gbm,4.0,46,235,-2.4257410641818935,-3.717493513170671
v9,feat_gbm,4.0,46,236,-1.7039789353856274,-1.894186438607053
v9,feat_gbm,4.0,46,237,-0.26555142855913455,0.19101892391720615
v9,feat_gbm,4.0,46,238,-1.0044863183680128,-2.723653519266766
v9,feat_gbm,4.0,46,239,0.24918953410628628,0.28172679866345784
v9,feat_gbm,4.0,46,240,-1.0513746144369145,-0.570916259780521
v9,feat_gbm,4.0,46,241,-1.5541839309517174,-3.037607674189957
v9,feat_gbm,4.0,46,242,-2.4246476715961207,-2.4824067099880884
v9,feat_gbm,4.0,46,243,0.20782663471091345,1.793244191067856
v9,feat_gbm,4.0,46,244,-2.383952985427088,-2.170563194223024
v9,feat_gbm,4.0,46,245,-2.0733028503916504,-2.5580286375581696
v9,feat_gbm,4.0,46,246,-2.896831299012345,-3.9013363177662743
v9,feat_gbm,4.0,46,247,-1.687465361920785,-1.2689211715035387
v9,feat_gbm,4.0,46,248,-2.216793624805716,-2.89795980370705
v9,feat_gbm,4.0,46,249,0.19409925488808144,-1.149470325468549
v9,feat_gbm,4.0,46,250,-2.774304636715979,-2.1803876537888693
v9,feat_gbm,4.0,46,251,-2.657155939456419,-1.2010659028736028
v9,feat_gbm,4.0,46,252,-2.5778876070990715,-2.675840590612525
v9,feat_gbm,4.0,46,253,-1.4858087669826645,-0.865421424414132
v9,feat_gbm,4.0,46,254,-0.023049677284967464,-0.45089388998719687
v9,feat_gbm,4.0,46,255,-1.421008687444602,-1.477655138121315
v9,feat_gbm,4.0,46,256,-1.3701325512907374,-1.9234128661936198
v9,feat_gbm,4.0,46,257,-1.1867882517829575,-0.8895479413744646
v9,feat_gbm,4.0,46,258,-0.7823305926186375,-1.284701881398344
v9,feat_gbm,4.0,46,259,-0.2540020491891795,0.03791276039075724
v9,feat_gbm,4.0,46,260,0.08298265741034092,-1.213907680807544
v9,feat_gbm,4.0,46,261,-0.2573130440831139,-0.6937064881158975
v9,feat_gbm,4.0,46,262,-2.7599139258418206,-2.500344974429108
v9,feat_gbm,4.0,46,263,-3.0766689017938207,-3.0782877743164985
v9,feat_gbm,4.0,46,264,-3.17774217435435,-3.2702790535172426
v9,feat_gbm,4.0,46,265,-0.23095204576256742,-0.15746453031192983
v9,feat_gbm,4.0,46,266,-1.4430005968720647,-1.3930653126164372
v9,feat_gbm,4.0,46,267,-4.107227275281888,-3.460520174484755
v9,feat_gbm,4.0,46,268,-2.434109868515316,-1.8115923421665279
v9,feat_gbm,4.0,46,269,0.5545440687561504,-0.04785951915829837
v9,feat_gbm,4.0,46,270,-1.7905808648972261,-1.3387838926701625
v9,feat_gbm,4.0,46,271,0.4826671568431295,0.6172482925771328
v9,feat_gbm,4.0,46,272,-0.6333529767852781,0.10718580269537517
v9,feat_gbm,4.0,46,273,-0.8633653745962644,-2.4250613993713395
v9,feat_gbm,4.0,46,274,-2.9640739329863335,-0.4656136934058211
v9,feat_gbm,4.0,46,275,-2.2315791840609527,-1.7679071058666047
v9,feat_gbm,4.0,46,276,-0.12976649214071712,-0.15192249005847586
v9,feat_gbm,4.0,46,277,-0.7198100311558635,-0.22686658439221394
v9,feat_gbm,4.0,46,278,-2.340429270296491,-0.3963273628232521
v9,feat_gbm,4.0,46,279,-2.39648966581212,-2.1916982233579314
v9,feat_gbm,4.0,46,280,-0.31751647638140945,0.5138857123822332
v9,feat_gbm,4.0,46,281,-1.5205466325254764,0.13501120436460418
v9,feat_gbm,4.0,46,282,0.28071616366172997,-0.35232291748203215
v9,feat_gbm,4.0,46,283,-0.27052374570338317,0.33710059568630363
v9,feat_gbm,4.0,46,284,0.31126036418260067,2.2269494594330284
v9,feat_gbm,4.0,46,285,-1.2018551597269034,-0.8523290277873723
v9,feat_gbm,4.0,46,286,-0.04821740612726798,0.5032694866056324
v9,feat_gbm,4.0,46,287,-3.608545491026356,-3.0734310124071125
v9,feat_gbm,4.0,46,288,-2.6025522352826003,-3.0969464995649485
v9,feat_gbm,4.0,46,289,-0.0691510523106021,0.8088909840914691
v9,feat_gbm,4.0,46,290,-3.3949644127601304,-1.710735902712342
v9,feat_gbm,4.0,46,291,-0.47034473289495243,-0.24588513525180683
v9,feat_gbm,4.0,46,292,-1.7401954255584366,-2.9910915714149957
v9,feat_gbm,4.0,46,293,0.05251163014390811,0.24397961438558982
v9,feat_gbm,4.0,46,294,0.04808992464314833,0.9827222917401395
v9,feat_gbm,4.0,46,295,0.37877514263847917,1.5399914318848642
v9,feat_gbm,4.0,46,296,-2.396862502346966,-3.028104854063688
v9,feat_gbm,4.0,46,297,-1.9176119239311222,-1.9675880903276046
v9,feat_gbm,4.0,46,298,-0.06291377539872196,0.3882116190950413
v9,feat_gbm,4.0,46,299,-1.7502848814950942,-0.4169590587595381
v9,feat_gbm,4.0,46,300,-1.0670265366553697,-0.47104701624968015
v9,feat_gbm,4.0,46,301,-0.9037281988683151,-0.5788171023402015
v9,feat_gbm,4.0,46,302,-3.5491959268408126,-3.325334912618423
v9,feat_gbm,4.0,46,303,-0.18203696349245663,0.27214776974989446
v9,feat_gbm,4.0,46,304,-0.004361874189657971,0.2838761456734127
v9,feat_gbm,4.0,46,305,0.6845446341934184,0.98356576927226
v9,feat_gbm,4.0,46,306,-1.2747398723668013,-2.324804251846344
v9,feat_gbm,4.0,46,307,-0.08216743714734706,-0.30060412365222405
v9,feat_gbm,4.0,46,308,-3.3718787503971432,-3.5706943269006843
v9,feat_gbm,4.0,46,309,-1.0400704838095334,0.7657986236992217
v9,feat_gbm,4.0,46,310,-1.519002275589584,-0.3760212383278314
v9,feat_gbm,4.0,46,311,0.8278012927642688,0.903367601886353
v9,feat_gbm,4.0,46,312,0.4373229948732561,0.2834145554969618
v9,feat_gbm,4.0,46,313,-0.4031469390680991,-0.8750381269167363
v9,feat_gbm,4.0,46,314,-3.387571597872068,-0.8911054934067958
v9,feat_gbm,4.0,46,315,0.12082062793759137,0.2699623908229132
v9,feat_gbm,4.0,46,316,-2.5007463716429785,-4.034449774534175
v9,feat_gbm,4.0,46,317,-0.005176006071241097,0.7302045063515665
v9,feat_gbm,4.0,46,318,-2.5732251771141375,-2.5264159394565007
v9,feat_gbm,4.0,46,319,-2.6782188283702935,-3.1280680478747835
v9,feat_gbm,4.0,46,320,0.12439181916733906,-0.623194388118803
v9,feat_gbm,4.0,46,321,-3.18749987509053,-4.172922463867305
v9,feat_gbm,4.0,46,322,0.41467599226008056,1.0714029341973417
v9,feat_gbm,4.0,46,323,-2.014396110613099,-2.5538050374755565
v9,feat_gbm,4.0,46,324,-1.4190889958730362,-1.5310020975326282
v9,feat_gbm,4.0,46,325,0.14465146978831822,-0.735749980772127
v9,feat_gbm,4.0,46,326,-1.408505919619103,-0.5010306012352705
v9,feat_gbm,4.0,46,327,-3.4080419665360195,-4.393123087746285
v9,feat_gbm,4.0,46,328,-0.7018361866391971,0.6439364857563509
v9,feat_gbm,4.0,46,329,-1.3912414218759652,-2.60760252445046
v9,feat_gbm,4.0,46,330,0.4799476656731542,0.46983427811083467
v9,feat_gbm,4.0,46,331,-0.0851200261891388,-1.149354435920189
v9,feat_gbm,4.0,46,332,-1.8565115401213121,-1.0961264399974935
v9,feat_gbm,4.0,46,333,0.30308651455778646,1.4253561556633074
v9,feat_gbm,4.0,46,334,0.9388325563650793,1.0406546288822482
v9,feat_gbm,4.0,46,335,-0.2785065618461083,-0.1286217558512718
v9,feat_gbm,4.0,46,336,-1.5113488234959882,-1.7275974260064488
v9,feat_gbm,4.0,46,337,-2.1072412849296733,-4.535227665039715
v9,feat_gbm,4.0,46,338,-0.12145029782168124,-1.078833843619319
v9,feat_gbm,4.0,46,339,-1.490588706848734,-2.035297396751524
v9,feat_gbm,4.0,46,340,-0.01935802335718439,0.4788286932125707
v9,feat_gbm,4.0,46,341,-1.076975096290055,-0.4595082096564039
v9,feat_gbm,4.0,46,342,-2.8596641737207498,-3.653430804591794
v9,feat_gbm,4.0,46,343,0.6509985171188439,0.2834522663037432
v9,feat_gbm,4.0,46,344,0.42424730526049104,-0.15984972455285287
v9,feat_gbm,4.0,46,345,-2.8131030006159055,-3.8822970119574354
v9,feat_gbm,4.0,46,346,-1.9776968923669278,-2.5801989990218064
v9,feat_gbm,4.0,46,347,-3.4237355420154363,-3.2622630695286134
v9,feat_gbm,4.0,46,348,-1.7851400692838453,-0.4894561152880944
v9,feat_gbm,4.0,46,349,-2.5008708983170633,-3.0223552414624764
v9,feat_gbm,4.0,46,350,0.6778438826511282,0.4215072765335228
v9,feat_gbm,4.0,46,351,-2.9756102803875297,-1.8152752103400673
v9,feat_gbm,4.0,46,352,0.6906011405142775,1.102263670511441
v9,feat_gbm,4.0,46,353,0.12529561026869876,1.4454852001466738
v9,feat_gbm,4.0,46,354,-2.7550921318040085,-3.6770060333191017
v9,feat_gbm,4.0,46,355,-2.2757236289932092,-5.078652858832153
v9,feat_gbm,4.0,46,356,0.2355355976235637,0.7815322159665122
v9,feat_gbm,4.0,46,357,0.18375455379312697,0.6775133790495483
v9,feat_gbm,4.0,46,358,-2.5413110431025743,-3.5163570325540956
v9,feat_gbm,4.0,46,359,-2.732383346768086,-4.157760523739404
v9,feat_gbm,4.0,46,360,-0.745886272071001,-0.18386357284099003
v9,feat_gbm,4.0,46,361,-2.36485293290379,-4.477383009144865
v9,feat_gbm,4.0,46,362,-0.18876432007034794,0.2909126951240761
v9,feat_gbm,4.0,46,363,-1.6405849644306023,-3.5121531596302606
v9,feat_gbm,4.0,46,364,-0.050151721542921315,-0.0019354464452207268
v9,feat_gbm,4.0,46,365,-2.5451391229464755,-3.264666087597375
v9,feat_gbm,4.0,46,366,-1.611493234007061,-1.4961090632143375
v9,feat_gbm,4.0,46,367,-0.9363887304077619,-0.10305907560987346
v9,feat_gbm,4.0,46,368,-0.7805533685984003,0.24601275195113992
v9,feat_gbm,4.0,46,369,-3.1563677619493338,-1.6400355118163064
v9,feat_gbm,4.0,46,370,-0.9477780209696641,-1.5399226532969161
v9,feat_gbm,4.0,46,371,-0.710409452502951,-0.3336387161155974
v9,feat_gbm,4.0,46,372,-0.7072639394410484,0.3185760540422761
v9,feat_gbm,4.0,46,373,-0.5616465746577088,-0.30756424411789
v9,feat_gbm,4.0,46,374,-3.79575075108931,-3.551435429619069
v9,feat_gbm,4.0,46,375,0.6024365176753912,-0.12846918127015178
v9,feat_gbm,4.0,46,376,0.03898240352132879,0.43413099611324796
v9,feat_gbm,4.0,46,377,0.05656282116353793,0.8095384731463161
v9,feat_gbm,4.0,46,378,-0.0662647223703543,0.20303525329731625
v9,feat_gbm,4.0,46,379,0.29637221023134847,0.524784145223057
v9,feat_gbm,4.0,46,380,-0.03041262965260175,0.8722609808312535
v9,feat_gbm,4.0,46,381,0.021368232382855873,1.0190202163897197
v9,feat_gbm,4.0,46,382,-0.3404650822988168,1.2715191268303472
v9,feat_gbm,4.0,46,383,-1.4368276531170843,-0.13923746667536385
v9,feat_gbm,4.0,46,384,-0.6370194669977882,-1.7983983483294153
v9,feat_gbm,4.0,46,385,-0.3536744851966246,0.5606037150840157
v9,feat_gbm,4.0,46,386,0.5394392170032779,0.6003456151224621
v9,feat_gbm,4.0,46,387,0.4340455620735182,1.3071718981356573
v9,feat_gbm,4.0,46,388,-0.9535312757666564,-0.19457283568776126
v9,feat_gbm,4.0,46,389,-1.7021420736356572,-0.981880356960367
v9,feat_gbm,4.0,46,390,-3.0950595871489983,-2.628024059072158
v9,feat_gbm,4.0,46,391,-2.8786879666334104,-2.479262758098376
v9,feat_gbm,4.0,46,392,-1.5902214076605516,-2.207941629114672
v9,feat_gbm,4.0,46,393,-2.568069740315053,-2.806586620215901
v9,feat_gbm,4.0,46,394,-1.4755208712589793,-0.16842623590390868
v9,feat_gbm,4.0,46,395,0.30943482214901014,0.3596423409999632
v9,feat_gbm,4.0,46,396,-1.4261593486118471,-3.117667066362407
v9,feat_gbm,4.0,46,397,0.49931449118114823,0.6134086288650079
v9,feat_gbm,4.0,46,398,0.5219204812060201,0.5049020087080688
v9,feat_gbm,4.0,46,399,-1.7381180053011724,-1.0548605918119196
v9,feat_gbm,4.0,46,400,-1.3492418909831807,-2.877676775828332
v9,feat_gbm,4.0,46,401,0.7218953022071638,0.015654415635624343
v9,feat_gbm,4.0,46,402,0.08698564794693568,-0.7027824676465185
v9,feat_gbm,4.0,46,403,0.18175832805725303,0.6733427913489138
v9,feat_gbm,4.0,46,404,-0.24065978752739628,0.03259550049258387
v9,feat_gbm,4.0,46,405,-2.9472850626682994,-3.4179416205706223
v9,feat_gbm,4.0,46,406,-1.5200570769377948,-1.6563158072976616
v9,feat_gbm,4.0,46,407,-0.4691280266501267,0.3281041495218151
v9,feat_gbm,4.0,46,408,-2.540171868883322,-1.498502430121411
v9,feat_gbm,4.0,46,409,-0.7466683057932456,-1.5390850133499359
v9,feat_gbm,4.0,46,410,-3.060794916052414,-3.8769914364338094
v9,feat_gbm,4.0,46,411,0.6421832180419408,-1.1093409530974205
v9,feat_gbm,4.0,46,412,-1.348603302073348,-2.1356441225652167
v9,feat_gbm,4.0,46,413,0.04156711456232326,0.5613925387002681
v9,feat_gbm,4.0,46,414,-2.228399037986608,-2.672303525149137
v9,feat_gbm,4.0,46,415,0.583473740874783,0.9887747910888531
v9,feat_gbm,4.0,46,416,-1.7931717986103943,-2.064740642123073
v9,feat_gbm,4.0,46,417,-1.8078215480261315,-0.13534283366780814
v9,feat_gbm,4.0,46,418,0.05449614438928467,0.5266566940316069
v9,feat_gbm,4.0,46,419,1.0824322739218342,-0.7929716308762645
v9,feat_gbm,4.0,46,420,0.29179340557965644,0.22081989653443584
v9,feat_gbm,4.0,46,421,-3.563405491791906,-3.4911396429773087
v9,feat_gbm,4.0,46,422,-0.297356394090553,0.4691563032653497
v9,feat_gbm,4.0,46,423,0.03368692008818136,-0.21242164749251408
v9,feat_gbm,4.0,46,424,-2.775006884937061,-2.0235730224261497
v9,feat_gbm,4.0,46,425,-0.3887157748305878,0.1881042769243711
v9,feat_gbm,4.0,46,426,-0.8451207379869179,-0.7546830882020855
v9,feat_gbm,4.0,46,427,-1.8034977918691704,-2.004418163271322
v9,feat_gbm,4.0,46,428,-0.1351797353099689,0.08108350485015015
v9,feat_gbm,4.0,46,429,-1.1026040104657049,-0.8958783842144782
v9,feat_gbm,4.0,46,430,0.10435572357035014,-0.700178367515834
v9,feat_gbm,4.0,46,431,-2.8327114208381414,-2.026447754843476
v9,feat_gbm,4.0,46,432,-1.9599606008466823,-3.3644112924118934
v9,feat_gbm,4.0,46,433,-1.3743838511308284,-2.4777804975332844
v9,feat_gbm,4.0,46,434,-2.986264651832897,-3.6407879329147783
v9,feat_gbm,4.0,46,435,0.2357022915866389,0.8140524350977956
v9,feat_gbm,4.0,46,436,0.043009270320352955,-0.6342245759550225
v9,feat_gbm,4.0,46,437,0.05986863120515565,-1.0170271575608654
v9,feat_gbm,4.0,46,438,0.02493052449178845,1.2058566336630974
v9,feat_gbm,4.0,46,439,0.9640851347060755,1.04159183954478
v9,feat_gbm,4.0,46,440,-0.7661371686009901,-0.383754051292973
v9,feat_gbm,4.0,46,441,0.5086104460777021,0.9717849563735496
v9,feat_gbm,4.0,46,442,0.2572269125752747,0.915394257773604
v9,feat_gbm,4.0,46,443,0.04982393277217816,0.17619398118278368
v9,feat_gbm,4.0,46,444,-2.0386944078336,-2.3026142847949007
v9,feat_gbm,4.0,46,445,0.2746420373287388,-2.156995715227189
v9,feat_gbm,4.0,46,446,-2.1105548135580197,-1.9647154613855007
v9,feat_gbm,4.0,46,447,-1.2714226857315536,-1.2167428909736953
v9,feat_gbm,4.0,46,448,-0.9470634607567152,0.371748058948411
v9,feat_gbm,4.0,46,449,-3.7515763113069522,-3.354914600670279
v9,feat_gbm,4.0,46,450,-3.270223162740559,-2.0984010901330774
v9,feat_gbm,4.0,46,451,-2.2047922334088246,-1.8411195968283314
v9,feat_gbm,4.0,46,452,0.5965344088488099,-0.2866386615093297
v9,feat_gbm,4.0,46,453,-0.8641619040606129,-2.1769502099219324
v9,feat_gbm,4.0,46,454,-0.2396339164768047,0.851829112076475
v9,feat_gbm,4.0,46,455,0.5331030860387147,-0.5174982843777256
v9,feat_gbm,4.0,46,456,-1.689218314051102,-3.7883351795095335
v9,feat_gbm,4.0,46,457,-1.630710715016568,-1.3225504843777425
v9,feat_gbm,4.0,46,458,-0.05360203796117157,-0.6304710111145473
v9,feat_gbm,4.0,46,459,-2.93519816918518,-2.867776928577639
v9,feat_gbm,4.0,46,460,0.047604521776154804,-0.20106453453544149
v9,feat_gbm,4.0,46,461,0.25523772518002547,0.565413433251147
v9,feat_gbm,4.0,46,462,-0.40257527566698303,0.6531860801292728
v9,feat_gbm,4.0,46,463,-2.1278742633787684,-3.295531334571209
v9,feat_gbm,4.0,46,464,-1.2952768507165555,-1.118951529136503
v9,feat_gbm,4.0,46,465,-0.8107498463661981,0.08535922256033004
v9,feat_gbm,4.0,46,466,0.9960680571854794,0.2656879386171551
v9,feat_gbm,4.0,46,467,-0.8434820260523654,-1.0764680911985907
v9,feat_gbm,4.0,46,468,0.06934783368875552,2.2503813782282114
v9,feat_gbm,4.0,46,469,-0.01293347974835922,-0.029700274932011248
v9,feat_gbm,4.0,46,470,-2.0278551531328572,-2.1918010579584375
v9,feat_gbm,4.0,46,471,-1.5502162335212466,-0.12537364897776127
v9,feat_gbm,4.0,46,472,-1.3393152015143923,-1.3714574409892777
v9,feat_gbm,4.0,46,473,-2.4630646723900784,-1.0216450817816245
v9,feat_gbm,4.0,46,474,-1.3444021312976475,-0.8313233833759152
v9,feat_gbm,4.0,46,475,-3.219972376538675,-3.25243582884057
v9,feat_gbm,4.0,46,476,0.20110258211266602,0.8737365575305754
v9,feat_gbm,4.0,46,477,-1.9750856680223183,-1.8373017486027088
v9,feat_gbm,4.0,46,478,-1.3542388395647003,-1.909749317133085
v9,feat_gbm,4.0,46,479,-1.7434871754224142,0.418341725137149
v9,feat_gbm,4.0,46,480,-1.0983560614016448,-2.8689304810445995
v9,feat_gbm,4.0,46,481,-2.587679126112344,-3.9192950012633494
v9,feat_gbm,4.0,46,482,0.498421220491912,0.8191907452202399
v9,feat_gbm,4.0,46,483,-0.8353342775512371,-2.7371748494528005
v9,feat_gbm,4.0,46,484,0.06472862467673675,0.043868991079412875
v9,feat_gbm,4.0,46,485,-1.9455472259327178,-3.9571024828402512
v9,feat_gbm,4.0,46,486,-2.4197961469272085,-0.8286091055291892
v9,feat_gbm,4.0,46,487,0.8555179964547204,1.1086460137612473
v9,feat_gbm,4.0,46,488,-0.46863541058489583,-1.0899995989348372
v9,feat_gbm,4.0,46,489,-2.8950608453589317,-2.9260181182274523
v9,feat_gbm,4.0,46,490,-2.6014406337455234,0.01778898425240747
v9,feat_gbm,4.0,46,491,-0.0959546121631605,-0.388546054063584
v9,feat_gbm,4.0,46,492,-0.9726282176119032,-0.8483910406321095
v9,feat_gbm,4.0,46,493,-2.9393469397688494,-2.4855190663855797
v9,feat_gbm,4.0,46,494,-0.2588632438888863,-0.6027729178489412
v9,feat_gbm,4.0,46,495,-0.9354247814079039,-1.5285925057254015
v9,feat_gbm,4.0,46,496,0.34645320941183405,1.0092174422839322
v9,feat_gbm,4.0,46,497,-2.842084287196297,-2.421052301727873
v9,feat_gbm,4.0,46,498,-2.9456643658406803,-3.2283141264699093
v9,feat_gbm,4.0,46,499,-2.8932463451414425,-4.907212199848568
