dataset_version,method,severity,seed,idx,logM_pred,logM_true
v10,feat_gbm,0.25,42,0,-0.1419675929198722,0.03894909458183669
v10,feat_gbm,0.25,42,1,-2.3930451348927257,-2.5052564746229193
v10,feat_gbm,0.25,42,2,0.6131621925389007,0.6287827851917782
v10,feat_gbm,0.25,42,3,-2.753865965238619,-3.3447289283878643
v10,feat_gbm,0.25,42,4,0.9967866924757055,0.9694015026406426
v10,feat_gbm,0.25,42,5,-2.3311960675574546,-2.4693709778233526
v10,feat_gbm,0.25,42,6,-0.20799942584232048,-0.2819211013310965
v10,feat_gbm,0.25,42,7,0.807007586746116,0.5289578846490461
v10,feat_gbm,0.25,42,8,0.31555691902543676,0.032863622186365654
v10,feat_gbm,0.25,42,9,1.0051102506079037,0.9352707853930591
v10,feat_gbm,0.25,42,10,-1.5607134130188383,-1.5987558134683666
v10,feat_gbm,0.25,42,11,-3.3593296786906293,-3.2678706438993954
v10,feat_gbm,0.25,42,12,-2.299298817672275,-2.445380546146449
v10,feat_gbm,0.25,42,13,-0.11526901738135979,-0.4471217519653716
v10,feat_gbm,0.25,42,14,-1.8111474923616508,-1.8343062920535937
v10,feat_gbm,0.25,42,15,-2.525274112030832,-2.278287047942225
v10,feat_gbm,0.25,42,16,-1.1301588590804168,-1.113015507562239
v10,feat_gbm,0.25,42,17,-1.1101101443536892,-1.149386040828735
v10,feat_gbm,0.25,42,18,-0.39958560441082924,-0.4541092694382234
v10,feat_gbm,0.25,42,19,-3.0357943737306883,-2.8798658660471284
v10,feat_gbm,0.25,42,20,-3.3188662362266297,-3.281006200299989
v10,feat_gbm,0.25,42,21,-0.5895705413656647,-0.7889402030111288
v10,feat_gbm,0.25,42,22,-0.7360188455327074,-0.48114593055133975
v10,feat_gbm,0.25,42,23,-2.6012707814601113,-2.8038114998165153
v10,feat_gbm,0.25,42,24,-2.8489183535363107,-2.6726430450531393
v10,feat_gbm,0.25,42,25,-3.2562145011011934,-3.141178249464176
v10,feat_gbm,0.25,42,26,-3.7903626455751707,-3.8612362310489847
v10,feat_gbm,0.25,42,27,-3.0947942142145797,-3.085821277369337
v10,feat_gbm,0.25,42,28,-2.53987668368088,-2.1153791712035637
v10,feat_gbm,0.25,42,29,-0.36487755209532313,-0.5854112868629942
v10,feat_gbm,0.25,42,30,0.2492121884910594,0.13849791927417068
v10,feat_gbm,0.25,42,31,-2.4904426562234,-2.779654184179668
v10,feat_gbm,0.25,42,32,1.1722310329636214,0.9166392391011026
v10,feat_gbm,0.25,42,33,-1.8027437695708277,-2.134444297962007
v10,feat_gbm,0.25,42,34,1.1662249892373104,1.1224191581864646
v10,feat_gbm,0.25,42,35,-3.072726781631754,-2.7514680837461087
v10,feat_gbm,0.25,42,36,0.13423128948472934,0.7493710802437775
v10,feat_gbm,0.25,42,37,-2.3028547201823413,-2.157600461660938
v10,feat_gbm,0.25,42,38,-1.5329766115712742,-1.7436371170468024
v10,feat_gbm,0.25,42,39,0.7974276856029882,0.632388610685479
v10,feat_gbm,0.25,42,40,-1.4972895801442452,-1.5024753827969588
v10,feat_gbm,0.25,42,41,-3.3447318449512524,-2.936018587066778
v10,feat_gbm,0.25,42,42,-0.19170051443616867,-0.06406961406287034
v10,feat_gbm,0.25,42,43,-0.3937725907360536,-0.43711075337934485
v10,feat_gbm,0.25,42,44,0.6417897300644535,0.521724778538647
v10,feat_gbm,0.25,42,45,0.5770582952647001,-0.02881562555915001
v10,feat_gbm,0.25,42,46,-3.0304787736849113,-2.6856700943784895
v10,feat_gbm,0.25,42,47,-3.5578191279448257,-3.3419513202228783
v10,feat_gbm,0.25,42,48,-0.4401964958501134,-0.35240032436669677
v10,feat_gbm,0.25,42,49,-4.241973354074865,-4.466027560457086
v10,feat_gbm,0.25,42,50,-0.7102697324714977,-1.2227887404747313
v10,feat_gbm,0.25,42,51,-3.8329304687893777,-4.168130875201601
v10,feat_gbm,0.25,42,52,-2.524022438317252,-2.1825653069440887
v10,feat_gbm,0.25,42,53,-3.2148679918686,-2.816977102698189
v10,feat_gbm,0.25,42,54,-0.8548822856976398,-0.9520374156321785
v10,feat_gbm,0.25,42,55,0.4533897505886452,0.800460094219776
v10,feat_gbm,0.25,42,56,0.19747273179441022,0.2782562560211116
v10,feat_gbm,0.25,42,57,-0.28531750460602856,-0.7855200046266205
v10,feat_gbm,0.25,42,58,-3.086094977392166,-2.837973637743256
v10,feat_gbm,0.25,42,59,0.27744905370244827,0.3653424354755994
v10,feat_gbm,0.25,42,60,-3.0562422280652286,-3.145987746693799
v10,feat_gbm,0.25,42,61,-2.2282233937948415,-2.1381844357326614
v10,feat_gbm,0.25,42,62,0.5297928356007864,0.3908315550690521
v10,feat_gbm,0.25,42,63,-3.4114580625949684,-3.259739876316779
v10,feat_gbm,0.25,42,64,-3.9434477879491405,-3.799325775609258
v10,feat_gbm,0.25,42,65,-0.059936813608553643,0.2842997557356093
v10,feat_gbm,0.25,42,66,0.8154759612714695,0.9099380077885143
v10,feat_gbm,0.25,42,67,0.48441114398340407,0.5741223235018287
v10,feat_gbm,0.25,42,68,1.0540107615611325,1.3807263582335993
v10,feat_gbm,0.25,42,69,1.143547410035329,2.7357387204405055
v10,feat_gbm,0.25,42,70,-0.3588570869482223,-0.3782017485149665
v10,feat_gbm,0.25,42,71,-0.5554013845895872,-0.6946521973220513
v10,feat_gbm,0.25,42,72,-3.607670090173956,-3.510295151868067
v10,feat_gbm,0.25,42,73,-0.08057116314359351,-0.3643686170400702
v10,feat_gbm,0.25,42,74,1.1156435097120851,1.1835884152793859
v10,feat_gbm,0.25,42,75,-0.04816839721847125,-0.38644824542838596
v10,feat_gbm,0.25,42,76,0.41904244995227935,0.7005004452467647
v10,feat_gbm,0.25,42,77,0.363566266978393,0.3770911051312199
v10,feat_gbm,0.25,42,78,-0.4523274319676909,-0.5374783823521183
v10,feat_gbm,0.25,42,79,-2.6764506231516565,-3.2499450611549854
v10,feat_gbm,0.25,42,80,-1.8645622501711596,-1.719925172279684
v10,feat_gbm,0.25,42,81,1.1487045838550458,1.8185710395242058
v10,feat_gbm,0.25,42,82,-1.2775486770151274,-1.0758778979961314
v10,feat_gbm,0.25,42,83,-0.6127374382050093,-0.8033140510569362
v10,feat_gbm,0.25,42,84,-2.2627089626027663,-2.0837035815006346
v10,feat_gbm,0.25,42,85,-0.8530967058298081,-1.2430797823904942
v10,feat_gbm,0.25,42,86,0.8024075251070714,0.639317965424242
v10,feat_gbm,0.25,42,87,-0.146312927084481,-0.02321591952008587
v10,feat_gbm,0.25,42,88,-3.3773281802621122,-3.512086916650174
v10,feat_gbm,0.25,42,89,-1.6617414191382904,-1.684363733317816
v10,feat_gbm,0.25,42,90,-3.7965964598930295,-3.5341996208099964
v10,feat_gbm,0.25,42,91,1.0168005765304646,1.1574629997660548
v10,feat_gbm,0.25,42,92,-0.981988624105138,-0.7651863719989663
v10,feat_gbm,0.25,42,93,-4.340905168748325,-5.7708125015304885
v10,feat_gbm,0.25,42,94,0.04991443967156055,0.07374698385127064
v10,feat_gbm,0.25,42,95,0.9773130433304117,1.201566413592891
v10,feat_gbm,0.25,42,96,1.2433262793548419,1.2655480006709303
v10,feat_gbm,0.25,42,97,-3.5916933598527194,-3.2217777708537843
v10,feat_gbm,0.25,42,98,-1.7324184379902998,-1.2120387208328698
v10,feat_gbm,0.25,42,99,-0.3721163247149003,-0.04015373686183237
v10,feat_gbm,0.25,42,100,-2.8226133978850863,-2.8384481914339785
v10,feat_gbm,0.25,42,101,-3.4615733347851134,-3.541068619782685
v10,feat_gbm,0.25,42,102,-4.252624430332949,-4.424727465058162
v10,feat_gbm,0.25,42,103,-0.5622466873963021,-0.7652009130347144
v10,feat_gbm,0.25,42,104,-0.5915096366492982,-0.406664655497914
v10,feat_gbm,0.25,42,105,-2.901616096792093,-2.8019031633754246
v10,feat_gbm,0.25,42,106,-1.1630983085727595,-1.1978192780958505
v10,feat_gbm,0.25,42,107,-0.9461806219742229,-1.2497822804421463
v10,feat_gbm,0.25,42,108,-0.23782307202275338,-0.2003702404752673
v10,feat_gbm,0.25,42,109,0.0018211085536795342,-0.28745536208379296
v10,feat_gbm,0.25,42,110,0.41102826733952874,0.2838469771831524
v10,feat_gbm,0.25,42,111,0.5316468427089791,0.6579850926301614
v10,feat_gbm,0.25,42,112,-0.05460037640254545,-0.4279263804064609
v10,feat_gbm,0.25,42,113,0.6776903393087921,0.527327823801956
v10,feat_gbm,0.25,42,114,-3.842110634811674,-3.652947895428966
v10,feat_gbm,0.25,42,115,-0.8478665203602835,-0.04287987221360797
v10,feat_gbm,0.25,42,116,-3.785424163342917,-3.4409421360670214
v10,feat_gbm,0.25,42,117,-2.591541315334529,-2.4284095097884006
v10,feat_gbm,0.25,42,118,-1.5891765067308183,-1.419217075367618
v10,feat_gbm,0.25,42,119,-1.7704193798338301,-1.4944271796191557
v10,feat_gbm,0.25,42,120,-3.2480750354858143,-2.797137626437216
v10,feat_gbm,0.25,42,121,1.4557524686016887,3.1321125804877905
v10,feat_gbm,0.25,42,122,-2.6079722964916097,-3.164895556438051
v10,feat_gbm,0.25,42,123,0.024600687458996438,-0.021234684620174846
v10,feat_gbm,0.25,42,124,-1.4983556909661915,-1.246001114532972
v10,feat_gbm,0.25,42,125,-2.6557748713797493,-2.7130193085566443
v10,feat_gbm,0.25,42,126,-1.897742275546278,-2.0560780011130944
v10,feat_gbm,0.25,42,127,-1.75765093029372,-1.631222331554067
v10,feat_gbm,0.25,42,128,-2.910721550602468,-3.477307725783656
v10,feat_gbm,0.25,42,129,1.3483828384368604,1.7007542891568868
v10,feat_gbm,0.25,42,130,-3.8251265836231756,-3.4021624962570822
v10,feat_gbm,0.25,42,131,-3.7076998371901264,-3.701149444421242
v10,feat_gbm,0.25,42,132,-0.13294516954549648,-0.4116741376471012
v10,feat_gbm,0.25,42,133,-0.5252108612451625,-0.5680375850475197
v10,feat_gbm,0.25,42,134,-1.3949329932014702,-1.4788189923590598
v10,feat_gbm,0.25,42,135,-2.816020557728881,-2.9896549957503007
v10,feat_gbm,0.25,42,136,0.5398197586927376,0.11194117436713467
v10,feat_gbm,0.25,42,137,1.2958648040333578,1.7147062893715772
v10,feat_gbm,0.25,42,138,-1.888708149389199,-1.9709125209383296
v10,feat_gbm,0.25,42,139,0.05288002684667369,0.19937477723826902
v10,feat_gbm,0.25,42,140,-2.792399853728934,-2.8223726616431475
v10,feat_gbm,0.25,42,141,-0.12825708771790942,-0.12380828599000025
v10,feat_gbm,0.25,42,142,-3.2857304490783372,-2.97521232911642
v10,feat_gbm,0.25,42,143,-1.9900291017030405,-1.9484557479617686
v10,feat_gbm,0.25,42,144,1.2479914243977934,1.244093655886106
v10,feat_gbm,0.25,42,145,-2.3420670753667867,-2.0280859266176816
v10,feat_gbm,0.25,42,146,-2.0316397219117133,-2.0754073031653366
v10,feat_gbm,0.25,42,147,-0.03211086987899402,-0.11331641159387335
v10,feat_gbm,0.25,42,148,-2.3060063961673225,-2.620298039600635
v10,feat_gbm,0.25,42,149,-3.0840294080397808,-3.8395532227602396
v10,feat_gbm,0.25,42,150,-2.0393995825314106,-2.149698272240366
v10,feat_gbm,0.25,42,151,-3.2225289640399017,-3.1594376779318036
v10,feat_gbm,0.25,42,152,-2.6036142170757923,-2.7712141114581046
v10,feat_gbm,0.25,42,153,-1.1597031231221973,-1.1483368403810985
v10,feat_gbm,0.25,42,154,-1.4792024053080377,-1.4700676700115773
v10,feat_gbm,0.25,42,155,1.2043541353684177,1.4088416749712322
v10,feat_gbm,0.25,42,156,0.692960971264331,0.7564704220494097
v10,feat_gbm,0.25,42,157,-2.2578234761010005,-1.7148995557963913
v10,feat_gbm,0.25,42,158,-2.390487500184853,-2.8595355115547196
v10,feat_gbm,0.25,42,159,-1.2664723537580596,-0.9922400520728849
v10,feat_gbm,0.25,42,160,0.967955413112589,1.8585227307534937
v10,feat_gbm,0.25,42,161,-2.2203702319869687,-2.477654537850602
v10,feat_gbm,0.25,42,162,-3.049441651138801,-2.993764039868935
v10,feat_gbm,0.25,42,163,-1.0648376531520132,-1.1722671160336509
v10,feat_gbm,0.25,42,164,-1.8252170574751054,-1.6577576086204497
v10,feat_gbm,0.25,42,165,-3.0326260946948085,-2.9770186999323642
v10,feat_gbm,0.25,42,166,-3.6500266675932416,-3.2329952824425443
v10,feat_gbm,0.25,42,167,0.24671616441337188,0.19550508612775644
v10,feat_gbm,0.25,42,168,-0.9999252539600049,-1.2639642813248737
v10,feat_gbm,0.25,42,169,1.386691739443397,1.4224064134580066
v10,feat_gbm,0.25,42,170,-1.786978218416816,-1.5303724784706008
v10,feat_gbm,0.25,42,171,0.598119564835112,0.6086346650572224
v10,feat_gbm,0.25,42,172,0.04210538915449055,-0.052232489626048526
v10,feat_gbm,0.25,42,173,-0.4486746112383554,-0.19074605880313256
v10,feat_gbm,0.25,42,174,-2.3927596973419907,-2.7678232596734214
v10,feat_gbm,0.25,42,175,-1.9830691826179887,-1.6557092188829319
v10,feat_gbm,0.25,42,176,-0.07965553602314983,0.12081831439914445
v10,feat_gbm,0.25,42,177,0.8359827967526932,3.7031714993021168
v10,feat_gbm,0.25,42,178,-0.3547113553000624,-0.17761292562564054
v10,feat_gbm,0.25,42,179,0.20242024233393177,0.2295122735959306
v10,feat_gbm,0.25,42,180,-1.5965360503978479,-1.6401012725318311
v10,feat_gbm,0.25,42,181,-2.392334542390483,-3.399461101549646
v10,feat_gbm,0.25,42,182,0.6705014105646192,0.5421608664871393
v10,feat_gbm,0.25,42,183,-3.9185079189251684,-3.7858185839721776
v10,feat_gbm,0.25,42,184,0.5667970458320877,0.4440956773301304
v10,feat_gbm,0.25,42,185,0.5363772807668595,0.5450962365111649
v10,feat_gbm,0.25,42,186,-3.4681991321333605,-3.094441269353033
v10,feat_gbm,0.25,42,187,1.3654818262728479,1.436275522654785
v10,feat_gbm,0.25,42,188,0.03756310738340682,-0.003208414280501246
v10,feat_gbm,0.25,42,189,-1.912502934361718,-2.0766448721687736
v10,feat_gbm,0.25,42,190,-3.3005139668529586,-2.887011097372245
v10,feat_gbm,0.25,42,191,0.07069988800243494,-0.19564387773269687
v10,feat_gbm,0.25,42,192,-3.7439429799253765,-3.39219136175158
v10,feat_gbm,0.25,42,193,-4.575521665771934,-4.804455114758695
v10,feat_gbm,0.25,42,194,-0.017027983839303328,-0.23230879418151415
v10,feat_gbm,0.25,42,195,0.7032101059633287,0.7768952289284052
v10,feat_gbm,0.25,42,196,-3.673827962580085,-3.0758975731441707
v10,feat_gbm,0.25,42,197,1.849352706996625,1.8852948766094535
v10,feat_gbm,0.25,42,198,0.08692284124114348,-0.07474663349946693
v10,feat_gbm,0.25,42,199,1.3599423462152498,0.9295509098669842
v10,feat_gbm,0.25,42,200,0.2519716600466521,0.40408761039079466
v10,feat_gbm,0.25,42,201,-1.3593224838496019,-1.0185563947000995
v10,feat_gbm,0.25,42,202,-1.6236268575056019,-1.5812541435625456
v10,feat_gbm,0.25,42,203,-2.3884816462314546,-2.9269603411540346
v10,feat_gbm,0.25,42,204,-0.3956451934772046,-0.9368237022381455
v10,feat_gbm,0.25,42,205,-0.597031845229665,-0.771906247259438
v10,feat_gbm,0.25,42,206,-1.6953780773237968,-1.4457766532498904
v10,feat_gbm,0.25,42,207,-2.7243830518797174,-2.4752738768021185
v10,feat_gbm,0.25,42,208,-2.9314776691536495,-2.8789590131308262
v10,feat_gbm,0.25,42,209,-2.9246924923195383,-2.6986856152036793
v10,feat_gbm,0.25,42,210,0.09373079792899183,0.05837096406180189
v10,feat_gbm,0.25,42,211,-2.9644679106055323,-2.2327070274631113
v10,feat_gbm,0.25,42,212,0.16953430251783957,0.15758807445032513
v10,feat_gbm,0.25,42,213,0.8336944793110442,0.5234750924970406
v10,feat_gbm,0.25,42,214,0.7891934990048749,0.8312555987922697
v10,feat_gbm,0.25,42,215,-0.5590271977129924,-0.7699972654610447
v10,feat_gbm,0.25,42,216,-2.4882142192837864,-2.4368834827463726
v10,feat_gbm,0.25,42,217,-3.6381277250626165,-3.7421886443248944
v10,feat_gbm,0.25,42,218,-4.624804329721827,-4.3753265313120195
v10,feat_gbm,0.25,42,219,0.02138380515537543,0.13181597567614448
v10,feat_gbm,0.25,42,220,-2.489655196631273,-2.150299196146146
v10,feat_gbm,0.25,42,221,0.4881574788287666,0.4316281043505307
v10,feat_gbm,0.25,42,222,0.6678238653304737,0.20581216265343685
v10,feat_gbm,0.25,42,223,-1.9278936163373865,-1.7226779576420432
v10,feat_gbm,0.25,42,224,1.0644925380285537,1.0701061526100661
v10,feat_gbm,0.25,42,225,-2.6767698546607654,-2.995983076644188
v10,feat_gbm,0.25,42,226,-0.2921233529883007,-0.39103048890459524
v10,feat_gbm,0.25,42,227,-2.484392491252299,-2.811377433191803
v10,feat_gbm,0.25,42,228,0.21965240610172906,0.1103569248772952
v10,feat_gbm,0.25,42,229,0.9303576654795147,1.0926797996732165
v10,feat_gbm,0.25,42,230,-1.2247590973788185,-1.1465469989616057
v10,feat_gbm,0.25,42,231,-3.795293692504482,-3.7045714701961474
v10,feat_gbm,0.25,42,232,-0.1603854608962267,-0.3205795311611984
v10,feat_gbm,0.25,42,233,-0.44456206484248423,-0.7282288274356463
v10,feat_gbm,0.25,42,234,-0.870277899439725,-0.6143938277881194
v10,feat_gbm,0.25,42,235,-3.3885382295702184,-3.717493513170671
v10,feat_gbm,0.25,42,236,-2.089813057056475,-1.894186438607053
v10,feat_gbm,0.25,42,237,0.024504252268117303,0.19101892391720615
v10,feat_gbm,0.25,42,238,-2.5317542705571,-2.723653519266766
v10,feat_gbm,0.25,42,239,0.05935380481042673,0.28172679866345784
v10,feat_gbm,0.25,42,240,-0.7117933313797976,-0.570916259780521
v10,feat_gbm,0.25,42,241,-2.395589624520718,-3.037607674189957
v10,feat_gbm,0.25,42,242,-2.685725967138986,-2.4824067099880884
v10,feat_gbm,0.25,42,243,1.254573780272561,1.793244191067856
v10,feat_gbm,0.25,42,244,-1.95071814245745,-2.170563194223024
v10,feat_gbm,0.25,42,245,-2.634055879338287,-2.5580286375581696
v10,feat_gbm,0.25,42,246,-3.2799667444417073,-3.9013363177662743
v10,feat_gbm,0.25,42,247,-1.1986660233502817,-1.2689211715035387
v10,feat_gbm,0.25,42,248,-3.017287360613868,-2.89795980370705
v10,feat_gbm,0.25,42,249,-0.836625767808271,-1.149470325468549
v10,feat_gbm,0.25,42,250,-2.5291914505137276,-2.1803876537888693
v10,feat_gbm,0.25,42,251,-1.035533997299777,-1.2010659028736028
v10,feat_gbm,0.25,42,252,-2.6568033704873493,-2.675840590612525
v10,feat_gbm,0.25,42,253,-0.9798775179510402,-0.865421424414132
v10,feat_gbm,0.25,42,254,-0.3529687008648827,-0.45089388998719687
v10,feat_gbm,0.25,42,255,-1.5638410343219897,-1.477655138121315
v10,feat_gbm,0.25,42,256,-2.068062047090502,-1.9234128661936198
v10,feat_gbm,0.25,42,257,-0.758683620779496,-0.8895479413744646
v10,feat_gbm,0.25,42,258,-1.4689264418706074,-1.284701881398344
v10,feat_gbm,0.25,42,259,0.059545286575046735,0.03791276039075724
v10,feat_gbm,0.25,42,260,-1.0572358036998981,-1.213907680807544
v10,feat_gbm,0.25,42,261,-0.7343943906888374,-0.6937064881158975
v10,feat_gbm,0.25,42,262,-1.970432778761666,-2.500344974429108
v10,feat_gbm,0.25,42,263,-3.1036181657300554,-3.0782877743164985
v10,feat_gbm,0.25,42,264,-2.882348549875445,-3.2702790535172426
v10,feat_gbm,0.25,42,265,-0.22679686923307008,-0.15746453031192983
v10,feat_gbm,0.25,42,266,-1.5602657356902194,-1.3930653126164372
v10,feat_gbm,0.25,42,267,-4.179935205382059,-3.460520174484755
v10,feat_gbm,0.25,42,268,-1.6731866588453346,-1.8115923421665279
v10,feat_gbm,0.25,42,269,-0.05700504262535977,-0.04785951915829837
v10,feat_gbm,0.25,42,270,-1.2288628444823846,-1.3387838926701625
v10,feat_gbm,0.25,42,271,0.7221709928685297,0.6172482925771328
v10,feat_gbm,0.25,42,272,0.23249418426421925,0.10718580269537517
v10,feat_gbm,0.25,42,273,-2.850262973310271,-2.4250613993713395
v10,feat_gbm,0.25,42,274,-0.3823639479019546,-0.4656136934058211
v10,feat_gbm,0.25,42,275,-1.6557811500284667,-1.7679071058666047
v10,feat_gbm,0.25,42,276,-0.053507834427734643,-0.15192249005847586
v10,feat_gbm,0.25,42,277,-0.1442129834507963,-0.22686658439221394
v10,feat_gbm,0.25,42,278,-0.1861313566857021,-0.3963273628232521
v10,feat_gbm,0.25,42,279,-2.3500469158204527,-2.1916982233579314
v10,feat_gbm,0.25,42,280,0.5735878541689639,0.5138857123822332
v10,feat_gbm,0.25,42,281,-1.1061403442020972,0.13501120436460418
v10,feat_gbm,0.25,42,282,-0.10792376621767862,-0.35232291748203215
v10,feat_gbm,0.25,42,283,0.5010542855901429,0.33710059568630363
v10,feat_gbm,0.25,42,284,2.4956498706394705,2.2269494594330284
v10,feat_gbm,0.25,42,285,-0.42181878709374254,-0.8523290277873723
v10,feat_gbm,0.25,42,286,0.4744198986362106,0.5032694866056324
v10,feat_gbm,0.25,42,287,-3.483644174866171,-3.0734310124071125
v10,feat_gbm,0.25,42,288,-3.3695948685461112,-3.0969464995649485
v10,feat_gbm,0.25,42,289,0.9594267700856746,0.8088909840914691
v10,feat_gbm,0.25,42,290,-1.6769237441925673,-1.710735902712342
v10,feat_gbm,0.25,42,291,-0.24414794896170952,-0.24588513525180683
v10,feat_gbm,0.25,42,292,-3.1391355873767455,-2.9910915714149957
v10,feat_gbm,0.25,42,293,0.03514700015367083,0.24397961438558982
v10,feat_gbm,0.25,42,294,1.0215517227317215,0.9827222917401395
v10,feat_gbm,0.25,42,295,1.194780674947011,1.5399914318848642
v10,feat_gbm,0.25,42,296,-2.741990489163467,-3.028104854063688
v10,feat_gbm,0.25,42,297,-1.8323566720704578,-1.9675880903276046
v10,feat_gbm,0.25,42,298,0.5212018055115031,0.3882116190950413
v10,feat_gbm,0.25,42,299,-0.3146641111465544,-0.4169590587595381
v10,feat_gbm,0.25,42,300,-0.5365286594689996,-0.47104701624968015
v10,feat_gbm,0.25,42,301,-0.5472580264943688,-0.5788171023402015
v10,feat_gbm,0.25,42,302,-3.6615819607393045,-3.325334912618423
v10,feat_gbm,0.25,42,303,-0.04926110673374741,0.27214776974989446
v10,feat_gbm,0.25,42,304,0.31995446614688233,0.2838761456734127
v10,feat_gbm,0.25,42,305,0.8775771589665842,0.98356576927226
v10,feat_gbm,0.25,42,306,-2.1071081178060505,-2.324804251846344
v10,feat_gbm,0.25,42,307,-0.10379857014109478,-0.30060412365222405
v10,feat_gbm,0.25,42,308,-3.9316573573939126,-3.5706943269006843
v10,feat_gbm,0.25,42,309,0.714321718070696,0.7657986236992217
v10,feat_gbm,0.25,42,310,-0.08949152289882782,-0.3760212383278314
v10,feat_gbm,0.25,42,311,0.9036830419192947,0.903367601886353
v10,feat_gbm,0.25,42,312,0.5861971027470467,0.2834145554969618
v10,feat_gbm,0.25,42,313,-0.6731255434983168,-0.8750381269167363
v10,feat_gbm,0.25,42,314,-1.6539530321133935,-0.8911054934067958
v10,feat_gbm,0.25,42,315,0.3502226063692512,0.2699623908229132
v10,feat_gbm,0.25,42,316,-3.8480635704382573,-4.034449774534175
v10,feat_gbm,0.25,42,317,0.4688075381731016,0.7302045063515665
v10,feat_gbm,0.25,42,318,-2.1800369175781884,-2.5264159394565007
v10,feat_gbm,0.25,42,319,-3.207974570801826,-3.1280680478747835
v10,feat_gbm,0.25,42,320,-0.5371151514165897,-0.623194388118803
v10,feat_gbm,0.25,42,321,-3.9668496504817283,-4.172922463867305
v10,feat_gbm,0.25,42,322,1.1101463887301366,1.0714029341973417
v10,feat_gbm,0.25,42,323,-2.6413277621451887,-2.5538050374755565
v10,feat_gbm,0.25,42,324,-1.5336477205088288,-1.5310020975326282
v10,feat_gbm,0.25,42,325,-0.6600552233333981,-0.735749980772127
v10,feat_gbm,0.25,42,326,-0.4655323257952602,-0.5010306012352705
v10,feat_gbm,0.25,42,327,-4.396558297121616,-4.393123087746285
v10,feat_gbm,0.25,42,328,0.6508380627709257,0.6439364857563509
v10,feat_gbm,0.25,42,329,-3.0032163614736542,-2.60760252445046
v10,feat_gbm,0.25,42,330,0.5061756940298734,0.46983427811083467
v10,feat_gbm,0.25,42,331,-0.987858607465501,-1.149354435920189
v10,feat_gbm,0.25,42,332,-1.8170890620574915,-1.0961264399974935
v10,feat_gbm,0.25,42,333,1.1787994377309015,1.4253561556633074
v10,feat_gbm,0.25,42,334,1.0705583766111904,1.0406546288822482
v10,feat_gbm,0.25,42,335,-0.4326739693044772,-0.1286217558512718
v10,feat_gbm,0.25,42,336,-1.5173372306696984,-1.7275974260064488
v10,feat_gbm,0.25,42,337,-3.9666168134834914,-4.535227665039715
v10,feat_gbm,0.25,42,338,-0.762129050598716,-1.078833843619319
v10,feat_gbm,0.25,42,339,-1.9009964162248232,-2.035297396751524
v10,feat_gbm,0.25,42,340,0.090322638829335,0.4788286932125707
v10,feat_gbm,0.25,42,341,-0.3315336812337395,-0.4595082096564039
v10,feat_gbm,0.25,42,342,-3.8273799840972007,-3.653430804591794
v10,feat_gbm,0.25,42,343,0.5795671895263763,0.2834522663037432
v10,feat_gbm,0.25,42,344,0.10114752306132391,-0.15984972455285287
v10,feat_gbm,0.25,42,345,-2.6004595278276983,-3.8822970119574354
v10,feat_gbm,0.25,42,346,-2.8648606245823998,-2.5801989990218064
v10,feat_gbm,0.25,42,347,-3.672853896855295,-3.2622630695286134
v10,feat_gbm,0.25,42,348,-0.4038484764428767,-0.4894561152880944
v10,feat_gbm,0.25,42,349,-3.5055832788446986,-3.0223552414624764
v10,feat_gbm,0.25,42,350,0.7333826418963122,0.4215072765335228
v10,feat_gbm,0.25,42,351,-2.495030720581364,-1.8152752103400673
v10,feat_gbm,0.25,42,352,0.6216001721544477,1.102263670511441
v10,feat_gbm,0.25,42,353,1.301701605363577,1.4454852001466738
v10,feat_gbm,0.25,42,354,-3.644508962665151,-3.6770060333191017
v10,feat_gbm,0.25,42,355,-4.016063241235546,-5.078652858832153
v10,feat_gbm,0.25,42,356,0.5484240538008908,0.7815322159665122
v10,feat_gbm,0.25,42,357,0.6402613660493276,0.6775133790495483
v10,feat_gbm,0.25,42,358,-3.5934753557783363,-3.5163570325540956
v10,feat_gbm,0.25,42,359,-3.0888374979218476,-4.157760523739404
v10,feat_gbm,0.25,42,360,-0.057672494974293886,-0.18386357284099003
v10,feat_gbm,0.25,42,361,-4.427492943692874,-4.477383009144865
v10,feat_gbm,0.25,42,362,0.18783937332389863,0.2909126951240761
v10,feat_gbm,0.25,42,363,-3.528677459295311,-3.5121531596302606
v10,feat_gbm,0.25,42,364,0.29653735719456487,-0.0019354464452207268
v10,feat_gbm,0.25,42,365,-3.453946056917619,-3.264666087597375
v10,feat_gbm,0.25,42,366,-1.2068433119266744,-1.4961090632143375
v10,feat_gbm,0.25,42,367,0.022223209834999445,-0.10305907560987346
v10,feat_gbm,0.25,42,368,0.19240273090212834,0.24601275195113992
v10,feat_gbm,0.25,42,369,-1.8894222309481803,-1.6400355118163064
v10,feat_gbm,0.25,42,370,-1.1442755951244261,-1.5399226532969161
v10,feat_gbm,0.25,42,371,-0.1354942630816637,-0.3336387161155974
v10,feat_gbm,0.25,42,372,0.47267050608625977,0.3185760540422761
v10,feat_gbm,0.25,42,373,-0.259018766600657,-0.30756424411789
v10,feat_gbm,0.25,42,374,-3.809658405547198,-3.551435429619069
v10,feat_gbm,0.25,42,375,-0.08362104384407908,-0.12846918127015178
v10,feat_gbm,0.25,42,376,0.3694337267632508,0.43413099611324796
v10,feat_gbm,0.25,42,377,0.8300251235444225,0.8095384731463161
v10,feat_gbm,0.25,42,378,0.3730854399043862,0.20303525329731625
v10,feat_gbm,0.25,42,379,0.6145809631927984,0.524784145223057
v10,feat_gbm,0.25,42,380,0.4420928869499786,0.8722609808312535
v10,feat_gbm,0.25,42,381,0.7152161605801509,1.0190202163897197
v10,feat_gbm,0.25,42,382,0.8438715941719874,1.2715191268303472
v10,feat_gbm,0.25,42,383,0.027928561156186506,-0.13923746667536385
v10,feat_gbm,0.25,42,384,-1.6363178008544383,-1.7983983483294153
v10,feat_gbm,0.25,42,385,0.3329490288546882,0.5606037150840157
v10,feat_gbm,0.25,42,386,0.6954869904240979,0.6003456151224621
v10,feat_gbm,0.25,42,387,0.9990458952841766,1.3071718981356573
v10,feat_gbm,0.25,42,388,-0.09101532435765335,-0.19457283568776126
v10,feat_gbm,0.25,42,389,-1.0940924979020492,-0.981880356960367
v10,feat_gbm,0.25,42,390,-3.083853980107553,-2.628024059072158
v10,feat_gbm,0.25,42,391,-2.3836299544302415,-2.479262758098376
v10,feat_gbm,0.25,42,392,-2.196395981961567,-2.207941629114672
v10,feat_gbm,0.25,42,393,-3.1295013876216307,-2.806586620215901
v10,feat_gbm,0.25,42,394,-0.12192577141843103,-0.16842623590390868
v10,feat_gbm,0.25,42,395,0.5043699248563915,0.3596423409999632
v10,feat_gbm,0.25,42,396,-2.7296349616786104,-3.117667066362407
v10,feat_gbm,0.25,42,397,0.8923881894314715,0.6134086288650079
v10,feat_gbm,0.25,42,398,0.36618412877050877,0.5049020087080688
v10,feat_gbm,0.25,42,399,-1.0449018358255882,-1.0548605918119196
v10,feat_gbm,0.25,42,400,-2.966458532691665,-2.877676775828332
v10,feat_gbm,0.25,42,401,0.060776848493267976,0.015654415635624343
v10,feat_gbm,0.25,42,402,-0.6168375017260413,-0.7027824676465185
v10,feat_gbm,0.25,42,403,0.1282792699548292,0.6733427913489138
v10,feat_gbm,0.25,42,404,-0.09751034981915105,0.03259550049258387
v10,feat_gbm,0.25,42,405,-3.5885903325744333,-3.4179416205706223
v10,feat_gbm,0.25,42,406,-1.4056629792680035,-1.6563158072976616
v10,feat_gbm,0.25,42,407,0.5511504402229738,0.3281041495218151
v10,feat_gbm,0.25,42,408,-1.3698452980978602,-1.498502430121411
v10,feat_gbm,0.25,42,409,-1.2708805464991697,-1.5390850133499359
v10,feat_gbm,0.25,42,410,-2.8113990993664966,-3.8769914364338094
v10,feat_gbm,0.25,42,411,-0.8873568495374746,-1.1093409530974205
v10,feat_gbm,0.25,42,412,-2.494587799447295,-2.1356441225652167
v10,feat_gbm,0.25,42,413,0.4495656730643098,0.5613925387002681
v10,feat_gbm,0.25,42,414,-2.6928958810672383,-2.672303525149137
v10,feat_gbm,0.25,42,415,0.90435733119517,0.9887747910888531
v10,feat_gbm,0.25,42,416,-1.9992397924147622,-2.064740642123073
v10,feat_gbm,0.25,42,417,-0.3993506278401483,-0.13534283366780814
v10,feat_gbm,0.25,42,418,0.48060293790532366,0.5266566940316069
v10,feat_gbm,0.25,42,419,-1.2147644027980062,-0.7929716308762645
v10,feat_gbm,0.25,42,420,0.44837067349200227,0.22081989653443584
v10,feat_gbm,0.25,42,421,-3.7542214189533776,-3.4911396429773087
v10,feat_gbm,0.25,42,422,0.09121239474466535,0.4691563032653497
v10,feat_gbm,0.25,42,423,-0.42304313044901803,-0.21242164749251408
v10,feat_gbm,0.25,42,424,-2.261010819523827,-2.0235730224261497
v10,feat_gbm,0.25,42,425,-0.10192098202381968,0.1881042769243711
v10,feat_gbm,0.25,42,426,-0.978905439053779,-0.7546830882020855
v10,feat_gbm,0.25,42,427,-2.0180673794369928,-2.004418163271322
v10,feat_gbm,0.25,42,428,0.05113406373110012,0.08108350485015015
v10,feat_gbm,0.25,42,429,-1.0982936026214465,-0.8958783842144782
v10,feat_gbm,0.25,42,430,-0.6500346172241147,-0.700178367515834
v10,feat_gbm,0.25,42,431,-2.162724526124398,-2.026447754843476
v10,feat_gbm,0.25,42,432,-3.4685705119512695,-3.3644112924118934
v10,feat_gbm,0.25,42,433,-1.923041390365713,-2.4777804975332844
v10,feat_gbm,0.25,42,434,-3.451310449350433,-3.6407879329147783
v10,feat_gbm,0.25,42,435,0.7710136524814812,0.8140524350977956
v10,feat_gbm,0.25,42,436,-0.781334568009715,-0.6342245759550225
v10,feat_gbm,0.25,42,437,-0.9084503461889604,-1.0170271575608654
v10,feat_gbm,0.25,42,438,1.2091918278910565,1.2058566336630974
v10,feat_gbm,0.25,42,439,0.8732125457526642,1.04159183954478
v10,feat_gbm,0.25,42,440,-0.7711554392291156,-0.383754051292973
v10,feat_gbm,0.25,42,441,1.0783008580030888,0.9717849563735496
v10,feat_gbm,0.25,42,442,0.9360071562705653,0.915394257773604
v10,feat_gbm,0.25,42,443,0.1552273586758619,0.17619398118278368
v10,feat_gbm,0.25,42,444,-2.5195507925056773,-2.3026142847949007
v10,feat_gbm,0.25,42,445,-1.5331989936153272,-2.156995715227189
v10,feat_gbm,0.25,42,446,-2.0167780448710193,-1.9647154613855007
v10,feat_gbm,0.25,42,447,-0.8972604643992205,-1.2167428909736953
v10,feat_gbm,0.25,42,448,0.057654752881240945,0.371748058948411
v10,feat_gbm,0.25,42,449,-3.723780420452686,-3.354914600670279
v10,feat_gbm,0.25,42,450,-2.193485993225228,-2.0984010901330774
v10,feat_gbm,0.25,42,451,-1.9751072140837878,-1.8411195968283314
v10,feat_gbm,0.25,42,452,-0.23343070949576392,-0.2866386615093297
v10,feat_gbm,0.25,42,453,-1.8652557095588929,-2.1769502099219324
v10,feat_gbm,0.25,42,454,0.5790562546504845,0.851829112076475
v10,feat_gbm,0.25,42,455,-0.29428199900683,-0.5174982843777256
v10,feat_gbm,0.25,42,456,-3.3977207760830037,-3.7883351795095335
v10,feat_gbm,0.25,42,457,-1.3571828757955777,-1.3225504843777425
v10,feat_gbm,0.25,42,458,-0.5982748760239215,-0.6304710111145473
v10,feat_gbm,0.25,42,459,-2.797860935941006,-2.867776928577639
v10,feat_gbm,0.25,42,460,0.010234187742696617,-0.20106453453544149
v10,feat_gbm,0.25,42,461,0.26793732277296406,0.565413433251147
v10,feat_gbm,0.25,42,462,0.45932582405160777,0.6531860801292728
v10,feat_gbm,0.25,42,463,-3.2473559043137312,-3.295531334571209
v10,feat_gbm,0.25,42,464,-0.8367607422755751,-1.118951529136503
v10,feat_gbm,0.25,42,465,0.07338421262259513,0.08535922256033004
v10,feat_gbm,0.25,42,466,-0.051296825844020025,0.2656879386171551
v10,feat_gbm,0.25,42,467,-0.7735134448490951,-1.0764680911985907
v10,feat_gbm,0.25,42,468,2.1752972621942015,2.2503813782282114
v10,feat_gbm,0.25,42,469,0.09178940485250776,-0.029700274932011248
v10,feat_gbm,0.25,42,470,-2.6169077677197676,-2.1918010579584375
v10,feat_gbm,0.25,42,471,-0.24580901185954773,-0.12537364897776127
v10,feat_gbm,0.25,42,472,-1.3967383391381207,-1.3714574409892777
v10,feat_gbm,0.25,42,473,-2.029584934904122,-1.0216450817816245
v10,feat_gbm,0.25,42,474,-0.7192905776155509,-0.8313233833759152
v10,feat_gbm,0.25,42,475,-3.206809339451865,-3.25243582884057
v10,feat_gbm,0.25,42,476,0.7164756870403778,0.8737365575305754
v10,feat_gbm,0.25,42,477,-2.1783755366505284,-1.8373017486027088
v10,feat_gbm,0.25,42,478,-1.7030454248495022,-1.909749317133085
v10,feat_gbm,0.25,42,479,0.6212943785803537,0.418341725137149
v10,feat_gbm,0.25,42,480,-3.0413775690443545,-2.8689304810445995
v10,feat_gbm,0.25,42,481,-4.481354072681261,-3.9192950012633494
v10,feat_gbm,0.25,42,482,0.8983064904662051,0.8191907452202399
v10,feat_gbm,0.25,42,483,-2.832994716512551,-2.7371748494528005
v10,feat_gbm,0.25,42,484,-0.16764483880004927,0.043868991079412875
v10,feat_gbm,0.25,42,485,-3.1557045193381827,-3.9571024828402512
v10,feat_gbm,0.25,42,486,-0.9459658540082191,-0.8286091055291892
v10,feat_gbm,0.25,42,487,1.1866670192526008,1.1086460137612473
v10,feat_gbm,0.25,42,488,-0.9797053814553219,-1.0899995989348372
v10,feat_gbm,0.25,42,489,-2.7207546048939277,-2.9260181182274523
v10,feat_gbm,0.25,42,490,-0.17126882105444963,0.01778898425240747
v10,feat_gbm,0.25,42,491,-0.582025900780781,-0.388546054063584
v10,feat_gbm,0.25,42,492,-0.43721470674916796,-0.8483910406321095
v10,feat_gbm,0.25,42,493,-2.7486228131080934,-2.4855190663855797
v10,feat_gbm,0.25,42,494,-0.42953772939731866,-0.6027729178489412
v10,feat_gbm,0.25,42,495,-1.539071022829745,-1.5285925057254015
v10,feat_gbm,0.25,42,496,0.9061435429387324,1.0092174422839322
v10,feat_gbm,0.25,42,497,-2.3085741613351836,-2.421052301727873
v10,feat_gbm,0.25,42,498,-3.1330090463396214,-3.2283141264699093
v10,feat_gbm,0.25,42,499,-4.4065974164252975,-4.907212199848568
v10,feat_gbm,0.25,43,0,-0.20831050388678507,0.03894909458183669
v10,feat_gbm,0.25,43,1,-2.5385712280768593,-2.5052564746229193
v10,feat_gbm,0.25,43,2,0.8272629814395066,0.6287827851917782
v10,feat_gbm,0.25,43,3,-2.915221846361051,-3.3447289283878643
v10,feat_gbm,0.25,43,4,0.8880624684086654,0.9694015026406426
v10,feat_gbm,0.25,43,5,-2.3537243800166894,-2.4693709778233526
v10,feat_gbm,0.25,43,6,-0.19081232184760247,-0.2819211013310965
v10,feat_gbm,0.25,43,7,0.7114100950675234,0.5289578846490461
v10,feat_gbm,0.25,43,8,0.2787015853616852,0.032863622186365654
v10,feat_gbm,0.25,43,9,1.0029040871540187,0.9352707853930591
v10,feat_gbm,0.25,43,10,-1.570649247091982,-1.5987558134683666
v10,feat_gbm,0.25,43,11,-3.2544781425820615,-3.2678706438993954
v10,feat_gbm,0.25,43,12,-2.4886396487251106,-2.445380546146449
v10,feat_gbm,0.25,43,13,-0.39822247421914825,-0.4471217519653716
v10,feat_gbm,0.25,43,14,-1.664082861240164,-1.8343062920535937
v10,feat_gbm,0.25,43,15,-2.631387200871547,-2.278287047942225
v10,feat_gbm,0.25,43,16,-1.3633140577392637,-1.113015507562239
v10,feat_gbm,0.25,43,17,-1.0555585037740354,-1.149386040828735
v10,feat_gbm,0.25,43,18,-0.1718299593177221,-0.4541092694382234
v10,feat_gbm,0.25,43,19,-2.9613072021923514,-2.8798658660471284
v10,feat_gbm,0.25,43,20,-3.393053456447006,-3.281006200299989
v10,feat_gbm,0.25,43,21,-0.6009529078673016,-0.7889402030111288
v10,feat_gbm,0.25,43,22,-0.6146985915939629,-0.48114593055133975
v10,feat_gbm,0.25,43,23,-2.7031502378256924,-2.8038114998165153
v10,feat_gbm,0.25,43,24,-3.0834572155153523,-2.6726430450531393
v10,feat_gbm,0.25,43,25,-3.3168892172860582,-3.141178249464176
v10,feat_gbm,0.25,43,26,-3.807882768957642,-3.8612362310489847
v10,feat_gbm,0.25,43,27,-3.0979553619065796,-3.085821277369337
v10,feat_gbm,0.25,43,28,-2.2599689122198936,-2.1153791712035637
v10,feat_gbm,0.25,43,29,-0.4144739184680961,-0.5854112868629942
v10,feat_gbm,0.25,43,30,0.21058147965096183,0.13849791927417068
v10,feat_gbm,0.25,43,31,-2.5759006612778452,-2.779654184179668
v10,feat_gbm,0.25,43,32,1.2281186163698918,0.9166392391011026
v10,feat_gbm,0.25,43,33,-1.7379023267971845,-2.134444297962007
v10,feat_gbm,0.25,43,34,1.0344921940136007,1.1224191581864646
v10,feat_gbm,0.25,43,35,-3.0694131047329916,-2.7514680837461087
v10,feat_gbm,0.25,43,36,0.11755407169540316,0.7493710802437775
v10,feat_gbm,0.25,43,37,-2.248256884545836,-2.157600461660938
v10,feat_gbm,0.25,43,38,-1.6334484123742585,-1.7436371170468024
v10,feat_gbm,0.25,43,39,0.8520353806353496,0.632388610685479
v10,feat_gbm,0.25,43,40,-1.4091573658839875,-1.5024753827969588
v10,feat_gbm,0.25,43,41,-3.363408963065537,-2.936018587066778
v10,feat_gbm,0.25,43,42,-0.036785323836120126,-0.06406961406287034
v10,feat_gbm,0.25,43,43,-0.41801392588410313,-0.43711075337934485
v10,feat_gbm,0.25,43,44,0.5587496918722177,0.521724778538647
v10,feat_gbm,0.25,43,45,0.4963220101754363,-0.02881562555915001
v10,feat_gbm,0.25,43,46,-3.1815866093986935,-2.6856700943784895
v10,feat_gbm,0.25,43,47,-3.6807677727080326,-3.3419513202228783
v10,feat_gbm,0.25,43,48,-0.18188447885341977,-0.35240032436669677
v10,feat_gbm,0.25,43,49,-4.383988774921473,-4.466027560457086
v10,feat_gbm,0.25,43,50,-0.7541917205769949,-1.2227887404747313
v10,feat_gbm,0.25,43,51,-3.8276012695140182,-4.168130875201601
v10,feat_gbm,0.25,43,52,-2.717474375777888,-2.1825653069440887
v10,feat_gbm,0.25,43,53,-3.212189694681218,-2.816977102698189
v10,feat_gbm,0.25,43,54,-0.8739486009324529,-0.9520374156321785
v10,feat_gbm,0.25,43,55,0.42080311026772976,0.800460094219776
v10,feat_gbm,0.25,43,56,0.18768137522496897,0.2782562560211116
v10,feat_gbm,0.25,43,57,-0.36034571258734316,-0.7855200046266205
v10,feat_gbm,0.25,43,58,-3.020635604090594,-2.837973637743256
v10,feat_gbm,0.25,43,59,0.20086166223977237,0.3653424354755994
v10,feat_gbm,0.25,43,60,-2.905170295747161,-3.145987746693799
v10,feat_gbm,0.25,43,61,-2.271055613609043,-2.1381844357326614
v10,feat_gbm,0.25,43,62,0.5926354108276544,0.3908315550690521
v10,feat_gbm,0.25,43,63,-3.468493936194144,-3.259739876316779
v10,feat_gbm,0.25,43,64,-3.9644816396737155,-3.799325775609258
v10,feat_gbm,0.25,43,65,-0.007043742053970654,0.2842997557356093
v10,feat_gbm,0.25,43,66,0.7426563376723626,0.9099380077885143
v10,feat_gbm,0.25,43,67,0.4660260617196088,0.5741223235018287
v10,feat_gbm,0.25,43,68,1.0827231980500172,1.3807263582335993
v10,feat_gbm,0.25,43,69,1.2006004872680693,2.7357387204405055
v10,feat_gbm,0.25,43,70,-0.20886958678781245,-0.3782017485149665
v10,feat_gbm,0.25,43,71,-0.47035043813683236,-0.6946521973220513
v10,feat_gbm,0.25,43,72,-3.6351205655912393,-3.510295151868067
v10,feat_gbm,0.25,43,73,-0.12797594625226816,-0.3643686170400702
v10,feat_gbm,0.25,43,74,1.2340899293669298,1.1835884152793859
v10,feat_gbm,0.25,43,75,-0.13967730692449748,-0.38644824542838596
v10,feat_gbm,0.25,43,76,0.5699541981372651,0.7005004452467647
v10,feat_gbm,0.25,43,77,0.5526882744967564,0.3770911051312199
v10,feat_gbm,0.25,43,78,-0.563689787065468,-0.5374783823521183
v10,feat_gbm,0.25,43,79,-2.695473133771569,-3.2499450611549854
v10,feat_gbm,0.25,43,80,-1.7121702774448195,-1.719925172279684
v10,feat_gbm,0.25,43,81,0.9082736234946215,1.8185710395242058
v10,feat_gbm,0.25,43,82,-1.1942498014066472,-1.0758778979961314
v10,feat_gbm,0.25,43,83,-0.5021168981868515,-0.8033140510569362
v10,feat_gbm,0.25,43,84,-2.214728486319295,-2.0837035815006346
v10,feat_gbm,0.25,43,85,-0.8821963934682674,-1.2430797823904942
v10,feat_gbm,0.25,43,86,0.9190219867062579,0.639317965424242
v10,feat_gbm,0.25,43,87,-0.14358627329809817,-0.02321591952008587
v10,feat_gbm,0.25,43,88,-3.4171014758920393,-3.512086916650174
v10,feat_gbm,0.25,43,89,-1.6717177740643148,-1.684363733317816
v10,feat_gbm,0.25,43,90,-3.9419371031000927,-3.5341996208099964
v10,feat_gbm,0.25,43,91,1.005469470034947,1.1574629997660548
v10,feat_gbm,0.25,43,92,-0.9075275299893399,-0.7651863719989663
v10,feat_gbm,0.25,43,93,-4.364159745291023,-5.7708125015304885
v10,feat_gbm,0.25,43,94,0.0036594420113674857,0.07374698385127064
v10,feat_gbm,0.25,43,95,0.8483782968266751,1.201566413592891
v10,feat_gbm,0.25,43,96,1.2768768896380704,1.2655480006709303
v10,feat_gbm,0.25,43,97,-3.6377545546079095,-3.2217777708537843
v10,feat_gbm,0.25,43,98,-1.7661812875216694,-1.2120387208328698
v10,feat_gbm,0.25,43,99,-0.3247992010747413,-0.04015373686183237
v10,feat_gbm,0.25,43,100,-2.7663954253847405,-2.8384481914339785
v10,feat_gbm,0.25,43,101,-3.4862787131806123,-3.541068619782685
v10,feat_gbm,0.25,43,102,-4.198410215278357,-4.424727465058162
v10,feat_gbm,0.25,43,103,-0.5226117860413471,-0.7652009130347144
v10,feat_gbm,0.25,43,104,-0.6657879940200112,-0.406664655497914
v10,feat_gbm,0.25,43,105,-2.726318899202324,-2.8019031633754246
v10,feat_gbm,0.25,43,106,-1.2463543226035392,-1.1978192780958505
v10,feat_gbm,0.25,43,107,-1.0251617895151108,-1.2497822804421463
v10,feat_gbm,0.25,43,108,-0.20199302806285205,-0.2003702404752673
v10,feat_gbm,0.25,43,109,-0.006120662014092895,-0.28745536208379296
v10,feat_gbm,0.25,43,110,0.41764228551358507,0.2838469771831524
v10,feat_gbm,0.25,43,111,0.4191737156465067,0.6579850926301614
v10,feat_gbm,0.25,43,112,-0.06600551668946693,-0.4279263804064609
v10,feat_gbm,0.25,43,113,0.7518120353503295,0.527327823801956
v10,feat_gbm,0.25,43,114,-3.776943766043109,-3.652947895428966
v10,feat_gbm,0.25,43,115,-0.6973819805186408,-0.04287987221360797
v10,feat_gbm,0.25,43,116,-3.8282637827554535,-3.4409421360670214
v10,feat_gbm,0.25,43,117,-2.5973762344112865,-2.4284095097884006
v10,feat_gbm,0.25,43,118,-1.596737458593828,-1.419217075367618
v10,feat_gbm,0.25,43,119,-1.7986946741135927,-1.4944271796191557
v10,feat_gbm,0.25,43,120,-3.154828590323934,-2.797137626437216
v10,feat_gbm,0.25,43,121,1.200246226997419,3.1321125804877905
v10,feat_gbm,0.25,43,122,-2.6458600295692163,-3.164895556438051
v10,feat_gbm,0.25,43,123,0.18808704580603713,-0.021234684620174846
v10,feat_gbm,0.25,43,124,-1.4548017180661443,-1.246001114532972
v10,feat_gbm,0.25,43,125,-2.660135737586722,-2.7130193085566443
v10,feat_gbm,0.25,43,126,-1.8106919632587934,-2.0560780011130944
v10,feat_gbm,0.25,43,127,-1.7991449280365097,-1.631222331554067
v10,feat_gbm,0.25,43,128,-2.71595901491389,-3.477307725783656
v10,feat_gbm,0.25,43,129,1.3342332428247918,1.7007542891568868
v10,feat_gbm,0.25,43,130,-3.831271904310727,-3.4021624962570822
v10,feat_gbm,0.25,43,131,-3.727779905532786,-3.701149444421242
v10,feat_gbm,0.25,43,132,-0.1543734595741837,-0.4116741376471012
v10,feat_gbm,0.25,43,133,-0.46147090368491506,-0.5680375850475197
v10,feat_gbm,0.25,43,134,-1.2248915799930447,-1.4788189923590598
v10,feat_gbm,0.25,43,135,-2.7642747201716156,-2.9896549957503007
v10,feat_gbm,0.25,43,136,0.4831770267878152,0.11194117436713467
v10,feat_gbm,0.25,43,137,1.3547220030609042,1.7147062893715772
v10,feat_gbm,0.25,43,138,-2.131379334285806,-1.9709125209383296
v10,feat_gbm,0.25,43,139,0.17241333726985486,0.19937477723826902
v10,feat_gbm,0.25,43,140,-2.9740415816830676,-2.8223726616431475
v10,feat_gbm,0.25,43,141,-0.07722032900087636,-0.12380828599000025
v10,feat_gbm,0.25,43,142,-3.313950358986,-2.97521232911642
v10,feat_gbm,0.25,43,143,-1.9017872368438085,-1.9484557479617686
v10,feat_gbm,0.25,43,144,1.2229140596799966,1.244093655886106
v10,feat_gbm,0.25,43,145,-2.4326387956139124,-2.0280859266176816
v10,feat_gbm,0.25,43,146,-1.884816850882807,-2.0754073031653366
v10,feat_gbm,0.25,43,147,0.13942487839111103,-0.11331641159387335
v10,feat_gbm,0.25,43,148,-2.2996983091453655,-2.620298039600635
v10,feat_gbm,0.25,43,149,-3.053377390649274,-3.8395532227602396
v10,feat_gbm,0.25,43,150,-1.9553758680625752,-2.149698272240366
v10,feat_gbm,0.25,43,151,-3.2726831484136327,-3.1594376779318036
v10,feat_gbm,0.25,43,152,-2.6845552933395966,-2.7712141114581046
v10,feat_gbm,0.25,43,153,-1.1664084959582788,-1.1483368403810985
v10,feat_gbm,0.25,43,154,-1.3791056508326227,-1.4700676700115773
v10,feat_gbm,0.25,43,155,1.3126737082628082,1.4088416749712322
v10,feat_gbm,0.25,43,156,0.6838201375485274,0.7564704220494097
v10,feat_gbm,0.25,43,157,-2.222685262523424,-1.7148995557963913
v10,feat_gbm,0.25,43,158,-2.555704478799266,-2.8595355115547196
v10,feat_gbm,0.25,43,159,-0.9972915274375439,-0.9922400520728849
v10,feat_gbm,0.25,43,160,0.6456071891157121,1.8585227307534937
v10,feat_gbm,0.25,43,161,-2.316909585022388,-2.477654537850602
v10,feat_gbm,0.25,43,162,-3.099115582223972,-2.993764039868935
v10,feat_gbm,0.25,43,163,-1.1398471060878645,-1.1722671160336509
v10,feat_gbm,0.25,43,164,-1.9281055171569328,-1.6577576086204497
v10,feat_gbm,0.25,43,165,-2.8376045856537946,-2.9770186999323642
v10,feat_gbm,0.25,43,166,-3.719709623271442,-3.2329952824425443
v10,feat_gbm,0.25,43,167,0.24262807915214,0.19550508612775644
v10,feat_gbm,0.25,43,168,-0.9820413586483501,-1.2639642813248737
v10,feat_gbm,0.25,43,169,1.0621922254459426,1.4224064134580066
v10,feat_gbm,0.25,43,170,-1.856068996839482,-1.5303724784706008
v10,feat_gbm,0.25,43,171,0.4991737855702322,0.6086346650572224
v10,feat_gbm,0.25,43,172,0.20421629192044777,-0.052232489626048526
v10,feat_gbm,0.25,43,173,-0.2921531234833473,-0.19074605880313256
v10,feat_gbm,0.25,43,174,-2.48124714241943,-2.7678232596734214
v10,feat_gbm,0.25,43,175,-1.9548126090848137,-1.6557092188829319
v10,feat_gbm,0.25,43,176,0.08496436525320987,0.12081831439914445
v10,feat_gbm,0.25,43,177,1.2457267450577598,3.7031714993021168
v10,feat_gbm,0.25,43,178,-0.24810575266911244,-0.17761292562564054
v10,feat_gbm,0.25,43,179,0.29199549054143853,0.2295122735959306
v10,feat_gbm,0.25,43,180,-1.5351761748340138,-1.6401012725318311
v10,feat_gbm,0.25,43,181,-2.3780762873003,-3.399461101549646
v10,feat_gbm,0.25,43,182,0.5697036786526369,0.5421608664871393
v10,feat_gbm,0.25,43,183,-3.7977149069693548,-3.7858185839721776
v10,feat_gbm,0.25,43,184,0.5767724192663553,0.4440956773301304
v10,feat_gbm,0.25,43,185,0.6199205033887831,0.5450962365111649
v10,feat_gbm,0.25,43,186,-3.3829525329761365,-3.094441269353033
v10,feat_gbm,0.25,43,187,1.2479617392231879,1.436275522654785
v10,feat_gbm,0.25,43,188,0.16657632700697506,-0.003208414280501246
v10,feat_gbm,0.25,43,189,-1.8461868202415133,-2.0766448721687736
v10,feat_gbm,0.25,43,190,-3.4725166498014035,-2.887011097372245
v10,feat_gbm,0.25,43,191,0.06511414942946674,-0.19564387773269687
v10,feat_gbm,0.25,43,192,-3.6960979423682523,-3.39219136175158
v10,feat_gbm,0.25,43,193,-4.659323361947069,-4.804455114758695
v10,feat_gbm,0.25,43,194,-0.024144477425775496,-0.23230879418151415
v10,feat_gbm,0.25,43,195,0.6810727806255531,0.7768952289284052
v10,feat_gbm,0.25,43,196,-3.5541018907821753,-3.0758975731441707
v10,feat_gbm,0.25,43,197,1.8402281877919657,1.8852948766094535
v10,feat_gbm,0.25,43,198,-0.014449776773553672,-0.07474663349946693
v10,feat_gbm,0.25,43,199,0.9418062967114812,0.9295509098669842
v10,feat_gbm,0.25,43,200,0.2614365655736953,0.40408761039079466
v10,feat_gbm,0.25,43,201,-1.4010843941265185,-1.0185563947000995
v10,feat_gbm,0.25,43,202,-1.6447527493993543,-1.5812541435625456
v10,feat_gbm,0.25,43,203,-2.276322066214459,-2.9269603411540346
v10,feat_gbm,0.25,43,204,-0.4538985807288704,-0.9368237022381455
v10,feat_gbm,0.25,43,205,-0.553665577827246,-0.771906247259438
v10,feat_gbm,0.25,43,206,-1.9211125791953996,-1.4457766532498904
v10,feat_gbm,0.25,43,207,-2.63552268847111,-2.4752738768021185
v10,feat_gbm,0.25,43,208,-3.0955556531464943,-2.8789590131308262
v10,feat_gbm,0.25,43,209,-2.798374400589288,-2.6986856152036793
v10,feat_gbm,0.25,43,210,-0.07040261792346687,0.05837096406180189
v10,feat_gbm,0.25,43,211,-2.99205554627305,-2.2327070274631113
v10,feat_gbm,0.25,43,212,0.32421165793550794,0.15758807445032513
v10,feat_gbm,0.25,43,213,0.8163626764040885,0.5234750924970406
v10,feat_gbm,0.25,43,214,0.566506937117002,0.8312555987922697
v10,feat_gbm,0.25,43,215,-0.6798513325357122,-0.7699972654610447
v10,feat_gbm,0.25,43,216,-2.5924499769374627,-2.4368834827463726
v10,feat_gbm,0.25,43,217,-3.60137930831591,-3.7421886443248944
v10,feat_gbm,0.25,43,218,-4.603867814562574,-4.3753265313120195
v10,feat_gbm,0.25,43,219,0.08979506353791934,0.13181597567614448
v10,feat_gbm,0.25,43,220,-2.459534639960439,-2.150299196146146
v10,feat_gbm,0.25,43,221,0.4964712554016817,0.4316281043505307
v10,feat_gbm,0.25,43,222,0.4968385973582296,0.20581216265343685
v10,feat_gbm,0.25,43,223,-2.2321095218575056,-1.7226779576420432
v10,feat_gbm,0.25,43,224,1.0396526619692585,1.0701061526100661
v10,feat_gbm,0.25,43,225,-2.7479661850858146,-2.995983076644188
v10,feat_gbm,0.25,43,226,-0.04857628133621368,-0.39103048890459524
v10,feat_gbm,0.25,43,227,-2.581680483168375,-2.811377433191803
v10,feat_gbm,0.25,43,228,0.10660858767270426,0.1103569248772952
v10,feat_gbm,0.25,43,229,1.0419435062781832,1.0926797996732165
v10,feat_gbm,0.25,43,230,-1.1443612073949234,-1.1465469989616057
v10,feat_gbm,0.25,43,231,-3.720034954677758,-3.7045714701961474
v10,feat_gbm,0.25,43,232,-0.1965351023614787,-0.3205795311611984
v10,feat_gbm,0.25,43,233,-0.46154009454909267,-0.7282288274356463
v10,feat_gbm,0.25,43,234,-0.9660984948760617,-0.6143938277881194
v10,feat_gbm,0.25,43,235,-3.4042543259911615,-3.717493513170671
v10,feat_gbm,0.25,43,236,-2.104918469922012,-1.894186438607053
v10,feat_gbm,0.25,43,237,0.1821833176104182,0.19101892391720615
v10,feat_gbm,0.25,43,238,-2.822190998567803,-2.723653519266766
v10,feat_gbm,0.25,43,239,0.12973240429455907,0.28172679866345784
v10,feat_gbm,0.25,43,240,-0.6896646143854671,-0.570916259780521
v10,feat_gbm,0.25,43,241,-2.501579195986339,-3.037607674189957
v10,feat_gbm,0.25,43,242,-2.5962159104961793,-2.4824067099880884
v10,feat_gbm,0.25,43,243,1.4238069599325702,1.793244191067856
v10,feat_gbm,0.25,43,244,-1.8001188021752617,-2.170563194223024
v10,feat_gbm,0.25,43,245,-2.7059862995461046,-2.5580286375581696
v10,feat_gbm,0.25,43,246,-3.163902742651476,-3.9013363177662743
v10,feat_gbm,0.25,43,247,-1.1035870042206675,-1.2689211715035387
v10,feat_gbm,0.25,43,248,-2.8706179832300536,-2.89795980370705
v10,feat_gbm,0.25,43,249,-0.7918576758983794,-1.149470325468549
v10,feat_gbm,0.25,43,250,-2.3965943039610944,-2.1803876537888693
v10,feat_gbm,0.25,43,251,-0.8658631381498033,-1.2010659028736028
v10,feat_gbm,0.25,43,252,-2.6994085392918707,-2.675840590612525
v10,feat_gbm,0.25,43,253,-1.0024025549491056,-0.865421424414132
v10,feat_gbm,0.25,43,254,-0.320297277885061,-0.45089388998719687
v10,feat_gbm,0.25,43,255,-1.5158174712973906,-1.477655138121315
v10,feat_gbm,0.25,43,256,-2.0752163617191646,-1.9234128661936198
v10,feat_gbm,0.25,43,257,-0.6660690870499693,-0.8895479413744646
v10,feat_gbm,0.25,43,258,-1.389626192933079,-1.284701881398344
v10,feat_gbm,0.25,43,259,0.15318511131371265,0.03791276039075724
v10,feat_gbm,0.25,43,260,-0.9296449605191751,-1.213907680807544
v10,feat_gbm,0.25,43,261,-0.3255726828359901,-0.6937064881158975
v10,feat_gbm,0.25,43,262,-2.0790244017530033,-2.500344974429108
v10,feat_gbm,0.25,43,263,-3.0483614988578926,-3.0782877743164985
v10,feat_gbm,0.25,43,264,-2.8519695610275773,-3.2702790535172426
v10,feat_gbm,0.25,43,265,-0.3056252956505332,-0.15746453031192983
v10,feat_gbm,0.25,43,266,-1.6289948301708912,-1.3930653126164372
v10,feat_gbm,0.25,43,267,-4.400918080694331,-3.460520174484755
v10,feat_gbm,0.25,43,268,-2.008690004246779,-1.8115923421665279
v10,feat_gbm,0.25,43,269,-9.759855538003518e-05,-0.04785951915829837
v10,feat_gbm,0.25,43,270,-1.2982481990983727,-1.3387838926701625
v10,feat_gbm,0.25,43,271,0.6447266897928875,0.6172482925771328
v10,feat_gbm,0.25,43,272,0.22264717338278422,0.10718580269537517
v10,feat_gbm,0.25,43,273,-2.9121068068685823,-2.4250613993713395
v10,feat_gbm,0.25,43,274,-0.275834533220089,-0.4656136934058211
v10,feat_gbm,0.25,43,275,-1.6144216346091158,-1.7679071058666047
v10,feat_gbm,0.25,43,276,-0.20304991965884572,-0.15192249005847586
v10,feat_gbm,0.25,43,277,-0.2235986207909626,-0.22686658439221394
v10,feat_gbm,0.25,43,278,-0.24669604009549195,-0.3963273628232521
v10,feat_gbm,0.25,43,279,-2.5072075410501578,-2.1916982233579314
v10,feat_gbm,0.25,43,280,0.46918491801414625,0.5138857123822332
v10,feat_gbm,0.25,43,281,-1.20324374332346,0.13501120436460418
v10,feat_gbm,0.25,43,282,-0.29200314337268446,-0.35232291748203215
v10,feat_gbm,0.25,43,283,0.4787407533352228,0.33710059568630363
v10,feat_gbm,0.25,43,284,2.1788218924537417,2.2269494594330284
v10,feat_gbm,0.25,43,285,-0.5120500716062152,-0.8523290277873723
v10,feat_gbm,0.25,43,286,0.6457767374324717,0.5032694866056324
v10,feat_gbm,0.25,43,287,-3.471995184888343,-3.0734310124071125
v10,feat_gbm,0.25,43,288,-3.3483663766736633,-3.0969464995649485
v10,feat_gbm,0.25,43,289,0.929324913826404,0.8088909840914691
v10,feat_gbm,0.25,43,290,-1.699171294115132,-1.710735902712342
v10,feat_gbm,0.25,43,291,-0.19414494732614423,-0.24588513525180683
v10,feat_gbm,0.25,43,292,-3.1118394268107603,-2.9910915714149957
v10,feat_gbm,0.25,43,293,0.23120697137667287,0.24397961438558982
v10,feat_gbm,0.25,43,294,1.043429377850599,0.9827222917401395
v10,feat_gbm,0.25,43,295,1.2678236300887307,1.5399914318848642
v10,feat_gbm,0.25,43,296,-2.880871494892075,-3.028104854063688
v10,feat_gbm,0.25,43,297,-1.7926393070761037,-1.9675880903276046
v10,feat_gbm,0.25,43,298,0.3891837851330784,0.3882116190950413
v10,feat_gbm,0.25,43,299,-0.5521910224364728,-0.4169590587595381
v10,feat_gbm,0.25,43,300,-0.5445931720088102,-0.47104701624968015
v10,feat_gbm,0.25,43,301,-0.5631874109302797,-0.5788171023402015
v10,feat_gbm,0.25,43,302,-3.6315132861933868,-3.325334912618423
v10,feat_gbm,0.25,43,303,0.14683298587073207,0.27214776974989446
v10,feat_gbm,0.25,43,304,0.413199522558165,0.2838761456734127
v10,feat_gbm,0.25,43,305,0.876710682622419,0.98356576927226
v10,feat_gbm,0.25,43,306,-2.182999090592268,-2.324804251846344
v10,feat_gbm,0.25,43,307,-0.24061003626792613,-0.30060412365222405
v10,feat_gbm,0.25,43,308,-3.925396656028377,-3.5706943269006843
v10,feat_gbm,0.25,43,309,0.8747664401825355,0.7657986236992217
v10,feat_gbm,0.25,43,310,-0.1356672486474701,-0.3760212383278314
v10,feat_gbm,0.25,43,311,0.8350200947034031,0.903367601886353
v10,feat_gbm,0.25,43,312,0.646493789689577,0.2834145554969618
v10,feat_gbm,0.25,43,313,-0.44021381338795357,-0.8750381269167363
v10,feat_gbm,0.25,43,314,-1.6915561604031688,-0.8911054934067958
v10,feat_gbm,0.25,43,315,0.3598712532836664,0.2699623908229132
v10,feat_gbm,0.25,43,316,-3.839609790497628,-4.034449774534175
v10,feat_gbm,0.25,43,317,0.4487378560836479,0.7302045063515665
v10,feat_gbm,0.25,43,318,-2.245968369469101,-2.5264159394565007
v10,feat_gbm,0.25,43,319,-3.1937021040340983,-3.1280680478747835
v10,feat_gbm,0.25,43,320,-0.5044827152379131,-0.623194388118803
v10,feat_gbm,0.25,43,321,-3.8365445863025935,-4.172922463867305
v10,feat_gbm,0.25,43,322,1.071398478952662,1.0714029341973417
v10,feat_gbm,0.25,43,323,-2.6150777285601583,-2.5538050374755565
v10,feat_gbm,0.25,43,324,-1.499571116578512,-1.5310020975326282
v10,feat_gbm,0.25,43,325,-0.5609258262450014,-0.735749980772127
v10,feat_gbm,0.25,43,326,-0.5303050147147516,-0.5010306012352705
v10,feat_gbm,0.25,43,327,-4.4504899028347795,-4.393123087746285
v10,feat_gbm,0.25,43,328,0.6410408693376145,0.6439364857563509
v10,feat_gbm,0.25,43,329,-3.053650094184901,-2.60760252445046
v10,feat_gbm,0.25,43,330,0.5991854516394611,0.46983427811083467
v10,feat_gbm,0.25,43,331,-0.9136744194366798,-1.149354435920189
v10,feat_gbm,0.25,43,332,-1.8003436195768556,-1.0961264399974935
v10,feat_gbm,0.25,43,333,1.1788154112000637,1.4253561556633074
v10,feat_gbm,0.25,43,334,1.1430581168220475,1.0406546288822482
v10,feat_gbm,0.25,43,335,-0.26484642330353564,-0.1286217558512718
v10,feat_gbm,0.25,43,336,-1.5397615404024392,-1.7275974260064488
v10,feat_gbm,0.25,43,337,-3.9781359662871667,-4.535227665039715
v10,feat_gbm,0.25,43,338,-0.707188162940978,-1.078833843619319
v10,feat_gbm,0.25,43,339,-1.7451386103271271,-2.035297396751524
v10,feat_gbm,0.25,43,340,0.2047148628168401,0.4788286932125707
v10,feat_gbm,0.25,43,341,-0.11864426552822926,-0.4595082096564039
v10,feat_gbm,0.25,43,342,-3.8375181629394564,-3.653430804591794
v10,feat_gbm,0.25,43,343,0.5441130475172087,0.2834522663037432
v10,feat_gbm,0.25,43,344,0.011616295549108984,-0.15984972455285287
v10,feat_gbm,0.25,43,345,-2.457697339579097,-3.8822970119574354
v10,feat_gbm,0.25,43,346,-2.81067473822234,-2.5801989990218064
v10,feat_gbm,0.25,43,347,-3.7698513956635136,-3.2622630695286134
v10,feat_gbm,0.25,43,348,-0.497009618842894,-0.4894561152880944
v10,feat_gbm,0.25,43,349,-3.4527080924460782,-3.0223552414624764
v10,feat_gbm,0.25,43,350,0.6266123231465084,0.4215072765335228
v10,feat_gbm,0.25,43,351,-2.2846582658254984,-1.8152752103400673
v10,feat_gbm,0.25,43,352,0.7943499765355215,1.102263670511441
v10,feat_gbm,0.25,43,353,1.296874855849622,1.4454852001466738
v10,feat_gbm,0.25,43,354,-3.743831334567386,-3.6770060333191017
v10,feat_gbm,0.25,43,355,-4.058744391505594,-5.078652858832153
v10,feat_gbm,0.25,43,356,0.43235219718785356,0.7815322159665122
v10,feat_gbm,0.25,43,357,0.5733937853001677,0.6775133790495483
v10,feat_gbm,0.25,43,358,-3.6075005817950676,-3.5163570325540956
v10,feat_gbm,0.25,43,359,-2.994097250324643,-4.157760523739404
v10,feat_gbm,0.25,43,360,-0.13674725946885274,-0.18386357284099003
v10,feat_gbm,0.25,43,361,-4.529657838729709,-4.477383009144865
v10,feat_gbm,0.25,43,362,0.4207117518270028,0.2909126951240761
v10,feat_gbm,0.25,43,363,-3.5235058700251987,-3.5121531596302606
v10,feat_gbm,0.25,43,364,0.5000157409211823,-0.0019354464452207268
v10,feat_gbm,0.25,43,365,-3.457800423589184,-3.264666087597375
v10,feat_gbm,0.25,43,366,-1.3159750270505455,-1.4961090632143375
v10,feat_gbm,0.25,43,367,0.007429409053371679,-0.10305907560987346
v10,feat_gbm,0.25,43,368,0.2962821734088531,0.24601275195113992
v10,feat_gbm,0.25,43,369,-1.824352359212787,-1.6400355118163064
v10,feat_gbm,0.25,43,370,-1.1745964954850796,-1.5399226532969161
v10,feat_gbm,0.25,43,371,-0.17814796730438492,-0.3336387161155974
v10,feat_gbm,0.25,43,372,0.40302195259425644,0.3185760540422761
v10,feat_gbm,0.25,43,373,-0.2680277781873378,-0.30756424411789
v10,feat_gbm,0.25,43,374,-3.898808052346346,-3.551435429619069
v10,feat_gbm,0.25,43,375,0.03841706249434665,-0.12846918127015178
v10,feat_gbm,0.25,43,376,0.6188860708413787,0.43413099611324796
v10,feat_gbm,0.25,43,377,0.8405947949145824,0.8095384731463161
v10,feat_gbm,0.25,43,378,0.20048342973228211,0.20303525329731625
v10,feat_gbm,0.25,43,379,0.6507437557899806,0.524784145223057
v10,feat_gbm,0.25,43,380,0.34507698949229665,0.8722609808312535
v10,feat_gbm,0.25,43,381,0.7429714585271895,1.0190202163897197
v10,feat_gbm,0.25,43,382,0.8249731762292488,1.2715191268303472
v10,feat_gbm,0.25,43,383,0.06637228275351592,-0.13923746667536385
v10,feat_gbm,0.25,43,384,-1.4419681575848275,-1.7983983483294153
v10,feat_gbm,0.25,43,385,0.5396943511689114,0.5606037150840157
v10,feat_gbm,0.25,43,386,0.6666263758436823,0.6003456151224621
v10,feat_gbm,0.25,43,387,1.1394627481451147,1.3071718981356573
v10,feat_gbm,0.25,43,388,-0.1207887128203863,-0.19457283568776126
v10,feat_gbm,0.25,43,389,-0.9749719104504648,-0.981880356960367
v10,feat_gbm,0.25,43,390,-2.9963094588492187,-2.628024059072158
v10,feat_gbm,0.25,43,391,-2.628604934526477,-2.479262758098376
v10,feat_gbm,0.25,43,392,-2.4181665003453405,-2.207941629114672
v10,feat_gbm,0.25,43,393,-3.0471081533781335,-2.806586620215901
v10,feat_gbm,0.25,43,394,-0.056828253529076174,-0.16842623590390868
v10,feat_gbm,0.25,43,395,0.6806603845670008,0.3596423409999632
v10,feat_gbm,0.25,43,396,-2.6872670217216528,-3.117667066362407
v10,feat_gbm,0.25,43,397,0.65888565113351,0.6134086288650079
v10,feat_gbm,0.25,43,398,0.3453906153154455,0.5049020087080688
v10,feat_gbm,0.25,43,399,-0.969643958748423,-1.0548605918119196
v10,feat_gbm,0.25,43,400,-2.7317120445972476,-2.877676775828332
v10,feat_gbm,0.25,43,401,-0.10637348265389818,0.015654415635624343
v10,feat_gbm,0.25,43,402,-0.7023619619968469,-0.7027824676465185
v10,feat_gbm,0.25,43,403,0.20904001018851875,0.6733427913489138
v10,feat_gbm,0.25,43,404,-0.05398621085994751,0.03259550049258387
v10,feat_gbm,0.25,43,405,-3.603966461498331,-3.4179416205706223
v10,feat_gbm,0.25,43,406,-1.462807740721269,-1.6563158072976616
v10,feat_gbm,0.25,43,407,0.5619024287095489,0.3281041495218151
v10,feat_gbm,0.25,43,408,-1.4273510734750567,-1.498502430121411
v10,feat_gbm,0.25,43,409,-1.1731347846437465,-1.5390850133499359
v10,feat_gbm,0.25,43,410,-2.6152093971969848,-3.8769914364338094
v10,feat_gbm,0.25,43,411,-0.7589275195845314,-1.1093409530974205
v10,feat_gbm,0.25,43,412,-2.4819987856264656,-2.1356441225652167
v10,feat_gbm,0.25,43,413,0.4872722140332341,0.5613925387002681
v10,feat_gbm,0.25,43,414,-2.636611004308071,-2.672303525149137
v10,feat_gbm,0.25,43,415,0.8711102091481299,0.9887747910888531
v10,feat_gbm,0.25,43,416,-1.9980633572583455,-2.064740642123073
v10,feat_gbm,0.25,43,417,-0.434940847065338,-0.13534283366780814
v10,feat_gbm,0.25,43,418,0.5022483113415579,0.5266566940316069
v10,feat_gbm,0.25,43,419,-0.8403064696426643,-0.7929716308762645
v10,feat_gbm,0.25,43,420,0.42822876916614855,0.22081989653443584
v10,feat_gbm,0.25,43,421,-3.6402221295664026,-3.4911396429773087
v10,feat_gbm,0.25,43,422,0.054389525837646266,0.4691563032653497
v10,feat_gbm,0.25,43,423,-0.2105211313639637,-0.21242164749251408
v10,feat_gbm,0.25,43,424,-2.4530438207028276,-2.0235730224261497
v10,feat_gbm,0.25,43,425,0.07584104787590237,0.1881042769243711
v10,feat_gbm,0.25,43,426,-1.0021414166380573,-0.7546830882020855
v10,feat_gbm,0.25,43,427,-2.0486550934154106,-2.004418163271322
v10,feat_gbm,0.25,43,428,-0.09334871347392905,0.08108350485015015
v10,feat_gbm,0.25,43,429,-1.0711380409813789,-0.8958783842144782
v10,feat_gbm,0.25,43,430,-0.6962787098716344,-0.700178367515834
v10,feat_gbm,0.25,43,431,-2.135325452162693,-2.026447754843476
v10,feat_gbm,0.25,43,432,-3.4896688272624417,-3.3644112924118934
v10,feat_gbm,0.25,43,433,-2.1380034641680123,-2.4777804975332844
v10,feat_gbm,0.25,43,434,-3.4440332718636757,-3.6407879329147783
v10,feat_gbm,0.25,43,435,0.7380218593223138,0.8140524350977956
v10,feat_gbm,0.25,43,436,-0.7867545752611825,-0.6342245759550225
v10,feat_gbm,0.25,43,437,-0.9597186247224452,-1.0170271575608654
v10,feat_gbm,0.25,43,438,1.0497692569501562,1.2058566336630974
v10,feat_gbm,0.25,43,439,0.7791171338188148,1.04159183954478
v10,feat_gbm,0.25,43,440,-0.6713467998807163,-0.383754051292973
v10,feat_gbm,0.25,43,441,0.9878026986698231,0.9717849563735496
v10,feat_gbm,0.25,43,442,0.8939374698756388,0.915394257773604
v10,feat_gbm,0.25,43,443,0.15568159587455455,0.17619398118278368
v10,feat_gbm,0.25,43,444,-2.5103615565211226,-2.3026142847949007
v10,feat_gbm,0.25,43,445,-1.4054775535929436,-2.156995715227189
v10,feat_gbm,0.25,43,446,-1.9260911356240042,-1.9647154613855007
v10,feat_gbm,0.25,43,447,-0.9170816720945147,-1.2167428909736953
v10,feat_gbm,0.25,43,448,0.06955447487103539,0.371748058948411
v10,feat_gbm,0.25,43,449,-3.7157817193126244,-3.354914600670279
v10,feat_gbm,0.25,43,450,-2.3210854480573713,-2.0984010901330774
v10,feat_gbm,0.25,43,451,-2.138228616395221,-1.8411195968283314
v10,feat_gbm,0.25,43,452,-0.08508507696093344,-0.2866386615093297
v10,feat_gbm,0.25,43,453,-1.9269123222916043,-2.1769502099219324
v10,feat_gbm,0.25,43,454,0.6439351297691758,0.851829112076475
v10,feat_gbm,0.25,43,455,-0.10534116787327323,-0.5174982843777256
v10,feat_gbm,0.25,43,456,-3.21696726025492,-3.7883351795095335
v10,feat_gbm,0.25,43,457,-1.3798383072840386,-1.3225504843777425
v10,feat_gbm,0.25,43,458,-0.5518092065587045,-0.6304710111145473
v10,feat_gbm,0.25,43,459,-2.8895111623204683,-2.867776928577639
v10,feat_gbm,0.25,43,460,-0.21154907124650063,-0.20106453453544149
v10,feat_gbm,0.25,43,461,0.29215934755597595,0.565413433251147
v10,feat_gbm,0.25,43,462,0.3984988132279956,0.6531860801292728
v10,feat_gbm,0.25,43,463,-3.349604061684645,-3.295531334571209
v10,feat_gbm,0.25,43,464,-0.8736868159570959,-1.118951529136503
v10,feat_gbm,0.25,43,465,0.03670836308489749,0.08535922256033004
v10,feat_gbm,0.25,43,466,0.03760667517841573,0.2656879386171551
v10,feat_gbm,0.25,43,467,-0.8595382537793025,-1.0764680911985907
v10,feat_gbm,0.25,43,468,2.057012379529919,2.2503813782282114
v10,feat_gbm,0.25,43,469,0.02955326600674779,-0.029700274932011248
v10,feat_gbm,0.25,43,470,-2.5290153178663393,-2.1918010579584375
v10,feat_gbm,0.25,43,471,-0.2787910633510183,-0.12537364897776127
v10,feat_gbm,0.25,43,472,-1.4549723567804316,-1.3714574409892777
v10,feat_gbm,0.25,43,473,-1.9869779651422814,-1.0216450817816245
v10,feat_gbm,0.25,43,474,-0.6754514325428848,-0.8313233833759152
v10,feat_gbm,0.25,43,475,-2.9808196581686186,-3.25243582884057
v10,feat_gbm,0.25,43,476,0.725558539447789,0.8737365575305754
v10,feat_gbm,0.25,43,477,-1.993017700197542,-1.8373017486027088
v10,feat_gbm,0.25,43,478,-1.7418542035383533,-1.909749317133085
v10,feat_gbm,0.25,43,479,0.4541217273241963,0.418341725137149
v10,feat_gbm,0.25,43,480,-3.0621329875425243,-2.8689304810445995
v10,feat_gbm,0.25,43,481,-4.5014819374094985,-3.9192950012633494
v10,feat_gbm,0.25,43,482,0.8402487173502824,0.8191907452202399
v10,feat_gbm,0.25,43,483,-2.8548478369346384,-2.7371748494528005
v10,feat_gbm,0.25,43,484,-0.13461336724116907,0.043868991079412875
v10,feat_gbm,0.25,43,485,-3.201112147868859,-3.9571024828402512
v10,feat_gbm,0.25,43,486,-0.9877319331769554,-0.8286091055291892
v10,feat_gbm,0.25,43,487,1.0880966202346207,1.1086460137612473
v10,feat_gbm,0.25,43,488,-1.0113486706429462,-1.0899995989348372
v10,feat_gbm,0.25,43,489,-2.625208334664826,-2.9260181182274523
v10,feat_gbm,0.25,43,490,0.04013476552331564,0.01778898425240747
v10,feat_gbm,0.25,43,491,-0.5773362768931262,-0.388546054063584
v10,feat_gbm,0.25,43,492,-0.6026106187889386,-0.8483910406321095
v10,feat_gbm,0.25,43,493,-2.709915621718097,-2.4855190663855797
v10,feat_gbm,0.25,43,494,-0.3540990776439362,-0.6027729178489412
v10,feat_gbm,0.25,43,495,-1.4647988292532603,-1.5285925057254015
v10,feat_gbm,0.25,43,496,0.8701093452697569,1.0092174422839322
v10,feat_gbm,0.25,43,497,-2.43208091544402,-2.421052301727873
v10,feat_gbm,0.25,43,498,-3.204231826566714,-3.2283141264699093
v10,feat_gbm,0.25,43,499,-4.445990290277438,-4.907212199848568
v10,feat_gbm,0.25,44,0,-0.20887382472417668,0.03894909458183669
v10,feat_gbm,0.25,44,1,-2.4984219145261335,-2.5052564746229193
v10,feat_gbm,0.25,44,2,0.7728172055150284,0.6287827851917782
v10,feat_gbm,0.25,44,3,-2.799651563826161,-3.3447289283878643
v10,feat_gbm,0.25,44,4,1.027563032018042,0.9694015026406426
v10,feat_gbm,0.25,44,5,-2.230251006214832,-2.4693709778233526
v10,feat_gbm,0.25,44,6,-0.3387914318310162,-0.2819211013310965
v10,feat_gbm,0.25,44,7,0.7499763507696299,0.5289578846490461
v10,feat_gbm,0.25,44,8,0.21199544779661603,0.032863622186365654
v10,feat_gbm,0.25,44,9,0.9759252275148192,0.9352707853930591
v10,feat_gbm,0.25,44,10,-1.728027919635155,-1.5987558134683666
v10,feat_gbm,0.25,44,11,-3.253962238525016,-3.2678706438993954
v10,feat_gbm,0.25,44,12,-2.4082050290829695,-2.445380546146449
v10,feat_gbm,0.25,44,13,-0.2545075350354479,-0.4471217519653716
v10,feat_gbm,0.25,44,14,-1.941139008416097,-1.8343062920535937
v10,feat_gbm,0.25,44,15,-2.503685313679581,-2.278287047942225
v10,feat_gbm,0.25,44,16,-1.273766449495144,-1.113015507562239
v10,feat_gbm,0.25,44,17,-1.0153030093342268,-1.149386040828735
v10,feat_gbm,0.25,44,18,-0.6036598776262543,-0.4541092694382234
v10,feat_gbm,0.25,44,19,-2.919612273124777,-2.8798658660471284
v10,feat_gbm,0.25,44,20,-3.3210867768856644,-3.281006200299989
v10,feat_gbm,0.25,44,21,-0.7189874579927371,-0.7889402030111288
v10,feat_gbm,0.25,44,22,-0.7398253475511535,-0.48114593055133975
v10,feat_gbm,0.25,44,23,-2.593847920480735,-2.8038114998165153
v10,feat_gbm,0.25,44,24,-3.01677999687597,-2.6726430450531393
v10,feat_gbm,0.25,44,25,-3.342839085116634,-3.141178249464176
v10,feat_gbm,0.25,44,26,-3.7975836287776152,-3.8612362310489847
v10,feat_gbm,0.25,44,27,-3.0888804715422946,-3.085821277369337
v10,feat_gbm,0.25,44,28,-2.353672789045054,-2.1153791712035637
v10,feat_gbm,0.25,44,29,-0.3969815353020757,-0.5854112868629942
v10,feat_gbm,0.25,44,30,0.2667015315326298,0.13849791927417068
v10,feat_gbm,0.25,44,31,-2.4467850086068954,-2.779654184179668
v10,feat_gbm,0.25,44,32,1.091870702371541,0.9166392391011026
v10,feat_gbm,0.25,44,33,-1.9179844786336742,-2.134444297962007
v10,feat_gbm,0.25,44,34,1.1475977589121276,1.1224191581864646
v10,feat_gbm,0.25,44,35,-2.975614268186485,-2.7514680837461087
v10,feat_gbm,0.25,44,36,0.12660937644676087,0.7493710802437775
v10,feat_gbm,0.25,44,37,-2.2767828672310895,-2.157600461660938
v10,feat_gbm,0.25,44,38,-1.4332790789880314,-1.7436371170468024
v10,feat_gbm,0.25,44,39,0.8946880789168112,0.632388610685479
v10,feat_gbm,0.25,44,40,-1.4225333576173926,-1.5024753827969588
v10,feat_gbm,0.25,44,41,-3.2914369006031894,-2.936018587066778
v10,feat_gbm,0.25,44,42,0.013023674419072059,-0.06406961406287034
v10,feat_gbm,0.25,44,43,-0.554323464308061,-0.43711075337934485
v10,feat_gbm,0.25,44,44,0.6314956803907904,0.521724778538647
v10,feat_gbm,0.25,44,45,0.6169668882734183,-0.02881562555915001
v10,feat_gbm,0.25,44,46,-3.1426890962600575,-2.6856700943784895
v10,feat_gbm,0.25,44,47,-3.709459256937775,-3.3419513202228783
v10,feat_gbm,0.25,44,48,-0.3019945550749407,-0.35240032436669677
v10,feat_gbm,0.25,44,49,-4.054212684428977,-4.466027560457086
v10,feat_gbm,0.25,44,50,-0.7451755634081599,-1.2227887404747313
v10,feat_gbm,0.25,44,51,-3.8909895643342685,-4.168130875201601
v10,feat_gbm,0.25,44,52,-2.60170033994316,-2.1825653069440887
v10,feat_gbm,0.25,44,53,-3.08545034972649,-2.816977102698189
v10,feat_gbm,0.25,44,54,-0.9667842434936895,-0.9520374156321785
v10,feat_gbm,0.25,44,55,0.48359203386161337,0.800460094219776
v10,feat_gbm,0.25,44,56,0.14515392897314855,0.2782562560211116
v10,feat_gbm,0.25,44,57,-0.32094494612102115,-0.7855200046266205
v10,feat_gbm,0.25,44,58,-3.053379534632282,-2.837973637743256
v10,feat_gbm,0.25,44,59,0.2762361054072884,0.3653424354755994
v10,feat_gbm,0.25,44,60,-3.078672393208623,-3.145987746693799
v10,feat_gbm,0.25,44,61,-2.3533039933718216,-2.1381844357326614
v10,feat_gbm,0.25,44,62,0.617830788339285,0.3908315550690521
v10,feat_gbm,0.25,44,63,-3.474825232199219,-3.259739876316779
v10,feat_gbm,0.25,44,64,-3.926783112955266,-3.799325775609258
v10,feat_gbm,0.25,44,65,-0.1019056793150914,0.2842997557356093
v10,feat_gbm,0.25,44,66,0.6326496194212219,0.9099380077885143
v10,feat_gbm,0.25,44,67,0.44816118490700135,0.5741223235018287
v10,feat_gbm,0.25,44,68,1.1259914893265954,1.3807263582335993
v10,feat_gbm,0.25,44,69,0.8344072036770551,2.7357387204405055
v10,feat_gbm,0.25,44,70,-0.2545007105529818,-0.3782017485149665
v10,feat_gbm,0.25,44,71,-0.26669915530817323,-0.6946521973220513
v10,feat_gbm,0.25,44,72,-3.635847211815549,-3.510295151868067
v10,feat_gbm,0.25,44,73,-0.051510308888687115,-0.3643686170400702
v10,feat_gbm,0.25,44,74,1.2728998028161946,1.1835884152793859
v10,feat_gbm,0.25,44,75,-0.06878309044279059,-0.38644824542838596
v10,feat_gbm,0.25,44,76,0.5325468848414067,0.7005004452467647
v10,feat_gbm,0.25,44,77,0.3711405327625509,0.3770911051312199
v10,feat_gbm,0.25,44,78,-0.5738767025252053,-0.5374783823521183
v10,feat_gbm,0.25,44,79,-3.151906902916457,-3.2499450611549854
v10,feat_gbm,0.25,44,80,-1.7045156758975821,-1.719925172279684
v10,feat_gbm,0.25,44,81,1.0791487878781152,1.8185710395242058
v10,feat_gbm,0.25,44,82,-1.1213443419927314,-1.0758778979961314
v10,feat_gbm,0.25,44,83,-0.4559471191909819,-0.8033140510569362
v10,feat_gbm,0.25,44,84,-2.1813365561149833,-2.0837035815006346
v10,feat_gbm,0.25,44,85,-0.9838832658040348,-1.2430797823904942
v10,feat_gbm,0.25,44,86,0.9141131465805046,0.639317965424242
v10,feat_gbm,0.25,44,87,-0.0458501715835801,-0.02321591952008587
v10,feat_gbm,0.25,44,88,-3.350272247980362,-3.512086916650174
v10,feat_gbm,0.25,44,89,-1.7849382721069942,-1.684363733317816
v10,feat_gbm,0.25,44,90,-3.846130292264454,-3.5341996208099964
v10,feat_gbm,0.25,44,91,0.9964242303888242,1.1574629997660548
v10,feat_gbm,0.25,44,92,-0.9133067715443762,-0.7651863719989663
v10,feat_gbm,0.25,44,93,-4.25012550702774,-5.7708125015304885
v10,feat_gbm,0.25,44,94,0.14133752521252912,0.07374698385127064
v10,feat_gbm,0.25,44,95,0.8457137568309515,1.201566413592891
v10,feat_gbm,0.25,44,96,1.457470972328637,1.2655480006709303
v10,feat_gbm,0.25,44,97,-3.57650881937081,-3.2217777708537843
v10,feat_gbm,0.25,44,98,-1.8560103554408987,-1.2120387208328698
v10,feat_gbm,0.25,44,99,-0.33312918123833885,-0.04015373686183237
v10,feat_gbm,0.25,44,100,-2.67022824748761,-2.8384481914339785
v10,feat_gbm,0.25,44,101,-3.5603546638099672,-3.541068619782685
v10,feat_gbm,0.25,44,102,-4.265509164395194,-4.424727465058162
v10,feat_gbm,0.25,44,103,-0.4114000700501309,-0.7652009130347144
v10,feat_gbm,0.25,44,104,-0.8940432675972914,-0.406664655497914
v10,feat_gbm,0.25,44,105,-2.783837084115577,-2.8019031633754246
v10,feat_gbm,0.25,44,106,-1.1751061719353473,-1.1978192780958505
v10,feat_gbm,0.25,44,107,-1.097927166669692,-1.2497822804421463
v10,feat_gbm,0.25,44,108,-0.12581718748908136,-0.2003702404752673
v10,feat_gbm,0.25,44,109,-0.17225563199422772,-0.28745536208379296
v10,feat_gbm,0.25,44,110,0.4690991558360273,0.2838469771831524
v10,feat_gbm,0.25,44,111,0.5027712511174954,0.6579850926301614
v10,feat_gbm,0.25,44,112,0.06990291016279702,-0.4279263804064609
v10,feat_gbm,0.25,44,113,0.6849404639434994,0.527327823801956
v10,feat_gbm,0.25,44,114,-3.940632376998585,-3.652947895428966
v10,feat_gbm,0.25,44,115,-0.8530284782093913,-0.04287987221360797
v10,feat_gbm,0.25,44,116,-3.7548616363475062,-3.4409421360670214
v10,feat_gbm,0.25,44,117,-2.5554263060696467,-2.4284095097884006
v10,feat_gbm,0.25,44,118,-1.831576936233699,-1.419217075367618
v10,feat_gbm,0.25,44,119,-1.7924395525143604,-1.4944271796191557
v10,feat_gbm,0.25,44,120,-3.212719644074504,-2.797137626437216
v10,feat_gbm,0.25,44,121,1.5662984037941894,3.1321125804877905
v10,feat_gbm,0.25,44,122,-2.5920321357642777,-3.164895556438051
v10,feat_gbm,0.25,44,123,0.11893363726419041,-0.021234684620174846
v10,feat_gbm,0.25,44,124,-1.402951777089349,-1.246001114532972
v10,feat_gbm,0.25,44,125,-2.8082583586073757,-2.7130193085566443
v10,feat_gbm,0.25,44,126,-1.9749607691320374,-2.0560780011130944
v10,feat_gbm,0.25,44,127,-1.7276738448053697,-1.631222331554067
v10,feat_gbm,0.25,44,128,-2.9336115776002343,-3.477307725783656
v10,feat_gbm,0.25,44,129,1.4716348334523435,1.7007542891568868
v10,feat_gbm,0.25,44,130,-3.864968039877344,-3.4021624962570822
v10,feat_gbm,0.25,44,131,-3.6265759478998807,-3.701149444421242
v10,feat_gbm,0.25,44,132,0.012428542486052581,-0.4116741376471012
v10,feat_gbm,0.25,44,133,-0.5937562174096623,-0.5680375850475197
v10,feat_gbm,0.25,44,134,-1.3619769344540513,-1.4788189923590598
v10,feat_gbm,0.25,44,135,-2.7062904844570626,-2.9896549957503007
v10,feat_gbm,0.25,44,136,0.5121889857639129,0.11194117436713467
v10,feat_gbm,0.25,44,137,1.2311819385081608,1.7147062893715772
v10,feat_gbm,0.25,44,138,-2.048264204210677,-1.9709125209383296
v10,feat_gbm,0.25,44,139,0.12573655160872554,0.19937477723826902
v10,feat_gbm,0.25,44,140,-2.874503572728109,-2.8223726616431475
v10,feat_gbm,0.25,44,141,-0.07498888782384652,-0.12380828599000025
v10,feat_gbm,0.25,44,142,-3.2459035424501086,-2.97521232911642
v10,feat_gbm,0.25,44,143,-1.8204717918432047,-1.9484557479617686
v10,feat_gbm,0.25,44,144,1.143061704710981,1.244093655886106
v10,feat_gbm,0.25,44,145,-2.3085042197418035,-2.0280859266176816
v10,feat_gbm,0.25,44,146,-2.0546458079249694,-2.0754073031653366
v10,feat_gbm,0.25,44,147,-0.17617355625755945,-0.11331641159387335
v10,feat_gbm,0.25,44,148,-2.2833409659639434,-2.620298039600635
v10,feat_gbm,0.25,44,149,-3.0189736668181735,-3.8395532227602396
v10,feat_gbm,0.25,44,150,-1.9617801379069122,-2.149698272240366
v10,feat_gbm,0.25,44,151,-3.3574475846246528,-3.1594376779318036
v10,feat_gbm,0.25,44,152,-2.432109912741632,-2.7712141114581046
v10,feat_gbm,0.25,44,153,-1.3391606354070889,-1.1483368403810985
v10,feat_gbm,0.25,44,154,-1.555400263513698,-1.4700676700115773
v10,feat_gbm,0.25,44,155,1.2059080000410285,1.4088416749712322
v10,feat_gbm,0.25,44,156,0.6143139777599577,0.7564704220494097
v10,feat_gbm,0.25,44,157,-2.213403404098109,-1.7148995557963913
v10,feat_gbm,0.25,44,158,-2.453034602328314,-2.8595355115547196
v10,feat_gbm,0.25,44,159,-1.1850245246488667,-0.9922400520728849
v10,feat_gbm,0.25,44,160,1.0741804241863768,1.8585227307534937
v10,feat_gbm,0.25,44,161,-2.2273857725817896,-2.477654537850602
v10,feat_gbm,0.25,44,162,-3.0780138874240137,-2.993764039868935
v10,feat_gbm,0.25,44,163,-1.271163429976681,-1.1722671160336509
v10,feat_gbm,0.25,44,164,-1.935326426510878,-1.6577576086204497
v10,feat_gbm,0.25,44,165,-2.9581301702716285,-2.9770186999323642
v10,feat_gbm,0.25,44,166,-3.566501903786342,-3.2329952824425443
v10,feat_gbm,0.25,44,167,0.11112795623341294,0.19550508612775644
v10,feat_gbm,0.25,44,168,-1.0283908799529524,-1.2639642813248737
v10,feat_gbm,0.25,44,169,1.4469619771650213,1.4224064134580066
v10,feat_gbm,0.25,44,170,-1.9229945162456072,-1.5303724784706008
v10,feat_gbm,0.25,44,171,0.669055395214416,0.6086346650572224
v10,feat_gbm,0.25,44,172,0.15525643773220327,-0.052232489626048526
v10,feat_gbm,0.25,44,173,-0.2615187703335148,-0.19074605880313256
v10,feat_gbm,0.25,44,174,-2.4002028810986547,-2.7678232596734214
v10,feat_gbm,0.25,44,175,-2.0986143867303686,-1.6557092188829319
v10,feat_gbm,0.25,44,176,0.09025619106595605,0.12081831439914445
v10,feat_gbm,0.25,44,177,0.9459477059374435,3.7031714993021168
v10,feat_gbm,0.25,44,178,-0.13801413833178514,-0.17761292562564054
v10,feat_gbm,0.25,44,179,0.21737373863182433,0.2295122735959306
v10,feat_gbm,0.25,44,180,-1.5858076565955632,-1.6401012725318311
v10,feat_gbm,0.25,44,181,-2.3501768808017274,-3.399461101549646
v10,feat_gbm,0.25,44,182,0.4949123243873174,0.5421608664871393
v10,feat_gbm,0.25,44,183,-3.8810474604984497,-3.7858185839721776
v10,feat_gbm,0.25,44,184,0.6407168632197127,0.4440956773301304
v10,feat_gbm,0.25,44,185,0.5771645131547257,0.5450962365111649
v10,feat_gbm,0.25,44,186,-3.412236727306006,-3.094441269353033
v10,feat_gbm,0.25,44,187,1.3322257790299568,1.436275522654785
v10,feat_gbm,0.25,44,188,0.15817877311428125,-0.003208414280501246
v10,feat_gbm,0.25,44,189,-1.9010218253070514,-2.0766448721687736
v10,feat_gbm,0.25,44,190,-3.414552082511604,-2.887011097372245
v10,feat_gbm,0.25,44,191,-0.010037565243651854,-0.19564387773269687
v10,feat_gbm,0.25,44,192,-3.668719084864149,-3.39219136175158
v10,feat_gbm,0.25,44,193,-4.592078613981838,-4.804455114758695
v10,feat_gbm,0.25,44,194,-0.07215483949187819,-0.23230879418151415
v10,feat_gbm,0.25,44,195,0.5984471386366306,0.7768952289284052
v10,feat_gbm,0.25,44,196,-3.497160969855995,-3.0758975731441707
v10,feat_gbm,0.25,44,197,1.810838025817206,1.8852948766094535
v10,feat_gbm,0.25,44,198,-0.021936728002154605,-0.07474663349946693
v10,feat_gbm,0.25,44,199,1.4049789957125012,0.9295509098669842
v10,feat_gbm,0.25,44,200,0.2527635393811806,0.40408761039079466
v10,feat_gbm,0.25,44,201,-1.4282958749194292,-1.0185563947000995
v10,feat_gbm,0.25,44,202,-1.6024509717695772,-1.5812541435625456
v10,feat_gbm,0.25,44,203,-2.357475353411141,-2.9269603411540346
v10,feat_gbm,0.25,44,204,-0.15854340405210063,-0.9368237022381455
v10,feat_gbm,0.25,44,205,-0.4964199540931913,-0.771906247259438
v10,feat_gbm,0.25,44,206,-2.096385509999381,-1.4457766532498904
v10,feat_gbm,0.25,44,207,-2.4398116730476183,-2.4752738768021185
v10,feat_gbm,0.25,44,208,-2.9348735540404682,-2.8789590131308262
v10,feat_gbm,0.25,44,209,-2.6147437487704708,-2.6986856152036793
v10,feat_gbm,0.25,44,210,-0.06953572369184571,0.05837096406180189
v10,feat_gbm,0.25,44,211,-2.904383056877071,-2.2327070274631113
v10,feat_gbm,0.25,44,212,0.1857431501671203,0.15758807445032513
v10,feat_gbm,0.25,44,213,0.8643150660082205,0.5234750924970406
v10,feat_gbm,0.25,44,214,0.8607735981164234,0.8312555987922697
v10,feat_gbm,0.25,44,215,-0.6240477328757934,-0.7699972654610447
v10,feat_gbm,0.25,44,216,-2.571373610919908,-2.4368834827463726
v10,feat_gbm,0.25,44,217,-3.751792766112228,-3.7421886443248944
v10,feat_gbm,0.25,44,218,-4.546346536361536,-4.3753265313120195
v10,feat_gbm,0.25,44,219,0.042379289998715014,0.13181597567614448
v10,feat_gbm,0.25,44,220,-2.4706446457902738,-2.150299196146146
v10,feat_gbm,0.25,44,221,0.5145628386669986,0.4316281043505307
v10,feat_gbm,0.25,44,222,0.48513647386681585,0.20581216265343685
v10,feat_gbm,0.25,44,223,-2.0737172085341937,-1.7226779576420432
v10,feat_gbm,0.25,44,224,1.0631705073831832,1.0701061526100661
v10,feat_gbm,0.25,44,225,-2.7443157452374143,-2.995983076644188
v10,feat_gbm,0.25,44,226,-0.08740627041784894,-0.39103048890459524
v10,feat_gbm,0.25,44,227,-2.5805828566294124,-2.811377433191803
v10,feat_gbm,0.25,44,228,0.29396238883117404,0.1103569248772952
v10,feat_gbm,0.25,44,229,0.9351244221788123,1.0926797996732165
v10,feat_gbm,0.25,44,230,-1.3688109905142811,-1.1465469989616057
v10,feat_gbm,0.25,44,231,-3.857959417729889,-3.7045714701961474
v10,feat_gbm,0.25,44,232,-0.3027700483874383,-0.3205795311611984
v10,feat_gbm,0.25,44,233,-0.6421304593342575,-0.7282288274356463
v10,feat_gbm,0.25,44,234,-0.7418128576640377,-0.6143938277881194
v10,feat_gbm,0.25,44,235,-3.3282388523650175,-3.717493513170671
v10,feat_gbm,0.25,44,236,-2.0495124370627784,-1.894186438607053
v10,feat_gbm,0.25,44,237,0.04489606509916608,0.19101892391720615
v10,feat_gbm,0.25,44,238,-2.7875466813260914,-2.723653519266766
v10,feat_gbm,0.25,44,239,0.1935929999105996,0.28172679866345784
v10,feat_gbm,0.25,44,240,-0.6663260785607207,-0.570916259780521
v10,feat_gbm,0.25,44,241,-2.300359143202183,-3.037607674189957
v10,feat_gbm,0.25,44,242,-2.5989228112854486,-2.4824067099880884
v10,feat_gbm,0.25,44,243,1.2045823863734055,1.793244191067856
v10,feat_gbm,0.25,44,244,-1.925993790679051,-2.170563194223024
v10,feat_gbm,0.25,44,245,-2.5932559687066217,-2.5580286375581696
v10,feat_gbm,0.25,44,246,-3.249317218131604,-3.9013363177662743
v10,feat_gbm,0.25,44,247,-1.158657422993548,-1.2689211715035387
v10,feat_gbm,0.25,44,248,-3.0633349268607155,-2.89795980370705
v10,feat_gbm,0.25,44,249,-0.9591512382202729,-1.149470325468549
v10,feat_gbm,0.25,44,250,-2.311951018007032,-2.1803876537888693
v10,feat_gbm,0.25,44,251,-0.9375367640313742,-1.2010659028736028
v10,feat_gbm,0.25,44,252,-2.764675913520046,-2.675840590612525
v10,feat_gbm,0.25,44,253,-0.9945430696413212,-0.865421424414132
v10,feat_gbm,0.25,44,254,-0.36994370501899104,-0.45089388998719687
v10,feat_gbm,0.25,44,255,-1.5308419006010177,-1.477655138121315
v10,feat_gbm,0.25,44,256,-2.0845312634119826,-1.9234128661936198
v10,feat_gbm,0.25,44,257,-0.5270317122865799,-0.8895479413744646
v10,feat_gbm,0.25,44,258,-1.4014550403689834,-1.284701881398344
v10,feat_gbm,0.25,44,259,0.07291451059266227,0.03791276039075724
v10,feat_gbm,0.25,44,260,-1.2685983465445612,-1.213907680807544
v10,feat_gbm,0.25,44,261,-0.4613378342928189,-0.6937064881158975
v10,feat_gbm,0.25,44,262,-1.9237636567201521,-2.500344974429108
v10,feat_gbm,0.25,44,263,-3.109825692221242,-3.0782877743164985
v10,feat_gbm,0.25,44,264,-3.06578033746287,-3.2702790535172426
v10,feat_gbm,0.25,44,265,-0.5393455329769401,-0.15746453031192983
v10,feat_gbm,0.25,44,266,-1.4018149450981334,-1.3930653126164372
v10,feat_gbm,0.25,44,267,-4.372074285898215,-3.460520174484755
v10,feat_gbm,0.25,44,268,-2.0380280718888644,-1.8115923421665279
v10,feat_gbm,0.25,44,269,-0.13904039907030613,-0.04785951915829837
v10,feat_gbm,0.25,44,270,-1.1647379023302402,-1.3387838926701625
v10,feat_gbm,0.25,44,271,0.8202280160738581,0.6172482925771328
v10,feat_gbm,0.25,44,272,0.16670360883528412,0.10718580269537517
v10,feat_gbm,0.25,44,273,-2.9218338101241486,-2.4250613993713395
v10,feat_gbm,0.25,44,274,-0.19542428925635488,-0.4656136934058211
v10,feat_gbm,0.25,44,275,-1.8443312709581072,-1.7679071058666047
v10,feat_gbm,0.25,44,276,-0.027010568051539192,-0.15192249005847586
v10,feat_gbm,0.25,44,277,-0.28414023306705083,-0.22686658439221394
v10,feat_gbm,0.25,44,278,-0.37290896298117393,-0.3963273628232521
v10,feat_gbm,0.25,44,279,-2.4391805418521133,-2.1916982233579314
v10,feat_gbm,0.25,44,280,0.7157484766559244,0.5138857123822332
v10,feat_gbm,0.25,44,281,-1.186935224683251,0.13501120436460418
v10,feat_gbm,0.25,44,282,-0.26101353856136594,-0.35232291748203215
v10,feat_gbm,0.25,44,283,0.5268672885069923,0.33710059568630363
v10,feat_gbm,0.25,44,284,2.2436172950659783,2.2269494594330284
v10,feat_gbm,0.25,44,285,-0.4824587650557381,-0.8523290277873723
v10,feat_gbm,0.25,44,286,0.4989544989363435,0.5032694866056324
v10,feat_gbm,0.25,44,287,-3.3946366899545017,-3.0734310124071125
v10,feat_gbm,0.25,44,288,-3.3791182041068013,-3.0969464995649485
v10,feat_gbm,0.25,44,289,0.9089117391036233,0.8088909840914691
v10,feat_gbm,0.25,44,290,-1.2603387929300776,-1.710735902712342
v10,feat_gbm,0.25,44,291,-0.23734457417022353,-0.24588513525180683
v10,feat_gbm,0.25,44,292,-3.062562794786226,-2.9910915714149957
v10,feat_gbm,0.25,44,293,0.15631777816446446,0.24397961438558982
v10,feat_gbm,0.25,44,294,1.1722050669529485,0.9827222917401395
v10,feat_gbm,0.25,44,295,1.3707180971616377,1.5399914318848642
v10,feat_gbm,0.25,44,296,-2.7847829263490778,-3.028104854063688
v10,feat_gbm,0.25,44,297,-1.7734969430858678,-1.9675880903276046
v10,feat_gbm,0.25,44,298,0.38634236498513813,0.3882116190950413
v10,feat_gbm,0.25,44,299,-0.566648145918056,-0.4169590587595381
v10,feat_gbm,0.25,44,300,-0.584458419943231,-0.47104701624968015
v10,feat_gbm,0.25,44,301,-0.4271103580912611,-0.5788171023402015
v10,feat_gbm,0.25,44,302,-3.6476764147003777,-3.325334912618423
v10,feat_gbm,0.25,44,303,0.059975067463044915,0.27214776974989446
v10,feat_gbm,0.25,44,304,0.391618004279992,0.2838761456734127
v10,feat_gbm,0.25,44,305,0.8865267805604621,0.98356576927226
v10,feat_gbm,0.25,44,306,-2.1337338176648584,-2.324804251846344
v10,feat_gbm,0.25,44,307,-0.2698617850456672,-0.30060412365222405
v10,feat_gbm,0.25,44,308,-3.8382288298127802,-3.5706943269006843
v10,feat_gbm,0.25,44,309,0.9185275718030728,0.7657986236992217
v10,feat_gbm,0.25,44,310,-0.25253494749780964,-0.3760212383278314
v10,feat_gbm,0.25,44,311,0.8996565802797533,0.903367601886353
v10,feat_gbm,0.25,44,312,0.8110450458927921,0.2834145554969618
v10,feat_gbm,0.25,44,313,-0.7176359238578269,-0.8750381269167363
v10,feat_gbm,0.25,44,314,-1.676223568456295,-0.8911054934067958
v10,feat_gbm,0.25,44,315,0.331619419617701,0.2699623908229132
v10,feat_gbm,0.25,44,316,-3.7909977457601736,-4.034449774534175
v10,feat_gbm,0.25,44,317,0.4948581261705134,0.7302045063515665
v10,feat_gbm,0.25,44,318,-2.106294675216284,-2.5264159394565007
v10,feat_gbm,0.25,44,319,-3.350074183747685,-3.1280680478747835
v10,feat_gbm,0.25,44,320,-0.5191457806902695,-0.623194388118803
v10,feat_gbm,0.25,44,321,-3.988559120018996,-4.172922463867305
v10,feat_gbm,0.25,44,322,1.0566339506559774,1.0714029341973417
v10,feat_gbm,0.25,44,323,-2.624191696099535,-2.5538050374755565
v10,feat_gbm,0.25,44,324,-1.3947865677317306,-1.5310020975326282
v10,feat_gbm,0.25,44,325,-0.7054015858988537,-0.735749980772127
v10,feat_gbm,0.25,44,326,-0.6161001506492574,-0.5010306012352705
v10,feat_gbm,0.25,44,327,-4.536054565598184,-4.393123087746285
v10,feat_gbm,0.25,44,328,0.8053391452494575,0.6439364857563509
v10,feat_gbm,0.25,44,329,-3.101813849753108,-2.60760252445046
v10,feat_gbm,0.25,44,330,0.5389265206465249,0.46983427811083467
v10,feat_gbm,0.25,44,331,-1.080626255416645,-1.149354435920189
v10,feat_gbm,0.25,44,332,-1.7813050958083607,-1.0961264399974935
v10,feat_gbm,0.25,44,333,1.1004554590032465,1.4253561556633074
v10,feat_gbm,0.25,44,334,1.039471572289732,1.0406546288822482
v10,feat_gbm,0.25,44,335,-0.26643605417080557,-0.1286217558512718
v10,feat_gbm,0.25,44,336,-1.6554807040235096,-1.7275974260064488
v10,feat_gbm,0.25,44,337,-3.9094303615469848,-4.535227665039715
v10,feat_gbm,0.25,44,338,-0.7880207375496813,-1.078833843619319
v10,feat_gbm,0.25,44,339,-1.8885651562063286,-2.035297396751524
v10,feat_gbm,0.25,44,340,0.04984935782082984,0.4788286932125707
v10,feat_gbm,0.25,44,341,-0.3999747171008484,-0.4595082096564039
v10,feat_gbm,0.25,44,342,-3.815586988185961,-3.653430804591794
v10,feat_gbm,0.25,44,343,0.47804569633387944,0.2834522663037432
v10,feat_gbm,0.25,44,344,0.10052553603276582,-0.15984972455285287
v10,feat_gbm,0.25,44,345,-2.6083161620006092,-3.8822970119574354
v10,feat_gbm,0.25,44,346,-2.671427739274522,-2.5801989990218064
v10,feat_gbm,0.25,44,347,-3.6811351007949273,-3.2622630695286134
v10,feat_gbm,0.25,44,348,-0.3464727658721606,-0.4894561152880944
v10,feat_gbm,0.25,44,349,-3.4857079929956862,-3.0223552414624764
v10,feat_gbm,0.25,44,350,0.6763266622936323,0.4215072765335228
v10,feat_gbm,0.25,44,351,-2.324185519768475,-1.8152752103400673
v10,feat_gbm,0.25,44,352,0.8381735673942462,1.102263670511441
v10,feat_gbm,0.25,44,353,1.2485566625576494,1.4454852001466738
v10,feat_gbm,0.25,44,354,-3.6570044202343563,-3.6770060333191017
v10,feat_gbm,0.25,44,355,-3.913358120612723,-5.078652858832153
v10,feat_gbm,0.25,44,356,0.4434921027872735,0.7815322159665122
v10,feat_gbm,0.25,44,357,0.6624072541523582,0.6775133790495483
v10,feat_gbm,0.25,44,358,-3.509649891623018,-3.5163570325540956
v10,feat_gbm,0.25,44,359,-2.963535148260445,-4.157760523739404
v10,feat_gbm,0.25,44,360,-0.06708248869227476,-0.18386357284099003
v10,feat_gbm,0.25,44,361,-4.499734262528179,-4.477383009144865
v10,feat_gbm,0.25,44,362,0.3326544196633791,0.2909126951240761
v10,feat_gbm,0.25,44,363,-3.369054578260196,-3.5121531596302606
v10,feat_gbm,0.25,44,364,0.34839660638415204,-0.0019354464452207268
v10,feat_gbm,0.25,44,365,-3.402018702833947,-3.264666087597375
v10,feat_gbm,0.25,44,366,-1.3623227376189364,-1.4961090632143375
v10,feat_gbm,0.25,44,367,0.010798355183510387,-0.10305907560987346
v10,feat_gbm,0.25,44,368,0.2735190288744375,0.24601275195113992
v10,feat_gbm,0.25,44,369,-1.8509673568324405,-1.6400355118163064
v10,feat_gbm,0.25,44,370,-1.0908946705157243,-1.5399226532969161
v10,feat_gbm,0.25,44,371,-0.20741734666231815,-0.3336387161155974
v10,feat_gbm,0.25,44,372,0.37639503462996915,0.3185760540422761
v10,feat_gbm,0.25,44,373,-0.2347074881553508,-0.30756424411789
v10,feat_gbm,0.25,44,374,-3.9330230274498215,-3.551435429619069
v10,feat_gbm,0.25,44,375,0.26502617721730365,-0.12846918127015178
v10,feat_gbm,0.25,44,376,0.6959564535777257,0.43413099611324796
v10,feat_gbm,0.25,44,377,0.820355224966237,0.8095384731463161
v10,feat_gbm,0.25,44,378,0.4213355905455864,0.20303525329731625
v10,feat_gbm,0.25,44,379,0.6336915881909699,0.524784145223057
v10,feat_gbm,0.25,44,380,0.5045623449960744,0.8722609808312535
v10,feat_gbm,0.25,44,381,0.8748772563930469,1.0190202163897197
v10,feat_gbm,0.25,44,382,0.8984284626579753,1.2715191268303472
v10,feat_gbm,0.25,44,383,-0.030358528497986235,-0.13923746667536385
v10,feat_gbm,0.25,44,384,-1.4567172139460798,-1.7983983483294153
v10,feat_gbm,0.25,44,385,0.3464595028203374,0.5606037150840157
v10,feat_gbm,0.25,44,386,0.7850430181141651,0.6003456151224621
v10,feat_gbm,0.25,44,387,1.0613027998434303,1.3071718981356573
v10,feat_gbm,0.25,44,388,-0.3412544656368907,-0.19457283568776126
v10,feat_gbm,0.25,44,389,-1.0834403833083721,-0.981880356960367
v10,feat_gbm,0.25,44,390,-3.12200594284418,-2.628024059072158
v10,feat_gbm,0.25,44,391,-2.4496553509165953,-2.479262758098376
v10,feat_gbm,0.25,44,392,-2.2765060020403523,-2.207941629114672
v10,feat_gbm,0.25,44,393,-3.13261578884456,-2.806586620215901
v10,feat_gbm,0.25,44,394,0.007730220186461738,-0.16842623590390868
v10,feat_gbm,0.25,44,395,0.5248694967606683,0.3596423409999632
v10,feat_gbm,0.25,44,396,-2.707603138185655,-3.117667066362407
v10,feat_gbm,0.25,44,397,0.8003257342451019,0.6134086288650079
v10,feat_gbm,0.25,44,398,0.3205271244991141,0.5049020087080688
v10,feat_gbm,0.25,44,399,-1.1482730227450986,-1.0548605918119196
v10,feat_gbm,0.25,44,400,-3.0234944113574267,-2.877676775828332
v10,feat_gbm,0.25,44,401,-0.025499030206387586,0.015654415635624343
v10,feat_gbm,0.25,44,402,-0.6637356501738363,-0.7027824676465185
v10,feat_gbm,0.25,44,403,0.290719024349359,0.6733427913489138
v10,feat_gbm,0.25,44,404,0.020668553733507195,0.03259550049258387
v10,feat_gbm,0.25,44,405,-3.5538833302391675,-3.4179416205706223
v10,feat_gbm,0.25,44,406,-1.5066828744234892,-1.6563158072976616
v10,feat_gbm,0.25,44,407,0.4554121639551581,0.3281041495218151
v10,feat_gbm,0.25,44,408,-1.50231038060232,-1.498502430121411
v10,feat_gbm,0.25,44,409,-1.304468838966419,-1.5390850133499359
v10,feat_gbm,0.25,44,410,-2.6096248224135223,-3.8769914364338094
v10,feat_gbm,0.25,44,411,-0.8879926158689222,-1.1093409530974205
v10,feat_gbm,0.25,44,412,-2.4568785990769593,-2.1356441225652167
v10,feat_gbm,0.25,44,413,0.5535501758585439,0.5613925387002681
v10,feat_gbm,0.25,44,414,-2.6379190986322376,-2.672303525149137
v10,feat_gbm,0.25,44,415,0.9686311839427176,0.9887747910888531
v10,feat_gbm,0.25,44,416,-1.9101121741737785,-2.064740642123073
v10,feat_gbm,0.25,44,417,-0.5709465654302069,-0.13534283366780814
v10,feat_gbm,0.25,44,418,0.5229534903989185,0.5266566940316069
v10,feat_gbm,0.25,44,419,-0.9993394304136088,-0.7929716308762645
v10,feat_gbm,0.25,44,420,0.355129329780455,0.22081989653443584
v10,feat_gbm,0.25,44,421,-3.751259451357562,-3.4911396429773087
v10,feat_gbm,0.25,44,422,0.29186312739504866,0.4691563032653497
v10,feat_gbm,0.25,44,423,-0.22026647788800646,-0.21242164749251408
v10,feat_gbm,0.25,44,424,-2.2961363158629977,-2.0235730224261497
v10,feat_gbm,0.25,44,425,-0.0313254538787375,0.1881042769243711
v10,feat_gbm,0.25,44,426,-1.1702902100717647,-0.7546830882020855
v10,feat_gbm,0.25,44,427,-1.9542132790443907,-2.004418163271322
v10,feat_gbm,0.25,44,428,0.01636581654323316,0.08108350485015015
v10,feat_gbm,0.25,44,429,-1.21969584706245,-0.8958783842144782
v10,feat_gbm,0.25,44,430,-0.5783200114330757,-0.700178367515834
v10,feat_gbm,0.25,44,431,-2.1690277048447095,-2.026447754843476
v10,feat_gbm,0.25,44,432,-3.394256806703991,-3.3644112924118934
v10,feat_gbm,0.25,44,433,-2.0668721874369016,-2.4777804975332844
v10,feat_gbm,0.25,44,434,-3.3834633065261785,-3.6407879329147783
v10,feat_gbm,0.25,44,435,0.6213693942065449,0.8140524350977956
v10,feat_gbm,0.25,44,436,-0.588189608242417,-0.6342245759550225
v10,feat_gbm,0.25,44,437,-0.9152498308953271,-1.0170271575608654
v10,feat_gbm,0.25,44,438,1.0718412681723377,1.2058566336630974
v10,feat_gbm,0.25,44,439,0.8172837210158682,1.04159183954478
v10,feat_gbm,0.25,44,440,-0.8163502012192129,-0.383754051292973
v10,feat_gbm,0.25,44,441,1.1421510732754585,0.9717849563735496
v10,feat_gbm,0.25,44,442,0.9376231276038801,0.915394257773604
v10,feat_gbm,0.25,44,443,0.15020411852449136,0.17619398118278368
v10,feat_gbm,0.25,44,444,-2.5966582525180275,-2.3026142847949007
v10,feat_gbm,0.25,44,445,-1.3541763246547893,-2.156995715227189
v10,feat_gbm,0.25,44,446,-2.041820931251758,-1.9647154613855007
v10,feat_gbm,0.25,44,447,-0.9253878563834387,-1.2167428909736953
v10,feat_gbm,0.25,44,448,0.1584334287972647,0.371748058948411
v10,feat_gbm,0.25,44,449,-3.76154631698237,-3.354914600670279
v10,feat_gbm,0.25,44,450,-2.1258590731011857,-2.0984010901330774
v10,feat_gbm,0.25,44,451,-2.2539455617875896,-1.8411195968283314
v10,feat_gbm,0.25,44,452,-0.06375715734136161,-0.2866386615093297
v10,feat_gbm,0.25,44,453,-2.0020437103229565,-2.1769502099219324
v10,feat_gbm,0.25,44,454,0.699418803655539,0.851829112076475
v10,feat_gbm,0.25,44,455,-0.34122807953648665,-0.5174982843777256
v10,feat_gbm,0.25,44,456,-3.549181523602164,-3.7883351795095335
v10,feat_gbm,0.25,44,457,-1.3557746837655562,-1.3225504843777425
v10,feat_gbm,0.25,44,458,-0.7038961849456169,-0.6304710111145473
v10,feat_gbm,0.25,44,459,-2.7405144160508157,-2.867776928577639
v10,feat_gbm,0.25,44,460,-0.10947185394433599,-0.20106453453544149
v10,feat_gbm,0.25,44,461,0.07212161027958534,0.565413433251147
v10,feat_gbm,0.25,44,462,0.4155888504180535,0.6531860801292728
v10,feat_gbm,0.25,44,463,-3.4225378995408167,-3.295531334571209
v10,feat_gbm,0.25,44,464,-0.9018620679888766,-1.118951529136503
v10,feat_gbm,0.25,44,465,0.09410408629688033,0.08535922256033004
v10,feat_gbm,0.25,44,466,-0.03555322173301419,0.2656879386171551
v10,feat_gbm,0.25,44,467,-0.8934758029170482,-1.0764680911985907
v10,feat_gbm,0.25,44,468,2.2299387660987886,2.2503813782282114
v10,feat_gbm,0.25,44,469,-0.03312703793889432,-0.029700274932011248
v10,feat_gbm,0.25,44,470,-2.6555019274682006,-2.1918010579584375
v10,feat_gbm,0.25,44,471,-0.3635148744653984,-0.12537364897776127
v10,feat_gbm,0.25,44,472,-1.5019087877591664,-1.3714574409892777
v10,feat_gbm,0.25,44,473,-2.10831716123058,-1.0216450817816245
v10,feat_gbm,0.25,44,474,-0.7712273243255088,-0.8313233833759152
v10,feat_gbm,0.25,44,475,-3.1628051692472456,-3.25243582884057
v10,feat_gbm,0.25,44,476,0.6609824038492385,0.8737365575305754
v10,feat_gbm,0.25,44,477,-2.03440085429507,-1.8373017486027088
v10,feat_gbm,0.25,44,478,-1.6538277463487627,-1.909749317133085
v10,feat_gbm,0.25,44,479,0.6207879057830753,0.418341725137149
v10,feat_gbm,0.25,44,480,-2.9007806282207618,-2.8689304810445995
v10,feat_gbm,0.25,44,481,-4.559774182685031,-3.9192950012633494
v10,feat_gbm,0.25,44,482,0.9790634311030206,0.8191907452202399
v10,feat_gbm,0.25,44,483,-2.8498329290800752,-2.7371748494528005
v10,feat_gbm,0.25,44,484,-0.02599726820458966,0.043868991079412875
v10,feat_gbm,0.25,44,485,-3.2694962398413745,-3.9571024828402512
v10,feat_gbm,0.25,44,486,-0.9162533311952851,-0.8286091055291892
v10,feat_gbm,0.25,44,487,1.2853105608232307,1.1086460137612473
v10,feat_gbm,0.25,44,488,-1.0966915072511534,-1.0899995989348372
v10,feat_gbm,0.25,44,489,-2.7412639927937263,-2.9260181182274523
v10,feat_gbm,0.25,44,490,-0.07541177264432995,0.01778898425240747
v10,feat_gbm,0.25,44,491,-0.567234637275809,-0.388546054063584
v10,feat_gbm,0.25,44,492,-0.5455472199648125,-0.8483910406321095
v10,feat_gbm,0.25,44,493,-2.856180370066692,-2.4855190663855797
v10,feat_gbm,0.25,44,494,-0.4522078045480729,-0.6027729178489412
v10,feat_gbm,0.25,44,495,-1.3933160551802632,-1.5285925057254015
v10,feat_gbm,0.25,44,496,0.8452952270848435,1.0092174422839322
v10,feat_gbm,0.25,44,497,-2.290644587117717,-2.421052301727873
v10,feat_gbm,0.25,44,498,-3.143922436503299,-3.2283141264699093
v10,feat_gbm,0.25,44,499,-4.39022969667444,-4.907212199848568
v10,feat_gbm,0.25,45,0,-0.3556418284738786,0.03894909458183669
v10,feat_gbm,0.25,45,1,-2.5535378528871155,-2.5052564746229193
v10,feat_gbm,0.25,45,2,0.6797084904473638,0.6287827851917782
v10,feat_gbm,0.25,45,3,-2.7825975152429168,-3.3447289283878643
v10,feat_gbm,0.25,45,4,0.7381566669998625,0.9694015026406426
v10,feat_gbm,0.25,45,5,-2.1971311354970053,-2.4693709778233526
v10,feat_gbm,0.25,45,6,-0.0717131187842326,-0.2819211013310965
v10,feat_gbm,0.25,45,7,0.8498737403985526,0.5289578846490461
v10,feat_gbm,0.25,45,8,0.26325686407530935,0.032863622186365654
v10,feat_gbm,0.25,45,9,1.0691312697710338,0.9352707853930591
v10,feat_gbm,0.25,45,10,-1.6578869937297156,-1.5987558134683666
v10,feat_gbm,0.25,45,11,-3.1959007897040737,-3.2678706438993954
v10,feat_gbm,0.25,45,12,-2.4520673797875214,-2.445380546146449
v10,feat_gbm,0.25,45,13,-0.2956147598318371,-0.4471217519653716
v10,feat_gbm,0.25,45,14,-1.8733939271014413,-1.8343062920535937
v10,feat_gbm,0.25,45,15,-2.3880853610908734,-2.278287047942225
v10,feat_gbm,0.25,45,16,-1.4623340637385442,-1.113015507562239
v10,feat_gbm,0.25,45,17,-1.1213812216641623,-1.149386040828735
v10,feat_gbm,0.25,45,18,-0.6157670020798011,-0.4541092694382234
v10,feat_gbm,0.25,45,19,-2.882734426149572,-2.8798658660471284
v10,feat_gbm,0.25,45,20,-3.246273062453628,-3.281006200299989
v10,feat_gbm,0.25,45,21,-0.5918461343787008,-0.7889402030111288
v10,feat_gbm,0.25,45,22,-0.49336828673931915,-0.48114593055133975
v10,feat_gbm,0.25,45,23,-2.5384875571223384,-2.8038114998165153
v10,feat_gbm,0.25,45,24,-2.9377110567577085,-2.6726430450531393
v10,feat_gbm,0.25,45,25,-3.370982967391248,-3.141178249464176
v10,feat_gbm,0.25,45,26,-3.6908906950113907,-3.8612362310489847
v10,feat_gbm,0.25,45,27,-3.127000676471389,-3.085821277369337
v10,feat_gbm,0.25,45,28,-2.270798398315469,-2.1153791712035637
v10,feat_gbm,0.25,45,29,-0.2209973461879183,-0.5854112868629942
v10,feat_gbm,0.25,45,30,0.3707785052356501,0.13849791927417068
v10,feat_gbm,0.25,45,31,-2.4429027704682,-2.779654184179668
v10,feat_gbm,0.25,45,32,1.2395856829749574,0.9166392391011026
v10,feat_gbm,0.25,45,33,-1.921332298582684,-2.134444297962007
v10,feat_gbm,0.25,45,34,1.2756233372499286,1.1224191581864646
v10,feat_gbm,0.25,45,35,-3.070367593080111,-2.7514680837461087
v10,feat_gbm,0.25,45,36,0.07883848637604163,0.7493710802437775
v10,feat_gbm,0.25,45,37,-2.2755790893331884,-2.157600461660938
v10,feat_gbm,0.25,45,38,-1.580469612482888,-1.7436371170468024
v10,feat_gbm,0.25,45,39,0.7784270575337917,0.632388610685479
v10,feat_gbm,0.25,45,40,-1.4109446674298114,-1.5024753827969588
v10,feat_gbm,0.25,45,41,-3.296575836101192,-2.936018587066778
v10,feat_gbm,0.25,45,42,0.04728242691182476,-0.06406961406287034
v10,feat_gbm,0.25,45,43,-0.27583612081074405,-0.43711075337934485
v10,feat_gbm,0.25,45,44,0.6132633526164694,0.521724778538647
v10,feat_gbm,0.25,45,45,0.7649364893448818,-0.02881562555915001
v10,feat_gbm,0.25,45,46,-3.1159019226596616,-2.6856700943784895
v10,feat_gbm,0.25,45,47,-3.579123940281193,-3.3419513202228783
v10,feat_gbm,0.25,45,48,-0.3940228598079583,-0.35240032436669677
v10,feat_gbm,0.25,45,49,-4.170472490886259,-4.466027560457086
v10,feat_gbm,0.25,45,50,-0.8612620633292067,-1.2227887404747313
v10,feat_gbm,0.25,45,51,-3.6895736790441607,-4.168130875201601
v10,feat_gbm,0.25,45,52,-2.467431067172418,-2.1825653069440887
v10,feat_gbm,0.25,45,53,-3.0463862739129017,-2.816977102698189
v10,feat_gbm,0.25,45,54,-1.0486103620450171,-0.9520374156321785
v10,feat_gbm,0.25,45,55,0.4023592694873356,0.800460094219776
v10,feat_gbm,0.25,45,56,0.1799487284987499,0.2782562560211116
v10,feat_gbm,0.25,45,57,-0.24789204470897577,-0.7855200046266205
v10,feat_gbm,0.25,45,58,-2.9888160056728323,-2.837973637743256
v10,feat_gbm,0.25,45,59,0.3377831130478787,0.3653424354755994
v10,feat_gbm,0.25,45,60,-2.992394240676054,-3.145987746693799
v10,feat_gbm,0.25,45,61,-2.2628689522875307,-2.1381844357326614
v10,feat_gbm,0.25,45,62,0.5469896271500142,0.3908315550690521
v10,feat_gbm,0.25,45,63,-3.4684260959353597,-3.259739876316779
v10,feat_gbm,0.25,45,64,-3.972476523703115,-3.799325775609258
v10,feat_gbm,0.25,45,65,-0.011361585161244577,0.2842997557356093
v10,feat_gbm,0.25,45,66,0.7456410352138821,0.9099380077885143
v10,feat_gbm,0.25,45,67,0.390154205523619,0.5741223235018287
v10,feat_gbm,0.25,45,68,1.0781818718361056,1.3807263582335993
v10,feat_gbm,0.25,45,69,1.2501974083825058,2.7357387204405055
v10,feat_gbm,0.25,45,70,-0.30577354616454666,-0.3782017485149665
v10,feat_gbm,0.25,45,71,-0.4603976043663916,-0.6946521973220513
v10,feat_gbm,0.25,45,72,-3.6470557120477616,-3.510295151868067
v10,feat_gbm,0.25,45,73,-0.052320945554744765,-0.3643686170400702
v10,feat_gbm,0.25,45,74,1.1212657588980364,1.1835884152793859
v10,feat_gbm,0.25,45,75,-0.10877227109380469,-0.38644824542838596
v10,feat_gbm,0.25,45,76,0.4868101428556394,0.7005004452467647
v10,feat_gbm,0.25,45,77,0.22131394205834076,0.3770911051312199
v10,feat_gbm,0.25,45,78,-0.44497742736700296,-0.5374783823521183
v10,feat_gbm,0.25,45,79,-2.7944227269638775,-3.2499450611549854
v10,feat_gbm,0.25,45,80,-1.768531383051906,-1.719925172279684
v10,feat_gbm,0.25,45,81,1.0206190648075395,1.8185710395242058
v10,feat_gbm,0.25,45,82,-1.320252220681875,-1.0758778979961314
v10,feat_gbm,0.25,45,83,-0.6763153688628423,-0.8033140510569362
v10,feat_gbm,0.25,45,84,-2.181851504386534,-2.0837035815006346
v10,feat_gbm,0.25,45,85,-0.8375359504010138,-1.2430797823904942
v10,feat_gbm,0.25,45,86,0.7550082123419649,0.639317965424242
v10,feat_gbm,0.25,45,87,-0.08685535844525424,-0.02321591952008587
v10,feat_gbm,0.25,45,88,-3.376196458942844,-3.512086916650174
v10,feat_gbm,0.25,45,89,-1.7890788513700548,-1.684363733317816
v10,feat_gbm,0.25,45,90,-3.9343877065903605,-3.5341996208099964
v10,feat_gbm,0.25,45,91,0.9659665077651158,1.1574629997660548
v10,feat_gbm,0.25,45,92,-0.7935364251329509,-0.7651863719989663
v10,feat_gbm,0.25,45,93,-4.198325700680222,-5.7708125015304885
v10,feat_gbm,0.25,45,94,0.14144129241545547,0.07374698385127064
v10,feat_gbm,0.25,45,95,0.7397342657047533,1.201566413592891
v10,feat_gbm,0.25,45,96,1.3562499789427371,1.2655480006709303
v10,feat_gbm,0.25,45,97,-3.6660942382277155,-3.2217777708537843
v10,feat_gbm,0.25,45,98,-1.7266339001372577,-1.2120387208328698
v10,feat_gbm,0.25,45,99,-0.4251056129725029,-0.04015373686183237
v10,feat_gbm,0.25,45,100,-2.842606965021583,-2.8384481914339785
v10,feat_gbm,0.25,45,101,-3.5326151372843753,-3.541068619782685
v10,feat_gbm,0.25,45,102,-4.407465451257108,-4.424727465058162
v10,feat_gbm,0.25,45,103,-0.4998614704198754,-0.7652009130347144
v10,feat_gbm,0.25,45,104,-0.5703277640609864,-0.406664655497914
v10,feat_gbm,0.25,45,105,-2.817357402684131,-2.8019031633754246
v10,feat_gbm,0.25,45,106,-1.3474034060840812,-1.1978192780958505
v10,feat_gbm,0.25,45,107,-0.8227552223864852,-1.2497822804421463
v10,feat_gbm,0.25,45,108,-0.15470387722938675,-0.2003702404752673
v10,feat_gbm,0.25,45,109,-0.06620502325138154,-0.28745536208379296
v10,feat_gbm,0.25,45,110,0.3975413732018176,0.2838469771831524
v10,feat_gbm,0.25,45,111,0.4453670608753371,0.6579850926301614
v10,feat_gbm,0.25,45,112,0.09132535246203731,-0.4279263804064609
v10,feat_gbm,0.25,45,113,0.7133254214341792,0.527327823801956
v10,feat_gbm,0.25,45,114,-3.749206634662511,-3.652947895428966
v10,feat_gbm,0.25,45,115,-0.7825125609684085,-0.04287987221360797
v10,feat_gbm,0.25,45,116,-3.8031340961493716,-3.4409421360670214
v10,feat_gbm,0.25,45,117,-2.597725381941543,-2.4284095097884006
v10,feat_gbm,0.25,45,118,-1.6459474502473719,-1.419217075367618
v10,feat_gbm,0.25,45,119,-1.6489696081611882,-1.4944271796191557
v10,feat_gbm,0.25,45,120,-3.049888219935661,-2.797137626437216
v10,feat_gbm,0.25,45,121,1.613708661095579,3.1321125804877905
v10,feat_gbm,0.25,45,122,-2.637475950066533,-3.164895556438051
v10,feat_gbm,0.25,45,123,0.10732734385136337,-0.021234684620174846
v10,feat_gbm,0.25,45,124,-1.474394955790332,-1.246001114532972
v10,feat_gbm,0.25,45,125,-2.84016326603136,-2.7130193085566443
v10,feat_gbm,0.25,45,126,-1.8283058738432996,-2.0560780011130944
v10,feat_gbm,0.25,45,127,-1.5921510390924654,-1.631222331554067
v10,feat_gbm,0.25,45,128,-2.770842884740395,-3.477307725783656
v10,feat_gbm,0.25,45,129,1.312012793561887,1.7007542891568868
v10,feat_gbm,0.25,45,130,-3.7748480754687326,-3.4021624962570822
v10,feat_gbm,0.25,45,131,-3.5841864555041227,-3.701149444421242
v10,feat_gbm,0.25,45,132,0.24796936132027622,-0.4116741376471012
v10,feat_gbm,0.25,45,133,-0.5554635199831801,-0.5680375850475197
v10,feat_gbm,0.25,45,134,-1.3435544914143762,-1.4788189923590598
v10,feat_gbm,0.25,45,135,-2.738158657074251,-2.9896549957503007
v10,feat_gbm,0.25,45,136,0.5820891630083889,0.11194117436713467
v10,feat_gbm,0.25,45,137,1.1750990863104465,1.7147062893715772
v10,feat_gbm,0.25,45,138,-2.243795929142766,-1.9709125209383296
v10,feat_gbm,0.25,45,139,0.06287715165671331,0.19937477723826902
v10,feat_gbm,0.25,45,140,-2.833330402055403,-2.8223726616431475
v10,feat_gbm,0.25,45,141,-0.13662934033179872,-0.12380828599000025
v10,feat_gbm,0.25,45,142,-3.291490085059175,-2.97521232911642
v10,feat_gbm,0.25,45,143,-1.9250546084480216,-1.9484557479617686
v10,feat_gbm,0.25,45,144,1.2076092569838326,1.244093655886106
v10,feat_gbm,0.25,45,145,-2.410458817128865,-2.0280859266176816
v10,feat_gbm,0.25,45,146,-1.8601692689334284,-2.0754073031653366
v10,feat_gbm,0.25,45,147,-0.007524445112297673,-0.11331641159387335
v10,feat_gbm,0.25,45,148,-2.4168245267736697,-2.620298039600635
v10,feat_gbm,0.25,45,149,-2.8185402611199453,-3.8395532227602396
v10,feat_gbm,0.25,45,150,-1.933906561881209,-2.149698272240366
v10,feat_gbm,0.25,45,151,-3.2641608038970147,-3.1594376779318036
v10,feat_gbm,0.25,45,152,-2.711737292013459,-2.7712141114581046
v10,feat_gbm,0.25,45,153,-0.9553200094701156,-1.1483368403810985
v10,feat_gbm,0.25,45,154,-1.3366652236436802,-1.4700676700115773
v10,feat_gbm,0.25,45,155,1.2115614139904751,1.4088416749712322
v10,feat_gbm,0.25,45,156,0.6630513519536999,0.7564704220494097
v10,feat_gbm,0.25,45,157,-2.2000327582006483,-1.7148995557963913
v10,feat_gbm,0.25,45,158,-2.47501164629449,-2.8595355115547196
v10,feat_gbm,0.25,45,159,-1.079610540228305,-0.9922400520728849
v10,feat_gbm,0.25,45,160,1.1357911061346242,1.8585227307534937
v10,feat_gbm,0.25,45,161,-2.2095189188702755,-2.477654537850602
v10,feat_gbm,0.25,45,162,-3.0462477246827055,-2.993764039868935
v10,feat_gbm,0.25,45,163,-1.1792105327077622,-1.1722671160336509
v10,feat_gbm,0.25,45,164,-1.712449389474466,-1.6577576086204497
v10,feat_gbm,0.25,45,165,-3.0085307485714505,-2.9770186999323642
v10,feat_gbm,0.25,45,166,-3.550534977584645,-3.2329952824425443
v10,feat_gbm,0.25,45,167,0.2326731292872132,0.19550508612775644
v10,feat_gbm,0.25,45,168,-0.9719943431749023,-1.2639642813248737
v10,feat_gbm,0.25,45,169,1.303080879462298,1.4224064134580066
v10,feat_gbm,0.25,45,170,-1.9995284228882126,-1.5303724784706008
v10,feat_gbm,0.25,45,171,0.5229999707416804,0.6086346650572224
v10,feat_gbm,0.25,45,172,0.1221414291605301,-0.052232489626048526
v10,feat_gbm,0.25,45,173,-0.24147409897074232,-0.19074605880313256
v10,feat_gbm,0.25,45,174,-2.349086268117848,-2.7678232596734214
v10,feat_gbm,0.25,45,175,-1.968474526826452,-1.6557092188829319
v10,feat_gbm,0.25,45,176,-0.12382416577112779,0.12081831439914445
v10,feat_gbm,0.25,45,177,1.019687360469752,3.7031714993021168
v10,feat_gbm,0.25,45,178,-0.25375338149224985,-0.17761292562564054
v10,feat_gbm,0.25,45,179,0.05329709332142239,0.2295122735959306
v10,feat_gbm,0.25,45,180,-1.567189429689848,-1.6401012725318311
v10,feat_gbm,0.25,45,181,-2.2615453337824563,-3.399461101549646
v10,feat_gbm,0.25,45,182,0.5172788440191235,0.5421608664871393
v10,feat_gbm,0.25,45,183,-3.988005575937855,-3.7858185839721776
v10,feat_gbm,0.25,45,184,0.6137513960340615,0.4440956773301304
v10,feat_gbm,0.25,45,185,0.45221257786785646,0.5450962365111649
v10,feat_gbm,0.25,45,186,-3.4349954397451072,-3.094441269353033
v10,feat_gbm,0.25,45,187,1.2113644624948428,1.436275522654785
v10,feat_gbm,0.25,45,188,0.2522381396871008,-0.003208414280501246
v10,feat_gbm,0.25,45,189,-1.850480163706487,-2.0766448721687736
v10,feat_gbm,0.25,45,190,-3.4443304324684068,-2.887011097372245
v10,feat_gbm,0.25,45,191,0.13898971863202084,-0.19564387773269687
v10,feat_gbm,0.25,45,192,-3.7015402201939147,-3.39219136175158
v10,feat_gbm,0.25,45,193,-4.750097057098304,-4.804455114758695
v10,feat_gbm,0.25,45,194,-0.017618531244072543,-0.23230879418151415
v10,feat_gbm,0.25,45,195,0.5529447980965193,0.7768952289284052
v10,feat_gbm,0.25,45,196,-3.572151605518947,-3.0758975731441707
v10,feat_gbm,0.25,45,197,1.6996454974504671,1.8852948766094535
v10,feat_gbm,0.25,45,198,-0.015250328173675862,-0.07474663349946693
v10,feat_gbm,0.25,45,199,1.4200450074744855,0.9295509098669842
v10,feat_gbm,0.25,45,200,0.2461392675844297,0.40408761039079466
v10,feat_gbm,0.25,45,201,-1.4179125273370379,-1.0185563947000995
v10,feat_gbm,0.25,45,202,-1.516387419130133,-1.5812541435625456
v10,feat_gbm,0.25,45,203,-2.38951217859626,-2.9269603411540346
v10,feat_gbm,0.25,45,204,-0.4177441481192184,-0.9368237022381455
v10,feat_gbm,0.25,45,205,-0.5781545778287089,-0.771906247259438
v10,feat_gbm,0.25,45,206,-1.905966832383508,-1.4457766532498904
v10,feat_gbm,0.25,45,207,-2.5109159220134587,-2.4752738768021185
v10,feat_gbm,0.25,45,208,-3.0914645505147074,-2.8789590131308262
v10,feat_gbm,0.25,45,209,-2.706416531679353,-2.6986856152036793
v10,feat_gbm,0.25,45,210,0.06218344309463191,0.05837096406180189
v10,feat_gbm,0.25,45,211,-2.934322399429453,-2.2327070274631113
v10,feat_gbm,0.25,45,212,0.22830195503065195,0.15758807445032513
v10,feat_gbm,0.25,45,213,0.7111799751039057,0.5234750924970406
v10,feat_gbm,0.25,45,214,0.6771281678089711,0.8312555987922697
v10,feat_gbm,0.25,45,215,-0.6790463105286082,-0.7699972654610447
v10,feat_gbm,0.25,45,216,-2.499863969870736,-2.4368834827463726
v10,feat_gbm,0.25,45,217,-3.753360106681344,-3.7421886443248944
v10,feat_gbm,0.25,45,218,-4.541577717139039,-4.3753265313120195
v10,feat_gbm,0.25,45,219,0.11419313199475353,0.13181597567614448
v10,feat_gbm,0.25,45,220,-2.3861260951486756,-2.150299196146146
v10,feat_gbm,0.25,45,221,0.5242060899717841,0.4316281043505307
v10,feat_gbm,0.25,45,222,0.22705823392934113,0.20581216265343685
v10,feat_gbm,0.25,45,223,-2.1496537477128093,-1.7226779576420432
v10,feat_gbm,0.25,45,224,1.1031776890854548,1.0701061526100661
v10,feat_gbm,0.25,45,225,-2.790632701399039,-2.995983076644188
v10,feat_gbm,0.25,45,226,-0.3927746469520954,-0.39103048890459524
v10,feat_gbm,0.25,45,227,-2.5164510620626097,-2.811377433191803
v10,feat_gbm,0.25,45,228,0.15477749649223257,0.1103569248772952
v10,feat_gbm,0.25,45,229,0.913823651555015,1.0926797996732165
v10,feat_gbm,0.25,45,230,-1.1475934695591603,-1.1465469989616057
v10,feat_gbm,0.25,45,231,-3.7924027390778527,-3.7045714701961474
v10,feat_gbm,0.25,45,232,-0.2812563292443269,-0.3205795311611984
v10,feat_gbm,0.25,45,233,-0.40010605747641836,-0.7282288274356463
v10,feat_gbm,0.25,45,234,-0.5786272914566396,-0.6143938277881194
v10,feat_gbm,0.25,45,235,-3.36104021387233,-3.717493513170671
v10,feat_gbm,0.25,45,236,-2.0680426350362455,-1.894186438607053
v10,feat_gbm,0.25,45,237,0.05129033314436991,0.19101892391720615
v10,feat_gbm,0.25,45,238,-2.6510529992630123,-2.723653519266766
v10,feat_gbm,0.25,45,239,0.09105789849815865,0.28172679866345784
v10,feat_gbm,0.25,45,240,-0.6673022710033922,-0.570916259780521
v10,feat_gbm,0.25,45,241,-2.5170337531447355,-3.037607674189957
v10,feat_gbm,0.25,45,242,-2.573492583356394,-2.4824067099880884
v10,feat_gbm,0.25,45,243,1.2550117415960385,1.793244191067856
v10,feat_gbm,0.25,45,244,-1.8834745007783902,-2.170563194223024
v10,feat_gbm,0.25,45,245,-2.734427251956909,-2.5580286375581696
v10,feat_gbm,0.25,45,246,-3.243639368453099,-3.9013363177662743
v10,feat_gbm,0.25,45,247,-1.1703812764828392,-1.2689211715035387
v10,feat_gbm,0.25,45,248,-2.929574793440784,-2.89795980370705
v10,feat_gbm,0.25,45,249,-1.0081931388137724,-1.149470325468549
v10,feat_gbm,0.25,45,250,-2.531461551972267,-2.1803876537888693
v10,feat_gbm,0.25,45,251,-1.139076803117353,-1.2010659028736028
v10,feat_gbm,0.25,45,252,-2.6968555083622863,-2.675840590612525
v10,feat_gbm,0.25,45,253,-0.6886236090055642,-0.865421424414132
v10,feat_gbm,0.25,45,254,-0.34833314796816905,-0.45089388998719687
v10,feat_gbm,0.25,45,255,-1.4710659124918555,-1.477655138121315
v10,feat_gbm,0.25,45,256,-1.9418592806471109,-1.9234128661936198
v10,feat_gbm,0.25,45,257,-0.7332985213204711,-0.8895479413744646
v10,feat_gbm,0.25,45,258,-1.4540680181162062,-1.284701881398344
v10,feat_gbm,0.25,45,259,0.004854366794489427,0.03791276039075724
v10,feat_gbm,0.25,45,260,-1.421936530350697,-1.213907680807544
v10,feat_gbm,0.25,45,261,-0.5492400232370241,-0.6937064881158975
v10,feat_gbm,0.25,45,262,-1.8275968832419414,-2.500344974429108
v10,feat_gbm,0.25,45,263,-3.1335357731719116,-3.0782877743164985
v10,feat_gbm,0.25,45,264,-2.8755766738066226,-3.2702790535172426
v10,feat_gbm,0.25,45,265,-0.2818572824663797,-0.15746453031192983
v10,feat_gbm,0.25,45,266,-1.4992184622123428,-1.3930653126164372
v10,feat_gbm,0.25,45,267,-4.185246331786861,-3.460520174484755
v10,feat_gbm,0.25,45,268,-1.865386221982989,-1.8115923421665279
v10,feat_gbm,0.25,45,269,-0.08779511374115281,-0.04785951915829837
v10,feat_gbm,0.25,45,270,-1.3761678590670168,-1.3387838926701625
v10,feat_gbm,0.25,45,271,0.8897702086774574,0.6172482925771328
v10,feat_gbm,0.25,45,272,0.11524233695373055,0.10718580269537517
v10,feat_gbm,0.25,45,273,-2.893850139223928,-2.4250613993713395
v10,feat_gbm,0.25,45,274,-0.3882684673862054,-0.4656136934058211
v10,feat_gbm,0.25,45,275,-1.725736068341231,-1.7679071058666047
v10,feat_gbm,0.25,45,276,-0.08460068744181189,-0.15192249005847586
v10,feat_gbm,0.25,45,277,-0.18374424282960408,-0.22686658439221394
v10,feat_gbm,0.25,45,278,-0.14323207495494245,-0.3963273628232521
v10,feat_gbm,0.25,45,279,-2.4939512926410523,-2.1916982233579314
v10,feat_gbm,0.25,45,280,0.5534815022354932,0.5138857123822332
v10,feat_gbm,0.25,45,281,-1.1891866800129807,0.13501120436460418
v10,feat_gbm,0.25,45,282,-0.1966253250937556,-0.35232291748203215
v10,feat_gbm,0.25,45,283,0.4774078327328118,0.33710059568630363
v10,feat_gbm,0.25,45,284,2.4252853709339135,2.2269494594330284
v10,feat_gbm,0.25,45,285,-0.4967454191286973,-0.8523290277873723
v10,feat_gbm,0.25,45,286,0.587529444764177,0.5032694866056324
v10,feat_gbm,0.25,45,287,-3.3721099573620648,-3.0734310124071125
v10,feat_gbm,0.25,45,288,-3.3703461744763867,-3.0969464995649485
v10,feat_gbm,0.25,45,289,0.9173578088857581,0.8088909840914691
v10,feat_gbm,0.25,45,290,-1.5030727175315999,-1.710735902712342
v10,feat_gbm,0.25,45,291,-0.15304514339492106,-0.24588513525180683
v10,feat_gbm,0.25,45,292,-3.0449120392702356,-2.9910915714149957
v10,feat_gbm,0.25,45,293,-0.03711769084188602,0.24397961438558982
v10,feat_gbm,0.25,45,294,1.0783802179833253,0.9827222917401395
v10,feat_gbm,0.25,45,295,1.0966683506475494,1.5399914318848642
v10,feat_gbm,0.25,45,296,-2.860634586556537,-3.028104854063688
v10,feat_gbm,0.25,45,297,-1.7025648564464886,-1.9675880903276046
v10,feat_gbm,0.25,45,298,0.35181082820517,0.3882116190950413
v10,feat_gbm,0.25,45,299,-0.2747651688933213,-0.4169590587595381
v10,feat_gbm,0.25,45,300,-0.525948821553899,-0.47104701624968015
v10,feat_gbm,0.25,45,301,-0.49343117841873746,-0.5788171023402015
v10,feat_gbm,0.25,45,302,-3.704030011135003,-3.325334912618423
v10,feat_gbm,0.25,45,303,-0.036493534067459504,0.27214776974989446
v10,feat_gbm,0.25,45,304,0.2692435402779344,0.2838761456734127
v10,feat_gbm,0.25,45,305,0.9036001001198938,0.98356576927226
v10,feat_gbm,0.25,45,306,-2.0601631374911347,-2.324804251846344
v10,feat_gbm,0.25,45,307,-0.20909440605805632,-0.30060412365222405
v10,feat_gbm,0.25,45,308,-3.821831110204795,-3.5706943269006843
v10,feat_gbm,0.25,45,309,0.8836598590712955,0.7657986236992217
v10,feat_gbm,0.25,45,310,-0.16188202080117797,-0.3760212383278314
v10,feat_gbm,0.25,45,311,0.7361962420431668,0.903367601886353
v10,feat_gbm,0.25,45,312,0.7521060745057682,0.2834145554969618
v10,feat_gbm,0.25,45,313,-0.6117459953316211,-0.8750381269167363
v10,feat_gbm,0.25,45,314,-1.7500661191632845,-0.8911054934067958
v10,feat_gbm,0.25,45,315,0.4637206133805272,0.2699623908229132
v10,feat_gbm,0.25,45,316,-3.829735193693314,-4.034449774534175
v10,feat_gbm,0.25,45,317,0.5995509795309408,0.7302045063515665
v10,feat_gbm,0.25,45,318,-2.0752113113612545,-2.5264159394565007
v10,feat_gbm,0.25,45,319,-3.0993754954033914,-3.1280680478747835
v10,feat_gbm,0.25,45,320,-0.47088222067776175,-0.623194388118803
v10,feat_gbm,0.25,45,321,-4.1821897105563695,-4.172922463867305
v10,feat_gbm,0.25,45,322,1.1376454028444118,1.0714029341973417
v10,feat_gbm,0.25,45,323,-2.581702229641809,-2.5538050374755565
v10,feat_gbm,0.25,45,324,-1.5265172878873774,-1.5310020975326282
v10,feat_gbm,0.25,45,325,-0.6034067582039516,-0.735749980772127
v10,feat_gbm,0.25,45,326,-0.5574318033392327,-0.5010306012352705
v10,feat_gbm,0.25,45,327,-4.37851466072901,-4.393123087746285
v10,feat_gbm,0.25,45,328,0.693655033579014,0.6439364857563509
v10,feat_gbm,0.25,45,329,-3.0861814208532743,-2.60760252445046
v10,feat_gbm,0.25,45,330,0.5683268779954882,0.46983427811083467
v10,feat_gbm,0.25,45,331,-1.049465542206576,-1.149354435920189
v10,feat_gbm,0.25,45,332,-1.8023548433707617,-1.0961264399974935
v10,feat_gbm,0.25,45,333,1.1070651215388778,1.4253561556633074
v10,feat_gbm,0.25,45,334,1.1182879002677475,1.0406546288822482
v10,feat_gbm,0.25,45,335,-0.3910495360757428,-0.1286217558512718
v10,feat_gbm,0.25,45,336,-1.4936010420539754,-1.7275974260064488
v10,feat_gbm,0.25,45,337,-3.882022334607384,-4.535227665039715
v10,feat_gbm,0.25,45,338,-0.6671181069863176,-1.078833843619319
v10,feat_gbm,0.25,45,339,-1.7655793506034734,-2.035297396751524
v10,feat_gbm,0.25,45,340,0.16057288919582852,0.4788286932125707
v10,feat_gbm,0.25,45,341,-0.6731482375362878,-0.4595082096564039
v10,feat_gbm,0.25,45,342,-3.80881323523792,-3.653430804591794
v10,feat_gbm,0.25,45,343,0.44246917837715305,0.2834522663037432
v10,feat_gbm,0.25,45,344,0.13715696688042567,-0.15984972455285287
v10,feat_gbm,0.25,45,345,-2.454344389602734,-3.8822970119574354
v10,feat_gbm,0.25,45,346,-2.773833233382684,-2.5801989990218064
v10,feat_gbm,0.25,45,347,-3.666599355336943,-3.2622630695286134
v10,feat_gbm,0.25,45,348,-0.44308614984836103,-0.4894561152880944
v10,feat_gbm,0.25,45,349,-3.45835777793444,-3.0223552414624764
v10,feat_gbm,0.25,45,350,0.7007157488779396,0.4215072765335228
v10,feat_gbm,0.25,45,351,-2.283408010369108,-1.8152752103400673
v10,feat_gbm,0.25,45,352,0.708695197428454,1.102263670511441
v10,feat_gbm,0.25,45,353,1.1858587924838946,1.4454852001466738
v10,feat_gbm,0.25,45,354,-3.6538243369618013,-3.6770060333191017
v10,feat_gbm,0.25,45,355,-3.8809656739578666,-5.078652858832153
v10,feat_gbm,0.25,45,356,0.5919553304353585,0.7815322159665122
v10,feat_gbm,0.25,45,357,0.6660837690222439,0.6775133790495483
v10,feat_gbm,0.25,45,358,-3.556480848875581,-3.5163570325540956
v10,feat_gbm,0.25,45,359,-2.808094864827669,-4.157760523739404
v10,feat_gbm,0.25,45,360,-0.2239593753443419,-0.18386357284099003
v10,feat_gbm,0.25,45,361,-4.382344928491926,-4.477383009144865
v10,feat_gbm,0.25,45,362,0.3505719064360555,0.2909126951240761
v10,feat_gbm,0.25,45,363,-3.3973345297167516,-3.5121531596302606
v10,feat_gbm,0.25,45,364,0.6695133919410213,-0.0019354464452207268
v10,feat_gbm,0.25,45,365,-3.4328477384029785,-3.264666087597375
v10,feat_gbm,0.25,45,366,-1.368698701132431,-1.4961090632143375
v10,feat_gbm,0.25,45,367,0.027331369699482033,-0.10305907560987346
v10,feat_gbm,0.25,45,368,0.2533961029237995,0.24601275195113992
v10,feat_gbm,0.25,45,369,-1.8853178924978864,-1.6400355118163064
v10,feat_gbm,0.25,45,370,-1.2415201996479628,-1.5399226532969161
v10,feat_gbm,0.25,45,371,-0.18253013599273002,-0.3336387161155974
v10,feat_gbm,0.25,45,372,0.2959437068810152,0.3185760540422761
v10,feat_gbm,0.25,45,373,-0.16452437960622557,-0.30756424411789
v10,feat_gbm,0.25,45,374,-3.9037220550072496,-3.551435429619069
v10,feat_gbm,0.25,45,375,0.11824434714595253,-0.12846918127015178
v10,feat_gbm,0.25,45,376,0.5494185312033796,0.43413099611324796
v10,feat_gbm,0.25,45,377,0.8975439823730426,0.8095384731463161
v10,feat_gbm,0.25,45,378,0.28344533518924203,0.20303525329731625
v10,feat_gbm,0.25,45,379,0.7647202169020846,0.524784145223057
v10,feat_gbm,0.25,45,380,0.5323596849543583,0.8722609808312535
v10,feat_gbm,0.25,45,381,0.7910044755078539,1.0190202163897197
v10,feat_gbm,0.25,45,382,0.8421992435615103,1.2715191268303472
v10,feat_gbm,0.25,45,383,0.06026359549891608,-0.13923746667536385
v10,feat_gbm,0.25,45,384,-1.4697457534668965,-1.7983983483294153
v10,feat_gbm,0.25,45,385,0.3937145364361931,0.5606037150840157
v10,feat_gbm,0.25,45,386,0.4987381132721311,0.6003456151224621
v10,feat_gbm,0.25,45,387,1.0615502811936652,1.3071718981356573
v10,feat_gbm,0.25,45,388,-0.1089142991773197,-0.19457283568776126
v10,feat_gbm,0.25,45,389,-0.9979571188419609,-0.981880356960367
v10,feat_gbm,0.25,45,390,-3.0272093284761152,-2.628024059072158
v10,feat_gbm,0.25,45,391,-2.427839538102922,-2.479262758098376
v10,feat_gbm,0.25,45,392,-2.1029746475445115,-2.207941629114672
v10,feat_gbm,0.25,45,393,-3.021870859634825,-2.806586620215901
v10,feat_gbm,0.25,45,394,0.0465009402313203,-0.16842623590390868
v10,feat_gbm,0.25,45,395,0.5466167551557943,0.3596423409999632
v10,feat_gbm,0.25,45,396,-2.5861738138992143,-3.117667066362407
v10,feat_gbm,0.25,45,397,0.7828041729164674,0.6134086288650079
v10,feat_gbm,0.25,45,398,0.4211760388689897,0.5049020087080688
v10,feat_gbm,0.25,45,399,-1.103600575604232,-1.0548605918119196
v10,feat_gbm,0.25,45,400,-2.8732900998371,-2.877676775828332
v10,feat_gbm,0.25,45,401,-0.14959297950905895,0.015654415635624343
v10,feat_gbm,0.25,45,402,-0.6180204796867166,-0.7027824676465185
v10,feat_gbm,0.25,45,403,0.31356793118996074,0.6733427913489138
v10,feat_gbm,0.25,45,404,0.025891428590658787,0.03259550049258387
v10,feat_gbm,0.25,45,405,-3.598165368640652,-3.4179416205706223
v10,feat_gbm,0.25,45,406,-1.6562637232309079,-1.6563158072976616
v10,feat_gbm,0.25,45,407,0.5253310247904334,0.3281041495218151
v10,feat_gbm,0.25,45,408,-1.423457210049216,-1.498502430121411
v10,feat_gbm,0.25,45,409,-1.1935614905818948,-1.5390850133499359
v10,feat_gbm,0.25,45,410,-2.5134119755194595,-3.8769914364338094
v10,feat_gbm,0.25,45,411,-1.108544563248159,-1.1093409530974205
v10,feat_gbm,0.25,45,412,-2.639159582626554,-2.1356441225652167
v10,feat_gbm,0.25,45,413,0.5201233730770544,0.5613925387002681
v10,feat_gbm,0.25,45,414,-2.563144270625471,-2.672303525149137
v10,feat_gbm,0.25,45,415,1.0718763281555619,0.9887747910888531
v10,feat_gbm,0.25,45,416,-1.9539099922089636,-2.064740642123073
v10,feat_gbm,0.25,45,417,-0.4612371944355597,-0.13534283366780814
v10,feat_gbm,0.25,45,418,0.3969660745952689,0.5266566940316069
v10,feat_gbm,0.25,45,419,-1.0855246779618695,-0.7929716308762645
v10,feat_gbm,0.25,45,420,0.3764839206566313,0.22081989653443584
v10,feat_gbm,0.25,45,421,-3.5948660672840584,-3.4911396429773087
v10,feat_gbm,0.25,45,422,-0.009132966436778982,0.4691563032653497
v10,feat_gbm,0.25,45,423,-0.017306046283521004,-0.21242164749251408
v10,feat_gbm,0.25,45,424,-2.4536945624895354,-2.0235730224261497
v10,feat_gbm,0.25,45,425,0.07100983250862755,0.1881042769243711
v10,feat_gbm,0.25,45,426,-1.3158656052548432,-0.7546830882020855
v10,feat_gbm,0.25,45,427,-1.9131413292875994,-2.004418163271322
v10,feat_gbm,0.25,45,428,0.053957278587910024,0.08108350485015015
v10,feat_gbm,0.25,45,429,-1.163649544366288,-0.8958783842144782
v10,feat_gbm,0.25,45,430,-0.6516126930124789,-0.700178367515834
v10,feat_gbm,0.25,45,431,-2.1354682494779653,-2.026447754843476
v10,feat_gbm,0.25,45,432,-3.470435125881695,-3.3644112924118934
v10,feat_gbm,0.25,45,433,-1.9556788740644622,-2.4777804975332844
v10,feat_gbm,0.25,45,434,-3.3073133802028436,-3.6407879329147783
v10,feat_gbm,0.25,45,435,0.7940348726376724,0.8140524350977956
v10,feat_gbm,0.25,45,436,-0.7403731807838217,-0.6342245759550225
v10,feat_gbm,0.25,45,437,-0.863143259177923,-1.0170271575608654
v10,feat_gbm,0.25,45,438,1.1384380345940852,1.2058566336630974
v10,feat_gbm,0.25,45,439,0.8356162656649284,1.04159183954478
v10,feat_gbm,0.25,45,440,-0.636227521673257,-0.383754051292973
v10,feat_gbm,0.25,45,441,1.126048514654849,0.9717849563735496
v10,feat_gbm,0.25,45,442,0.9598538693594922,0.915394257773604
v10,feat_gbm,0.25,45,443,0.0882759811740021,0.17619398118278368
v10,feat_gbm,0.25,45,444,-2.5040712975405284,-2.3026142847949007
v10,feat_gbm,0.25,45,445,-1.5251280145538395,-2.156995715227189
v10,feat_gbm,0.25,45,446,-2.1263009489907096,-1.9647154613855007
v10,feat_gbm,0.25,45,447,-0.8971103032196295,-1.2167428909736953
v10,feat_gbm,0.25,45,448,-0.07910930647410146,0.371748058948411
v10,feat_gbm,0.25,45,449,-3.7661332217907497,-3.354914600670279
v10,feat_gbm,0.25,45,450,-2.0827609110089105,-2.0984010901330774
v10,feat_gbm,0.25,45,451,-2.052142131496744,-1.8411195968283314
v10,feat_gbm,0.25,45,452,-0.16891655651064721,-0.2866386615093297
v10,feat_gbm,0.25,45,453,-1.9704401085235559,-2.1769502099219324
v10,feat_gbm,0.25,45,454,0.5581428761598543,0.851829112076475
v10,feat_gbm,0.25,45,455,-0.17977722842476584,-0.5174982843777256
v10,feat_gbm,0.25,45,456,-3.4330712844803086,-3.7883351795095335
v10,feat_gbm,0.25,45,457,-1.365574875696603,-1.3225504843777425
v10,feat_gbm,0.25,45,458,-0.4052675117219789,-0.6304710111145473
v10,feat_gbm,0.25,45,459,-2.9329761807994146,-2.867776928577639
v10,feat_gbm,0.25,45,460,-0.19723522017007736,-0.20106453453544149
v10,feat_gbm,0.25,45,461,0.31091912122654014,0.565413433251147
v10,feat_gbm,0.25,45,462,0.39794796358829965,0.6531860801292728
v10,feat_gbm,0.25,45,463,-3.3663353053794367,-3.295531334571209
v10,feat_gbm,0.25,45,464,-0.8942100736308587,-1.118951529136503
v10,feat_gbm,0.25,45,465,-0.05182892810563467,0.08535922256033004
v10,feat_gbm,0.25,45,466,-0.09681022726134891,0.2656879386171551
v10,feat_gbm,0.25,45,467,-0.8709182430005228,-1.0764680911985907
v10,feat_gbm,0.25,45,468,2.246911938638662,2.2503813782282114
v10,feat_gbm,0.25,45,469,0.02931797430774053,-0.029700274932011248
v10,feat_gbm,0.25,45,470,-2.6243573774965725,-2.1918010579584375
v10,feat_gbm,0.25,45,471,-0.322470697554144,-0.12537364897776127
v10,feat_gbm,0.25,45,472,-1.3979879861667825,-1.3714574409892777
v10,feat_gbm,0.25,45,473,-2.0907187996480308,-1.0216450817816245
v10,feat_gbm,0.25,45,474,-0.5264620798313757,-0.8313233833759152
v10,feat_gbm,0.25,45,475,-3.126205497727401,-3.25243582884057
v10,feat_gbm,0.25,45,476,0.7990381392238656,0.8737365575305754
v10,feat_gbm,0.25,45,477,-1.9800248489070174,-1.8373017486027088
v10,feat_gbm,0.25,45,478,-1.6247058708982034,-1.909749317133085
v10,feat_gbm,0.25,45,479,0.49451299029264034,0.418341725137149
v10,feat_gbm,0.25,45,480,-2.9554945799937515,-2.8689304810445995
v10,feat_gbm,0.25,45,481,-4.561297359703704,-3.9192950012633494
v10,feat_gbm,0.25,45,482,0.8427919848850902,0.8191907452202399
v10,feat_gbm,0.25,45,483,-2.793289873705996,-2.7371748494528005
v10,feat_gbm,0.25,45,484,0.039408243335921814,0.043868991079412875
v10,feat_gbm,0.25,45,485,-3.217837852409517,-3.9571024828402512
v10,feat_gbm,0.25,45,486,-0.8437290611448034,-0.8286091055291892
v10,feat_gbm,0.25,45,487,1.2944449299283827,1.1086460137612473
v10,feat_gbm,0.25,45,488,-1.1019067731304815,-1.0899995989348372
v10,feat_gbm,0.25,45,489,-2.687791767456863,-2.9260181182274523
v10,feat_gbm,0.25,45,490,-0.01726614913251162,0.01778898425240747
v10,feat_gbm,0.25,45,491,-0.5813765559695127,-0.388546054063584
v10,feat_gbm,0.25,45,492,-0.5772889031260773,-0.8483910406321095
v10,feat_gbm,0.25,45,493,-2.743348763623922,-2.4855190663855797
v10,feat_gbm,0.25,45,494,-0.32477361204416244,-0.6027729178489412
v10,feat_gbm,0.25,45,495,-1.4075433199037795,-1.5285925057254015
v10,feat_gbm,0.25,45,496,0.840499997272155,1.0092174422839322
v10,feat_gbm,0.25,45,497,-2.3954055357513964,-2.421052301727873
v10,feat_gbm,0.25,45,498,-3.0703783706524677,-3.2283141264699093
v10,feat_gbm,0.25,45,499,-4.4020869638857185,-4.907212199848568
v10,feat_gbm,0.25,46,0,-0.0826202289083346,0.03894909458183669
v10,feat_gbm,0.25,46,1,-2.596370491253495,-2.5052564746229193
v10,feat_gbm,0.25,46,2,0.662352792388666,0.6287827851917782
v10,feat_gbm,0.25,46,3,-2.7954159892542023,-3.3447289283878643
v10,feat_gbm,0.25,46,4,1.0198737298021752,0.9694015026406426
v10,feat_gbm,0.25,46,5,-2.2987572545695203,-2.4693709778233526
v10,feat_gbm,0.25,46,6,-0.04408913891558097,-0.2819211013310965
v10,feat_gbm,0.25,46,7,0.8170322411369906,0.5289578846490461
v10,feat_gbm,0.25,46,8,0.4174057099599441,0.032863622186365654
v10,feat_gbm,0.25,46,9,0.9834911930447185,0.9352707853930591
v10,feat_gbm,0.25,46,10,-1.6775060885708124,-1.5987558134683666
v10,feat_gbm,0.25,46,11,-3.2218892225231013,-3.2678706438993954
v10,feat_gbm,0.25,46,12,-2.505465437910231,-2.445380546146449
v10,feat_gbm,0.25,46,13,-0.3082582433215636,-0.4471217519653716
v10,feat_gbm,0.25,46,14,-1.8802995699721783,-1.8343062920535937
v10,feat_gbm,0.25,46,15,-2.435404958019653,-2.278287047942225
v10,feat_gbm,0.25,46,16,-1.2946839179221847,-1.113015507562239
v10,feat_gbm,0.25,46,17,-1.0617783536403478,-1.149386040828735
v10,feat_gbm,0.25,46,18,-0.6210960731940426,-0.4541092694382234
v10,feat_gbm,0.25,46,19,-2.9606600368502156,-2.8798658660471284
v10,feat_gbm,0.25,46,20,-3.2907161637687055,-3.281006200299989
v10,feat_gbm,0.25,46,21,-0.6444986633887172,-0.7889402030111288
v10,feat_gbm,0.25,46,22,-0.8038241243142468,-0.48114593055133975
v10,feat_gbm,0.25,46,23,-2.641942509313299,-2.8038114998165153
v10,feat_gbm,0.25,46,24,-2.9516048751660318,-2.6726430450531393
v10,feat_gbm,0.25,46,25,-3.195379555188035,-3.141178249464176
v10,feat_gbm,0.25,46,26,-3.713549359410084,-3.8612362310489847
v10,feat_gbm,0.25,46,27,-3.0889222902153506,-3.085821277369337
v10,feat_gbm,0.25,46,28,-2.572232543655095,-2.1153791712035637
v10,feat_gbm,0.25,46,29,-0.25443173892797616,-0.5854112868629942
v10,feat_gbm,0.25,46,30,0.49219887468638407,0.13849791927417068
v10,feat_gbm,0.25,46,31,-2.3603590330298183,-2.779654184179668
v10,feat_gbm,0.25,46,32,1.2055496100778333,0.9166392391011026
v10,feat_gbm,0.25,46,33,-1.7988445432898157,-2.134444297962007
v10,feat_gbm,0.25,46,34,1.1705458707932472,1.1224191581864646
v10,feat_gbm,0.25,46,35,-3.051474204425039,-2.7514680837461087
v10,feat_gbm,0.25,46,36,0.14326360538943378,0.7493710802437775
v10,feat_gbm,0.25,46,37,-2.279637065458363,-2.157600461660938
v10,feat_gbm,0.25,46,38,-1.559100878794368,-1.7436371170468024
v10,feat_gbm,0.25,46,39,0.8825847107533022,0.632388610685479
v10,feat_gbm,0.25,46,40,-1.415901181686569,-1.5024753827969588
v10,feat_gbm,0.25,46,41,-3.266804499572442,-2.936018587066778
v10,feat_gbm,0.25,46,42,-0.040656904363231196,-0.06406961406287034
v10,feat_gbm,0.25,46,43,-0.33419823566034973,-0.43711075337934485
v10,feat_gbm,0.25,46,44,0.6239133719948655,0.521724778538647
v10,feat_gbm,0.25,46,45,0.7195245182788544,-0.02881562555915001
v10,feat_gbm,0.25,46,46,-3.0162141912973235,-2.6856700943784895
v10,feat_gbm,0.25,46,47,-3.5618935818340796,-3.3419513202228783
v10,feat_gbm,0.25,46,48,-0.3065258193235256,-0.35240032436669677
v10,feat_gbm,0.25,46,49,-4.385054524670468,-4.466027560457086
v10,feat_gbm,0.25,46,50,-1.0107566007544724,-1.2227887404747313
v10,feat_gbm,0.25,46,51,-3.8676341871933073,-4.168130875201601
v10,feat_gbm,0.25,46,52,-2.5777285017158738,-2.1825653069440887
v10,feat_gbm,0.25,46,53,-3.0831698164177626,-2.816977102698189
v10,feat_gbm,0.25,46,54,-0.8772238760607042,-0.9520374156321785
v10,feat_gbm,0.25,46,55,0.48006517832727524,0.800460094219776
v10,feat_gbm,0.25,46,56,0.23696805596129264,0.2782562560211116
v10,feat_gbm,0.25,46,57,-0.3672413436365651,-0.7855200046266205
v10,feat_gbm,0.25,46,58,-3.116365314323803,-2.837973637743256
v10,feat_gbm,0.25,46,59,0.08248260420532612,0.3653424354755994
v10,feat_gbm,0.25,46,60,-3.1115102861598434,-3.145987746693799
v10,feat_gbm,0.25,46,61,-2.225218503798608,-2.1381844357326614
v10,feat_gbm,0.25,46,62,0.5981381856742835,0.3908315550690521
v10,feat_gbm,0.25,46,63,-3.316502909140162,-3.259739876316779
v10,feat_gbm,0.25,46,64,-4.063772239137694,-3.799325775609258
v10,feat_gbm,0.25,46,65,-0.061567493560006355,0.2842997557356093
v10,feat_gbm,0.25,46,66,0.768045343979448,0.9099380077885143
v10,feat_gbm,0.25,46,67,0.4715923534541488,0.5741223235018287
v10,feat_gbm,0.25,46,68,1.0690789861092624,1.3807263582335993
v10,feat_gbm,0.25,46,69,1.1097296180136962,2.7357387204405055
v10,feat_gbm,0.25,46,70,-0.184628164924561,-0.3782017485149665
v10,feat_gbm,0.25,46,71,-0.4326639840278236,-0.6946521973220513
v10,feat_gbm,0.25,46,72,-3.692937456402276,-3.510295151868067
v10,feat_gbm,0.25,46,73,-0.12828647245443986,-0.3643686170400702
v10,feat_gbm,0.25,46,74,1.1843292353565096,1.1835884152793859
v10,feat_gbm,0.25,46,75,-0.03176277229132091,-0.38644824542838596
v10,feat_gbm,0.25,46,76,0.6209016915783471,0.7005004452467647
v10,feat_gbm,0.25,46,77,0.26353935310808696,0.3770911051312199
v10,feat_gbm,0.25,46,78,-0.5453659645977268,-0.5374783823521183
v10,feat_gbm,0.25,46,79,-3.0871545189357703,-3.2499450611549854
v10,feat_gbm,0.25,46,80,-1.6709214889400401,-1.719925172279684
v10,feat_gbm,0.25,46,81,0.974419182459305,1.8185710395242058
v10,feat_gbm,0.25,46,82,-1.2833245216208506,-1.0758778979961314
v10,feat_gbm,0.25,46,83,-0.5896642968188235,-0.8033140510569362
v10,feat_gbm,0.25,46,84,-2.2363664983830294,-2.0837035815006346
v10,feat_gbm,0.25,46,85,-0.9156930517071891,-1.2430797823904942
v10,feat_gbm,0.25,46,86,0.9219687983768763,0.639317965424242
v10,feat_gbm,0.25,46,87,-0.11321983205797852,-0.02321591952008587
v10,feat_gbm,0.25,46,88,-3.3617047471139347,-3.512086916650174
v10,feat_gbm,0.25,46,89,-1.7245686761146461,-1.684363733317816
v10,feat_gbm,0.25,46,90,-3.9567363663776187,-3.5341996208099964
v10,feat_gbm,0.25,46,91,0.9841931600076563,1.1574629997660548
v10,feat_gbm,0.25,46,92,-1.0152616455329662,-0.7651863719989663
v10,feat_gbm,0.25,46,93,-4.225365958878153,-5.7708125015304885
v10,feat_gbm,0.25,46,94,-0.031144470661951498,0.07374698385127064
v10,feat_gbm,0.25,46,95,0.8178270610373348,1.201566413592891
v10,feat_gbm,0.25,46,96,1.4429182058116266,1.2655480006709303
v10,feat_gbm,0.25,46,97,-3.6064028374197448,-3.2217777708537843
v10,feat_gbm,0.25,46,98,-1.738641788325517,-1.2120387208328698
v10,feat_gbm,0.25,46,99,-0.5067026020914397,-0.04015373686183237
v10,feat_gbm,0.25,46,100,-2.7976473848388026,-2.8384481914339785
v10,feat_gbm,0.25,46,101,-3.38776946328217,-3.541068619782685
v10,feat_gbm,0.25,46,102,-4.442482427434707,-4.424727465058162
v10,feat_gbm,0.25,46,103,-0.5264730931093354,-0.7652009130347144
v10,feat_gbm,0.25,46,104,-0.6362659549723212,-0.406664655497914
v10,feat_gbm,0.25,46,105,-2.8818718805057753,-2.8019031633754246
v10,feat_gbm,0.25,46,106,-1.2361563160348716,-1.1978192780958505
v10,feat_gbm,0.25,46,107,-1.0309159080409735,-1.2497822804421463
v10,feat_gbm,0.25,46,108,-0.2016500680935367,-0.2003702404752673
v10,feat_gbm,0.25,46,109,0.04436238572672043,-0.28745536208379296
v10,feat_gbm,0.25,46,110,0.4840176638527066,0.2838469771831524
v10,feat_gbm,0.25,46,111,0.49559769197720516,0.6579850926301614
v10,feat_gbm,0.25,46,112,-0.044746453548579986,-0.4279263804064609
v10,feat_gbm,0.25,46,113,0.7323034237151985,0.527327823801956
v10,feat_gbm,0.25,46,114,-3.7737507179884404,-3.652947895428966
v10,feat_gbm,0.25,46,115,-0.9298464511603441,-0.04287987221360797
v10,feat_gbm,0.25,46,116,-3.7997231356406127,-3.4409421360670214
v10,feat_gbm,0.25,46,117,-2.5392419146561567,-2.4284095097884006
v10,feat_gbm,0.25,46,118,-1.741290637619052,-1.419217075367618
v10,feat_gbm,0.25,46,119,-1.8217772921646365,-1.4944271796191557
v10,feat_gbm,0.25,46,120,-3.1212194352744076,-2.797137626437216
v10,feat_gbm,0.25,46,121,1.3914734344192903,3.1321125804877905
v10,feat_gbm,0.25,46,122,-2.6591133872098203,-3.164895556438051
v10,feat_gbm,0.25,46,123,0.07199579977376143,-0.021234684620174846
v10,feat_gbm,0.25,46,124,-1.5450808859745202,-1.246001114532972
v10,feat_gbm,0.25,46,125,-2.788594058052365,-2.7130193085566443
v10,feat_gbm,0.25,46,126,-1.9500157095039483,-2.0560780011130944
v10,feat_gbm,0.25,46,127,-1.6397002171691786,-1.631222331554067
v10,feat_gbm,0.25,46,128,-3.063450597858735,-3.477307725783656
v10,feat_gbm,0.25,46,129,1.332520334674069,1.7007542891568868
v10,feat_gbm,0.25,46,130,-3.7591447578976998,-3.4021624962570822
v10,feat_gbm,0.25,46,131,-3.59162529153208,-3.701149444421242
v10,feat_gbm,0.25,46,132,-0.06016593716752942,-0.4116741376471012
v10,feat_gbm,0.25,46,133,-0.40448339830276164,-0.5680375850475197
v10,feat_gbm,0.25,46,134,-1.3376089121461172,-1.4788189923590598
v10,feat_gbm,0.25,46,135,-2.6796906064129717,-2.9896549957503007
v10,feat_gbm,0.25,46,136,0.684276588767249,0.11194117436713467
v10,feat_gbm,0.25,46,137,1.2386123698711209,1.7147062893715772
v10,feat_gbm,0.25,46,138,-2.0134784690672545,-1.9709125209383296
v10,feat_gbm,0.25,46,139,0.019835738106255874,0.19937477723826902
v10,feat_gbm,0.25,46,140,-2.9819151767592555,-2.8223726616431475
v10,feat_gbm,0.25,46,141,-0.021337011987629242,-0.12380828599000025
v10,feat_gbm,0.25,46,142,-3.2740544852654407,-2.97521232911642
v10,feat_gbm,0.25,46,143,-1.7048289995321346,-1.9484557479617686
v10,feat_gbm,0.25,46,144,1.1416954587688146,1.244093655886106
v10,feat_gbm,0.25,46,145,-2.4902345335978584,-2.0280859266176816
v10,feat_gbm,0.25,46,146,-1.864227109485044,-2.0754073031653366
v10,feat_gbm,0.25,46,147,-0.010085765782197593,-0.11331641159387335
v10,feat_gbm,0.25,46,148,-2.1828893778466023,-2.620298039600635
v10,feat_gbm,0.25,46,149,-3.0517764205094036,-3.8395532227602396
v10,feat_gbm,0.25,46,150,-1.9511814844266788,-2.149698272240366
v10,feat_gbm,0.25,46,151,-3.2973435981855936,-3.1594376779318036
v10,feat_gbm,0.25,46,152,-2.580007370094953,-2.7712141114581046
v10,feat_gbm,0.25,46,153,-1.0469835203718376,-1.1483368403810985
v10,feat_gbm,0.25,46,154,-1.6142945324468927,-1.4700676700115773
v10,feat_gbm,0.25,46,155,1.4202560732758123,1.4088416749712322
v10,feat_gbm,0.25,46,156,0.6210434387066239,0.7564704220494097
v10,feat_gbm,0.25,46,157,-2.1180992051538725,-1.7148995557963913
v10,feat_gbm,0.25,46,158,-2.4513260772230305,-2.8595355115547196
v10,feat_gbm,0.25,46,159,-1.2646388345495525,-0.9922400520728849
v10,feat_gbm,0.25,46,160,1.4217747604653554,1.8585227307534937
v10,feat_gbm,0.25,46,161,-2.183926699029505,-2.477654537850602
v10,feat_gbm,0.25,46,162,-3.1422878991131173,-2.993764039868935
v10,feat_gbm,0.25,46,163,-1.2017253938059018,-1.1722671160336509
v10,feat_gbm,0.25,46,164,-1.8566349513673355,-1.6577576086204497
v10,feat_gbm,0.25,46,165,-2.9536005813848116,-2.9770186999323642
v10,feat_gbm,0.25,46,166,-3.3837126706987513,-3.2329952824425443
v10,feat_gbm,0.25,46,167,0.31381062726324577,0.19550508612775644
v10,feat_gbm,0.25,46,168,-1.0956621024881987,-1.2639642813248737
v10,feat_gbm,0.25,46,169,1.1403189967970133,1.4224064134580066
v10,feat_gbm,0.25,46,170,-1.8679527973813805,-1.5303724784706008
v10,feat_gbm,0.25,46,171,0.5719001076396437,0.6086346650572224
v10,feat_gbm,0.25,46,172,0.20539685476650088,-0.052232489626048526
v10,feat_gbm,0.25,46,173,-0.3536561493081672,-0.19074605880313256
v10,feat_gbm,0.25,46,174,-2.494753267219053,-2.7678232596734214
v10,feat_gbm,0.25,46,175,-2.106938084964751,-1.6557092188829319
v10,feat_gbm,0.25,46,176,-0.007270303223191287,0.12081831439914445
v10,feat_gbm,0.25,46,177,1.238990298384733,3.7031714993021168
v10,feat_gbm,0.25,46,178,-0.09721717411027005,-0.17761292562564054
v10,feat_gbm,0.25,46,179,0.2168720749014793,0.2295122735959306
v10,feat_gbm,0.25,46,180,-1.6295595138278631,-1.6401012725318311
v10,feat_gbm,0.25,46,181,-2.2885055882043464,-3.399461101549646
v10,feat_gbm,0.25,46,182,0.5439589921196164,0.5421608664871393
v10,feat_gbm,0.25,46,183,-3.98590135287481,-3.7858185839721776
v10,feat_gbm,0.25,46,184,0.6497732235911228,0.4440956773301304
v10,feat_gbm,0.25,46,185,0.5313804087215273,0.5450962365111649
v10,feat_gbm,0.25,46,186,-3.4540187730432823,-3.094441269353033
v10,feat_gbm,0.25,46,187,1.3218670688305847,1.436275522654785
v10,feat_gbm,0.25,46,188,0.16030841319290895,-0.003208414280501246
v10,feat_gbm,0.25,46,189,-1.8555922352367018,-2.0766448721687736
v10,feat_gbm,0.25,46,190,-3.4478566495886303,-2.887011097372245
v10,feat_gbm,0.25,46,191,0.029114250415168526,-0.19564387773269687
v10,feat_gbm,0.25,46,192,-3.7040268546970148,-3.39219136175158
v10,feat_gbm,0.25,46,193,-4.491520315144268,-4.804455114758695
v10,feat_gbm,0.25,46,194,-0.06114408416603857,-0.23230879418151415
v10,feat_gbm,0.25,46,195,0.6364340578272918,0.7768952289284052
v10,feat_gbm,0.25,46,196,-3.4926896036422823,-3.0758975731441707
v10,feat_gbm,0.25,46,197,1.7299642989481028,1.8852948766094535
v10,feat_gbm,0.25,46,198,0.05804685283473921,-0.07474663349946693
v10,feat_gbm,0.25,46,199,1.1729851153459725,0.9295509098669842
v10,feat_gbm,0.25,46,200,0.3195283845583715,0.40408761039079466
v10,feat_gbm,0.25,46,201,-1.2982245021506913,-1.0185563947000995
v10,feat_gbm,0.25,46,202,-1.54410593542806,-1.5812541435625456
v10,feat_gbm,0.25,46,203,-2.4040526254541117,-2.9269603411540346
v10,feat_gbm,0.25,46,204,-0.23900278652628124,-0.9368237022381455
v10,feat_gbm,0.25,46,205,-0.6018038585556572,-0.771906247259438
v10,feat_gbm,0.25,46,206,-1.8412946702355812,-1.4457766532498904
v10,feat_gbm,0.25,46,207,-2.5625215327533857,-2.4752738768021185
v10,feat_gbm,0.25,46,208,-3.013350304920047,-2.8789590131308262
v10,feat_gbm,0.25,46,209,-2.779940652918816,-2.6986856152036793
v10,feat_gbm,0.25,46,210,0.02533584857522181,0.05837096406180189
v10,feat_gbm,0.25,46,211,-3.131083109558728,-2.2327070274631113
v10,feat_gbm,0.25,46,212,0.260992630600981,0.15758807445032513
v10,feat_gbm,0.25,46,213,0.7923105317059805,0.5234750924970406
v10,feat_gbm,0.25,46,214,0.7150188697301302,0.8312555987922697
v10,feat_gbm,0.25,46,215,-0.6093843093824406,-0.7699972654610447
v10,feat_gbm,0.25,46,216,-2.5826320584119964,-2.4368834827463726
v10,feat_gbm,0.25,46,217,-3.6355403418789662,-3.7421886443248944
v10,feat_gbm,0.25,46,218,-4.512631526538605,-4.3753265313120195
v10,feat_gbm,0.25,46,219,0.3424709585458811,0.13181597567614448
v10,feat_gbm,0.25,46,220,-2.505856359160542,-2.150299196146146
v10,feat_gbm,0.25,46,221,0.5795889580260062,0.4316281043505307
v10,feat_gbm,0.25,46,222,0.53575018030413,0.20581216265343685
v10,feat_gbm,0.25,46,223,-2.1978511460620527,-1.7226779576420432
v10,feat_gbm,0.25,46,224,1.0699617627442894,1.0701061526100661
v10,feat_gbm,0.25,46,225,-2.6405434544597894,-2.995983076644188
v10,feat_gbm,0.25,46,226,-0.2666694725196868,-0.39103048890459524
v10,feat_gbm,0.25,46,227,-2.563752640617327,-2.811377433191803
v10,feat_gbm,0.25,46,228,0.13010404107145251,0.1103569248772952
v10,feat_gbm,0.25,46,229,1.0353993113701294,1.0926797996732165
v10,feat_gbm,0.25,46,230,-1.1027291799837362,-1.1465469989616057
v10,feat_gbm,0.25,46,231,-3.83674128424248,-3.7045714701961474
v10,feat_gbm,0.25,46,232,-0.1291607315079977,-0.3205795311611984
v10,feat_gbm,0.25,46,233,-0.41304760177387084,-0.7282288274356463
v10,feat_gbm,0.25,46,234,-0.8903822855484138,-0.6143938277881194
v10,feat_gbm,0.25,46,235,-3.3124390524915985,-3.717493513170671
v10,feat_gbm,0.25,46,236,-2.0807498571802387,-1.894186438607053
v10,feat_gbm,0.25,46,237,0.06148061021399348,0.19101892391720615
v10,feat_gbm,0.25,46,238,-2.742067962685858,-2.723653519266766
v10,feat_gbm,0.25,46,239,0.20384570444652608,0.28172679866345784
v10,feat_gbm,0.25,46,240,-0.7665125733206928,-0.570916259780521
v10,feat_gbm,0.25,46,241,-2.296067764116135,-3.037607674189957
v10,feat_gbm,0.25,46,242,-2.67537838593528,-2.4824067099880884
v10,feat_gbm,0.25,46,243,1.2355453097077755,1.793244191067856
v10,feat_gbm,0.25,46,244,-1.8403240570623247,-2.170563194223024
v10,feat_gbm,0.25,46,245,-2.6969777566947406,-2.5580286375581696
v10,feat_gbm,0.25,46,246,-3.1310173832434915,-3.9013363177662743
v10,feat_gbm,0.25,46,247,-1.1097098851416611,-1.2689211715035387
v10,feat_gbm,0.25,46,248,-2.990100877490163,-2.89795980370705
v10,feat_gbm,0.25,46,249,-0.9600572884964838,-1.149470325468549
v10,feat_gbm,0.25,46,250,-2.32328682146863,-2.1803876537888693
v10,feat_gbm,0.25,46,251,-1.1577152583342396,-1.2010659028736028
v10,feat_gbm,0.25,46,252,-2.687891583255138,-2.675840590612525
v10,feat_gbm,0.25,46,253,-0.701366716839107,-0.865421424414132
v10,feat_gbm,0.25,46,254,-0.392362891030375,-0.45089388998719687
v10,feat_gbm,0.25,46,255,-1.4821592033181388,-1.477655138121315
v10,feat_gbm,0.25,46,256,-2.1102261611961954,-1.9234128661936198
v10,feat_gbm,0.25,46,257,-0.8344529596196901,-0.8895479413744646
v10,feat_gbm,0.25,46,258,-1.338745241607536,-1.284701881398344
v10,feat_gbm,0.25,46,259,-0.053714098556524696,0.03791276039075724
v10,feat_gbm,0.25,46,260,-1.3131761127754014,-1.213907680807544
v10,feat_gbm,0.25,46,261,-0.44072161139226845,-0.6937064881158975
v10,feat_gbm,0.25,46,262,-1.9363911834310266,-2.500344974429108
v10,feat_gbm,0.25,46,263,-3.1969694890872002,-3.0782877743164985
v10,feat_gbm,0.25,46,264,-3.011488800084543,-3.2702790535172426
v10,feat_gbm,0.25,46,265,-0.3914540338801839,-0.15746453031192983
v10,feat_gbm,0.25,46,266,-1.5525974916981204,-1.3930653126164372
v10,feat_gbm,0.25,46,267,-4.37951539469709,-3.460520174484755
v10,feat_gbm,0.25,46,268,-1.9055370325506833,-1.8115923421665279
v10,feat_gbm,0.25,46,269,0.003571647986337527,-0.04785951915829837
v10,feat_gbm,0.25,46,270,-1.4089914608808065,-1.3387838926701625
v10,feat_gbm,0.25,46,271,0.750525628939482,0.6172482925771328
v10,feat_gbm,0.25,46,272,0.11924865880807438,0.10718580269537517
v10,feat_gbm,0.25,46,273,-2.8615984193096677,-2.4250613993713395
v10,feat_gbm,0.25,46,274,-0.31400111557331145,-0.4656136934058211
v10,feat_gbm,0.25,46,275,-1.670921081355876,-1.7679071058666047
v10,feat_gbm,0.25,46,276,-0.1345968533879422,-0.15192249005847586
v10,feat_gbm,0.25,46,277,-0.13763864503399945,-0.22686658439221394
v10,feat_gbm,0.25,46,278,-0.10964762549754703,-0.3963273628232521
v10,feat_gbm,0.25,46,279,-2.45291983376865,-2.1916982233579314
v10,feat_gbm,0.25,46,280,0.6418586131056662,0.5138857123822332
v10,feat_gbm,0.25,46,281,-0.9393940091145062,0.13501120436460418
v10,feat_gbm,0.25,46,282,-0.17630960690378622,-0.35232291748203215
v10,feat_gbm,0.25,46,283,0.40824711826618487,0.33710059568630363
v10,feat_gbm,0.25,46,284,2.437935980852291,2.2269494594330284
v10,feat_gbm,0.25,46,285,-0.48893896932396513,-0.8523290277873723
v10,feat_gbm,0.25,46,286,0.5016114821457736,0.5032694866056324
v10,feat_gbm,0.25,46,287,-3.4636275503129776,-3.0734310124071125
v10,feat_gbm,0.25,46,288,-3.324866086915767,-3.0969464995649485
v10,feat_gbm,0.25,46,289,0.8982212149612706,0.8088909840914691
v10,feat_gbm,0.25,46,290,-1.4372166815553775,-1.710735902712342
v10,feat_gbm,0.25,46,291,-0.15723427653637262,-0.24588513525180683
v10,feat_gbm,0.25,46,292,-3.123039278060934,-2.9910915714149957
v10,feat_gbm,0.25,46,293,0.029245952099673924,0.24397961438558982
v10,feat_gbm,0.25,46,294,1.0897565229705781,0.9827222917401395
v10,feat_gbm,0.25,46,295,1.2361364163333897,1.5399914318848642
v10,feat_gbm,0.25,46,296,-2.9365972035295997,-3.028104854063688
v10,feat_gbm,0.25,46,297,-1.7968131787104378,-1.9675880903276046
v10,feat_gbm,0.25,46,298,0.2731107703854477,0.3882116190950413
v10,feat_gbm,0.25,46,299,-0.35943607771702085,-0.4169590587595381
v10,feat_gbm,0.25,46,300,-0.5620423850404118,-0.47104701624968015
v10,feat_gbm,0.25,46,301,-0.5694892097300459,-0.5788171023402015
v10,feat_gbm,0.25,46,302,-3.561661258190758,-3.325334912618423
v10,feat_gbm,0.25,46,303,0.23365061305628435,0.27214776974989446
v10,feat_gbm,0.25,46,304,0.2788199683354737,0.2838761456734127
v10,feat_gbm,0.25,46,305,0.805695943078207,0.98356576927226
v10,feat_gbm,0.25,46,306,-2.2118432558569943,-2.324804251846344
v10,feat_gbm,0.25,46,307,-0.10619083701209629,-0.30060412365222405
v10,feat_gbm,0.25,46,308,-3.873649972036864,-3.5706943269006843
v10,feat_gbm,0.25,46,309,0.7949842801990515,0.7657986236992217
v10,feat_gbm,0.25,46,310,-0.18826834992049243,-0.3760212383278314
v10,feat_gbm,0.25,46,311,0.8585606164730695,0.903367601886353
v10,feat_gbm,0.25,46,312,0.7031550149184914,0.2834145554969618
v10,feat_gbm,0.25,46,313,-0.5272824785014283,-0.8750381269167363
v10,feat_gbm,0.25,46,314,-1.576058046329403,-0.8911054934067958
v10,feat_gbm,0.25,46,315,0.426819170852419,0.2699623908229132
v10,feat_gbm,0.25,46,316,-3.8754014788514564,-4.034449774534175
v10,feat_gbm,0.25,46,317,0.49390755929991775,0.7302045063515665
v10,feat_gbm,0.25,46,318,-2.1203405793641914,-2.5264159394565007
v10,feat_gbm,0.25,46,319,-3.1561352639649796,-3.1280680478747835
v10,feat_gbm,0.25,46,320,-0.35694149102225425,-0.623194388118803
v10,feat_gbm,0.25,46,321,-4.1028655857406475,-4.172922463867305
v10,feat_gbm,0.25,46,322,1.0719193702821121,1.0714029341973417
v10,feat_gbm,0.25,46,323,-2.553897964137875,-2.5538050374755565
v10,feat_gbm,0.25,46,324,-1.4931364160252532,-1.5310020975326282
v10,feat_gbm,0.25,46,325,-0.5836657451439415,-0.735749980772127
v10,feat_gbm,0.25,46,326,-0.5251210599012255,-0.5010306012352705
v10,feat_gbm,0.25,46,327,-4.460835693243763,-4.393123087746285
v10,feat_gbm,0.25,46,328,0.7989109268464034,0.6439364857563509
v10,feat_gbm,0.25,46,329,-2.921930856091425,-2.60760252445046
v10,feat_gbm,0.25,46,330,0.5433931705615092,0.46983427811083467
v10,feat_gbm,0.25,46,331,-0.9985996542010527,-1.149354435920189
v10,feat_gbm,0.25,46,332,-1.5964568635602725,-1.0961264399974935
v10,feat_gbm,0.25,46,333,1.1737452850940828,1.4253561556633074
v10,feat_gbm,0.25,46,334,1.1069478442701541,1.0406546288822482
v10,feat_gbm,0.25,46,335,-0.32356291515889407,-0.1286217558512718
v10,feat_gbm,0.25,46,336,-1.5360900872094105,-1.7275974260064488
v10,feat_gbm,0.25,46,337,-3.9988984407881385,-4.535227665039715
v10,feat_gbm,0.25,46,338,-0.6255525217110501,-1.078833843619319
v10,feat_gbm,0.25,46,339,-1.817340128671851,-2.035297396751524
v10,feat_gbm,0.25,46,340,0.09676019138374457,0.4788286932125707
v10,feat_gbm,0.25,46,341,-0.40268621190636605,-0.4595082096564039
v10,feat_gbm,0.25,46,342,-3.9368931136622694,-3.653430804591794
v10,feat_gbm,0.25,46,343,0.5311814096944538,0.2834522663037432
v10,feat_gbm,0.25,46,344,0.13108940729970892,-0.15984972455285287
v10,feat_gbm,0.25,46,345,-2.639393434395259,-3.8822970119574354
v10,feat_gbm,0.25,46,346,-2.838019517255486,-2.5801989990218064
v10,feat_gbm,0.25,46,347,-3.6694508376767847,-3.2622630695286134
v10,feat_gbm,0.25,46,348,-0.4464472912981394,-0.4894561152880944
v10,feat_gbm,0.25,46,349,-3.5643040121723026,-3.0223552414624764
v10,feat_gbm,0.25,46,350,0.5736696215087592,0.4215072765335228
v10,feat_gbm,0.25,46,351,-2.297491580208503,-1.8152752103400673
v10,feat_gbm,0.25,46,352,0.8910155532048307,1.102263670511441
v10,feat_gbm,0.25,46,353,1.2499659246420403,1.4454852001466738
v10,feat_gbm,0.25,46,354,-3.6043978034595687,-3.6770060333191017
v10,feat_gbm,0.25,46,355,-4.018700456438134,-5.078652858832153
v10,feat_gbm,0.25,46,356,0.42190212005250605,0.7815322159665122
v10,feat_gbm,0.25,46,357,0.6813474589382105,0.6775133790495483
v10,feat_gbm,0.25,46,358,-3.6906572709591603,-3.5163570325540956
v10,feat_gbm,0.25,46,359,-3.0061996234698656,-4.157760523739404
v10,feat_gbm,0.25,46,360,-0.09671706136308017,-0.18386357284099003
v10,feat_gbm,0.25,46,361,-4.496361818670416,-4.477383009144865
v10,feat_gbm,0.25,46,362,0.29962932643822376,0.2909126951240761
v10,feat_gbm,0.25,46,363,-3.5090593450370533,-3.5121531596302606
v10,feat_gbm,0.25,46,364,0.4671442157629102,-0.0019354464452207268
v10,feat_gbm,0.25,46,365,-3.40983890010175,-3.264666087597375
v10,feat_gbm,0.25,46,366,-1.3040492761694578,-1.4961090632143375
v10,feat_gbm,0.25,46,367,0.02941597259305479,-0.10305907560987346
v10,feat_gbm,0.25,46,368,0.2296889110776527,0.24601275195113992
v10,feat_gbm,0.25,46,369,-1.96470313254069,-1.6400355118163064
v10,feat_gbm,0.25,46,370,-1.2675546588683386,-1.5399226532969161
v10,feat_gbm,0.25,46,371,-0.29090664757474977,-0.3336387161155974
v10,feat_gbm,0.25,46,372,0.3850625249765559,0.3185760540422761
v10,feat_gbm,0.25,46,373,-0.3187372395184649,-0.30756424411789
v10,feat_gbm,0.25,46,374,-3.8173354665743875,-3.551435429619069
v10,feat_gbm,0.25,46,375,0.23903954317350468,-0.12846918127015178
v10,feat_gbm,0.25,46,376,0.6037379374718745,0.43413099611324796
v10,feat_gbm,0.25,46,377,0.9158740097308,0.8095384731463161
v10,feat_gbm,0.25,46,378,0.43046671497507416,0.20303525329731625
v10,feat_gbm,0.25,46,379,0.693602812072839,0.524784145223057
v10,feat_gbm,0.25,46,380,0.6780821763408451,0.8722609808312535
v10,feat_gbm,0.25,46,381,0.8957789227496215,1.0190202163897197
v10,feat_gbm,0.25,46,382,0.898541591391332,1.2715191268303472
v10,feat_gbm,0.25,46,383,0.09655965759739077,-0.13923746667536385
v10,feat_gbm,0.25,46,384,-1.5845917779624878,-1.7983983483294153
v10,feat_gbm,0.25,46,385,0.418051033815245,0.5606037150840157
v10,feat_gbm,0.25,46,386,0.7927808257552178,0.6003456151224621
v10,feat_gbm,0.25,46,387,0.9874772843931497,1.3071718981356573
v10,feat_gbm,0.25,46,388,-0.07337374755653521,-0.19457283568776126
v10,feat_gbm,0.25,46,389,-0.9947955353737795,-0.981880356960367
v10,feat_gbm,0.25,46,390,-3.1174154340656806,-2.628024059072158
v10,feat_gbm,0.25,46,391,-2.46320776596119,-2.479262758098376
v10,feat_gbm,0.25,46,392,-2.016394955172202,-2.207941629114672
v10,feat_gbm,0.25,46,393,-3.1183110504494054,-2.806586620215901
v10,feat_gbm,0.25,46,394,-0.09806487925258879,-0.16842623590390868
v10,feat_gbm,0.25,46,395,0.5067580170262567,0.3596423409999632
v10,feat_gbm,0.25,46,396,-2.614468692573079,-3.117667066362407
v10,feat_gbm,0.25,46,397,0.8756642569895946,0.6134086288650079
v10,feat_gbm,0.25,46,398,0.466290433783294,0.5049020087080688
v10,feat_gbm,0.25,46,399,-1.0555372068624496,-1.0548605918119196
v10,feat_gbm,0.25,46,400,-3.0166807863998235,-2.877676775828332
v10,feat_gbm,0.25,46,401,-0.15521449692981718,0.015654415635624343
v10,feat_gbm,0.25,46,402,-0.5831523074071295,-0.7027824676465185
v10,feat_gbm,0.25,46,403,0.24102152007444044,0.6733427913489138
v10,feat_gbm,0.25,46,404,0.048168910741408284,0.03259550049258387
v10,feat_gbm,0.25,46,405,-3.5671729245218153,-3.4179416205706223
v10,feat_gbm,0.25,46,406,-1.5577931594350194,-1.6563158072976616
v10,feat_gbm,0.25,46,407,0.47191952611087834,0.3281041495218151
v10,feat_gbm,0.25,46,408,-1.3576319751942942,-1.498502430121411
v10,feat_gbm,0.25,46,409,-1.1921220101859058,-1.5390850133499359
v10,feat_gbm,0.25,46,410,-2.7958733561193676,-3.8769914364338094
v10,feat_gbm,0.25,46,411,-0.8392060507597046,-1.1093409530974205
v10,feat_gbm,0.25,46,412,-2.728755803265009,-2.1356441225652167
v10,feat_gbm,0.25,46,413,0.6357202477630665,0.5613925387002681
v10,feat_gbm,0.25,46,414,-2.6445977651606576,-2.672303525149137
v10,feat_gbm,0.25,46,415,1.0064465227595527,0.9887747910888531
v10,feat_gbm,0.25,46,416,-1.8910437042447956,-2.064740642123073
v10,feat_gbm,0.25,46,417,-0.4641705173523746,-0.13534283366780814
v10,feat_gbm,0.25,46,418,0.4251617435396969,0.5266566940316069
v10,feat_gbm,0.25,46,419,-1.0481792467489865,-0.7929716308762645
v10,feat_gbm,0.25,46,420,0.3026045740678823,0.22081989653443584
v10,feat_gbm,0.25,46,421,-3.788779221728861,-3.4911396429773087
v10,feat_gbm,0.25,46,422,0.14575802564535784,0.4691563032653497
v10,feat_gbm,0.25,46,423,-0.1544503891155801,-0.21242164749251408
v10,feat_gbm,0.25,46,424,-2.278923550140084,-2.0235730224261497
v10,feat_gbm,0.25,46,425,-0.10840226923356519,0.1881042769243711
v10,feat_gbm,0.25,46,426,-1.191820690454121,-0.7546830882020855
v10,feat_gbm,0.25,46,427,-2.1236532824776844,-2.004418163271322
v10,feat_gbm,0.25,46,428,0.1126420859460759,0.08108350485015015
v10,feat_gbm,0.25,46,429,-1.0509310316282876,-0.8958783842144782
v10,feat_gbm,0.25,46,430,-0.6647493386513066,-0.700178367515834
v10,feat_gbm,0.25,46,431,-2.138696821415817,-2.026447754843476
v10,feat_gbm,0.25,46,432,-3.4385421543853356,-3.3644112924118934
v10,feat_gbm,0.25,46,433,-1.837253642114754,-2.4777804975332844
v10,feat_gbm,0.25,46,434,-3.3743248479828782,-3.6407879329147783
v10,feat_gbm,0.25,46,435,0.6698214489803517,0.8140524350977956
v10,feat_gbm,0.25,46,436,-0.5993721415422167,-0.6342245759550225
v10,feat_gbm,0.25,46,437,-0.897743903290948,-1.0170271575608654
v10,feat_gbm,0.25,46,438,1.0667621974779804,1.2058566336630974
v10,feat_gbm,0.25,46,439,0.851089428317609,1.04159183954478
v10,feat_gbm,0.25,46,440,-0.7988796836844092,-0.383754051292973
v10,feat_gbm,0.25,46,441,0.9147296835193027,0.9717849563735496
v10,feat_gbm,0.25,46,442,0.897757466557846,0.915394257773604
v10,feat_gbm,0.25,46,443,0.2190545325852808,0.17619398118278368
v10,feat_gbm,0.25,46,444,-2.526698532946281,-2.3026142847949007
v10,feat_gbm,0.25,46,445,-1.5459760063545758,-2.156995715227189
v10,feat_gbm,0.25,46,446,-2.0507487696517694,-1.9647154613855007
v10,feat_gbm,0.25,46,447,-0.88858119325797,-1.2167428909736953
v10,feat_gbm,0.25,46,448,-0.07671278053098896,0.371748058948411
v10,feat_gbm,0.25,46,449,-3.8647015997023124,-3.354914600670279
v10,feat_gbm,0.25,46,450,-2.119372302225182,-2.0984010901330774
v10,feat_gbm,0.25,46,451,-2.1261299174890027,-1.8411195968283314
v10,feat_gbm,0.25,46,452,-0.16879382690886235,-0.2866386615093297
v10,feat_gbm,0.25,46,453,-2.0956026254977527,-2.1769502099219324
v10,feat_gbm,0.25,46,454,0.48043308315346583,0.851829112076475
v10,feat_gbm,0.25,46,455,-0.06779926271305754,-0.5174982843777256
v10,feat_gbm,0.25,46,456,-3.5933201765243297,-3.7883351795095335
v10,feat_gbm,0.25,46,457,-1.4157944978467791,-1.3225504843777425
v10,feat_gbm,0.25,46,458,-0.5297722199262419,-0.6304710111145473
v10,feat_gbm,0.25,46,459,-2.842422445633694,-2.867776928577639
v10,feat_gbm,0.25,46,460,-0.07444066465272424,-0.20106453453544149
v10,feat_gbm,0.25,46,461,0.3526805197116557,0.565413433251147
v10,feat_gbm,0.25,46,462,0.4571668385892856,0.6531860801292728
v10,feat_gbm,0.25,46,463,-3.2927959462533747,-3.295531334571209
v10,feat_gbm,0.25,46,464,-0.8484448832796841,-1.118951529136503
v10,feat_gbm,0.25,46,465,0.10643622306821444,0.08535922256033004
v10,feat_gbm,0.25,46,466,0.030514882681603232,0.2656879386171551
v10,feat_gbm,0.25,46,467,-0.8937083646850497,-1.0764680911985907
v10,feat_gbm,0.25,46,468,2.3791889392729217,2.2503813782282114
v10,feat_gbm,0.25,46,469,0.12804918207418878,-0.029700274932011248
v10,feat_gbm,0.25,46,470,-2.716351923124022,-2.1918010579584375
v10,feat_gbm,0.25,46,471,-0.18687937377891223,-0.12537364897776127
v10,feat_gbm,0.25,46,472,-1.5181868071603402,-1.3714574409892777
v10,feat_gbm,0.25,46,473,-2.0786786158994257,-1.0216450817816245
v10,feat_gbm,0.25,46,474,-0.5854921064422995,-0.8313233833759152
v10,feat_gbm,0.25,46,475,-3.0992341013043943,-3.25243582884057
v10,feat_gbm,0.25,46,476,0.7801110888450663,0.8737365575305754
v10,feat_gbm,0.25,46,477,-2.0927991665901193,-1.8373017486027088
v10,feat_gbm,0.25,46,478,-1.6235703522953175,-1.909749317133085
v10,feat_gbm,0.25,46,479,0.4434833374163982,0.418341725137149
v10,feat_gbm,0.25,46,480,-2.971511902654398,-2.8689304810445995
v10,feat_gbm,0.25,46,481,-4.5005590426419655,-3.9192950012633494
v10,feat_gbm,0.25,46,482,0.9214997700250166,0.8191907452202399
v10,feat_gbm,0.25,46,483,-2.9335096671949374,-2.7371748494528005
v10,feat_gbm,0.25,46,484,-0.12230481984439845,0.043868991079412875
v10,feat_gbm,0.25,46,485,-3.270492542039515,-3.9571024828402512
v10,feat_gbm,0.25,46,486,-0.7446154004054606,-0.8286091055291892
v10,feat_gbm,0.25,46,487,1.3701066423200152,1.1086460137612473
v10,feat_gbm,0.25,46,488,-1.080683646097061,-1.0899995989348372
v10,feat_gbm,0.25,46,489,-2.6075510653725895,-2.9260181182274523
v10,feat_gbm,0.25,46,490,-0.014410402134309821,0.01778898425240747
v10,feat_gbm,0.25,46,491,-0.5506046015526219,-0.388546054063584
v10,feat_gbm,0.25,46,492,-0.5680268771556963,-0.8483910406321095
v10,feat_gbm,0.25,46,493,-2.8463898014717133,-2.4855190663855797
v10,feat_gbm,0.25,46,494,-0.3924820028736175,-0.6027729178489412
v10,feat_gbm,0.25,46,495,-1.4288248850559029,-1.5285925057254015
v10,feat_gbm,0.25,46,496,0.8002841668774396,1.0092174422839322
v10,feat_gbm,0.25,46,497,-2.3681718013576263,-2.421052301727873
v10,feat_gbm,0.25,46,498,-3.152973575470241,-3.2283141264699093
v10,feat_gbm,0.25,46,499,-4.392551202226384,-4.907212199848568
v10,feat_gbm,0.5,42,0,-0.04114208221479854,0.03894909458183669
v10,feat_gbm,0.5,42,1,-2.357260886861742,-2.5052564746229193
v10,feat_gbm,0.5,42,2,0.6024685026816196,0.6287827851917782
v10,feat_gbm,0.5,42,3,-3.17141443113271,-3.3447289283878643
v10,feat_gbm,0.5,42,4,0.9154521699524983,0.9694015026406426
v10,feat_gbm,0.5,42,5,-2.3557884004234206,-2.4693709778233526
v10,feat_gbm,0.5,42,6,-0.05450882306298541,-0.2819211013310965
v10,feat_gbm,0.5,42,7,0.6420551392610635,0.5289578846490461
v10,feat_gbm,0.5,42,8,0.4904740434692296,0.032863622186365654
v10,feat_gbm,0.5,42,9,1.0260362653864763,0.9352707853930591
v10,feat_gbm,0.5,42,10,-1.6567452884876537,-1.5987558134683666
v10,feat_gbm,0.5,42,11,-3.0716312929120457,-3.2678706438993954
v10,feat_gbm,0.5,42,12,-2.038871746425101,-2.445380546146449
v10,feat_gbm,0.5,42,13,-0.14612840746304492,-0.4471217519653716
v10,feat_gbm,0.5,42,14,-1.937069231267879,-1.8343062920535937
v10,feat_gbm,0.5,42,15,-2.4746446408791374,-2.278287047942225
v10,feat_gbm,0.5,42,16,-0.7841123665414367,-1.113015507562239
v10,feat_gbm,0.5,42,17,-0.780771810843276,-1.149386040828735
v10,feat_gbm,0.5,42,18,-0.4405310977877398,-0.4541092694382234
v10,feat_gbm,0.5,42,19,-3.051831230771471,-2.8798658660471284
v10,feat_gbm,0.5,42,20,-3.379130137538833,-3.281006200299989
v10,feat_gbm,0.5,42,21,-0.7232158579826784,-0.7889402030111288
v10,feat_gbm,0.5,42,22,-0.9672972542371827,-0.48114593055133975
v10,feat_gbm,0.5,42,23,-2.5612427210878814,-2.8038114998165153
v10,feat_gbm,0.5,42,24,-2.955648935159067,-2.6726430450531393
v10,feat_gbm,0.5,42,25,-3.379678012074076,-3.141178249464176
v10,feat_gbm,0.5,42,26,-3.4745522881038142,-3.8612362310489847
v10,feat_gbm,0.5,42,27,-2.7781330336815686,-3.085821277369337
v10,feat_gbm,0.5,42,28,-2.3192619835272312,-2.1153791712035637
v10,feat_gbm,0.5,42,29,-0.6718736573956766,-0.5854112868629942
v10,feat_gbm,0.5,42,30,0.1761709247529501,0.13849791927417068
v10,feat_gbm,0.5,42,31,-2.924413667494372,-2.779654184179668
v10,feat_gbm,0.5,42,32,1.0125449228173276,0.9166392391011026
v10,feat_gbm,0.5,42,33,-1.7480808737485272,-2.134444297962007
v10,feat_gbm,0.5,42,34,0.7772540116818789,1.1224191581864646
v10,feat_gbm,0.5,42,35,-2.7868393547237718,-2.7514680837461087
v10,feat_gbm,0.5,42,36,0.6429627478111535,0.7493710802437775
v10,feat_gbm,0.5,42,37,-2.285397818747831,-2.157600461660938
v10,feat_gbm,0.5,42,38,-1.8743019830411,-1.7436371170468024
v10,feat_gbm,0.5,42,39,0.6692414377456576,0.632388610685479
v10,feat_gbm,0.5,42,40,-1.1345710521967807,-1.5024753827969588
v10,feat_gbm,0.5,42,41,-3.181053005594595,-2.936018587066778
v10,feat_gbm,0.5,42,42,-0.2546153185729682,-0.06406961406287034
v10,feat_gbm,0.5,42,43,-0.45938613899304825,-0.43711075337934485
v10,feat_gbm,0.5,42,44,0.41203232562130643,0.521724778538647
v10,feat_gbm,0.5,42,45,0.587859674118764,-0.02881562555915001
v10,feat_gbm,0.5,42,46,-3.047492430774697,-2.6856700943784895
v10,feat_gbm,0.5,42,47,-3.6011859034409586,-3.3419513202228783
v10,feat_gbm,0.5,42,48,-0.17640777677140052,-0.35240032436669677
v10,feat_gbm,0.5,42,49,-3.6934755118748486,-4.466027560457086
v10,feat_gbm,0.5,42,50,-0.77033002689635,-1.2227887404747313
v10,feat_gbm,0.5,42,51,-3.5690267445375863,-4.168130875201601
v10,feat_gbm,0.5,42,52,-2.5524815004169783,-2.1825653069440887
v10,feat_gbm,0.5,42,53,-2.4520983422481573,-2.816977102698189
v10,feat_gbm,0.5,42,54,-0.9538696294558358,-0.9520374156321785
v10,feat_gbm,0.5,42,55,0.4275911464868148,0.800460094219776
v10,feat_gbm,0.5,42,56,0.4370379062719251,0.2782562560211116
v10,feat_gbm,0.5,42,57,-0.015115293700562537,-0.7855200046266205
v10,feat_gbm,0.5,42,58,-2.9251070992538133,-2.837973637743256
v10,feat_gbm,0.5,42,59,0.2529205107710366,0.3653424354755994
v10,feat_gbm,0.5,42,60,-3.0901621889009463,-3.145987746693799
v10,feat_gbm,0.5,42,61,-2.2543166549457223,-2.1381844357326614
v10,feat_gbm,0.5,42,62,0.5821829044359446,0.3908315550690521
v10,feat_gbm,0.5,42,63,-3.323861260473924,-3.259739876316779
v10,feat_gbm,0.5,42,64,-3.918463191945307,-3.799325775609258
v10,feat_gbm,0.5,42,65,0.03421400298358443,0.2842997557356093
v10,feat_gbm,0.5,42,66,0.7404504046142948,0.9099380077885143
v10,feat_gbm,0.5,42,67,0.399161939381022,0.5741223235018287
v10,feat_gbm,0.5,42,68,1.1383073270393786,1.3807263582335993
v10,feat_gbm,0.5,42,69,0.9889777373303473,2.7357387204405055
v10,feat_gbm,0.5,42,70,-0.16812926051761212,-0.3782017485149665
v10,feat_gbm,0.5,42,71,-0.7482784606607765,-0.6946521973220513
v10,feat_gbm,0.5,42,72,-3.473467502949786,-3.510295151868067
v10,feat_gbm,0.5,42,73,-0.16305382123755993,-0.3643686170400702
v10,feat_gbm,0.5,42,74,1.1162876455545965,1.1835884152793859
v10,feat_gbm,0.5,42,75,0.00226753739216776,-0.38644824542838596
v10,feat_gbm,0.5,42,76,0.28062056050471074,0.7005004452467647
v10,feat_gbm,0.5,42,77,0.33459682503100463,0.3770911051312199
v10,feat_gbm,0.5,42,78,-0.7135430600948058,-0.5374783823521183
v10,feat_gbm,0.5,42,79,-2.86705270238215,-3.2499450611549854
v10,feat_gbm,0.5,42,80,-1.7127775551747755,-1.719925172279684
v10,feat_gbm,0.5,42,81,1.147604900981266,1.8185710395242058
v10,feat_gbm,0.5,42,82,-1.2291498660677047,-1.0758778979961314
v10,feat_gbm,0.5,42,83,-0.4734259622978127,-0.8033140510569362
v10,feat_gbm,0.5,42,84,-2.2069571995484982,-2.0837035815006346
v10,feat_gbm,0.5,42,85,-0.9229365479478463,-1.2430797823904942
v10,feat_gbm,0.5,42,86,0.8056418070523315,0.639317965424242
v10,feat_gbm,0.5,42,87,-0.15896409705877612,-0.02321591952008587
v10,feat_gbm,0.5,42,88,-3.329951585554199,-3.512086916650174
v10,feat_gbm,0.5,42,89,-1.5925644629129274,-1.684363733317816
v10,feat_gbm,0.5,42,90,-3.83691031814323,-3.5341996208099964
v10,feat_gbm,0.5,42,91,0.7803998234968325,1.1574629997660548
v10,feat_gbm,0.5,42,92,-1.035240546193249,-0.7651863719989663
v10,feat_gbm,0.5,42,93,-4.091972996333974,-5.7708125015304885
v10,feat_gbm,0.5,42,94,0.00701301675315833,0.07374698385127064
v10,feat_gbm,0.5,42,95,0.637454213700966,1.201566413592891
v10,feat_gbm,0.5,42,96,1.383319918553871,1.2655480006709303
v10,feat_gbm,0.5,42,97,-3.543996812229951,-3.2217777708537843
v10,feat_gbm,0.5,42,98,-1.452233240023135,-1.2120387208328698
v10,feat_gbm,0.5,42,99,-0.3201646041997041,-0.04015373686183237
v10,feat_gbm,0.5,42,100,-2.538903825717459,-2.8384481914339785
v10,feat_gbm,0.5,42,101,-3.184060971942139,-3.541068619782685
v10,feat_gbm,0.5,42,102,-3.9934358012144275,-4.424727465058162
v10,feat_gbm,0.5,42,103,-0.7071240848279499,-0.7652009130347144
v10,feat_gbm,0.5,42,104,-0.7541340893985811,-0.406664655497914
v10,feat_gbm,0.5,42,105,-2.7657264009278224,-2.8019031633754246
v10,feat_gbm,0.5,42,106,-1.2130107934705996,-1.1978192780958505
v10,feat_gbm,0.5,42,107,-1.1738922614071776,-1.2497822804421463
v10,feat_gbm,0.5,42,108,0.01834253588935513,-0.2003702404752673
v10,feat_gbm,0.5,42,109,-0.22437976944984592,-0.28745536208379296
v10,feat_gbm,0.5,42,110,0.44622111879354226,0.2838469771831524
v10,feat_gbm,0.5,42,111,0.35242718521105953,0.6579850926301614
v10,feat_gbm,0.5,42,112,-0.1411523108355477,-0.4279263804064609
v10,feat_gbm,0.5,42,113,0.698468700729598,0.527327823801956
v10,feat_gbm,0.5,42,114,-3.6608333250558456,-3.652947895428966
v10,feat_gbm,0.5,42,115,-1.0052572180599066,-0.04287987221360797
v10,feat_gbm,0.5,42,116,-3.8186517933508948,-3.4409421360670214
v10,feat_gbm,0.5,42,117,-2.535598064402941,-2.4284095097884006
v10,feat_gbm,0.5,42,118,-1.6144830051870778,-1.419217075367618
v10,feat_gbm,0.5,42,119,-2.3283716407065542,-1.4944271796191557
v10,feat_gbm,0.5,42,120,-2.8427383215189677,-2.797137626437216
v10,feat_gbm,0.5,42,121,1.2174039617738275,3.1321125804877905
v10,feat_gbm,0.5,42,122,-2.581632510675241,-3.164895556438051
v10,feat_gbm,0.5,42,123,0.1771363123194963,-0.021234684620174846
v10,feat_gbm,0.5,42,124,-1.6851163150214972,-1.246001114532972
v10,feat_gbm,0.5,42,125,-2.598266045976542,-2.7130193085566443
v10,feat_gbm,0.5,42,126,-2.0702330808318874,-2.0560780011130944
v10,feat_gbm,0.5,42,127,-1.6572857209078788,-1.631222331554067
v10,feat_gbm,0.5,42,128,-2.850784550182575,-3.477307725783656
v10,feat_gbm,0.5,42,129,1.1518493377088586,1.7007542891568868
v10,feat_gbm,0.5,42,130,-3.9658819558817484,-3.4021624962570822
v10,feat_gbm,0.5,42,131,-3.4570076282369313,-3.701149444421242
v10,feat_gbm,0.5,42,132,-0.05721803696429071,-0.4116741376471012
v10,feat_gbm,0.5,42,133,-0.5684494300128871,-0.5680375850475197
v10,feat_gbm,0.5,42,134,-1.3254980808718568,-1.4788189923590598
v10,feat_gbm,0.5,42,135,-2.541339337955574,-2.9896549957503007
v10,feat_gbm,0.5,42,136,0.2509261252339257,0.11194117436713467
v10,feat_gbm,0.5,42,137,1.1138828422856595,1.7147062893715772
v10,feat_gbm,0.5,42,138,-1.861437110429832,-1.9709125209383296
v10,feat_gbm,0.5,42,139,0.004467220225083967,0.19937477723826902
v10,feat_gbm,0.5,42,140,-2.9276916963869923,-2.8223726616431475
v10,feat_gbm,0.5,42,141,-0.16088827803725303,-0.12380828599000025
v10,feat_gbm,0.5,42,142,-3.130836333190968,-2.97521232911642
v10,feat_gbm,0.5,42,143,-2.0181010112141773,-1.9484557479617686
v10,feat_gbm,0.5,42,144,1.1793103598208299,1.244093655886106
v10,feat_gbm,0.5,42,145,-2.348200205261417,-2.0280859266176816
v10,feat_gbm,0.5,42,146,-1.8723148260436182,-2.0754073031653366
v10,feat_gbm,0.5,42,147,0.14129876815322143,-0.11331641159387335
v10,feat_gbm,0.5,42,148,-2.2530735922448986,-2.620298039600635
v10,feat_gbm,0.5,42,149,-3.124266156984226,-3.8395532227602396
v10,feat_gbm,0.5,42,150,-2.051663315595515,-2.149698272240366
v10,feat_gbm,0.5,42,151,-3.2199855331438405,-3.1594376779318036
v10,feat_gbm,0.5,42,152,-2.382177629847504,-2.7712141114581046
v10,feat_gbm,0.5,42,153,-1.2072988230564707,-1.1483368403810985
v10,feat_gbm,0.5,42,154,-1.306314974744529,-1.4700676700115773
v10,feat_gbm,0.5,42,155,1.007596670434487,1.4088416749712322
v10,feat_gbm,0.5,42,156,0.5366169560273081,0.7564704220494097
v10,feat_gbm,0.5,42,157,-2.196786044460116,-1.7148995557963913
v10,feat_gbm,0.5,42,158,-2.443109026963767,-2.8595355115547196
v10,feat_gbm,0.5,42,159,-1.3160278127452734,-0.9922400520728849
v10,feat_gbm,0.5,42,160,0.9646092308873622,1.8585227307534937
v10,feat_gbm,0.5,42,161,-2.462007799699122,-2.477654537850602
v10,feat_gbm,0.5,42,162,-3.0219925904219243,-2.993764039868935
v10,feat_gbm,0.5,42,163,-1.1096489189330612,-1.1722671160336509
v10,feat_gbm,0.5,42,164,-1.9170321595290225,-1.6577576086204497
v10,feat_gbm,0.5,42,165,-2.9356877656673297,-2.9770186999323642
v10,feat_gbm,0.5,42,166,-3.4958805077983452,-3.2329952824425443
v10,feat_gbm,0.5,42,167,0.09042177487523032,0.19550508612775644
v10,feat_gbm,0.5,42,168,-1.018474831630126,-1.2639642813248737
v10,feat_gbm,0.5,42,169,1.4071104856079273,1.4224064134580066
v10,feat_gbm,0.5,42,170,-2.296321090413356,-1.5303724784706008
v10,feat_gbm,0.5,42,171,0.8351281941777323,0.6086346650572224
v10,feat_gbm,0.5,42,172,0.05653503849369193,-0.052232489626048526
v10,feat_gbm,0.5,42,173,-0.13416681418696572,-0.19074605880313256
v10,feat_gbm,0.5,42,174,-2.5681025361033822,-2.7678232596734214
v10,feat_gbm,0.5,42,175,-1.9178578101073536,-1.6557092188829319
v10,feat_gbm,0.5,42,176,0.16274562149317523,0.12081831439914445
v10,feat_gbm,0.5,42,177,0.6817943503568336,3.7031714993021168
v10,feat_gbm,0.5,42,178,-0.34354462920861967,-0.17761292562564054
v10,feat_gbm,0.5,42,179,-0.14545139389762085,0.2295122735959306
v10,feat_gbm,0.5,42,180,-1.5549236063897476,-1.6401012725318311
v10,feat_gbm,0.5,42,181,-2.2572349040233037,-3.399461101549646
v10,feat_gbm,0.5,42,182,0.6359540048337666,0.5421608664871393
v10,feat_gbm,0.5,42,183,-3.9063872112063343,-3.7858185839721776
v10,feat_gbm,0.5,42,184,0.44331443897827605,0.4440956773301304
v10,feat_gbm,0.5,42,185,0.3683457647383176,0.5450962365111649
v10,feat_gbm,0.5,42,186,-3.2620978381984327,-3.094441269353033
v10,feat_gbm,0.5,42,187,1.1657993266853952,1.436275522654785
v10,feat_gbm,0.5,42,188,-0.058599633764177886,-0.003208414280501246
v10,feat_gbm,0.5,42,189,-1.8515644379704412,-2.0766448721687736
v10,feat_gbm,0.5,42,190,-3.080738638276552,-2.887011097372245
v10,feat_gbm,0.5,42,191,0.0065777446500794095,-0.19564387773269687
v10,feat_gbm,0.5,42,192,-3.628732578496236,-3.39219136175158
v10,feat_gbm,0.5,42,193,-4.375154307102557,-4.804455114758695
v10,feat_gbm,0.5,42,194,0.069084258507575,-0.23230879418151415
v10,feat_gbm,0.5,42,195,1.140609506490609,0.7768952289284052
v10,feat_gbm,0.5,42,196,-3.633190656942858,-3.0758975731441707
v10,feat_gbm,0.5,42,197,1.8734348419472662,1.8852948766094535
v10,feat_gbm,0.5,42,198,0.10948793112217826,-0.07474663349946693
v10,feat_gbm,0.5,42,199,1.3871062102995804,0.9295509098669842
v10,feat_gbm,0.5,42,200,0.2908528301928089,0.40408761039079466
v10,feat_gbm,0.5,42,201,-1.3148607926470524,-1.0185563947000995
v10,feat_gbm,0.5,42,202,-1.4617291284405995,-1.5812541435625456
v10,feat_gbm,0.5,42,203,-2.296982674956847,-2.9269603411540346
v10,feat_gbm,0.5,42,204,0.09595852477600568,-0.9368237022381455
v10,feat_gbm,0.5,42,205,-0.8444189471105108,-0.771906247259438
v10,feat_gbm,0.5,42,206,-1.8443046771065812,-1.4457766532498904
v10,feat_gbm,0.5,42,207,-2.6012222524085917,-2.4752738768021185
v10,feat_gbm,0.5,42,208,-2.696966343168145,-2.8789590131308262
v10,feat_gbm,0.5,42,209,-2.47507304119902,-2.6986856152036793
v10,feat_gbm,0.5,42,210,0.11545714223381678,0.05837096406180189
v10,feat_gbm,0.5,42,211,-2.9767877308038475,-2.2327070274631113
v10,feat_gbm,0.5,42,212,-0.01172908742849017,0.15758807445032513
v10,feat_gbm,0.5,42,213,0.8453959051536641,0.5234750924970406
v10,feat_gbm,0.5,42,214,1.0050885598396821,0.8312555987922697
v10,feat_gbm,0.5,42,215,-0.6461512735151632,-0.7699972654610447
v10,feat_gbm,0.5,42,216,-2.482076987629518,-2.4368834827463726
v10,feat_gbm,0.5,42,217,-3.5326359037063235,-3.7421886443248944
v10,feat_gbm,0.5,42,218,-4.331545019003383,-4.3753265313120195
v10,feat_gbm,0.5,42,219,0.07614361258112519,0.13181597567614448
v10,feat_gbm,0.5,42,220,-2.5956767824647273,-2.150299196146146
v10,feat_gbm,0.5,42,221,0.46926552048586007,0.4316281043505307
v10,feat_gbm,0.5,42,222,0.6749510259275389,0.20581216265343685
v10,feat_gbm,0.5,42,223,-1.994111874262694,-1.7226779576420432
v10,feat_gbm,0.5,42,224,0.9958933200313428,1.0701061526100661
v10,feat_gbm,0.5,42,225,-2.1376970238142525,-2.995983076644188
v10,feat_gbm,0.5,42,226,-0.39055650791655466,-0.39103048890459524
v10,feat_gbm,0.5,42,227,-2.4104892737328125,-2.811377433191803
v10,feat_gbm,0.5,42,228,-0.011204732409253676,0.1103569248772952
v10,feat_gbm,0.5,42,229,1.0065643482594424,1.0926797996732165
v10,feat_gbm,0.5,42,230,-1.320263731121201,-1.1465469989616057
v10,feat_gbm,0.5,42,231,-3.530319358367433,-3.7045714701961474
v10,feat_gbm,0.5,42,232,-0.21633060732650128,-0.3205795311611984
v10,feat_gbm,0.5,42,233,-0.05967469486798555,-0.7282288274356463
v10,feat_gbm,0.5,42,234,-0.5629807099702654,-0.6143938277881194
v10,feat_gbm,0.5,42,235,-3.100282723833883,-3.717493513170671
v10,feat_gbm,0.5,42,236,-2.0711223013722693,-1.894186438607053
v10,feat_gbm,0.5,42,237,0.11589897284689808,0.19101892391720615
v10,feat_gbm,0.5,42,238,-2.515667836392103,-2.723653519266766
v10,feat_gbm,0.5,42,239,0.029256032642898225,0.28172679866345784
v10,feat_gbm,0.5,42,240,-0.9320211740382888,-0.570916259780521
v10,feat_gbm,0.5,42,241,-2.45531712414685,-3.037607674189957
v10,feat_gbm,0.5,42,242,-2.6411035533747595,-2.4824067099880884
v10,feat_gbm,0.5,42,243,1.0267340186564136,1.793244191067856
v10,feat_gbm,0.5,42,244,-1.951663198387405,-2.170563194223024
v10,feat_gbm,0.5,42,245,-2.7663911708111897,-2.5580286375581696
v10,feat_gbm,0.5,42,246,-3.220079834251042,-3.9013363177662743
v10,feat_gbm,0.5,42,247,-1.2884321435093187,-1.2689211715035387
v10,feat_gbm,0.5,42,248,-2.753008640631228,-2.89795980370705
v10,feat_gbm,0.5,42,249,-1.0363101257186815,-1.149470325468549
v10,feat_gbm,0.5,42,250,-2.561185887600469,-2.1803876537888693
v10,feat_gbm,0.5,42,251,-1.0484823755330877,-1.2010659028736028
v10,feat_gbm,0.5,42,252,-2.6545809317504023,-2.675840590612525
v10,feat_gbm,0.5,42,253,-0.9649557151697673,-0.865421424414132
v10,feat_gbm,0.5,42,254,-0.3720746981160388,-0.45089388998719687
v10,feat_gbm,0.5,42,255,-1.5550637165524759,-1.477655138121315
v10,feat_gbm,0.5,42,256,-2.003147017507212,-1.9234128661936198
v10,feat_gbm,0.5,42,257,-0.7315109898848029,-0.8895479413744646
v10,feat_gbm,0.5,42,258,-1.4062316950012712,-1.284701881398344
v10,feat_gbm,0.5,42,259,-0.09915879987967315,0.03791276039075724
v10,feat_gbm,0.5,42,260,-0.948346195773559,-1.213907680807544
v10,feat_gbm,0.5,42,261,-0.3594729112555429,-0.6937064881158975
v10,feat_gbm,0.5,42,262,-1.8820873307901704,-2.500344974429108
v10,feat_gbm,0.5,42,263,-3.070790885841164,-3.0782877743164985
v10,feat_gbm,0.5,42,264,-2.7635408910422856,-3.2702790535172426
v10,feat_gbm,0.5,42,265,-0.5586315178771389,-0.15746453031192983
v10,feat_gbm,0.5,42,266,-1.3870895624262614,-1.3930653126164372
v10,feat_gbm,0.5,42,267,-4.188771209479408,-3.460520174484755
v10,feat_gbm,0.5,42,268,-1.8454524799162102,-1.8115923421665279
v10,feat_gbm,0.5,42,269,0.07287008323890946,-0.04785951915829837
v10,feat_gbm,0.5,42,270,-1.424482835326955,-1.3387838926701625
v10,feat_gbm,0.5,42,271,0.7968926581709456,0.6172482925771328
v10,feat_gbm,0.5,42,272,0.2834446168226871,0.10718580269537517
v10,feat_gbm,0.5,42,273,-2.854672646173753,-2.4250613993713395
v10,feat_gbm,0.5,42,274,-0.21823941763913626,-0.4656136934058211
v10,feat_gbm,0.5,42,275,-1.792177494142881,-1.7679071058666047
v10,feat_gbm,0.5,42,276,-0.23017730231839656,-0.15192249005847586
v10,feat_gbm,0.5,42,277,-0.3033778498746919,-0.22686658439221394
v10,feat_gbm,0.5,42,278,-0.3429151202426247,-0.3963273628232521
v10,feat_gbm,0.5,42,279,-2.3899837555558476,-2.1916982233579314
v10,feat_gbm,0.5,42,280,0.4985818264533911,0.5138857123822332
v10,feat_gbm,0.5,42,281,0.2515498443849004,0.13501120436460418
v10,feat_gbm,0.5,42,282,0.04019062079486003,-0.35232291748203215
v10,feat_gbm,0.5,42,283,0.5213840400479921,0.33710059568630363
v10,feat_gbm,0.5,42,284,2.263078771149502,2.2269494594330284
v10,feat_gbm,0.5,42,285,-0.42337431339728965,-0.8523290277873723
v10,feat_gbm,0.5,42,286,0.47669352638386486,0.5032694866056324
v10,feat_gbm,0.5,42,287,-3.7365549119955905,-3.0734310124071125
v10,feat_gbm,0.5,42,288,-3.171344259194515,-3.0969464995649485
v10,feat_gbm,0.5,42,289,0.7150319127675643,0.8088909840914691
v10,feat_gbm,0.5,42,290,-1.6515050633596131,-1.710735902712342
v10,feat_gbm,0.5,42,291,-0.4014848970434366,-0.24588513525180683
v10,feat_gbm,0.5,42,292,-3.135772852045253,-2.9910915714149957
v10,feat_gbm,0.5,42,293,0.027197939028250167,0.24397961438558982
v10,feat_gbm,0.5,42,294,0.9159838120830048,0.9827222917401395
v10,feat_gbm,0.5,42,295,0.8997279517627303,1.5399914318848642
v10,feat_gbm,0.5,42,296,-2.7441743986347777,-3.028104854063688
v10,feat_gbm,0.5,42,297,-1.8728830735651125,-1.9675880903276046
v10,feat_gbm,0.5,42,298,0.5379596841866743,0.3882116190950413
v10,feat_gbm,0.5,42,299,-0.4120128649023525,-0.4169590587595381
v10,feat_gbm,0.5,42,300,-0.4901416531190167,-0.47104701624968015
v10,feat_gbm,0.5,42,301,-0.6276551860699681,-0.5788171023402015
v10,feat_gbm,0.5,42,302,-3.786070013937909,-3.325334912618423
v10,feat_gbm,0.5,42,303,0.23222766395577565,0.27214776974989446
v10,feat_gbm,0.5,42,304,0.25471298544713744,0.2838761456734127
v10,feat_gbm,0.5,42,305,0.9144474911473865,0.98356576927226
v10,feat_gbm,0.5,42,306,-1.8509993289110171,-2.324804251846344
v10,feat_gbm,0.5,42,307,-0.36715914261705535,-0.30060412365222405
v10,feat_gbm,0.5,42,308,-3.9524542647726566,-3.5706943269006843
v10,feat_gbm,0.5,42,309,0.5164397546970354,0.7657986236992217
v10,feat_gbm,0.5,42,310,-0.20406835328818432,-0.3760212383278314
v10,feat_gbm,0.5,42,311,0.7796793054381387,0.903367601886353
v10,feat_gbm,0.5,42,312,0.5413973312587752,0.2834145554969618
v10,feat_gbm,0.5,42,313,-0.3949649412481973,-0.8750381269167363
v10,feat_gbm,0.5,42,314,-1.467599334208063,-0.8911054934067958
v10,feat_gbm,0.5,42,315,0.5251633154071086,0.2699623908229132
v10,feat_gbm,0.5,42,316,-3.558541179430494,-4.034449774534175
v10,feat_gbm,0.5,42,317,0.30871917539612337,0.7302045063515665
v10,feat_gbm,0.5,42,318,-2.232399617902607,-2.5264159394565007
v10,feat_gbm,0.5,42,319,-3.1890665730309493,-3.1280680478747835
v10,feat_gbm,0.5,42,320,0.17252049621692991,-0.623194388118803
v10,feat_gbm,0.5,42,321,-3.867815564340621,-4.172922463867305
v10,feat_gbm,0.5,42,322,1.0262982531215281,1.0714029341973417
v10,feat_gbm,0.5,42,323,-2.406948893132426,-2.5538050374755565
v10,feat_gbm,0.5,42,324,-1.4384612031318302,-1.5310020975326282
v10,feat_gbm,0.5,42,325,-0.5905721076649402,-0.735749980772127
v10,feat_gbm,0.5,42,326,-0.6417240217120022,-0.5010306012352705
v10,feat_gbm,0.5,42,327,-3.8386255612193336,-4.393123087746285
v10,feat_gbm,0.5,42,328,0.4623864225159742,0.6439364857563509
v10,feat_gbm,0.5,42,329,-3.010130388040478,-2.60760252445046
v10,feat_gbm,0.5,42,330,0.6576755226065997,0.46983427811083467
v10,feat_gbm,0.5,42,331,-1.0386584421384168,-1.149354435920189
v10,feat_gbm,0.5,42,332,-2.183069490573235,-1.0961264399974935
v10,feat_gbm,0.5,42,333,0.9581292213580941,1.4253561556633074
v10,feat_gbm,0.5,42,334,1.0408403358477065,1.0406546288822482
v10,feat_gbm,0.5,42,335,-0.33258226964347065,-0.1286217558512718
v10,feat_gbm,0.5,42,336,-1.6504555122370141,-1.7275974260064488
v10,feat_gbm,0.5,42,337,-3.3510770409778625,-4.535227665039715
v10,feat_gbm,0.5,42,338,-0.4566909778652951,-1.078833843619319
v10,feat_gbm,0.5,42,339,-1.848509357948172,-2.035297396751524
v10,feat_gbm,0.5,42,340,0.031564494714499486,0.4788286932125707
v10,feat_gbm,0.5,42,341,-0.39958560441082924,-0.4595082096564039
v10,feat_gbm,0.5,42,342,-3.8469063517193143,-3.653430804591794
v10,feat_gbm,0.5,42,343,0.5200702544253671,0.2834522663037432
v10,feat_gbm,0.5,42,344,0.13136959844483614,-0.15984972455285287
v10,feat_gbm,0.5,42,345,-2.1582871256361202,-3.8822970119574354
v10,feat_gbm,0.5,42,346,-2.80833501206225,-2.5801989990218064
v10,feat_gbm,0.5,42,347,-3.4502462757747328,-3.2622630695286134
v10,feat_gbm,0.5,42,348,-0.6206206015510214,-0.4894561152880944
v10,feat_gbm,0.5,42,349,-3.72819623714658,-3.0223552414624764
v10,feat_gbm,0.5,42,350,0.721086967676842,0.4215072765335228
v10,feat_gbm,0.5,42,351,-1.9354523710946367,-1.8152752103400673
v10,feat_gbm,0.5,42,352,0.5750975838549527,1.102263670511441
v10,feat_gbm,0.5,42,353,1.0547901776052138,1.4454852001466738
v10,feat_gbm,0.5,42,354,-3.4385512107653096,-3.6770060333191017
v10,feat_gbm,0.5,42,355,-3.612888611203069,-5.078652858832153
v10,feat_gbm,0.5,42,356,0.4847762846745723,0.7815322159665122
v10,feat_gbm,0.5,42,357,0.5699673575538762,0.6775133790495483
v10,feat_gbm,0.5,42,358,-3.6524304285610767,-3.5163570325540956
v10,feat_gbm,0.5,42,359,-3.0896945238584133,-4.157760523739404
v10,feat_gbm,0.5,42,360,-0.18019526603944686,-0.18386357284099003
v10,feat_gbm,0.5,42,361,-4.100321739644883,-4.477383009144865
v10,feat_gbm,0.5,42,362,0.10315788916466086,0.2909126951240761
v10,feat_gbm,0.5,42,363,-3.4181936568582474,-3.5121531596302606
v10,feat_gbm,0.5,42,364,0.2204077697006596,-0.0019354464452207268
v10,feat_gbm,0.5,42,365,-3.419546873414074,-3.264666087597375
v10,feat_gbm,0.5,42,366,-1.1864527146026929,-1.4961090632143375
v10,feat_gbm,0.5,42,367,-0.09706954846753345,-0.10305907560987346
v10,feat_gbm,0.5,42,368,0.10472957519293696,0.24601275195113992
v10,feat_gbm,0.5,42,369,-1.851617276855027,-1.6400355118163064
v10,feat_gbm,0.5,42,370,-1.2016100591586776,-1.5399226532969161
v10,feat_gbm,0.5,42,371,-0.08381593206743385,-0.3336387161155974
v10,feat_gbm,0.5,42,372,0.36983838539370245,0.3185760540422761
v10,feat_gbm,0.5,42,373,-0.3642449375970608,-0.30756424411789
v10,feat_gbm,0.5,42,374,-3.7442217625001937,-3.551435429619069
v10,feat_gbm,0.5,42,375,0.037516209556818086,-0.12846918127015178
v10,feat_gbm,0.5,42,376,0.5148383435763016,0.43413099611324796
v10,feat_gbm,0.5,42,377,0.7709387322355835,0.8095384731463161
v10,feat_gbm,0.5,42,378,0.32073361787768323,0.20303525329731625
v10,feat_gbm,0.5,42,379,0.6987782729037822,0.524784145223057
v10,feat_gbm,0.5,42,380,0.29556532841255145,0.8722609808312535
v10,feat_gbm,0.5,42,381,0.9491080605520599,1.0190202163897197
v10,feat_gbm,0.5,42,382,0.6372058519993766,1.2715191268303472
v10,feat_gbm,0.5,42,383,-0.015846276083603845,-0.13923746667536385
v10,feat_gbm,0.5,42,384,-1.5195797898013212,-1.7983983483294153
v10,feat_gbm,0.5,42,385,0.2866685345307742,0.5606037150840157
v10,feat_gbm,0.5,42,386,0.6733712469799127,0.6003456151224621
v10,feat_gbm,0.5,42,387,0.9540660948135241,1.3071718981356573
v10,feat_gbm,0.5,42,388,-0.3279188429847541,-0.19457283568776126
v10,feat_gbm,0.5,42,389,-1.3761435334957868,-0.981880356960367
v10,feat_gbm,0.5,42,390,-3.130149560726925,-2.628024059072158
v10,feat_gbm,0.5,42,391,-2.508886441459624,-2.479262758098376
v10,feat_gbm,0.5,42,392,-2.2705474767941918,-2.207941629114672
v10,feat_gbm,0.5,42,393,-2.8656158600080235,-2.806586620215901
v10,feat_gbm,0.5,42,394,-0.17741786409028112,-0.16842623590390868
v10,feat_gbm,0.5,42,395,0.5043699248563915,0.3596423409999632
v10,feat_gbm,0.5,42,396,-2.4753548592081267,-3.117667066362407
v10,feat_gbm,0.5,42,397,0.7027940096955823,0.6134086288650079
v10,feat_gbm,0.5,42,398,0.5895702914365218,0.5049020087080688
v10,feat_gbm,0.5,42,399,-1.3362192616804496,-1.0548605918119196
v10,feat_gbm,0.5,42,400,-2.965382654815015,-2.877676775828332
v10,feat_gbm,0.5,42,401,0.21281437479133058,0.015654415635624343
v10,feat_gbm,0.5,42,402,-0.601910774749276,-0.7027824676465185
v10,feat_gbm,0.5,42,403,0.26056508928792105,0.6733427913489138
v10,feat_gbm,0.5,42,404,0.29876567024400813,0.03259550049258387
v10,feat_gbm,0.5,42,405,-3.487140824517183,-3.4179416205706223
v10,feat_gbm,0.5,42,406,-1.4582625431835217,-1.6563158072976616
v10,feat_gbm,0.5,42,407,0.511875055717397,0.3281041495218151
v10,feat_gbm,0.5,42,408,-1.4958207731636148,-1.498502430121411
v10,feat_gbm,0.5,42,409,-1.9020833223994444,-1.5390850133499359
v10,feat_gbm,0.5,42,410,-2.349870471246238,-3.8769914364338094
v10,feat_gbm,0.5,42,411,-1.069497355639497,-1.1093409530974205
v10,feat_gbm,0.5,42,412,-2.484512043131733,-2.1356441225652167
v10,feat_gbm,0.5,42,413,0.6159533626857331,0.5613925387002681
v10,feat_gbm,0.5,42,414,-2.3290455728879484,-2.672303525149137
v10,feat_gbm,0.5,42,415,0.8844412114942376,0.9887747910888531
v10,feat_gbm,0.5,42,416,-1.8959495300701927,-2.064740642123073
v10,feat_gbm,0.5,42,417,-0.6179758924173139,-0.13534283366780814
v10,feat_gbm,0.5,42,418,0.25679871261045895,0.5266566940316069
v10,feat_gbm,0.5,42,419,-1.069553432260606,-0.7929716308762645
v10,feat_gbm,0.5,42,420,0.3178635429056779,0.22081989653443584
v10,feat_gbm,0.5,42,421,-3.850972077875381,-3.4911396429773087
v10,feat_gbm,0.5,42,422,0.010908630354299956,0.4691563032653497
v10,feat_gbm,0.5,42,423,0.0323041450300794,-0.21242164749251408
v10,feat_gbm,0.5,42,424,-2.1226227899259085,-2.0235730224261497
v10,feat_gbm,0.5,42,425,-0.02707346684490381,0.1881042769243711
v10,feat_gbm,0.5,42,426,-0.9255644034595709,-0.7546830882020855
v10,feat_gbm,0.5,42,427,-1.9810697710918421,-2.004418163271322
v10,feat_gbm,0.5,42,428,-0.037724537086998244,0.08108350485015015
v10,feat_gbm,0.5,42,429,-1.1056364691296632,-0.8958783842144782
v10,feat_gbm,0.5,42,430,-0.4441971201476172,-0.700178367515834
v10,feat_gbm,0.5,42,431,-2.218758322638442,-2.026447754843476
v10,feat_gbm,0.5,42,432,-3.2436095553381725,-3.3644112924118934
v10,feat_gbm,0.5,42,433,-2.0369450960725417,-2.4777804975332844
v10,feat_gbm,0.5,42,434,-3.6421665412356803,-3.6407879329147783
v10,feat_gbm,0.5,42,435,0.6068919391045055,0.8140524350977956
v10,feat_gbm,0.5,42,436,-0.3819805704056147,-0.6342245759550225
v10,feat_gbm,0.5,42,437,-1.0731666744811337,-1.0170271575608654
v10,feat_gbm,0.5,42,438,0.9161231418491493,1.2058566336630974
v10,feat_gbm,0.5,42,439,0.9136565552936633,1.04159183954478
v10,feat_gbm,0.5,42,440,-0.9454253340831015,-0.383754051292973
v10,feat_gbm,0.5,42,441,1.164994371401812,0.9717849563735496
v10,feat_gbm,0.5,42,442,0.8619572832597718,0.915394257773604
v10,feat_gbm,0.5,42,443,0.12311601613297224,0.17619398118278368
v10,feat_gbm,0.5,42,444,-2.605921286632237,-2.3026142847949007
v10,feat_gbm,0.5,42,445,-1.3281283507544726,-2.156995715227189
v10,feat_gbm,0.5,42,446,-2.3171355552186332,-1.9647154613855007
v10,feat_gbm,0.5,42,447,-1.2551489556437958,-1.2167428909736953
v10,feat_gbm,0.5,42,448,-0.09356014692113375,0.371748058948411
v10,feat_gbm,0.5,42,449,-3.6700205598352644,-3.354914600670279
v10,feat_gbm,0.5,42,450,-2.576529585169614,-2.0984010901330774
v10,feat_gbm,0.5,42,451,-1.7313700432393289,-1.8411195968283314
v10,feat_gbm,0.5,42,452,-0.17335996306232157,-0.2866386615093297
v10,feat_gbm,0.5,42,453,-1.8314826515110803,-2.1769502099219324
v10,feat_gbm,0.5,42,454,0.3480988147915715,0.851829112076475
v10,feat_gbm,0.5,42,455,0.20969353809233784,-0.5174982843777256
v10,feat_gbm,0.5,42,456,-2.9889920387822633,-3.7883351795095335
v10,feat_gbm,0.5,42,457,-1.282101590127815,-1.3225504843777425
v10,feat_gbm,0.5,42,458,-0.673629420392005,-0.6304710111145473
v10,feat_gbm,0.5,42,459,-2.8841392038290463,-2.867776928577639
v10,feat_gbm,0.5,42,460,-0.4230912847057898,-0.20106453453544149
v10,feat_gbm,0.5,42,461,0.06909902042615904,0.565413433251147
v10,feat_gbm,0.5,42,462,0.37364280778762715,0.6531860801292728
v10,feat_gbm,0.5,42,463,-3.2760676216691005,-3.295531334571209
v10,feat_gbm,0.5,42,464,-0.9091971686560756,-1.118951529136503
v10,feat_gbm,0.5,42,465,0.058677721189428406,0.08535922256033004
v10,feat_gbm,0.5,42,466,-0.10833285957697787,0.2656879386171551
v10,feat_gbm,0.5,42,467,-0.8942764408814541,-1.0764680911985907
v10,feat_gbm,0.5,42,468,1.8952825644138005,2.2503813782282114
v10,feat_gbm,0.5,42,469,-0.10671374246328943,-0.029700274932011248
v10,feat_gbm,0.5,42,470,-2.5395485633438595,-2.1918010579584375
v10,feat_gbm,0.5,42,471,-0.11916607478590548,-0.12537364897776127
v10,feat_gbm,0.5,42,472,-1.507349283159652,-1.3714574409892777
v10,feat_gbm,0.5,42,473,-1.821137301915471,-1.0216450817816245
v10,feat_gbm,0.5,42,474,-0.7786514750049823,-0.8313233833759152
v10,feat_gbm,0.5,42,475,-2.800497440798665,-3.25243582884057
v10,feat_gbm,0.5,42,476,0.6461453891277579,0.8737365575305754
v10,feat_gbm,0.5,42,477,-2.106071631382984,-1.8373017486027088
v10,feat_gbm,0.5,42,478,-1.503314015389405,-1.909749317133085
v10,feat_gbm,0.5,42,479,0.45310148332561667,0.418341725137149
v10,feat_gbm,0.5,42,480,-2.693414324306688,-2.8689304810445995
v10,feat_gbm,0.5,42,481,-4.545342862230392,-3.9192950012633494
v10,feat_gbm,0.5,42,482,0.7297446716209416,0.8191907452202399
v10,feat_gbm,0.5,42,483,-2.712204563594949,-2.7371748494528005
v10,feat_gbm,0.5,42,484,0.1365085986029089,0.043868991079412875
v10,feat_gbm,0.5,42,485,-2.774296124479955,-3.9571024828402512
v10,feat_gbm,0.5,42,486,-1.169820584399562,-0.8286091055291892
v10,feat_gbm,0.5,42,487,1.2091108292728951,1.1086460137612473
v10,feat_gbm,0.5,42,488,-0.9855415014154969,-1.0899995989348372
v10,feat_gbm,0.5,42,489,-2.921980756717931,-2.9260181182274523
v10,feat_gbm,0.5,42,490,-0.022183593428737464,0.01778898425240747
v10,feat_gbm,0.5,42,491,-0.4443741879090849,-0.388546054063584
v10,feat_gbm,0.5,42,492,-0.5119297640907585,-0.8483910406321095
v10,feat_gbm,0.5,42,493,-2.6304658892015893,-2.4855190663855797
v10,feat_gbm,0.5,42,494,-0.352402989942943,-0.6027729178489412
v10,feat_gbm,0.5,42,495,-1.4228922068167318,-1.5285925057254015
v10,feat_gbm,0.5,42,496,0.7932175278591818,1.0092174422839322
v10,feat_gbm,0.5,42,497,-2.69799703584275,-2.421052301727873
v10,feat_gbm,0.5,42,498,-3.195792094531839,-3.2283141264699093
v10,feat_gbm,0.5,42,499,-4.309081561304843,-4.907212199848568
v10,feat_gbm,0.5,43,0,-0.22855268047846292,0.03894909458183669
v10,feat_gbm,0.5,43,1,-2.469148629491868,-2.5052564746229193
v10,feat_gbm,0.5,43,2,0.647929937543892,0.6287827851917782
v10,feat_gbm,0.5,43,3,-3.122089125789703,-3.3447289283878643
v10,feat_gbm,0.5,43,4,0.9650571697992826,0.9694015026406426
v10,feat_gbm,0.5,43,5,-2.3314648573315058,-2.4693709778233526
v10,feat_gbm,0.5,43,6,-0.1625687190628937,-0.2819211013310965
v10,feat_gbm,0.5,43,7,0.6454093107867521,0.5289578846490461
v10,feat_gbm,0.5,43,8,0.3966429488133142,0.032863622186365654
v10,feat_gbm,0.5,43,9,0.9245411613374854,0.9352707853930591
v10,feat_gbm,0.5,43,10,-1.9738059118054805,-1.5987558134683666
v10,feat_gbm,0.5,43,11,-3.0147271010642633,-3.2678706438993954
v10,feat_gbm,0.5,43,12,-2.0710814410170193,-2.445380546146449
v10,feat_gbm,0.5,43,13,-0.3143420686950431,-0.4471217519653716
v10,feat_gbm,0.5,43,14,-1.6264522390199907,-1.8343062920535937
v10,feat_gbm,0.5,43,15,-2.473118024954892,-2.278287047942225
v10,feat_gbm,0.5,43,16,-0.7895447821611177,-1.113015507562239
v10,feat_gbm,0.5,43,17,-0.8281107977522165,-1.149386040828735
v10,feat_gbm,0.5,43,18,-0.5428902844641894,-0.4541092694382234
v10,feat_gbm,0.5,43,19,-2.977214874540451,-2.8798658660471284
v10,feat_gbm,0.5,43,20,-3.4361332309746238,-3.281006200299989
v10,feat_gbm,0.5,43,21,-0.7255864364085169,-0.7889402030111288
v10,feat_gbm,0.5,43,22,-0.853670680592918,-0.48114593055133975
v10,feat_gbm,0.5,43,23,-2.5059752445973875,-2.8038114998165153
v10,feat_gbm,0.5,43,24,-2.842442632825403,-2.6726430450531393
v10,feat_gbm,0.5,43,25,-3.154423053475449,-3.141178249464176
v10,feat_gbm,0.5,43,26,-3.5397746603553593,-3.8612362310489847
v10,feat_gbm,0.5,43,27,-2.9078118468975283,-3.085821277369337
v10,feat_gbm,0.5,43,28,-2.0914515704460097,-2.1153791712035637
v10,feat_gbm,0.5,43,29,-0.7976363202059294,-0.5854112868629942
v10,feat_gbm,0.5,43,30,0.11322077821892135,0.13849791927417068
v10,feat_gbm,0.5,43,31,-2.7374794850961925,-2.779654184179668
v10,feat_gbm,0.5,43,32,1.0892726828561496,0.9166392391011026
v10,feat_gbm,0.5,43,33,-1.7227366531970512,-2.134444297962007
v10,feat_gbm,0.5,43,34,0.7847657867942289,1.1224191581864646
v10,feat_gbm,0.5,43,35,-2.8007915854398036,-2.7514680837461087
v10,feat_gbm,0.5,43,36,0.6669988286074796,0.7493710802437775
v10,feat_gbm,0.5,43,37,-2.357892820933212,-2.157600461660938
v10,feat_gbm,0.5,43,38,-2.0511862042249964,-1.7436371170468024
v10,feat_gbm,0.5,43,39,0.6385659454669883,0.632388610685479
v10,feat_gbm,0.5,43,40,-1.3065131569374469,-1.5024753827969588
v10,feat_gbm,0.5,43,41,-3.0832768011490046,-2.936018587066778
v10,feat_gbm,0.5,43,42,-0.18058198213822585,-0.06406961406287034
v10,feat_gbm,0.5,43,43,-0.4187116691830173,-0.43711075337934485
v10,feat_gbm,0.5,43,44,0.49396111397619363,0.521724778538647
v10,feat_gbm,0.5,43,45,0.4735229335332438,-0.02881562555915001
v10,feat_gbm,0.5,43,46,-3.2000572600521857,-2.6856700943784895
v10,feat_gbm,0.5,43,47,-3.5656137409728514,-3.3419513202228783
v10,feat_gbm,0.5,43,48,-0.19300545174374226,-0.35240032436669677
v10,feat_gbm,0.5,43,49,-3.6160058740884806,-4.466027560457086
v10,feat_gbm,0.5,43,50,-0.9859023769582328,-1.2227887404747313
v10,feat_gbm,0.5,43,51,-3.6499812767560953,-4.168130875201601
v10,feat_gbm,0.5,43,52,-2.7458930894879265,-2.1825653069440887
v10,feat_gbm,0.5,43,53,-2.7075753821615134,-2.816977102698189
v10,feat_gbm,0.5,43,54,-1.0422510778743,-0.9520374156321785
v10,feat_gbm,0.5,43,55,0.43418850535004955,0.800460094219776
v10,feat_gbm,0.5,43,56,0.3530213123404147,0.2782562560211116
v10,feat_gbm,0.5,43,57,-0.1408117486456345,-0.7855200046266205
v10,feat_gbm,0.5,43,58,-2.931286014043954,-2.837973637743256
v10,feat_gbm,0.5,43,59,0.3884207943232214,0.3653424354755994
v10,feat_gbm,0.5,43,60,-2.995886106752066,-3.145987746693799
v10,feat_gbm,0.5,43,61,-2.291670756038021,-2.1381844357326614
v10,feat_gbm,0.5,43,62,0.6298496971404296,0.3908315550690521
v10,feat_gbm,0.5,43,63,-3.4100479196727957,-3.259739876316779
v10,feat_gbm,0.5,43,64,-3.9234880045521767,-3.799325775609258
v10,feat_gbm,0.5,43,65,0.05108644087820668,0.2842997557356093
v10,feat_gbm,0.5,43,66,0.6161994585359405,0.9099380077885143
v10,feat_gbm,0.5,43,67,0.3245699663893246,0.5741223235018287
v10,feat_gbm,0.5,43,68,1.2505586962970145,1.3807263582335993
v10,feat_gbm,0.5,43,69,1.040073203700344,2.7357387204405055
v10,feat_gbm,0.5,43,70,-0.17727109941903343,-0.3782017485149665
v10,feat_gbm,0.5,43,71,-0.6814160949884284,-0.6946521973220513
v10,feat_gbm,0.5,43,72,-3.4518286875212296,-3.510295151868067
v10,feat_gbm,0.5,43,73,-0.1993155140936993,-0.3643686170400702
v10,feat_gbm,0.5,43,74,1.1191311364329302,1.1835884152793859
v10,feat_gbm,0.5,43,75,-0.1667807428289645,-0.38644824542838596
v10,feat_gbm,0.5,43,76,0.17039489349369558,0.7005004452467647
v10,feat_gbm,0.5,43,77,0.3330120776772421,0.3770911051312199
v10,feat_gbm,0.5,43,78,-0.6175840260946831,-0.5374783823521183
v10,feat_gbm,0.5,43,79,-3.0004552175040256,-3.2499450611549854
v10,feat_gbm,0.5,43,80,-1.7650126884440391,-1.719925172279684
v10,feat_gbm,0.5,43,81,1.022956837617104,1.8185710395242058
v10,feat_gbm,0.5,43,82,-1.06672160124479,-1.0758778979961314
v10,feat_gbm,0.5,43,83,-0.39266908603722156,-0.8033140510569362
v10,feat_gbm,0.5,43,84,-2.2050015250305166,-2.0837035815006346
v10,feat_gbm,0.5,43,85,-0.9331231609295514,-1.2430797823904942
v10,feat_gbm,0.5,43,86,0.7407240062794802,0.639317965424242
v10,feat_gbm,0.5,43,87,-0.2867296830674575,-0.02321591952008587
v10,feat_gbm,0.5,43,88,-3.4476889541123366,-3.512086916650174
v10,feat_gbm,0.5,43,89,-1.6622872703364548,-1.684363733317816
v10,feat_gbm,0.5,43,90,-3.866343547413752,-3.5341996208099964
v10,feat_gbm,0.5,43,91,0.7599203488416632,1.1574629997660548
v10,feat_gbm,0.5,43,92,-1.0173259254908043,-0.7651863719989663
v10,feat_gbm,0.5,43,93,-4.201366397633816,-5.7708125015304885
v10,feat_gbm,0.5,43,94,0.03428560707599577,0.07374698385127064
v10,feat_gbm,0.5,43,95,0.6712874502023197,1.201566413592891
v10,feat_gbm,0.5,43,96,1.4236973022610089,1.2655480006709303
v10,feat_gbm,0.5,43,97,-3.556303822027052,-3.2217777708537843
v10,feat_gbm,0.5,43,98,-1.3576056800097713,-1.2120387208328698
v10,feat_gbm,0.5,43,99,-0.5545634695906274,-0.04015373686183237
v10,feat_gbm,0.5,43,100,-2.569871158571134,-2.8384481914339785
v10,feat_gbm,0.5,43,101,-3.175128335140146,-3.541068619782685
v10,feat_gbm,0.5,43,102,-3.8524039322918084,-4.424727465058162
v10,feat_gbm,0.5,43,103,-0.6765799595005833,-0.7652009130347144
v10,feat_gbm,0.5,43,104,-0.8189030040186915,-0.406664655497914
v10,feat_gbm,0.5,43,105,-2.7842961628208296,-2.8019031633754246
v10,feat_gbm,0.5,43,106,-1.0694828024592784,-1.1978192780958505
v10,feat_gbm,0.5,43,107,-0.9315768278929292,-1.2497822804421463
v10,feat_gbm,0.5,43,108,-0.2948575895106421,-0.2003702404752673
v10,feat_gbm,0.5,43,109,-0.3093838402436269,-0.28745536208379296
v10,feat_gbm,0.5,43,110,0.4256415642353851,0.2838469771831524
v10,feat_gbm,0.5,43,111,0.41952579364090725,0.6579850926301614
v10,feat_gbm,0.5,43,112,-0.05757341924475777,-0.4279263804064609
v10,feat_gbm,0.5,43,113,0.49091747792560453,0.527327823801956
v10,feat_gbm,0.5,43,114,-3.6589475282473916,-3.652947895428966
v10,feat_gbm,0.5,43,115,-0.9040126609975316,-0.04287987221360797
v10,feat_gbm,0.5,43,116,-3.8209952992440432,-3.4409421360670214
v10,feat_gbm,0.5,43,117,-2.5395690997918345,-2.4284095097884006
v10,feat_gbm,0.5,43,118,-1.613935918736696,-1.419217075367618
v10,feat_gbm,0.5,43,119,-2.1768328229721106,-1.4944271796191557
v10,feat_gbm,0.5,43,120,-2.951471632671864,-2.797137626437216
v10,feat_gbm,0.5,43,121,1.272405195149881,3.1321125804877905
v10,feat_gbm,0.5,43,122,-2.64270512651147,-3.164895556438051
v10,feat_gbm,0.5,43,123,0.15627076013121358,-0.021234684620174846
v10,feat_gbm,0.5,43,124,-1.568691279557752,-1.246001114532972
v10,feat_gbm,0.5,43,125,-2.6496541263041817,-2.7130193085566443
v10,feat_gbm,0.5,43,126,-2.2125521111388857,-2.0560780011130944
v10,feat_gbm,0.5,43,127,-1.722963216337389,-1.631222331554067
v10,feat_gbm,0.5,43,128,-2.587980539708027,-3.477307725783656
v10,feat_gbm,0.5,43,129,1.1573740383581552,1.7007542891568868
v10,feat_gbm,0.5,43,130,-3.8857014221620956,-3.4021624962570822
v10,feat_gbm,0.5,43,131,-3.409518214901109,-3.701149444421242
v10,feat_gbm,0.5,43,132,-0.20692427365104027,-0.4116741376471012
v10,feat_gbm,0.5,43,133,-0.6365993384287204,-0.5680375850475197
v10,feat_gbm,0.5,43,134,-1.2210685730471054,-1.4788189923590598
v10,feat_gbm,0.5,43,135,-2.5676934440593264,-2.9896549957503007
v10,feat_gbm,0.5,43,136,0.3001738851270936,0.11194117436713467
v10,feat_gbm,0.5,43,137,1.197786659330373,1.7147062893715772
v10,feat_gbm,0.5,43,138,-2.1930436877882333,-1.9709125209383296
v10,feat_gbm,0.5,43,139,-0.07939723925712554,0.19937477723826902
v10,feat_gbm,0.5,43,140,-2.9112522104405425,-2.8223726616431475
v10,feat_gbm,0.5,43,141,-0.037947149272584635,-0.12380828599000025
v10,feat_gbm,0.5,43,142,-3.1676329154308327,-2.97521232911642
v10,feat_gbm,0.5,43,143,-2.1297309819415857,-1.9484557479617686
v10,feat_gbm,0.5,43,144,1.064186556255326,1.244093655886106
v10,feat_gbm,0.5,43,145,-2.515257322032299,-2.0280859266176816
v10,feat_gbm,0.5,43,146,-1.9780835181646674,-2.0754073031653366
v10,feat_gbm,0.5,43,147,0.21869323506772062,-0.11331641159387335
v10,feat_gbm,0.5,43,148,-2.398207802176703,-2.620298039600635
v10,feat_gbm,0.5,43,149,-3.167556107603994,-3.8395532227602396
v10,feat_gbm,0.5,43,150,-1.9480667346378107,-2.149698272240366
v10,feat_gbm,0.5,43,151,-3.241562326175714,-3.1594376779318036
v10,feat_gbm,0.5,43,152,-2.4765390781498544,-2.7712141114581046
v10,feat_gbm,0.5,43,153,-1.1797268548339856,-1.1483368403810985
v10,feat_gbm,0.5,43,154,-1.41074970350258,-1.4700676700115773
v10,feat_gbm,0.5,43,155,1.1261044276661918,1.4088416749712322
v10,feat_gbm,0.5,43,156,0.5652228280952801,0.7564704220494097
v10,feat_gbm,0.5,43,157,-2.207823928316285,-1.7148995557963913
v10,feat_gbm,0.5,43,158,-2.48444269885863,-2.8595355115547196
v10,feat_gbm,0.5,43,159,-1.1736756689901695,-0.9922400520728849
v10,feat_gbm,0.5,43,160,0.6898288272811179,1.8585227307534937
v10,feat_gbm,0.5,43,161,-2.436301121011396,-2.477654537850602
v10,feat_gbm,0.5,43,162,-2.9908503235897044,-2.993764039868935
v10,feat_gbm,0.5,43,163,-1.1799653194822664,-1.1722671160336509
v10,feat_gbm,0.5,43,164,-1.9653691487464993,-1.6577576086204497
v10,feat_gbm,0.5,43,165,-2.7575757602969935,-2.9770186999323642
v10,feat_gbm,0.5,43,166,-3.618815666205733,-3.2329952824425443
v10,feat_gbm,0.5,43,167,0.12614462066023724,0.19550508612775644
v10,feat_gbm,0.5,43,168,-0.9629181028209692,-1.2639642813248737
v10,feat_gbm,0.5,43,169,1.269178087266951,1.4224064134580066
v10,feat_gbm,0.5,43,170,-2.3066757602431514,-1.5303724784706008
v10,feat_gbm,0.5,43,171,0.7613598313989063,0.6086346650572224
v10,feat_gbm,0.5,43,172,0.19861395328679926,-0.052232489626048526
v10,feat_gbm,0.5,43,173,-0.1403616107626095,-0.19074605880313256
v10,feat_gbm,0.5,43,174,-2.543494198048839,-2.7678232596734214
v10,feat_gbm,0.5,43,175,-1.9559372391716878,-1.6557092188829319
v10,feat_gbm,0.5,43,176,0.15167583114867153,0.12081831439914445
v10,feat_gbm,0.5,43,177,0.9871775603052044,3.7031714993021168
v10,feat_gbm,0.5,43,178,-0.21561117261998536,-0.17761292562564054
v10,feat_gbm,0.5,43,179,-0.21494827186316787,0.2295122735959306
v10,feat_gbm,0.5,43,180,-1.592576167706588,-1.6401012725318311
v10,feat_gbm,0.5,43,181,-2.2829180405771816,-3.399461101549646
v10,feat_gbm,0.5,43,182,0.50721906659601,0.5421608664871393
v10,feat_gbm,0.5,43,183,-3.9663465635148865,-3.7858185839721776
v10,feat_gbm,0.5,43,184,0.4316727231785113,0.4440956773301304
v10,feat_gbm,0.5,43,185,0.5084500734767352,0.5450962365111649
v10,feat_gbm,0.5,43,186,-3.3353780905679797,-3.094441269353033
v10,feat_gbm,0.5,43,187,1.1030197405997535,1.436275522654785
v10,feat_gbm,0.5,43,188,0.05999102593240381,-0.003208414280501246
v10,feat_gbm,0.5,43,189,-1.8595929641450633,-2.0766448721687736
v10,feat_gbm,0.5,43,190,-2.9462242118171553,-2.887011097372245
v10,feat_gbm,0.5,43,191,-0.06740320609525055,-0.19564387773269687
v10,feat_gbm,0.5,43,192,-3.6484769584693653,-3.39219136175158
v10,feat_gbm,0.5,43,193,-4.435681851333541,-4.804455114758695
v10,feat_gbm,0.5,43,194,0.06399538559444815,-0.23230879418151415
v10,feat_gbm,0.5,43,195,1.0076307165894358,0.7768952289284052
v10,feat_gbm,0.5,43,196,-3.5457943427649257,-3.0758975731441707
v10,feat_gbm,0.5,43,197,1.8381059352065976,1.8852948766094535
v10,feat_gbm,0.5,43,198,0.023622021807132073,-0.07474663349946693
v10,feat_gbm,0.5,43,199,1.082376701201832,0.9295509098669842
v10,feat_gbm,0.5,43,200,0.33763337623878564,0.40408761039079466
v10,feat_gbm,0.5,43,201,-1.1423646622012003,-1.0185563947000995
v10,feat_gbm,0.5,43,202,-1.50115417522937,-1.5812541435625456
v10,feat_gbm,0.5,43,203,-2.305177156641792,-2.9269603411540346
v10,feat_gbm,0.5,43,204,-0.24835722093142024,-0.9368237022381455
v10,feat_gbm,0.5,43,205,-0.8784518288707868,-0.771906247259438
v10,feat_gbm,0.5,43,206,-1.7764998805612935,-1.4457766532498904
v10,feat_gbm,0.5,43,207,-2.628834052712518,-2.4752738768021185
v10,feat_gbm,0.5,43,208,-2.823135603625619,-2.8789590131308262
v10,feat_gbm,0.5,43,209,-2.254030665593118,-2.6986856152036793
v10,feat_gbm,0.5,43,210,0.03586727351970455,0.05837096406180189
v10,feat_gbm,0.5,43,211,-2.878366972291668,-2.2327070274631113
v10,feat_gbm,0.5,43,212,0.19164328078867982,0.15758807445032513
v10,feat_gbm,0.5,43,213,0.7492540265861228,0.5234750924970406
v10,feat_gbm,0.5,43,214,0.9736011514151246,0.8312555987922697
v10,feat_gbm,0.5,43,215,-0.6975359188384633,-0.7699972654610447
v10,feat_gbm,0.5,43,216,-2.4755381306349022,-2.4368834827463726
v10,feat_gbm,0.5,43,217,-3.453699649222995,-3.7421886443248944
v10,feat_gbm,0.5,43,218,-4.450736691746477,-4.3753265313120195
v10,feat_gbm,0.5,43,219,0.0687224789214085,0.13181597567614448
v10,feat_gbm,0.5,43,220,-2.584409150529421,-2.150299196146146
v10,feat_gbm,0.5,43,221,0.43872498681878064,0.4316281043505307
v10,feat_gbm,0.5,43,222,0.7045924940636419,0.20581216265343685
v10,feat_gbm,0.5,43,223,-2.282910522467422,-1.7226779576420432
v10,feat_gbm,0.5,43,224,1.0012395850316615,1.0701061526100661
v10,feat_gbm,0.5,43,225,-2.1881109230168674,-2.995983076644188
v10,feat_gbm,0.5,43,226,-0.3622749740077707,-0.39103048890459524
v10,feat_gbm,0.5,43,227,-2.429383111010681,-2.811377433191803
v10,feat_gbm,0.5,43,228,-0.03776808597990723,0.1103569248772952
v10,feat_gbm,0.5,43,229,1.0199872320097318,1.0926797996732165
v10,feat_gbm,0.5,43,230,-1.271094625744319,-1.1465469989616057
v10,feat_gbm,0.5,43,231,-3.6718081694187337,-3.7045714701961474
v10,feat_gbm,0.5,43,232,-0.16327965964925834,-0.3205795311611984
v10,feat_gbm,0.5,43,233,-0.2615080077237843,-0.7282288274356463
v10,feat_gbm,0.5,43,234,-0.8068190865654288,-0.6143938277881194
v10,feat_gbm,0.5,43,235,-2.9977451059115174,-3.717493513170671
v10,feat_gbm,0.5,43,236,-2.1757625068938675,-1.894186438607053
v10,feat_gbm,0.5,43,237,0.07312368295877535,0.19101892391720615
v10,feat_gbm,0.5,43,238,-2.455492738178875,-2.723653519266766
v10,feat_gbm,0.5,43,239,-0.06050239727021605,0.28172679866345784
v10,feat_gbm,0.5,43,240,-0.9372646801587987,-0.570916259780521
v10,feat_gbm,0.5,43,241,-2.5006887491805414,-3.037607674189957
v10,feat_gbm,0.5,43,242,-2.763195997722497,-2.4824067099880884
v10,feat_gbm,0.5,43,243,1.2314870522862353,1.793244191067856
v10,feat_gbm,0.5,43,244,-1.8557578163156259,-2.170563194223024
v10,feat_gbm,0.5,43,245,-2.669234723215374,-2.5580286375581696
v10,feat_gbm,0.5,43,246,-3.031108459154686,-3.9013363177662743
v10,feat_gbm,0.5,43,247,-1.1173477461275105,-1.2689211715035387
v10,feat_gbm,0.5,43,248,-2.878145910460071,-2.89795980370705
v10,feat_gbm,0.5,43,249,-0.798550372142522,-1.149470325468549
v10,feat_gbm,0.5,43,250,-2.5967191435909167,-2.1803876537888693
v10,feat_gbm,0.5,43,251,-1.3305345620925044,-1.2010659028736028
v10,feat_gbm,0.5,43,252,-2.6904886361809672,-2.675840590612525
v10,feat_gbm,0.5,43,253,-0.8470799746520238,-0.865421424414132
v10,feat_gbm,0.5,43,254,-0.34821846339120704,-0.45089388998719687
v10,feat_gbm,0.5,43,255,-1.5210730884722714,-1.477655138121315
v10,feat_gbm,0.5,43,256,-1.972585105699284,-1.9234128661936198
v10,feat_gbm,0.5,43,257,-0.6998861458585082,-0.8895479413744646
v10,feat_gbm,0.5,43,258,-1.3840554318128762,-1.284701881398344
v10,feat_gbm,0.5,43,259,-0.11383055301516434,0.03791276039075724
v10,feat_gbm,0.5,43,260,-1.104138207985252,-1.213907680807544
v10,feat_gbm,0.5,43,261,-0.48685022780784637,-0.6937064881158975
v10,feat_gbm,0.5,43,262,-1.9178284072814538,-2.500344974429108
v10,feat_gbm,0.5,43,263,-2.9177599463170583,-3.0782877743164985
v10,feat_gbm,0.5,43,264,-2.7556784234564744,-3.2702790535172426
v10,feat_gbm,0.5,43,265,-0.5110944269409943,-0.15746453031192983
v10,feat_gbm,0.5,43,266,-1.5010185420978557,-1.3930653126164372
v10,feat_gbm,0.5,43,267,-4.287025741761853,-3.460520174484755
v10,feat_gbm,0.5,43,268,-1.9600950160394868,-1.8115923421665279
v10,feat_gbm,0.5,43,269,0.18218609518168477,-0.04785951915829837
v10,feat_gbm,0.5,43,270,-1.419831691147089,-1.3387838926701625
v10,feat_gbm,0.5,43,271,0.8161506456462997,0.6172482925771328
v10,feat_gbm,0.5,43,272,0.2673132850017776,0.10718580269537517
v10,feat_gbm,0.5,43,273,-2.88866395266794,-2.4250613993713395
v10,feat_gbm,0.5,43,274,-0.1232178659577717,-0.4656136934058211
v10,feat_gbm,0.5,43,275,-1.8972911187839854,-1.7679071058666047
v10,feat_gbm,0.5,43,276,-0.15204842327342996,-0.15192249005847586
v10,feat_gbm,0.5,43,277,-0.23138785909890702,-0.22686658439221394
v10,feat_gbm,0.5,43,278,-0.39321440350133435,-0.3963273628232521
v10,feat_gbm,0.5,43,279,-2.549480324985631,-2.1916982233579314
v10,feat_gbm,0.5,43,280,0.5395597008080693,0.5138857123822332
v10,feat_gbm,0.5,43,281,0.1819699478474373,0.13501120436460418
v10,feat_gbm,0.5,43,282,-0.05923483962961546,-0.35232291748203215
v10,feat_gbm,0.5,43,283,0.5490105235799799,0.33710059568630363
v10,feat_gbm,0.5,43,284,1.969352467144335,2.2269494594330284
v10,feat_gbm,0.5,43,285,-0.4349089891934359,-0.8523290277873723
v10,feat_gbm,0.5,43,286,0.39409092549500113,0.5032694866056324
v10,feat_gbm,0.5,43,287,-3.5725970571856878,-3.0734310124071125
v10,feat_gbm,0.5,43,288,-3.2448127403464415,-3.0969464995649485
v10,feat_gbm,0.5,43,289,0.7080243659503831,0.8088909840914691
v10,feat_gbm,0.5,43,290,-1.5707666374432863,-1.710735902712342
v10,feat_gbm,0.5,43,291,-0.35547709089140545,-0.24588513525180683
v10,feat_gbm,0.5,43,292,-2.9036401812523724,-2.9910915714149957
v10,feat_gbm,0.5,43,293,-0.030552687178839234,0.24397961438558982
v10,feat_gbm,0.5,43,294,1.0338902339093177,0.9827222917401395
v10,feat_gbm,0.5,43,295,0.9680676833294748,1.5399914318848642
v10,feat_gbm,0.5,43,296,-2.9052025301411386,-3.028104854063688
v10,feat_gbm,0.5,43,297,-1.9062631964829648,-1.9675880903276046
v10,feat_gbm,0.5,43,298,0.4069340585120668,0.3882116190950413
v10,feat_gbm,0.5,43,299,-0.5014650948228309,-0.4169590587595381
v10,feat_gbm,0.5,43,300,-0.4979459953556587,-0.47104701624968015
v10,feat_gbm,0.5,43,301,-0.5235541163764452,-0.5788171023402015
v10,feat_gbm,0.5,43,302,-3.690098942620385,-3.325334912618423
v10,feat_gbm,0.5,43,303,0.11922554008824095,0.27214776974989446
v10,feat_gbm,0.5,43,304,0.24181134558978692,0.2838761456734127
v10,feat_gbm,0.5,43,305,0.8797614344417873,0.98356576927226
v10,feat_gbm,0.5,43,306,-1.9516992076639261,-2.324804251846344
v10,feat_gbm,0.5,43,307,-0.30127382996505464,-0.30060412365222405
v10,feat_gbm,0.5,43,308,-3.7996467405981806,-3.5706943269006843
v10,feat_gbm,0.5,43,309,0.5788132499852123,0.7657986236992217
v10,feat_gbm,0.5,43,310,-0.4106935181096818,-0.3760212383278314
v10,feat_gbm,0.5,43,311,0.8337063457194044,0.903367601886353
v10,feat_gbm,0.5,43,312,0.6211868325223532,0.2834145554969618
v10,feat_gbm,0.5,43,313,-0.5255379590119096,-0.8750381269167363
v10,feat_gbm,0.5,43,314,-1.61288011991269,-0.8911054934067958
v10,feat_gbm,0.5,43,315,0.39288763322552156,0.2699623908229132
v10,feat_gbm,0.5,43,316,-3.7521079717427583,-4.034449774534175
v10,feat_gbm,0.5,43,317,0.2823455500394129,0.7302045063515665
v10,feat_gbm,0.5,43,318,-2.2487752818551345,-2.5264159394565007
v10,feat_gbm,0.5,43,319,-3.2182969148912224,-3.1280680478747835
v10,feat_gbm,0.5,43,320,-0.09228743431678493,-0.623194388118803
v10,feat_gbm,0.5,43,321,-3.892123192385706,-4.172922463867305
v10,feat_gbm,0.5,43,322,0.9820146868039853,1.0714029341973417
v10,feat_gbm,0.5,43,323,-2.5722949396882218,-2.5538050374755565
v10,feat_gbm,0.5,43,324,-1.4736554300963278,-1.5310020975326282
v10,feat_gbm,0.5,43,325,-0.6433082346735642,-0.735749980772127
v10,feat_gbm,0.5,43,326,-0.7027612602729639,-0.5010306012352705
v10,feat_gbm,0.5,43,327,-3.9009358268037757,-4.393123087746285
v10,feat_gbm,0.5,43,328,0.40425229216192193,0.6439364857563509
v10,feat_gbm,0.5,43,329,-2.9640863760556893,-2.60760252445046
v10,feat_gbm,0.5,43,330,0.6472052749912154,0.46983427811083467
v10,feat_gbm,0.5,43,331,-0.9041768528479973,-1.149354435920189
v10,feat_gbm,0.5,43,332,-2.295883380616686,-1.0961264399974935
v10,feat_gbm,0.5,43,333,1.0276452350799294,1.4253561556633074
v10,feat_gbm,0.5,43,334,1.164181258301377,1.0406546288822482
v10,feat_gbm,0.5,43,335,-0.31399907864153526,-0.1286217558512718
v10,feat_gbm,0.5,43,336,-1.7283230128522211,-1.7275974260064488
v10,feat_gbm,0.5,43,337,-3.3150756665580934,-4.535227665039715
v10,feat_gbm,0.5,43,338,-0.6081865984859984,-1.078833843619319
v10,feat_gbm,0.5,43,339,-1.7790624620669773,-2.035297396751524
v10,feat_gbm,0.5,43,340,0.02629037542135766,0.4788286932125707
v10,feat_gbm,0.5,43,341,-0.1661318841652193,-0.4595082096564039
v10,feat_gbm,0.5,43,342,-3.8376966710147986,-3.653430804591794
v10,feat_gbm,0.5,43,343,0.4557340948436397,0.2834522663037432
v10,feat_gbm,0.5,43,344,-0.0439141761014972,-0.15984972455285287
v10,feat_gbm,0.5,43,345,-2.0664600894635967,-3.8822970119574354
v10,feat_gbm,0.5,43,346,-2.7086930129843836,-2.5801989990218064
v10,feat_gbm,0.5,43,347,-3.5785587855543635,-3.2622630695286134
v10,feat_gbm,0.5,43,348,-0.8223955448184112,-0.4894561152880944
v10,feat_gbm,0.5,43,349,-3.6652190981830475,-3.0223552414624764
v10,feat_gbm,0.5,43,350,0.7248193973509379,0.4215072765335228
v10,feat_gbm,0.5,43,351,-1.9498514509543083,-1.8152752103400673
v10,feat_gbm,0.5,43,352,0.8343696853753781,1.102263670511441
v10,feat_gbm,0.5,43,353,1.0850652077919272,1.4454852001466738
v10,feat_gbm,0.5,43,354,-3.560461625981886,-3.6770060333191017
v10,feat_gbm,0.5,43,355,-3.769105044934497,-5.078652858832153
v10,feat_gbm,0.5,43,356,0.5097962972803588,0.7815322159665122
v10,feat_gbm,0.5,43,357,0.6633669015107968,0.6775133790495483
v10,feat_gbm,0.5,43,358,-3.67566042197386,-3.5163570325540956
v10,feat_gbm,0.5,43,359,-2.9799839062789912,-4.157760523739404
v10,feat_gbm,0.5,43,360,-0.1774282634613159,-0.18386357284099003
v10,feat_gbm,0.5,43,361,-4.062476421030435,-4.477383009144865
v10,feat_gbm,0.5,43,362,0.13492322178041122,0.2909126951240761
v10,feat_gbm,0.5,43,363,-3.4637679850501772,-3.5121531596302606
v10,feat_gbm,0.5,43,364,0.031889772104489525,-0.0019354464452207268
v10,feat_gbm,0.5,43,365,-3.3984910031203466,-3.264666087597375
v10,feat_gbm,0.5,43,366,-1.3361582394120313,-1.4961090632143375
v10,feat_gbm,0.5,43,367,-0.10521300932448698,-0.10305907560987346
v10,feat_gbm,0.5,43,368,0.11803307914351333,0.24601275195113992
v10,feat_gbm,0.5,43,369,-1.8347547186379078,-1.6400355118163064
v10,feat_gbm,0.5,43,370,-1.1727740425221356,-1.5399226532969161
v10,feat_gbm,0.5,43,371,-0.11080295483160843,-0.3336387161155974
v10,feat_gbm,0.5,43,372,0.40507929855272085,0.3185760540422761
v10,feat_gbm,0.5,43,373,-0.32192047070752033,-0.30756424411789
v10,feat_gbm,0.5,43,374,-3.8333005969936127,-3.551435429619069
v10,feat_gbm,0.5,43,375,0.03687839323361792,-0.12846918127015178
v10,feat_gbm,0.5,43,376,0.5528495334030854,0.43413099611324796
v10,feat_gbm,0.5,43,377,0.7334650193049452,0.8095384731463161
v10,feat_gbm,0.5,43,378,0.08436257550095122,0.20303525329731625
v10,feat_gbm,0.5,43,379,0.58283044561542,0.524784145223057
v10,feat_gbm,0.5,43,380,0.33988934402714877,0.8722609808312535
v10,feat_gbm,0.5,43,381,0.7042515534383311,1.0190202163897197
v10,feat_gbm,0.5,43,382,0.6255306823256931,1.2715191268303472
v10,feat_gbm,0.5,43,383,0.009132630056954869,-0.13923746667536385
v10,feat_gbm,0.5,43,384,-1.416464146695752,-1.7983983483294153
v10,feat_gbm,0.5,43,385,0.4216666337718525,0.5606037150840157
v10,feat_gbm,0.5,43,386,0.7091408484741617,0.6003456151224621
v10,feat_gbm,0.5,43,387,0.9067360790107054,1.3071718981356573
v10,feat_gbm,0.5,43,388,-0.366111475886988,-0.19457283568776126
v10,feat_gbm,0.5,43,389,-1.1436784219273681,-0.981880356960367
v10,feat_gbm,0.5,43,390,-3.0819464452411864,-2.628024059072158
v10,feat_gbm,0.5,43,391,-2.5489367846130637,-2.479262758098376
v10,feat_gbm,0.5,43,392,-2.1523444033656576,-2.207941629114672
v10,feat_gbm,0.5,43,393,-2.9384667341140895,-2.806586620215901
v10,feat_gbm,0.5,43,394,-0.11455020721551681,-0.16842623590390868
v10,feat_gbm,0.5,43,395,0.6366272755880561,0.3596423409999632
v10,feat_gbm,0.5,43,396,-2.5043702649848663,-3.117667066362407
v10,feat_gbm,0.5,43,397,0.7085834342845431,0.6134086288650079
v10,feat_gbm,0.5,43,398,0.6950891343750478,0.5049020087080688
v10,feat_gbm,0.5,43,399,-1.2807075313164236,-1.0548605918119196
v10,feat_gbm,0.5,43,400,-2.8493546930532436,-2.877676775828332
v10,feat_gbm,0.5,43,401,0.13137590520718354,0.015654415635624343
v10,feat_gbm,0.5,43,402,-0.7352791112683614,-0.7027824676465185
v10,feat_gbm,0.5,43,403,0.2505587140156551,0.6733427913489138
v10,feat_gbm,0.5,43,404,0.25244729798214965,0.03259550049258387
v10,feat_gbm,0.5,43,405,-3.5385488573046717,-3.4179416205706223
v10,feat_gbm,0.5,43,406,-1.4648607757566583,-1.6563158072976616
v10,feat_gbm,0.5,43,407,0.5386639010141425,0.3281041495218151
v10,feat_gbm,0.5,43,408,-1.4667033824225226,-1.498502430121411
v10,feat_gbm,0.5,43,409,-1.6520551106385257,-1.5390850133499359
v10,feat_gbm,0.5,43,410,-2.573979229503475,-3.8769914364338094
v10,feat_gbm,0.5,43,411,-1.175999265828636,-1.1093409530974205
v10,feat_gbm,0.5,43,412,-2.5431141373027177,-2.1356441225652167
v10,feat_gbm,0.5,43,413,0.4153428145695178,0.5613925387002681
v10,feat_gbm,0.5,43,414,-2.4164015273902777,-2.672303525149137
v10,feat_gbm,0.5,43,415,0.8741883742049069,0.9887747910888531
v10,feat_gbm,0.5,43,416,-1.9097675897049073,-2.064740642123073
v10,feat_gbm,0.5,43,417,-0.6864770248803604,-0.13534283366780814
v10,feat_gbm,0.5,43,418,0.12895519987163798,0.5266566940316069
v10,feat_gbm,0.5,43,419,-0.8334078303481862,-0.7929716308762645
v10,feat_gbm,0.5,43,420,0.14552519492349175,0.22081989653443584
v10,feat_gbm,0.5,43,421,-3.6429471313298913,-3.4911396429773087
v10,feat_gbm,0.5,43,422,0.001638183798296999,0.4691563032653497
v10,feat_gbm,0.5,43,423,-0.0057840323443639615,-0.21242164749251408
v10,feat_gbm,0.5,43,424,-2.2692920087610835,-2.0235730224261497
v10,feat_gbm,0.5,43,425,-0.04065444888145615,0.1881042769243711
v10,feat_gbm,0.5,43,426,-0.9000189845873339,-0.7546830882020855
v10,feat_gbm,0.5,43,427,-2.2393723511103247,-2.004418163271322
v10,feat_gbm,0.5,43,428,-0.1684100494418443,0.08108350485015015
v10,feat_gbm,0.5,43,429,-1.2421189986748509,-0.8958783842144782
v10,feat_gbm,0.5,43,430,-0.6622440756752662,-0.700178367515834
v10,feat_gbm,0.5,43,431,-1.9583769428928122,-2.026447754843476
v10,feat_gbm,0.5,43,432,-3.2760370023429126,-3.3644112924118934
v10,feat_gbm,0.5,43,433,-2.1494246845841207,-2.4777804975332844
v10,feat_gbm,0.5,43,434,-3.653279715253393,-3.6407879329147783
v10,feat_gbm,0.5,43,435,0.5238556064707582,0.8140524350977956
v10,feat_gbm,0.5,43,436,-0.4864730915567921,-0.6342245759550225
v10,feat_gbm,0.5,43,437,-1.0928057634998856,-1.0170271575608654
v10,feat_gbm,0.5,43,438,0.7722532773813989,1.2058566336630974
v10,feat_gbm,0.5,43,439,0.855433469637669,1.04159183954478
v10,feat_gbm,0.5,43,440,-1.0992039477406426,-0.383754051292973
v10,feat_gbm,0.5,43,441,1.040317805892011,0.9717849563735496
v10,feat_gbm,0.5,43,442,0.8665994042489927,0.915394257773604
v10,feat_gbm,0.5,43,443,0.034211260559057724,0.17619398118278368
v10,feat_gbm,0.5,43,444,-2.4623510663096284,-2.3026142847949007
v10,feat_gbm,0.5,43,445,-1.2861000576101653,-2.156995715227189
v10,feat_gbm,0.5,43,446,-2.2621087890342855,-1.9647154613855007
v10,feat_gbm,0.5,43,447,-1.047226606942035,-1.2167428909736953
v10,feat_gbm,0.5,43,448,-0.3327948787193982,0.371748058948411
v10,feat_gbm,0.5,43,449,-3.7117476346507368,-3.354914600670279
v10,feat_gbm,0.5,43,450,-2.7548446488802205,-2.0984010901330774
v10,feat_gbm,0.5,43,451,-1.9187259781641421,-1.8411195968283314
v10,feat_gbm,0.5,43,452,-0.12148287198798831,-0.2866386615093297
v10,feat_gbm,0.5,43,453,-1.6545724663319628,-2.1769502099219324
v10,feat_gbm,0.5,43,454,0.3120393386473486,0.851829112076475
v10,feat_gbm,0.5,43,455,0.20685397451363438,-0.5174982843777256
v10,feat_gbm,0.5,43,456,-2.9644119258405075,-3.7883351795095335
v10,feat_gbm,0.5,43,457,-1.4358477332879063,-1.3225504843777425
v10,feat_gbm,0.5,43,458,-0.5512649817931345,-0.6304710111145473
v10,feat_gbm,0.5,43,459,-3.0483479163246354,-2.867776928577639
v10,feat_gbm,0.5,43,460,-0.5742639304081972,-0.20106453453544149
v10,feat_gbm,0.5,43,461,0.20073835376685822,0.565413433251147
v10,feat_gbm,0.5,43,462,0.3881299756776492,0.6531860801292728
v10,feat_gbm,0.5,43,463,-3.2445521083646542,-3.295531334571209
v10,feat_gbm,0.5,43,464,-0.9005558233266582,-1.118951529136503
v10,feat_gbm,0.5,43,465,-0.10109660214188086,0.08535922256033004
v10,feat_gbm,0.5,43,466,-0.19562990967421975,0.2656879386171551
v10,feat_gbm,0.5,43,467,-0.9128055279043717,-1.0764680911985907
v10,feat_gbm,0.5,43,468,1.200804424416287,2.2503813782282114
v10,feat_gbm,0.5,43,469,-0.04640953926502796,-0.029700274932011248
v10,feat_gbm,0.5,43,470,-2.5279144660236046,-2.1918010579584375
v10,feat_gbm,0.5,43,471,-0.19732206173052208,-0.12537364897776127
v10,feat_gbm,0.5,43,472,-1.4896427865278672,-1.3714574409892777
v10,feat_gbm,0.5,43,473,-1.932374390745821,-1.0216450817816245
v10,feat_gbm,0.5,43,474,-0.8675219432999612,-0.8313233833759152
v10,feat_gbm,0.5,43,475,-2.907023444454491,-3.25243582884057
v10,feat_gbm,0.5,43,476,0.6023576227341388,0.8737365575305754
v10,feat_gbm,0.5,43,477,-1.9879888157996743,-1.8373017486027088
v10,feat_gbm,0.5,43,478,-1.4224349557687423,-1.909749317133085
v10,feat_gbm,0.5,43,479,0.4354547142547444,0.418341725137149
v10,feat_gbm,0.5,43,480,-2.812938882709807,-2.8689304810445995
v10,feat_gbm,0.5,43,481,-4.576530850429564,-3.9192950012633494
v10,feat_gbm,0.5,43,482,0.650192686573499,0.8191907452202399
v10,feat_gbm,0.5,43,483,-2.809084065679396,-2.7371748494528005
v10,feat_gbm,0.5,43,484,0.06069006129336989,0.043868991079412875
v10,feat_gbm,0.5,43,485,-3.013850750233566,-3.9571024828402512
v10,feat_gbm,0.5,43,486,-1.0377182390095494,-0.8286091055291892
v10,feat_gbm,0.5,43,487,1.2998012541039257,1.1086460137612473
v10,feat_gbm,0.5,43,488,-0.9779443085010375,-1.0899995989348372
v10,feat_gbm,0.5,43,489,-2.8992267402319682,-2.9260181182274523
v10,feat_gbm,0.5,43,490,0.09188143890863852,0.01778898425240747
v10,feat_gbm,0.5,43,491,-0.6056018603769462,-0.388546054063584
v10,feat_gbm,0.5,43,492,-0.6365630507643574,-0.8483910406321095
v10,feat_gbm,0.5,43,493,-2.67802355395169,-2.4855190663855797
v10,feat_gbm,0.5,43,494,-0.4589804420799088,-0.6027729178489412
v10,feat_gbm,0.5,43,495,-1.3022046271118042,-1.5285925057254015
v10,feat_gbm,0.5,43,496,0.7606922364512612,1.0092174422839322
v10,feat_gbm,0.5,43,497,-2.6898345513277406,-2.421052301727873
v10,feat_gbm,0.5,43,498,-3.213812903805972,-3.2283141264699093
v10,feat_gbm,0.5,43,499,-4.265910760578011,-4.907212199848568
v10,feat_gbm,0.5,44,0,-0.21011602584963382,0.03894909458183669
v10,feat_gbm,0.5,44,1,-2.4132831082839314,-2.5052564746229193
v10,feat_gbm,0.5,44,2,0.6734758011864822,0.6287827851917782
v10,feat_gbm,0.5,44,3,-3.212188548055856,-3.3447289283878643
v10,feat_gbm,0.5,44,4,1.0444809151978225,0.9694015026406426
v10,feat_gbm,0.5,44,5,-2.3143401747960626,-2.4693709778233526
v10,feat_gbm,0.5,44,6,-0.10422316651406363,-0.2819211013310965
v10,feat_gbm,0.5,44,7,0.6273768780922849,0.5289578846490461
v10,feat_gbm,0.5,44,8,0.2990564615028159,0.032863622186365654
v10,feat_gbm,0.5,44,9,1.028434178590475,0.9352707853930591
v10,feat_gbm,0.5,44,10,-2.005672959030168,-1.5987558134683666
v10,feat_gbm,0.5,44,11,-3.0786923560386468,-3.2678706438993954
v10,feat_gbm,0.5,44,12,-2.189827113808696,-2.445380546146449
v10,feat_gbm,0.5,44,13,-0.16371836432213654,-0.4471217519653716
v10,feat_gbm,0.5,44,14,-1.8317148222679234,-1.8343062920535937
v10,feat_gbm,0.5,44,15,-2.479669949922596,-2.278287047942225
v10,feat_gbm,0.5,44,16,-0.7622401956342967,-1.113015507562239
v10,feat_gbm,0.5,44,17,-0.815282480720639,-1.149386040828735
v10,feat_gbm,0.5,44,18,-0.4942890028448257,-0.4541092694382234
v10,feat_gbm,0.5,44,19,-3.1454365892984724,-2.8798658660471284
v10,feat_gbm,0.5,44,20,-3.3104677345052904,-3.281006200299989
v10,feat_gbm,0.5,44,21,-0.7442594849408413,-0.7889402030111288
v10,feat_gbm,0.5,44,22,-0.9463087370564567,-0.48114593055133975
v10,feat_gbm,0.5,44,23,-2.5785870785557248,-2.8038114998165153
v10,feat_gbm,0.5,44,24,-2.8398262094095044,-2.6726430450531393
v10,feat_gbm,0.5,44,25,-3.2342290791108663,-3.141178249464176
v10,feat_gbm,0.5,44,26,-3.4654825266568814,-3.8612362310489847
v10,feat_gbm,0.5,44,27,-2.7350435427579045,-3.085821277369337
v10,feat_gbm,0.5,44,28,-2.2408637146423738,-2.1153791712035637
v10,feat_gbm,0.5,44,29,-0.6316195461258823,-0.5854112868629942
v10,feat_gbm,0.5,44,30,0.11290268949714961,0.13849791927417068
v10,feat_gbm,0.5,44,31,-2.842779103742902,-2.779654184179668
v10,feat_gbm,0.5,44,32,0.9694353727327184,0.9166392391011026
v10,feat_gbm,0.5,44,33,-1.661708928635557,-2.134444297962007
v10,feat_gbm,0.5,44,34,0.7748074292831885,1.1224191581864646
v10,feat_gbm,0.5,44,35,-2.734874703637887,-2.7514680837461087
v10,feat_gbm,0.5,44,36,0.7110604009132425,0.7493710802437775
v10,feat_gbm,0.5,44,37,-2.313587294611577,-2.157600461660938
v10,feat_gbm,0.5,44,38,-1.804518222926851,-1.7436371170468024
v10,feat_gbm,0.5,44,39,0.8119795520876942,0.632388610685479
v10,feat_gbm,0.5,44,40,-1.2489267802654955,-1.5024753827969588
v10,feat_gbm,0.5,44,41,-2.9185706179251993,-2.936018587066778
v10,feat_gbm,0.5,44,42,-0.05592940766804299,-0.06406961406287034
v10,feat_gbm,0.5,44,43,-0.574696673795001,-0.43711075337934485
v10,feat_gbm,0.5,44,44,0.4781868754338808,0.521724778538647
v10,feat_gbm,0.5,44,45,0.5249177576194965,-0.02881562555915001
v10,feat_gbm,0.5,44,46,-3.166077068158792,-2.6856700943784895
v10,feat_gbm,0.5,44,47,-3.549116871056175,-3.3419513202228783
v10,feat_gbm,0.5,44,48,-0.5050888807402616,-0.35240032436669677
v10,feat_gbm,0.5,44,49,-3.6210889801231714,-4.466027560457086
v10,feat_gbm,0.5,44,50,-1.0661737404341383,-1.2227887404747313
v10,feat_gbm,0.5,44,51,-3.5884880930379808,-4.168130875201601
v10,feat_gbm,0.5,44,52,-2.5530701928212167,-2.1825653069440887
v10,feat_gbm,0.5,44,53,-2.589332975035909,-2.816977102698189
v10,feat_gbm,0.5,44,54,-1.10940248240478,-0.9520374156321785
v10,feat_gbm,0.5,44,55,0.5996441439252831,0.800460094219776
v10,feat_gbm,0.5,44,56,0.37617356042351996,0.2782562560211116
v10,feat_gbm,0.5,44,57,-0.14374565065144576,-0.7855200046266205
v10,feat_gbm,0.5,44,58,-2.915580207700966,-2.837973637743256
v10,feat_gbm,0.5,44,59,0.27642100854289914,0.3653424354755994
v10,feat_gbm,0.5,44,60,-3.0505650832768834,-3.145987746693799
v10,feat_gbm,0.5,44,61,-2.2847304618031714,-2.1381844357326614
v10,feat_gbm,0.5,44,62,0.7071625125878919,0.3908315550690521
v10,feat_gbm,0.5,44,63,-3.4189921253355284,-3.259739876316779
v10,feat_gbm,0.5,44,64,-3.8686431152482665,-3.799325775609258
v10,feat_gbm,0.5,44,65,-0.12258873308605737,0.2842997557356093
v10,feat_gbm,0.5,44,66,0.5770894266504942,0.9099380077885143
v10,feat_gbm,0.5,44,67,0.4219131463815475,0.5741223235018287
v10,feat_gbm,0.5,44,68,1.0632822373460302,1.3807263582335993
v10,feat_gbm,0.5,44,69,0.7179054718856104,2.7357387204405055
v10,feat_gbm,0.5,44,70,-0.22417294617027353,-0.3782017485149665
v10,feat_gbm,0.5,44,71,-0.6421362887888166,-0.6946521973220513
v10,feat_gbm,0.5,44,72,-3.449512483188951,-3.510295151868067
v10,feat_gbm,0.5,44,73,-0.18508596659310841,-0.3643686170400702
v10,feat_gbm,0.5,44,74,1.2169455066058215,1.1835884152793859
v10,feat_gbm,0.5,44,75,-0.049179504307701835,-0.38644824542838596
v10,feat_gbm,0.5,44,76,0.23098815574667442,0.7005004452467647
v10,feat_gbm,0.5,44,77,0.19926649969943885,0.3770911051312199
v10,feat_gbm,0.5,44,78,-0.7632076940690531,-0.5374783823521183
v10,feat_gbm,0.5,44,79,-2.713216602459108,-3.2499450611549854
v10,feat_gbm,0.5,44,80,-1.8179926455830433,-1.719925172279684
v10,feat_gbm,0.5,44,81,1.0606186523793228,1.8185710395242058
v10,feat_gbm,0.5,44,82,-1.090407455537523,-1.0758778979961314
v10,feat_gbm,0.5,44,83,-0.38700658569109353,-0.8033140510569362
v10,feat_gbm,0.5,44,84,-2.271794259219851,-2.0837035815006346
v10,feat_gbm,0.5,44,85,-0.943061092463524,-1.2430797823904942
v10,feat_gbm,0.5,44,86,0.8139138902608049,0.639317965424242
v10,feat_gbm,0.5,44,87,-0.2716896835373488,-0.02321591952008587
v10,feat_gbm,0.5,44,88,-3.3689276195827835,-3.512086916650174
v10,feat_gbm,0.5,44,89,-1.7946584267946473,-1.684363733317816
v10,feat_gbm,0.5,44,90,-3.8534560635076396,-3.5341996208099964
v10,feat_gbm,0.5,44,91,0.7870750058739774,1.1574629997660548
v10,feat_gbm,0.5,44,92,-0.9574800492313352,-0.7651863719989663
v10,feat_gbm,0.5,44,93,-4.037843348991535,-5.7708125015304885
v10,feat_gbm,0.5,44,94,0.2338955565242793,0.07374698385127064
v10,feat_gbm,0.5,44,95,0.6472498662541705,1.201566413592891
v10,feat_gbm,0.5,44,96,1.4881048109470854,1.2655480006709303
v10,feat_gbm,0.5,44,97,-3.580612178877545,-3.2217777708537843
v10,feat_gbm,0.5,44,98,-1.615656499621657,-1.2120387208328698
v10,feat_gbm,0.5,44,99,-0.390638809685761,-0.04015373686183237
v10,feat_gbm,0.5,44,100,-2.645431396350074,-2.8384481914339785
v10,feat_gbm,0.5,44,101,-3.3131758660827897,-3.541068619782685
v10,feat_gbm,0.5,44,102,-3.830734011207789,-4.424727465058162
v10,feat_gbm,0.5,44,103,-0.5957261068139998,-0.7652009130347144
v10,feat_gbm,0.5,44,104,-0.8597973722249477,-0.406664655497914
v10,feat_gbm,0.5,44,105,-2.700071318469157,-2.8019031633754246
v10,feat_gbm,0.5,44,106,-1.1168422030591527,-1.1978192780958505
v10,feat_gbm,0.5,44,107,-1.2859226768152712,-1.2497822804421463
v10,feat_gbm,0.5,44,108,-0.04083243305302376,-0.2003702404752673
v10,feat_gbm,0.5,44,109,-0.282257395880608,-0.28745536208379296
v10,feat_gbm,0.5,44,110,0.5968196258280388,0.2838469771831524
v10,feat_gbm,0.5,44,111,0.3274480768441816,0.6579850926301614
v10,feat_gbm,0.5,44,112,-0.2073182721814198,-0.4279263804064609
v10,feat_gbm,0.5,44,113,0.6940062969001377,0.527327823801956
v10,feat_gbm,0.5,44,114,-3.6534454650085273,-3.652947895428966
v10,feat_gbm,0.5,44,115,-1.0549292905853,-0.04287987221360797
v10,feat_gbm,0.5,44,116,-3.727114043882513,-3.4409421360670214
v10,feat_gbm,0.5,44,117,-2.5589634328364443,-2.4284095097884006
v10,feat_gbm,0.5,44,118,-1.855509770380957,-1.419217075367618
v10,feat_gbm,0.5,44,119,-2.2590775881716176,-1.4944271796191557
v10,feat_gbm,0.5,44,120,-3.02212135081849,-2.797137626437216
v10,feat_gbm,0.5,44,121,1.7489200122498987,3.1321125804877905
v10,feat_gbm,0.5,44,122,-2.497668877720926,-3.164895556438051
v10,feat_gbm,0.5,44,123,0.10170836845116539,-0.021234684620174846
v10,feat_gbm,0.5,44,124,-1.548111291092268,-1.246001114532972
v10,feat_gbm,0.5,44,125,-2.590742797963219,-2.7130193085566443
v10,feat_gbm,0.5,44,126,-2.15453234814383,-2.0560780011130944
v10,feat_gbm,0.5,44,127,-1.527833536247328,-1.631222331554067
v10,feat_gbm,0.5,44,128,-2.730459483041049,-3.477307725783656
v10,feat_gbm,0.5,44,129,1.12318366484803,1.7007542891568868
v10,feat_gbm,0.5,44,130,-3.9947019215052038,-3.4021624962570822
v10,feat_gbm,0.5,44,131,-3.311363819444967,-3.701149444421242
v10,feat_gbm,0.5,44,132,-0.22132651138578713,-0.4116741376471012
v10,feat_gbm,0.5,44,133,-0.5856474111746188,-0.5680375850475197
v10,feat_gbm,0.5,44,134,-1.3267577596752487,-1.4788189923590598
v10,feat_gbm,0.5,44,135,-2.4715274557917297,-2.9896549957503007
v10,feat_gbm,0.5,44,136,0.3534251454779716,0.11194117436713467
v10,feat_gbm,0.5,44,137,1.2037194771728827,1.7147062893715772
v10,feat_gbm,0.5,44,138,-2.1454902302117964,-1.9709125209383296
v10,feat_gbm,0.5,44,139,0.013336737967446983,0.19937477723826902
v10,feat_gbm,0.5,44,140,-2.840031717857885,-2.8223726616431475
v10,feat_gbm,0.5,44,141,-0.12518490453083175,-0.12380828599000025
v10,feat_gbm,0.5,44,142,-3.03183689048607,-2.97521232911642
v10,feat_gbm,0.5,44,143,-2.11095642053889,-1.9484557479617686
v10,feat_gbm,0.5,44,144,1.152607113215765,1.244093655886106
v10,feat_gbm,0.5,44,145,-2.324911735017327,-2.0280859266176816
v10,feat_gbm,0.5,44,146,-2.0237251136549377,-2.0754073031653366
v10,feat_gbm,0.5,44,147,0.15511569735278766,-0.11331641159387335
v10,feat_gbm,0.5,44,148,-2.3831000890982272,-2.620298039600635
v10,feat_gbm,0.5,44,149,-3.057444552913713,-3.8395532227602396
v10,feat_gbm,0.5,44,150,-1.982484935858184,-2.149698272240366
v10,feat_gbm,0.5,44,151,-3.2264269380934962,-3.1594376779318036
v10,feat_gbm,0.5,44,152,-2.2830152334883156,-2.7712141114581046
v10,feat_gbm,0.5,44,153,-1.2184682472776267,-1.1483368403810985
v10,feat_gbm,0.5,44,154,-1.1123627673944552,-1.4700676700115773
v10,feat_gbm,0.5,44,155,0.9654390945411016,1.4088416749712322
v10,feat_gbm,0.5,44,156,0.5233878171577949,0.7564704220494097
v10,feat_gbm,0.5,44,157,-2.159198620696481,-1.7148995557963913
v10,feat_gbm,0.5,44,158,-2.4138212303092823,-2.8595355115547196
v10,feat_gbm,0.5,44,159,-1.1476132477616832,-0.9922400520728849
v10,feat_gbm,0.5,44,160,0.32437182488113947,1.8585227307534937
v10,feat_gbm,0.5,44,161,-2.4368901921323465,-2.477654537850602
v10,feat_gbm,0.5,44,162,-3.0554315421488667,-2.993764039868935
v10,feat_gbm,0.5,44,163,-1.1964062122393755,-1.1722671160336509
v10,feat_gbm,0.5,44,164,-1.8179128331708894,-1.6577576086204497
v10,feat_gbm,0.5,44,165,-2.8697306719208506,-2.9770186999323642
v10,feat_gbm,0.5,44,166,-3.55263467399644,-3.2329952824425443
v10,feat_gbm,0.5,44,167,-0.12068804310425282,0.19550508612775644
v10,feat_gbm,0.5,44,168,-0.9737794671298399,-1.2639642813248737
v10,feat_gbm,0.5,44,169,1.5328822075485118,1.4224064134580066
v10,feat_gbm,0.5,44,170,-2.2653787359206365,-1.5303724784706008
v10,feat_gbm,0.5,44,171,0.7939211012542273,0.6086346650572224
v10,feat_gbm,0.5,44,172,0.11114053679243317,-0.052232489626048526
v10,feat_gbm,0.5,44,173,-0.21940230998595878,-0.19074605880313256
v10,feat_gbm,0.5,44,174,-2.574664556930452,-2.7678232596734214
v10,feat_gbm,0.5,44,175,-2.282142139256886,-1.6557092188829319
v10,feat_gbm,0.5,44,176,0.19447136998883927,0.12081831439914445
v10,feat_gbm,0.5,44,177,0.8446212495812812,3.7031714993021168
v10,feat_gbm,0.5,44,178,-0.2522349265935161,-0.17761292562564054
v10,feat_gbm,0.5,44,179,0.12404914661440328,0.2295122735959306
v10,feat_gbm,0.5,44,180,-1.6328599856705448,-1.6401012725318311
v10,feat_gbm,0.5,44,181,-2.269211109205098,-3.399461101549646
v10,feat_gbm,0.5,44,182,0.48854262317976166,0.5421608664871393
v10,feat_gbm,0.5,44,183,-4.001360511136945,-3.7858185839721776
v10,feat_gbm,0.5,44,184,0.5147783134766634,0.4440956773301304
v10,feat_gbm,0.5,44,185,0.32092997141152857,0.5450962365111649
v10,feat_gbm,0.5,44,186,-3.268000592690067,-3.094441269353033
v10,feat_gbm,0.5,44,187,1.2131401460709954,1.436275522654785
v10,feat_gbm,0.5,44,188,-0.06134238647151399,-0.003208414280501246
v10,feat_gbm,0.5,44,189,-1.8809483737704773,-2.0766448721687736
v10,feat_gbm,0.5,44,190,-3.0495843458254597,-2.887011097372245
v10,feat_gbm,0.5,44,191,-0.044404776949742514,-0.19564387773269687
v10,feat_gbm,0.5,44,192,-3.7217999256022343,-3.39219136175158
v10,feat_gbm,0.5,44,193,-4.335129831051793,-4.804455114758695
v10,feat_gbm,0.5,44,194,-0.0022444554527186744,-0.23230879418151415
v10,feat_gbm,0.5,44,195,1.0124602132689242,0.7768952289284052
v10,feat_gbm,0.5,44,196,-3.6696514273288714,-3.0758975731441707
v10,feat_gbm,0.5,44,197,1.8265232112650553,1.8852948766094535
v10,feat_gbm,0.5,44,198,0.087229396763861,-0.07474663349946693
v10,feat_gbm,0.5,44,199,1.21693552504443,0.9295509098669842
v10,feat_gbm,0.5,44,200,0.25134056848695,0.40408761039079466
v10,feat_gbm,0.5,44,201,-1.307969032204444,-1.0185563947000995
v10,feat_gbm,0.5,44,202,-1.593387581142878,-1.5812541435625456
v10,feat_gbm,0.5,44,203,-2.3201564145071396,-2.9269603411540346
v10,feat_gbm,0.5,44,204,-0.05896025644766874,-0.9368237022381455
v10,feat_gbm,0.5,44,205,-0.6845205832150424,-0.771906247259438
v10,feat_gbm,0.5,44,206,-1.9730933212229298,-1.4457766532498904
v10,feat_gbm,0.5,44,207,-2.6873964232306493,-2.4752738768021185
v10,feat_gbm,0.5,44,208,-2.798204274332534,-2.8789590131308262
v10,feat_gbm,0.5,44,209,-2.3797116557702855,-2.6986856152036793
v10,feat_gbm,0.5,44,210,-0.031303786415051056,0.05837096406180189
v10,feat_gbm,0.5,44,211,-2.979250883412072,-2.2327070274631113
v10,feat_gbm,0.5,44,212,0.044546357678031834,0.15758807445032513
v10,feat_gbm,0.5,44,213,0.616264204248026,0.5234750924970406
v10,feat_gbm,0.5,44,214,1.0437893019466826,0.8312555987922697
v10,feat_gbm,0.5,44,215,-0.5548719445066903,-0.7699972654610447
v10,feat_gbm,0.5,44,216,-2.5020247948619905,-2.4368834827463726
v10,feat_gbm,0.5,44,217,-3.381405163599572,-3.7421886443248944
v10,feat_gbm,0.5,44,218,-4.45474007388855,-4.3753265313120195
v10,feat_gbm,0.5,44,219,0.13690871297704224,0.13181597567614448
v10,feat_gbm,0.5,44,220,-2.6041865471565853,-2.150299196146146
v10,feat_gbm,0.5,44,221,0.3962359831075788,0.4316281043505307
v10,feat_gbm,0.5,44,222,0.614523670227407,0.20581216265343685
v10,feat_gbm,0.5,44,223,-2.0805022924479104,-1.7226779576420432
v10,feat_gbm,0.5,44,224,1.073561811639493,1.0701061526100661
v10,feat_gbm,0.5,44,225,-2.3298848325883696,-2.995983076644188
v10,feat_gbm,0.5,44,226,-0.23797011470489882,-0.39103048890459524
v10,feat_gbm,0.5,44,227,-2.31219778665799,-2.811377433191803
v10,feat_gbm,0.5,44,228,0.03147971363990912,0.1103569248772952
v10,feat_gbm,0.5,44,229,0.7769443801968194,1.0926797996732165
v10,feat_gbm,0.5,44,230,-1.290428781679164,-1.1465469989616057
v10,feat_gbm,0.5,44,231,-3.6856175755598795,-3.7045714701961474
v10,feat_gbm,0.5,44,232,-0.23542705162688282,-0.3205795311611984
v10,feat_gbm,0.5,44,233,-0.39280892809000284,-0.7282288274356463
v10,feat_gbm,0.5,44,234,-0.551739417745054,-0.6143938277881194
v10,feat_gbm,0.5,44,235,-3.179814429136928,-3.717493513170671
v10,feat_gbm,0.5,44,236,-2.0822433781830756,-1.894186438607053
v10,feat_gbm,0.5,44,237,-0.06437089595517492,0.19101892391720615
v10,feat_gbm,0.5,44,238,-2.4152645456099497,-2.723653519266766
v10,feat_gbm,0.5,44,239,0.2034794094205839,0.28172679866345784
v10,feat_gbm,0.5,44,240,-0.898982815061058,-0.570916259780521
v10,feat_gbm,0.5,44,241,-2.407395702201496,-3.037607674189957
v10,feat_gbm,0.5,44,242,-2.7181852077174167,-2.4824067099880884
v10,feat_gbm,0.5,44,243,1.0523345673840758,1.793244191067856
v10,feat_gbm,0.5,44,244,-1.720875899563795,-2.170563194223024
v10,feat_gbm,0.5,44,245,-2.6306588286028942,-2.5580286375581696
v10,feat_gbm,0.5,44,246,-3.072373211317725,-3.9013363177662743
v10,feat_gbm,0.5,44,247,-1.3096667722870041,-1.2689211715035387
v10,feat_gbm,0.5,44,248,-2.8798106777202914,-2.89795980370705
v10,feat_gbm,0.5,44,249,-1.0493295085327357,-1.149470325468549
v10,feat_gbm,0.5,44,250,-2.4549431926669776,-2.1803876537888693
v10,feat_gbm,0.5,44,251,-1.1607100428738624,-1.2010659028736028
v10,feat_gbm,0.5,44,252,-2.589844008646347,-2.675840590612525
v10,feat_gbm,0.5,44,253,-0.9535094259731757,-0.865421424414132
v10,feat_gbm,0.5,44,254,-0.42999720842790806,-0.45089388998719687
v10,feat_gbm,0.5,44,255,-1.5743688347180473,-1.477655138121315
v10,feat_gbm,0.5,44,256,-2.025198517167943,-1.9234128661936198
v10,feat_gbm,0.5,44,257,-0.7426464061839793,-0.8895479413744646
v10,feat_gbm,0.5,44,258,-1.4989751879267326,-1.284701881398344
v10,feat_gbm,0.5,44,259,-0.3302648452291082,0.03791276039075724
v10,feat_gbm,0.5,44,260,-1.094371753022442,-1.213907680807544
v10,feat_gbm,0.5,44,261,-0.35355762058677714,-0.6937064881158975
v10,feat_gbm,0.5,44,262,-1.9432471883261393,-2.500344974429108
v10,feat_gbm,0.5,44,263,-3.0574293325649933,-3.0782877743164985
v10,feat_gbm,0.5,44,264,-2.7637406422291106,-3.2702790535172426
v10,feat_gbm,0.5,44,265,-0.4587528450765241,-0.15746453031192983
v10,feat_gbm,0.5,44,266,-1.4109118780605288,-1.3930653126164372
v10,feat_gbm,0.5,44,267,-3.844670859723851,-3.460520174484755
v10,feat_gbm,0.5,44,268,-2.0020334775515276,-1.8115923421665279
v10,feat_gbm,0.5,44,269,0.16182686381361394,-0.04785951915829837
v10,feat_gbm,0.5,44,270,-1.2824434617033895,-1.3387838926701625
v10,feat_gbm,0.5,44,271,0.8008428736383407,0.6172482925771328
v10,feat_gbm,0.5,44,272,0.21325480873958752,0.10718580269537517
v10,feat_gbm,0.5,44,273,-2.9175206419656954,-2.4250613993713395
v10,feat_gbm,0.5,44,274,-0.0661203338890598,-0.4656136934058211
v10,feat_gbm,0.5,44,275,-1.8559438435934155,-1.7679071058666047
v10,feat_gbm,0.5,44,276,-0.08350277023478922,-0.15192249005847586
v10,feat_gbm,0.5,44,277,-0.23900773168190578,-0.22686658439221394
v10,feat_gbm,0.5,44,278,-0.5716652864111963,-0.3963273628232521
v10,feat_gbm,0.5,44,279,-2.460588825206536,-2.1916982233579314
v10,feat_gbm,0.5,44,280,0.6154328419967878,0.5138857123822332
v10,feat_gbm,0.5,44,281,0.18159523741647765,0.13501120436460418
v10,feat_gbm,0.5,44,282,-0.14222601190824674,-0.35232291748203215
v10,feat_gbm,0.5,44,283,0.6177383710626594,0.33710059568630363
v10,feat_gbm,0.5,44,284,2.3754729956507545,2.2269494594330284
v10,feat_gbm,0.5,44,285,-0.3619268723032026,-0.8523290277873723
v10,feat_gbm,0.5,44,286,0.42795897478086753,0.5032694866056324
v10,feat_gbm,0.5,44,287,-3.581930696534808,-3.0734310124071125
v10,feat_gbm,0.5,44,288,-3.1751413990048984,-3.0969464995649485
v10,feat_gbm,0.5,44,289,0.8234942796343917,0.8088909840914691
v10,feat_gbm,0.5,44,290,-1.4213607515661977,-1.710735902712342
v10,feat_gbm,0.5,44,291,-0.27582407494539213,-0.24588513525180683
v10,feat_gbm,0.5,44,292,-2.9596017479099537,-2.9910915714149957
v10,feat_gbm,0.5,44,293,0.03678860534632823,0.24397961438558982
v10,feat_gbm,0.5,44,294,1.1946074800777675,0.9827222917401395
v10,feat_gbm,0.5,44,295,0.9510747793817999,1.5399914318848642
v10,feat_gbm,0.5,44,296,-2.7068986990594333,-3.028104854063688
v10,feat_gbm,0.5,44,297,-1.8355409278713177,-1.9675880903276046
v10,feat_gbm,0.5,44,298,0.465655713595618,0.3882116190950413
v10,feat_gbm,0.5,44,299,-0.7101873898959595,-0.4169590587595381
v10,feat_gbm,0.5,44,300,-0.4538927417140001,-0.47104701624968015
v10,feat_gbm,0.5,44,301,-0.41568590057536636,-0.5788171023402015
v10,feat_gbm,0.5,44,302,-3.607394451669612,-3.325334912618423
v10,feat_gbm,0.5,44,303,0.1211388259223435,0.27214776974989446
v10,feat_gbm,0.5,44,304,0.1369586847973262,0.2838761456734127
v10,feat_gbm,0.5,44,305,0.7775933663315281,0.98356576927226
v10,feat_gbm,0.5,44,306,-1.799332904443364,-2.324804251846344
v10,feat_gbm,0.5,44,307,-0.30497330154432617,-0.30060412365222405
v10,feat_gbm,0.5,44,308,-3.8776408595539946,-3.5706943269006843
v10,feat_gbm,0.5,44,309,0.5437607146745942,0.7657986236992217
v10,feat_gbm,0.5,44,310,-0.26911747754123594,-0.3760212383278314
v10,feat_gbm,0.5,44,311,0.7880466272005511,0.903367601886353
v10,feat_gbm,0.5,44,312,0.5196816596209998,0.2834145554969618
v10,feat_gbm,0.5,44,313,-0.5916268176787052,-0.8750381269167363
v10,feat_gbm,0.5,44,314,-1.7527767758901662,-0.8911054934067958
v10,feat_gbm,0.5,44,315,0.28172295700372413,0.2699623908229132
v10,feat_gbm,0.5,44,316,-3.6720764510359647,-4.034449774534175
v10,feat_gbm,0.5,44,317,0.276781310154101,0.7302045063515665
v10,feat_gbm,0.5,44,318,-2.0961840026643106,-2.5264159394565007
v10,feat_gbm,0.5,44,319,-3.2722682124340334,-3.1280680478747835
v10,feat_gbm,0.5,44,320,-0.05699972208325271,-0.623194388118803
v10,feat_gbm,0.5,44,321,-3.7965000932031634,-4.172922463867305
v10,feat_gbm,0.5,44,322,1.05240618837191,1.0714029341973417
v10,feat_gbm,0.5,44,323,-2.5672260609776347,-2.5538050374755565
v10,feat_gbm,0.5,44,324,-1.4039926659228266,-1.5310020975326282
v10,feat_gbm,0.5,44,325,-0.660082127087136,-0.735749980772127
v10,feat_gbm,0.5,44,326,-0.5490755123312377,-0.5010306012352705
v10,feat_gbm,0.5,44,327,-3.9772203758442495,-4.393123087746285
v10,feat_gbm,0.5,44,328,0.5460376926488293,0.6439364857563509
v10,feat_gbm,0.5,44,329,-3.048869178917295,-2.60760252445046
v10,feat_gbm,0.5,44,330,0.6303411795823841,0.46983427811083467
v10,feat_gbm,0.5,44,331,-0.9798310840824621,-1.149354435920189
v10,feat_gbm,0.5,44,332,-2.1742990296513574,-1.0961264399974935
v10,feat_gbm,0.5,44,333,1.0400960203041052,1.4253561556633074
v10,feat_gbm,0.5,44,334,1.020224842742268,1.0406546288822482
v10,feat_gbm,0.5,44,335,-0.3706975088183116,-0.1286217558512718
v10,feat_gbm,0.5,44,336,-1.76463308412957,-1.7275974260064488
v10,feat_gbm,0.5,44,337,-3.2760121606490755,-4.535227665039715
v10,feat_gbm,0.5,44,338,-0.5596321859016128,-1.078833843619319
v10,feat_gbm,0.5,44,339,-1.8568650702306844,-2.035297396751524
v10,feat_gbm,0.5,44,340,0.013210601200433637,0.4788286932125707
v10,feat_gbm,0.5,44,341,-0.538638044717835,-0.4595082096564039
v10,feat_gbm,0.5,44,342,-3.852414610941822,-3.653430804591794
v10,feat_gbm,0.5,44,343,0.4386143193545518,0.2834522663037432
v10,feat_gbm,0.5,44,344,0.15706982198409186,-0.15984972455285287
v10,feat_gbm,0.5,44,345,-2.2210045455168186,-3.8822970119574354
v10,feat_gbm,0.5,44,346,-2.5911974191328406,-2.5801989990218064
v10,feat_gbm,0.5,44,347,-3.405148434856481,-3.2622630695286134
v10,feat_gbm,0.5,44,348,-0.4806654100869191,-0.4894561152880944
v10,feat_gbm,0.5,44,349,-3.5705881057289575,-3.0223552414624764
v10,feat_gbm,0.5,44,350,0.6701469173463394,0.4215072765335228
v10,feat_gbm,0.5,44,351,-1.9430319927426327,-1.8152752103400673
v10,feat_gbm,0.5,44,352,0.8192752304266353,1.102263670511441
v10,feat_gbm,0.5,44,353,1.0820771398497522,1.4454852001466738
v10,feat_gbm,0.5,44,354,-3.53971880952157,-3.6770060333191017
v10,feat_gbm,0.5,44,355,-3.7361005616718552,-5.078652858832153
v10,feat_gbm,0.5,44,356,0.40415598272348247,0.7815322159665122
v10,feat_gbm,0.5,44,357,0.5940410312977726,0.6775133790495483
v10,feat_gbm,0.5,44,358,-3.7006474374326284,-3.5163570325540956
v10,feat_gbm,0.5,44,359,-2.973982977719268,-4.157760523739404
v10,feat_gbm,0.5,44,360,-0.12186601432479138,-0.18386357284099003
v10,feat_gbm,0.5,44,361,-4.051393104953301,-4.477383009144865
v10,feat_gbm,0.5,44,362,0.1533555474428589,0.2909126951240761
v10,feat_gbm,0.5,44,363,-3.414977945758097,-3.5121531596302606
v10,feat_gbm,0.5,44,364,0.15246806343679847,-0.0019354464452207268
v10,feat_gbm,0.5,44,365,-3.3037817568211976,-3.264666087597375
v10,feat_gbm,0.5,44,366,-1.3508680737851808,-1.4961090632143375
v10,feat_gbm,0.5,44,367,-0.06929411183261,-0.10305907560987346
v10,feat_gbm,0.5,44,368,0.15089631107275436,0.24601275195113992
v10,feat_gbm,0.5,44,369,-1.8587324093154345,-1.6400355118163064
v10,feat_gbm,0.5,44,370,-1.14353111751581,-1.5399226532969161
v10,feat_gbm,0.5,44,371,-0.0690874855494674,-0.3336387161155974
v10,feat_gbm,0.5,44,372,0.20715721705806917,0.3185760540422761
v10,feat_gbm,0.5,44,373,-0.2554410505378558,-0.30756424411789
v10,feat_gbm,0.5,44,374,-3.8382680292957088,-3.551435429619069
v10,feat_gbm,0.5,44,375,-0.048860161747257366,-0.12846918127015178
v10,feat_gbm,0.5,44,376,0.5788325997742904,0.43413099611324796
v10,feat_gbm,0.5,44,377,0.675071120840382,0.8095384731463161
v10,feat_gbm,0.5,44,378,0.14159029350970856,0.20303525329731625
v10,feat_gbm,0.5,44,379,0.7721513108178529,0.524784145223057
v10,feat_gbm,0.5,44,380,0.2576996889109175,0.8722609808312535
v10,feat_gbm,0.5,44,381,0.7907638391938612,1.0190202163897197
v10,feat_gbm,0.5,44,382,0.7059849677520003,1.2715191268303472
v10,feat_gbm,0.5,44,383,-0.009130876172472706,-0.13923746667536385
v10,feat_gbm,0.5,44,384,-1.3628301353461778,-1.7983983483294153
v10,feat_gbm,0.5,44,385,0.3324213175936802,0.5606037150840157
v10,feat_gbm,0.5,44,386,0.8217525685363832,0.6003456151224621
v10,feat_gbm,0.5,44,387,0.9155999682729952,1.3071718981356573
v10,feat_gbm,0.5,44,388,-0.34916381318995243,-0.19457283568776126
v10,feat_gbm,0.5,44,389,-1.2501069816711627,-0.981880356960367
v10,feat_gbm,0.5,44,390,-3.201080677216733,-2.628024059072158
v10,feat_gbm,0.5,44,391,-2.359207891927296,-2.479262758098376
v10,feat_gbm,0.5,44,392,-2.2017059976459805,-2.207941629114672
v10,feat_gbm,0.5,44,393,-3.0425414486652476,-2.806586620215901
v10,feat_gbm,0.5,44,394,0.05751494314955333,-0.16842623590390868
v10,feat_gbm,0.5,44,395,0.5097864077014992,0.3596423409999632
v10,feat_gbm,0.5,44,396,-2.6743102423669876,-3.117667066362407
v10,feat_gbm,0.5,44,397,0.7719402133512071,0.6134086288650079
v10,feat_gbm,0.5,44,398,0.5582787919894835,0.5049020087080688
v10,feat_gbm,0.5,44,399,-1.2648054749359867,-1.0548605918119196
v10,feat_gbm,0.5,44,400,-2.776216291798252,-2.877676775828332
v10,feat_gbm,0.5,44,401,0.16614136100126048,0.015654415635624343
v10,feat_gbm,0.5,44,402,-0.670120847019375,-0.7027824676465185
v10,feat_gbm,0.5,44,403,0.15551712649642604,0.6733427913489138
v10,feat_gbm,0.5,44,404,0.1856194614039642,0.03259550049258387
v10,feat_gbm,0.5,44,405,-3.596495210062333,-3.4179416205706223
v10,feat_gbm,0.5,44,406,-1.5879159247161767,-1.6563158072976616
v10,feat_gbm,0.5,44,407,0.4024863267945805,0.3281041495218151
v10,feat_gbm,0.5,44,408,-1.4135830268109721,-1.498502430121411
v10,feat_gbm,0.5,44,409,-1.6569989195650456,-1.5390850133499359
v10,feat_gbm,0.5,44,410,-2.413778761945677,-3.8769914364338094
v10,feat_gbm,0.5,44,411,-1.1065240095321747,-1.1093409530974205
v10,feat_gbm,0.5,44,412,-2.403412277212504,-2.1356441225652167
v10,feat_gbm,0.5,44,413,0.47732940548722197,0.5613925387002681
v10,feat_gbm,0.5,44,414,-2.4114340338330367,-2.672303525149137
v10,feat_gbm,0.5,44,415,1.0236498727582204,0.9887747910888531
v10,feat_gbm,0.5,44,416,-1.8515489198418476,-2.064740642123073
v10,feat_gbm,0.5,44,417,-0.5253154646927799,-0.13534283366780814
v10,feat_gbm,0.5,44,418,0.24958771572016633,0.5266566940316069
v10,feat_gbm,0.5,44,419,-0.946215151731174,-0.7929716308762645
v10,feat_gbm,0.5,44,420,0.17656920578562818,0.22081989653443584
v10,feat_gbm,0.5,44,421,-3.8144157341398137,-3.4911396429773087
v10,feat_gbm,0.5,44,422,0.19375252758326447,0.4691563032653497
v10,feat_gbm,0.5,44,423,-0.15238766266934367,-0.21242164749251408
v10,feat_gbm,0.5,44,424,-2.297720755120804,-2.0235730224261497
v10,feat_gbm,0.5,44,425,-0.1999371534625958,0.1881042769243711
v10,feat_gbm,0.5,44,426,-0.8808020893421781,-0.7546830882020855
v10,feat_gbm,0.5,44,427,-1.9811378904958439,-2.004418163271322
v10,feat_gbm,0.5,44,428,-0.02449369325593314,0.08108350485015015
v10,feat_gbm,0.5,44,429,-1.21969584706245,-0.8958783842144782
v10,feat_gbm,0.5,44,430,-0.578503099007394,-0.700178367515834
v10,feat_gbm,0.5,44,431,-2.1154282569942424,-2.026447754843476
v10,feat_gbm,0.5,44,432,-3.282749277557969,-3.3644112924118934
v10,feat_gbm,0.5,44,433,-1.8980071342320255,-2.4777804975332844
v10,feat_gbm,0.5,44,434,-3.6583219736488006,-3.6407879329147783
v10,feat_gbm,0.5,44,435,0.37505362331323483,0.8140524350977956
v10,feat_gbm,0.5,44,436,-0.44082991916634023,-0.6342245759550225
v10,feat_gbm,0.5,44,437,-1.0569139297045167,-1.0170271575608654
v10,feat_gbm,0.5,44,438,0.7869050418026962,1.2058566336630974
v10,feat_gbm,0.5,44,439,0.7836232461810593,1.04159183954478
v10,feat_gbm,0.5,44,440,-1.0577426257593272,-0.383754051292973
v10,feat_gbm,0.5,44,441,1.0872610399635885,0.9717849563735496
v10,feat_gbm,0.5,44,442,0.8269243588735249,0.915394257773604
v10,feat_gbm,0.5,44,443,0.0004738644155489681,0.17619398118278368
v10,feat_gbm,0.5,44,444,-2.651853988355251,-2.3026142847949007
v10,feat_gbm,0.5,44,445,-1.3114642641160559,-2.156995715227189
v10,feat_gbm,0.5,44,446,-2.2903319264182302,-1.9647154613855007
v10,feat_gbm,0.5,44,447,-1.118873570489597,-1.2167428909736953
v10,feat_gbm,0.5,44,448,-0.048200829549446156,0.371748058948411
v10,feat_gbm,0.5,44,449,-3.565650253237826,-3.354914600670279
v10,feat_gbm,0.5,44,450,-2.4443512481768312,-2.0984010901330774
v10,feat_gbm,0.5,44,451,-2.016317162742847,-1.8411195968283314
v10,feat_gbm,0.5,44,452,0.02604817533873938,-0.2866386615093297
v10,feat_gbm,0.5,44,453,-1.8772145761909025,-2.1769502099219324
v10,feat_gbm,0.5,44,454,0.43047552942443906,0.851829112076475
v10,feat_gbm,0.5,44,455,0.21680710758794805,-0.5174982843777256
v10,feat_gbm,0.5,44,456,-3.1847308183303973,-3.7883351795095335
v10,feat_gbm,0.5,44,457,-1.3557025885996525,-1.3225504843777425
v10,feat_gbm,0.5,44,458,-0.6967680482022931,-0.6304710111145473
v10,feat_gbm,0.5,44,459,-2.8116085563762727,-2.867776928577639
v10,feat_gbm,0.5,44,460,-0.5487609395306234,-0.20106453453544149
v10,feat_gbm,0.5,44,461,0.15528169533262584,0.565413433251147
v10,feat_gbm,0.5,44,462,0.4582260704686637,0.6531860801292728
v10,feat_gbm,0.5,44,463,-3.271476104990816,-3.295531334571209
v10,feat_gbm,0.5,44,464,-0.9221402580200188,-1.118951529136503
v10,feat_gbm,0.5,44,465,0.021164062299003687,0.08535922256033004
v10,feat_gbm,0.5,44,466,-0.13053264798091854,0.2656879386171551
v10,feat_gbm,0.5,44,467,-0.9344864482338098,-1.0764680911985907
v10,feat_gbm,0.5,44,468,1.4365452437652348,2.2503813782282114
v10,feat_gbm,0.5,44,469,-0.05124415636156248,-0.029700274932011248
v10,feat_gbm,0.5,44,470,-2.4440006800376843,-2.1918010579584375
v10,feat_gbm,0.5,44,471,-0.26957037043963633,-0.12537364897776127
v10,feat_gbm,0.5,44,472,-1.609600472328854,-1.3714574409892777
v10,feat_gbm,0.5,44,473,-1.966730439267399,-1.0216450817816245
v10,feat_gbm,0.5,44,474,-0.7842178765660576,-0.8313233833759152
v10,feat_gbm,0.5,44,475,-3.054816307903584,-3.25243582884057
v10,feat_gbm,0.5,44,476,0.7128618478377273,0.8737365575305754
v10,feat_gbm,0.5,44,477,-2.060717835243343,-1.8373017486027088
v10,feat_gbm,0.5,44,478,-1.5296360260109931,-1.909749317133085
v10,feat_gbm,0.5,44,479,0.3705819974616225,0.418341725137149
v10,feat_gbm,0.5,44,480,-2.677715340125569,-2.8689304810445995
v10,feat_gbm,0.5,44,481,-4.629847436002006,-3.9192950012633494
v10,feat_gbm,0.5,44,482,0.736899565261522,0.8191907452202399
v10,feat_gbm,0.5,44,483,-2.680419945651624,-2.7371748494528005
v10,feat_gbm,0.5,44,484,0.1488431317684426,0.043868991079412875
v10,feat_gbm,0.5,44,485,-3.135001631935391,-3.9571024828402512
v10,feat_gbm,0.5,44,486,-1.0104518984325992,-0.8286091055291892
v10,feat_gbm,0.5,44,487,1.3067438622933154,1.1086460137612473
v10,feat_gbm,0.5,44,488,-0.9914374925359001,-1.0899995989348372
v10,feat_gbm,0.5,44,489,-2.9203839287659115,-2.9260181182274523
v10,feat_gbm,0.5,44,490,0.04039519736078791,0.01778898425240747
v10,feat_gbm,0.5,44,491,-0.4400093862710904,-0.388546054063584
v10,feat_gbm,0.5,44,492,-0.5390012610093999,-0.8483910406321095
v10,feat_gbm,0.5,44,493,-2.784695806107311,-2.4855190663855797
v10,feat_gbm,0.5,44,494,-0.2634865134403747,-0.6027729178489412
v10,feat_gbm,0.5,44,495,-1.3270392234481607,-1.5285925057254015
v10,feat_gbm,0.5,44,496,0.6886725112145792,1.0092174422839322
v10,feat_gbm,0.5,44,497,-2.493055186349455,-2.421052301727873
v10,feat_gbm,0.5,44,498,-3.068823240094559,-3.2283141264699093
v10,feat_gbm,0.5,44,499,-4.355806106792051,-4.907212199848568
v10,feat_gbm,0.5,45,0,-0.21184915969032297,0.03894909458183669
v10,feat_gbm,0.5,45,1,-2.4733184164281092,-2.5052564746229193
v10,feat_gbm,0.5,45,2,0.5824872437023754,0.6287827851917782
v10,feat_gbm,0.5,45,3,-3.0958632442907446,-3.3447289283878643
v10,feat_gbm,0.5,45,4,0.7564056982876529,0.9694015026406426
v10,feat_gbm,0.5,45,5,-2.2978327886135324,-2.4693709778233526
v10,feat_gbm,0.5,45,6,-0.1751162981151024,-0.2819211013310965
v10,feat_gbm,0.5,45,7,0.7662562287083446,0.5289578846490461
v10,feat_gbm,0.5,45,8,0.40716759887069937,0.032863622186365654
v10,feat_gbm,0.5,45,9,0.934539366011784,0.9352707853930591
v10,feat_gbm,0.5,45,10,-1.7191968791166918,-1.5987558134683666
v10,feat_gbm,0.5,45,11,-2.988598689036572,-3.2678706438993954
v10,feat_gbm,0.5,45,12,-2.1501345830996432,-2.445380546146449
v10,feat_gbm,0.5,45,13,-0.2739514026313681,-0.4471217519653716
v10,feat_gbm,0.5,45,14,-1.7606325970130645,-1.8343062920535937
v10,feat_gbm,0.5,45,15,-2.476323437235173,-2.278287047942225
v10,feat_gbm,0.5,45,16,-0.8406487202706087,-1.113015507562239
v10,feat_gbm,0.5,45,17,-0.8332132113229861,-1.149386040828735
v10,feat_gbm,0.5,45,18,-0.5009702080983367,-0.4541092694382234
v10,feat_gbm,0.5,45,19,-2.9629121463235264,-2.8798658660471284
v10,feat_gbm,0.5,45,20,-3.433472046068651,-3.281006200299989
v10,feat_gbm,0.5,45,21,-0.5452580316001936,-0.7889402030111288
v10,feat_gbm,0.5,45,22,-1.121351947363323,-0.48114593055133975
v10,feat_gbm,0.5,45,23,-2.4420168205605037,-2.8038114998165153
v10,feat_gbm,0.5,45,24,-2.824418180282613,-2.6726430450531393
v10,feat_gbm,0.5,45,25,-2.9803435873317996,-3.141178249464176
v10,feat_gbm,0.5,45,26,-3.523435613300329,-3.8612362310489847
v10,feat_gbm,0.5,45,27,-2.838681080360654,-3.085821277369337
v10,feat_gbm,0.5,45,28,-2.1310167907357114,-2.1153791712035637
v10,feat_gbm,0.5,45,29,-0.7318554732176944,-0.5854112868629942
v10,feat_gbm,0.5,45,30,0.13305408006638345,0.13849791927417068
v10,feat_gbm,0.5,45,31,-2.710718805396308,-2.779654184179668
v10,feat_gbm,0.5,45,32,1.265366435256182,0.9166392391011026
v10,feat_gbm,0.5,45,33,-1.6498116675295214,-2.134444297962007
v10,feat_gbm,0.5,45,34,0.908489757248193,1.1224191581864646
v10,feat_gbm,0.5,45,35,-2.833378109355841,-2.7514680837461087
v10,feat_gbm,0.5,45,36,0.7496072868124731,0.7493710802437775
v10,feat_gbm,0.5,45,37,-2.294042251151996,-2.157600461660938
v10,feat_gbm,0.5,45,38,-1.8087622453145025,-1.7436371170468024
v10,feat_gbm,0.5,45,39,0.8005028079152946,0.632388610685479
v10,feat_gbm,0.5,45,40,-1.217083825387011,-1.5024753827969588
v10,feat_gbm,0.5,45,41,-2.9749507291791555,-2.936018587066778
v10,feat_gbm,0.5,45,42,-0.05382946177923221,-0.06406961406287034
v10,feat_gbm,0.5,45,43,-0.38200609352732223,-0.43711075337934485
v10,feat_gbm,0.5,45,44,0.3801612374402266,0.521724778538647
v10,feat_gbm,0.5,45,45,0.6588116609606427,-0.02881562555915001
v10,feat_gbm,0.5,45,46,-3.215667502993883,-2.6856700943784895
v10,feat_gbm,0.5,45,47,-3.6137229355948173,-3.3419513202228783
v10,feat_gbm,0.5,45,48,-0.27399876434153864,-0.35240032436669677
v10,feat_gbm,0.5,45,49,-3.62720347323054,-4.466027560457086
v10,feat_gbm,0.5,45,50,-1.2922476546680797,-1.2227887404747313
v10,feat_gbm,0.5,45,51,-3.6217020130517055,-4.168130875201601
v10,feat_gbm,0.5,45,52,-2.5997825447284417,-2.1825653069440887
v10,feat_gbm,0.5,45,53,-2.4465474251588,-2.816977102698189
v10,feat_gbm,0.5,45,54,-1.1178078188040317,-0.9520374156321785
v10,feat_gbm,0.5,45,55,0.5257468204286749,0.800460094219776
v10,feat_gbm,0.5,45,56,0.2791423649641544,0.2782562560211116
v10,feat_gbm,0.5,45,57,-0.0671315307293623,-0.7855200046266205
v10,feat_gbm,0.5,45,58,-2.77821215889534,-2.837973637743256
v10,feat_gbm,0.5,45,59,0.18205598781008311,0.3653424354755994
v10,feat_gbm,0.5,45,60,-2.9110245266416936,-3.145987746693799
v10,feat_gbm,0.5,45,61,-2.2832787572081834,-2.1381844357326614
v10,feat_gbm,0.5,45,62,0.7443276950383673,0.3908315550690521
v10,feat_gbm,0.5,45,63,-3.272875751009834,-3.259739876316779
v10,feat_gbm,0.5,45,64,-3.959462242710831,-3.799325775609258
v10,feat_gbm,0.5,45,65,0.012803469105125047,0.2842997557356093
v10,feat_gbm,0.5,45,66,0.5557486922851625,0.9099380077885143
v10,feat_gbm,0.5,45,67,0.38644584047576874,0.5741223235018287
v10,feat_gbm,0.5,45,68,1.2476703940346356,1.3807263582335993
v10,feat_gbm,0.5,45,69,0.931767495598498,2.7357387204405055
v10,feat_gbm,0.5,45,70,-0.3084655323583878,-0.3782017485149665
v10,feat_gbm,0.5,45,71,-0.7659684106797624,-0.6946521973220513
v10,feat_gbm,0.5,45,72,-3.5633038980714624,-3.510295151868067
v10,feat_gbm,0.5,45,73,-0.10182018959229407,-0.3643686170400702
v10,feat_gbm,0.5,45,74,1.068054947919141,1.1835884152793859
v10,feat_gbm,0.5,45,75,0.040398859861054744,-0.38644824542838596
v10,feat_gbm,0.5,45,76,0.3099724523809162,0.7005004452467647
v10,feat_gbm,0.5,45,77,0.16239046180399758,0.3770911051312199
v10,feat_gbm,0.5,45,78,-0.6505164173662124,-0.5374783823521183
v10,feat_gbm,0.5,45,79,-2.6793715286010125,-3.2499450611549854
v10,feat_gbm,0.5,45,80,-1.8267911466321056,-1.719925172279684
v10,feat_gbm,0.5,45,81,0.9436981233591629,1.8185710395242058
v10,feat_gbm,0.5,45,82,-1.1789375044418,-1.0758778979961314
v10,feat_gbm,0.5,45,83,-0.28645634243145557,-0.8033140510569362
v10,feat_gbm,0.5,45,84,-2.329017625359741,-2.0837035815006346
v10,feat_gbm,0.5,45,85,-0.9653567413299695,-1.2430797823904942
v10,feat_gbm,0.5,45,86,0.638183070617028,0.639317965424242
v10,feat_gbm,0.5,45,87,-0.18111192015546,-0.02321591952008587
v10,feat_gbm,0.5,45,88,-3.395257365012041,-3.512086916650174
v10,feat_gbm,0.5,45,89,-1.6883524755185533,-1.684363733317816
v10,feat_gbm,0.5,45,90,-3.8836033209631884,-3.5341996208099964
v10,feat_gbm,0.5,45,91,0.8573925319116421,1.1574629997660548
v10,feat_gbm,0.5,45,92,-0.9650261726923967,-0.7651863719989663
v10,feat_gbm,0.5,45,93,-4.120150004385934,-5.7708125015304885
v10,feat_gbm,0.5,45,94,0.05574386694952989,0.07374698385127064
v10,feat_gbm,0.5,45,95,0.650592905957768,1.201566413592891
v10,feat_gbm,0.5,45,96,1.3854579109570135,1.2655480006709303
v10,feat_gbm,0.5,45,97,-3.526653164415768,-3.2217777708537843
v10,feat_gbm,0.5,45,98,-1.5517806266417975,-1.2120387208328698
v10,feat_gbm,0.5,45,99,-0.374501769389291,-0.04015373686183237
v10,feat_gbm,0.5,45,100,-2.6689649450797464,-2.8384481914339785
v10,feat_gbm,0.5,45,101,-3.3143307299134492,-3.541068619782685
v10,feat_gbm,0.5,45,102,-4.0284748766942045,-4.424727465058162
v10,feat_gbm,0.5,45,103,-0.6753346444253797,-0.7652009130347144
v10,feat_gbm,0.5,45,104,-0.6506050333766159,-0.406664655497914
v10,feat_gbm,0.5,45,105,-2.670787110263754,-2.8019031633754246
v10,feat_gbm,0.5,45,106,-1.1483396429313604,-1.1978192780958505
v10,feat_gbm,0.5,45,107,-1.2648387298986266,-1.2497822804421463
v10,feat_gbm,0.5,45,108,-0.1971733410054279,-0.2003702404752673
v10,feat_gbm,0.5,45,109,-0.3830472542550785,-0.28745536208379296
v10,feat_gbm,0.5,45,110,0.445159722000015,0.2838469771831524
v10,feat_gbm,0.5,45,111,0.39036267778656814,0.6579850926301614
v10,feat_gbm,0.5,45,112,-0.13285811534531985,-0.4279263804064609
v10,feat_gbm,0.5,45,113,0.4621247787978707,0.527327823801956
v10,feat_gbm,0.5,45,114,-3.5571059861510754,-3.652947895428966
v10,feat_gbm,0.5,45,115,-0.8810227157619829,-0.04287987221360797
v10,feat_gbm,0.5,45,116,-3.7612488192211844,-3.4409421360670214
v10,feat_gbm,0.5,45,117,-2.595787836654997,-2.4284095097884006
v10,feat_gbm,0.5,45,118,-1.6711874449954576,-1.419217075367618
v10,feat_gbm,0.5,45,119,-2.374538576969963,-1.4944271796191557
v10,feat_gbm,0.5,45,120,-2.89450294233072,-2.797137626437216
v10,feat_gbm,0.5,45,121,1.2349475384004431,3.1321125804877905
v10,feat_gbm,0.5,45,122,-2.5721174435472065,-3.164895556438051
v10,feat_gbm,0.5,45,123,0.18346488708805633,-0.021234684620174846
v10,feat_gbm,0.5,45,124,-1.4946366347591393,-1.246001114532972
v10,feat_gbm,0.5,45,125,-2.805892957843,-2.7130193085566443
v10,feat_gbm,0.5,45,126,-2.2236694723232495,-2.0560780011130944
v10,feat_gbm,0.5,45,127,-1.510093062018343,-1.631222331554067
v10,feat_gbm,0.5,45,128,-2.5267385038787036,-3.477307725783656
v10,feat_gbm,0.5,45,129,1.2741340094718225,1.7007542891568868
v10,feat_gbm,0.5,45,130,-3.8834649699874295,-3.4021624962570822
v10,feat_gbm,0.5,45,131,-3.3413455636330984,-3.701149444421242
v10,feat_gbm,0.5,45,132,0.011885022421949533,-0.4116741376471012
v10,feat_gbm,0.5,45,133,-0.6002852547210131,-0.5680375850475197
v10,feat_gbm,0.5,45,134,-1.2928403518517624,-1.4788189923590598
v10,feat_gbm,0.5,45,135,-2.52037314865681,-2.9896549957503007
v10,feat_gbm,0.5,45,136,0.42259598612113886,0.11194117436713467
v10,feat_gbm,0.5,45,137,1.268933472233681,1.7147062893715772
v10,feat_gbm,0.5,45,138,-2.1931032054218376,-1.9709125209383296
v10,feat_gbm,0.5,45,139,-0.05967671142409975,0.19937477723826902
v10,feat_gbm,0.5,45,140,-2.893612509561151,-2.8223726616431475
v10,feat_gbm,0.5,45,141,-0.16856162127057442,-0.12380828599000025
v10,feat_gbm,0.5,45,142,-3.119511935409505,-2.97521232911642
v10,feat_gbm,0.5,45,143,-2.0561340133728954,-1.9484557479617686
v10,feat_gbm,0.5,45,144,1.1773911265605492,1.244093655886106
v10,feat_gbm,0.5,45,145,-2.5342629758655657,-2.0280859266176816
v10,feat_gbm,0.5,45,146,-2.0436020744428185,-2.0754073031653366
v10,feat_gbm,0.5,45,147,0.10062676056295883,-0.11331641159387335
v10,feat_gbm,0.5,45,148,-2.3502679889601015,-2.620298039600635
v10,feat_gbm,0.5,45,149,-2.9251358064050996,-3.8395532227602396
v10,feat_gbm,0.5,45,150,-1.9478395798193688,-2.149698272240366
v10,feat_gbm,0.5,45,151,-3.250374935837092,-3.1594376779318036
v10,feat_gbm,0.5,45,152,-2.3604913633944853,-2.7712141114581046
v10,feat_gbm,0.5,45,153,-1.0644986326227808,-1.1483368403810985
v10,feat_gbm,0.5,45,154,-1.2996882768126856,-1.4700676700115773
v10,feat_gbm,0.5,45,155,1.1417190602067775,1.4088416749712322
v10,feat_gbm,0.5,45,156,0.5581595307951847,0.7564704220494097
v10,feat_gbm,0.5,45,157,-2.1367110220005983,-1.7148995557963913
v10,feat_gbm,0.5,45,158,-2.3492884532313503,-2.8595355115547196
v10,feat_gbm,0.5,45,159,-1.1880641297791417,-0.9922400520728849
v10,feat_gbm,0.5,45,160,1.4353527672788797,1.8585227307534937
v10,feat_gbm,0.5,45,161,-2.44170732058755,-2.477654537850602
v10,feat_gbm,0.5,45,162,-3.019905634741841,-2.993764039868935
v10,feat_gbm,0.5,45,163,-1.0739927930270932,-1.1722671160336509
v10,feat_gbm,0.5,45,164,-1.8633684834751516,-1.6577576086204497
v10,feat_gbm,0.5,45,165,-2.8370383532190067,-2.9770186999323642
v10,feat_gbm,0.5,45,166,-3.5511359552866564,-3.2329952824425443
v10,feat_gbm,0.5,45,167,0.01605331622020094,0.19550508612775644
v10,feat_gbm,0.5,45,168,-0.9777201644576786,-1.2639642813248737
v10,feat_gbm,0.5,45,169,1.3755801052522814,1.4224064134580066
v10,feat_gbm,0.5,45,170,-2.302299427164156,-1.5303724784706008
v10,feat_gbm,0.5,45,171,0.41836931931526233,0.6086346650572224
v10,feat_gbm,0.5,45,172,0.08312626646119906,-0.052232489626048526
v10,feat_gbm,0.5,45,173,-0.2314122799839975,-0.19074605880313256
v10,feat_gbm,0.5,45,174,-2.5646380084569618,-2.7678232596734214
v10,feat_gbm,0.5,45,175,-1.9731396021114112,-1.6557092188829319
v10,feat_gbm,0.5,45,176,0.14473952591568176,0.12081831439914445
v10,feat_gbm,0.5,45,177,0.857742693122433,3.7031714993021168
v10,feat_gbm,0.5,45,178,-0.3716239067995413,-0.17761292562564054
v10,feat_gbm,0.5,45,179,-0.06266247980902935,0.2295122735959306
v10,feat_gbm,0.5,45,180,-1.635740669324968,-1.6401012725318311
v10,feat_gbm,0.5,45,181,-2.0569735939347416,-3.399461101549646
v10,feat_gbm,0.5,45,182,0.5426629084403265,0.5421608664871393
v10,feat_gbm,0.5,45,183,-3.982885617051959,-3.7858185839721776
v10,feat_gbm,0.5,45,184,0.4369331777656129,0.4440956773301304
v10,feat_gbm,0.5,45,185,0.07612371382743101,0.5450962365111649
v10,feat_gbm,0.5,45,186,-3.3349732778056405,-3.094441269353033
v10,feat_gbm,0.5,45,187,1.0983759009688134,1.436275522654785
v10,feat_gbm,0.5,45,188,0.0673049726951198,-0.003208414280501246
v10,feat_gbm,0.5,45,189,-1.8672937152080877,-2.0766448721687736
v10,feat_gbm,0.5,45,190,-3.050552203234542,-2.887011097372245
v10,feat_gbm,0.5,45,191,-0.2061858678597487,-0.19564387773269687
v10,feat_gbm,0.5,45,192,-3.7176456594180407,-3.39219136175158
v10,feat_gbm,0.5,45,193,-4.452367045477117,-4.804455114758695
v10,feat_gbm,0.5,45,194,0.1405816423317634,-0.23230879418151415
v10,feat_gbm,0.5,45,195,1.0825671749407517,0.7768952289284052
v10,feat_gbm,0.5,45,196,-3.622769891288319,-3.0758975731441707
v10,feat_gbm,0.5,45,197,1.5919644483235025,1.8852948766094535
v10,feat_gbm,0.5,45,198,0.0538741390733093,-0.07474663349946693
v10,feat_gbm,0.5,45,199,1.4403047697299303,0.9295509098669842
v10,feat_gbm,0.5,45,200,0.4635954667434813,0.40408761039079466
v10,feat_gbm,0.5,45,201,-1.323284626977886,-1.0185563947000995
v10,feat_gbm,0.5,45,202,-1.6211026399391353,-1.5812541435625456
v10,feat_gbm,0.5,45,203,-2.252946608028159,-2.9269603411540346
v10,feat_gbm,0.5,45,204,-0.22921333149649234,-0.9368237022381455
v10,feat_gbm,0.5,45,205,-0.7235774864428145,-0.771906247259438
v10,feat_gbm,0.5,45,206,-1.8799102754700896,-1.4457766532498904
v10,feat_gbm,0.5,45,207,-2.7165248172982284,-2.4752738768021185
v10,feat_gbm,0.5,45,208,-3.0077247007805283,-2.8789590131308262
v10,feat_gbm,0.5,45,209,-2.2755363486097644,-2.6986856152036793
v10,feat_gbm,0.5,45,210,-0.03957061314087948,0.05837096406180189
v10,feat_gbm,0.5,45,211,-3.105418464401465,-2.2327070274631113
v10,feat_gbm,0.5,45,212,0.006269193308024306,0.15758807445032513
v10,feat_gbm,0.5,45,213,0.6681719985826353,0.5234750924970406
v10,feat_gbm,0.5,45,214,0.9803600680044291,0.8312555987922697
v10,feat_gbm,0.5,45,215,-0.7236565404188995,-0.7699972654610447
v10,feat_gbm,0.5,45,216,-2.4109379107317013,-2.4368834827463726
v10,feat_gbm,0.5,45,217,-3.4564054528926724,-3.7421886443248944
v10,feat_gbm,0.5,45,218,-4.494805076925065,-4.3753265313120195
v10,feat_gbm,0.5,45,219,0.02678013692774143,0.13181597567614448
v10,feat_gbm,0.5,45,220,-2.414015043418735,-2.150299196146146
v10,feat_gbm,0.5,45,221,0.43956667614670136,0.4316281043505307
v10,feat_gbm,0.5,45,222,0.56354681688507,0.20581216265343685
v10,feat_gbm,0.5,45,223,-2.322999467772995,-1.7226779576420432
v10,feat_gbm,0.5,45,224,1.0853676460507111,1.0701061526100661
v10,feat_gbm,0.5,45,225,-2.14439599035343,-2.995983076644188
v10,feat_gbm,0.5,45,226,-0.2957718214377713,-0.39103048890459524
v10,feat_gbm,0.5,45,227,-2.3366038802813858,-2.811377433191803
v10,feat_gbm,0.5,45,228,-0.03731236532281915,0.1103569248772952
v10,feat_gbm,0.5,45,229,0.7812889380828932,1.0926797996732165
v10,feat_gbm,0.5,45,230,-1.0985220839262329,-1.1465469989616057
v10,feat_gbm,0.5,45,231,-3.585251697880593,-3.7045714701961474
v10,feat_gbm,0.5,45,232,-0.310212544647672,-0.3205795311611984
v10,feat_gbm,0.5,45,233,-0.0333782968276377,-0.7282288274356463
v10,feat_gbm,0.5,45,234,-0.5503634765346751,-0.6143938277881194
v10,feat_gbm,0.5,45,235,-3.1379041847020073,-3.717493513170671
v10,feat_gbm,0.5,45,236,-2.104860602647873,-1.894186438607053
v10,feat_gbm,0.5,45,237,0.0334215263781254,0.19101892391720615
v10,feat_gbm,0.5,45,238,-2.333641621067661,-2.723653519266766
v10,feat_gbm,0.5,45,239,0.19903806025978873,0.28172679866345784
v10,feat_gbm,0.5,45,240,-0.7483632476109384,-0.570916259780521
v10,feat_gbm,0.5,45,241,-2.539960761991062,-3.037607674189957
v10,feat_gbm,0.5,45,242,-2.7045061875871346,-2.4824067099880884
v10,feat_gbm,0.5,45,243,1.1276733018667955,1.793244191067856
v10,feat_gbm,0.5,45,244,-1.7531337052530278,-2.170563194223024
v10,feat_gbm,0.5,45,245,-2.70371302253249,-2.5580286375581696
v10,feat_gbm,0.5,45,246,-2.999650747096568,-3.9013363177662743
v10,feat_gbm,0.5,45,247,-1.2277320901128297,-1.2689211715035387
v10,feat_gbm,0.5,45,248,-3.0124212315756838,-2.89795980370705
v10,feat_gbm,0.5,45,249,-0.8742596834170476,-1.149470325468549
v10,feat_gbm,0.5,45,250,-2.7018737318402652,-2.1803876537888693
v10,feat_gbm,0.5,45,251,-1.4336340878241318,-1.2010659028736028
v10,feat_gbm,0.5,45,252,-2.4925396098037123,-2.675840590612525
v10,feat_gbm,0.5,45,253,-0.9226488567260805,-0.865421424414132
v10,feat_gbm,0.5,45,254,-0.17238203493166973,-0.45089388998719687
v10,feat_gbm,0.5,45,255,-1.5404164827569773,-1.477655138121315
v10,feat_gbm,0.5,45,256,-1.9211731156165066,-1.9234128661936198
v10,feat_gbm,0.5,45,257,-0.7312846654044903,-0.8895479413744646
v10,feat_gbm,0.5,45,258,-1.4483967249429843,-1.284701881398344
v10,feat_gbm,0.5,45,259,-0.10930369947162154,0.03791276039075724
v10,feat_gbm,0.5,45,260,-1.0873733986180256,-1.213907680807544
v10,feat_gbm,0.5,45,261,-0.43095591422863555,-0.6937064881158975
v10,feat_gbm,0.5,45,262,-1.9095459235152412,-2.500344974429108
v10,feat_gbm,0.5,45,263,-2.9627780890599578,-3.0782877743164985
v10,feat_gbm,0.5,45,264,-2.9871957900682338,-3.2702790535172426
v10,feat_gbm,0.5,45,265,-0.5795067518618315,-0.15746453031192983
v10,feat_gbm,0.5,45,266,-1.4452339809796715,-1.3930653126164372
v10,feat_gbm,0.5,45,267,-4.1323643371161705,-3.460520174484755
v10,feat_gbm,0.5,45,268,-1.849578475003552,-1.8115923421665279
v10,feat_gbm,0.5,45,269,0.0996784327308103,-0.04785951915829837
v10,feat_gbm,0.5,45,270,-1.4029118145000534,-1.3387838926701625
v10,feat_gbm,0.5,45,271,0.8808883551384952,0.6172482925771328
v10,feat_gbm,0.5,45,272,0.031806117936236625,0.10718580269537517
v10,feat_gbm,0.5,45,273,-2.8760460543603843,-2.4250613993713395
v10,feat_gbm,0.5,45,274,-0.07181150844762939,-0.4656136934058211
v10,feat_gbm,0.5,45,275,-2.0302689370802827,-1.7679071058666047
v10,feat_gbm,0.5,45,276,-0.1746496875046699,-0.15192249005847586
v10,feat_gbm,0.5,45,277,-0.17216115189567546,-0.22686658439221394
v10,feat_gbm,0.5,45,278,-0.6121604712068309,-0.3963273628232521
v10,feat_gbm,0.5,45,279,-2.5157987677263463,-2.1916982233579314
v10,feat_gbm,0.5,45,280,0.6213420279253165,0.5138857123822332
v10,feat_gbm,0.5,45,281,0.22221948974556244,0.13501120436460418
v10,feat_gbm,0.5,45,282,-0.21024394571603203,-0.35232291748203215
v10,feat_gbm,0.5,45,283,0.6447276564757378,0.33710059568630363
v10,feat_gbm,0.5,45,284,2.3671425228155343,2.2269494594330284
v10,feat_gbm,0.5,45,285,-0.5025521092425471,-0.8523290277873723
v10,feat_gbm,0.5,45,286,0.4019392831284315,0.5032694866056324
v10,feat_gbm,0.5,45,287,-3.4459978798786994,-3.0734310124071125
v10,feat_gbm,0.5,45,288,-3.050864780584779,-3.0969464995649485
v10,feat_gbm,0.5,45,289,0.6502567824607949,0.8088909840914691
v10,feat_gbm,0.5,45,290,-1.555327931254376,-1.710735902712342
v10,feat_gbm,0.5,45,291,-0.5228197579836006,-0.24588513525180683
v10,feat_gbm,0.5,45,292,-2.845243305292734,-2.9910915714149957
v10,feat_gbm,0.5,45,293,-0.06614988204485778,0.24397961438558982
v10,feat_gbm,0.5,45,294,0.9695098507549289,0.9827222917401395
v10,feat_gbm,0.5,45,295,1.1085374613081465,1.5399914318848642
v10,feat_gbm,0.5,45,296,-2.772167566164258,-3.028104854063688
v10,feat_gbm,0.5,45,297,-1.8514582221984344,-1.9675880903276046
v10,feat_gbm,0.5,45,298,0.286149268256937,0.3882116190950413
v10,feat_gbm,0.5,45,299,-0.31679892414420097,-0.4169590587595381
v10,feat_gbm,0.5,45,300,-0.5641117265392197,-0.47104701624968015
v10,feat_gbm,0.5,45,301,-0.49807322795665104,-0.5788171023402015
v10,feat_gbm,0.5,45,302,-3.477693191963221,-3.325334912618423
v10,feat_gbm,0.5,45,303,0.13801740212934813,0.27214776974989446
v10,feat_gbm,0.5,45,304,-0.009594061059563033,0.2838761456734127
v10,feat_gbm,0.5,45,305,0.8423845160825182,0.98356576927226
v10,feat_gbm,0.5,45,306,-1.6888341259735407,-2.324804251846344
v10,feat_gbm,0.5,45,307,-0.24124694253812048,-0.30060412365222405
v10,feat_gbm,0.5,45,308,-3.889610952752356,-3.5706943269006843
v10,feat_gbm,0.5,45,309,0.6298446944532756,0.7657986236992217
v10,feat_gbm,0.5,45,310,-0.26028138805445683,-0.3760212383278314
v10,feat_gbm,0.5,45,311,0.845087680808521,0.903367601886353
v10,feat_gbm,0.5,45,312,0.7124244062356944,0.2834145554969618
v10,feat_gbm,0.5,45,313,-0.5749627695046198,-0.8750381269167363
v10,feat_gbm,0.5,45,314,-1.6742617614980204,-0.8911054934067958
v10,feat_gbm,0.5,45,315,0.2598261988627073,0.2699623908229132
v10,feat_gbm,0.5,45,316,-3.763341973250812,-4.034449774534175
v10,feat_gbm,0.5,45,317,0.22286232129283237,0.7302045063515665
v10,feat_gbm,0.5,45,318,-2.1018141527270773,-2.5264159394565007
v10,feat_gbm,0.5,45,319,-3.0581930490933815,-3.1280680478747835
v10,feat_gbm,0.5,45,320,-0.07706811534983858,-0.623194388118803
v10,feat_gbm,0.5,45,321,-4.032647281958813,-4.172922463867305
v10,feat_gbm,0.5,45,322,1.104989508441552,1.0714029341973417
v10,feat_gbm,0.5,45,323,-2.5481053787367616,-2.5538050374755565
v10,feat_gbm,0.5,45,324,-1.5454727120379999,-1.5310020975326282
v10,feat_gbm,0.5,45,325,-0.6263459983239671,-0.735749980772127
v10,feat_gbm,0.5,45,326,-0.6135429774459963,-0.5010306012352705
v10,feat_gbm,0.5,45,327,-3.666495263825894,-4.393123087746285
v10,feat_gbm,0.5,45,328,0.60217371963324,0.6439364857563509
v10,feat_gbm,0.5,45,329,-3.090755424479039,-2.60760252445046
v10,feat_gbm,0.5,45,330,0.5164738132060497,0.46983427811083467
v10,feat_gbm,0.5,45,331,-0.9548655745374083,-1.149354435920189
v10,feat_gbm,0.5,45,332,-2.1265651604116242,-1.0961264399974935
v10,feat_gbm,0.5,45,333,0.9924727374324037,1.4253561556633074
v10,feat_gbm,0.5,45,334,1.1105672998802376,1.0406546288822482
v10,feat_gbm,0.5,45,335,-0.3019395941557666,-0.1286217558512718
v10,feat_gbm,0.5,45,336,-1.731416681500595,-1.7275974260064488
v10,feat_gbm,0.5,45,337,-3.3701186907638134,-4.535227665039715
v10,feat_gbm,0.5,45,338,-0.5123528766477722,-1.078833843619319
v10,feat_gbm,0.5,45,339,-1.775664627195556,-2.035297396751524
v10,feat_gbm,0.5,45,340,0.049290957342802526,0.4788286932125707
v10,feat_gbm,0.5,45,341,-0.6157670020798011,-0.4595082096564039
v10,feat_gbm,0.5,45,342,-3.824244353706951,-3.653430804591794
v10,feat_gbm,0.5,45,343,0.43816618697171283,0.2834522663037432
v10,feat_gbm,0.5,45,344,0.09337157822418095,-0.15984972455285287
v10,feat_gbm,0.5,45,345,-2.0208750665880477,-3.8822970119574354
v10,feat_gbm,0.5,45,346,-2.7475967387551914,-2.5801989990218064
v10,feat_gbm,0.5,45,347,-3.551249859581207,-3.2622630695286134
v10,feat_gbm,0.5,45,348,-0.681564290133913,-0.4894561152880944
v10,feat_gbm,0.5,45,349,-3.5852380559819643,-3.0223552414624764
v10,feat_gbm,0.5,45,350,0.7519099045792874,0.4215072765335228
v10,feat_gbm,0.5,45,351,-1.8335104738618577,-1.8152752103400673
v10,feat_gbm,0.5,45,352,0.7520936124155401,1.102263670511441
v10,feat_gbm,0.5,45,353,1.1017699259989246,1.4454852001466738
v10,feat_gbm,0.5,45,354,-3.485796869423909,-3.6770060333191017
v10,feat_gbm,0.5,45,355,-3.764508866270237,-5.078652858832153
v10,feat_gbm,0.5,45,356,0.49126614805376934,0.7815322159665122
v10,feat_gbm,0.5,45,357,0.5395807673550977,0.6775133790495483
v10,feat_gbm,0.5,45,358,-3.6284255999079025,-3.5163570325540956
v10,feat_gbm,0.5,45,359,-2.8275758942546516,-4.157760523739404
v10,feat_gbm,0.5,45,360,-0.1959749138256368,-0.18386357284099003
v10,feat_gbm,0.5,45,361,-4.056463866194281,-4.477383009144865
v10,feat_gbm,0.5,45,362,0.1357690231226949,0.2909126951240761
v10,feat_gbm,0.5,45,363,-3.4473338760186967,-3.5121531596302606
v10,feat_gbm,0.5,45,364,0.3615274807092708,-0.0019354464452207268
v10,feat_gbm,0.5,45,365,-3.3300379888370624,-3.264666087597375
v10,feat_gbm,0.5,45,366,-1.587557540100475,-1.4961090632143375
v10,feat_gbm,0.5,45,367,-0.058542126108402745,-0.10305907560987346
v10,feat_gbm,0.5,45,368,0.18737817383447397,0.24601275195113992
v10,feat_gbm,0.5,45,369,-1.888332280131193,-1.6400355118163064
v10,feat_gbm,0.5,45,370,-1.1775266334693664,-1.5399226532969161
v10,feat_gbm,0.5,45,371,-0.12504371890214064,-0.3336387161155974
v10,feat_gbm,0.5,45,372,0.31427895776421716,0.3185760540422761
v10,feat_gbm,0.5,45,373,-0.2404958630435231,-0.30756424411789
v10,feat_gbm,0.5,45,374,-3.703822216717744,-3.551435429619069
v10,feat_gbm,0.5,45,375,0.03163052843795194,-0.12846918127015178
v10,feat_gbm,0.5,45,376,0.6252471105407196,0.43413099611324796
v10,feat_gbm,0.5,45,377,0.9436760625925866,0.8095384731463161
v10,feat_gbm,0.5,45,378,0.3124182167914949,0.20303525329731625
v10,feat_gbm,0.5,45,379,0.588477500093622,0.524784145223057
v10,feat_gbm,0.5,45,380,0.35945869871811265,0.8722609808312535
v10,feat_gbm,0.5,45,381,0.7806244417081033,1.0190202163897197
v10,feat_gbm,0.5,45,382,0.7182609438881581,1.2715191268303472
v10,feat_gbm,0.5,45,383,0.16128580786889546,-0.13923746667536385
v10,feat_gbm,0.5,45,384,-1.4606586126579133,-1.7983983483294153
v10,feat_gbm,0.5,45,385,0.31699357504505266,0.5606037150840157
v10,feat_gbm,0.5,45,386,0.5990071457116153,0.6003456151224621
v10,feat_gbm,0.5,45,387,1.0197063079650626,1.3071718981356573
v10,feat_gbm,0.5,45,388,-0.2894142994247138,-0.19457283568776126
v10,feat_gbm,0.5,45,389,-1.4423456380126656,-0.981880356960367
v10,feat_gbm,0.5,45,390,-3.16846348635048,-2.628024059072158
v10,feat_gbm,0.5,45,391,-2.523055592620505,-2.479262758098376
v10,feat_gbm,0.5,45,392,-2.1470526598943445,-2.207941629114672
v10,feat_gbm,0.5,45,393,-3.1105207111113105,-2.806586620215901
v10,feat_gbm,0.5,45,394,-0.02202782571557722,-0.16842623590390868
v10,feat_gbm,0.5,45,395,0.5466167551557943,0.3596423409999632
v10,feat_gbm,0.5,45,396,-2.4566762550235444,-3.117667066362407
v10,feat_gbm,0.5,45,397,0.7426137255328054,0.6134086288650079
v10,feat_gbm,0.5,45,398,0.5551078363876198,0.5049020087080688
v10,feat_gbm,0.5,45,399,-1.2422977432811422,-1.0548605918119196
v10,feat_gbm,0.5,45,400,-2.6960595561434024,-2.877676775828332
v10,feat_gbm,0.5,45,401,0.16352611047469026,0.015654415635624343
v10,feat_gbm,0.5,45,402,-0.7743398455004201,-0.7027824676465185
v10,feat_gbm,0.5,45,403,0.11364599443836991,0.6733427913489138
v10,feat_gbm,0.5,45,404,0.24863374795787704,0.03259550049258387
v10,feat_gbm,0.5,45,405,-3.616140485374177,-3.4179416205706223
v10,feat_gbm,0.5,45,406,-1.7066697488296616,-1.6563158072976616
v10,feat_gbm,0.5,45,407,0.46696525297702324,0.3281041495218151
v10,feat_gbm,0.5,45,408,-1.4404744667418046,-1.498502430121411
v10,feat_gbm,0.5,45,409,-1.761349067999432,-1.5390850133499359
v10,feat_gbm,0.5,45,410,-2.326309214136194,-3.8769914364338094
v10,feat_gbm,0.5,45,411,-1.184219434777894,-1.1093409530974205
v10,feat_gbm,0.5,45,412,-2.50771246549508,-2.1356441225652167
v10,feat_gbm,0.5,45,413,0.451362487755437,0.5613925387002681
v10,feat_gbm,0.5,45,414,-2.356090146550433,-2.672303525149137
v10,feat_gbm,0.5,45,415,0.6143171816024693,0.9887747910888531
v10,feat_gbm,0.5,45,416,-1.8354134988425097,-2.064740642123073
v10,feat_gbm,0.5,45,417,-0.5214210589970619,-0.13534283366780814
v10,feat_gbm,0.5,45,418,0.18885695159213833,0.5266566940316069
v10,feat_gbm,0.5,45,419,-0.8274431302725881,-0.7929716308762645
v10,feat_gbm,0.5,45,420,0.10191143576515894,0.22081989653443584
v10,feat_gbm,0.5,45,421,-3.709920263222984,-3.4911396429773087
v10,feat_gbm,0.5,45,422,-0.1496735186146771,0.4691563032653497
v10,feat_gbm,0.5,45,423,-0.14056359975982655,-0.21242164749251408
v10,feat_gbm,0.5,45,424,-2.2445467799045713,-2.0235730224261497
v10,feat_gbm,0.5,45,425,-0.2122891199408091,0.1881042769243711
v10,feat_gbm,0.5,45,426,-0.9598706905747468,-0.7546830882020855
v10,feat_gbm,0.5,45,427,-2.1268017942981583,-2.004418163271322
v10,feat_gbm,0.5,45,428,-0.019300842806063152,0.08108350485015015
v10,feat_gbm,0.5,45,429,-1.1942347415320937,-0.8958783842144782
v10,feat_gbm,0.5,45,430,-0.6237702266927891,-0.700178367515834
v10,feat_gbm,0.5,45,431,-2.074510815903919,-2.026447754843476
v10,feat_gbm,0.5,45,432,-3.2349750312100074,-3.3644112924118934
v10,feat_gbm,0.5,45,433,-2.125142858600123,-2.4777804975332844
v10,feat_gbm,0.5,45,434,-3.714208405755737,-3.6407879329147783
v10,feat_gbm,0.5,45,435,0.42810507187398655,0.8140524350977956
v10,feat_gbm,0.5,45,436,-0.5879493487601606,-0.6342245759550225
v10,feat_gbm,0.5,45,437,-0.7823195060260436,-1.0170271575608654
v10,feat_gbm,0.5,45,438,0.8399832185755667,1.2058566336630974
v10,feat_gbm,0.5,45,439,0.776496616507804,1.04159183954478
v10,feat_gbm,0.5,45,440,-1.016074235320629,-0.383754051292973
v10,feat_gbm,0.5,45,441,1.111627911880083,0.9717849563735496
v10,feat_gbm,0.5,45,442,0.9233217321950674,0.915394257773604
v10,feat_gbm,0.5,45,443,0.14231355988085279,0.17619398118278368
v10,feat_gbm,0.5,45,444,-2.5464136281145366,-2.3026142847949007
v10,feat_gbm,0.5,45,445,-1.394354263343688,-2.156995715227189
v10,feat_gbm,0.5,45,446,-2.2518681218431804,-1.9647154613855007
v10,feat_gbm,0.5,45,447,-1.056926950595898,-1.2167428909736953
v10,feat_gbm,0.5,45,448,-0.10212050322529588,0.371748058948411
v10,feat_gbm,0.5,45,449,-3.6377614145711474,-3.354914600670279
v10,feat_gbm,0.5,45,450,-2.500204274550072,-2.0984010901330774
v10,feat_gbm,0.5,45,451,-1.8404483341532418,-1.8411195968283314
v10,feat_gbm,0.5,45,452,-0.23702625787068218,-0.2866386615093297
v10,feat_gbm,0.5,45,453,-1.7959293988282061,-2.1769502099219324
v10,feat_gbm,0.5,45,454,0.26064626725789225,0.851829112076475
v10,feat_gbm,0.5,45,455,-0.017461451317414715,-0.5174982843777256
v10,feat_gbm,0.5,45,456,-3.0763865056910564,-3.7883351795095335
v10,feat_gbm,0.5,45,457,-1.3518897182911465,-1.3225504843777425
v10,feat_gbm,0.5,45,458,-0.5556501980000753,-0.6304710111145473
v10,feat_gbm,0.5,45,459,-3.0577321037408094,-2.867776928577639
v10,feat_gbm,0.5,45,460,-0.462387606354063,-0.20106453453544149
v10,feat_gbm,0.5,45,461,0.167733666356252,0.565413433251147
v10,feat_gbm,0.5,45,462,0.3061380424481947,0.6531860801292728
v10,feat_gbm,0.5,45,463,-3.343968631905683,-3.295531334571209
v10,feat_gbm,0.5,45,464,-0.8571008300987788,-1.118951529136503
v10,feat_gbm,0.5,45,465,-0.005156405367850307,0.08535922256033004
v10,feat_gbm,0.5,45,466,-0.1942469726265861,0.2656879386171551
v10,feat_gbm,0.5,45,467,-0.9127896309314322,-1.0764680911985907
v10,feat_gbm,0.5,45,468,1.647166556484985,2.2503813782282114
v10,feat_gbm,0.5,45,469,-0.04736139455575011,-0.029700274932011248
v10,feat_gbm,0.5,45,470,-2.5348683246539463,-2.1918010579584375
v10,feat_gbm,0.5,45,471,-0.16050435647853908,-0.12537364897776127
v10,feat_gbm,0.5,45,472,-1.5065004658313428,-1.3714574409892777
v10,feat_gbm,0.5,45,473,-1.9992929834083497,-1.0216450817816245
v10,feat_gbm,0.5,45,474,-0.8255416225239041,-0.8313233833759152
v10,feat_gbm,0.5,45,475,-2.9322655226273633,-3.25243582884057
v10,feat_gbm,0.5,45,476,0.8202953381055954,0.8737365575305754
v10,feat_gbm,0.5,45,477,-1.961009019422756,-1.8373017486027088
v10,feat_gbm,0.5,45,478,-1.5551314409618293,-1.909749317133085
v10,feat_gbm,0.5,45,479,0.26441167800887627,0.418341725137149
v10,feat_gbm,0.5,45,480,-2.7837131470303693,-2.8689304810445995
v10,feat_gbm,0.5,45,481,-4.589529513952781,-3.9192950012633494
v10,feat_gbm,0.5,45,482,0.6600864217768514,0.8191907452202399
v10,feat_gbm,0.5,45,483,-2.6705332434328515,-2.7371748494528005
v10,feat_gbm,0.5,45,484,0.20940833019481722,0.043868991079412875
v10,feat_gbm,0.5,45,485,-3.140237479842404,-3.9571024828402512
v10,feat_gbm,0.5,45,486,-1.0291568134146833,-0.8286091055291892
v10,feat_gbm,0.5,45,487,1.2099587494363415,1.1086460137612473
v10,feat_gbm,0.5,45,488,-1.0516142454776642,-1.0899995989348372
v10,feat_gbm,0.5,45,489,-2.897771322836461,-2.9260181182274523
v10,feat_gbm,0.5,45,490,0.1318254669134119,0.01778898425240747
v10,feat_gbm,0.5,45,491,-0.5012382134283027,-0.388546054063584
v10,feat_gbm,0.5,45,492,-0.6308312632332884,-0.8483910406321095
v10,feat_gbm,0.5,45,493,-2.677829052329424,-2.4855190663855797
v10,feat_gbm,0.5,45,494,-0.3787081671737838,-0.6027729178489412
v10,feat_gbm,0.5,45,495,-1.3783227520026888,-1.5285925057254015
v10,feat_gbm,0.5,45,496,0.7502104488733711,1.0092174422839322
v10,feat_gbm,0.5,45,497,-2.6555828065584897,-2.421052301727873
v10,feat_gbm,0.5,45,498,-3.0185130952408006,-3.2283141264699093
v10,feat_gbm,0.5,45,499,-4.328044792498925,-4.907212199848568
v10,feat_gbm,0.5,46,0,-0.2420282715587646,0.03894909458183669
v10,feat_gbm,0.5,46,1,-2.4618489861416033,-2.5052564746229193
v10,feat_gbm,0.5,46,2,0.7491768626263103,0.6287827851917782
v10,feat_gbm,0.5,46,3,-3.2057046596818766,-3.3447289283878643
v10,feat_gbm,0.5,46,4,0.9635561876116978,0.9694015026406426
v10,feat_gbm,0.5,46,5,-2.290392760331513,-2.4693709778233526
v10,feat_gbm,0.5,46,6,-0.0808821119316555,-0.2819211013310965
v10,feat_gbm,0.5,46,7,0.6513509084470422,0.5289578846490461
v10,feat_gbm,0.5,46,8,0.5827703628965054,0.032863622186365654
v10,feat_gbm,0.5,46,9,0.9759172305041712,0.9352707853930591
v10,feat_gbm,0.5,46,10,-1.9051758337041973,-1.5987558134683666
v10,feat_gbm,0.5,46,11,-3.031270002013792,-3.2678706438993954
v10,feat_gbm,0.5,46,12,-2.2015598963866276,-2.445380546146449
v10,feat_gbm,0.5,46,13,-0.3078651450707285,-0.4471217519653716
v10,feat_gbm,0.5,46,14,-1.9279835999533228,-1.8343062920535937
v10,feat_gbm,0.5,46,15,-2.4893469397264094,-2.278287047942225
v10,feat_gbm,0.5,46,16,-0.8776508860267884,-1.113015507562239
v10,feat_gbm,0.5,46,17,-0.9160177488804565,-1.149386040828735
v10,feat_gbm,0.5,46,18,-0.5126854211932629,-0.4541092694382234
v10,feat_gbm,0.5,46,19,-3.065434549005084,-2.8798658660471284
v10,feat_gbm,0.5,46,20,-3.4847065606743928,-3.281006200299989
v10,feat_gbm,0.5,46,21,-0.7517116147650038,-0.7889402030111288
v10,feat_gbm,0.5,46,22,-1.1820390741919782,-0.48114593055133975
v10,feat_gbm,0.5,46,23,-2.472625152727462,-2.8038114998165153
v10,feat_gbm,0.5,46,24,-2.809582220288584,-2.6726430450531393
v10,feat_gbm,0.5,46,25,-3.3311149666018345,-3.141178249464176
v10,feat_gbm,0.5,46,26,-3.5152613210211108,-3.8612362310489847
v10,feat_gbm,0.5,46,27,-2.7927307334263403,-3.085821277369337
v10,feat_gbm,0.5,46,28,-2.2489635356016566,-2.1153791712035637
v10,feat_gbm,0.5,46,29,-0.515287082752865,-0.5854112868629942
v10,feat_gbm,0.5,46,30,0.22188073099043568,0.13849791927417068
v10,feat_gbm,0.5,46,31,-2.823040046808214,-2.779654184179668
v10,feat_gbm,0.5,46,32,1.1209312618504814,0.9166392391011026
v10,feat_gbm,0.5,46,33,-1.6631681021775007,-2.134444297962007
v10,feat_gbm,0.5,46,34,0.9046046149231294,1.1224191581864646
v10,feat_gbm,0.5,46,35,-2.816966177955105,-2.7514680837461087
v10,feat_gbm,0.5,46,36,0.7016413030159169,0.7493710802437775
v10,feat_gbm,0.5,46,37,-2.3030789660993807,-2.157600461660938
v10,feat_gbm,0.5,46,38,-1.8527532191223623,-1.7436371170468024
v10,feat_gbm,0.5,46,39,0.7623347000746593,0.632388610685479
v10,feat_gbm,0.5,46,40,-1.2088345983563515,-1.5024753827969588
v10,feat_gbm,0.5,46,41,-3.0494287183217987,-2.936018587066778
v10,feat_gbm,0.5,46,42,-0.07513562223069115,-0.06406961406287034
v10,feat_gbm,0.5,46,43,-0.3758171646932751,-0.43711075337934485
v10,feat_gbm,0.5,46,44,0.5969227151483842,0.521724778538647
v10,feat_gbm,0.5,46,45,0.6923063320059782,-0.02881562555915001
v10,feat_gbm,0.5,46,46,-3.0130815305665593,-2.6856700943784895
v10,feat_gbm,0.5,46,47,-3.8324986506176617,-3.3419513202228783
v10,feat_gbm,0.5,46,48,-0.27769089502366684,-0.35240032436669677
v10,feat_gbm,0.5,46,49,-3.623906788184112,-4.466027560457086
v10,feat_gbm,0.5,46,50,-1.2860617598036281,-1.2227887404747313
v10,feat_gbm,0.5,46,51,-3.737523037828294,-4.168130875201601
v10,feat_gbm,0.5,46,52,-2.6945615286877436,-2.1825653069440887
v10,feat_gbm,0.5,46,53,-2.4576309446191003,-2.816977102698189
v10,feat_gbm,0.5,46,54,-0.9197105193007601,-0.9520374156321785
v10,feat_gbm,0.5,46,55,0.45573833295338845,0.800460094219776
v10,feat_gbm,0.5,46,56,0.3780953631365015,0.2782562560211116
v10,feat_gbm,0.5,46,57,-0.15649763329758154,-0.7855200046266205
v10,feat_gbm,0.5,46,58,-2.8966118814661566,-2.837973637743256
v10,feat_gbm,0.5,46,59,0.052815130679934603,0.3653424354755994
v10,feat_gbm,0.5,46,60,-3.1964463195394526,-3.145987746693799
v10,feat_gbm,0.5,46,61,-2.2632167018694327,-2.1381844357326614
v10,feat_gbm,0.5,46,62,0.8449058034786909,0.3908315550690521
v10,feat_gbm,0.5,46,63,-3.1726111960324057,-3.259739876316779
v10,feat_gbm,0.5,46,64,-3.9382534935073905,-3.799325775609258
v10,feat_gbm,0.5,46,65,-0.09820300333637062,0.2842997557356093
v10,feat_gbm,0.5,46,66,0.722175544227416,0.9099380077885143
v10,feat_gbm,0.5,46,67,0.4308268572002904,0.5741223235018287
v10,feat_gbm,0.5,46,68,1.1436472265886726,1.3807263582335993
v10,feat_gbm,0.5,46,69,0.7835781571413215,2.7357387204405055
v10,feat_gbm,0.5,46,70,-0.2142394703486689,-0.3782017485149665
v10,feat_gbm,0.5,46,71,-0.856526368978791,-0.6946521973220513
v10,feat_gbm,0.5,46,72,-3.5670253304904693,-3.510295151868067
v10,feat_gbm,0.5,46,73,-0.22643600441623837,-0.3643686170400702
v10,feat_gbm,0.5,46,74,1.0728025730756647,1.1835884152793859
v10,feat_gbm,0.5,46,75,0.11930392862123142,-0.38644824542838596
v10,feat_gbm,0.5,46,76,0.3940979506906314,0.7005004452467647
v10,feat_gbm,0.5,46,77,0.16293982387246528,0.3770911051312199
v10,feat_gbm,0.5,46,78,-0.5884913201999314,-0.5374783823521183
v10,feat_gbm,0.5,46,79,-2.992555580562519,-3.2499450611549854
v10,feat_gbm,0.5,46,80,-1.7761241442703173,-1.719925172279684
v10,feat_gbm,0.5,46,81,0.9183800716331498,1.8185710395242058
v10,feat_gbm,0.5,46,82,-1.166023000150581,-1.0758778979961314
v10,feat_gbm,0.5,46,83,-0.36622504536641975,-0.8033140510569362
v10,feat_gbm,0.5,46,84,-2.2539821211310143,-2.0837035815006346
v10,feat_gbm,0.5,46,85,-0.9104894311570704,-1.2430797823904942
v10,feat_gbm,0.5,46,86,0.8086734212049939,0.639317965424242
v10,feat_gbm,0.5,46,87,-0.19779639991653386,-0.02321591952008587
v10,feat_gbm,0.5,46,88,-3.4681606321083462,-3.512086916650174
v10,feat_gbm,0.5,46,89,-1.5450167286236265,-1.684363733317816
v10,feat_gbm,0.5,46,90,-3.89788134953899,-3.5341996208099964
v10,feat_gbm,0.5,46,91,0.7681591738517257,1.1574629997660548
v10,feat_gbm,0.5,46,92,-1.0583144698827311,-0.7651863719989663
v10,feat_gbm,0.5,46,93,-4.076394102741189,-5.7708125015304885
v10,feat_gbm,0.5,46,94,0.10722183467134015,0.07374698385127064
v10,feat_gbm,0.5,46,95,0.7333607867122099,1.201566413592891
v10,feat_gbm,0.5,46,96,1.494786529183376,1.2655480006709303
v10,feat_gbm,0.5,46,97,-3.5889877128683154,-3.2217777708537843
v10,feat_gbm,0.5,46,98,-1.6081947620833712,-1.2120387208328698
v10,feat_gbm,0.5,46,99,-0.39718752360584797,-0.04015373686183237
v10,feat_gbm,0.5,46,100,-2.7837358983053853,-2.8384481914339785
v10,feat_gbm,0.5,46,101,-3.2595631827416853,-3.541068619782685
v10,feat_gbm,0.5,46,102,-3.928172777644439,-4.424727465058162
v10,feat_gbm,0.5,46,103,-0.6572894122794516,-0.7652009130347144
v10,feat_gbm,0.5,46,104,-0.8206063713063885,-0.406664655497914
v10,feat_gbm,0.5,46,105,-2.830346222558241,-2.8019031633754246
v10,feat_gbm,0.5,46,106,-1.062790712211733,-1.1978192780958505
v10,feat_gbm,0.5,46,107,-1.2704668066796818,-1.2497822804421463
v10,feat_gbm,0.5,46,108,-0.1105984631993202,-0.2003702404752673
v10,feat_gbm,0.5,46,109,-0.31777790888254237,-0.28745536208379296
v10,feat_gbm,0.5,46,110,0.5013530089637084,0.2838469771831524
v10,feat_gbm,0.5,46,111,0.3112769057796887,0.6579850926301614
v10,feat_gbm,0.5,46,112,-0.16530317176827228,-0.4279263804064609
v10,feat_gbm,0.5,46,113,0.39660048303428636,0.527327823801956
v10,feat_gbm,0.5,46,114,-3.6926605548179623,-3.652947895428966
v10,feat_gbm,0.5,46,115,-1.0444460492035232,-0.04287987221360797
v10,feat_gbm,0.5,46,116,-3.784029908761536,-3.4409421360670214
v10,feat_gbm,0.5,46,117,-2.575798059007106,-2.4284095097884006
v10,feat_gbm,0.5,46,118,-1.7388724668982052,-1.419217075367618
v10,feat_gbm,0.5,46,119,-2.3576322836349317,-1.4944271796191557
v10,feat_gbm,0.5,46,120,-2.7407384011389535,-2.797137626437216
v10,feat_gbm,0.5,46,121,1.2496606119744909,3.1321125804877905
v10,feat_gbm,0.5,46,122,-2.6540809716939053,-3.164895556438051
v10,feat_gbm,0.5,46,123,0.3041164335445459,-0.021234684620174846
v10,feat_gbm,0.5,46,124,-1.5618846508540118,-1.246001114532972
v10,feat_gbm,0.5,46,125,-2.6418610787676933,-2.7130193085566443
v10,feat_gbm,0.5,46,126,-1.966420867526328,-2.0560780011130944
v10,feat_gbm,0.5,46,127,-1.68761535943538,-1.631222331554067
v10,feat_gbm,0.5,46,128,-2.9589384419764295,-3.477307725783656
v10,feat_gbm,0.5,46,129,1.3805783419855844,1.7007542891568868
v10,feat_gbm,0.5,46,130,-4.016445351311602,-3.4021624962570822
v10,feat_gbm,0.5,46,131,-3.4348634271952228,-3.701149444421242
v10,feat_gbm,0.5,46,132,-0.3324923846873003,-0.4116741376471012
v10,feat_gbm,0.5,46,133,-0.5521147678472786,-0.5680375850475197
v10,feat_gbm,0.5,46,134,-1.3392564298417748,-1.4788189923590598
v10,feat_gbm,0.5,46,135,-2.638224199831899,-2.9896549957503007
v10,feat_gbm,0.5,46,136,0.3469365812026874,0.11194117436713467
v10,feat_gbm,0.5,46,137,1.216712709789111,1.7147062893715772
v10,feat_gbm,0.5,46,138,-2.0882583818135654,-1.9709125209383296
v10,feat_gbm,0.5,46,139,0.035964790886993905,0.19937477723826902
v10,feat_gbm,0.5,46,140,-2.9421470155632616,-2.8223726616431475
v10,feat_gbm,0.5,46,141,-0.1511824200975641,-0.12380828599000025
v10,feat_gbm,0.5,46,142,-3.0877109663553775,-2.97521232911642
v10,feat_gbm,0.5,46,143,-2.0334495559149524,-1.9484557479617686
v10,feat_gbm,0.5,46,144,1.0213827449894228,1.244093655886106
v10,feat_gbm,0.5,46,145,-2.4115608784491873,-2.0280859266176816
v10,feat_gbm,0.5,46,146,-2.0467282737575228,-2.0754073031653366
v10,feat_gbm,0.5,46,147,0.12968523235225074,-0.11331641159387335
v10,feat_gbm,0.5,46,148,-2.217317716051677,-2.620298039600635
v10,feat_gbm,0.5,46,149,-2.988031109829433,-3.8395532227602396
v10,feat_gbm,0.5,46,150,-1.9072981134101885,-2.149698272240366
v10,feat_gbm,0.5,46,151,-3.150685052524055,-3.1594376779318036
v10,feat_gbm,0.5,46,152,-2.460091378144181,-2.7712141114581046
v10,feat_gbm,0.5,46,153,-1.165990143725347,-1.1483368403810985
v10,feat_gbm,0.5,46,154,-1.0614140628656366,-1.4700676700115773
v10,feat_gbm,0.5,46,155,1.0464442174225494,1.4088416749712322
v10,feat_gbm,0.5,46,156,0.6242709572593408,0.7564704220494097
v10,feat_gbm,0.5,46,157,-2.1030143159063166,-1.7148995557963913
v10,feat_gbm,0.5,46,158,-2.4529355504880077,-2.8595355115547196
v10,feat_gbm,0.5,46,159,-1.209343777829256,-0.9922400520728849
v10,feat_gbm,0.5,46,160,0.977689503970722,1.8585227307534937
v10,feat_gbm,0.5,46,161,-2.3242694816508225,-2.477654537850602
v10,feat_gbm,0.5,46,162,-3.116074362101266,-2.993764039868935
v10,feat_gbm,0.5,46,163,-1.1140823658847163,-1.1722671160336509
v10,feat_gbm,0.5,46,164,-1.8857732356759365,-1.6577576086204497
v10,feat_gbm,0.5,46,165,-2.8274784719203794,-2.9770186999323642
v10,feat_gbm,0.5,46,166,-3.392050388449249,-3.2329952824425443
v10,feat_gbm,0.5,46,167,-0.020767829815081087,0.19550508612775644
v10,feat_gbm,0.5,46,168,-1.079725303756461,-1.2639642813248737
v10,feat_gbm,0.5,46,169,1.0581558622665428,1.4224064134580066
v10,feat_gbm,0.5,46,170,-2.212916349218386,-1.5303724784706008
v10,feat_gbm,0.5,46,171,0.9298844003118679,0.6086346650572224
v10,feat_gbm,0.5,46,172,0.25037477433605426,-0.052232489626048526
v10,feat_gbm,0.5,46,173,-0.36387146119648467,-0.19074605880313256
v10,feat_gbm,0.5,46,174,-2.514139389504881,-2.7678232596734214
v10,feat_gbm,0.5,46,175,-2.083132489582963,-1.6557092188829319
v10,feat_gbm,0.5,46,176,0.03660867911605074,0.12081831439914445
v10,feat_gbm,0.5,46,177,1.0235420672057989,3.7031714993021168
v10,feat_gbm,0.5,46,178,-0.11987925447190317,-0.17761292562564054
v10,feat_gbm,0.5,46,179,-0.10237245057467398,0.2295122735959306
v10,feat_gbm,0.5,46,180,-1.6570275788820135,-1.6401012725318311
v10,feat_gbm,0.5,46,181,-2.1941676566482524,-3.399461101549646
v10,feat_gbm,0.5,46,182,0.4985246215027037,0.5421608664871393
v10,feat_gbm,0.5,46,183,-3.908440879917392,-3.7858185839721776
v10,feat_gbm,0.5,46,184,0.41666299307167676,0.4440956773301304
v10,feat_gbm,0.5,46,185,0.40648312892594013,0.5450962365111649
v10,feat_gbm,0.5,46,186,-3.332034040915752,-3.094441269353033
v10,feat_gbm,0.5,46,187,1.1216079585169711,1.436275522654785
v10,feat_gbm,0.5,46,188,0.01840401310138633,-0.003208414280501246
v10,feat_gbm,0.5,46,189,-1.735246625865891,-2.0766448721687736
v10,feat_gbm,0.5,46,190,-3.1017047523862677,-2.887011097372245
v10,feat_gbm,0.5,46,191,-0.04746611763929385,-0.19564387773269687
v10,feat_gbm,0.5,46,192,-3.7468745990283354,-3.39219136175158
v10,feat_gbm,0.5,46,193,-4.478913882106613,-4.804455114758695
v10,feat_gbm,0.5,46,194,-0.016854330730004252,-0.23230879418151415
v10,feat_gbm,0.5,46,195,1.104265300797572,0.7768952289284052
v10,feat_gbm,0.5,46,196,-3.5380953808578024,-3.0758975731441707
v10,feat_gbm,0.5,46,197,1.7199424201798992,1.8852948766094535
v10,feat_gbm,0.5,46,198,0.12763167009376478,-0.07474663349946693
v10,feat_gbm,0.5,46,199,1.190184674729222,0.9295509098669842
v10,feat_gbm,0.5,46,200,0.40805026684756973,0.40408761039079466
v10,feat_gbm,0.5,46,201,-1.147520292529134,-1.0185563947000995
v10,feat_gbm,0.5,46,202,-1.6554176260041222,-1.5812541435625456
v10,feat_gbm,0.5,46,203,-2.1696710934148724,-2.9269603411540346
v10,feat_gbm,0.5,46,204,-0.1079990272469921,-0.9368237022381455
v10,feat_gbm,0.5,46,205,-0.7503529993152489,-0.771906247259438
v10,feat_gbm,0.5,46,206,-1.857306426701824,-1.4457766532498904
v10,feat_gbm,0.5,46,207,-2.708682856960085,-2.4752738768021185
v10,feat_gbm,0.5,46,208,-2.9133593627355845,-2.8789590131308262
v10,feat_gbm,0.5,46,209,-2.432399478501158,-2.6986856152036793
v10,feat_gbm,0.5,46,210,0.15776699582562106,0.05837096406180189
v10,feat_gbm,0.5,46,211,-3.013129998744887,-2.2327070274631113
v10,feat_gbm,0.5,46,212,0.12251816963416537,0.15758807445032513
v10,feat_gbm,0.5,46,213,0.7692353133898768,0.5234750924970406
v10,feat_gbm,0.5,46,214,0.9208686745747241,0.8312555987922697
v10,feat_gbm,0.5,46,215,-0.680641663270165,-0.7699972654610447
v10,feat_gbm,0.5,46,216,-2.462350197049556,-2.4368834827463726
v10,feat_gbm,0.5,46,217,-3.520274310489261,-3.7421886443248944
v10,feat_gbm,0.5,46,218,-4.492666457225991,-4.3753265313120195
v10,feat_gbm,0.5,46,219,0.1524986439765883,0.13181597567614448
v10,feat_gbm,0.5,46,220,-2.566400337258975,-2.150299196146146
v10,feat_gbm,0.5,46,221,0.4966623387394671,0.4316281043505307
v10,feat_gbm,0.5,46,222,0.7618368701713352,0.20581216265343685
v10,feat_gbm,0.5,46,223,-2.0782388845080297,-1.7226779576420432
v10,feat_gbm,0.5,46,224,1.0667502946296212,1.0701061526100661
v10,feat_gbm,0.5,46,225,-2.2232636368967937,-2.995983076644188
v10,feat_gbm,0.5,46,226,-0.3456065783237783,-0.39103048890459524
v10,feat_gbm,0.5,46,227,-2.317064808031411,-2.811377433191803
v10,feat_gbm,0.5,46,228,-0.030047878037220702,0.1103569248772952
v10,feat_gbm,0.5,46,229,0.9126103097624222,1.0926797996732165
v10,feat_gbm,0.5,46,230,-1.225797139044151,-1.1465469989616057
v10,feat_gbm,0.5,46,231,-3.681188178332685,-3.7045714701961474
v10,feat_gbm,0.5,46,232,-0.16971668142628898,-0.3205795311611984
v10,feat_gbm,0.5,46,233,-0.14861590071399505,-0.7282288274356463
v10,feat_gbm,0.5,46,234,-0.8116067581313233,-0.6143938277881194
v10,feat_gbm,0.5,46,235,-3.071182936013816,-3.717493513170671
v10,feat_gbm,0.5,46,236,-2.0735671655244454,-1.894186438607053
v10,feat_gbm,0.5,46,237,0.0930384376360207,0.19101892391720615
v10,feat_gbm,0.5,46,238,-2.3745530797124887,-2.723653519266766
v10,feat_gbm,0.5,46,239,0.2295329661809455,0.28172679866345784
v10,feat_gbm,0.5,46,240,-0.798893275743772,-0.570916259780521
v10,feat_gbm,0.5,46,241,-2.4704428538463343,-3.037607674189957
v10,feat_gbm,0.5,46,242,-2.764607776498568,-2.4824067099880884
v10,feat_gbm,0.5,46,243,1.0703166236584825,1.793244191067856
v10,feat_gbm,0.5,46,244,-1.7686506339861698,-2.170563194223024
v10,feat_gbm,0.5,46,245,-2.5855059551679043,-2.5580286375581696
v10,feat_gbm,0.5,46,246,-3.0151857174549193,-3.9013363177662743
v10,feat_gbm,0.5,46,247,-1.1694977147028605,-1.2689211715035387
v10,feat_gbm,0.5,46,248,-2.9155196781680943,-2.89795980370705
v10,feat_gbm,0.5,46,249,-1.1090178944695748,-1.149470325468549
v10,feat_gbm,0.5,46,250,-2.635033143448669,-2.1803876537888693
v10,feat_gbm,0.5,46,251,-1.4441194960684263,-1.2010659028736028
v10,feat_gbm,0.5,46,252,-2.6418400663129287,-2.675840590612525
v10,feat_gbm,0.5,46,253,-0.819963609709289,-0.865421424414132
v10,feat_gbm,0.5,46,254,-0.31230153585929094,-0.45089388998719687
v10,feat_gbm,0.5,46,255,-1.5082032307357378,-1.477655138121315
v10,feat_gbm,0.5,46,256,-2.0798616901067306,-1.9234128661936198
v10,feat_gbm,0.5,46,257,-0.6993417157088168,-0.8895479413744646
v10,feat_gbm,0.5,46,258,-1.3979344495394814,-1.284701881398344
v10,feat_gbm,0.5,46,259,-0.1985218680419307,0.03791276039075724
v10,feat_gbm,0.5,46,260,-0.9447134467300778,-1.213907680807544
v10,feat_gbm,0.5,46,261,-0.39811285067151975,-0.6937064881158975
v10,feat_gbm,0.5,46,262,-1.8283793525988554,-2.500344974429108
v10,feat_gbm,0.5,46,263,-3.0102797549250075,-3.0782877743164985
v10,feat_gbm,0.5,46,264,-2.9056058227556725,-3.2702790535172426
v10,feat_gbm,0.5,46,265,-0.40206007099999513,-0.15746453031192983
v10,feat_gbm,0.5,46,266,-1.3481156342737028,-1.3930653126164372
v10,feat_gbm,0.5,46,267,-4.334692833212061,-3.460520174484755
v10,feat_gbm,0.5,46,268,-1.8383469295003176,-1.8115923421665279
v10,feat_gbm,0.5,46,269,0.24083227839831498,-0.04785951915829837
v10,feat_gbm,0.5,46,270,-1.4677931741809673,-1.3387838926701625
v10,feat_gbm,0.5,46,271,0.740080205793223,0.6172482925771328
v10,feat_gbm,0.5,46,272,0.12671402756385022,0.10718580269537517
v10,feat_gbm,0.5,46,273,-3.0507911679514477,-2.4250613993713395
v10,feat_gbm,0.5,46,274,-0.10817275031879944,-0.4656136934058211
v10,feat_gbm,0.5,46,275,-1.8179642748757765,-1.7679071058666047
v10,feat_gbm,0.5,46,276,-0.06598828612294035,-0.15192249005847586
v10,feat_gbm,0.5,46,277,-0.264089199631612,-0.22686658439221394
v10,feat_gbm,0.5,46,278,-0.37920458227533477,-0.3963273628232521
v10,feat_gbm,0.5,46,279,-2.550856931152395,-2.1916982233579314
v10,feat_gbm,0.5,46,280,0.6089283958856542,0.5138857123822332
v10,feat_gbm,0.5,46,281,0.10631365877321917,0.13501120436460418
v10,feat_gbm,0.5,46,282,0.08201604630540898,-0.35232291748203215
v10,feat_gbm,0.5,46,283,0.446402171157863,0.33710059568630363
v10,feat_gbm,0.5,46,284,1.8316343336049428,2.2269494594330284
v10,feat_gbm,0.5,46,285,-0.4810787256877394,-0.8523290277873723
v10,feat_gbm,0.5,46,286,0.42812972791919823,0.5032694866056324
v10,feat_gbm,0.5,46,287,-3.7725738199778,-3.0734310124071125
v10,feat_gbm,0.5,46,288,-3.116331180643766,-3.0969464995649485
v10,feat_gbm,0.5,46,289,0.7803412838620798,0.8088909840914691
v10,feat_gbm,0.5,46,290,-1.4799374899068627,-1.710735902712342
v10,feat_gbm,0.5,46,291,-0.3142451364548725,-0.24588513525180683
v10,feat_gbm,0.5,46,292,-3.1001893879162044,-2.9910915714149957
v10,feat_gbm,0.5,46,293,0.06913500563721595,0.24397961438558982
v10,feat_gbm,0.5,46,294,0.9610257402580269,0.9827222917401395
v10,feat_gbm,0.5,46,295,1.1360312618067658,1.5399914318848642
v10,feat_gbm,0.5,46,296,-2.767753062957239,-3.028104854063688
v10,feat_gbm,0.5,46,297,-1.803799066054721,-1.9675880903276046
v10,feat_gbm,0.5,46,298,0.5003943954799401,0.3882116190950413
v10,feat_gbm,0.5,46,299,-0.4065674936241696,-0.4169590587595381
v10,feat_gbm,0.5,46,300,-0.5340339820363724,-0.47104701624968015
v10,feat_gbm,0.5,46,301,-0.5604622061245046,-0.5788171023402015
v10,feat_gbm,0.5,46,302,-3.5213081598382354,-3.325334912618423
v10,feat_gbm,0.5,46,303,0.09216703130921856,0.27214776974989446
v10,feat_gbm,0.5,46,304,0.039506652836145476,0.2838761456734127
v10,feat_gbm,0.5,46,305,0.8697696493943967,0.98356576927226
v10,feat_gbm,0.5,46,306,-1.888334071246328,-2.324804251846344
v10,feat_gbm,0.5,46,307,-0.21249142976422464,-0.30060412365222405
v10,feat_gbm,0.5,46,308,-3.81748038564149,-3.5706943269006843
v10,feat_gbm,0.5,46,309,0.5216445597772948,0.7657986236992217
v10,feat_gbm,0.5,46,310,-0.28753299738670907,-0.3760212383278314
v10,feat_gbm,0.5,46,311,0.77106043397152,0.903367601886353
v10,feat_gbm,0.5,46,312,0.5400763551231643,0.2834145554969618
v10,feat_gbm,0.5,46,313,-0.3886489719178101,-0.8750381269167363
v10,feat_gbm,0.5,46,314,-1.7189670444877758,-0.8911054934067958
v10,feat_gbm,0.5,46,315,0.2423552405223735,0.2699623908229132
v10,feat_gbm,0.5,46,316,-3.6949495244155903,-4.034449774534175
v10,feat_gbm,0.5,46,317,0.30902303461039277,0.7302045063515665
v10,feat_gbm,0.5,46,318,-2.133026314808714,-2.5264159394565007
v10,feat_gbm,0.5,46,319,-3.018157802834912,-3.1280680478747835
v10,feat_gbm,0.5,46,320,0.015563259748157206,-0.623194388118803
v10,feat_gbm,0.5,46,321,-3.87665704772375,-4.172922463867305
v10,feat_gbm,0.5,46,322,1.0124744664438026,1.0714029341973417
v10,feat_gbm,0.5,46,323,-2.524338402845669,-2.5538050374755565
v10,feat_gbm,0.5,46,324,-1.4384076769603116,-1.5310020975326282
v10,feat_gbm,0.5,46,325,-0.6142656267604617,-0.735749980772127
v10,feat_gbm,0.5,46,326,-0.5562890334536795,-0.5010306012352705
v10,feat_gbm,0.5,46,327,-3.9096158719593133,-4.393123087746285
v10,feat_gbm,0.5,46,328,0.6392713479177061,0.6439364857563509
v10,feat_gbm,0.5,46,329,-3.1034356142489306,-2.60760252445046
v10,feat_gbm,0.5,46,330,0.5461645221098661,0.46983427811083467
v10,feat_gbm,0.5,46,331,-0.9915913368563929,-1.149354435920189
v10,feat_gbm,0.5,46,332,-2.046705110645745,-1.0961264399974935
v10,feat_gbm,0.5,46,333,1.0634271766658163,1.4253561556633074
v10,feat_gbm,0.5,46,334,1.112727652682714,1.0406546288822482
v10,feat_gbm,0.5,46,335,-0.4109163248650518,-0.1286217558512718
v10,feat_gbm,0.5,46,336,-1.8261850580284233,-1.7275974260064488
v10,feat_gbm,0.5,46,337,-3.3499248410218305,-4.535227665039715
v10,feat_gbm,0.5,46,338,-0.5094624101852141,-1.078833843619319
v10,feat_gbm,0.5,46,339,-1.7997755049272206,-2.035297396751524
v10,feat_gbm,0.5,46,340,0.10947461833737628,0.4788286932125707
v10,feat_gbm,0.5,46,341,-0.5730380003031762,-0.4595082096564039
v10,feat_gbm,0.5,46,342,-3.8216821188575105,-3.653430804591794
v10,feat_gbm,0.5,46,343,0.4481201567578016,0.2834522663037432
v10,feat_gbm,0.5,46,344,0.03995322797957469,-0.15984972455285287
v10,feat_gbm,0.5,46,345,-2.0718583206654726,-3.8822970119574354
v10,feat_gbm,0.5,46,346,-2.814987745496008,-2.5801989990218064
v10,feat_gbm,0.5,46,347,-3.5291568701890856,-3.2622630695286134
v10,feat_gbm,0.5,46,348,-0.6432379857908442,-0.4894561152880944
v10,feat_gbm,0.5,46,349,-3.7676050126266767,-3.0223552414624764
v10,feat_gbm,0.5,46,350,0.7973590400163048,0.4215072765335228
v10,feat_gbm,0.5,46,351,-2.0432239187610355,-1.8152752103400673
v10,feat_gbm,0.5,46,352,0.8420844884068025,1.102263670511441
v10,feat_gbm,0.5,46,353,1.176650347181203,1.4454852001466738
v10,feat_gbm,0.5,46,354,-3.4993789562320368,-3.6770060333191017
v10,feat_gbm,0.5,46,355,-3.7628390809104246,-5.078652858832153
v10,feat_gbm,0.5,46,356,0.5417173936122575,0.7815322159665122
v10,feat_gbm,0.5,46,357,0.5770262726773201,0.6775133790495483
v10,feat_gbm,0.5,46,358,-3.7176876954308335,-3.5163570325540956
v10,feat_gbm,0.5,46,359,-3.0164143077249834,-4.157760523739404
v10,feat_gbm,0.5,46,360,-0.24812786722114732,-0.18386357284099003
v10,feat_gbm,0.5,46,361,-4.367463509934557,-4.477383009144865
v10,feat_gbm,0.5,46,362,0.03517478322781048,0.2909126951240761
v10,feat_gbm,0.5,46,363,-3.239590306912133,-3.5121531596302606
v10,feat_gbm,0.5,46,364,0.17659866872251248,-0.0019354464452207268
v10,feat_gbm,0.5,46,365,-3.3747331607508966,-3.264666087597375
v10,feat_gbm,0.5,46,366,-1.4097220362270901,-1.4961090632143375
v10,feat_gbm,0.5,46,367,-0.048092908045478104,-0.10305907560987346
v10,feat_gbm,0.5,46,368,0.13581929308024887,0.24601275195113992
v10,feat_gbm,0.5,46,369,-1.8557764536218615,-1.6400355118163064
v10,feat_gbm,0.5,46,370,-1.225247115669575,-1.5399226532969161
v10,feat_gbm,0.5,46,371,-0.08287784645307292,-0.3336387161155974
v10,feat_gbm,0.5,46,372,0.30281345571048834,0.3185760540422761
v10,feat_gbm,0.5,46,373,-0.365059053799538,-0.30756424411789
v10,feat_gbm,0.5,46,374,-3.8136396010001565,-3.551435429619069
v10,feat_gbm,0.5,46,375,0.09232556654826961,-0.12846918127015178
v10,feat_gbm,0.5,46,376,0.5299954169788552,0.43413099611324796
v10,feat_gbm,0.5,46,377,0.6611737164938921,0.8095384731463161
v10,feat_gbm,0.5,46,378,0.3516046697050258,0.20303525329731625
v10,feat_gbm,0.5,46,379,0.6413378959034135,0.524784145223057
v10,feat_gbm,0.5,46,380,0.3624553067730553,0.8722609808312535
v10,feat_gbm,0.5,46,381,0.7410700708532417,1.0190202163897197
v10,feat_gbm,0.5,46,382,0.672405664454763,1.2715191268303472
v10,feat_gbm,0.5,46,383,0.09495170488548874,-0.13923746667536385
v10,feat_gbm,0.5,46,384,-1.4878810268367506,-1.7983983483294153
v10,feat_gbm,0.5,46,385,0.2860922696155643,0.5606037150840157
v10,feat_gbm,0.5,46,386,0.7679874221229022,0.6003456151224621
v10,feat_gbm,0.5,46,387,0.9339642974424914,1.3071718981356573
v10,feat_gbm,0.5,46,388,-0.34984840036055426,-0.19457283568776126
v10,feat_gbm,0.5,46,389,-1.16209997445972,-0.981880356960367
v10,feat_gbm,0.5,46,390,-3.219867507568113,-2.628024059072158
v10,feat_gbm,0.5,46,391,-2.52324599911171,-2.479262758098376
v10,feat_gbm,0.5,46,392,-2.2113485592672264,-2.207941629114672
v10,feat_gbm,0.5,46,393,-3.0798825910552328,-2.806586620215901
v10,feat_gbm,0.5,46,394,-0.12285615388963882,-0.16842623590390868
v10,feat_gbm,0.5,46,395,0.5067580170262567,0.3596423409999632
v10,feat_gbm,0.5,46,396,-2.4555438502225493,-3.117667066362407
v10,feat_gbm,0.5,46,397,0.7489538535681309,0.6134086288650079
v10,feat_gbm,0.5,46,398,0.5617553592392727,0.5049020087080688
v10,feat_gbm,0.5,46,399,-1.2316485576757592,-1.0548605918119196
v10,feat_gbm,0.5,46,400,-3.1996437450660093,-2.877676775828332
v10,feat_gbm,0.5,46,401,0.15468040416911927,0.015654415635624343
v10,feat_gbm,0.5,46,402,-0.7341566162646896,-0.7027824676465185
v10,feat_gbm,0.5,46,403,0.21922982618664932,0.6733427913489138
v10,feat_gbm,0.5,46,404,0.2944688388660165,0.03259550049258387
v10,feat_gbm,0.5,46,405,-3.498748549734107,-3.4179416205706223
v10,feat_gbm,0.5,46,406,-1.7099549448683136,-1.6563158072976616
v10,feat_gbm,0.5,46,407,0.500648433751901,0.3281041495218151
v10,feat_gbm,0.5,46,408,-1.5168548156409687,-1.498502430121411
v10,feat_gbm,0.5,46,409,-1.825270347250278,-1.5390850133499359
v10,feat_gbm,0.5,46,410,-2.53523331203628,-3.8769914364338094
v10,feat_gbm,0.5,46,411,-1.0551765874801649,-1.1093409530974205
v10,feat_gbm,0.5,46,412,-2.565415689536102,-2.1356441225652167
v10,feat_gbm,0.5,46,413,0.39099245204767563,0.5613925387002681
v10,feat_gbm,0.5,46,414,-2.5399422767018995,-2.672303525149137
v10,feat_gbm,0.5,46,415,1.0377444724710254,0.9887747910888531
v10,feat_gbm,0.5,46,416,-1.7623354967484577,-2.064740642123073
v10,feat_gbm,0.5,46,417,-0.5611271204657026,-0.13534283366780814
v10,feat_gbm,0.5,46,418,0.22246001775166852,0.5266566940316069
v10,feat_gbm,0.5,46,419,-0.7286383867199437,-0.7929716308762645
v10,feat_gbm,0.5,46,420,0.08887422073583276,0.22081989653443584
v10,feat_gbm,0.5,46,421,-3.7048984855390623,-3.4911396429773087
v10,feat_gbm,0.5,46,422,0.021316353332141644,0.4691563032653497
v10,feat_gbm,0.5,46,423,-0.09913780439244434,-0.21242164749251408
v10,feat_gbm,0.5,46,424,-2.268612799777619,-2.0235730224261497
v10,feat_gbm,0.5,46,425,0.01938044613244304,0.1881042769243711
v10,feat_gbm,0.5,46,426,-1.0777303409058439,-0.7546830882020855
v10,feat_gbm,0.5,46,427,-2.129053442807995,-2.004418163271322
v10,feat_gbm,0.5,46,428,-0.0033808636754333035,0.08108350485015015
v10,feat_gbm,0.5,46,429,-1.304328877968758,-0.8958783842144782
v10,feat_gbm,0.5,46,430,-0.7396132003356997,-0.700178367515834
v10,feat_gbm,0.5,46,431,-2.185756508094442,-2.026447754843476
v10,feat_gbm,0.5,46,432,-3.1475210346990603,-3.3644112924118934
v10,feat_gbm,0.5,46,433,-1.7690351563815547,-2.4777804975332844
v10,feat_gbm,0.5,46,434,-3.7268255640205563,-3.6407879329147783
v10,feat_gbm,0.5,46,435,0.49757927364901344,0.8140524350977956
v10,feat_gbm,0.5,46,436,-0.42459831275208837,-0.6342245759550225
v10,feat_gbm,0.5,46,437,-1.0313227148670259,-1.0170271575608654
v10,feat_gbm,0.5,46,438,0.9207257201164208,1.2058566336630974
v10,feat_gbm,0.5,46,439,0.8465819868873444,1.04159183954478
v10,feat_gbm,0.5,46,440,-1.1321978504000738,-0.383754051292973
v10,feat_gbm,0.5,46,441,1.1266314981564551,0.9717849563735496
v10,feat_gbm,0.5,46,442,0.9048582262193687,0.915394257773604
v10,feat_gbm,0.5,46,443,0.15386848846794612,0.17619398118278368
v10,feat_gbm,0.5,46,444,-2.6268208649878115,-2.3026142847949007
v10,feat_gbm,0.5,46,445,-1.4265912646951393,-2.156995715227189
v10,feat_gbm,0.5,46,446,-2.2250159528458777,-1.9647154613855007
v10,feat_gbm,0.5,46,447,-1.1550764636333815,-1.2167428909736953
v10,feat_gbm,0.5,46,448,-0.20298737960353386,0.371748058948411
v10,feat_gbm,0.5,46,449,-3.5925113449807378,-3.354914600670279
v10,feat_gbm,0.5,46,450,-2.5262580505186905,-2.0984010901330774
v10,feat_gbm,0.5,46,451,-1.8689078517112963,-1.8411195968283314
v10,feat_gbm,0.5,46,452,-0.08529331771306184,-0.2866386615093297
v10,feat_gbm,0.5,46,453,-1.8737884151327995,-2.1769502099219324
v10,feat_gbm,0.5,46,454,0.12616429320331707,0.851829112076475
v10,feat_gbm,0.5,46,455,0.23365106790395274,-0.5174982843777256
v10,feat_gbm,0.5,46,456,-3.1511451626992746,-3.7883351795095335
v10,feat_gbm,0.5,46,457,-1.2189493643570113,-1.3225504843777425
v10,feat_gbm,0.5,46,458,-0.5829285540220162,-0.6304710111145473
v10,feat_gbm,0.5,46,459,-3.02389243592351,-2.867776928577639
v10,feat_gbm,0.5,46,460,-0.476948421467,-0.20106453453544149
v10,feat_gbm,0.5,46,461,0.2510246722125118,0.565413433251147
v10,feat_gbm,0.5,46,462,0.3379003297989309,0.6531860801292728
v10,feat_gbm,0.5,46,463,-3.286368160232601,-3.295531334571209
v10,feat_gbm,0.5,46,464,-0.8885770397472768,-1.118951529136503
v10,feat_gbm,0.5,46,465,0.009135453258175892,0.08535922256033004
v10,feat_gbm,0.5,46,466,-0.2782021383791125,0.2656879386171551
v10,feat_gbm,0.5,46,467,-0.8642344695163839,-1.0764680911985907
v10,feat_gbm,0.5,46,468,1.1835189196804377,2.2503813782282114
v10,feat_gbm,0.5,46,469,0.019471283414229903,-0.029700274932011248
v10,feat_gbm,0.5,46,470,-2.5397313506299035,-2.1918010579584375
v10,feat_gbm,0.5,46,471,-0.11966994919325974,-0.12537364897776127
v10,feat_gbm,0.5,46,472,-1.6373253187061927,-1.3714574409892777
v10,feat_gbm,0.5,46,473,-2.0733394919239445,-1.0216450817816245
v10,feat_gbm,0.5,46,474,-0.7754158866326258,-0.8313233833759152
v10,feat_gbm,0.5,46,475,-2.830234795168654,-3.25243582884057
v10,feat_gbm,0.5,46,476,0.8085159341403475,0.8737365575305754
v10,feat_gbm,0.5,46,477,-2.078805617131661,-1.8373017486027088
v10,feat_gbm,0.5,46,478,-1.47014947646488,-1.909749317133085
v10,feat_gbm,0.5,46,479,0.4129213619803199,0.418341725137149
v10,feat_gbm,0.5,46,480,-2.8226934917395807,-2.8689304810445995
v10,feat_gbm,0.5,46,481,-4.5371703160434285,-3.9192950012633494
v10,feat_gbm,0.5,46,482,0.7240337433052656,0.8191907452202399
v10,feat_gbm,0.5,46,483,-2.8170682749570917,-2.7371748494528005
v10,feat_gbm,0.5,46,484,0.18574232031897298,0.043868991079412875
v10,feat_gbm,0.5,46,485,-3.0919435912983446,-3.9571024828402512
v10,feat_gbm,0.5,46,486,-1.2504162595576636,-0.8286091055291892
v10,feat_gbm,0.5,46,487,1.2535690541983615,1.1086460137612473
v10,feat_gbm,0.5,46,488,-1.0197646340796875,-1.0899995989348372
v10,feat_gbm,0.5,46,489,-2.7985045778640143,-2.9260181182274523
v10,feat_gbm,0.5,46,490,0.11219517747265617,0.01778898425240747
v10,feat_gbm,0.5,46,491,-0.5179540347954653,-0.388546054063584
v10,feat_gbm,0.5,46,492,-0.5013933058479958,-0.8483910406321095
v10,feat_gbm,0.5,46,493,-2.7201204901615696,-2.4855190663855797
v10,feat_gbm,0.5,46,494,-0.34777727519345614,-0.6027729178489412
v10,feat_gbm,0.5,46,495,-1.3785555520163244,-1.5285925057254015
v10,feat_gbm,0.5,46,496,0.5894163844501716,1.0092174422839322
v10,feat_gbm,0.5,46,497,-2.636547216255606,-2.421052301727873
v10,feat_gbm,0.5,46,498,-3.184594005882236,-3.2283141264699093
v10,feat_gbm,0.5,46,499,-4.284962193570076,-4.907212199848568
v10,feat_gbm,1.0,42,0,0.15756104609664864,0.03894909458183669
v10,feat_gbm,1.0,42,1,-2.2861546076487276,-2.5052564746229193
v10,feat_gbm,1.0,42,2,0.4698692555108898,0.6287827851917782
v10,feat_gbm,1.0,42,3,-2.8543603147492314,-3.3447289283878643
v10,feat_gbm,1.0,42,4,1.0027979547326673,0.9694015026406426
v10,feat_gbm,1.0,42,5,-2.3696035847111108,-2.4693709778233526
v10,feat_gbm,1.0,42,6,0.16180842038789536,-0.2819211013310965
v10,feat_gbm,1.0,42,7,0.6878370175339168,0.5289578846490461
v10,feat_gbm,1.0,42,8,0.4378314696486957,0.032863622186365654
v10,feat_gbm,1.0,42,9,0.7892621503542451,0.9352707853930591
v10,feat_gbm,1.0,42,10,-1.7930887815055725,-1.5987558134683666
v10,feat_gbm,1.0,42,11,-2.756781568664812,-3.2678706438993954
v10,feat_gbm,1.0,42,12,-1.7786018004589246,-2.445380546146449
v10,feat_gbm,1.0,42,13,-0.18334875108120993,-0.4471217519653716
v10,feat_gbm,1.0,42,14,-1.2821345709055063,-1.8343062920535937
v10,feat_gbm,1.0,42,15,-2.734286313413272,-2.278287047942225
v10,feat_gbm,1.0,42,16,-0.8477099474925123,-1.113015507562239
v10,feat_gbm,1.0,42,17,-1.0078686347898653,-1.149386040828735
v10,feat_gbm,1.0,42,18,-0.5273834380895147,-0.4541092694382234
v10,feat_gbm,1.0,42,19,-2.9225487012953746,-2.8798658660471284
v10,feat_gbm,1.0,42,20,-3.388612470808434,-3.281006200299989
v10,feat_gbm,1.0,42,21,-0.6208309000803016,-0.7889402030111288
v10,feat_gbm,1.0,42,22,-1.106397160694103,-0.48114593055133975
v10,feat_gbm,1.0,42,23,-2.469360291402567,-2.8038114998165153
v10,feat_gbm,1.0,42,24,-2.5392622923790116,-2.6726430450531393
v10,feat_gbm,1.0,42,25,-2.7481109709110143,-3.141178249464176
v10,feat_gbm,1.0,42,26,-3.4284573304414594,-3.8612362310489847
v10,feat_gbm,1.0,42,27,-2.6736107079687064,-3.085821277369337
v10,feat_gbm,1.0,42,28,-2.0770282594072706,-2.1153791712035637
v10,feat_gbm,1.0,42,29,-1.2948421756341124,-0.5854112868629942
v10,feat_gbm,1.0,42,30,0.25100528520653764,0.13849791927417068
v10,feat_gbm,1.0,42,31,-3.078074758551612,-2.779654184179668
v10,feat_gbm,1.0,42,32,1.0456349176485245,0.9166392391011026
v10,feat_gbm,1.0,42,33,-1.8111557778719485,-2.134444297962007
v10,feat_gbm,1.0,42,34,0.7086109974566472,1.1224191581864646
v10,feat_gbm,1.0,42,35,-2.383079498978457,-2.7514680837461087
v10,feat_gbm,1.0,42,36,0.6122651058862854,0.7493710802437775
v10,feat_gbm,1.0,42,37,-2.2900236282017907,-2.157600461660938
v10,feat_gbm,1.0,42,38,-2.064554943805796,-1.7436371170468024
v10,feat_gbm,1.0,42,39,0.6724620829746341,0.632388610685479
v10,feat_gbm,1.0,42,40,-0.9950208924775897,-1.5024753827969588
v10,feat_gbm,1.0,42,41,-3.1260823560950115,-2.936018587066778
v10,feat_gbm,1.0,42,42,-0.3272977262248429,-0.06406961406287034
v10,feat_gbm,1.0,42,43,-0.4066171207367844,-0.43711075337934485
v10,feat_gbm,1.0,42,44,0.036907757288147186,0.521724778538647
v10,feat_gbm,1.0,42,45,0.4225729839417766,-0.02881562555915001
v10,feat_gbm,1.0,42,46,-3.062135511340478,-2.6856700943784895
v10,feat_gbm,1.0,42,47,-3.5254855631213915,-3.3419513202228783
v10,feat_gbm,1.0,42,48,-0.26862759724892465,-0.35240032436669677
v10,feat_gbm,1.0,42,49,-3.392636727936345,-4.466027560457086
v10,feat_gbm,1.0,42,50,-1.1084814962677083,-1.2227887404747313
v10,feat_gbm,1.0,42,51,-3.408585968078249,-4.168130875201601
v10,feat_gbm,1.0,42,52,-2.8002850462557825,-2.1825653069440887
v10,feat_gbm,1.0,42,53,-3.1093317207454674,-2.816977102698189
v10,feat_gbm,1.0,42,54,-0.8726483297518367,-0.9520374156321785
v10,feat_gbm,1.0,42,55,0.33704433943087825,0.800460094219776
v10,feat_gbm,1.0,42,56,0.342817731283543,0.2782562560211116
v10,feat_gbm,1.0,42,57,-0.01071653139015165,-0.7855200046266205
v10,feat_gbm,1.0,42,58,-2.702930671104443,-2.837973637743256
v10,feat_gbm,1.0,42,59,0.24116090744203292,0.3653424354755994
v10,feat_gbm,1.0,42,60,-3.1626748174766552,-3.145987746693799
v10,feat_gbm,1.0,42,61,-2.1092736529780596,-2.1381844357326614
v10,feat_gbm,1.0,42,62,0.8487775478415025,0.3908315550690521
v10,feat_gbm,1.0,42,63,-3.2945717442771936,-3.259739876316779
v10,feat_gbm,1.0,42,64,-3.8672453136698492,-3.799325775609258
v10,feat_gbm,1.0,42,65,-0.5188998652498855,0.2842997557356093
v10,feat_gbm,1.0,42,66,0.31087575679108564,0.9099380077885143
v10,feat_gbm,1.0,42,67,0.10298310682492941,0.5741223235018287
v10,feat_gbm,1.0,42,68,1.22540266677991,1.3807263582335993
v10,feat_gbm,1.0,42,69,0.786486106441803,2.7357387204405055
v10,feat_gbm,1.0,42,70,0.04742820166037777,-0.3782017485149665
v10,feat_gbm,1.0,42,71,-0.7236521833903614,-0.6946521973220513
v10,feat_gbm,1.0,42,72,-3.2774182193269183,-3.510295151868067
v10,feat_gbm,1.0,42,73,-0.1389209662307524,-0.3643686170400702
v10,feat_gbm,1.0,42,74,1.1686603920655372,1.1835884152793859
v10,feat_gbm,1.0,42,75,0.08781930023021095,-0.38644824542838596
v10,feat_gbm,1.0,42,76,0.027812223787524896,0.7005004452467647
v10,feat_gbm,1.0,42,77,0.3658917032214873,0.3770911051312199
v10,feat_gbm,1.0,42,78,-0.34451313165016223,-0.5374783823521183
v10,feat_gbm,1.0,42,79,-2.987828637048215,-3.2499450611549854
v10,feat_gbm,1.0,42,80,-1.9152501296023503,-1.719925172279684
v10,feat_gbm,1.0,42,81,0.7380353134428268,1.8185710395242058
v10,feat_gbm,1.0,42,82,-1.2608052481440024,-1.0758778979961314
v10,feat_gbm,1.0,42,83,-0.2789292949184586,-0.8033140510569362
v10,feat_gbm,1.0,42,84,-2.3402665063967576,-2.0837035815006346
v10,feat_gbm,1.0,42,85,-0.9745459172998119,-1.2430797823904942
v10,feat_gbm,1.0,42,86,0.7980431327364044,0.639317965424242
v10,feat_gbm,1.0,42,87,-0.20282651014247854,-0.02321591952008587
v10,feat_gbm,1.0,42,88,-3.1679560235357767,-3.512086916650174
v10,feat_gbm,1.0,42,89,-1.678010461653816,-1.684363733317816
v10,feat_gbm,1.0,42,90,-3.7335056220165432,-3.5341996208099964
v10,feat_gbm,1.0,42,91,0.641909552463855,1.1574629997660548
v10,feat_gbm,1.0,42,92,-1.4287348885956423,-0.7651863719989663
v10,feat_gbm,1.0,42,93,-4.512535617846036,-5.7708125015304885
v10,feat_gbm,1.0,42,94,-0.023353947248758593,0.07374698385127064
v10,feat_gbm,1.0,42,95,0.5780505222041118,1.201566413592891
v10,feat_gbm,1.0,42,96,1.0365098007289009,1.2655480006709303
v10,feat_gbm,1.0,42,97,-3.589112891206322,-3.2217777708537843
v10,feat_gbm,1.0,42,98,-1.541454826764572,-1.2120387208328698
v10,feat_gbm,1.0,42,99,-0.39958344571604193,-0.04015373686183237
v10,feat_gbm,1.0,42,100,-2.382707546692704,-2.8384481914339785
v10,feat_gbm,1.0,42,101,-3.139753199365728,-3.541068619782685
v10,feat_gbm,1.0,42,102,-4.004536695114597,-4.424727465058162
v10,feat_gbm,1.0,42,103,-0.7153278161197266,-0.7652009130347144
v10,feat_gbm,1.0,42,104,-0.7806994781126428,-0.406664655497914
v10,feat_gbm,1.0,42,105,-2.600778258519732,-2.8019031633754246
v10,feat_gbm,1.0,42,106,-1.2443766896202024,-1.1978192780958505
v10,feat_gbm,1.0,42,107,-1.3903856295618742,-1.2497822804421463
v10,feat_gbm,1.0,42,108,-0.04481631899179451,-0.2003702404752673
v10,feat_gbm,1.0,42,109,-0.24819446391833444,-0.28745536208379296
v10,feat_gbm,1.0,42,110,0.3688927429014273,0.2838469771831524
v10,feat_gbm,1.0,42,111,0.10462464770002146,0.6579850926301614
v10,feat_gbm,1.0,42,112,-0.2553399655713038,-0.4279263804064609
v10,feat_gbm,1.0,42,113,0.3314263266568114,0.527327823801956
v10,feat_gbm,1.0,42,114,-3.4896803571542914,-3.652947895428966
v10,feat_gbm,1.0,42,115,-1.0269054259766013,-0.04287987221360797
v10,feat_gbm,1.0,42,116,-3.846576643353176,-3.4409421360670214
v10,feat_gbm,1.0,42,117,-2.6113549941502407,-2.4284095097884006
v10,feat_gbm,1.0,42,118,-1.9743088416998826,-1.419217075367618
v10,feat_gbm,1.0,42,119,-2.612960402504913,-1.4944271796191557
v10,feat_gbm,1.0,42,120,-3.0011637392427755,-2.797137626437216
v10,feat_gbm,1.0,42,121,0.4154284545683434,3.1321125804877905
v10,feat_gbm,1.0,42,122,-2.5132436065915322,-3.164895556438051
v10,feat_gbm,1.0,42,123,0.10688088743878588,-0.021234684620174846
v10,feat_gbm,1.0,42,124,-1.432219419306742,-1.246001114532972
v10,feat_gbm,1.0,42,125,-2.3476356450921134,-2.7130193085566443
v10,feat_gbm,1.0,42,126,-2.086033000521045,-2.0560780011130944
v10,feat_gbm,1.0,42,127,-1.6297846302836267,-1.631222331554067
v10,feat_gbm,1.0,42,128,-2.7601107283233635,-3.477307725783656
v10,feat_gbm,1.0,42,129,1.057992714843832,1.7007542891568868
v10,feat_gbm,1.0,42,130,-3.4059758599659267,-3.4021624962570822
v10,feat_gbm,1.0,42,131,-3.285860110591711,-3.701149444421242
v10,feat_gbm,1.0,42,132,-0.3501366414659202,-0.4116741376471012
v10,feat_gbm,1.0,42,133,-0.6805771782801615,-0.5680375850475197
v10,feat_gbm,1.0,42,134,-1.3290733634581304,-1.4788189923590598
v10,feat_gbm,1.0,42,135,-2.4584401980584674,-2.9896549957503007
v10,feat_gbm,1.0,42,136,0.3988102898360547,0.11194117436713467
v10,feat_gbm,1.0,42,137,1.000756740077951,1.7147062893715772
v10,feat_gbm,1.0,42,138,-1.7390063200718202,-1.9709125209383296
v10,feat_gbm,1.0,42,139,0.23366910498588953,0.19937477723826902
v10,feat_gbm,1.0,42,140,-2.561670745097881,-2.8223726616431475
v10,feat_gbm,1.0,42,141,-0.19949666493548973,-0.12380828599000025
v10,feat_gbm,1.0,42,142,-2.85201314320627,-2.97521232911642
v10,feat_gbm,1.0,42,143,-1.9868592650703933,-1.9484557479617686
v10,feat_gbm,1.0,42,144,0.9870033102550123,1.244093655886106
v10,feat_gbm,1.0,42,145,-2.157836039720839,-2.0280859266176816
v10,feat_gbm,1.0,42,146,-2.0015356069741475,-2.0754073031653366
v10,feat_gbm,1.0,42,147,0.08970351308352284,-0.11331641159387335
v10,feat_gbm,1.0,42,148,-2.03449274750688,-2.620298039600635
v10,feat_gbm,1.0,42,149,-3.16172825622991,-3.8395532227602396
v10,feat_gbm,1.0,42,150,-1.9467118674862793,-2.149698272240366
v10,feat_gbm,1.0,42,151,-2.8649501668442525,-3.1594376779318036
v10,feat_gbm,1.0,42,152,-2.309078658610456,-2.7712141114581046
v10,feat_gbm,1.0,42,153,-1.427252508343041,-1.1483368403810985
v10,feat_gbm,1.0,42,154,-0.9793606811233361,-1.4700676700115773
v10,feat_gbm,1.0,42,155,0.8854449294907727,1.4088416749712322
v10,feat_gbm,1.0,42,156,0.42756471688734426,0.7564704220494097
v10,feat_gbm,1.0,42,157,-2.2136327071459267,-1.7148995557963913
v10,feat_gbm,1.0,42,158,-2.200288196070314,-2.8595355115547196
v10,feat_gbm,1.0,42,159,-1.1534119553424929,-0.9922400520728849
v10,feat_gbm,1.0,42,160,2.3759418517092357,1.8585227307534937
v10,feat_gbm,1.0,42,161,-2.1824552793038405,-2.477654537850602
v10,feat_gbm,1.0,42,162,-2.589383378757083,-2.993764039868935
v10,feat_gbm,1.0,42,163,-1.1981788197985932,-1.1722671160336509
v10,feat_gbm,1.0,42,164,-1.9830473109283835,-1.6577576086204497
v10,feat_gbm,1.0,42,165,-2.5025447982103586,-2.9770186999323642
v10,feat_gbm,1.0,42,166,-3.3758389310538233,-3.2329952824425443
v10,feat_gbm,1.0,42,167,-0.27512899218357906,0.19550508612775644
v10,feat_gbm,1.0,42,168,-1.035037421475574,-1.2639642813248737
v10,feat_gbm,1.0,42,169,1.4391962386636612,1.4224064134580066
v10,feat_gbm,1.0,42,170,-2.471128874793139,-1.5303724784706008
v10,feat_gbm,1.0,42,171,0.6647479908558659,0.6086346650572224
v10,feat_gbm,1.0,42,172,0.07356644849729173,-0.052232489626048526
v10,feat_gbm,1.0,42,173,-1.01328369206124,-0.19074605880313256
v10,feat_gbm,1.0,42,174,-2.65195089060178,-2.7678232596734214
v10,feat_gbm,1.0,42,175,-1.8127146390652549,-1.6557092188829319
v10,feat_gbm,1.0,42,176,0.4434332382605512,0.12081831439914445
v10,feat_gbm,1.0,42,177,0.3214165861750379,3.7031714993021168
v10,feat_gbm,1.0,42,178,-0.3303950326790847,-0.17761292562564054
v10,feat_gbm,1.0,42,179,0.005893966486887385,0.2295122735959306
v10,feat_gbm,1.0,42,180,-1.5442448689069193,-1.6401012725318311
v10,feat_gbm,1.0,42,181,-3.0537797959082655,-3.399461101549646
v10,feat_gbm,1.0,42,182,0.15914436213457775,0.5421608664871393
v10,feat_gbm,1.0,42,183,-3.874717133935437,-3.7858185839721776
v10,feat_gbm,1.0,42,184,0.4305004339631118,0.4440956773301304
v10,feat_gbm,1.0,42,185,0.05492946646013161,0.5450962365111649
v10,feat_gbm,1.0,42,186,-3.1206362019674247,-3.094441269353033
v10,feat_gbm,1.0,42,187,0.8129175419441312,1.436275522654785
v10,feat_gbm,1.0,42,188,-0.19500645794871818,-0.003208414280501246
v10,feat_gbm,1.0,42,189,-2.141998490587989,-2.0766448721687736
v10,feat_gbm,1.0,42,190,-3.118989236738618,-2.887011097372245
v10,feat_gbm,1.0,42,191,-0.2888689691672951,-0.19564387773269687
v10,feat_gbm,1.0,42,192,-3.469593712738532,-3.39219136175158
v10,feat_gbm,1.0,42,193,-3.763721604227884,-4.804455114758695
v10,feat_gbm,1.0,42,194,-0.22029875357688625,-0.23230879418151415
v10,feat_gbm,1.0,42,195,1.1458737467553681,0.7768952289284052
v10,feat_gbm,1.0,42,196,-3.5601329381359026,-3.0758975731441707
v10,feat_gbm,1.0,42,197,1.382382291049259,1.8852948766094535
v10,feat_gbm,1.0,42,198,0.012578254410566425,-0.07474663349946693
v10,feat_gbm,1.0,42,199,1.228415470894158,0.9295509098669842
v10,feat_gbm,1.0,42,200,0.10201787125674397,0.40408761039079466
v10,feat_gbm,1.0,42,201,-0.82542454870137,-1.0185563947000995
v10,feat_gbm,1.0,42,202,-1.2496396780516814,-1.5812541435625456
v10,feat_gbm,1.0,42,203,-2.174766215107938,-2.9269603411540346
v10,feat_gbm,1.0,42,204,-0.13003728362758274,-0.9368237022381455
v10,feat_gbm,1.0,42,205,-0.4603321008264757,-0.771906247259438
v10,feat_gbm,1.0,42,206,-1.9569315692082967,-1.4457766532498904
v10,feat_gbm,1.0,42,207,-2.3573126786640923,-2.4752738768021185
v10,feat_gbm,1.0,42,208,-2.3839304481662045,-2.8789590131308262
v10,feat_gbm,1.0,42,209,-2.1492669055361096,-2.6986856152036793
v10,feat_gbm,1.0,42,210,-0.0759168873499162,0.05837096406180189
v10,feat_gbm,1.0,42,211,-2.9320160142568628,-2.2327070274631113
v10,feat_gbm,1.0,42,212,-0.16411424919969753,0.15758807445032513
v10,feat_gbm,1.0,42,213,0.8225689030162577,0.5234750924970406
v10,feat_gbm,1.0,42,214,0.8025303385077774,0.8312555987922697
v10,feat_gbm,1.0,42,215,-0.9205122921272102,-0.7699972654610447
v10,feat_gbm,1.0,42,216,-2.5348228764489114,-2.4368834827463726
v10,feat_gbm,1.0,42,217,-3.1020027725738037,-3.7421886443248944
v10,feat_gbm,1.0,42,218,-3.8162949026165056,-4.3753265313120195
v10,feat_gbm,1.0,42,219,0.288648363587743,0.13181597567614448
v10,feat_gbm,1.0,42,220,-2.5285041600245877,-2.150299196146146
v10,feat_gbm,1.0,42,221,0.4203489681243421,0.4316281043505307
v10,feat_gbm,1.0,42,222,0.24324822955276515,0.20581216265343685
v10,feat_gbm,1.0,42,223,-2.039864119164298,-1.7226779576420432
v10,feat_gbm,1.0,42,224,0.980961162563904,1.0701061526100661
v10,feat_gbm,1.0,42,225,-1.691159803316819,-2.995983076644188
v10,feat_gbm,1.0,42,226,-0.17183184690941108,-0.39103048890459524
v10,feat_gbm,1.0,42,227,-2.3893045071117207,-2.811377433191803
v10,feat_gbm,1.0,42,228,-0.07221069652901121,0.1103569248772952
v10,feat_gbm,1.0,42,229,0.5513860581708381,1.0926797996732165
v10,feat_gbm,1.0,42,230,-1.3163848871486699,-1.1465469989616057
v10,feat_gbm,1.0,42,231,-3.6366837276720947,-3.7045714701961474
v10,feat_gbm,1.0,42,232,-0.4392250623951685,-0.3205795311611984
v10,feat_gbm,1.0,42,233,-0.21181052705203932,-0.7282288274356463
v10,feat_gbm,1.0,42,234,-0.2822267271662341,-0.6143938277881194
v10,feat_gbm,1.0,42,235,-2.9827936812221907,-3.717493513170671
v10,feat_gbm,1.0,42,236,-2.0725369450371067,-1.894186438607053
v10,feat_gbm,1.0,42,237,-0.1092749626006729,0.19101892391720615
v10,feat_gbm,1.0,42,238,-2.2533152134981473,-2.723653519266766
v10,feat_gbm,1.0,42,239,0.2644251325925055,0.28172679866345784
v10,feat_gbm,1.0,42,240,-0.8656138321410399,-0.570916259780521
v10,feat_gbm,1.0,42,241,-2.164593294251417,-3.037607674189957
v10,feat_gbm,1.0,42,242,-2.4824662138310307,-2.4824067099880884
v10,feat_gbm,1.0,42,243,1.0624540572849779,1.793244191067856
v10,feat_gbm,1.0,42,244,-2.1474865061799866,-2.170563194223024
v10,feat_gbm,1.0,42,245,-2.560382900084486,-2.5580286375581696
v10,feat_gbm,1.0,42,246,-2.868453859187201,-3.9013363177662743
v10,feat_gbm,1.0,42,247,-1.3006286131958658,-1.2689211715035387
v10,feat_gbm,1.0,42,248,-2.624219223645034,-2.89795980370705
v10,feat_gbm,1.0,42,249,-0.9833639122778738,-1.149470325468549
v10,feat_gbm,1.0,42,250,-2.7511710965496508,-2.1803876537888693
v10,feat_gbm,1.0,42,251,-0.7249052931875537,-1.2010659028736028
v10,feat_gbm,1.0,42,252,-2.642929064229916,-2.675840590612525
v10,feat_gbm,1.0,42,253,-0.6674863017445528,-0.865421424414132
v10,feat_gbm,1.0,42,254,-0.18392325859901618,-0.45089388998719687
v10,feat_gbm,1.0,42,255,-1.4055387208517933,-1.477655138121315
v10,feat_gbm,1.0,42,256,-2.0539829027628316,-1.9234128661936198
v10,feat_gbm,1.0,42,257,-0.5654008966249426,-0.8895479413744646
v10,feat_gbm,1.0,42,258,-1.262194799083979,-1.284701881398344
v10,feat_gbm,1.0,42,259,-0.33933158159928,0.03791276039075724
v10,feat_gbm,1.0,42,260,-1.0618732198238825,-1.213907680807544
v10,feat_gbm,1.0,42,261,-0.6090848497247613,-0.6937064881158975
v10,feat_gbm,1.0,42,262,-2.3598581818411057,-2.500344974429108
v10,feat_gbm,1.0,42,263,-3.3093777703848737,-3.0782877743164985
v10,feat_gbm,1.0,42,264,-2.8454335865636886,-3.2702790535172426
v10,feat_gbm,1.0,42,265,-0.11138894778388354,-0.15746453031192983
v10,feat_gbm,1.0,42,266,-1.5077765294410959,-1.3930653126164372
v10,feat_gbm,1.0,42,267,-4.035764086407986,-3.460520174484755
v10,feat_gbm,1.0,42,268,-1.9360264776275098,-1.8115923421665279
v10,feat_gbm,1.0,42,269,-0.009781077967964666,-0.04785951915829837
v10,feat_gbm,1.0,42,270,-1.3377019143454987,-1.3387838926701625
v10,feat_gbm,1.0,42,271,0.7459224186713798,0.6172482925771328
v10,feat_gbm,1.0,42,272,0.160631314911503,0.10718580269537517
v10,feat_gbm,1.0,42,273,-2.68905951337382,-2.4250613993713395
v10,feat_gbm,1.0,42,274,0.13854443650182363,-0.4656136934058211
v10,feat_gbm,1.0,42,275,-1.7628699225447277,-1.7679071058666047
v10,feat_gbm,1.0,42,276,-0.07072782258062835,-0.15192249005847586
v10,feat_gbm,1.0,42,277,-0.4546187206039857,-0.22686658439221394
v10,feat_gbm,1.0,42,278,-0.7677917806629174,-0.3963273628232521
v10,feat_gbm,1.0,42,279,-2.443121230349969,-2.1916982233579314
v10,feat_gbm,1.0,42,280,0.6658406260303092,0.5138857123822332
v10,feat_gbm,1.0,42,281,0.5266565339323338,0.13501120436460418
v10,feat_gbm,1.0,42,282,0.03356834456756151,-0.35232291748203215
v10,feat_gbm,1.0,42,283,0.4057778426584483,0.33710059568630363
v10,feat_gbm,1.0,42,284,1.8924903056428088,2.2269494594330284
v10,feat_gbm,1.0,42,285,-0.34480665726832815,-0.8523290277873723
v10,feat_gbm,1.0,42,286,0.2879045570505432,0.5032694866056324
v10,feat_gbm,1.0,42,287,-3.846718068193488,-3.0734310124071125
v10,feat_gbm,1.0,42,288,-2.905834711237369,-3.0969464995649485
v10,feat_gbm,1.0,42,289,0.27500892015313105,0.8088909840914691
v10,feat_gbm,1.0,42,290,-2.183841662477555,-1.710735902712342
v10,feat_gbm,1.0,42,291,-0.0966922084375107,-0.24588513525180683
v10,feat_gbm,1.0,42,292,-2.826636688171587,-2.9910915714149957
v10,feat_gbm,1.0,42,293,-0.0782921008323418,0.24397961438558982
v10,feat_gbm,1.0,42,294,0.4905149051713512,0.9827222917401395
v10,feat_gbm,1.0,42,295,0.7714725332644814,1.5399914318848642
v10,feat_gbm,1.0,42,296,-2.6675151228179,-3.028104854063688
v10,feat_gbm,1.0,42,297,-2.045278865165374,-1.9675880903276046
v10,feat_gbm,1.0,42,298,0.6257601007747737,0.3882116190950413
v10,feat_gbm,1.0,42,299,-0.46834614414969705,-0.4169590587595381
v10,feat_gbm,1.0,42,300,-0.5546939736678153,-0.47104701624968015
v10,feat_gbm,1.0,42,301,-0.6338623164751902,-0.5788171023402015
v10,feat_gbm,1.0,42,302,-3.5709373395124615,-3.325334912618423
v10,feat_gbm,1.0,42,303,0.09204718441966624,0.27214776974989446
v10,feat_gbm,1.0,42,304,0.13445233280657293,0.2838761456734127
v10,feat_gbm,1.0,42,305,0.6941011404048575,0.98356576927226
v10,feat_gbm,1.0,42,306,-1.8536398037738169,-2.324804251846344
v10,feat_gbm,1.0,42,307,-0.1575341071407292,-0.30060412365222405
v10,feat_gbm,1.0,42,308,-3.827043724448307,-3.5706943269006843
v10,feat_gbm,1.0,42,309,0.27561008498208667,0.7657986236992217
v10,feat_gbm,1.0,42,310,-0.8481949671458974,-0.3760212383278314
v10,feat_gbm,1.0,42,311,0.6952393381527711,0.903367601886353
v10,feat_gbm,1.0,42,312,0.829281128769857,0.2834145554969618
v10,feat_gbm,1.0,42,313,-0.7293041145633745,-0.8750381269167363
v10,feat_gbm,1.0,42,314,-1.7612152815873898,-0.8911054934067958
v10,feat_gbm,1.0,42,315,0.3142038034885712,0.2699623908229132
v10,feat_gbm,1.0,42,316,-3.5395932588947554,-4.034449774534175
v10,feat_gbm,1.0,42,317,0.12587712210989863,0.7302045063515665
v10,feat_gbm,1.0,42,318,-2.2416479461394707,-2.5264159394565007
v10,feat_gbm,1.0,42,319,-3.064800776002409,-3.1280680478747835
v10,feat_gbm,1.0,42,320,0.1210418258284333,-0.623194388118803
v10,feat_gbm,1.0,42,321,-3.811763677160008,-4.172922463867305
v10,feat_gbm,1.0,42,322,0.9451780283107586,1.0714029341973417
v10,feat_gbm,1.0,42,323,-2.467018143314415,-2.5538050374755565
v10,feat_gbm,1.0,42,324,-1.7315130167113986,-1.5310020975326282
v10,feat_gbm,1.0,42,325,-0.45103428522976313,-0.735749980772127
v10,feat_gbm,1.0,42,326,-0.7305860792024038,-0.5010306012352705
v10,feat_gbm,1.0,42,327,-3.954520636994597,-4.393123087746285
v10,feat_gbm,1.0,42,328,0.49999221247892206,0.6439364857563509
v10,feat_gbm,1.0,42,329,-2.9806897807981065,-2.60760252445046
v10,feat_gbm,1.0,42,330,0.6369086720254731,0.46983427811083467
v10,feat_gbm,1.0,42,331,-0.9863407034454447,-1.149354435920189
v10,feat_gbm,1.0,42,332,-2.118097117833952,-1.0961264399974935
v10,feat_gbm,1.0,42,333,0.673796432100328,1.4253561556633074
v10,feat_gbm,1.0,42,334,0.9940463974621068,1.0406546288822482
v10,feat_gbm,1.0,42,335,-0.5539247460940404,-0.1286217558512718
v10,feat_gbm,1.0,42,336,-1.6221332314073558,-1.7275974260064488
v10,feat_gbm,1.0,42,337,-3.109383631914662,-4.535227665039715
v10,feat_gbm,1.0,42,338,-0.23303701413501934,-1.078833843619319
v10,feat_gbm,1.0,42,339,-1.6222770077089477,-2.035297396751524
v10,feat_gbm,1.0,42,340,0.41659236376598646,0.4788286932125707
v10,feat_gbm,1.0,42,341,-0.802091246809318,-0.4595082096564039
v10,feat_gbm,1.0,42,342,-3.879507098535706,-3.653430804591794
v10,feat_gbm,1.0,42,343,0.39314614653573726,0.2834522663037432
v10,feat_gbm,1.0,42,344,0.25496646741386786,-0.15984972455285287
v10,feat_gbm,1.0,42,345,-2.536087121528366,-3.8822970119574354
v10,feat_gbm,1.0,42,346,-2.727421361524659,-2.5801989990218064
v10,feat_gbm,1.0,42,347,-3.428181469976299,-3.2622630695286134
v10,feat_gbm,1.0,42,348,-0.8553782050221719,-0.4894561152880944
v10,feat_gbm,1.0,42,349,-3.836698687267676,-3.0223552414624764
v10,feat_gbm,1.0,42,350,0.6090098101892449,0.4215072765335228
v10,feat_gbm,1.0,42,351,-2.268754566683683,-1.8152752103400673
v10,feat_gbm,1.0,42,352,0.6766891874966878,1.102263670511441
v10,feat_gbm,1.0,42,353,1.0068194212135022,1.4454852001466738
v10,feat_gbm,1.0,42,354,-3.273531991132287,-3.6770060333191017
v10,feat_gbm,1.0,42,355,-3.2489118330455184,-5.078652858832153
v10,feat_gbm,1.0,42,356,0.35517222047255587,0.7815322159665122
v10,feat_gbm,1.0,42,357,0.38485939526445156,0.6775133790495483
v10,feat_gbm,1.0,42,358,-3.3785795686599602,-3.5163570325540956
v10,feat_gbm,1.0,42,359,-3.0018139386765315,-4.157760523739404
v10,feat_gbm,1.0,42,360,-0.32360279172713396,-0.18386357284099003
v10,feat_gbm,1.0,42,361,-3.7386748949310222,-4.477383009144865
v10,feat_gbm,1.0,42,362,0.12081633477563847,0.2909126951240761
v10,feat_gbm,1.0,42,363,-3.7479627354750393,-3.5121531596302606
v10,feat_gbm,1.0,42,364,0.14180442059764137,-0.0019354464452207268
v10,feat_gbm,1.0,42,365,-3.1182740745531423,-3.264666087597375
v10,feat_gbm,1.0,42,366,-1.451801596787515,-1.4961090632143375
v10,feat_gbm,1.0,42,367,-0.05917085199638711,-0.10305907560987346
v10,feat_gbm,1.0,42,368,0.04876016150360278,0.24601275195113992
v10,feat_gbm,1.0,42,369,-1.9545561682549362,-1.6400355118163064
v10,feat_gbm,1.0,42,370,-1.330152452052404,-1.5399226532969161
v10,feat_gbm,1.0,42,371,-0.2859002910851415,-0.3336387161155974
v10,feat_gbm,1.0,42,372,0.2702189168291162,0.3185760540422761
v10,feat_gbm,1.0,42,373,-0.517887536239929,-0.30756424411789
v10,feat_gbm,1.0,42,374,-3.8126545494641984,-3.551435429619069
v10,feat_gbm,1.0,42,375,0.35339877788851665,-0.12846918127015178
v10,feat_gbm,1.0,42,376,0.5085520932675652,0.43413099611324796
v10,feat_gbm,1.0,42,377,0.6836942232610268,0.8095384731463161
v10,feat_gbm,1.0,42,378,0.0645589677985213,0.20303525329731625
v10,feat_gbm,1.0,42,379,0.49318370910879594,0.524784145223057
v10,feat_gbm,1.0,42,380,0.13248272717681964,0.8722609808312535
v10,feat_gbm,1.0,42,381,0.8639457601485404,1.0190202163897197
v10,feat_gbm,1.0,42,382,0.4237109611849432,1.2715191268303472
v10,feat_gbm,1.0,42,383,0.08975965917921937,-0.13923746667536385
v10,feat_gbm,1.0,42,384,-1.533504131978219,-1.7983983483294153
v10,feat_gbm,1.0,42,385,0.06499843519788559,0.5606037150840157
v10,feat_gbm,1.0,42,386,0.47543852274006476,0.6003456151224621
v10,feat_gbm,1.0,42,387,0.6556490600417348,1.3071718981356573
v10,feat_gbm,1.0,42,388,-0.035704829802937016,-0.19457283568776126
v10,feat_gbm,1.0,42,389,-1.432144382821734,-0.981880356960367
v10,feat_gbm,1.0,42,390,-3.254780113960237,-2.628024059072158
v10,feat_gbm,1.0,42,391,-2.665547390946326,-2.479262758098376
v10,feat_gbm,1.0,42,392,-1.976704314650209,-2.207941629114672
v10,feat_gbm,1.0,42,393,-3.049957332281982,-2.806586620215901
v10,feat_gbm,1.0,42,394,-0.12098375899813137,-0.16842623590390868
v10,feat_gbm,1.0,42,395,0.43136022151397846,0.3596423409999632
v10,feat_gbm,1.0,42,396,-1.98164893798922,-3.117667066362407
v10,feat_gbm,1.0,42,397,0.8864750776411523,0.6134086288650079
v10,feat_gbm,1.0,42,398,0.5465951598583818,0.5049020087080688
v10,feat_gbm,1.0,42,399,-1.233840840584239,-1.0548605918119196
v10,feat_gbm,1.0,42,400,-2.8331843513318877,-2.877676775828332
v10,feat_gbm,1.0,42,401,0.09664535823954001,0.015654415635624343
v10,feat_gbm,1.0,42,402,-0.36862732797963194,-0.7027824676465185
v10,feat_gbm,1.0,42,403,0.33403726906496845,0.6733427913489138
v10,feat_gbm,1.0,42,404,0.1908358105252787,0.03259550049258387
v10,feat_gbm,1.0,42,405,-3.4817395272721097,-3.4179416205706223
v10,feat_gbm,1.0,42,406,-1.457698835153004,-1.6563158072976616
v10,feat_gbm,1.0,42,407,0.2686768733501154,0.3281041495218151
v10,feat_gbm,1.0,42,408,-1.555435014993649,-1.498502430121411
v10,feat_gbm,1.0,42,409,-1.5672849544307828,-1.5390850133499359
v10,feat_gbm,1.0,42,410,-2.1290474217302964,-3.8769914364338094
v10,feat_gbm,1.0,42,411,-1.377500894131047,-1.1093409530974205
v10,feat_gbm,1.0,42,412,-2.1691472335539106,-2.1356441225652167
v10,feat_gbm,1.0,42,413,0.4845566677703782,0.5613925387002681
v10,feat_gbm,1.0,42,414,-2.2825157885929106,-2.672303525149137
v10,feat_gbm,1.0,42,415,0.8638192148726546,0.9887747910888531
v10,feat_gbm,1.0,42,416,-1.906736247235546,-2.064740642123073
v10,feat_gbm,1.0,42,417,-0.8837867805978514,-0.13534283366780814
v10,feat_gbm,1.0,42,418,0.30885249850673135,0.5266566940316069
v10,feat_gbm,1.0,42,419,-0.8345682303919714,-0.7929716308762645
v10,feat_gbm,1.0,42,420,0.010168047034550012,0.22081989653443584
v10,feat_gbm,1.0,42,421,-3.720779126042843,-3.4911396429773087
v10,feat_gbm,1.0,42,422,-0.05088019413513666,0.4691563032653497
v10,feat_gbm,1.0,42,423,0.13172072594531356,-0.21242164749251408
v10,feat_gbm,1.0,42,424,-2.496623064425487,-2.0235730224261497
v10,feat_gbm,1.0,42,425,-0.20531811895604052,0.1881042769243711
v10,feat_gbm,1.0,42,426,-1.0877967833891398,-0.7546830882020855
v10,feat_gbm,1.0,42,427,-2.312225923343604,-2.004418163271322
v10,feat_gbm,1.0,42,428,0.17036725822464016,0.08108350485015015
v10,feat_gbm,1.0,42,429,-1.3362998430234585,-0.8958783842144782
v10,feat_gbm,1.0,42,430,-0.26866816384445535,-0.700178367515834
v10,feat_gbm,1.0,42,431,-2.2353549793707748,-2.026447754843476
v10,feat_gbm,1.0,42,432,-2.8220960179099808,-3.3644112924118934
v10,feat_gbm,1.0,42,433,-2.1117974045309458,-2.4777804975332844
v10,feat_gbm,1.0,42,434,-3.621011522043199,-3.6407879329147783
v10,feat_gbm,1.0,42,435,0.3319573227760587,0.8140524350977956
v10,feat_gbm,1.0,42,436,-0.3362239049566579,-0.6342245759550225
v10,feat_gbm,1.0,42,437,-1.176261773919101,-1.0170271575608654
v10,feat_gbm,1.0,42,438,0.7508882322587789,1.2058566336630974
v10,feat_gbm,1.0,42,439,0.8639052538107802,1.04159183954478
v10,feat_gbm,1.0,42,440,-1.033641306505503,-0.383754051292973
v10,feat_gbm,1.0,42,441,1.0952823933903189,0.9717849563735496
v10,feat_gbm,1.0,42,442,0.8734115989695324,0.915394257773604
v10,feat_gbm,1.0,42,443,0.14089228012729943,0.17619398118278368
v10,feat_gbm,1.0,42,444,-2.582988059560502,-2.3026142847949007
v10,feat_gbm,1.0,42,445,-1.0218673635110145,-2.156995715227189
v10,feat_gbm,1.0,42,446,-2.344646046255764,-1.9647154613855007
v10,feat_gbm,1.0,42,447,-1.3535575262862798,-1.2167428909736953
v10,feat_gbm,1.0,42,448,-0.18847272060086412,0.371748058948411
v10,feat_gbm,1.0,42,449,-3.484583057964845,-3.354914600670279
v10,feat_gbm,1.0,42,450,-2.8103820960303008,-2.0984010901330774
v10,feat_gbm,1.0,42,451,-1.6327745816622803,-1.8411195968283314
v10,feat_gbm,1.0,42,452,-0.09335413384355713,-0.2866386615093297
v10,feat_gbm,1.0,42,453,-1.5469423836026612,-2.1769502099219324
v10,feat_gbm,1.0,42,454,0.1420390276344222,0.851829112076475
v10,feat_gbm,1.0,42,455,0.363309479295834,-0.5174982843777256
v10,feat_gbm,1.0,42,456,-2.7146952889171674,-3.7883351795095335
v10,feat_gbm,1.0,42,457,-1.2694203933412282,-1.3225504843777425
v10,feat_gbm,1.0,42,458,-0.5774010823142073,-0.6304710111145473
v10,feat_gbm,1.0,42,459,-3.448888160117973,-2.867776928577639
v10,feat_gbm,1.0,42,460,-0.6673381909047449,-0.20106453453544149
v10,feat_gbm,1.0,42,461,0.45998621676922935,0.565413433251147
v10,feat_gbm,1.0,42,462,0.1925756982294986,0.6531860801292728
v10,feat_gbm,1.0,42,463,-3.072061450123431,-3.295531334571209
v10,feat_gbm,1.0,42,464,-1.135245529630167,-1.118951529136503
v10,feat_gbm,1.0,42,465,-0.026855072051058748,0.08535922256033004
v10,feat_gbm,1.0,42,466,0.1625041329358403,0.2656879386171551
v10,feat_gbm,1.0,42,467,-0.784977138568764,-1.0764680911985907
v10,feat_gbm,1.0,42,468,1.659565709039096,2.2503813782282114
v10,feat_gbm,1.0,42,469,0.0643826710551368,-0.029700274932011248
v10,feat_gbm,1.0,42,470,-2.463826536552094,-2.1918010579584375
v10,feat_gbm,1.0,42,471,0.05253260345185632,-0.12537364897776127
v10,feat_gbm,1.0,42,472,-1.6071263993192517,-1.3714574409892777
v10,feat_gbm,1.0,42,473,-1.831341640007757,-1.0216450817816245
v10,feat_gbm,1.0,42,474,-0.751694384864986,-0.8313233833759152
v10,feat_gbm,1.0,42,475,-2.905649939160328,-3.25243582884057
v10,feat_gbm,1.0,42,476,0.5384538710829367,0.8737365575305754
v10,feat_gbm,1.0,42,477,-2.123749609660934,-1.8373017486027088
v10,feat_gbm,1.0,42,478,-1.3021989749149565,-1.909749317133085
v10,feat_gbm,1.0,42,479,0.2007513677467489,0.418341725137149
v10,feat_gbm,1.0,42,480,-2.2983444521672634,-2.8689304810445995
v10,feat_gbm,1.0,42,481,-4.334505048240691,-3.9192950012633494
v10,feat_gbm,1.0,42,482,0.6258757676814158,0.8191907452202399
v10,feat_gbm,1.0,42,483,-2.819914512584039,-2.7371748494528005
v10,feat_gbm,1.0,42,484,-0.07505921443226468,0.043868991079412875
v10,feat_gbm,1.0,42,485,-2.743322874453471,-3.9571024828402512
v10,feat_gbm,1.0,42,486,-1.191791542263008,-0.8286091055291892
v10,feat_gbm,1.0,42,487,1.1934078949965086,1.1086460137612473
v10,feat_gbm,1.0,42,488,-1.0369235793134908,-1.0899995989348372
v10,feat_gbm,1.0,42,489,-2.8120766960282464,-2.9260181182274523
v10,feat_gbm,1.0,42,490,0.07209234143919553,0.01778898425240747
v10,feat_gbm,1.0,42,491,-0.34107849141828706,-0.388546054063584
v10,feat_gbm,1.0,42,492,-0.8191606819208188,-0.8483910406321095
v10,feat_gbm,1.0,42,493,-2.8200118141213153,-2.4855190663855797
v10,feat_gbm,1.0,42,494,-0.23107201053113594,-0.6027729178489412
v10,feat_gbm,1.0,42,495,-1.231121741852728,-1.5285925057254015
v10,feat_gbm,1.0,42,496,0.6427248095570899,1.0092174422839322
v10,feat_gbm,1.0,42,497,-2.324644563343049,-2.421052301727873
v10,feat_gbm,1.0,42,498,-3.0724476843056188,-3.2283141264699093
v10,feat_gbm,1.0,42,499,-3.779358532982798,-4.907212199848568
v10,feat_gbm,1.0,43,0,-0.05244339008440286,0.03894909458183669
v10,feat_gbm,1.0,43,1,-2.3610816574721083,-2.5052564746229193
v10,feat_gbm,1.0,43,2,0.5044428715456463,0.6287827851917782
v10,feat_gbm,1.0,43,3,-3.1361356945556054,-3.3447289283878643
v10,feat_gbm,1.0,43,4,1.0506451381252473,0.9694015026406426
v10,feat_gbm,1.0,43,5,-2.392041761977565,-2.4693709778233526
v10,feat_gbm,1.0,43,6,-0.08159349949771648,-0.2819211013310965
v10,feat_gbm,1.0,43,7,0.5548852428926337,0.5289578846490461
v10,feat_gbm,1.0,43,8,0.4863676918823614,0.032863622186365654
v10,feat_gbm,1.0,43,9,0.9732593177476951,0.9352707853930591
v10,feat_gbm,1.0,43,10,-2.131164290143486,-1.5987558134683666
v10,feat_gbm,1.0,43,11,-2.764863104320765,-3.2678706438993954
v10,feat_gbm,1.0,43,12,-1.7528504136614669,-2.445380546146449
v10,feat_gbm,1.0,43,13,-0.23945380255904392,-0.4471217519653716
v10,feat_gbm,1.0,43,14,-1.232252904007248,-1.8343062920535937
v10,feat_gbm,1.0,43,15,-2.6249403146211936,-2.278287047942225
v10,feat_gbm,1.0,43,16,-1.0439681377222243,-1.113015507562239
v10,feat_gbm,1.0,43,17,-1.099374772285419,-1.149386040828735
v10,feat_gbm,1.0,43,18,-0.5995131136859196,-0.4541092694382234
v10,feat_gbm,1.0,43,19,-2.9646419353498823,-2.8798658660471284
v10,feat_gbm,1.0,43,20,-3.254040610390517,-3.281006200299989
v10,feat_gbm,1.0,43,21,-0.729744605740388,-0.7889402030111288
v10,feat_gbm,1.0,43,22,-0.9863718147151304,-0.48114593055133975
v10,feat_gbm,1.0,43,23,-2.513164469330814,-2.8038114998165153
v10,feat_gbm,1.0,43,24,-2.852066172675523,-2.6726430450531393
v10,feat_gbm,1.0,43,25,-2.7457557886964485,-3.141178249464176
v10,feat_gbm,1.0,43,26,-3.5238147136681444,-3.8612362310489847
v10,feat_gbm,1.0,43,27,-2.732336704973614,-3.085821277369337
v10,feat_gbm,1.0,43,28,-1.9550454770348358,-2.1153791712035637
v10,feat_gbm,1.0,43,29,-1.3288852865889036,-0.5854112868629942
v10,feat_gbm,1.0,43,30,0.2306912033840107,0.13849791927417068
v10,feat_gbm,1.0,43,31,-3.0755993376954653,-2.779654184179668
v10,feat_gbm,1.0,43,32,1.165889282730358,0.9166392391011026
v10,feat_gbm,1.0,43,33,-1.6225206528782339,-2.134444297962007
v10,feat_gbm,1.0,43,34,0.677424128601818,1.1224191581864646
v10,feat_gbm,1.0,43,35,-2.335743313878618,-2.7514680837461087
v10,feat_gbm,1.0,43,36,0.6091420999963489,0.7493710802437775
v10,feat_gbm,1.0,43,37,-2.3017315871132937,-2.157600461660938
v10,feat_gbm,1.0,43,38,-2.0368321062708405,-1.7436371170468024
v10,feat_gbm,1.0,43,39,0.6069544750634064,0.632388610685479
v10,feat_gbm,1.0,43,40,-1.045126078170618,-1.5024753827969588
v10,feat_gbm,1.0,43,41,-3.056512653502302,-2.936018587066778
v10,feat_gbm,1.0,43,42,-0.2620190802721249,-0.06406961406287034
v10,feat_gbm,1.0,43,43,-0.3975509853635791,-0.43711075337934485
v10,feat_gbm,1.0,43,44,0.33806516109381013,0.521724778538647
v10,feat_gbm,1.0,43,45,0.3712580939250532,-0.02881562555915001
v10,feat_gbm,1.0,43,46,-3.0911554301692465,-2.6856700943784895
v10,feat_gbm,1.0,43,47,-3.5739711689377933,-3.3419513202228783
v10,feat_gbm,1.0,43,48,-0.22408131403511944,-0.35240032436669677
v10,feat_gbm,1.0,43,49,-3.3611462026086874,-4.466027560457086
v10,feat_gbm,1.0,43,50,-0.9095497777583147,-1.2227887404747313
v10,feat_gbm,1.0,43,51,-3.3734835704104578,-4.168130875201601
v10,feat_gbm,1.0,43,52,-2.706610161870977,-2.1825653069440887
v10,feat_gbm,1.0,43,53,-2.945048376527655,-2.816977102698189
v10,feat_gbm,1.0,43,54,-1.0705721341423313,-0.9520374156321785
v10,feat_gbm,1.0,43,55,0.4006223826949488,0.800460094219776
v10,feat_gbm,1.0,43,56,0.2687727638235983,0.2782562560211116
v10,feat_gbm,1.0,43,57,0.054725303465105984,-0.7855200046266205
v10,feat_gbm,1.0,43,58,-2.6739110845318597,-2.837973637743256
v10,feat_gbm,1.0,43,59,0.33293322942678133,0.3653424354755994
v10,feat_gbm,1.0,43,60,-3.1531248499862268,-3.145987746693799
v10,feat_gbm,1.0,43,61,-2.1496966611321806,-2.1381844357326614
v10,feat_gbm,1.0,43,62,0.7864869162656027,0.3908315550690521
v10,feat_gbm,1.0,43,63,-3.3180915108045,-3.259739876316779
v10,feat_gbm,1.0,43,64,-3.945837822941157,-3.799325775609258
v10,feat_gbm,1.0,43,65,-0.6026903099737736,0.2842997557356093
v10,feat_gbm,1.0,43,66,0.2878343464913729,0.9099380077885143
v10,feat_gbm,1.0,43,67,0.2636723876401111,0.5741223235018287
v10,feat_gbm,1.0,43,68,1.1711534528945227,1.3807263582335993
v10,feat_gbm,1.0,43,69,0.99359799856449,2.7357387204405055
v10,feat_gbm,1.0,43,70,-0.04656493932715561,-0.3782017485149665
v10,feat_gbm,1.0,43,71,-0.6689135503473438,-0.6946521973220513
v10,feat_gbm,1.0,43,72,-3.6310262607938215,-3.510295151868067
v10,feat_gbm,1.0,43,73,-0.21075865948556,-0.3643686170400702
v10,feat_gbm,1.0,43,74,1.4008994859103745,1.1835884152793859
v10,feat_gbm,1.0,43,75,0.10606904612190309,-0.38644824542838596
v10,feat_gbm,1.0,43,76,0.07460956351456952,0.7005004452467647
v10,feat_gbm,1.0,43,77,0.432646777729796,0.3770911051312199
v10,feat_gbm,1.0,43,78,-0.38489813389946737,-0.5374783823521183
v10,feat_gbm,1.0,43,79,-2.857417242001805,-3.2499450611549854
v10,feat_gbm,1.0,43,80,-1.8727478856206936,-1.719925172279684
v10,feat_gbm,1.0,43,81,1.1072795970017328,1.8185710395242058
v10,feat_gbm,1.0,43,82,-0.8846274566075157,-1.0758778979961314
v10,feat_gbm,1.0,43,83,-0.5567288797814224,-0.8033140510569362
v10,feat_gbm,1.0,43,84,-2.3485975184040857,-2.0837035815006346
v10,feat_gbm,1.0,43,85,-1.0058725086083635,-1.2430797823904942
v10,feat_gbm,1.0,43,86,0.7868801516700276,0.639317965424242
v10,feat_gbm,1.0,43,87,-0.2287747261576581,-0.02321591952008587
v10,feat_gbm,1.0,43,88,-3.1574937348493606,-3.512086916650174
v10,feat_gbm,1.0,43,89,-1.6665903043797012,-1.684363733317816
v10,feat_gbm,1.0,43,90,-3.786428864168812,-3.5341996208099964
v10,feat_gbm,1.0,43,91,0.8211743122727604,1.1574629997660548
v10,feat_gbm,1.0,43,92,-1.4046223001814218,-0.7651863719989663
v10,feat_gbm,1.0,43,93,-4.651344749493893,-5.7708125015304885
v10,feat_gbm,1.0,43,94,0.08062007283428492,0.07374698385127064
v10,feat_gbm,1.0,43,95,0.3937539896608155,1.201566413592891
v10,feat_gbm,1.0,43,96,1.2349972148253259,1.2655480006709303
v10,feat_gbm,1.0,43,97,-3.579535606727489,-3.2217777708537843
v10,feat_gbm,1.0,43,98,-1.672028402825005,-1.2120387208328698
v10,feat_gbm,1.0,43,99,-0.5716676832266272,-0.04015373686183237
v10,feat_gbm,1.0,43,100,-2.342323801668603,-2.8384481914339785
v10,feat_gbm,1.0,43,101,-3.137932545573827,-3.541068619782685
v10,feat_gbm,1.0,43,102,-4.114563960145976,-4.424727465058162
v10,feat_gbm,1.0,43,103,-0.7356571236133285,-0.7652009130347144
v10,feat_gbm,1.0,43,104,-1.1104662507928034,-0.406664655497914
v10,feat_gbm,1.0,43,105,-2.4687375699897283,-2.8019031633754246
v10,feat_gbm,1.0,43,106,-1.0387125604459762,-1.1978192780958505
v10,feat_gbm,1.0,43,107,-1.2434057896319597,-1.2497822804421463
v10,feat_gbm,1.0,43,108,-0.20500506850753888,-0.2003702404752673
v10,feat_gbm,1.0,43,109,-0.47265353237908464,-0.28745536208379296
v10,feat_gbm,1.0,43,110,0.5928584037026924,0.2838469771831524
v10,feat_gbm,1.0,43,111,0.31922110292180744,0.6579850926301614
v10,feat_gbm,1.0,43,112,-0.5425405179185316,-0.4279263804064609
v10,feat_gbm,1.0,43,113,0.06973010283332809,0.527327823801956
v10,feat_gbm,1.0,43,114,-3.685214544654137,-3.652947895428966
v10,feat_gbm,1.0,43,115,-1.0268795394767662,-0.04287987221360797
v10,feat_gbm,1.0,43,116,-3.751865295734522,-3.4409421360670214
v10,feat_gbm,1.0,43,117,-2.477934052138453,-2.4284095097884006
v10,feat_gbm,1.0,43,118,-1.8468473222804795,-1.419217075367618
v10,feat_gbm,1.0,43,119,-2.446827455922106,-1.4944271796191557
v10,feat_gbm,1.0,43,120,-2.9765104475142556,-2.797137626437216
v10,feat_gbm,1.0,43,121,0.6838152364630985,3.1321125804877905
v10,feat_gbm,1.0,43,122,-2.612570397493529,-3.164895556438051
v10,feat_gbm,1.0,43,123,0.2113940140814481,-0.021234684620174846
v10,feat_gbm,1.0,43,124,-1.6191110924569543,-1.246001114532972
v10,feat_gbm,1.0,43,125,-2.5979592844525965,-2.7130193085566443
v10,feat_gbm,1.0,43,126,-2.152559267799114,-2.0560780011130944
v10,feat_gbm,1.0,43,127,-1.6990830789427729,-1.631222331554067
v10,feat_gbm,1.0,43,128,-2.51208275015834,-3.477307725783656
v10,feat_gbm,1.0,43,129,1.152945927605472,1.7007542891568868
v10,feat_gbm,1.0,43,130,-3.5866364703894953,-3.4021624962570822
v10,feat_gbm,1.0,43,131,-3.35240807557704,-3.701149444421242
v10,feat_gbm,1.0,43,132,-0.05738816778086185,-0.4116741376471012
v10,feat_gbm,1.0,43,133,-0.8441641028080334,-0.5680375850475197
v10,feat_gbm,1.0,43,134,-1.2551381803876405,-1.4788189923590598
v10,feat_gbm,1.0,43,135,-2.5529461983123385,-2.9896549957503007
v10,feat_gbm,1.0,43,136,0.3582516194332853,0.11194117436713467
v10,feat_gbm,1.0,43,137,1.1464241895343017,1.7147062893715772
v10,feat_gbm,1.0,43,138,-1.9176604671801478,-1.9709125209383296
v10,feat_gbm,1.0,43,139,0.018681093237721963,0.19937477723826902
v10,feat_gbm,1.0,43,140,-2.6487374528345047,-2.8223726616431475
v10,feat_gbm,1.0,43,141,-0.029853527206432792,-0.12380828599000025
v10,feat_gbm,1.0,43,142,-3.016921463799473,-2.97521232911642
v10,feat_gbm,1.0,43,143,-2.139779107132284,-1.9484557479617686
v10,feat_gbm,1.0,43,144,0.9503001592388717,1.244093655886106
v10,feat_gbm,1.0,43,145,-2.2690360174082254,-2.0280859266176816
v10,feat_gbm,1.0,43,146,-1.9731563190396262,-2.0754073031653366
v10,feat_gbm,1.0,43,147,0.14469317067206292,-0.11331641159387335
v10,feat_gbm,1.0,43,148,-2.2174427628770994,-2.620298039600635
v10,feat_gbm,1.0,43,149,-3.095016980767849,-3.8395532227602396
v10,feat_gbm,1.0,43,150,-1.9181233423480226,-2.149698272240366
v10,feat_gbm,1.0,43,151,-3.00814591990617,-3.1594376779318036
v10,feat_gbm,1.0,43,152,-2.270073069634821,-2.7712141114581046
v10,feat_gbm,1.0,43,153,-1.3788999810413216,-1.1483368403810985
v10,feat_gbm,1.0,43,154,-1.161886978461096,-1.4700676700115773
v10,feat_gbm,1.0,43,155,1.0904571294952292,1.4088416749712322
v10,feat_gbm,1.0,43,156,0.5009864536976673,0.7564704220494097
v10,feat_gbm,1.0,43,157,-2.4273220403411395,-1.7148995557963913
v10,feat_gbm,1.0,43,158,-2.208521680431958,-2.8595355115547196
v10,feat_gbm,1.0,43,159,-1.225302128321534,-0.9922400520728849
v10,feat_gbm,1.0,43,160,2.1089263080502065,1.8585227307534937
v10,feat_gbm,1.0,43,161,-2.2957145961652783,-2.477654537850602
v10,feat_gbm,1.0,43,162,-2.5706950916316047,-2.993764039868935
v10,feat_gbm,1.0,43,163,-1.1320086042375508,-1.1722671160336509
v10,feat_gbm,1.0,43,164,-1.8630000952304797,-1.6577576086204497
v10,feat_gbm,1.0,43,165,-2.562267419018517,-2.9770186999323642
v10,feat_gbm,1.0,43,166,-3.508984019753107,-3.2329952824425443
v10,feat_gbm,1.0,43,167,-0.22010629558521144,0.19550508612775644
v10,feat_gbm,1.0,43,168,-0.9421322316307594,-1.2639642813248737
v10,feat_gbm,1.0,43,169,1.0581944511181116,1.4224064134580066
v10,feat_gbm,1.0,43,170,-2.4657509608023993,-1.5303724784706008
v10,feat_gbm,1.0,43,171,0.7743592056751889,0.6086346650572224
v10,feat_gbm,1.0,43,172,0.019230155117255267,-0.052232489626048526
v10,feat_gbm,1.0,43,173,-1.0181251145524295,-0.19074605880313256
v10,feat_gbm,1.0,43,174,-2.5758678364157337,-2.7678232596734214
v10,feat_gbm,1.0,43,175,-1.7536701366779952,-1.6557092188829319
v10,feat_gbm,1.0,43,176,0.5737058649440563,0.12081831439914445
v10,feat_gbm,1.0,43,177,0.4381060595303167,3.7031714993021168
v10,feat_gbm,1.0,43,178,-0.46947000694220514,-0.17761292562564054
v10,feat_gbm,1.0,43,179,-0.061363893713646096,0.2295122735959306
v10,feat_gbm,1.0,43,180,-1.7396812143362161,-1.6401012725318311
v10,feat_gbm,1.0,43,181,-2.927584380150159,-3.399461101549646
v10,feat_gbm,1.0,43,182,0.18577911490872012,0.5421608664871393
v10,feat_gbm,1.0,43,183,-4.080560154948163,-3.7858185839721776
v10,feat_gbm,1.0,43,184,0.34064927107153525,0.4440956773301304
v10,feat_gbm,1.0,43,185,0.23176149726446205,0.5450962365111649
v10,feat_gbm,1.0,43,186,-3.1060240853119376,-3.094441269353033
v10,feat_gbm,1.0,43,187,0.9582700673664011,1.436275522654785
v10,feat_gbm,1.0,43,188,-0.12143493513590511,-0.003208414280501246
v10,feat_gbm,1.0,43,189,-2.1497956523728723,-2.0766448721687736
v10,feat_gbm,1.0,43,190,-2.9940174961110917,-2.887011097372245
v10,feat_gbm,1.0,43,191,-0.42473650349026454,-0.19564387773269687
v10,feat_gbm,1.0,43,192,-3.419164146268961,-3.39219136175158
v10,feat_gbm,1.0,43,193,-3.8046008786141865,-4.804455114758695
v10,feat_gbm,1.0,43,194,-0.17068058504740058,-0.23230879418151415
v10,feat_gbm,1.0,43,195,1.0412634270738517,0.7768952289284052
v10,feat_gbm,1.0,43,196,-3.5118640396718237,-3.0758975731441707
v10,feat_gbm,1.0,43,197,1.5025233192743341,1.8852948766094535
v10,feat_gbm,1.0,43,198,0.0615067353036727,-0.07474663349946693
v10,feat_gbm,1.0,43,199,1.152174155579745,0.9295509098669842
v10,feat_gbm,1.0,43,200,-0.018303508436802948,0.40408761039079466
v10,feat_gbm,1.0,43,201,-0.7219304188442672,-1.0185563947000995
v10,feat_gbm,1.0,43,202,-1.0732867287068328,-1.5812541435625456
v10,feat_gbm,1.0,43,203,-2.1184740896253778,-2.9269603411540346
v10,feat_gbm,1.0,43,204,-0.06306687759513739,-0.9368237022381455
v10,feat_gbm,1.0,43,205,-0.5427086067462059,-0.771906247259438
v10,feat_gbm,1.0,43,206,-2.0362739709071582,-1.4457766532498904
v10,feat_gbm,1.0,43,207,-2.4878109530391272,-2.4752738768021185
v10,feat_gbm,1.0,43,208,-2.5661745170035646,-2.8789590131308262
v10,feat_gbm,1.0,43,209,-2.27232182194999,-2.6986856152036793
v10,feat_gbm,1.0,43,210,-0.04082290104293468,0.05837096406180189
v10,feat_gbm,1.0,43,211,-2.8829736403967607,-2.2327070274631113
v10,feat_gbm,1.0,43,212,-0.04618841810963488,0.15758807445032513
v10,feat_gbm,1.0,43,213,0.705733947542469,0.5234750924970406
v10,feat_gbm,1.0,43,214,0.9057939419369717,0.8312555987922697
v10,feat_gbm,1.0,43,215,-0.9293563131559481,-0.7699972654610447
v10,feat_gbm,1.0,43,216,-2.502223862848624,-2.4368834827463726
v10,feat_gbm,1.0,43,217,-3.0148314578893296,-3.7421886443248944
v10,feat_gbm,1.0,43,218,-3.805751895971023,-4.3753265313120195
v10,feat_gbm,1.0,43,219,0.17989749832105567,0.13181597567614448
v10,feat_gbm,1.0,43,220,-2.4738527312914282,-2.150299196146146
v10,feat_gbm,1.0,43,221,0.3876179614761215,0.4316281043505307
v10,feat_gbm,1.0,43,222,0.1668905850638165,0.20581216265343685
v10,feat_gbm,1.0,43,223,-2.231798879244812,-1.7226779576420432
v10,feat_gbm,1.0,43,224,1.0257274950240494,1.0701061526100661
v10,feat_gbm,1.0,43,225,-1.778362728928429,-2.995983076644188
v10,feat_gbm,1.0,43,226,-0.23191788669688604,-0.39103048890459524
v10,feat_gbm,1.0,43,227,-2.3677616411848827,-2.811377433191803
v10,feat_gbm,1.0,43,228,-0.09536083571098224,0.1103569248772952
v10,feat_gbm,1.0,43,229,0.5415642135349846,1.0926797996732165
v10,feat_gbm,1.0,43,230,-1.1559773242306715,-1.1465469989616057
v10,feat_gbm,1.0,43,231,-3.560280778070653,-3.7045714701961474
v10,feat_gbm,1.0,43,232,-0.26646607868279076,-0.3205795311611984
v10,feat_gbm,1.0,43,233,-0.07512229578597722,-0.7282288274356463
v10,feat_gbm,1.0,43,234,-0.3108379994739281,-0.6143938277881194
v10,feat_gbm,1.0,43,235,-2.96335588477699,-3.717493513170671
v10,feat_gbm,1.0,43,236,-2.146236879458094,-1.894186438607053
v10,feat_gbm,1.0,43,237,-0.228281844634302,0.19101892391720615
v10,feat_gbm,1.0,43,238,-2.4170314543863487,-2.723653519266766
v10,feat_gbm,1.0,43,239,0.2565399074363095,0.28172679866345784
v10,feat_gbm,1.0,43,240,-0.88972440316567,-0.570916259780521
v10,feat_gbm,1.0,43,241,-1.946765036002965,-3.037607674189957
v10,feat_gbm,1.0,43,242,-2.7327380046082332,-2.4824067099880884
v10,feat_gbm,1.0,43,243,0.9437778435426474,1.793244191067856
v10,feat_gbm,1.0,43,244,-2.1624515185914985,-2.170563194223024
v10,feat_gbm,1.0,43,245,-2.3730926202824563,-2.5580286375581696
v10,feat_gbm,1.0,43,246,-2.7498762361050586,-3.9013363177662743
v10,feat_gbm,1.0,43,247,-1.2820504277318645,-1.2689211715035387
v10,feat_gbm,1.0,43,248,-2.585872138574199,-2.89795980370705
v10,feat_gbm,1.0,43,249,-0.755513796022057,-1.149470325468549
v10,feat_gbm,1.0,43,250,-2.706298379350657,-2.1803876537888693
v10,feat_gbm,1.0,43,251,-1.0421429239237276,-1.2010659028736028
v10,feat_gbm,1.0,43,252,-2.62785150393899,-2.675840590612525
v10,feat_gbm,1.0,43,253,-0.6597554243784646,-0.865421424414132
v10,feat_gbm,1.0,43,254,-0.2998394858320825,-0.45089388998719687
v10,feat_gbm,1.0,43,255,-1.567310613265047,-1.477655138121315
v10,feat_gbm,1.0,43,256,-2.171072847342771,-1.9234128661936198
v10,feat_gbm,1.0,43,257,-0.7268223281578512,-0.8895479413744646
v10,feat_gbm,1.0,43,258,-1.2124362974458671,-1.284701881398344
v10,feat_gbm,1.0,43,259,-0.3635219105132123,0.03791276039075724
v10,feat_gbm,1.0,43,260,-0.9753016655280523,-1.213907680807544
v10,feat_gbm,1.0,43,261,-0.6561480060683106,-0.6937064881158975
v10,feat_gbm,1.0,43,262,-2.3293606314476634,-2.500344974429108
v10,feat_gbm,1.0,43,263,-3.4225142899699255,-3.0782877743164985
v10,feat_gbm,1.0,43,264,-2.94798603918924,-3.2702790535172426
v10,feat_gbm,1.0,43,265,-0.36183725726666466,-0.15746453031192983
v10,feat_gbm,1.0,43,266,-1.4227928311923475,-1.3930653126164372
v10,feat_gbm,1.0,43,267,-4.046685589234884,-3.460520174484755
v10,feat_gbm,1.0,43,268,-1.741233534439302,-1.8115923421665279
v10,feat_gbm,1.0,43,269,-0.118596625641633,-0.04785951915829837
v10,feat_gbm,1.0,43,270,-1.2974442071358483,-1.3387838926701625
v10,feat_gbm,1.0,43,271,0.7199162108504361,0.6172482925771328
v10,feat_gbm,1.0,43,272,0.2082449976648823,0.10718580269537517
v10,feat_gbm,1.0,43,273,-2.9087355995696735,-2.4250613993713395
v10,feat_gbm,1.0,43,274,0.06884690182059063,-0.4656136934058211
v10,feat_gbm,1.0,43,275,-1.9346899882988666,-1.7679071058666047
v10,feat_gbm,1.0,43,276,-0.1732527643976913,-0.15192249005847586
v10,feat_gbm,1.0,43,277,-0.32235916196647424,-0.22686658439221394
v10,feat_gbm,1.0,43,278,-0.2943936067404378,-0.3963273628232521
v10,feat_gbm,1.0,43,279,-2.6465505656749917,-2.1916982233579314
v10,feat_gbm,1.0,43,280,0.5813053965767441,0.5138857123822332
v10,feat_gbm,1.0,43,281,0.5486569740391343,0.13501120436460418
v10,feat_gbm,1.0,43,282,0.034972399373607646,-0.35232291748203215
v10,feat_gbm,1.0,43,283,0.45412437812454015,0.33710059568630363
v10,feat_gbm,1.0,43,284,1.3216025414378392,2.2269494594330284
v10,feat_gbm,1.0,43,285,-0.45500854435772514,-0.8523290277873723
v10,feat_gbm,1.0,43,286,0.2479453144007191,0.5032694866056324
v10,feat_gbm,1.0,43,287,-3.7985938011492637,-3.0734310124071125
v10,feat_gbm,1.0,43,288,-3.0968963854798783,-3.0969464995649485
v10,feat_gbm,1.0,43,289,0.41145487863027275,0.8088909840914691
v10,feat_gbm,1.0,43,290,-2.050049299012229,-1.710735902712342
v10,feat_gbm,1.0,43,291,-0.08061295226699819,-0.24588513525180683
v10,feat_gbm,1.0,43,292,-2.9306333145318115,-2.9910915714149957
v10,feat_gbm,1.0,43,293,-0.040579728563818335,0.24397961438558982
v10,feat_gbm,1.0,43,294,0.6158655571876367,0.9827222917401395
v10,feat_gbm,1.0,43,295,0.7029264261420632,1.5399914318848642
v10,feat_gbm,1.0,43,296,-2.760251811131365,-3.028104854063688
v10,feat_gbm,1.0,43,297,-2.132340382947539,-1.9675880903276046
v10,feat_gbm,1.0,43,298,0.5070175094697652,0.3882116190950413
v10,feat_gbm,1.0,43,299,-0.7047513402854393,-0.4169590587595381
v10,feat_gbm,1.0,43,300,-0.5497990449299393,-0.47104701624968015
v10,feat_gbm,1.0,43,301,-0.5021847898794605,-0.5788171023402015
v10,feat_gbm,1.0,43,302,-3.4816270462949617,-3.325334912618423
v10,feat_gbm,1.0,43,303,0.007471538957661848,0.27214776974989446
v10,feat_gbm,1.0,43,304,0.0366744892837279,0.2838761456734127
v10,feat_gbm,1.0,43,305,0.6847103300626682,0.98356576927226
v10,feat_gbm,1.0,43,306,-1.837019233131937,-2.324804251846344
v10,feat_gbm,1.0,43,307,-0.2407172397908953,-0.30060412365222405
v10,feat_gbm,1.0,43,308,-3.8560193200585386,-3.5706943269006843
v10,feat_gbm,1.0,43,309,0.3380465549046403,0.7657986236992217
v10,feat_gbm,1.0,43,310,-0.825212361385373,-0.3760212383278314
v10,feat_gbm,1.0,43,311,1.0376707925850561,0.903367601886353
v10,feat_gbm,1.0,43,312,0.8750574862480922,0.2834145554969618
v10,feat_gbm,1.0,43,313,-0.6667747983191449,-0.8750381269167363
v10,feat_gbm,1.0,43,314,-1.9564424871945618,-0.8911054934067958
v10,feat_gbm,1.0,43,315,0.2860531412540406,0.2699623908229132
v10,feat_gbm,1.0,43,316,-3.5999585296165555,-4.034449774534175
v10,feat_gbm,1.0,43,317,0.10320264315364855,0.7302045063515665
v10,feat_gbm,1.0,43,318,-2.2592258517323214,-2.5264159394565007
v10,feat_gbm,1.0,43,319,-3.065455825402388,-3.1280680478747835
v10,feat_gbm,1.0,43,320,0.10028034512271776,-0.623194388118803
v10,feat_gbm,1.0,43,321,-3.8851044625865616,-4.172922463867305
v10,feat_gbm,1.0,43,322,0.9170577852452144,1.0714029341973417
v10,feat_gbm,1.0,43,323,-2.568808105532037,-2.5538050374755565
v10,feat_gbm,1.0,43,324,-1.654890848904145,-1.5310020975326282
v10,feat_gbm,1.0,43,325,-0.5137163183893423,-0.735749980772127
v10,feat_gbm,1.0,43,326,-0.9344424977459252,-0.5010306012352705
v10,feat_gbm,1.0,43,327,-3.736421775160254,-4.393123087746285
v10,feat_gbm,1.0,43,328,0.43540412648380966,0.6439364857563509
v10,feat_gbm,1.0,43,329,-3.1133738831773625,-2.60760252445046
v10,feat_gbm,1.0,43,330,0.5724501372861729,0.46983427811083467
v10,feat_gbm,1.0,43,331,-0.9057786017176523,-1.149354435920189
v10,feat_gbm,1.0,43,332,-2.1459751014508224,-1.0961264399974935
v10,feat_gbm,1.0,43,333,0.9577734228792524,1.4253561556633074
v10,feat_gbm,1.0,43,334,0.9981175725476439,1.0406546288822482
v10,feat_gbm,1.0,43,335,-0.6493285613167342,-0.1286217558512718
v10,feat_gbm,1.0,43,336,-1.4420851182083556,-1.7275974260064488
v10,feat_gbm,1.0,43,337,-2.8455305174574517,-4.535227665039715
v10,feat_gbm,1.0,43,338,-0.2095308453493664,-1.078833843619319
v10,feat_gbm,1.0,43,339,-1.6745219679723773,-2.035297396751524
v10,feat_gbm,1.0,43,340,0.40204895894081,0.4788286932125707
v10,feat_gbm,1.0,43,341,-0.8517338202841114,-0.4595082096564039
v10,feat_gbm,1.0,43,342,-3.8132719566780824,-3.653430804591794
v10,feat_gbm,1.0,43,343,0.3386600810338118,0.2834522663037432
v10,feat_gbm,1.0,43,344,0.11950732781050108,-0.15984972455285287
v10,feat_gbm,1.0,43,345,-2.5028279125967896,-3.8822970119574354
v10,feat_gbm,1.0,43,346,-2.7431000522540363,-2.5801989990218064
v10,feat_gbm,1.0,43,347,-3.421871882779258,-3.2622630695286134
v10,feat_gbm,1.0,43,348,-0.794661701330442,-0.4894561152880944
v10,feat_gbm,1.0,43,349,-3.9246262360861293,-3.0223552414624764
v10,feat_gbm,1.0,43,350,0.6600821460750401,0.4215072765335228
v10,feat_gbm,1.0,43,351,-1.9074203919717139,-1.8152752103400673
v10,feat_gbm,1.0,43,352,0.8879579433313137,1.102263670511441
v10,feat_gbm,1.0,43,353,1.0700533811824702,1.4454852001466738
v10,feat_gbm,1.0,43,354,-3.1774264346520984,-3.6770060333191017
v10,feat_gbm,1.0,43,355,-3.315713616351197,-5.078652858832153
v10,feat_gbm,1.0,43,356,0.34478645548160614,0.7815322159665122
v10,feat_gbm,1.0,43,357,0.48440559929038357,0.6775133790495483
v10,feat_gbm,1.0,43,358,-3.6540856577752807,-3.5163570325540956
v10,feat_gbm,1.0,43,359,-2.9812250925870982,-4.157760523739404
v10,feat_gbm,1.0,43,360,-0.3403311439400389,-0.18386357284099003
v10,feat_gbm,1.0,43,361,-3.6687376422623457,-4.477383009144865
v10,feat_gbm,1.0,43,362,0.04587269154031308,0.2909126951240761
v10,feat_gbm,1.0,43,363,-3.5656808757262737,-3.5121531596302606
v10,feat_gbm,1.0,43,364,0.17073608552833758,-0.0019354464452207268
v10,feat_gbm,1.0,43,365,-3.1274167854083603,-3.264666087597375
v10,feat_gbm,1.0,43,366,-1.1920836855523125,-1.4961090632143375
v10,feat_gbm,1.0,43,367,-0.17189750920251928,-0.10305907560987346
v10,feat_gbm,1.0,43,368,0.06949050098695042,0.24601275195113992
v10,feat_gbm,1.0,43,369,-2.103847298428125,-1.6400355118163064
v10,feat_gbm,1.0,43,370,-1.410024267339006,-1.5399226532969161
v10,feat_gbm,1.0,43,371,-0.3270086035102024,-0.3336387161155974
v10,feat_gbm,1.0,43,372,0.4858791376133458,0.3185760540422761
v10,feat_gbm,1.0,43,373,-0.38995772239892085,-0.30756424411789
v10,feat_gbm,1.0,43,374,-3.8424501352747074,-3.551435429619069
v10,feat_gbm,1.0,43,375,0.3713119230546272,-0.12846918127015178
v10,feat_gbm,1.0,43,376,0.5780769573423218,0.43413099611324796
v10,feat_gbm,1.0,43,377,0.5043706375539241,0.8095384731463161
v10,feat_gbm,1.0,43,378,-0.08774689270058673,0.20303525329731625
v10,feat_gbm,1.0,43,379,0.5218556670389312,0.524784145223057
v10,feat_gbm,1.0,43,380,0.3601162833886672,0.8722609808312535
v10,feat_gbm,1.0,43,381,0.7986153786484802,1.0190202163897197
v10,feat_gbm,1.0,43,382,0.5428236915781024,1.2715191268303472
v10,feat_gbm,1.0,43,383,0.01471838222297136,-0.13923746667536385
v10,feat_gbm,1.0,43,384,-1.313427324828565,-1.7983983483294153
v10,feat_gbm,1.0,43,385,0.23757984308405167,0.5606037150840157
v10,feat_gbm,1.0,43,386,0.6637216477833306,0.6003456151224621
v10,feat_gbm,1.0,43,387,0.5335195992327493,1.3071718981356573
v10,feat_gbm,1.0,43,388,-0.10121775115534964,-0.19457283568776126
v10,feat_gbm,1.0,43,389,-1.631680449122746,-0.981880356960367
v10,feat_gbm,1.0,43,390,-3.2375236730056964,-2.628024059072158
v10,feat_gbm,1.0,43,391,-2.8689959868214157,-2.479262758098376
v10,feat_gbm,1.0,43,392,-2.1104971892235422,-2.207941629114672
v10,feat_gbm,1.0,43,393,-2.8461021784964626,-2.806586620215901
v10,feat_gbm,1.0,43,394,0.088619444947964,-0.16842623590390868
v10,feat_gbm,1.0,43,395,0.4670364591894985,0.3596423409999632
v10,feat_gbm,1.0,43,396,-2.032496693144557,-3.117667066362407
v10,feat_gbm,1.0,43,397,0.8520499243826496,0.6134086288650079
v10,feat_gbm,1.0,43,398,0.475196595797281,0.5049020087080688
v10,feat_gbm,1.0,43,399,-1.2650771573582762,-1.0548605918119196
v10,feat_gbm,1.0,43,400,-2.8172596196774027,-2.877676775828332
v10,feat_gbm,1.0,43,401,0.054306227642071284,0.015654415635624343
v10,feat_gbm,1.0,43,402,-0.6194149387036687,-0.7027824676465185
v10,feat_gbm,1.0,43,403,0.30002519109428744,0.6733427913489138
v10,feat_gbm,1.0,43,404,0.1982317665668833,0.03259550049258387
v10,feat_gbm,1.0,43,405,-3.462765897206511,-3.4179416205706223
v10,feat_gbm,1.0,43,406,-1.2102206313722477,-1.6563158072976616
v10,feat_gbm,1.0,43,407,0.2233464299906689,0.3281041495218151
v10,feat_gbm,1.0,43,408,-1.840045941426745,-1.498502430121411
v10,feat_gbm,1.0,43,409,-1.573355035140167,-1.5390850133499359
v10,feat_gbm,1.0,43,410,-2.4148708311994587,-3.8769914364338094
v10,feat_gbm,1.0,43,411,-1.3263946709364498,-1.1093409530974205
v10,feat_gbm,1.0,43,412,-2.2139308919288156,-2.1356441225652167
v10,feat_gbm,1.0,43,413,0.4602073469410966,0.5613925387002681
v10,feat_gbm,1.0,43,414,-2.336982509212823,-2.672303525149137
v10,feat_gbm,1.0,43,415,0.9130658863907798,0.9887747910888531
v10,feat_gbm,1.0,43,416,-1.8920321969984635,-2.064740642123073
v10,feat_gbm,1.0,43,417,-0.9782200863195326,-0.13534283366780814
v10,feat_gbm,1.0,43,418,0.28763630816157326,0.5266566940316069
v10,feat_gbm,1.0,43,419,-0.7160177192049095,-0.7929716308762645
v10,feat_gbm,1.0,43,420,-0.15473376824788426,0.22081989653443584
v10,feat_gbm,1.0,43,421,-3.759533827372677,-3.4911396429773087
v10,feat_gbm,1.0,43,422,-0.013852031643902531,0.4691563032653497
v10,feat_gbm,1.0,43,423,0.034723736410889446,-0.21242164749251408
v10,feat_gbm,1.0,43,424,-2.4946066706424976,-2.0235730224261497
v10,feat_gbm,1.0,43,425,-0.2101666687501934,0.1881042769243711
v10,feat_gbm,1.0,43,426,-0.9401475318400634,-0.7546830882020855
v10,feat_gbm,1.0,43,427,-2.2259534965844114,-2.004418163271322
v10,feat_gbm,1.0,43,428,0.15540750412633303,0.08108350485015015
v10,feat_gbm,1.0,43,429,-1.3072845736484537,-0.8958783842144782
v10,feat_gbm,1.0,43,430,-0.21584267950820363,-0.700178367515834
v10,feat_gbm,1.0,43,431,-2.2674499271218145,-2.026447754843476
v10,feat_gbm,1.0,43,432,-2.819878478858138,-3.3644112924118934
v10,feat_gbm,1.0,43,433,-2.12855899275767,-2.4777804975332844
v10,feat_gbm,1.0,43,434,-3.5528614781171695,-3.6407879329147783
v10,feat_gbm,1.0,43,435,0.3592949648595764,0.8140524350977956
v10,feat_gbm,1.0,43,436,-0.2955884946092847,-0.6342245759550225
v10,feat_gbm,1.0,43,437,-1.4029133141540042,-1.0170271575608654
v10,feat_gbm,1.0,43,438,0.7575483291430551,1.2058566336630974
v10,feat_gbm,1.0,43,439,0.8487096837788788,1.04159183954478
v10,feat_gbm,1.0,43,440,-0.9929603640704963,-0.383754051292973
v10,feat_gbm,1.0,43,441,1.0037227813362684,0.9717849563735496
v10,feat_gbm,1.0,43,442,0.8095999220625796,0.915394257773604
v10,feat_gbm,1.0,43,443,0.2427708634147902,0.17619398118278368
v10,feat_gbm,1.0,43,444,-2.4816228569575403,-2.3026142847949007
v10,feat_gbm,1.0,43,445,-1.188851320092037,-2.156995715227189
v10,feat_gbm,1.0,43,446,-2.3649813547799607,-1.9647154613855007
v10,feat_gbm,1.0,43,447,-1.2661286438127866,-1.2167428909736953
v10,feat_gbm,1.0,43,448,-0.3570388209924946,0.371748058948411
v10,feat_gbm,1.0,43,449,-3.569038640767167,-3.354914600670279
v10,feat_gbm,1.0,43,450,-2.77916967183908,-2.0984010901330774
v10,feat_gbm,1.0,43,451,-1.6997113402417487,-1.8411195968283314
v10,feat_gbm,1.0,43,452,0.025537748366029428,-0.2866386615093297
v10,feat_gbm,1.0,43,453,-1.4820722664786543,-2.1769502099219324
v10,feat_gbm,1.0,43,454,0.0025857807471407596,0.851829112076475
v10,feat_gbm,1.0,43,455,0.32102938980685103,-0.5174982843777256
v10,feat_gbm,1.0,43,456,-2.6370165187893857,-3.7883351795095335
v10,feat_gbm,1.0,43,457,-1.2059805324015855,-1.3225504843777425
v10,feat_gbm,1.0,43,458,-0.5479458107037793,-0.6304710111145473
v10,feat_gbm,1.0,43,459,-3.2748670893680893,-2.867776928577639
v10,feat_gbm,1.0,43,460,-0.6826957332180289,-0.20106453453544149
v10,feat_gbm,1.0,43,461,0.5380617576642299,0.565413433251147
v10,feat_gbm,1.0,43,462,0.41286516500055614,0.6531860801292728
v10,feat_gbm,1.0,43,463,-3.3564559216035046,-3.295531334571209
v10,feat_gbm,1.0,43,464,-1.1431393773407934,-1.118951529136503
v10,feat_gbm,1.0,43,465,-0.09795946802556538,0.08535922256033004
v10,feat_gbm,1.0,43,466,-0.14880490913599448,0.2656879386171551
v10,feat_gbm,1.0,43,467,-1.0306421788384483,-1.0764680911985907
v10,feat_gbm,1.0,43,468,1.150482519551064,2.2503813782282114
v10,feat_gbm,1.0,43,469,0.023326962814464662,-0.029700274932011248
v10,feat_gbm,1.0,43,470,-2.494331140693561,-2.1918010579584375
v10,feat_gbm,1.0,43,471,0.053715167230437746,-0.12537364897776127
v10,feat_gbm,1.0,43,472,-1.526485583974309,-1.3714574409892777
v10,feat_gbm,1.0,43,473,-1.8500588184028817,-1.0216450817816245
v10,feat_gbm,1.0,43,474,-0.7679427331520147,-0.8313233833759152
v10,feat_gbm,1.0,43,475,-2.9920085273394394,-3.25243582884057
v10,feat_gbm,1.0,43,476,0.4477896554792408,0.8737365575305754
v10,feat_gbm,1.0,43,477,-2.040695896723715,-1.8373017486027088
v10,feat_gbm,1.0,43,478,-1.4107801111720717,-1.909749317133085
v10,feat_gbm,1.0,43,479,0.2191359879876774,0.418341725137149
v10,feat_gbm,1.0,43,480,-2.358031677658934,-2.8689304810445995
v10,feat_gbm,1.0,43,481,-4.334556731281119,-3.9192950012633494
v10,feat_gbm,1.0,43,482,0.5700884792950954,0.8191907452202399
v10,feat_gbm,1.0,43,483,-3.089350003194378,-2.7371748494528005
v10,feat_gbm,1.0,43,484,0.07629895064102629,0.043868991079412875
v10,feat_gbm,1.0,43,485,-2.9413335863733274,-3.9571024828402512
v10,feat_gbm,1.0,43,486,-1.0617020208167716,-0.8286091055291892
v10,feat_gbm,1.0,43,487,1.303631351760472,1.1086460137612473
v10,feat_gbm,1.0,43,488,-1.1238924362336455,-1.0899995989348372
v10,feat_gbm,1.0,43,489,-2.9272788732317103,-2.9260181182274523
v10,feat_gbm,1.0,43,490,0.015502685146948478,0.01778898425240747
v10,feat_gbm,1.0,43,491,-0.3668708264550756,-0.388546054063584
v10,feat_gbm,1.0,43,492,-0.7585415729378889,-0.8483910406321095
v10,feat_gbm,1.0,43,493,-2.6316586767604706,-2.4855190663855797
v10,feat_gbm,1.0,43,494,-0.3075483728926784,-0.6027729178489412
v10,feat_gbm,1.0,43,495,-1.056482421044837,-1.5285925057254015
v10,feat_gbm,1.0,43,496,0.566494322435375,1.0092174422839322
v10,feat_gbm,1.0,43,497,-2.57675316472661,-2.421052301727873
v10,feat_gbm,1.0,43,498,-3.1572443621265425,-3.2283141264699093
v10,feat_gbm,1.0,43,499,-3.776409227592844,-4.907212199848568
v10,feat_gbm,1.0,44,0,-0.11473435290845611,0.03894909458183669
v10,feat_gbm,1.0,44,1,-2.4095020301399077,-2.5052564746229193
v10,feat_gbm,1.0,44,2,0.39183533685056343,0.6287827851917782
v10,feat_gbm,1.0,44,3,-3.10698720013942,-3.3447289283878643
v10,feat_gbm,1.0,44,4,0.9496271483558197,0.9694015026406426
v10,feat_gbm,1.0,44,5,-2.43795074749116,-2.4693709778233526
v10,feat_gbm,1.0,44,6,0.08585101714867124,-0.2819211013310965
v10,feat_gbm,1.0,44,7,0.650626205465912,0.5289578846490461
v10,feat_gbm,1.0,44,8,0.6927439408700031,0.032863622186365654
v10,feat_gbm,1.0,44,9,0.9725594394795831,0.9352707853930591
v10,feat_gbm,1.0,44,10,-2.107355696180059,-1.5987558134683666
v10,feat_gbm,1.0,44,11,-2.819379423303509,-3.2678706438993954
v10,feat_gbm,1.0,44,12,-2.0249374555114112,-2.445380546146449
v10,feat_gbm,1.0,44,13,-0.253662903068829,-0.4471217519653716
v10,feat_gbm,1.0,44,14,-1.4616457218213579,-1.8343062920535937
v10,feat_gbm,1.0,44,15,-2.589433184560699,-2.278287047942225
v10,feat_gbm,1.0,44,16,-1.109738845112959,-1.113015507562239
v10,feat_gbm,1.0,44,17,-1.1072149572874914,-1.149386040828735
v10,feat_gbm,1.0,44,18,-0.49634135571846727,-0.4541092694382234
v10,feat_gbm,1.0,44,19,-2.891062389251874,-2.8798658660471284
v10,feat_gbm,1.0,44,20,-3.453615959921847,-3.281006200299989
v10,feat_gbm,1.0,44,21,-0.7670430764973715,-0.7889402030111288
v10,feat_gbm,1.0,44,22,-1.0498784191390567,-0.48114593055133975
v10,feat_gbm,1.0,44,23,-2.523905602300122,-2.8038114998165153
v10,feat_gbm,1.0,44,24,-2.5124778369294454,-2.6726430450531393
v10,feat_gbm,1.0,44,25,-2.970962947425606,-3.141178249464176
v10,feat_gbm,1.0,44,26,-3.3736501732819635,-3.8612362310489847
v10,feat_gbm,1.0,44,27,-2.574834097369492,-3.085821277369337
v10,feat_gbm,1.0,44,28,-1.979693699871332,-2.1153791712035637
v10,feat_gbm,1.0,44,29,-1.5251703364908167,-0.5854112868629942
v10,feat_gbm,1.0,44,30,0.2435296233817219,0.13849791927417068
v10,feat_gbm,1.0,44,31,-3.1664829400407912,-2.779654184179668
v10,feat_gbm,1.0,44,32,1.0485155172361145,0.9166392391011026
v10,feat_gbm,1.0,44,33,-1.6789697416412492,-2.134444297962007
v10,feat_gbm,1.0,44,34,0.7337847914929151,1.1224191581864646
v10,feat_gbm,1.0,44,35,-2.2775659271586997,-2.7514680837461087
v10,feat_gbm,1.0,44,36,0.7145515514720303,0.7493710802437775
v10,feat_gbm,1.0,44,37,-2.1411591089651805,-2.157600461660938
v10,feat_gbm,1.0,44,38,-1.947759238157414,-1.7436371170468024
v10,feat_gbm,1.0,44,39,0.7905348673445696,0.632388610685479
v10,feat_gbm,1.0,44,40,-1.0037410385013865,-1.5024753827969588
v10,feat_gbm,1.0,44,41,-2.9440873912139445,-2.936018587066778
v10,feat_gbm,1.0,44,42,-0.2889907843005563,-0.06406961406287034
v10,feat_gbm,1.0,44,43,-0.46313003395275837,-0.43711075337934485
v10,feat_gbm,1.0,44,44,0.20832902116654106,0.521724778538647
v10,feat_gbm,1.0,44,45,0.43499534397100287,-0.02881562555915001
v10,feat_gbm,1.0,44,46,-2.948017218709907,-2.6856700943784895
v10,feat_gbm,1.0,44,47,-3.569855744846596,-3.3419513202228783
v10,feat_gbm,1.0,44,48,-0.3852752955391951,-0.35240032436669677
v10,feat_gbm,1.0,44,49,-3.251632207553559,-4.466027560457086
v10,feat_gbm,1.0,44,50,-0.9400977316301654,-1.2227887404747313
v10,feat_gbm,1.0,44,51,-3.233902862971532,-4.168130875201601
v10,feat_gbm,1.0,44,52,-2.6083628425547207,-2.1825653069440887
v10,feat_gbm,1.0,44,53,-2.966238995274969,-2.816977102698189
v10,feat_gbm,1.0,44,54,-1.0297294615281554,-0.9520374156321785
v10,feat_gbm,1.0,44,55,0.5122840055783145,0.800460094219776
v10,feat_gbm,1.0,44,56,0.17377711207426355,0.2782562560211116
v10,feat_gbm,1.0,44,57,-0.06419006879690686,-0.7855200046266205
v10,feat_gbm,1.0,44,58,-2.7010890496498368,-2.837973637743256
v10,feat_gbm,1.0,44,59,0.18556732808794316,0.3653424354755994
v10,feat_gbm,1.0,44,60,-3.1660037336212628,-3.145987746693799
v10,feat_gbm,1.0,44,61,-2.02343516761074,-2.1381844357326614
v10,feat_gbm,1.0,44,62,0.8184096558216235,0.3908315550690521
v10,feat_gbm,1.0,44,63,-3.333706636032206,-3.259739876316779
v10,feat_gbm,1.0,44,64,-4.029338459142758,-3.799325775609258
v10,feat_gbm,1.0,44,65,-0.41875330731517885,0.2842997557356093
v10,feat_gbm,1.0,44,66,0.4220262990708506,0.9099380077885143
v10,feat_gbm,1.0,44,67,0.2577695911502395,0.5741223235018287
v10,feat_gbm,1.0,44,68,1.2764360992129788,1.3807263582335993
v10,feat_gbm,1.0,44,69,0.6659068665049288,2.7357387204405055
v10,feat_gbm,1.0,44,70,-0.11077167669873794,-0.3782017485149665
v10,feat_gbm,1.0,44,71,-0.6360634417171864,-0.6946521973220513
v10,feat_gbm,1.0,44,72,-3.2218774813624447,-3.510295151868067
v10,feat_gbm,1.0,44,73,-0.21800511180205187,-0.3643686170400702
v10,feat_gbm,1.0,44,74,1.2997598587136014,1.1835884152793859
v10,feat_gbm,1.0,44,75,0.18068884403662275,-0.38644824542838596
v10,feat_gbm,1.0,44,76,0.05143068549331296,0.7005004452467647
v10,feat_gbm,1.0,44,77,0.2503721362666322,0.3770911051312199
v10,feat_gbm,1.0,44,78,-0.4770241957281767,-0.5374783823521183
v10,feat_gbm,1.0,44,79,-2.633309858739654,-3.2499450611549854
v10,feat_gbm,1.0,44,80,-1.8480440346855282,-1.719925172279684
v10,feat_gbm,1.0,44,81,1.107474129929063,1.8185710395242058
v10,feat_gbm,1.0,44,82,-0.9846776300806782,-1.0758778979961314
v10,feat_gbm,1.0,44,83,-0.5170548626156252,-0.8033140510569362
v10,feat_gbm,1.0,44,84,-2.383398536619832,-2.0837035815006346
v10,feat_gbm,1.0,44,85,-1.0932536634659742,-1.2430797823904942
v10,feat_gbm,1.0,44,86,0.7940376039646001,0.639317965424242
v10,feat_gbm,1.0,44,87,-0.3561191664286369,-0.02321591952008587
v10,feat_gbm,1.0,44,88,-3.214726286548781,-3.512086916650174
v10,feat_gbm,1.0,44,89,-1.3793044305570041,-1.684363733317816
v10,feat_gbm,1.0,44,90,-3.831733681943751,-3.5341996208099964
v10,feat_gbm,1.0,44,91,0.8624629956038983,1.1574629997660548
v10,feat_gbm,1.0,44,92,-1.211406933870283,-0.7651863719989663
v10,feat_gbm,1.0,44,93,-4.6964177322581175,-5.7708125015304885
v10,feat_gbm,1.0,44,94,-0.010151741175582592,0.07374698385127064
v10,feat_gbm,1.0,44,95,0.39812000420746946,1.201566413592891
v10,feat_gbm,1.0,44,96,1.4098293268390543,1.2655480006709303
v10,feat_gbm,1.0,44,97,-3.5768165417702065,-3.2217777708537843
v10,feat_gbm,1.0,44,98,-1.7792798118444153,-1.2120387208328698
v10,feat_gbm,1.0,44,99,-0.4055203300098434,-0.04015373686183237
v10,feat_gbm,1.0,44,100,-2.5208144680141817,-2.8384481914339785
v10,feat_gbm,1.0,44,101,-3.1415869989046614,-3.541068619782685
v10,feat_gbm,1.0,44,102,-4.27871229394597,-4.424727465058162
v10,feat_gbm,1.0,44,103,-0.7416247377596216,-0.7652009130347144
v10,feat_gbm,1.0,44,104,-1.0585292441888914,-0.406664655497914
v10,feat_gbm,1.0,44,105,-2.5777875795882954,-2.8019031633754246
v10,feat_gbm,1.0,44,106,-1.1993677034729944,-1.1978192780958505
v10,feat_gbm,1.0,44,107,-1.2267276568448096,-1.2497822804421463
v10,feat_gbm,1.0,44,108,-0.250095201090618,-0.2003702404752673
v10,feat_gbm,1.0,44,109,-0.45805665945230406,-0.28745536208379296
v10,feat_gbm,1.0,44,110,0.7064287473841077,0.2838469771831524
v10,feat_gbm,1.0,44,111,0.319385213611107,0.6579850926301614
v10,feat_gbm,1.0,44,112,-0.29831300035990077,-0.4279263804064609
v10,feat_gbm,1.0,44,113,0.13006404983471165,0.527327823801956
v10,feat_gbm,1.0,44,114,-3.6013802420571057,-3.652947895428966
v10,feat_gbm,1.0,44,115,-1.168921001754163,-0.04287987221360797
v10,feat_gbm,1.0,44,116,-3.8330706075382173,-3.4409421360670214
v10,feat_gbm,1.0,44,117,-2.4569042466294295,-2.4284095097884006
v10,feat_gbm,1.0,44,118,-2.0628625785997525,-1.419217075367618
v10,feat_gbm,1.0,44,119,-2.6303149446104923,-1.4944271796191557
v10,feat_gbm,1.0,44,120,-2.8913062202411703,-2.797137626437216
v10,feat_gbm,1.0,44,121,0.8656634555178688,3.1321125804877905
v10,feat_gbm,1.0,44,122,-2.476495519400475,-3.164895556438051
v10,feat_gbm,1.0,44,123,0.3143640475360127,-0.021234684620174846
v10,feat_gbm,1.0,44,124,-1.6192482499155678,-1.246001114532972
v10,feat_gbm,1.0,44,125,-2.5753202609772954,-2.7130193085566443
v10,feat_gbm,1.0,44,126,-2.199491973586995,-2.0560780011130944
v10,feat_gbm,1.0,44,127,-1.5734775094298707,-1.631222331554067
v10,feat_gbm,1.0,44,128,-2.861992947824426,-3.477307725783656
v10,feat_gbm,1.0,44,129,1.0576599075504733,1.7007542891568868
v10,feat_gbm,1.0,44,130,-3.2176582725129377,-3.4021624962570822
v10,feat_gbm,1.0,44,131,-3.34746607231569,-3.701149444421242
v10,feat_gbm,1.0,44,132,-0.1493999194525837,-0.4116741376471012
v10,feat_gbm,1.0,44,133,-0.5295047585929887,-0.5680375850475197
v10,feat_gbm,1.0,44,134,-1.1892455812323737,-1.4788189923590598
v10,feat_gbm,1.0,44,135,-2.5268986663492856,-2.9896549957503007
v10,feat_gbm,1.0,44,136,0.47194609650431324,0.11194117436713467
v10,feat_gbm,1.0,44,137,1.1962157993300753,1.7147062893715772
v10,feat_gbm,1.0,44,138,-2.0808216333902836,-1.9709125209383296
v10,feat_gbm,1.0,44,139,0.028677019501223453,0.19937477723826902
v10,feat_gbm,1.0,44,140,-2.657810036788211,-2.8223726616431475
v10,feat_gbm,1.0,44,141,-0.20982499553444384,-0.12380828599000025
v10,feat_gbm,1.0,44,142,-3.014964122007724,-2.97521232911642
v10,feat_gbm,1.0,44,143,-2.123102789543048,-1.9484557479617686
v10,feat_gbm,1.0,44,144,1.035088028414973,1.244093655886106
v10,feat_gbm,1.0,44,145,-2.261105184038566,-2.0280859266176816
v10,feat_gbm,1.0,44,146,-2.017398234930102,-2.0754073031653366
v10,feat_gbm,1.0,44,147,-0.0028457593612373788,-0.11331641159387335
v10,feat_gbm,1.0,44,148,-2.2782372481530206,-2.620298039600635
v10,feat_gbm,1.0,44,149,-3.031832662556449,-3.8395532227602396
v10,feat_gbm,1.0,44,150,-1.9599349022742234,-2.149698272240366
v10,feat_gbm,1.0,44,151,-2.9860304698813738,-3.1594376779318036
v10,feat_gbm,1.0,44,152,-2.2513750672955672,-2.7712141114581046
v10,feat_gbm,1.0,44,153,-1.503743774004175,-1.1483368403810985
v10,feat_gbm,1.0,44,154,-1.094385288468212,-1.4700676700115773
v10,feat_gbm,1.0,44,155,0.8715871923953067,1.4088416749712322
v10,feat_gbm,1.0,44,156,0.5488044407874332,0.7564704220494097
v10,feat_gbm,1.0,44,157,-2.475788366069338,-1.7148995557963913
v10,feat_gbm,1.0,44,158,-2.1305818850524223,-2.8595355115547196
v10,feat_gbm,1.0,44,159,-1.3486854925220715,-0.9922400520728849
v10,feat_gbm,1.0,44,160,1.7095758742139233,1.8585227307534937
v10,feat_gbm,1.0,44,161,-2.205392567559941,-2.477654537850602
v10,feat_gbm,1.0,44,162,-2.5425189846473906,-2.993764039868935
v10,feat_gbm,1.0,44,163,-1.133100122793351,-1.1722671160336509
v10,feat_gbm,1.0,44,164,-1.7394595196798557,-1.6577576086204497
v10,feat_gbm,1.0,44,165,-2.620590413000544,-2.9770186999323642
v10,feat_gbm,1.0,44,166,-3.446962400978148,-3.2329952824425443
v10,feat_gbm,1.0,44,167,-0.20001516048140575,0.19550508612775644
v10,feat_gbm,1.0,44,168,-0.922824261540872,-1.2639642813248737
v10,feat_gbm,1.0,44,169,1.368870608525853,1.4224064134580066
v10,feat_gbm,1.0,44,170,-2.4497664007117783,-1.5303724784706008
v10,feat_gbm,1.0,44,171,0.5685952142498543,0.6086346650572224
v10,feat_gbm,1.0,44,172,0.023100542958652586,-0.052232489626048526
v10,feat_gbm,1.0,44,173,-1.0256339562493912,-0.19074605880313256
v10,feat_gbm,1.0,44,174,-2.6760415899541,-2.7678232596734214
v10,feat_gbm,1.0,44,175,-1.9672673188764258,-1.6557092188829319
v10,feat_gbm,1.0,44,176,0.43224006950234045,0.12081831439914445
v10,feat_gbm,1.0,44,177,0.32735824918634476,3.7031714993021168
v10,feat_gbm,1.0,44,178,-0.3606919660715637,-0.17761292562564054
v10,feat_gbm,1.0,44,179,-0.012550432992067158,0.2295122735959306
v10,feat_gbm,1.0,44,180,-1.5917642362320275,-1.6401012725318311
v10,feat_gbm,1.0,44,181,-3.00363512772845,-3.399461101549646
v10,feat_gbm,1.0,44,182,0.17753286095444232,0.5421608664871393
v10,feat_gbm,1.0,44,183,-4.172976552464901,-3.7858185839721776
v10,feat_gbm,1.0,44,184,0.41763541224943757,0.4440956773301304
v10,feat_gbm,1.0,44,185,0.18324061037850414,0.5450962365111649
v10,feat_gbm,1.0,44,186,-2.9559360796643492,-3.094441269353033
v10,feat_gbm,1.0,44,187,1.024221563415405,1.436275522654785
v10,feat_gbm,1.0,44,188,-0.12355664911336509,-0.003208414280501246
v10,feat_gbm,1.0,44,189,-2.068100204940099,-2.0766448721687736
v10,feat_gbm,1.0,44,190,-3.1586332054315798,-2.887011097372245
v10,feat_gbm,1.0,44,191,-0.5213837525871787,-0.19564387773269687
v10,feat_gbm,1.0,44,192,-3.2499611546871074,-3.39219136175158
v10,feat_gbm,1.0,44,193,-3.9055686386179986,-4.804455114758695
v10,feat_gbm,1.0,44,194,-0.07062472937166911,-0.23230879418151415
v10,feat_gbm,1.0,44,195,1.1774896216326813,0.7768952289284052
v10,feat_gbm,1.0,44,196,-3.6414231841356073,-3.0758975731441707
v10,feat_gbm,1.0,44,197,1.4918405692970798,1.8852948766094535
v10,feat_gbm,1.0,44,198,0.07090520257182971,-0.07474663349946693
v10,feat_gbm,1.0,44,199,1.3463537516054858,0.9295509098669842
v10,feat_gbm,1.0,44,200,0.07472188436887457,0.40408761039079466
v10,feat_gbm,1.0,44,201,-0.8893395271378439,-1.0185563947000995
v10,feat_gbm,1.0,44,202,-1.1164741505255444,-1.5812541435625456
v10,feat_gbm,1.0,44,203,-1.959900011088805,-2.9269603411540346
v10,feat_gbm,1.0,44,204,-0.03198901436179941,-0.9368237022381455
v10,feat_gbm,1.0,44,205,-0.5707940508925041,-0.771906247259438
v10,feat_gbm,1.0,44,206,-2.1761895633910737,-1.4457766532498904
v10,feat_gbm,1.0,44,207,-2.4097671304627637,-2.4752738768021185
v10,feat_gbm,1.0,44,208,-2.6436462432821544,-2.8789590131308262
v10,feat_gbm,1.0,44,209,-2.2755045943476278,-2.6986856152036793
v10,feat_gbm,1.0,44,210,0.028598895270733525,0.05837096406180189
v10,feat_gbm,1.0,44,211,-2.8918999302919737,-2.2327070274631113
v10,feat_gbm,1.0,44,212,-0.14042590832411614,0.15758807445032513
v10,feat_gbm,1.0,44,213,0.8086401209978606,0.5234750924970406
v10,feat_gbm,1.0,44,214,0.975655733158569,0.8312555987922697
v10,feat_gbm,1.0,44,215,-0.9082682070318169,-0.7699972654610447
v10,feat_gbm,1.0,44,216,-2.403186050237073,-2.4368834827463726
v10,feat_gbm,1.0,44,217,-3.0817596159597773,-3.7421886443248944
v10,feat_gbm,1.0,44,218,-3.936310469829774,-4.3753265313120195
v10,feat_gbm,1.0,44,219,0.16741509998426615,0.13181597567614448
v10,feat_gbm,1.0,44,220,-2.5977232480309205,-2.150299196146146
v10,feat_gbm,1.0,44,221,0.3097014446150677,0.4316281043505307
v10,feat_gbm,1.0,44,222,0.20960699394749044,0.20581216265343685
v10,feat_gbm,1.0,44,223,-2.1788847214752645,-1.7226779576420432
v10,feat_gbm,1.0,44,224,0.9861117535723891,1.0701061526100661
v10,feat_gbm,1.0,44,225,-1.7243360959553709,-2.995983076644188
v10,feat_gbm,1.0,44,226,-0.3301958407444669,-0.39103048890459524
v10,feat_gbm,1.0,44,227,-2.3067874956973227,-2.811377433191803
v10,feat_gbm,1.0,44,228,0.009863027117111827,0.1103569248772952
v10,feat_gbm,1.0,44,229,0.5883256216557597,1.0926797996732165
v10,feat_gbm,1.0,44,230,-1.2767392485474354,-1.1465469989616057
v10,feat_gbm,1.0,44,231,-3.7003340758312104,-3.7045714701961474
v10,feat_gbm,1.0,44,232,-0.31019137560937154,-0.3205795311611984
v10,feat_gbm,1.0,44,233,-0.04493022163446575,-0.7282288274356463
v10,feat_gbm,1.0,44,234,-0.11222536869922707,-0.6143938277881194
v10,feat_gbm,1.0,44,235,-2.8898747139915613,-3.717493513170671
v10,feat_gbm,1.0,44,236,-2.179052415715879,-1.894186438607053
v10,feat_gbm,1.0,44,237,-0.1499687813944074,0.19101892391720615
v10,feat_gbm,1.0,44,238,-2.273837255145396,-2.723653519266766
v10,feat_gbm,1.0,44,239,0.4194927833127546,0.28172679866345784
v10,feat_gbm,1.0,44,240,-1.0147828190229493,-0.570916259780521
v10,feat_gbm,1.0,44,241,-2.0797907747083086,-3.037607674189957
v10,feat_gbm,1.0,44,242,-2.6325889749087032,-2.4824067099880884
v10,feat_gbm,1.0,44,243,0.7848132676043198,1.793244191067856
v10,feat_gbm,1.0,44,244,-2.0749953440659556,-2.170563194223024
v10,feat_gbm,1.0,44,245,-2.415433418434219,-2.5580286375581696
v10,feat_gbm,1.0,44,246,-2.7723656355495394,-3.9013363177662743
v10,feat_gbm,1.0,44,247,-1.3117667902826133,-1.2689211715035387
v10,feat_gbm,1.0,44,248,-2.6115840356747224,-2.89795980370705
v10,feat_gbm,1.0,44,249,-1.0775616439519244,-1.149470325468549
v10,feat_gbm,1.0,44,250,-2.716166514887754,-2.1803876537888693
v10,feat_gbm,1.0,44,251,-1.0696822264643548,-1.2010659028736028
v10,feat_gbm,1.0,44,252,-2.6954503413447064,-2.675840590612525
v10,feat_gbm,1.0,44,253,-1.0213737203775348,-0.865421424414132
v10,feat_gbm,1.0,44,254,-0.29274296744142153,-0.45089388998719687
v10,feat_gbm,1.0,44,255,-1.6651267869647526,-1.477655138121315
v10,feat_gbm,1.0,44,256,-2.0639801524663848,-1.9234128661936198
v10,feat_gbm,1.0,44,257,-0.6257961409644586,-0.8895479413744646
v10,feat_gbm,1.0,44,258,-1.3067753955698247,-1.284701881398344
v10,feat_gbm,1.0,44,259,-0.32785678647529476,0.03791276039075724
v10,feat_gbm,1.0,44,260,-1.1461383502398175,-1.213907680807544
v10,feat_gbm,1.0,44,261,-0.49278552585935415,-0.6937064881158975
v10,feat_gbm,1.0,44,262,-2.3167471602223424,-2.500344974429108
v10,feat_gbm,1.0,44,263,-3.313139072959229,-3.0782877743164985
v10,feat_gbm,1.0,44,264,-3.069786489598584,-3.2702790535172426
v10,feat_gbm,1.0,44,265,-0.1941535460114465,-0.15746453031192983
v10,feat_gbm,1.0,44,266,-1.3068956089928783,-1.3930653126164372
v10,feat_gbm,1.0,44,267,-4.101884235664985,-3.460520174484755
v10,feat_gbm,1.0,44,268,-1.937259666094504,-1.8115923421665279
v10,feat_gbm,1.0,44,269,0.3122902883995285,-0.04785951915829837
v10,feat_gbm,1.0,44,270,-1.4491660679911817,-1.3387838926701625
v10,feat_gbm,1.0,44,271,0.7535275434079927,0.6172482925771328
v10,feat_gbm,1.0,44,272,0.05626580070943874,0.10718580269537517
v10,feat_gbm,1.0,44,273,-2.7022526468027395,-2.4250613993713395
v10,feat_gbm,1.0,44,274,-0.008981535406391359,-0.4656136934058211
v10,feat_gbm,1.0,44,275,-1.9673280387995287,-1.7679071058666047
v10,feat_gbm,1.0,44,276,0.01341863986286191,-0.15192249005847586
v10,feat_gbm,1.0,44,277,-0.3708469749477185,-0.22686658439221394
v10,feat_gbm,1.0,44,278,-0.6505893866056389,-0.3963273628232521
v10,feat_gbm,1.0,44,279,-2.5088704206099917,-2.1916982233579314
v10,feat_gbm,1.0,44,280,0.6992393474266415,0.5138857123822332
v10,feat_gbm,1.0,44,281,0.6034646479465249,0.13501120436460418
v10,feat_gbm,1.0,44,282,0.10842393192718179,-0.35232291748203215
v10,feat_gbm,1.0,44,283,0.39201482543378463,0.33710059568630363
v10,feat_gbm,1.0,44,284,1.3212813322988337,2.2269494594330284
v10,feat_gbm,1.0,44,285,-0.4277089103748516,-0.8523290277873723
v10,feat_gbm,1.0,44,286,0.20031736677089554,0.5032694866056324
v10,feat_gbm,1.0,44,287,-3.8108889864021496,-3.0734310124071125
v10,feat_gbm,1.0,44,288,-2.8946750760550843,-3.0969464995649485
v10,feat_gbm,1.0,44,289,0.3652816239961468,0.8088909840914691
v10,feat_gbm,1.0,44,290,-2.1239443812820666,-1.710735902712342
v10,feat_gbm,1.0,44,291,-0.09299047303772082,-0.24588513525180683
v10,feat_gbm,1.0,44,292,-2.8977365131599644,-2.9910915714149957
v10,feat_gbm,1.0,44,293,-0.09839875583889078,0.24397961438558982
v10,feat_gbm,1.0,44,294,0.43212056892214595,0.9827222917401395
v10,feat_gbm,1.0,44,295,0.7086935720994803,1.5399914318848642
v10,feat_gbm,1.0,44,296,-2.6455223979219635,-3.028104854063688
v10,feat_gbm,1.0,44,297,-2.0457025724240663,-1.9675880903276046
v10,feat_gbm,1.0,44,298,0.6880225126311751,0.3882116190950413
v10,feat_gbm,1.0,44,299,-0.5858571862328502,-0.4169590587595381
v10,feat_gbm,1.0,44,300,-0.5278370415842522,-0.47104701624968015
v10,feat_gbm,1.0,44,301,-0.5395301702694216,-0.5788171023402015
v10,feat_gbm,1.0,44,302,-3.540618480632973,-3.325334912618423
v10,feat_gbm,1.0,44,303,-0.04161859227206865,0.27214776974989446
v10,feat_gbm,1.0,44,304,0.09749462365033833,0.2838761456734127
v10,feat_gbm,1.0,44,305,0.6588193227385721,0.98356576927226
v10,feat_gbm,1.0,44,306,-1.7684553215448995,-2.324804251846344
v10,feat_gbm,1.0,44,307,-0.36320905052235625,-0.30060412365222405
v10,feat_gbm,1.0,44,308,-3.80824651094947,-3.5706943269006843
v10,feat_gbm,1.0,44,309,0.3643790440881286,0.7657986236992217
v10,feat_gbm,1.0,44,310,-0.8784214025222804,-0.3760212383278314
v10,feat_gbm,1.0,44,311,0.9741272996223381,0.903367601886353
v10,feat_gbm,1.0,44,312,0.8254263692941914,0.2834145554969618
v10,feat_gbm,1.0,44,313,-0.6493727522167113,-0.8750381269167363
v10,feat_gbm,1.0,44,314,-1.9653926628789966,-0.8911054934067958
v10,feat_gbm,1.0,44,315,0.10985412786650187,0.2699623908229132
v10,feat_gbm,1.0,44,316,-3.5338680230613724,-4.034449774534175
v10,feat_gbm,1.0,44,317,0.07737275293274795,0.7302045063515665
v10,feat_gbm,1.0,44,318,-2.1282549062497873,-2.5264159394565007
v10,feat_gbm,1.0,44,319,-3.1600385908968964,-3.1280680478747835
v10,feat_gbm,1.0,44,320,0.10736043969579478,-0.623194388118803
v10,feat_gbm,1.0,44,321,-3.850109992908982,-4.172922463867305
v10,feat_gbm,1.0,44,322,0.8497526754858995,1.0714029341973417
v10,feat_gbm,1.0,44,323,-2.3860481523825383,-2.5538050374755565
v10,feat_gbm,1.0,44,324,-1.6310115050181149,-1.5310020975326282
v10,feat_gbm,1.0,44,325,-0.503467678766396,-0.735749980772127
v10,feat_gbm,1.0,44,326,-0.8186546516876588,-0.5010306012352705
v10,feat_gbm,1.0,44,327,-3.825919301981588,-4.393123087746285
v10,feat_gbm,1.0,44,328,0.5063921808584381,0.6439364857563509
v10,feat_gbm,1.0,44,329,-3.0873978887925815,-2.60760252445046
v10,feat_gbm,1.0,44,330,0.57237112894126,0.46983427811083467
v10,feat_gbm,1.0,44,331,-1.076601722305231,-1.149354435920189
v10,feat_gbm,1.0,44,332,-2.1433993750535874,-1.0961264399974935
v10,feat_gbm,1.0,44,333,0.9323371915531575,1.4253561556633074
v10,feat_gbm,1.0,44,334,0.9913057237928974,1.0406546288822482
v10,feat_gbm,1.0,44,335,-0.6668950428840216,-0.1286217558512718
v10,feat_gbm,1.0,44,336,-1.7290599746558226,-1.7275974260064488
v10,feat_gbm,1.0,44,337,-3.017956508432417,-4.535227665039715
v10,feat_gbm,1.0,44,338,-0.19097686584518409,-1.078833843619319
v10,feat_gbm,1.0,44,339,-1.7257637822274985,-2.035297396751524
v10,feat_gbm,1.0,44,340,0.38186647634514215,0.4788286932125707
v10,feat_gbm,1.0,44,341,-0.9451632748705868,-0.4595082096564039
v10,feat_gbm,1.0,44,342,-3.8572081540063596,-3.653430804591794
v10,feat_gbm,1.0,44,343,0.4253578758766306,0.2834522663037432
v10,feat_gbm,1.0,44,344,-0.011706801371650272,-0.15984972455285287
v10,feat_gbm,1.0,44,345,-2.4822035727756235,-3.8822970119574354
v10,feat_gbm,1.0,44,346,-2.6278746422427446,-2.5801989990218064
v10,feat_gbm,1.0,44,347,-3.455506614608584,-3.2622630695286134
v10,feat_gbm,1.0,44,348,-0.8642117387893834,-0.4894561152880944
v10,feat_gbm,1.0,44,349,-3.867025896757335,-3.0223552414624764
v10,feat_gbm,1.0,44,350,0.689589636299844,0.4215072765335228
v10,feat_gbm,1.0,44,351,-2.1789059155724373,-1.8152752103400673
v10,feat_gbm,1.0,44,352,0.9672864439827361,1.102263670511441
v10,feat_gbm,1.0,44,353,1.2726006981776137,1.4454852001466738
v10,feat_gbm,1.0,44,354,-3.2462259829034856,-3.6770060333191017
v10,feat_gbm,1.0,44,355,-3.2703377016821724,-5.078652858832153
v10,feat_gbm,1.0,44,356,0.2570144734772399,0.7815322159665122
v10,feat_gbm,1.0,44,357,0.3774692998495899,0.6775133790495483
v10,feat_gbm,1.0,44,358,-3.506129047114656,-3.5163570325540956
v10,feat_gbm,1.0,44,359,-2.953050553210263,-4.157760523739404
v10,feat_gbm,1.0,44,360,-0.44852073898367806,-0.18386357284099003
v10,feat_gbm,1.0,44,361,-3.743827606245742,-4.477383009144865
v10,feat_gbm,1.0,44,362,-0.004876473555309315,0.2909126951240761
v10,feat_gbm,1.0,44,363,-3.4295543241968867,-3.5121531596302606
v10,feat_gbm,1.0,44,364,0.0828969164533274,-0.0019354464452207268
v10,feat_gbm,1.0,44,365,-2.9339195884498905,-3.264666087597375
v10,feat_gbm,1.0,44,366,-1.4230041761154855,-1.4961090632143375
v10,feat_gbm,1.0,44,367,-0.10165023209336731,-0.10305907560987346
v10,feat_gbm,1.0,44,368,0.010937511735419563,0.24601275195113992
v10,feat_gbm,1.0,44,369,-1.981904071414429,-1.6400355118163064
v10,feat_gbm,1.0,44,370,-1.3161483445091848,-1.5399226532969161
v10,feat_gbm,1.0,44,371,-0.35709607627808754,-0.3336387161155974
v10,feat_gbm,1.0,44,372,0.12934058708060778,0.3185760540422761
v10,feat_gbm,1.0,44,373,-0.42117644995147474,-0.30756424411789
v10,feat_gbm,1.0,44,374,-3.803336202187786,-3.551435429619069
v10,feat_gbm,1.0,44,375,0.3880045853692386,-0.12846918127015178
v10,feat_gbm,1.0,44,376,0.6277753255229327,0.43413099611324796
v10,feat_gbm,1.0,44,377,0.5758510580133316,0.8095384731463161
v10,feat_gbm,1.0,44,378,0.2891146962226185,0.20303525329731625
v10,feat_gbm,1.0,44,379,0.4980151311706432,0.524784145223057
v10,feat_gbm,1.0,44,380,0.33348657793126985,0.8722609808312535
v10,feat_gbm,1.0,44,381,0.5704980267236639,1.0190202163897197
v10,feat_gbm,1.0,44,382,0.33542339933165516,1.2715191268303472
v10,feat_gbm,1.0,44,383,-0.013278444871274638,-0.13923746667536385
v10,feat_gbm,1.0,44,384,-1.2220681646834848,-1.7983983483294153
v10,feat_gbm,1.0,44,385,0.18324264108674537,0.5606037150840157
v10,feat_gbm,1.0,44,386,0.7093460307970686,0.6003456151224621
v10,feat_gbm,1.0,44,387,0.6642455112940695,1.3071718981356573
v10,feat_gbm,1.0,44,388,-0.07784749898968789,-0.19457283568776126
v10,feat_gbm,1.0,44,389,-1.5718239740302178,-0.981880356960367
v10,feat_gbm,1.0,44,390,-3.231510733727361,-2.628024059072158
v10,feat_gbm,1.0,44,391,-2.6416990359408485,-2.479262758098376
v10,feat_gbm,1.0,44,392,-2.0380416263375807,-2.207941629114672
v10,feat_gbm,1.0,44,393,-2.997208842754258,-2.806586620215901
v10,feat_gbm,1.0,44,394,0.09727854872802066,-0.16842623590390868
v10,feat_gbm,1.0,44,395,0.4334270308502725,0.3596423409999632
v10,feat_gbm,1.0,44,396,-2.0853409121057758,-3.117667066362407
v10,feat_gbm,1.0,44,397,0.9721047468879507,0.6134086288650079
v10,feat_gbm,1.0,44,398,0.5959697915480415,0.5049020087080688
v10,feat_gbm,1.0,44,399,-1.2245302208379738,-1.0548605918119196
v10,feat_gbm,1.0,44,400,-2.8372338024696444,-2.877676775828332
v10,feat_gbm,1.0,44,401,0.16234046706592736,0.015654415635624343
v10,feat_gbm,1.0,44,402,-0.5445695512226263,-0.7027824676465185
v10,feat_gbm,1.0,44,403,0.4107305425771659,0.6733427913489138
v10,feat_gbm,1.0,44,404,0.11612990920757602,0.03259550049258387
v10,feat_gbm,1.0,44,405,-3.353944758338894,-3.4179416205706223
v10,feat_gbm,1.0,44,406,-1.480507025424155,-1.6563158072976616
v10,feat_gbm,1.0,44,407,0.2046077943863651,0.3281041495218151
v10,feat_gbm,1.0,44,408,-1.752631141131783,-1.498502430121411
v10,feat_gbm,1.0,44,409,-1.3367454409539323,-1.5390850133499359
v10,feat_gbm,1.0,44,410,-2.3939198614061574,-3.8769914364338094
v10,feat_gbm,1.0,44,411,-1.325011636960392,-1.1093409530974205
v10,feat_gbm,1.0,44,412,-2.2663428296979866,-2.1356441225652167
v10,feat_gbm,1.0,44,413,0.4252805661895325,0.5613925387002681
v10,feat_gbm,1.0,44,414,-2.3523060477411786,-2.672303525149137
v10,feat_gbm,1.0,44,415,0.8598798463144561,0.9887747910888531
v10,feat_gbm,1.0,44,416,-1.8805382259558734,-2.064740642123073
v10,feat_gbm,1.0,44,417,-0.6778696372860218,-0.13534283366780814
v10,feat_gbm,1.0,44,418,0.34488771353003295,0.5266566940316069
v10,feat_gbm,1.0,44,419,-0.6615063172721641,-0.7929716308762645
v10,feat_gbm,1.0,44,420,0.006538420319943707,0.22081989653443584
v10,feat_gbm,1.0,44,421,-3.766136723006785,-3.4911396429773087
v10,feat_gbm,1.0,44,422,-0.015843139587966525,0.4691563032653497
v10,feat_gbm,1.0,44,423,0.13064941309494943,-0.21242164749251408
v10,feat_gbm,1.0,44,424,-2.3364782209945654,-2.0235730224261497
v10,feat_gbm,1.0,44,425,-0.3128986407359788,0.1881042769243711
v10,feat_gbm,1.0,44,426,-1.14148223962304,-0.7546830882020855
v10,feat_gbm,1.0,44,427,-2.193174669964512,-2.004418163271322
v10,feat_gbm,1.0,44,428,0.27807096206066395,0.08108350485015015
v10,feat_gbm,1.0,44,429,-1.2796570082537342,-0.8958783842144782
v10,feat_gbm,1.0,44,430,-0.27427532907200575,-0.700178367515834
v10,feat_gbm,1.0,44,431,-2.293394840425708,-2.026447754843476
v10,feat_gbm,1.0,44,432,-2.9950148269378367,-3.3644112924118934
v10,feat_gbm,1.0,44,433,-1.988193002255741,-2.4777804975332844
v10,feat_gbm,1.0,44,434,-3.4664723916828137,-3.6407879329147783
v10,feat_gbm,1.0,44,435,0.46547537398369604,0.8140524350977956
v10,feat_gbm,1.0,44,436,-0.32294201322332133,-0.6342245759550225
v10,feat_gbm,1.0,44,437,-1.4605133901492595,-1.0170271575608654
v10,feat_gbm,1.0,44,438,0.8046737765785353,1.2058566336630974
v10,feat_gbm,1.0,44,439,0.8458996138711161,1.04159183954478
v10,feat_gbm,1.0,44,440,-1.247763812042015,-0.383754051292973
v10,feat_gbm,1.0,44,441,0.9997527055502071,0.9717849563735496
v10,feat_gbm,1.0,44,442,0.8274357700541707,0.915394257773604
v10,feat_gbm,1.0,44,443,0.07883252280618937,0.17619398118278368
v10,feat_gbm,1.0,44,444,-2.5826265142714613,-2.3026142847949007
v10,feat_gbm,1.0,44,445,-1.3160396659510623,-2.156995715227189
v10,feat_gbm,1.0,44,446,-2.3504997477649194,-1.9647154613855007
v10,feat_gbm,1.0,44,447,-1.3100695830183369,-1.2167428909736953
v10,feat_gbm,1.0,44,448,-0.2321554183510332,0.371748058948411
v10,feat_gbm,1.0,44,449,-3.5404410687247854,-3.354914600670279
v10,feat_gbm,1.0,44,450,-2.644191112609815,-2.0984010901330774
v10,feat_gbm,1.0,44,451,-1.8116472743514036,-1.8411195968283314
v10,feat_gbm,1.0,44,452,0.24319380549936767,-0.2866386615093297
v10,feat_gbm,1.0,44,453,-1.5593895056708662,-2.1769502099219324
v10,feat_gbm,1.0,44,454,-0.062340589469747514,0.851829112076475
v10,feat_gbm,1.0,44,455,0.2887896363935302,-0.5174982843777256
v10,feat_gbm,1.0,44,456,-2.8025061955389656,-3.7883351795095335
v10,feat_gbm,1.0,44,457,-1.1738257784617339,-1.3225504843777425
v10,feat_gbm,1.0,44,458,-0.6467820654395329,-0.6304710111145473
v10,feat_gbm,1.0,44,459,-3.3229788692352904,-2.867776928577639
v10,feat_gbm,1.0,44,460,-0.4543246304568722,-0.20106453453544149
v10,feat_gbm,1.0,44,461,0.3876465104711359,0.565413433251147
v10,feat_gbm,1.0,44,462,0.20258870210046223,0.6531860801292728
v10,feat_gbm,1.0,44,463,-3.1459877166085506,-3.295531334571209
v10,feat_gbm,1.0,44,464,-1.169865062515481,-1.118951529136503
v10,feat_gbm,1.0,44,465,-0.027496132584658703,0.08535922256033004
v10,feat_gbm,1.0,44,466,0.1936602301710492,0.2656879386171551
v10,feat_gbm,1.0,44,467,-0.872472147373108,-1.0764680911985907
v10,feat_gbm,1.0,44,468,1.0354945331643077,2.2503813782282114
v10,feat_gbm,1.0,44,469,0.057933997625781074,-0.029700274932011248
v10,feat_gbm,1.0,44,470,-2.2927714276951106,-2.1918010579584375
v10,feat_gbm,1.0,44,471,0.053522242458015123,-0.12537364897776127
v10,feat_gbm,1.0,44,472,-1.4987057359478584,-1.3714574409892777
v10,feat_gbm,1.0,44,473,-2.086431617179492,-1.0216450817816245
v10,feat_gbm,1.0,44,474,-0.6420715463792757,-0.8313233833759152
v10,feat_gbm,1.0,44,475,-3.0655905260401872,-3.25243582884057
v10,feat_gbm,1.0,44,476,0.41293353101676883,0.8737365575305754
v10,feat_gbm,1.0,44,477,-2.087284051513827,-1.8373017486027088
v10,feat_gbm,1.0,44,478,-1.4806652849692885,-1.909749317133085
v10,feat_gbm,1.0,44,479,0.2105331049346872,0.418341725137149
v10,feat_gbm,1.0,44,480,-2.4730401781408404,-2.8689304810445995
v10,feat_gbm,1.0,44,481,-4.425700932908848,-3.9192950012633494
v10,feat_gbm,1.0,44,482,0.6578609450954874,0.8191907452202399
v10,feat_gbm,1.0,44,483,-2.940357427812249,-2.7371748494528005
v10,feat_gbm,1.0,44,484,0.3228433483405944,0.043868991079412875
v10,feat_gbm,1.0,44,485,-2.8775937988282756,-3.9571024828402512
v10,feat_gbm,1.0,44,486,-0.8924127062257067,-0.8286091055291892
v10,feat_gbm,1.0,44,487,1.2885784325487502,1.1086460137612473
v10,feat_gbm,1.0,44,488,-1.043885854186107,-1.0899995989348372
v10,feat_gbm,1.0,44,489,-2.9074021436201942,-2.9260181182274523
v10,feat_gbm,1.0,44,490,-0.05197776593000377,0.01778898425240747
v10,feat_gbm,1.0,44,491,-0.3617216430298638,-0.388546054063584
v10,feat_gbm,1.0,44,492,-0.8516172454547905,-0.8483910406321095
v10,feat_gbm,1.0,44,493,-2.726017123622163,-2.4855190663855797
v10,feat_gbm,1.0,44,494,-0.2205283907590712,-0.6027729178489412
v10,feat_gbm,1.0,44,495,-1.264728836719181,-1.5285925057254015
v10,feat_gbm,1.0,44,496,0.5890232877638476,1.0092174422839322
v10,feat_gbm,1.0,44,497,-2.3051977207118277,-2.421052301727873
v10,feat_gbm,1.0,44,498,-3.205860784404672,-3.2283141264699093
v10,feat_gbm,1.0,44,499,-3.746571213048252,-4.907212199848568
v10,feat_gbm,1.0,45,0,-0.18804656178661583,0.03894909458183669
v10,feat_gbm,1.0,45,1,-2.3510592664193424,-2.5052564746229193
v10,feat_gbm,1.0,45,2,0.4525131701018734,0.6287827851917782
v10,feat_gbm,1.0,45,3,-2.977665509951026,-3.3447289283878643
v10,feat_gbm,1.0,45,4,0.8678645298529626,0.9694015026406426
v10,feat_gbm,1.0,45,5,-2.3284238734651077,-2.4693709778233526
v10,feat_gbm,1.0,45,6,0.04927324243835426,-0.2819211013310965
v10,feat_gbm,1.0,45,7,0.42962116622172286,0.5289578846490461
v10,feat_gbm,1.0,45,8,0.5414123755489809,0.032863622186365654
v10,feat_gbm,1.0,45,9,0.7576768666340118,0.9352707853930591
v10,feat_gbm,1.0,45,10,-1.7412926357250236,-1.5987558134683666
v10,feat_gbm,1.0,45,11,-2.907292460352431,-3.2678706438993954
v10,feat_gbm,1.0,45,12,-1.9468431792819338,-2.445380546146449
v10,feat_gbm,1.0,45,13,-0.30878506436998804,-0.4471217519653716
v10,feat_gbm,1.0,45,14,-1.1003421400855633,-1.8343062920535937
v10,feat_gbm,1.0,45,15,-2.6343791125752367,-2.278287047942225
v10,feat_gbm,1.0,45,16,-0.8268868392215727,-1.113015507562239
v10,feat_gbm,1.0,45,17,-1.1453972749504704,-1.149386040828735
v10,feat_gbm,1.0,45,18,-0.5930257673072968,-0.4541092694382234
v10,feat_gbm,1.0,45,19,-2.960656881910177,-2.8798658660471284
v10,feat_gbm,1.0,45,20,-3.399735435353129,-3.281006200299989
v10,feat_gbm,1.0,45,21,-0.45269109476520036,-0.7889402030111288
v10,feat_gbm,1.0,45,22,-1.210760576047795,-0.48114593055133975
v10,feat_gbm,1.0,45,23,-2.485730471595905,-2.8038114998165153
v10,feat_gbm,1.0,45,24,-2.494053254781411,-2.6726430450531393
v10,feat_gbm,1.0,45,25,-2.832640837090407,-3.141178249464176
v10,feat_gbm,1.0,45,26,-3.3742390639363338,-3.8612362310489847
v10,feat_gbm,1.0,45,27,-2.5667281717816297,-3.085821277369337
v10,feat_gbm,1.0,45,28,-1.8768360813452372,-2.1153791712035637
v10,feat_gbm,1.0,45,29,-1.525968254378303,-0.5854112868629942
v10,feat_gbm,1.0,45,30,0.1341341674754292,0.13849791927417068
v10,feat_gbm,1.0,45,31,-3.0305704369026385,-2.779654184179668
v10,feat_gbm,1.0,45,32,1.2803157990904364,0.9166392391011026
v10,feat_gbm,1.0,45,33,-1.511709558339583,-2.134444297962007
v10,feat_gbm,1.0,45,34,0.6195483183159113,1.1224191581864646
v10,feat_gbm,1.0,45,35,-2.3729232251064407,-2.7514680837461087
v10,feat_gbm,1.0,45,36,0.7949115051469362,0.7493710802437775
v10,feat_gbm,1.0,45,37,-2.138851600095358,-2.157600461660938
v10,feat_gbm,1.0,45,38,-1.9011902782608339,-1.7436371170468024
v10,feat_gbm,1.0,45,39,0.7862435315929387,0.632388610685479
v10,feat_gbm,1.0,45,40,-1.025097162330695,-1.5024753827969588
v10,feat_gbm,1.0,45,41,-3.121837124385194,-2.936018587066778
v10,feat_gbm,1.0,45,42,-0.19652627286690294,-0.06406961406287034
v10,feat_gbm,1.0,45,43,-0.4785414786623669,-0.43711075337934485
v10,feat_gbm,1.0,45,44,0.21858485088836635,0.521724778538647
v10,feat_gbm,1.0,45,45,0.7004843078303731,-0.02881562555915001
v10,feat_gbm,1.0,45,46,-3.095196808773929,-2.6856700943784895
v10,feat_gbm,1.0,45,47,-3.455341955720081,-3.3419513202228783
v10,feat_gbm,1.0,45,48,-0.2974134589501805,-0.35240032436669677
v10,feat_gbm,1.0,45,49,-3.3124332419119447,-4.466027560457086
v10,feat_gbm,1.0,45,50,-1.0912539941136374,-1.2227887404747313
v10,feat_gbm,1.0,45,51,-3.339185573385246,-4.168130875201601
v10,feat_gbm,1.0,45,52,-2.734429890141912,-2.1825653069440887
v10,feat_gbm,1.0,45,53,-2.9115731918209704,-2.816977102698189
v10,feat_gbm,1.0,45,54,-1.1517705978285482,-0.9520374156321785
v10,feat_gbm,1.0,45,55,0.5324543859295746,0.800460094219776
v10,feat_gbm,1.0,45,56,0.15594999125152445,0.2782562560211116
v10,feat_gbm,1.0,45,57,0.07860451348248997,-0.7855200046266205
v10,feat_gbm,1.0,45,58,-2.6072172069349175,-2.837973637743256
v10,feat_gbm,1.0,45,59,0.20551101193687676,0.3653424354755994
v10,feat_gbm,1.0,45,60,-3.142655638187463,-3.145987746693799
v10,feat_gbm,1.0,45,61,-2.045833331949098,-2.1381844357326614
v10,feat_gbm,1.0,45,62,0.8105380287486454,0.3908315550690521
v10,feat_gbm,1.0,45,63,-3.114777239890916,-3.259739876316779
v10,feat_gbm,1.0,45,64,-3.907542832016994,-3.799325775609258
v10,feat_gbm,1.0,45,65,-0.43470082741477717,0.2842997557356093
v10,feat_gbm,1.0,45,66,0.548448741444399,0.9099380077885143
v10,feat_gbm,1.0,45,67,0.11172598638062729,0.5741223235018287
v10,feat_gbm,1.0,45,68,1.1986303421209712,1.3807263582335993
v10,feat_gbm,1.0,45,69,0.6488476944679229,2.7357387204405055
v10,feat_gbm,1.0,45,70,-0.11892729390300856,-0.3782017485149665
v10,feat_gbm,1.0,45,71,-0.7121554419638348,-0.6946521973220513
v10,feat_gbm,1.0,45,72,-3.5049543066104856,-3.510295151868067
v10,feat_gbm,1.0,45,73,-0.1654914627080998,-0.3643686170400702
v10,feat_gbm,1.0,45,74,1.264294250917172,1.1835884152793859
v10,feat_gbm,1.0,45,75,0.09211054206702707,-0.38644824542838596
v10,feat_gbm,1.0,45,76,0.05534852094197238,0.7005004452467647
v10,feat_gbm,1.0,45,77,0.3247095720264154,0.3770911051312199
v10,feat_gbm,1.0,45,78,-0.4837690055029171,-0.5374783823521183
v10,feat_gbm,1.0,45,79,-2.741731144104218,-3.2499450611549854
v10,feat_gbm,1.0,45,80,-1.8805168104690697,-1.719925172279684
v10,feat_gbm,1.0,45,81,1.1104787787648798,1.8185710395242058
v10,feat_gbm,1.0,45,82,-0.9833142442718085,-1.0758778979961314
v10,feat_gbm,1.0,45,83,-0.4084701408998336,-0.8033140510569362
v10,feat_gbm,1.0,45,84,-2.1094895946819308,-2.0837035815006346
v10,feat_gbm,1.0,45,85,-0.913864922322757,-1.2430797823904942
v10,feat_gbm,1.0,45,86,0.7073209468536374,0.639317965424242
v10,feat_gbm,1.0,45,87,-0.24514857262605444,-0.02321591952008587
v10,feat_gbm,1.0,45,88,-3.2922356211727832,-3.512086916650174
v10,feat_gbm,1.0,45,89,-1.4539220782815137,-1.684363733317816
v10,feat_gbm,1.0,45,90,-3.6755327726793037,-3.5341996208099964
v10,feat_gbm,1.0,45,91,0.6755227239145933,1.1574629997660548
v10,feat_gbm,1.0,45,92,-1.3999648842689085,-0.7651863719989663
v10,feat_gbm,1.0,45,93,-4.769293464427204,-5.7708125015304885
v10,feat_gbm,1.0,45,94,-0.07603978847325049,0.07374698385127064
v10,feat_gbm,1.0,45,95,0.30289549920560926,1.201566413592891
v10,feat_gbm,1.0,45,96,1.3317842773107225,1.2655480006709303
v10,feat_gbm,1.0,45,97,-3.436602949494379,-3.2217777708537843
v10,feat_gbm,1.0,45,98,-1.826983270000179,-1.2120387208328698
v10,feat_gbm,1.0,45,99,-0.5223912668722099,-0.04015373686183237
v10,feat_gbm,1.0,45,100,-2.4640930968295742,-2.8384481914339785
v10,feat_gbm,1.0,45,101,-3.0759310491252805,-3.541068619782685
v10,feat_gbm,1.0,45,102,-4.003641592522631,-4.424727465058162
v10,feat_gbm,1.0,45,103,-0.7538327284079135,-0.7652009130347144
v10,feat_gbm,1.0,45,104,-0.7819210226782894,-0.406664655497914
v10,feat_gbm,1.0,45,105,-2.592595733149483,-2.8019031633754246
v10,feat_gbm,1.0,45,106,-1.1403109686501554,-1.1978192780958505
v10,feat_gbm,1.0,45,107,-1.284959220232775,-1.2497822804421463
v10,feat_gbm,1.0,45,108,-0.05428093510827706,-0.2003702404752673
v10,feat_gbm,1.0,45,109,-0.27130436041229405,-0.28745536208379296
v10,feat_gbm,1.0,45,110,0.40595097237763056,0.2838469771831524
v10,feat_gbm,1.0,45,111,0.32724865287597277,0.6579850926301614
v10,feat_gbm,1.0,45,112,-0.43952576706910024,-0.4279263804064609
v10,feat_gbm,1.0,45,113,0.0829313247545704,0.527327823801956
v10,feat_gbm,1.0,45,114,-3.575261275026588,-3.652947895428966
v10,feat_gbm,1.0,45,115,-0.8869029399518807,-0.04287987221360797
v10,feat_gbm,1.0,45,116,-3.747674067766497,-3.4409421360670214
v10,feat_gbm,1.0,45,117,-2.5683974423207636,-2.4284095097884006
v10,feat_gbm,1.0,45,118,-1.767179530765352,-1.419217075367618
v10,feat_gbm,1.0,45,119,-2.751200994728689,-1.4944271796191557
v10,feat_gbm,1.0,45,120,-3.031409610130787,-2.797137626437216
v10,feat_gbm,1.0,45,121,0.7785330685210492,3.1321125804877905
v10,feat_gbm,1.0,45,122,-2.505645160959958,-3.164895556438051
v10,feat_gbm,1.0,45,123,0.24798442621555755,-0.021234684620174846
v10,feat_gbm,1.0,45,124,-1.5327125359929545,-1.246001114532972
v10,feat_gbm,1.0,45,125,-2.7126161114997713,-2.7130193085566443
v10,feat_gbm,1.0,45,126,-2.208233998746806,-2.0560780011130944
v10,feat_gbm,1.0,45,127,-1.6287611616922877,-1.631222331554067
v10,feat_gbm,1.0,45,128,-2.745897322872915,-3.477307725783656
v10,feat_gbm,1.0,45,129,1.1449539986258146,1.7007542891568868
v10,feat_gbm,1.0,45,130,-3.444904461469658,-3.4021624962570822
v10,feat_gbm,1.0,45,131,-3.4337925415981294,-3.701149444421242
v10,feat_gbm,1.0,45,132,-0.2081470047595861,-0.4116741376471012
v10,feat_gbm,1.0,45,133,-0.6354205703708381,-0.5680375850475197
v10,feat_gbm,1.0,45,134,-1.3248369816021794,-1.4788189923590598
v10,feat_gbm,1.0,45,135,-2.574803691026869,-2.9896549957503007
v10,feat_gbm,1.0,45,136,0.4555789642852404,0.11194117436713467
v10,feat_gbm,1.0,45,137,1.2325290507498623,1.7147062893715772
v10,feat_gbm,1.0,45,138,-2.1839918457576437,-1.9709125209383296
v10,feat_gbm,1.0,45,139,0.0740994155200992,0.19937477723826902
v10,feat_gbm,1.0,45,140,-2.7325619372663223,-2.8223726616431475
v10,feat_gbm,1.0,45,141,-0.08709379334959422,-0.12380828599000025
v10,feat_gbm,1.0,45,142,-2.8653890292000375,-2.97521232911642
v10,feat_gbm,1.0,45,143,-2.1220648622162956,-1.9484557479617686
v10,feat_gbm,1.0,45,144,0.8511561167167426,1.244093655886106
v10,feat_gbm,1.0,45,145,-2.442727901276097,-2.0280859266176816
v10,feat_gbm,1.0,45,146,-1.9122371865737147,-2.0754073031653366
v10,feat_gbm,1.0,45,147,-0.03430264181332218,-0.11331641159387335
v10,feat_gbm,1.0,45,148,-2.1176033554368097,-2.620298039600635
v10,feat_gbm,1.0,45,149,-2.88501283112489,-3.8395532227602396
v10,feat_gbm,1.0,45,150,-1.857663248756863,-2.149698272240366
v10,feat_gbm,1.0,45,151,-3.055797877103554,-3.1594376779318036
v10,feat_gbm,1.0,45,152,-2.1906163135744663,-2.7712141114581046
v10,feat_gbm,1.0,45,153,-1.4056451222788244,-1.1483368403810985
v10,feat_gbm,1.0,45,154,-1.1355564657538932,-1.4700676700115773
v10,feat_gbm,1.0,45,155,1.0192082252155952,1.4088416749712322
v10,feat_gbm,1.0,45,156,0.3619052368913729,0.7564704220494097
v10,feat_gbm,1.0,45,157,-2.4178490306794083,-1.7148995557963913
v10,feat_gbm,1.0,45,158,-2.293943205924073,-2.8595355115547196
v10,feat_gbm,1.0,45,159,-1.3682317391531902,-0.9922400520728849
v10,feat_gbm,1.0,45,160,2.1848946180357878,1.8585227307534937
v10,feat_gbm,1.0,45,161,-2.1882722865383264,-2.477654537850602
v10,feat_gbm,1.0,45,162,-2.6158321611864173,-2.993764039868935
v10,feat_gbm,1.0,45,163,-0.9443629091999591,-1.1722671160336509
v10,feat_gbm,1.0,45,164,-1.9287923704002572,-1.6577576086204497
v10,feat_gbm,1.0,45,165,-2.7678217404868453,-2.9770186999323642
v10,feat_gbm,1.0,45,166,-3.379181504011262,-3.2329952824425443
v10,feat_gbm,1.0,45,167,-0.365284683461084,0.19550508612775644
v10,feat_gbm,1.0,45,168,-0.9439394610567636,-1.2639642813248737
v10,feat_gbm,1.0,45,169,1.327619246805576,1.4224064134580066
v10,feat_gbm,1.0,45,170,-2.4586300190391244,-1.5303724784706008
v10,feat_gbm,1.0,45,171,0.46654546444765294,0.6086346650572224
v10,feat_gbm,1.0,45,172,-0.16207114581618584,-0.052232489626048526
v10,feat_gbm,1.0,45,173,-0.8285109825033741,-0.19074605880313256
v10,feat_gbm,1.0,45,174,-2.7444537865563805,-2.7678232596734214
v10,feat_gbm,1.0,45,175,-1.8544304675134629,-1.6557092188829319
v10,feat_gbm,1.0,45,176,0.36742541835186476,0.12081831439914445
v10,feat_gbm,1.0,45,177,0.28906413885821075,3.7031714993021168
v10,feat_gbm,1.0,45,178,-0.5104993859106421,-0.17761292562564054
v10,feat_gbm,1.0,45,179,-0.012929624757401429,0.2295122735959306
v10,feat_gbm,1.0,45,180,-1.245061188302409,-1.6401012725318311
v10,feat_gbm,1.0,45,181,-2.9940050421035678,-3.399461101549646
v10,feat_gbm,1.0,45,182,0.4432803613686921,0.5421608664871393
v10,feat_gbm,1.0,45,183,-3.955886999502559,-3.7858185839721776
v10,feat_gbm,1.0,45,184,0.3560378825624589,0.4440956773301304
v10,feat_gbm,1.0,45,185,-0.07332405425784415,0.5450962365111649
v10,feat_gbm,1.0,45,186,-2.9275201955522867,-3.094441269353033
v10,feat_gbm,1.0,45,187,0.7921646663460774,1.436275522654785
v10,feat_gbm,1.0,45,188,-0.038129261319392184,-0.003208414280501246
v10,feat_gbm,1.0,45,189,-2.2054532044754667,-2.0766448721687736
v10,feat_gbm,1.0,45,190,-3.1431807010909107,-2.887011097372245
v10,feat_gbm,1.0,45,191,-0.351276770537669,-0.19564387773269687
v10,feat_gbm,1.0,45,192,-3.343938837099438,-3.39219136175158
v10,feat_gbm,1.0,45,193,-3.8401725470188457,-4.804455114758695
v10,feat_gbm,1.0,45,194,-0.19039988698091936,-0.23230879418151415
v10,feat_gbm,1.0,45,195,0.9853789121953208,0.7768952289284052
v10,feat_gbm,1.0,45,196,-3.7436774194701,-3.0758975731441707
v10,feat_gbm,1.0,45,197,1.3428255717743098,1.8852948766094535
v10,feat_gbm,1.0,45,198,0.028066111884355968,-0.07474663349946693
v10,feat_gbm,1.0,45,199,1.47620397482322,0.9295509098669842
v10,feat_gbm,1.0,45,200,0.030319039064957892,0.40408761039079466
v10,feat_gbm,1.0,45,201,-0.9209348457455675,-1.0185563947000995
v10,feat_gbm,1.0,45,202,-1.0975823510519658,-1.5812541435625456
v10,feat_gbm,1.0,45,203,-2.187295834042378,-2.9269603411540346
v10,feat_gbm,1.0,45,204,-0.058374189139645524,-0.9368237022381455
v10,feat_gbm,1.0,45,205,-0.595272233356633,-0.771906247259438
v10,feat_gbm,1.0,45,206,-2.181166100528069,-1.4457766532498904
v10,feat_gbm,1.0,45,207,-2.1858759103317653,-2.4752738768021185
v10,feat_gbm,1.0,45,208,-2.6999498924721137,-2.8789590131308262
v10,feat_gbm,1.0,45,209,-2.132945792955047,-2.6986856152036793
v10,feat_gbm,1.0,45,210,-0.1184520225472448,0.05837096406180189
v10,feat_gbm,1.0,45,211,-2.9656094659362493,-2.2327070274631113
v10,feat_gbm,1.0,45,212,-0.26586203121742813,0.15758807445032513
v10,feat_gbm,1.0,45,213,0.7333779389161541,0.5234750924970406
v10,feat_gbm,1.0,45,214,0.966534243041425,0.8312555987922697
v10,feat_gbm,1.0,45,215,-0.9904864234904832,-0.7699972654610447
v10,feat_gbm,1.0,45,216,-2.4001517848529,-2.4368834827463726
v10,feat_gbm,1.0,45,217,-3.0974699802140964,-3.7421886443248944
v10,feat_gbm,1.0,45,218,-3.7547393033196537,-4.3753265313120195
v10,feat_gbm,1.0,45,219,0.19699370360049825,0.13181597567614448
v10,feat_gbm,1.0,45,220,-2.4551352562574023,-2.150299196146146
v10,feat_gbm,1.0,45,221,0.30973386019310223,0.4316281043505307
v10,feat_gbm,1.0,45,222,0.22783559570324102,0.20581216265343685
v10,feat_gbm,1.0,45,223,-2.593894514521808,-1.7226779576420432
v10,feat_gbm,1.0,45,224,1.0958561383480492,1.0701061526100661
v10,feat_gbm,1.0,45,225,-1.6608184415442013,-2.995983076644188
v10,feat_gbm,1.0,45,226,-0.2082365135954171,-0.39103048890459524
v10,feat_gbm,1.0,45,227,-2.330182580394821,-2.811377433191803
v10,feat_gbm,1.0,45,228,-0.22694608336415475,0.1103569248772952
v10,feat_gbm,1.0,45,229,0.7479331239929868,1.0926797996732165
v10,feat_gbm,1.0,45,230,-1.028236453557723,-1.1465469989616057
v10,feat_gbm,1.0,45,231,-3.5495753145126976,-3.7045714701961474
v10,feat_gbm,1.0,45,232,-0.5016272847816152,-0.3205795311611984
v10,feat_gbm,1.0,45,233,-0.07437852391561366,-0.7282288274356463
v10,feat_gbm,1.0,45,234,-0.5240806396384615,-0.6143938277881194
v10,feat_gbm,1.0,45,235,-2.989120384918565,-3.717493513170671
v10,feat_gbm,1.0,45,236,-2.1963015656359954,-1.894186438607053
v10,feat_gbm,1.0,45,237,-0.06521502572660205,0.19101892391720615
v10,feat_gbm,1.0,45,238,-2.218367883604413,-2.723653519266766
v10,feat_gbm,1.0,45,239,0.12472037826488484,0.28172679866345784
v10,feat_gbm,1.0,45,240,-0.9268575205867253,-0.570916259780521
v10,feat_gbm,1.0,45,241,-2.088890889405827,-3.037607674189957
v10,feat_gbm,1.0,45,242,-2.6881374479324567,-2.4824067099880884
v10,feat_gbm,1.0,45,243,0.8658790928086986,1.793244191067856
v10,feat_gbm,1.0,45,244,-1.9890956424752266,-2.170563194223024
v10,feat_gbm,1.0,45,245,-2.493694045943618,-2.5580286375581696
v10,feat_gbm,1.0,45,246,-2.6719121487523294,-3.9013363177662743
v10,feat_gbm,1.0,45,247,-1.3213087700404262,-1.2689211715035387
v10,feat_gbm,1.0,45,248,-2.6271098647429603,-2.89795980370705
v10,feat_gbm,1.0,45,249,-1.070281055989659,-1.149470325468549
v10,feat_gbm,1.0,45,250,-2.7354119248513054,-2.1803876537888693
v10,feat_gbm,1.0,45,251,-0.9572039510359475,-1.2010659028736028
v10,feat_gbm,1.0,45,252,-2.682273670669121,-2.675840590612525
v10,feat_gbm,1.0,45,253,-0.576816489160255,-0.865421424414132
v10,feat_gbm,1.0,45,254,-0.11476085479774578,-0.45089388998719687
v10,feat_gbm,1.0,45,255,-1.497627070145387,-1.477655138121315
v10,feat_gbm,1.0,45,256,-2.1475017154153346,-1.9234128661936198
v10,feat_gbm,1.0,45,257,-0.5297228756769115,-0.8895479413744646
v10,feat_gbm,1.0,45,258,-1.334422415138403,-1.284701881398344
v10,feat_gbm,1.0,45,259,-0.32870273083649637,0.03791276039075724
v10,feat_gbm,1.0,45,260,-1.1899884680365471,-1.213907680807544
v10,feat_gbm,1.0,45,261,-0.4353911487139267,-0.6937064881158975
v10,feat_gbm,1.0,45,262,-2.1907054122133705,-2.500344974429108
v10,feat_gbm,1.0,45,263,-3.1872354529477325,-3.0782877743164985
v10,feat_gbm,1.0,45,264,-2.7980023579078828,-3.2702790535172426
v10,feat_gbm,1.0,45,265,-0.0450860146900736,-0.15746453031192983
v10,feat_gbm,1.0,45,266,-1.4078813962495909,-1.3930653126164372
v10,feat_gbm,1.0,45,267,-4.00688744312788,-3.460520174484755
v10,feat_gbm,1.0,45,268,-1.9216876553121114,-1.8115923421665279
v10,feat_gbm,1.0,45,269,0.3222350652287489,-0.04785951915829837
v10,feat_gbm,1.0,45,270,-1.3745643290697267,-1.3387838926701625
v10,feat_gbm,1.0,45,271,0.7962679128119333,0.6172482925771328
v10,feat_gbm,1.0,45,272,-0.037058020826221255,0.10718580269537517
v10,feat_gbm,1.0,45,273,-2.863163899940121,-2.4250613993713395
v10,feat_gbm,1.0,45,274,0.0535507057902486,-0.4656136934058211
v10,feat_gbm,1.0,45,275,-1.9394999588098427,-1.7679071058666047
v10,feat_gbm,1.0,45,276,-0.09558397135106518,-0.15192249005847586
v10,feat_gbm,1.0,45,277,-0.38411777181100937,-0.22686658439221394
v10,feat_gbm,1.0,45,278,-0.3196251737501872,-0.3963273628232521
v10,feat_gbm,1.0,45,279,-2.6238297624994087,-2.1916982233579314
v10,feat_gbm,1.0,45,280,0.6789414472305174,0.5138857123822332
v10,feat_gbm,1.0,45,281,0.543228032121006,0.13501120436460418
v10,feat_gbm,1.0,45,282,0.0046122012166553835,-0.35232291748203215
v10,feat_gbm,1.0,45,283,0.4788823102574565,0.33710059568630363
v10,feat_gbm,1.0,45,284,1.6802745606691099,2.2269494594330284
v10,feat_gbm,1.0,45,285,-0.3778152654085962,-0.8523290277873723
v10,feat_gbm,1.0,45,286,0.28315828803343,0.5032694866056324
v10,feat_gbm,1.0,45,287,-3.772976910673349,-3.0734310124071125
v10,feat_gbm,1.0,45,288,-2.9660751790006565,-3.0969464995649485
v10,feat_gbm,1.0,45,289,0.44422068890918204,0.8088909840914691
v10,feat_gbm,1.0,45,290,-2.1822322255822963,-1.710735902712342
v10,feat_gbm,1.0,45,291,-0.2525570448696382,-0.24588513525180683
v10,feat_gbm,1.0,45,292,-2.70691342211982,-2.9910915714149957
v10,feat_gbm,1.0,45,293,-0.04486658311916677,0.24397961438558982
v10,feat_gbm,1.0,45,294,0.4963923376692772,0.9827222917401395
v10,feat_gbm,1.0,45,295,0.8529980481761981,1.5399914318848642
v10,feat_gbm,1.0,45,296,-2.6199288961765568,-3.028104854063688
v10,feat_gbm,1.0,45,297,-2.065320421331566,-1.9675880903276046
v10,feat_gbm,1.0,45,298,0.5343469912295994,0.3882116190950413
v10,feat_gbm,1.0,45,299,-0.5767674468549758,-0.4169590587595381
v10,feat_gbm,1.0,45,300,-0.5392647990252264,-0.47104701624968015
v10,feat_gbm,1.0,45,301,-0.5278077677848658,-0.5788171023402015
v10,feat_gbm,1.0,45,302,-3.496933188784201,-3.325334912618423
v10,feat_gbm,1.0,45,303,0.10919197264395149,0.27214776974989446
v10,feat_gbm,1.0,45,304,-0.045094588766626795,0.2838761456734127
v10,feat_gbm,1.0,45,305,0.6666867590270595,0.98356576927226
v10,feat_gbm,1.0,45,306,-1.86475762861752,-2.324804251846344
v10,feat_gbm,1.0,45,307,-0.15707631133293246,-0.30060412365222405
v10,feat_gbm,1.0,45,308,-3.7568238729096604,-3.5706943269006843
v10,feat_gbm,1.0,45,309,0.4375881487635355,0.7657986236992217
v10,feat_gbm,1.0,45,310,-0.8312893584807514,-0.3760212383278314
v10,feat_gbm,1.0,45,311,1.0013711329335877,0.903367601886353
v10,feat_gbm,1.0,45,312,0.6641442303271943,0.2834145554969618
v10,feat_gbm,1.0,45,313,-0.5896522556232583,-0.8750381269167363
v10,feat_gbm,1.0,45,314,-1.7103317052407383,-0.8911054934067958
v10,feat_gbm,1.0,45,315,0.23017566874227516,0.2699623908229132
v10,feat_gbm,1.0,45,316,-3.577158882477332,-4.034449774534175
v10,feat_gbm,1.0,45,317,0.12850098999365409,0.7302045063515665
v10,feat_gbm,1.0,45,318,-2.1829449635331972,-2.5264159394565007
v10,feat_gbm,1.0,45,319,-2.922673983970863,-3.1280680478747835
v10,feat_gbm,1.0,45,320,0.17265535382039054,-0.623194388118803
v10,feat_gbm,1.0,45,321,-3.816885018667261,-4.172922463867305
v10,feat_gbm,1.0,45,322,1.0080704470473572,1.0714029341973417
v10,feat_gbm,1.0,45,323,-2.4759182703567917,-2.5538050374755565
v10,feat_gbm,1.0,45,324,-1.5906572463946298,-1.5310020975326282
v10,feat_gbm,1.0,45,325,-0.6171955555626588,-0.735749980772127
v10,feat_gbm,1.0,45,326,-0.7971585372062207,-0.5010306012352705
v10,feat_gbm,1.0,45,327,-3.6292782442429137,-4.393123087746285
v10,feat_gbm,1.0,45,328,0.5525425955381026,0.6439364857563509
v10,feat_gbm,1.0,45,329,-3.152624295678082,-2.60760252445046
v10,feat_gbm,1.0,45,330,0.6090751790121895,0.46983427811083467
v10,feat_gbm,1.0,45,331,-0.8670845528848276,-1.149354435920189
v10,feat_gbm,1.0,45,332,-2.193096862853952,-1.0961264399974935
v10,feat_gbm,1.0,45,333,0.8047152803994958,1.4253561556633074
v10,feat_gbm,1.0,45,334,0.8807556595853274,1.0406546288822482
v10,feat_gbm,1.0,45,335,-0.5555992280741762,-0.1286217558512718
v10,feat_gbm,1.0,45,336,-1.3823655883015153,-1.7275974260064488
v10,feat_gbm,1.0,45,337,-2.9295517632760273,-4.535227665039715
v10,feat_gbm,1.0,45,338,-0.32906678754383273,-1.078833843619319
v10,feat_gbm,1.0,45,339,-1.6696620218846678,-2.035297396751524
v10,feat_gbm,1.0,45,340,0.2973681020962595,0.4788286932125707
v10,feat_gbm,1.0,45,341,-1.0557887985804122,-0.4595082096564039
v10,feat_gbm,1.0,45,342,-3.7589488868078935,-3.653430804591794
v10,feat_gbm,1.0,45,343,0.2914723186420356,0.2834522663037432
v10,feat_gbm,1.0,45,344,-0.03281675137571968,-0.15984972455285287
v10,feat_gbm,1.0,45,345,-2.464083736778623,-3.8822970119574354
v10,feat_gbm,1.0,45,346,-2.660379695666255,-2.5801989990218064
v10,feat_gbm,1.0,45,347,-3.4223773743321786,-3.2622630695286134
v10,feat_gbm,1.0,45,348,-0.8372324625731655,-0.4894561152880944
v10,feat_gbm,1.0,45,349,-4.308542564767073,-3.0223552414624764
v10,feat_gbm,1.0,45,350,0.7324301362643219,0.4215072765335228
v10,feat_gbm,1.0,45,351,-2.237861086986211,-1.8152752103400673
v10,feat_gbm,1.0,45,352,0.8972589417757578,1.102263670511441
v10,feat_gbm,1.0,45,353,0.9968794375697655,1.4454852001466738
v10,feat_gbm,1.0,45,354,-3.2283049518436306,-3.6770060333191017
v10,feat_gbm,1.0,45,355,-3.2987586074435358,-5.078652858832153
v10,feat_gbm,1.0,45,356,0.17456016299917007,0.7815322159665122
v10,feat_gbm,1.0,45,357,0.5113641419876817,0.6775133790495483
v10,feat_gbm,1.0,45,358,-3.502975279403809,-3.5163570325540956
v10,feat_gbm,1.0,45,359,-2.7557413199605905,-4.157760523739404
v10,feat_gbm,1.0,45,360,-0.47137172337686895,-0.18386357284099003
v10,feat_gbm,1.0,45,361,-3.6564373990714434,-4.477383009144865
v10,feat_gbm,1.0,45,362,0.1113568707797697,0.2909126951240761
v10,feat_gbm,1.0,45,363,-3.5813430153793955,-3.5121531596302606
v10,feat_gbm,1.0,45,364,0.3080338086462442,-0.0019354464452207268
v10,feat_gbm,1.0,45,365,-3.020173427505814,-3.264666087597375
v10,feat_gbm,1.0,45,366,-1.1705884942913722,-1.4961090632143375
v10,feat_gbm,1.0,45,367,-0.13302719586245768,-0.10305907560987346
v10,feat_gbm,1.0,45,368,0.08862646630045191,0.24601275195113992
v10,feat_gbm,1.0,45,369,-1.9472698328448454,-1.6400355118163064
v10,feat_gbm,1.0,45,370,-1.2753231358760426,-1.5399226532969161
v10,feat_gbm,1.0,45,371,-0.33728553528127564,-0.3336387161155974
v10,feat_gbm,1.0,45,372,0.4011392500838299,0.3185760540422761
v10,feat_gbm,1.0,45,373,-0.36983830925458927,-0.30756424411789
v10,feat_gbm,1.0,45,374,-3.772573474103969,-3.551435429619069
v10,feat_gbm,1.0,45,375,0.28276152204663824,-0.12846918127015178
v10,feat_gbm,1.0,45,376,0.6836444458554676,0.43413099611324796
v10,feat_gbm,1.0,45,377,0.6772913971767427,0.8095384731463161
v10,feat_gbm,1.0,45,378,0.09734989208918114,0.20303525329731625
v10,feat_gbm,1.0,45,379,0.4819425622678294,0.524784145223057
v10,feat_gbm,1.0,45,380,0.13790408132634938,0.8722609808312535
v10,feat_gbm,1.0,45,381,0.73222845781094,1.0190202163897197
v10,feat_gbm,1.0,45,382,0.5151517859715103,1.2715191268303472
v10,feat_gbm,1.0,45,383,-0.00750953151623217,-0.13923746667536385
v10,feat_gbm,1.0,45,384,-1.4368187623402386,-1.7983983483294153
v10,feat_gbm,1.0,45,385,0.13771538973930836,0.5606037150840157
v10,feat_gbm,1.0,45,386,0.49350288974377604,0.6003456151224621
v10,feat_gbm,1.0,45,387,0.6486806531655744,1.3071718981356573
v10,feat_gbm,1.0,45,388,-0.06892035362859246,-0.19457283568776126
v10,feat_gbm,1.0,45,389,-1.583777637453171,-0.981880356960367
v10,feat_gbm,1.0,45,390,-3.3750996025293794,-2.628024059072158
v10,feat_gbm,1.0,45,391,-2.629349835129748,-2.479262758098376
v10,feat_gbm,1.0,45,392,-1.9390953033568126,-2.207941629114672
v10,feat_gbm,1.0,45,393,-3.2139314310232767,-2.806586620215901
v10,feat_gbm,1.0,45,394,0.02806077724245834,-0.16842623590390868
v10,feat_gbm,1.0,45,395,0.4491658846527696,0.3596423409999632
v10,feat_gbm,1.0,45,396,-2.000821339096164,-3.117667066362407
v10,feat_gbm,1.0,45,397,0.949548216466118,0.6134086288650079
v10,feat_gbm,1.0,45,398,0.5035108697407972,0.5049020087080688
v10,feat_gbm,1.0,45,399,-1.2341931701989908,-1.0548605918119196
v10,feat_gbm,1.0,45,400,-2.6914296246254295,-2.877676775828332
v10,feat_gbm,1.0,45,401,-0.07101339972792547,0.015654415635624343
v10,feat_gbm,1.0,45,402,-0.5397168179285936,-0.7027824676465185
v10,feat_gbm,1.0,45,403,0.16210603666934362,0.6733427913489138
v10,feat_gbm,1.0,45,404,0.18121102143785764,0.03259550049258387
v10,feat_gbm,1.0,45,405,-3.375137875022075,-3.4179416205706223
v10,feat_gbm,1.0,45,406,-1.2245553706519015,-1.6563158072976616
v10,feat_gbm,1.0,45,407,0.3166897042687759,0.3281041495218151
v10,feat_gbm,1.0,45,408,-1.8597173960750497,-1.498502430121411
v10,feat_gbm,1.0,45,409,-1.3313141897455376,-1.5390850133499359
v10,feat_gbm,1.0,45,410,-2.6077116963825917,-3.8769914364338094
v10,feat_gbm,1.0,45,411,-1.3667869352926978,-1.1093409530974205
v10,feat_gbm,1.0,45,412,-2.361989696962492,-2.1356441225652167
v10,feat_gbm,1.0,45,413,0.4417665402054738,0.5613925387002681
v10,feat_gbm,1.0,45,414,-2.235116594547378,-2.672303525149137
v10,feat_gbm,1.0,45,415,0.6290274665215131,0.9887747910888531
v10,feat_gbm,1.0,45,416,-1.8562734574720137,-2.064740642123073
v10,feat_gbm,1.0,45,417,-0.5855812414751354,-0.13534283366780814
v10,feat_gbm,1.0,45,418,0.25292830863610993,0.5266566940316069
v10,feat_gbm,1.0,45,419,-0.6204218957188651,-0.7929716308762645
v10,feat_gbm,1.0,45,420,-0.0932297877081484,0.22081989653443584
v10,feat_gbm,1.0,45,421,-3.843625972352181,-3.4911396429773087
v10,feat_gbm,1.0,45,422,-0.00674904864054843,0.4691563032653497
v10,feat_gbm,1.0,45,423,-0.0005095353111234447,-0.21242164749251408
v10,feat_gbm,1.0,45,424,-2.284347036946036,-2.0235730224261497
v10,feat_gbm,1.0,45,425,-0.15921537725195742,0.1881042769243711
v10,feat_gbm,1.0,45,426,-0.8695389119410283,-0.7546830882020855
v10,feat_gbm,1.0,45,427,-2.1052754936584472,-2.004418163271322
v10,feat_gbm,1.0,45,428,0.12247154826502611,0.08108350485015015
v10,feat_gbm,1.0,45,429,-1.2039571120478176,-0.8958783842144782
v10,feat_gbm,1.0,45,430,-0.48489907090194556,-0.700178367515834
v10,feat_gbm,1.0,45,431,-2.1868883409216426,-2.026447754843476
v10,feat_gbm,1.0,45,432,-2.8425175219194454,-3.3644112924118934
v10,feat_gbm,1.0,45,433,-1.989658759310022,-2.4777804975332844
v10,feat_gbm,1.0,45,434,-3.552811378671424,-3.6407879329147783
v10,feat_gbm,1.0,45,435,0.3374380521776955,0.8140524350977956
v10,feat_gbm,1.0,45,436,-0.5013780896705919,-0.6342245759550225
v10,feat_gbm,1.0,45,437,-1.3362798176658952,-1.0170271575608654
v10,feat_gbm,1.0,45,438,0.6085483388680631,1.2058566336630974
v10,feat_gbm,1.0,45,439,0.8910917159669559,1.04159183954478
v10,feat_gbm,1.0,45,440,-0.9964277691524377,-0.383754051292973
v10,feat_gbm,1.0,45,441,0.9492172374431616,0.9717849563735496
v10,feat_gbm,1.0,45,442,0.859100433190766,0.915394257773604
v10,feat_gbm,1.0,45,443,0.20627615090417578,0.17619398118278368
v10,feat_gbm,1.0,45,444,-2.506041240009897,-2.3026142847949007
v10,feat_gbm,1.0,45,445,-1.0769227533218073,-2.156995715227189
v10,feat_gbm,1.0,45,446,-2.4035435460773327,-1.9647154613855007
v10,feat_gbm,1.0,45,447,-1.2333118423492941,-1.2167428909736953
v10,feat_gbm,1.0,45,448,-0.29774742713094865,0.371748058948411
v10,feat_gbm,1.0,45,449,-3.48039140250916,-3.354914600670279
v10,feat_gbm,1.0,45,450,-2.4813826625245237,-2.0984010901330774
v10,feat_gbm,1.0,45,451,-1.7111828866814245,-1.8411195968283314
v10,feat_gbm,1.0,45,452,-0.0671378219204163,-0.2866386615093297
v10,feat_gbm,1.0,45,453,-1.523444064477622,-2.1769502099219324
v10,feat_gbm,1.0,45,454,-0.0029802309191876535,0.851829112076475
v10,feat_gbm,1.0,45,455,0.15491551599331438,-0.5174982843777256
v10,feat_gbm,1.0,45,456,-2.7370465997116185,-3.7883351795095335
v10,feat_gbm,1.0,45,457,-1.1581286239486606,-1.3225504843777425
v10,feat_gbm,1.0,45,458,-0.48581871148787464,-0.6304710111145473
v10,feat_gbm,1.0,45,459,-3.3472678758833823,-2.867776928577639
v10,feat_gbm,1.0,45,460,-0.3913236535708614,-0.20106453453544149
v10,feat_gbm,1.0,45,461,0.6205326354554298,0.565413433251147
v10,feat_gbm,1.0,45,462,0.3075464973971653,0.6531860801292728
v10,feat_gbm,1.0,45,463,-3.3094411776058883,-3.295531334571209
v10,feat_gbm,1.0,45,464,-1.029687234862619,-1.118951529136503
v10,feat_gbm,1.0,45,465,0.06676302585628391,0.08535922256033004
v10,feat_gbm,1.0,45,466,0.06371879867752467,0.2656879386171551
v10,feat_gbm,1.0,45,467,-0.9922700773564891,-1.0764680911985907
v10,feat_gbm,1.0,45,468,1.2491237625502314,2.2503813782282114
v10,feat_gbm,1.0,45,469,0.08346322686007748,-0.029700274932011248
v10,feat_gbm,1.0,45,470,-2.402707247145919,-2.1918010579584375
v10,feat_gbm,1.0,45,471,0.11917414162446874,-0.12537364897776127
v10,feat_gbm,1.0,45,472,-1.4503175579684617,-1.3714574409892777
v10,feat_gbm,1.0,45,473,-2.0638277324324155,-1.0216450817816245
v10,feat_gbm,1.0,45,474,-0.9622496022598142,-0.8313233833759152
v10,feat_gbm,1.0,45,475,-2.825534318008492,-3.25243582884057
v10,feat_gbm,1.0,45,476,0.6072744888207311,0.8737365575305754
v10,feat_gbm,1.0,45,477,-2.1184181768230697,-1.8373017486027088
v10,feat_gbm,1.0,45,478,-1.4872864704085227,-1.909749317133085
v10,feat_gbm,1.0,45,479,0.16915461454076344,0.418341725137149
v10,feat_gbm,1.0,45,480,-2.202770775637834,-2.8689304810445995
v10,feat_gbm,1.0,45,481,-4.556515196726183,-3.9192950012633494
v10,feat_gbm,1.0,45,482,0.5668365929067497,0.8191907452202399
v10,feat_gbm,1.0,45,483,-2.8040971133235337,-2.7371748494528005
v10,feat_gbm,1.0,45,484,0.09823791010621016,0.043868991079412875
v10,feat_gbm,1.0,45,485,-2.9765798433405415,-3.9571024828402512
v10,feat_gbm,1.0,45,486,-1.0540203760256053,-0.8286091055291892
v10,feat_gbm,1.0,45,487,1.4271737556124096,1.1086460137612473
v10,feat_gbm,1.0,45,488,-1.04493781505013,-1.0899995989348372
v10,feat_gbm,1.0,45,489,-2.7596007131029143,-2.9260181182274523
v10,feat_gbm,1.0,45,490,0.044539962924052344,0.01778898425240747
v10,feat_gbm,1.0,45,491,-0.4170439182698341,-0.388546054063584
v10,feat_gbm,1.0,45,492,-0.8172777823193469,-0.8483910406321095
v10,feat_gbm,1.0,45,493,-2.7322314991832153,-2.4855190663855797
v10,feat_gbm,1.0,45,494,-0.38191060668299615,-0.6027729178489412
v10,feat_gbm,1.0,45,495,-1.1511500304682047,-1.5285925057254015
v10,feat_gbm,1.0,45,496,0.4484403838004011,1.0092174422839322
v10,feat_gbm,1.0,45,497,-2.3544870114127048,-2.421052301727873
v10,feat_gbm,1.0,45,498,-3.0793922611292235,-3.2283141264699093
v10,feat_gbm,1.0,45,499,-3.827734175312317,-4.907212199848568
v10,feat_gbm,1.0,46,0,-0.1755131457745415,0.03894909458183669
v10,feat_gbm,1.0,46,1,-2.4338240439413696,-2.5052564746229193
v10,feat_gbm,1.0,46,2,0.3067803117798083,0.6287827851917782
v10,feat_gbm,1.0,46,3,-3.0491482623276354,-3.3447289283878643
v10,feat_gbm,1.0,46,4,1.0574961932943234,0.9694015026406426
v10,feat_gbm,1.0,46,5,-2.4328298838184863,-2.4693709778233526
v10,feat_gbm,1.0,46,6,0.09078374013683012,-0.2819211013310965
v10,feat_gbm,1.0,46,7,0.5086974572068538,0.5289578846490461
v10,feat_gbm,1.0,46,8,0.3729091830681546,0.032863622186365654
v10,feat_gbm,1.0,46,9,0.943736869216096,0.9352707853930591
v10,feat_gbm,1.0,46,10,-1.921572667846826,-1.5987558134683666
v10,feat_gbm,1.0,46,11,-2.8921338042026283,-3.2678706438993954
v10,feat_gbm,1.0,46,12,-2.0027605925703686,-2.445380546146449
v10,feat_gbm,1.0,46,13,-0.30299593235228184,-0.4471217519653716
v10,feat_gbm,1.0,46,14,-1.497001717313294,-1.8343062920535937
v10,feat_gbm,1.0,46,15,-2.627494515064174,-2.278287047942225
v10,feat_gbm,1.0,46,16,-1.06254459876823,-1.113015507562239
v10,feat_gbm,1.0,46,17,-1.0985060363795192,-1.149386040828735
v10,feat_gbm,1.0,46,18,-0.575634875284763,-0.4541092694382234
v10,feat_gbm,1.0,46,19,-2.983562837437642,-2.8798658660471284
v10,feat_gbm,1.0,46,20,-3.3795480781410765,-3.281006200299989
v10,feat_gbm,1.0,46,21,-0.5216794173280633,-0.7889402030111288
v10,feat_gbm,1.0,46,22,-1.0782041761599799,-0.48114593055133975
v10,feat_gbm,1.0,46,23,-2.5118813450112216,-2.8038114998165153
v10,feat_gbm,1.0,46,24,-2.576691085240525,-2.6726430450531393
v10,feat_gbm,1.0,46,25,-2.937817196177299,-3.141178249464176
v10,feat_gbm,1.0,46,26,-3.378427722304623,-3.8612362310489847
v10,feat_gbm,1.0,46,27,-2.709144244677734,-3.085821277369337
v10,feat_gbm,1.0,46,28,-1.9276853255107023,-2.1153791712035637
v10,feat_gbm,1.0,46,29,-1.4901773262815923,-0.5854112868629942
v10,feat_gbm,1.0,46,30,0.14969851243766397,0.13849791927417068
v10,feat_gbm,1.0,46,31,-3.1288276577716987,-2.779654184179668
v10,feat_gbm,1.0,46,32,1.0883707087746555,0.9166392391011026
v10,feat_gbm,1.0,46,33,-1.568080709401711,-2.134444297962007
v10,feat_gbm,1.0,46,34,0.6812637460088481,1.1224191581864646
v10,feat_gbm,1.0,46,35,-2.4067593383899877,-2.7514680837461087
v10,feat_gbm,1.0,46,36,0.6352811400155369,0.7493710802437775
v10,feat_gbm,1.0,46,37,-2.169129497217477,-2.157600461660938
v10,feat_gbm,1.0,46,38,-1.8119454936711283,-1.7436371170468024
v10,feat_gbm,1.0,46,39,0.6849442643618879,0.632388610685479
v10,feat_gbm,1.0,46,40,-1.1037912911624201,-1.5024753827969588
v10,feat_gbm,1.0,46,41,-3.023360097502791,-2.936018587066778
v10,feat_gbm,1.0,46,42,-0.1768675417851967,-0.06406961406287034
v10,feat_gbm,1.0,46,43,-0.3962832793560508,-0.43711075337934485
v10,feat_gbm,1.0,46,44,0.3174058752362736,0.521724778538647
v10,feat_gbm,1.0,46,45,0.5315571186617857,-0.02881562555915001
v10,feat_gbm,1.0,46,46,-2.9321742872885985,-2.6856700943784895
v10,feat_gbm,1.0,46,47,-3.5576283234060626,-3.3419513202228783
v10,feat_gbm,1.0,46,48,-0.3444796645930739,-0.35240032436669677
v10,feat_gbm,1.0,46,49,-3.3337368238528753,-4.466027560457086
v10,feat_gbm,1.0,46,50,-1.0723040261666756,-1.2227887404747313
v10,feat_gbm,1.0,46,51,-3.3287344963454966,-4.168130875201601
v10,feat_gbm,1.0,46,52,-2.8518620027113855,-2.1825653069440887
v10,feat_gbm,1.0,46,53,-3.1751773015913867,-2.816977102698189
v10,feat_gbm,1.0,46,54,-1.1223523163132347,-0.9520374156321785
v10,feat_gbm,1.0,46,55,0.6418425189409136,0.800460094219776
v10,feat_gbm,1.0,46,56,0.09333512816353648,0.2782562560211116
v10,feat_gbm,1.0,46,57,0.15361839847828052,-0.7855200046266205
v10,feat_gbm,1.0,46,58,-2.6543854511847096,-2.837973637743256
v10,feat_gbm,1.0,46,59,0.09435550380366198,0.3653424354755994
v10,feat_gbm,1.0,46,60,-3.271934499503497,-3.145987746693799
v10,feat_gbm,1.0,46,61,-2.246118027947681,-2.1381844357326614
v10,feat_gbm,1.0,46,62,0.9195246265744144,0.3908315550690521
v10,feat_gbm,1.0,46,63,-3.2764966436897347,-3.259739876316779
v10,feat_gbm,1.0,46,64,-3.91213197713092,-3.799325775609258
v10,feat_gbm,1.0,46,65,-0.5064868144888062,0.2842997557356093
v10,feat_gbm,1.0,46,66,0.43918947338340725,0.9099380077885143
v10,feat_gbm,1.0,46,67,0.28289069900193214,0.5741223235018287
v10,feat_gbm,1.0,46,68,1.037511171415226,1.3807263582335993
v10,feat_gbm,1.0,46,69,0.6786338373862739,2.7357387204405055
v10,feat_gbm,1.0,46,70,0.09930133590229906,-0.3782017485149665
v10,feat_gbm,1.0,46,71,-0.8504828248784249,-0.6946521973220513
v10,feat_gbm,1.0,46,72,-3.3745713410738083,-3.510295151868067
v10,feat_gbm,1.0,46,73,-0.16885932381046148,-0.3643686170400702
v10,feat_gbm,1.0,46,74,1.1943644122123442,1.1835884152793859
v10,feat_gbm,1.0,46,75,-0.015597092500678733,-0.38644824542838596
v10,feat_gbm,1.0,46,76,0.2069011170475064,0.7005004452467647
v10,feat_gbm,1.0,46,77,0.30547176210872923,0.3770911051312199
v10,feat_gbm,1.0,46,78,-0.3891818025330202,-0.5374783823521183
v10,feat_gbm,1.0,46,79,-2.7233263747658065,-3.2499450611549854
v10,feat_gbm,1.0,46,80,-1.8065902871699102,-1.719925172279684
v10,feat_gbm,1.0,46,81,0.9807645631960203,1.8185710395242058
v10,feat_gbm,1.0,46,82,-1.1180356716835718,-1.0758778979961314
v10,feat_gbm,1.0,46,83,-0.3340323967992342,-0.8033140510569362
v10,feat_gbm,1.0,46,84,-2.385385532462894,-2.0837035815006346
v10,feat_gbm,1.0,46,85,-0.9327981859151349,-1.2430797823904942
v10,feat_gbm,1.0,46,86,0.807278442135545,0.639317965424242
v10,feat_gbm,1.0,46,87,-0.35690270006409763,-0.02321591952008587
v10,feat_gbm,1.0,46,88,-3.3675448556446588,-3.512086916650174
v10,feat_gbm,1.0,46,89,-1.4953408582592411,-1.684363733317816
v10,feat_gbm,1.0,46,90,-3.678163374196751,-3.5341996208099964
v10,feat_gbm,1.0,46,91,0.9175283215980964,1.1574629997660548
v10,feat_gbm,1.0,46,92,-1.276089642758637,-0.7651863719989663
v10,feat_gbm,1.0,46,93,-4.556719751432635,-5.7708125015304885
v10,feat_gbm,1.0,46,94,0.010781099149993645,0.07374698385127064
v10,feat_gbm,1.0,46,95,0.19475198611688888,1.201566413592891
v10,feat_gbm,1.0,46,96,1.2663411046528357,1.2655480006709303
v10,feat_gbm,1.0,46,97,-3.432377822247842,-3.2217777708537843
v10,feat_gbm,1.0,46,98,-1.866188856582433,-1.2120387208328698
v10,feat_gbm,1.0,46,99,-0.47086501836453526,-0.04015373686183237
v10,feat_gbm,1.0,46,100,-2.534318337082442,-2.8384481914339785
v10,feat_gbm,1.0,46,101,-3.0892279150210884,-3.541068619782685
v10,feat_gbm,1.0,46,102,-4.087536118154237,-4.424727465058162
v10,feat_gbm,1.0,46,103,-0.7946411440606975,-0.7652009130347144
v10,feat_gbm,1.0,46,104,-0.9691171849444887,-0.406664655497914
v10,feat_gbm,1.0,46,105,-2.512701744852579,-2.8019031633754246
v10,feat_gbm,1.0,46,106,-1.1285975077315535,-1.1978192780958505
v10,feat_gbm,1.0,46,107,-1.2635642408359484,-1.2497822804421463
v10,feat_gbm,1.0,46,108,-0.06477985635886283,-0.2003702404752673
v10,feat_gbm,1.0,46,109,-0.5092310461929689,-0.28745536208379296
v10,feat_gbm,1.0,46,110,0.46280032205545857,0.2838469771831524
v10,feat_gbm,1.0,46,111,0.2520911514867689,0.6579850926301614
v10,feat_gbm,1.0,46,112,-0.3203431778959332,-0.4279263804064609
v10,feat_gbm,1.0,46,113,0.14898247439836199,0.527327823801956
v10,feat_gbm,1.0,46,114,-3.5988183545002563,-3.652947895428966
v10,feat_gbm,1.0,46,115,-1.074826578579051,-0.04287987221360797
v10,feat_gbm,1.0,46,116,-3.7192341838161735,-3.4409421360670214
v10,feat_gbm,1.0,46,117,-2.58883839481646,-2.4284095097884006
v10,feat_gbm,1.0,46,118,-1.7690044657679627,-1.419217075367618
v10,feat_gbm,1.0,46,119,-2.458616597637644,-1.4944271796191557
v10,feat_gbm,1.0,46,120,-2.9437630960141896,-2.797137626437216
v10,feat_gbm,1.0,46,121,0.7660089401653589,3.1321125804877905
v10,feat_gbm,1.0,46,122,-2.510546360729692,-3.164895556438051
v10,feat_gbm,1.0,46,123,0.3790971714440911,-0.021234684620174846
v10,feat_gbm,1.0,46,124,-1.7438602875534164,-1.246001114532972
v10,feat_gbm,1.0,46,125,-2.286229902951813,-2.7130193085566443
v10,feat_gbm,1.0,46,126,-2.0251954869628763,-2.0560780011130944
v10,feat_gbm,1.0,46,127,-1.5877559733276085,-1.631222331554067
v10,feat_gbm,1.0,46,128,-2.6526740517736385,-3.477307725783656
v10,feat_gbm,1.0,46,129,1.203089326871769,1.7007542891568868
v10,feat_gbm,1.0,46,130,-3.297989833985435,-3.4021624962570822
v10,feat_gbm,1.0,46,131,-3.3318031205220895,-3.701149444421242
v10,feat_gbm,1.0,46,132,-0.07439195115251036,-0.4116741376471012
v10,feat_gbm,1.0,46,133,-0.6832448284260063,-0.5680375850475197
v10,feat_gbm,1.0,46,134,-1.239769780211538,-1.4788189923590598
v10,feat_gbm,1.0,46,135,-2.6883007459374677,-2.9896549957503007
v10,feat_gbm,1.0,46,136,0.39804768237486055,0.11194117436713467
v10,feat_gbm,1.0,46,137,1.1196700888685223,1.7147062893715772
v10,feat_gbm,1.0,46,138,-2.043087503904116,-1.9709125209383296
v10,feat_gbm,1.0,46,139,0.08612951500145079,0.19937477723826902
v10,feat_gbm,1.0,46,140,-2.716940315633243,-2.8223726616431475
v10,feat_gbm,1.0,46,141,-0.2095875965144141,-0.12380828599000025
v10,feat_gbm,1.0,46,142,-3.0212524576147395,-2.97521232911642
v10,feat_gbm,1.0,46,143,-2.0674219773690177,-1.9484557479617686
v10,feat_gbm,1.0,46,144,1.0452176140633112,1.244093655886106
v10,feat_gbm,1.0,46,145,-2.190241313639449,-2.0280859266176816
v10,feat_gbm,1.0,46,146,-1.9132714800482664,-2.0754073031653366
v10,feat_gbm,1.0,46,147,0.1639036047540056,-0.11331641159387335
v10,feat_gbm,1.0,46,148,-2.029542413156499,-2.620298039600635
v10,feat_gbm,1.0,46,149,-3.0315313473563084,-3.8395532227602396
v10,feat_gbm,1.0,46,150,-1.842058727247576,-2.149698272240366
v10,feat_gbm,1.0,46,151,-2.8520251109102457,-3.1594376779318036
v10,feat_gbm,1.0,46,152,-2.458731891416727,-2.7712141114581046
v10,feat_gbm,1.0,46,153,-1.3731445721224564,-1.1483368403810985
v10,feat_gbm,1.0,46,154,-1.1363724979181238,-1.4700676700115773
v10,feat_gbm,1.0,46,155,0.7845270996525633,1.4088416749712322
v10,feat_gbm,1.0,46,156,0.5243667731822413,0.7564704220494097
v10,feat_gbm,1.0,46,157,-2.3185888775107526,-1.7148995557963913
v10,feat_gbm,1.0,46,158,-1.9252633894352922,-2.8595355115547196
v10,feat_gbm,1.0,46,159,-1.2174538177148515,-0.9922400520728849
v10,feat_gbm,1.0,46,160,2.0289780270901905,1.8585227307534937
v10,feat_gbm,1.0,46,161,-2.1274879355428555,-2.477654537850602
v10,feat_gbm,1.0,46,162,-2.6503142812401417,-2.993764039868935
v10,feat_gbm,1.0,46,163,-1.2450130131796329,-1.1722671160336509
v10,feat_gbm,1.0,46,164,-1.69360397999467,-1.6577576086204497
v10,feat_gbm,1.0,46,165,-2.529452297028401,-2.9770186999323642
v10,feat_gbm,1.0,46,166,-3.530092533871227,-3.2329952824425443
v10,feat_gbm,1.0,46,167,-0.3040887200748825,0.19550508612775644
v10,feat_gbm,1.0,46,168,-1.0584406969476132,-1.2639642813248737
v10,feat_gbm,1.0,46,169,1.121758646325651,1.4224064134580066
v10,feat_gbm,1.0,46,170,-2.3343335115672836,-1.5303724784706008
v10,feat_gbm,1.0,46,171,0.8031439590856135,0.6086346650572224
v10,feat_gbm,1.0,46,172,0.07337774640223195,-0.052232489626048526
v10,feat_gbm,1.0,46,173,-0.9508174555450055,-0.19074605880313256
v10,feat_gbm,1.0,46,174,-2.7320355652648156,-2.7678232596734214
v10,feat_gbm,1.0,46,175,-1.901671626753635,-1.6557092188829319
v10,feat_gbm,1.0,46,176,0.4801793957857997,0.12081831439914445
v10,feat_gbm,1.0,46,177,0.11667009781826042,3.7031714993021168
v10,feat_gbm,1.0,46,178,-0.3364257010036002,-0.17761292562564054
v10,feat_gbm,1.0,46,179,0.102694558959967,0.2295122735959306
v10,feat_gbm,1.0,46,180,-1.5193131021486974,-1.6401012725318311
v10,feat_gbm,1.0,46,181,-2.9234693526357605,-3.399461101549646
v10,feat_gbm,1.0,46,182,0.47736032781170135,0.5421608664871393
v10,feat_gbm,1.0,46,183,-3.9592137117497668,-3.7858185839721776
v10,feat_gbm,1.0,46,184,0.2814600370998234,0.4440956773301304
v10,feat_gbm,1.0,46,185,0.19882922370567055,0.5450962365111649
v10,feat_gbm,1.0,46,186,-3.065524623461706,-3.094441269353033
v10,feat_gbm,1.0,46,187,0.8092533623816018,1.436275522654785
v10,feat_gbm,1.0,46,188,-0.112881744815902,-0.003208414280501246
v10,feat_gbm,1.0,46,189,-2.089865984538382,-2.0766448721687736
v10,feat_gbm,1.0,46,190,-3.2416397110996633,-2.887011097372245
v10,feat_gbm,1.0,46,191,-0.2322445188560736,-0.19564387773269687
v10,feat_gbm,1.0,46,192,-3.2170453108298522,-3.39219136175158
v10,feat_gbm,1.0,46,193,-3.9249000743862883,-4.804455114758695
v10,feat_gbm,1.0,46,194,-0.14077775449497323,-0.23230879418151415
v10,feat_gbm,1.0,46,195,1.072067313037207,0.7768952289284052
v10,feat_gbm,1.0,46,196,-3.4714264335463163,-3.0758975731441707
v10,feat_gbm,1.0,46,197,1.4550402204784798,1.8852948766094535
v10,feat_gbm,1.0,46,198,0.05306120053875247,-0.07474663349946693
v10,feat_gbm,1.0,46,199,1.3513897370700747,0.9295509098669842
v10,feat_gbm,1.0,46,200,0.05226569705856569,0.40408761039079466
v10,feat_gbm,1.0,46,201,-0.9559734735838683,-1.0185563947000995
v10,feat_gbm,1.0,46,202,-1.1011868381688585,-1.5812541435625456
v10,feat_gbm,1.0,46,203,-1.9587785425918334,-2.9269603411540346
v10,feat_gbm,1.0,46,204,-0.20208096189052957,-0.9368237022381455
v10,feat_gbm,1.0,46,205,-0.6296233687623173,-0.771906247259438
v10,feat_gbm,1.0,46,206,-2.031700194323087,-1.4457766532498904
v10,feat_gbm,1.0,46,207,-2.484776998709569,-2.4752738768021185
v10,feat_gbm,1.0,46,208,-2.4851016956206857,-2.8789590131308262
v10,feat_gbm,1.0,46,209,-2.3013940601644114,-2.6986856152036793
v10,feat_gbm,1.0,46,210,0.012950715712032327,0.05837096406180189
v10,feat_gbm,1.0,46,211,-3.0246253595542107,-2.2327070274631113
v10,feat_gbm,1.0,46,212,-0.17795744140888908,0.15758807445032513
v10,feat_gbm,1.0,46,213,0.7117529816285391,0.5234750924970406
v10,feat_gbm,1.0,46,214,0.9023119812622816,0.8312555987922697
v10,feat_gbm,1.0,46,215,-1.0596281928979594,-0.7699972654610447
v10,feat_gbm,1.0,46,216,-2.4464143044451814,-2.4368834827463726
v10,feat_gbm,1.0,46,217,-3.2466195675573535,-3.7421886443248944
v10,feat_gbm,1.0,46,218,-3.813621098131572,-4.3753265313120195
v10,feat_gbm,1.0,46,219,0.16553327044716298,0.13181597567614448
v10,feat_gbm,1.0,46,220,-2.6972548170820483,-2.150299196146146
v10,feat_gbm,1.0,46,221,0.4791779516764328,0.4316281043505307
v10,feat_gbm,1.0,46,222,0.17286856275438417,0.20581216265343685
v10,feat_gbm,1.0,46,223,-2.119170578437952,-1.7226779576420432
v10,feat_gbm,1.0,46,224,1.1177317756708562,1.0701061526100661
v10,feat_gbm,1.0,46,225,-1.6545063934059443,-2.995983076644188
v10,feat_gbm,1.0,46,226,-0.2313115827558434,-0.39103048890459524
v10,feat_gbm,1.0,46,227,-2.2694447406294516,-2.811377433191803
v10,feat_gbm,1.0,46,228,-0.11507990319319572,0.1103569248772952
v10,feat_gbm,1.0,46,229,0.6758197037002512,1.0926797996732165
v10,feat_gbm,1.0,46,230,-1.2801282788987483,-1.1465469989616057
v10,feat_gbm,1.0,46,231,-3.529295950540732,-3.7045714701961474
v10,feat_gbm,1.0,46,232,-0.2710503578124006,-0.3205795311611984
v10,feat_gbm,1.0,46,233,-0.23832024101221685,-0.7282288274356463
v10,feat_gbm,1.0,46,234,-0.6238823450605473,-0.6143938277881194
v10,feat_gbm,1.0,46,235,-2.9262927131473395,-3.717493513170671
v10,feat_gbm,1.0,46,236,-2.2133852418200974,-1.894186438607053
v10,feat_gbm,1.0,46,237,-0.13165173410066558,0.19101892391720615
v10,feat_gbm,1.0,46,238,-2.255670876200535,-2.723653519266766
v10,feat_gbm,1.0,46,239,0.15541028690428788,0.28172679866345784
v10,feat_gbm,1.0,46,240,-0.7694558091378847,-0.570916259780521
v10,feat_gbm,1.0,46,241,-2.198317516077597,-3.037607674189957
v10,feat_gbm,1.0,46,242,-2.6113388632557437,-2.4824067099880884
v10,feat_gbm,1.0,46,243,1.0255100587013224,1.793244191067856
v10,feat_gbm,1.0,46,244,-2.165609219700827,-2.170563194223024
v10,feat_gbm,1.0,46,245,-2.4586750540556483,-2.5580286375581696
v10,feat_gbm,1.0,46,246,-2.7080055277897657,-3.9013363177662743
v10,feat_gbm,1.0,46,247,-1.5360905273094687,-1.2689211715035387
v10,feat_gbm,1.0,46,248,-2.609841419616542,-2.89795980370705
v10,feat_gbm,1.0,46,249,-0.9960945453930032,-1.149470325468549
v10,feat_gbm,1.0,46,250,-2.8107184238484733,-2.1803876537888693
v10,feat_gbm,1.0,46,251,-0.9845472209016372,-1.2010659028736028
v10,feat_gbm,1.0,46,252,-2.7901524611727604,-2.675840590612525
v10,feat_gbm,1.0,46,253,-0.6808971704819728,-0.865421424414132
v10,feat_gbm,1.0,46,254,-0.1622217465370711,-0.45089388998719687
v10,feat_gbm,1.0,46,255,-1.4296104605912272,-1.477655138121315
v10,feat_gbm,1.0,46,256,-2.017877439585359,-1.9234128661936198
v10,feat_gbm,1.0,46,257,-0.5310268848093794,-0.8895479413744646
v10,feat_gbm,1.0,46,258,-1.2384209349082167,-1.284701881398344
v10,feat_gbm,1.0,46,259,-0.339709040530166,0.03791276039075724
v10,feat_gbm,1.0,46,260,-1.0366316439164474,-1.213907680807544
v10,feat_gbm,1.0,46,261,-0.5071207158916871,-0.6937064881158975
v10,feat_gbm,1.0,46,262,-2.300278652661369,-2.500344974429108
v10,feat_gbm,1.0,46,263,-3.3655456693283794,-3.0782877743164985
v10,feat_gbm,1.0,46,264,-2.8885944563449786,-3.2702790535172426
v10,feat_gbm,1.0,46,265,-0.25509541164160304,-0.15746453031192983
v10,feat_gbm,1.0,46,266,-1.3411365454510207,-1.3930653126164372
v10,feat_gbm,1.0,46,267,-4.193771909463193,-3.460520174484755
v10,feat_gbm,1.0,46,268,-1.8150182611455943,-1.8115923421665279
v10,feat_gbm,1.0,46,269,0.2569799415324115,-0.04785951915829837
v10,feat_gbm,1.0,46,270,-1.1450515155540208,-1.3387838926701625
v10,feat_gbm,1.0,46,271,0.7734562656793497,0.6172482925771328
v10,feat_gbm,1.0,46,272,0.06953418801837927,0.10718580269537517
v10,feat_gbm,1.0,46,273,-2.626569681193746,-2.4250613993713395
v10,feat_gbm,1.0,46,274,0.08806645320142303,-0.4656136934058211
v10,feat_gbm,1.0,46,275,-1.977162894795008,-1.7679071058666047
v10,feat_gbm,1.0,46,276,-0.06757846073028803,-0.15192249005847586
v10,feat_gbm,1.0,46,277,-0.3452549540239554,-0.22686658439221394
v10,feat_gbm,1.0,46,278,-0.3255676199893785,-0.3963273628232521
v10,feat_gbm,1.0,46,279,-2.5196629921978437,-2.1916982233579314
v10,feat_gbm,1.0,46,280,0.5419144325224983,0.5138857123822332
v10,feat_gbm,1.0,46,281,0.5201905275495914,0.13501120436460418
v10,feat_gbm,1.0,46,282,0.02819435943979232,-0.35232291748203215
v10,feat_gbm,1.0,46,283,0.30407320198064336,0.33710059568630363
v10,feat_gbm,1.0,46,284,1.1635275860216676,2.2269494594330284
v10,feat_gbm,1.0,46,285,-0.4901145804050923,-0.8523290277873723
v10,feat_gbm,1.0,46,286,0.3013362874481054,0.5032694866056324
v10,feat_gbm,1.0,46,287,-3.8349367477321517,-3.0734310124071125
v10,feat_gbm,1.0,46,288,-2.983441707671088,-3.0969464995649485
v10,feat_gbm,1.0,46,289,0.41884406187349443,0.8088909840914691
v10,feat_gbm,1.0,46,290,-2.1041447487991203,-1.710735902712342
v10,feat_gbm,1.0,46,291,0.0028353897804083215,-0.24588513525180683
v10,feat_gbm,1.0,46,292,-2.9398991154960004,-2.9910915714149957
v10,feat_gbm,1.0,46,293,-0.028297021227465725,0.24397961438558982
v10,feat_gbm,1.0,46,294,0.4208054224441118,0.9827222917401395
v10,feat_gbm,1.0,46,295,0.916958972772994,1.5399914318848642
v10,feat_gbm,1.0,46,296,-2.7038687451731076,-3.028104854063688
v10,feat_gbm,1.0,46,297,-1.783391878433543,-1.9675880903276046
v10,feat_gbm,1.0,46,298,0.5299477387022496,0.3882116190950413
v10,feat_gbm,1.0,46,299,-0.6101238285449788,-0.4169590587595381
v10,feat_gbm,1.0,46,300,-0.5295646417024553,-0.47104701624968015
v10,feat_gbm,1.0,46,301,-0.5446588645809811,-0.5788171023402015
v10,feat_gbm,1.0,46,302,-3.5676817575205533,-3.325334912618423
v10,feat_gbm,1.0,46,303,0.024387269763302067,0.27214776974989446
v10,feat_gbm,1.0,46,304,0.048983455184965115,0.2838761456734127
v10,feat_gbm,1.0,46,305,0.6476313797526042,0.98356576927226
v10,feat_gbm,1.0,46,306,-1.730622191834264,-2.324804251846344
v10,feat_gbm,1.0,46,307,-0.09826785895108202,-0.30060412365222405
v10,feat_gbm,1.0,46,308,-3.9329529470435447,-3.5706943269006843
v10,feat_gbm,1.0,46,309,0.19622708969698716,0.7657986236992217
v10,feat_gbm,1.0,46,310,-0.8573587196534855,-0.3760212383278314
v10,feat_gbm,1.0,46,311,0.9883432188419504,0.903367601886353
v10,feat_gbm,1.0,46,312,0.6856127193821098,0.2834145554969618
v10,feat_gbm,1.0,46,313,-0.647816314724261,-0.8750381269167363
v10,feat_gbm,1.0,46,314,-1.6802374572213625,-0.8911054934067958
v10,feat_gbm,1.0,46,315,0.1514158992667469,0.2699623908229132
v10,feat_gbm,1.0,46,316,-3.7205157334927494,-4.034449774534175
v10,feat_gbm,1.0,46,317,0.12407817686422423,0.7302045063515665
v10,feat_gbm,1.0,46,318,-2.100312074883974,-2.5264159394565007
v10,feat_gbm,1.0,46,319,-2.9640453348312046,-3.1280680478747835
v10,feat_gbm,1.0,46,320,0.0377457434739807,-0.623194388118803
v10,feat_gbm,1.0,46,321,-4.008069614211642,-4.172922463867305
v10,feat_gbm,1.0,46,322,0.9912695148831221,1.0714029341973417
v10,feat_gbm,1.0,46,323,-2.5682869790053133,-2.5538050374755565
v10,feat_gbm,1.0,46,324,-1.6082468317285978,-1.5310020975326282
v10,feat_gbm,1.0,46,325,-0.46272209519972124,-0.735749980772127
v10,feat_gbm,1.0,46,326,-0.9620493889706176,-0.5010306012352705
v10,feat_gbm,1.0,46,327,-4.0027734717443435,-4.393123087746285
v10,feat_gbm,1.0,46,328,0.6823386699868249,0.6439364857563509
v10,feat_gbm,1.0,46,329,-3.2183726146931324,-2.60760252445046
v10,feat_gbm,1.0,46,330,0.5550774929475737,0.46983427811083467
v10,feat_gbm,1.0,46,331,-1.0079492541011816,-1.149354435920189
v10,feat_gbm,1.0,46,332,-2.1686039336771845,-1.0961264399974935
v10,feat_gbm,1.0,46,333,0.9859007797792076,1.4253561556633074
v10,feat_gbm,1.0,46,334,1.0454498183765166,1.0406546288822482
v10,feat_gbm,1.0,46,335,-0.7420658321590164,-0.1286217558512718
v10,feat_gbm,1.0,46,336,-1.5831438991718425,-1.7275974260064488
v10,feat_gbm,1.0,46,337,-3.091104547097291,-4.535227665039715
v10,feat_gbm,1.0,46,338,-0.13501836062807374,-1.078833843619319
v10,feat_gbm,1.0,46,339,-1.7355982116432798,-2.035297396751524
v10,feat_gbm,1.0,46,340,0.37725161617270486,0.4788286932125707
v10,feat_gbm,1.0,46,341,-0.9173446531530114,-0.4595082096564039
v10,feat_gbm,1.0,46,342,-3.730955061033605,-3.653430804591794
v10,feat_gbm,1.0,46,343,0.29298578715733414,0.2834522663037432
v10,feat_gbm,1.0,46,344,0.08276909054520176,-0.15984972455285287
v10,feat_gbm,1.0,46,345,-2.456805216608597,-3.8822970119574354
v10,feat_gbm,1.0,46,346,-2.6185182092939647,-2.5801989990218064
v10,feat_gbm,1.0,46,347,-3.4951980336965405,-3.2622630695286134
v10,feat_gbm,1.0,46,348,-0.8154451923674959,-0.4894561152880944
v10,feat_gbm,1.0,46,349,-4.0117701530619145,-3.0223552414624764
v10,feat_gbm,1.0,46,350,0.648584616743944,0.4215072765335228
v10,feat_gbm,1.0,46,351,-2.3635288480438224,-1.8152752103400673
v10,feat_gbm,1.0,46,352,0.9852939133557385,1.102263670511441
v10,feat_gbm,1.0,46,353,1.0999887773865158,1.4454852001466738
v10,feat_gbm,1.0,46,354,-3.2307873791670625,-3.6770060333191017
v10,feat_gbm,1.0,46,355,-3.269841032435418,-5.078652858832153
v10,feat_gbm,1.0,46,356,0.3112684365132841,0.7815322159665122
v10,feat_gbm,1.0,46,357,0.44106385452565067,0.6775133790495483
v10,feat_gbm,1.0,46,358,-3.514160419860945,-3.5163570325540956
v10,feat_gbm,1.0,46,359,-3.004236136063054,-4.157760523739404
v10,feat_gbm,1.0,46,360,-0.39688086339167294,-0.18386357284099003
v10,feat_gbm,1.0,46,361,-3.7397729609277017,-4.477383009144865
v10,feat_gbm,1.0,46,362,-0.0832498292236565,0.2909126951240761
v10,feat_gbm,1.0,46,363,-3.384647105805071,-3.5121531596302606
v10,feat_gbm,1.0,46,364,0.10548283712288388,-0.0019354464452207268
v10,feat_gbm,1.0,46,365,-3.0254551266147094,-3.264666087597375
v10,feat_gbm,1.0,46,366,-1.184364752153054,-1.4961090632143375
v10,feat_gbm,1.0,46,367,-0.2054877774703085,-0.10305907560987346
v10,feat_gbm,1.0,46,368,-0.044386928178342666,0.24601275195113992
v10,feat_gbm,1.0,46,369,-1.8671350169001262,-1.6400355118163064
v10,feat_gbm,1.0,46,370,-1.3077648184812893,-1.5399226532969161
v10,feat_gbm,1.0,46,371,-0.2596518992492048,-0.3336387161155974
v10,feat_gbm,1.0,46,372,0.23848131877958567,0.3185760540422761
v10,feat_gbm,1.0,46,373,-0.42422983973366646,-0.30756424411789
v10,feat_gbm,1.0,46,374,-3.7484391192997055,-3.551435429619069
v10,feat_gbm,1.0,46,375,0.38882974423984284,-0.12846918127015178
v10,feat_gbm,1.0,46,376,0.6615330839505411,0.43413099611324796
v10,feat_gbm,1.0,46,377,0.4733631905039041,0.8095384731463161
v10,feat_gbm,1.0,46,378,0.042487422314909665,0.20303525329731625
v10,feat_gbm,1.0,46,379,0.42945583461486775,0.524784145223057
v10,feat_gbm,1.0,46,380,0.1785570517577606,0.8722609808312535
v10,feat_gbm,1.0,46,381,0.6648435344171401,1.0190202163897197
v10,feat_gbm,1.0,46,382,0.3526663976169237,1.2715191268303472
v10,feat_gbm,1.0,46,383,-0.05226331828638299,-0.13923746667536385
v10,feat_gbm,1.0,46,384,-1.379907678605913,-1.7983983483294153
v10,feat_gbm,1.0,46,385,0.12193232018850751,0.5606037150840157
v10,feat_gbm,1.0,46,386,0.5970716166229774,0.6003456151224621
v10,feat_gbm,1.0,46,387,0.7380502388335999,1.3071718981356573
v10,feat_gbm,1.0,46,388,-0.10032644638396351,-0.19457283568776126
v10,feat_gbm,1.0,46,389,-1.6821463977257323,-0.981880356960367
v10,feat_gbm,1.0,46,390,-3.4483687215013723,-2.628024059072158
v10,feat_gbm,1.0,46,391,-2.721984160975551,-2.479262758098376
v10,feat_gbm,1.0,46,392,-1.9166366539159605,-2.207941629114672
v10,feat_gbm,1.0,46,393,-2.955008120414962,-2.806586620215901
v10,feat_gbm,1.0,46,394,0.0408052101205263,-0.16842623590390868
v10,feat_gbm,1.0,46,395,0.4678550742495673,0.3596423409999632
v10,feat_gbm,1.0,46,396,-1.9800999035856495,-3.117667066362407
v10,feat_gbm,1.0,46,397,1.0364606336371565,0.6134086288650079
v10,feat_gbm,1.0,46,398,0.4369560659665642,0.5049020087080688
v10,feat_gbm,1.0,46,399,-1.2569173118112567,-1.0548605918119196
v10,feat_gbm,1.0,46,400,-2.73112096372313,-2.877676775828332
v10,feat_gbm,1.0,46,401,0.16136856473400316,0.015654415635624343
v10,feat_gbm,1.0,46,402,-0.7492158359881644,-0.7027824676465185
v10,feat_gbm,1.0,46,403,0.41680705631080645,0.6733427913489138
v10,feat_gbm,1.0,46,404,0.1900050836791568,0.03259550049258387
v10,feat_gbm,1.0,46,405,-3.406133926593251,-3.4179416205706223
v10,feat_gbm,1.0,46,406,-1.3937299408261283,-1.6563158072976616
v10,feat_gbm,1.0,46,407,0.1491498509794167,0.3281041495218151
v10,feat_gbm,1.0,46,408,-1.8204279263703977,-1.498502430121411
v10,feat_gbm,1.0,46,409,-1.4782357765195056,-1.5390850133499359
v10,feat_gbm,1.0,46,410,-2.4680863571169946,-3.8769914364338094
v10,feat_gbm,1.0,46,411,-1.4822262835196627,-1.1093409530974205
v10,feat_gbm,1.0,46,412,-2.322487628521021,-2.1356441225652167
v10,feat_gbm,1.0,46,413,0.3387380637374326,0.5613925387002681
v10,feat_gbm,1.0,46,414,-2.344309375017227,-2.672303525149137
v10,feat_gbm,1.0,46,415,0.9467461472431692,0.9887747910888531
v10,feat_gbm,1.0,46,416,-1.79803630276348,-2.064740642123073
v10,feat_gbm,1.0,46,417,-0.8021379335126153,-0.13534283366780814
v10,feat_gbm,1.0,46,418,0.21001923189097704,0.5266566940316069
v10,feat_gbm,1.0,46,419,-0.6164651313299725,-0.7929716308762645
v10,feat_gbm,1.0,46,420,-0.02882704077369561,0.22081989653443584
v10,feat_gbm,1.0,46,421,-3.66344312927659,-3.4911396429773087
v10,feat_gbm,1.0,46,422,0.050851429494074916,0.4691563032653497
v10,feat_gbm,1.0,46,423,0.007666577484597078,-0.21242164749251408
v10,feat_gbm,1.0,46,424,-2.322039879236167,-2.0235730224261497
v10,feat_gbm,1.0,46,425,-0.08876577457548972,0.1881042769243711
v10,feat_gbm,1.0,46,426,-1.1351607190786017,-0.7546830882020855
v10,feat_gbm,1.0,46,427,-2.189264772416513,-2.004418163271322
v10,feat_gbm,1.0,46,428,0.13468254998367804,0.08108350485015015
v10,feat_gbm,1.0,46,429,-1.295788465140277,-0.8958783842144782
v10,feat_gbm,1.0,46,430,-0.2975591489021947,-0.700178367515834
v10,feat_gbm,1.0,46,431,-2.18107001893029,-2.026447754843476
v10,feat_gbm,1.0,46,432,-2.8921703223969155,-3.3644112924118934
v10,feat_gbm,1.0,46,433,-1.9148732499202767,-2.4777804975332844
v10,feat_gbm,1.0,46,434,-3.436297227404648,-3.6407879329147783
v10,feat_gbm,1.0,46,435,0.4077487063282343,0.8140524350977956
v10,feat_gbm,1.0,46,436,-0.3257639572455965,-0.6342245759550225
v10,feat_gbm,1.0,46,437,-1.4441718579444227,-1.0170271575608654
v10,feat_gbm,1.0,46,438,0.7887232344566149,1.2058566336630974
v10,feat_gbm,1.0,46,439,0.9225454872437296,1.04159183954478
v10,feat_gbm,1.0,46,440,-1.1531529831499339,-0.383754051292973
v10,feat_gbm,1.0,46,441,1.0331270062818676,0.9717849563735496
v10,feat_gbm,1.0,46,442,0.781564608085053,0.915394257773604
v10,feat_gbm,1.0,46,443,0.0722002247537663,0.17619398118278368
v10,feat_gbm,1.0,46,444,-2.617193133487783,-2.3026142847949007
v10,feat_gbm,1.0,46,445,-1.2474262875256132,-2.156995715227189
v10,feat_gbm,1.0,46,446,-2.236353658061951,-1.9647154613855007
v10,feat_gbm,1.0,46,447,-1.147730621619298,-1.2167428909736953
v10,feat_gbm,1.0,46,448,-0.30516866101442947,0.371748058948411
v10,feat_gbm,1.0,46,449,-3.6238630571439296,-3.354914600670279
v10,feat_gbm,1.0,46,450,-2.383981398845766,-2.0984010901330774
v10,feat_gbm,1.0,46,451,-1.744742532101608,-1.8411195968283314
v10,feat_gbm,1.0,46,452,0.016139525610464833,-0.2866386615093297
v10,feat_gbm,1.0,46,453,-1.5681139545843805,-2.1769502099219324
v10,feat_gbm,1.0,46,454,-0.08572194282931925,0.851829112076475
v10,feat_gbm,1.0,46,455,0.3995311997227991,-0.5174982843777256
v10,feat_gbm,1.0,46,456,-2.7879087981000756,-3.7883351795095335
v10,feat_gbm,1.0,46,457,-1.1843038204770948,-1.3225504843777425
v10,feat_gbm,1.0,46,458,-0.5370770959393621,-0.6304710111145473
v10,feat_gbm,1.0,46,459,-3.291967219203926,-2.867776928577639
v10,feat_gbm,1.0,46,460,-0.629159136340463,-0.20106453453544149
v10,feat_gbm,1.0,46,461,0.36520280705047303,0.565413433251147
v10,feat_gbm,1.0,46,462,0.23031445852409616,0.6531860801292728
v10,feat_gbm,1.0,46,463,-3.1599595070934874,-3.295531334571209
v10,feat_gbm,1.0,46,464,-1.1880644229199084,-1.118951529136503
v10,feat_gbm,1.0,46,465,0.004102327514292202,0.08535922256033004
v10,feat_gbm,1.0,46,466,-0.27291008191573635,0.2656879386171551
v10,feat_gbm,1.0,46,467,-0.9587750322327542,-1.0764680911985907
v10,feat_gbm,1.0,46,468,0.981400464728506,2.2503813782282114
v10,feat_gbm,1.0,46,469,0.04342391054028969,-0.029700274932011248
v10,feat_gbm,1.0,46,470,-2.4672697479658696,-2.1918010579584375
v10,feat_gbm,1.0,46,471,0.0804530035933225,-0.12537364897776127
v10,feat_gbm,1.0,46,472,-1.6392967190989205,-1.3714574409892777
v10,feat_gbm,1.0,46,473,-2.1027373035271073,-1.0216450817816245
v10,feat_gbm,1.0,46,474,-0.8865282676666336,-0.8313233833759152
v10,feat_gbm,1.0,46,475,-3.027072366923329,-3.25243582884057
v10,feat_gbm,1.0,46,476,0.4997771324822314,0.8737365575305754
v10,feat_gbm,1.0,46,477,-2.1017390231554067,-1.8373017486027088
v10,feat_gbm,1.0,46,478,-1.346952153557576,-1.909749317133085
v10,feat_gbm,1.0,46,479,0.29121048851019016,0.418341725137149
v10,feat_gbm,1.0,46,480,-2.5205359896824793,-2.8689304810445995
v10,feat_gbm,1.0,46,481,-4.457967441689261,-3.9192950012633494
v10,feat_gbm,1.0,46,482,0.5113968705818802,0.8191907452202399
v10,feat_gbm,1.0,46,483,-2.9986154018165196,-2.7371748494528005
v10,feat_gbm,1.0,46,484,0.04767736991183358,0.043868991079412875
v10,feat_gbm,1.0,46,485,-2.942254432401628,-3.9571024828402512
v10,feat_gbm,1.0,46,486,-0.9585918467965429,-0.8286091055291892
v10,feat_gbm,1.0,46,487,1.4189000327169048,1.1086460137612473
v10,feat_gbm,1.0,46,488,-0.9731693314908565,-1.0899995989348372
v10,feat_gbm,1.0,46,489,-2.789045719450003,-2.9260181182274523
v10,feat_gbm,1.0,46,490,-0.029944264705723964,0.01778898425240747
v10,feat_gbm,1.0,46,491,-0.342756986160439,-0.388546054063584
v10,feat_gbm,1.0,46,492,-0.8764937120733853,-0.8483910406321095
v10,feat_gbm,1.0,46,493,-2.710667457076685,-2.4855190663855797
v10,feat_gbm,1.0,46,494,-0.17306371533291662,-0.6027729178489412
v10,feat_gbm,1.0,46,495,-1.3526515301663862,-1.5285925057254015
v10,feat_gbm,1.0,46,496,0.5421125298313201,1.0092174422839322
v10,feat_gbm,1.0,46,497,-2.289809048875516,-2.421052301727873
v10,feat_gbm,1.0,46,498,-3.1740046561783632,-3.2283141264699093
v10,feat_gbm,1.0,46,499,-3.7900539741130927,-4.907212199848568
v10,feat_gbm,2.0,42,0,0.004276373632016252,0.03894909458183669
v10,feat_gbm,2.0,42,1,-2.26331494270697,-2.5052564746229193
v10,feat_gbm,2.0,42,2,0.14737855568701444,0.6287827851917782
v10,feat_gbm,2.0,42,3,-2.594906802354368,-3.3447289283878643
v10,feat_gbm,2.0,42,4,1.193434962167711,0.9694015026406426
v10,feat_gbm,2.0,42,5,-2.223435863611789,-2.4693709778233526
v10,feat_gbm,2.0,42,6,0.08580010050044197,-0.2819211013310965
v10,feat_gbm,2.0,42,7,0.304112275905638,0.5289578846490461
v10,feat_gbm,2.0,42,8,0.14206081260195216,0.032863622186365654
v10,feat_gbm,2.0,42,9,0.5783343039198217,0.9352707853930591
v10,feat_gbm,2.0,42,10,-1.5413008375962258,-1.5987558134683666
v10,feat_gbm,2.0,42,11,-2.5657055569048963,-3.2678706438993954
v10,feat_gbm,2.0,42,12,-1.485566546519969,-2.445380546146449
v10,feat_gbm,2.0,42,13,-0.6349917752394418,-0.4471217519653716
v10,feat_gbm,2.0,42,14,-1.0366044564735049,-1.8343062920535937
v10,feat_gbm,2.0,42,15,-2.8375054197661442,-2.278287047942225
v10,feat_gbm,2.0,42,16,-0.6568762253028483,-1.113015507562239
v10,feat_gbm,2.0,42,17,-0.6811039556150269,-1.149386040828735
v10,feat_gbm,2.0,42,18,-0.4703823232896044,-0.4541092694382234
v10,feat_gbm,2.0,42,19,-2.647754988663517,-2.8798658660471284
v10,feat_gbm,2.0,42,20,-3.228274267305584,-3.281006200299989
v10,feat_gbm,2.0,42,21,-0.5857725000486499,-0.7889402030111288
v10,feat_gbm,2.0,42,22,-1.598018356885619,-0.48114593055133975
v10,feat_gbm,2.0,42,23,-2.105186832045685,-2.8038114998165153
v10,feat_gbm,2.0,42,24,-1.95911745655913,-2.6726430450531393
v10,feat_gbm,2.0,42,25,-3.5074562372901417,-3.141178249464176
v10,feat_gbm,2.0,42,26,-3.3300189232657758,-3.8612362310489847
v10,feat_gbm,2.0,42,27,-2.5374257446881163,-3.085821277369337
v10,feat_gbm,2.0,42,28,-1.9059477330493886,-2.1153791712035637
v10,feat_gbm,2.0,42,29,-1.431604834990333,-0.5854112868629942
v10,feat_gbm,2.0,42,30,0.2800325910340461,0.13849791927417068
v10,feat_gbm,2.0,42,31,-2.988385089324582,-2.779654184179668
v10,feat_gbm,2.0,42,32,0.8976474294593517,0.9166392391011026
v10,feat_gbm,2.0,42,33,-1.9289131938419837,-2.134444297962007
v10,feat_gbm,2.0,42,34,0.3900220714037144,1.1224191581864646
v10,feat_gbm,2.0,42,35,-1.5714672121600888,-2.7514680837461087
v10,feat_gbm,2.0,42,36,-0.30524726322288814,0.7493710802437775
v10,feat_gbm,2.0,42,37,-2.2733807017042245,-2.157600461660938
v10,feat_gbm,2.0,42,38,-1.8766801639314428,-1.7436371170468024
v10,feat_gbm,2.0,42,39,0.6946134548711284,0.632388610685479
v10,feat_gbm,2.0,42,40,-0.9078092991230178,-1.5024753827969588
v10,feat_gbm,2.0,42,41,-2.8697275486969644,-2.936018587066778
v10,feat_gbm,2.0,42,42,-0.4504697690772468,-0.06406961406287034
v10,feat_gbm,2.0,42,43,-0.4970283649306657,-0.43711075337934485
v10,feat_gbm,2.0,42,44,0.4731474523589919,0.521724778538647
v10,feat_gbm,2.0,42,45,0.35536122050620683,-0.02881562555915001
v10,feat_gbm,2.0,42,46,-2.9925866954270917,-2.6856700943784895
v10,feat_gbm,2.0,42,47,-3.3102612234120734,-3.3419513202228783
v10,feat_gbm,2.0,42,48,-0.20457517405658238,-0.35240032436669677
v10,feat_gbm,2.0,42,49,-2.9045155672672887,-4.466027560457086
v10,feat_gbm,2.0,42,50,-1.16552618498363,-1.2227887404747313
v10,feat_gbm,2.0,42,51,-2.86259094949595,-4.168130875201601
v10,feat_gbm,2.0,42,52,-2.7540352878857655,-2.1825653069440887
v10,feat_gbm,2.0,42,53,-3.06106563204033,-2.816977102698189
v10,feat_gbm,2.0,42,54,-0.8709089286998648,-0.9520374156321785
v10,feat_gbm,2.0,42,55,0.7361317273938894,0.800460094219776
v10,feat_gbm,2.0,42,56,0.26167322892474865,0.2782562560211116
v10,feat_gbm,2.0,42,57,-0.16048721536429897,-0.7855200046266205
v10,feat_gbm,2.0,42,58,-2.4744251625173392,-2.837973637743256
v10,feat_gbm,2.0,42,59,0.5322123807162326,0.3653424354755994
v10,feat_gbm,2.0,42,60,-3.642431301354878,-3.145987746693799
v10,feat_gbm,2.0,42,61,-1.5307969418616918,-2.1381844357326614
v10,feat_gbm,2.0,42,62,0.4305121538478017,0.3908315550690521
v10,feat_gbm,2.0,42,63,-2.8627701411588764,-3.259739876316779
v10,feat_gbm,2.0,42,64,-3.8323092783324206,-3.799325775609258
v10,feat_gbm,2.0,42,65,-0.4901941573095894,0.2842997557356093
v10,feat_gbm,2.0,42,66,0.2113522482485604,0.9099380077885143
v10,feat_gbm,2.0,42,67,0.22392471942547096,0.5741223235018287
v10,feat_gbm,2.0,42,68,1.2484039181747495,1.3807263582335993
v10,feat_gbm,2.0,42,69,0.29012038890321246,2.7357387204405055
v10,feat_gbm,2.0,42,70,-0.13504233116591016,-0.3782017485149665
v10,feat_gbm,2.0,42,71,-0.5951842149004402,-0.6946521973220513
v10,feat_gbm,2.0,42,72,-3.1109353606842283,-3.510295151868067
v10,feat_gbm,2.0,42,73,-0.3092917750823643,-0.3643686170400702
v10,feat_gbm,2.0,42,74,1.3151156059992049,1.1835884152793859
v10,feat_gbm,2.0,42,75,-0.04741887192918518,-0.38644824542838596
v10,feat_gbm,2.0,42,76,-0.06769792323374217,0.7005004452467647
v10,feat_gbm,2.0,42,77,-0.07173138768568157,0.3770911051312199
v10,feat_gbm,2.0,42,78,-0.24229742670184892,-0.5374783823521183
v10,feat_gbm,2.0,42,79,-2.7052301034285726,-3.2499450611549854
v10,feat_gbm,2.0,42,80,-2.385826189069163,-1.719925172279684
v10,feat_gbm,2.0,42,81,0.13740660989239828,1.8185710395242058
v10,feat_gbm,2.0,42,82,-1.5177594265471295,-1.0758778979961314
v10,feat_gbm,2.0,42,83,0.0838825918222392,-0.8033140510569362
v10,feat_gbm,2.0,42,84,-1.9691562701471395,-2.0837035815006346
v10,feat_gbm,2.0,42,85,-1.489191535759227,-1.2430797823904942
v10,feat_gbm,2.0,42,86,0.11695373403635442,0.639317965424242
v10,feat_gbm,2.0,42,87,-0.42530834967210834,-0.02321591952008587
v10,feat_gbm,2.0,42,88,-2.819406240711797,-3.512086916650174
v10,feat_gbm,2.0,42,89,-1.113254858990314,-1.684363733317816
v10,feat_gbm,2.0,42,90,-3.6259135688380444,-3.5341996208099964
v10,feat_gbm,2.0,42,91,0.6641152617964876,1.1574629997660548
v10,feat_gbm,2.0,42,92,-1.270318251368699,-0.7651863719989663
v10,feat_gbm,2.0,42,93,-4.207553668931231,-5.7708125015304885
v10,feat_gbm,2.0,42,94,0.14996098096973817,0.07374698385127064
v10,feat_gbm,2.0,42,95,-0.25237613023701644,1.201566413592891
v10,feat_gbm,2.0,42,96,0.571374580983278,1.2655480006709303
v10,feat_gbm,2.0,42,97,-3.460101697071088,-3.2217777708537843
v10,feat_gbm,2.0,42,98,-2.42062952663767,-1.2120387208328698
v10,feat_gbm,2.0,42,99,-0.24146215351146505,-0.04015373686183237
v10,feat_gbm,2.0,42,100,-2.5742485425986987,-2.8384481914339785
v10,feat_gbm,2.0,42,101,-2.7747854735371686,-3.541068619782685
v10,feat_gbm,2.0,42,102,-4.000286918744047,-4.424727465058162
v10,feat_gbm,2.0,42,103,-0.9580418795188447,-0.7652009130347144
v10,feat_gbm,2.0,42,104,-0.9555000074634347,-0.406664655497914
v10,feat_gbm,2.0,42,105,-2.4860508386419466,-2.8019031633754246
v10,feat_gbm,2.0,42,106,-1.5329025589437733,-1.1978192780958505
v10,feat_gbm,2.0,42,107,-1.4862332470021347,-1.2497822804421463
v10,feat_gbm,2.0,42,108,-0.06476198679230159,-0.2003702404752673
v10,feat_gbm,2.0,42,109,-0.7034548848149539,-0.28745536208379296
v10,feat_gbm,2.0,42,110,-0.06360112020229769,0.2838469771831524
v10,feat_gbm,2.0,42,111,0.015771143541532185,0.6579850926301614
v10,feat_gbm,2.0,42,112,0.051089794061238106,-0.4279263804064609
v10,feat_gbm,2.0,42,113,0.13728716323348789,0.527327823801956
v10,feat_gbm,2.0,42,114,-3.434484599308708,-3.652947895428966
v10,feat_gbm,2.0,42,115,-1.1906252235409178,-0.04287987221360797
v10,feat_gbm,2.0,42,116,-3.524563862753514,-3.4409421360670214
v10,feat_gbm,2.0,42,117,-2.1595964563591403,-2.4284095097884006
v10,feat_gbm,2.0,42,118,-2.2361318892538575,-1.419217075367618
v10,feat_gbm,2.0,42,119,-2.7514511527446954,-1.4944271796191557
v10,feat_gbm,2.0,42,120,-2.8741592116531294,-2.797137626437216
v10,feat_gbm,2.0,42,121,0.572016407940736,3.1321125804877905
v10,feat_gbm,2.0,42,122,-2.5470720063721464,-3.164895556438051
v10,feat_gbm,2.0,42,123,-0.15695726493189996,-0.021234684620174846
v10,feat_gbm,2.0,42,124,-1.4202762717182624,-1.246001114532972
v10,feat_gbm,2.0,42,125,-2.434672252306927,-2.7130193085566443
v10,feat_gbm,2.0,42,126,-2.3358544042477627,-2.0560780011130944
v10,feat_gbm,2.0,42,127,-1.4683048335017992,-1.631222331554067
v10,feat_gbm,2.0,42,128,-2.342804397973563,-3.477307725783656
v10,feat_gbm,2.0,42,129,0.66350477416536,1.7007542891568868
v10,feat_gbm,2.0,42,130,-3.3737211563644585,-3.4021624962570822
v10,feat_gbm,2.0,42,131,-3.1749078958567907,-3.701149444421242
v10,feat_gbm,2.0,42,132,0.011627342691580304,-0.4116741376471012
v10,feat_gbm,2.0,42,133,-0.5794595174134799,-0.5680375850475197
v10,feat_gbm,2.0,42,134,-1.3810199797609746,-1.4788189923590598
v10,feat_gbm,2.0,42,135,-2.697381807815619,-2.9896549957503007
v10,feat_gbm,2.0,42,136,0.2065906546109723,0.11194117436713467
v10,feat_gbm,2.0,42,137,0.6784437817284475,1.7147062893715772
v10,feat_gbm,2.0,42,138,-2.1738496941915493,-1.9709125209383296
v10,feat_gbm,2.0,42,139,-0.17102061916865394,0.19937477723826902
v10,feat_gbm,2.0,42,140,-2.0167089440936885,-2.8223726616431475
v10,feat_gbm,2.0,42,141,-0.1440322218412813,-0.12380828599000025
v10,feat_gbm,2.0,42,142,-2.6862357023085934,-2.97521232911642
v10,feat_gbm,2.0,42,143,-2.088424908993543,-1.9484557479617686
v10,feat_gbm,2.0,42,144,0.6966341969036164,1.244093655886106
v10,feat_gbm,2.0,42,145,-2.225803510726095,-2.0280859266176816
v10,feat_gbm,2.0,42,146,-1.5610067773489906,-2.0754073031653366
v10,feat_gbm,2.0,42,147,-0.13349670466462724,-0.11331641159387335
v10,feat_gbm,2.0,42,148,-2.0661026046091773,-2.620298039600635
v10,feat_gbm,2.0,42,149,-3.163443048002535,-3.8395532227602396
v10,feat_gbm,2.0,42,150,-1.8417000888105106,-2.149698272240366
v10,feat_gbm,2.0,42,151,-2.8080829703497767,-3.1594376779318036
v10,feat_gbm,2.0,42,152,-2.4064586407011146,-2.7712141114581046
v10,feat_gbm,2.0,42,153,-1.2689854317676819,-1.1483368403810985
v10,feat_gbm,2.0,42,154,-0.41890779424124935,-1.4700676700115773
v10,feat_gbm,2.0,42,155,0.9471179889155729,1.4088416749712322
v10,feat_gbm,2.0,42,156,-0.17856559512154055,0.7564704220494097
v10,feat_gbm,2.0,42,157,-2.408319620732575,-1.7148995557963913
v10,feat_gbm,2.0,42,158,-1.882682828995837,-2.8595355115547196
v10,feat_gbm,2.0,42,159,-1.5346869947679005,-0.9922400520728849
v10,feat_gbm,2.0,42,160,1.4509789299969533,1.8585227307534937
v10,feat_gbm,2.0,42,161,-2.1407612573825765,-2.477654537850602
v10,feat_gbm,2.0,42,162,-1.8697308403379604,-2.993764039868935
v10,feat_gbm,2.0,42,163,-1.2069589710466813,-1.1722671160336509
v10,feat_gbm,2.0,42,164,-1.9705120714509274,-1.6577576086204497
v10,feat_gbm,2.0,42,165,-2.288490766350086,-2.9770186999323642
v10,feat_gbm,2.0,42,166,-3.1324095747364646,-3.2329952824425443
v10,feat_gbm,2.0,42,167,-0.3718861186794365,0.19550508612775644
v10,feat_gbm,2.0,42,168,-0.8262036789913302,-1.2639642813248737
v10,feat_gbm,2.0,42,169,1.8558900854628082,1.4224064134580066
v10,feat_gbm,2.0,42,170,-2.2661773277822146,-1.5303724784706008
v10,feat_gbm,2.0,42,171,0.7241134935866812,0.6086346650572224
v10,feat_gbm,2.0,42,172,0.3613205764437404,-0.052232489626048526
v10,feat_gbm,2.0,42,173,-0.6549774733258001,-0.19074605880313256
v10,feat_gbm,2.0,42,174,-2.4175784136604257,-2.7678232596734214
v10,feat_gbm,2.0,42,175,-1.7767134771925048,-1.6557092188829319
v10,feat_gbm,2.0,42,176,0.06621812221246907,0.12081831439914445
v10,feat_gbm,2.0,42,177,-0.4567091310328092,3.7031714993021168
v10,feat_gbm,2.0,42,178,0.10380550081004616,-0.17761292562564054
v10,feat_gbm,2.0,42,179,0.2646607482808463,0.2295122735959306
v10,feat_gbm,2.0,42,180,-1.6790479749645209,-1.6401012725318311
v10,feat_gbm,2.0,42,181,-2.871828388330018,-3.399461101549646
v10,feat_gbm,2.0,42,182,0.07493305926394433,0.5421608664871393
v10,feat_gbm,2.0,42,183,-3.805266434426111,-3.7858185839721776
v10,feat_gbm,2.0,42,184,0.17475595937016866,0.4440956773301304
v10,feat_gbm,2.0,42,185,-0.1560949280461801,0.5450962365111649
v10,feat_gbm,2.0,42,186,-2.707690629879877,-3.094441269353033
v10,feat_gbm,2.0,42,187,0.27326630827729037,1.436275522654785
v10,feat_gbm,2.0,42,188,-0.7794170140235108,-0.003208414280501246
v10,feat_gbm,2.0,42,189,-2.2524753650817955,-2.0766448721687736
v10,feat_gbm,2.0,42,190,-2.387754971014169,-2.887011097372245
v10,feat_gbm,2.0,42,191,-0.4010081213923531,-0.19564387773269687
v10,feat_gbm,2.0,42,192,-3.5304198011552628,-3.39219136175158
v10,feat_gbm,2.0,42,193,-3.559296288744652,-4.804455114758695
v10,feat_gbm,2.0,42,194,-0.2633977705034361,-0.23230879418151415
v10,feat_gbm,2.0,42,195,0.881600058500962,0.7768952289284052
v10,feat_gbm,2.0,42,196,-3.312681113167259,-3.0758975731441707
v10,feat_gbm,2.0,42,197,1.1128306849760867,1.8852948766094535
v10,feat_gbm,2.0,42,198,-0.02048662479958733,-0.07474663349946693
v10,feat_gbm,2.0,42,199,0.9965590777012472,0.9295509098669842
v10,feat_gbm,2.0,42,200,0.1699119748191046,0.40408761039079466
v10,feat_gbm,2.0,42,201,-0.9549521035243373,-1.0185563947000995
v10,feat_gbm,2.0,42,202,-1.0661666694374587,-1.5812541435625456
v10,feat_gbm,2.0,42,203,-1.5845750570275263,-2.9269603411540346
v10,feat_gbm,2.0,42,204,-0.13834789362574962,-0.9368237022381455
v10,feat_gbm,2.0,42,205,-0.4149992652366471,-0.771906247259438
v10,feat_gbm,2.0,42,206,-2.069349298604919,-1.4457766532498904
v10,feat_gbm,2.0,42,207,-2.526977696529075,-2.4752738768021185
v10,feat_gbm,2.0,42,208,-2.230454579554186,-2.8789590131308262
v10,feat_gbm,2.0,42,209,-1.8382153515846265,-2.6986856152036793
v10,feat_gbm,2.0,42,210,-0.016473250132340987,0.05837096406180189
v10,feat_gbm,2.0,42,211,-2.8605001385091535,-2.2327070274631113
v10,feat_gbm,2.0,42,212,0.17986718440718236,0.15758807445032513
v10,feat_gbm,2.0,42,213,0.759526129104519,0.5234750924970406
v10,feat_gbm,2.0,42,214,0.7462968915345548,0.8312555987922697
v10,feat_gbm,2.0,42,215,-1.3224312126317233,-0.7699972654610447
v10,feat_gbm,2.0,42,216,-2.538136203141029,-2.4368834827463726
v10,feat_gbm,2.0,42,217,-2.61383311419644,-3.7421886443248944
v10,feat_gbm,2.0,42,218,-3.4831835733887,-4.3753265313120195
v10,feat_gbm,2.0,42,219,0.19584326766372834,0.13181597567614448
v10,feat_gbm,2.0,42,220,-2.5517243075508755,-2.150299196146146
v10,feat_gbm,2.0,42,221,0.04655714448739884,0.4316281043505307
v10,feat_gbm,2.0,42,222,0.19713074365734373,0.20581216265343685
v10,feat_gbm,2.0,42,223,-2.597674492523037,-1.7226779576420432
v10,feat_gbm,2.0,42,224,0.6527170334284839,1.0701061526100661
v10,feat_gbm,2.0,42,225,-0.9179032991755067,-2.995983076644188
v10,feat_gbm,2.0,42,226,-0.20785723621785518,-0.39103048890459524
v10,feat_gbm,2.0,42,227,-1.917875785752692,-2.811377433191803
v10,feat_gbm,2.0,42,228,-0.14850758569735256,0.1103569248772952
v10,feat_gbm,2.0,42,229,0.3523192839573003,1.0926797996732165
v10,feat_gbm,2.0,42,230,-1.3271123509971838,-1.1465469989616057
v10,feat_gbm,2.0,42,231,-3.948830367764251,-3.7045714701961474
v10,feat_gbm,2.0,42,232,-0.39576738430744,-0.3205795311611984
v10,feat_gbm,2.0,42,233,-0.005382464455808207,-0.7282288274356463
v10,feat_gbm,2.0,42,234,0.24481332873070757,-0.6143938277881194
v10,feat_gbm,2.0,42,235,-2.719166242903604,-3.717493513170671
v10,feat_gbm,2.0,42,236,-2.1022499076907355,-1.894186438607053
v10,feat_gbm,2.0,42,237,-0.17182217728417393,0.19101892391720615
v10,feat_gbm,2.0,42,238,-1.507940848357798,-2.723653519266766
v10,feat_gbm,2.0,42,239,0.41874976836020983,0.28172679866345784
v10,feat_gbm,2.0,42,240,-1.4680422617569584,-0.570916259780521
v10,feat_gbm,2.0,42,241,-2.0231951811200095,-3.037607674189957
v10,feat_gbm,2.0,42,242,-2.584176509303543,-2.4824067099880884
v10,feat_gbm,2.0,42,243,0.6202898715388973,1.793244191067856
v10,feat_gbm,2.0,42,244,-2.092449646165163,-2.170563194223024
v10,feat_gbm,2.0,42,245,-2.498854518384927,-2.5580286375581696
v10,feat_gbm,2.0,42,246,-2.8063281596949268,-3.9013363177662743
v10,feat_gbm,2.0,42,247,-1.4037479127295729,-1.2689211715035387
v10,feat_gbm,2.0,42,248,-2.4390992726281624,-2.89795980370705
v10,feat_gbm,2.0,42,249,-1.0239586300980121,-1.149470325468549
v10,feat_gbm,2.0,42,250,-2.7175783132813116,-2.1803876537888693
v10,feat_gbm,2.0,42,251,-0.8562820628631841,-1.2010659028736028
v10,feat_gbm,2.0,42,252,-2.760218499771891,-2.675840590612525
v10,feat_gbm,2.0,42,253,-1.299934036731555,-0.865421424414132
v10,feat_gbm,2.0,42,254,0.07264236706667006,-0.45089388998719687
v10,feat_gbm,2.0,42,255,-1.0482045644499918,-1.477655138121315
v10,feat_gbm,2.0,42,256,-2.1880394693675065,-1.9234128661936198
v10,feat_gbm,2.0,42,257,-0.7476834340616693,-0.8895479413744646
v10,feat_gbm,2.0,42,258,-1.1670697897910647,-1.284701881398344
v10,feat_gbm,2.0,42,259,-0.27969508053666203,0.03791276039075724
v10,feat_gbm,2.0,42,260,-0.5862642476609986,-1.213907680807544
v10,feat_gbm,2.0,42,261,-0.28867013397505936,-0.6937064881158975
v10,feat_gbm,2.0,42,262,-2.6065925818825435,-2.500344974429108
v10,feat_gbm,2.0,42,263,-3.0376731693619434,-3.0782877743164985
v10,feat_gbm,2.0,42,264,-2.18323726471774,-3.2702790535172426
v10,feat_gbm,2.0,42,265,-0.21814809500941507,-0.15746453031192983
v10,feat_gbm,2.0,42,266,-1.265639962393178,-1.3930653126164372
v10,feat_gbm,2.0,42,267,-3.9606652580150707,-3.460520174484755
v10,feat_gbm,2.0,42,268,-2.135597357383259,-1.8115923421665279
v10,feat_gbm,2.0,42,269,0.223164578497443,-0.04785951915829837
v10,feat_gbm,2.0,42,270,-1.7536155489088125,-1.3387838926701625
v10,feat_gbm,2.0,42,271,0.6179920980562223,0.6172482925771328
v10,feat_gbm,2.0,42,272,0.17417672220355063,0.10718580269537517
v10,feat_gbm,2.0,42,273,-3.019920001938644,-2.4250613993713395
v10,feat_gbm,2.0,42,274,0.038200391307979975,-0.4656136934058211
v10,feat_gbm,2.0,42,275,-1.9442748698161751,-1.7679071058666047
v10,feat_gbm,2.0,42,276,-0.2545570399726844,-0.15192249005847586
v10,feat_gbm,2.0,42,277,-0.6272583590645265,-0.22686658439221394
v10,feat_gbm,2.0,42,278,-1.2181107232879602,-0.3963273628232521
v10,feat_gbm,2.0,42,279,-2.312525582642803,-2.1916982233579314
v10,feat_gbm,2.0,42,280,-0.4096142488982501,0.5138857123822332
v10,feat_gbm,2.0,42,281,-0.13534719375567583,0.13501120436460418
v10,feat_gbm,2.0,42,282,0.1906081712021015,-0.35232291748203215
v10,feat_gbm,2.0,42,283,-0.2853748257707082,0.33710059568630363
v10,feat_gbm,2.0,42,284,1.4912069883565182,2.2269494594330284
v10,feat_gbm,2.0,42,285,-0.44699218568078913,-0.8523290277873723
v10,feat_gbm,2.0,42,286,0.07769515108053364,0.5032694866056324
v10,feat_gbm,2.0,42,287,-3.8940205278532765,-3.0734310124071125
v10,feat_gbm,2.0,42,288,-2.9240228007603855,-3.0969464995649485
v10,feat_gbm,2.0,42,289,-0.03676070484764055,0.8088909840914691
v10,feat_gbm,2.0,42,290,-2.548888694993076,-1.710735902712342
v10,feat_gbm,2.0,42,291,-0.33591393296002436,-0.24588513525180683
v10,feat_gbm,2.0,42,292,-2.3785109320177615,-2.9910915714149957
v10,feat_gbm,2.0,42,293,0.14949221426200432,0.24397961438558982
v10,feat_gbm,2.0,42,294,0.4460718383764942,0.9827222917401395
v10,feat_gbm,2.0,42,295,0.2996433900937312,1.5399914318848642
v10,feat_gbm,2.0,42,296,-2.4533404269829107,-3.028104854063688
v10,feat_gbm,2.0,42,297,-2.428740447894964,-1.9675880903276046
v10,feat_gbm,2.0,42,298,0.44248801591893455,0.3882116190950413
v10,feat_gbm,2.0,42,299,-1.0739762430442883,-0.4169590587595381
v10,feat_gbm,2.0,42,300,-0.4911309986664345,-0.47104701624968015
v10,feat_gbm,2.0,42,301,-0.7962155620120344,-0.5788171023402015
v10,feat_gbm,2.0,42,302,-3.5684543183333495,-3.325334912618423
v10,feat_gbm,2.0,42,303,-0.22302377322967454,0.27214776974989446
v10,feat_gbm,2.0,42,304,0.23946916592242914,0.2838761456734127
v10,feat_gbm,2.0,42,305,0.566393313278279,0.98356576927226
v10,feat_gbm,2.0,42,306,-1.5933473687241644,-2.324804251846344
v10,feat_gbm,2.0,42,307,-0.11707925476939186,-0.30060412365222405
v10,feat_gbm,2.0,42,308,-3.6708964234889385,-3.5706943269006843
v10,feat_gbm,2.0,42,309,-0.45257138422467647,0.7657986236992217
v10,feat_gbm,2.0,42,310,-1.1344982163151605,-0.3760212383278314
v10,feat_gbm,2.0,42,311,1.052799763368821,0.903367601886353
v10,feat_gbm,2.0,42,312,0.5510744400465747,0.2834145554969618
v10,feat_gbm,2.0,42,313,-0.10349952210521686,-0.8750381269167363
v10,feat_gbm,2.0,42,314,-2.793563090598348,-0.8911054934067958
v10,feat_gbm,2.0,42,315,0.26222155793010776,0.2699623908229132
v10,feat_gbm,2.0,42,316,-3.0078733805621245,-4.034449774534175
v10,feat_gbm,2.0,42,317,0.3435112516647964,0.7302045063515665
v10,feat_gbm,2.0,42,318,-2.5865087151266763,-2.5264159394565007
v10,feat_gbm,2.0,42,319,-2.738891011920906,-3.1280680478747835
v10,feat_gbm,2.0,42,320,0.2836889294733031,-0.623194388118803
v10,feat_gbm,2.0,42,321,-3.579983109836479,-4.172922463867305
v10,feat_gbm,2.0,42,322,0.5804115529060345,1.0714029341973417
v10,feat_gbm,2.0,42,323,-2.4826877304466772,-2.5538050374755565
v10,feat_gbm,2.0,42,324,-1.7738548000287298,-1.5310020975326282
v10,feat_gbm,2.0,42,325,-0.24893526488827755,-0.735749980772127
v10,feat_gbm,2.0,42,326,-1.3161456448973474,-0.5010306012352705
v10,feat_gbm,2.0,42,327,-3.6680923939633407,-4.393123087746285
v10,feat_gbm,2.0,42,328,0.2384579486793015,0.6439364857563509
v10,feat_gbm,2.0,42,329,-2.707436196966125,-2.60760252445046
v10,feat_gbm,2.0,42,330,0.4378444776082126,0.46983427811083467
v10,feat_gbm,2.0,42,331,-0.6305198656975828,-1.149354435920189
v10,feat_gbm,2.0,42,332,-1.9819598590587832,-1.0961264399974935
v10,feat_gbm,2.0,42,333,0.4185295864725589,1.4253561556633074
v10,feat_gbm,2.0,42,334,0.9147938791218049,1.0406546288822482
v10,feat_gbm,2.0,42,335,-0.3742309379525687,-0.1286217558512718
v10,feat_gbm,2.0,42,336,-1.7594011018292988,-1.7275974260064488
v10,feat_gbm,2.0,42,337,-2.452399698297686,-4.535227665039715
v10,feat_gbm,2.0,42,338,-0.2520917008618983,-1.078833843619319
v10,feat_gbm,2.0,42,339,-1.6317313968884117,-2.035297396751524
v10,feat_gbm,2.0,42,340,0.27575046370583023,0.4788286932125707
v10,feat_gbm,2.0,42,341,-0.7129055288156922,-0.4595082096564039
v10,feat_gbm,2.0,42,342,-3.785054891834846,-3.653430804591794
v10,feat_gbm,2.0,42,343,0.7993863094305427,0.2834522663037432
v10,feat_gbm,2.0,42,344,0.26337931462585934,-0.15984972455285287
v10,feat_gbm,2.0,42,345,-2.8240083952270694,-3.8822970119574354
v10,feat_gbm,2.0,42,346,-2.2070259339845197,-2.5801989990218064
v10,feat_gbm,2.0,42,347,-3.6753257979478833,-3.2622630695286134
v10,feat_gbm,2.0,42,348,-1.1907747758981435,-0.4894561152880944
v10,feat_gbm,2.0,42,349,-4.184076501533126,-3.0223552414624764
v10,feat_gbm,2.0,42,350,0.5408017012907289,0.4215072765335228
v10,feat_gbm,2.0,42,351,-2.1854466163468715,-1.8152752103400673
v10,feat_gbm,2.0,42,352,0.7744655527011517,1.102263670511441
v10,feat_gbm,2.0,42,353,0.49715957695875307,1.4454852001466738
v10,feat_gbm,2.0,42,354,-2.962064975671055,-3.6770060333191017
v10,feat_gbm,2.0,42,355,-2.847958728101185,-5.078652858832153
v10,feat_gbm,2.0,42,356,0.21818154372054943,0.7815322159665122
v10,feat_gbm,2.0,42,357,0.43494052299857744,0.6775133790495483
v10,feat_gbm,2.0,42,358,-3.2265603452642475,-3.5163570325540956
v10,feat_gbm,2.0,42,359,-2.9570603145409504,-4.157760523739404
v10,feat_gbm,2.0,42,360,-0.5448203405325714,-0.18386357284099003
v10,feat_gbm,2.0,42,361,-3.556219124896986,-4.477383009144865
v10,feat_gbm,2.0,42,362,-0.19145019166796656,0.2909126951240761
v10,feat_gbm,2.0,42,363,-3.1066642647361733,-3.5121531596302606
v10,feat_gbm,2.0,42,364,-0.20513019707888744,-0.0019354464452207268
v10,feat_gbm,2.0,42,365,-3.417739656024989,-3.264666087597375
v10,feat_gbm,2.0,42,366,-0.9561693063251494,-1.4961090632143375
v10,feat_gbm,2.0,42,367,-0.24469246276481177,-0.10305907560987346
v10,feat_gbm,2.0,42,368,-0.012802560615197734,0.24601275195113992
v10,feat_gbm,2.0,42,369,-2.189470996658397,-1.6400355118163064
v10,feat_gbm,2.0,42,370,-1.2233149395841636,-1.5399226532969161
v10,feat_gbm,2.0,42,371,-0.5834512696775674,-0.3336387161155974
v10,feat_gbm,2.0,42,372,0.22100238571259975,0.3185760540422761
v10,feat_gbm,2.0,42,373,-0.7978637601821412,-0.30756424411789
v10,feat_gbm,2.0,42,374,-3.625643158216629,-3.551435429619069
v10,feat_gbm,2.0,42,375,0.45898984843379703,-0.12846918127015178
v10,feat_gbm,2.0,42,376,0.3315175231199977,0.43413099611324796
v10,feat_gbm,2.0,42,377,0.2307026405571144,0.8095384731463161
v10,feat_gbm,2.0,42,378,0.00903044491211936,0.20303525329731625
v10,feat_gbm,2.0,42,379,0.4755864585962686,0.524784145223057
v10,feat_gbm,2.0,42,380,0.19184353763875722,0.8722609808312535
v10,feat_gbm,2.0,42,381,0.07728462729202225,1.0190202163897197
v10,feat_gbm,2.0,42,382,0.20357422655757576,1.2715191268303472
v10,feat_gbm,2.0,42,383,-0.18519619850345492,-0.13923746667536385
v10,feat_gbm,2.0,42,384,-1.1566264208280248,-1.7983983483294153
v10,feat_gbm,2.0,42,385,-0.15306028743299707,0.5606037150840157
v10,feat_gbm,2.0,42,386,0.8215767207596619,0.6003456151224621
v10,feat_gbm,2.0,42,387,0.040189462652183115,1.3071718981356573
v10,feat_gbm,2.0,42,388,-0.011710345541768988,-0.19457283568776126
v10,feat_gbm,2.0,42,389,-1.2042860206862227,-0.981880356960367
v10,feat_gbm,2.0,42,390,-3.2017037288164714,-2.628024059072158
v10,feat_gbm,2.0,42,391,-2.825423332172583,-2.479262758098376
v10,feat_gbm,2.0,42,392,-2.1493936421744952,-2.207941629114672
v10,feat_gbm,2.0,42,393,-3.052673156331617,-2.806586620215901
v10,feat_gbm,2.0,42,394,-0.3187351683910101,-0.16842623590390868
v10,feat_gbm,2.0,42,395,0.432168707351858,0.3596423409999632
v10,feat_gbm,2.0,42,396,-1.7626362979593153,-3.117667066362407
v10,feat_gbm,2.0,42,397,0.7627662372479688,0.6134086288650079
v10,feat_gbm,2.0,42,398,0.3452891400811873,0.5049020087080688
v10,feat_gbm,2.0,42,399,-1.6335757530546482,-1.0548605918119196
v10,feat_gbm,2.0,42,400,-2.264453902654486,-2.877676775828332
v10,feat_gbm,2.0,42,401,0.03649421838078862,0.015654415635624343
v10,feat_gbm,2.0,42,402,-0.37256068016366745,-0.7027824676465185
v10,feat_gbm,2.0,42,403,0.08752534142111036,0.6733427913489138
v10,feat_gbm,2.0,42,404,-0.12882330953910234,0.03259550049258387
v10,feat_gbm,2.0,42,405,-3.2823702342824554,-3.4179416205706223
v10,feat_gbm,2.0,42,406,-1.38931909631431,-1.6563158072976616
v10,feat_gbm,2.0,42,407,-0.1302504485685961,0.3281041495218151
v10,feat_gbm,2.0,42,408,-1.9458372827232917,-1.498502430121411
v10,feat_gbm,2.0,42,409,-2.1101389814488782,-1.5390850133499359
v10,feat_gbm,2.0,42,410,-3.1395280823559246,-3.8769914364338094
v10,feat_gbm,2.0,42,411,-1.3848192149900485,-1.1093409530974205
v10,feat_gbm,2.0,42,412,-1.7368924783832485,-2.1356441225652167
v10,feat_gbm,2.0,42,413,0.3721410626770449,0.5613925387002681
v10,feat_gbm,2.0,42,414,-2.3173017917660763,-2.672303525149137
v10,feat_gbm,2.0,42,415,0.8234575523798525,0.9887747910888531
v10,feat_gbm,2.0,42,416,-1.7959135375588404,-2.064740642123073
v10,feat_gbm,2.0,42,417,-1.218607255034375,-0.13534283366780814
v10,feat_gbm,2.0,42,418,0.1594377576980172,0.5266566940316069
v10,feat_gbm,2.0,42,419,-0.32176666957055067,-0.7929716308762645
v10,feat_gbm,2.0,42,420,0.02983616912588022,0.22081989653443584
v10,feat_gbm,2.0,42,421,-3.7962942072771866,-3.4911396429773087
v10,feat_gbm,2.0,42,422,-0.046851079692870876,0.4691563032653497
v10,feat_gbm,2.0,42,423,-0.039821850451127794,-0.21242164749251408
v10,feat_gbm,2.0,42,424,-2.6234683201756455,-2.0235730224261497
v10,feat_gbm,2.0,42,425,-0.3759461248034709,0.1881042769243711
v10,feat_gbm,2.0,42,426,-1.38999053221111,-0.7546830882020855
v10,feat_gbm,2.0,42,427,-2.2962867816384653,-2.004418163271322
v10,feat_gbm,2.0,42,428,0.023040467513262622,0.08108350485015015
v10,feat_gbm,2.0,42,429,-1.3679430409616011,-0.8958783842144782
v10,feat_gbm,2.0,42,430,-0.0992740359312735,-0.700178367515834
v10,feat_gbm,2.0,42,431,-2.4815694900140604,-2.026447754843476
v10,feat_gbm,2.0,42,432,-2.266921867453492,-3.3644112924118934
v10,feat_gbm,2.0,42,433,-1.7440850541718054,-2.4777804975332844
v10,feat_gbm,2.0,42,434,-3.2721883088602692,-3.6407879329147783
v10,feat_gbm,2.0,42,435,-0.015488070807279378,0.8140524350977956
v10,feat_gbm,2.0,42,436,-0.2685780845100465,-0.6342245759550225
v10,feat_gbm,2.0,42,437,-1.3219338802590106,-1.0170271575608654
v10,feat_gbm,2.0,42,438,0.49228332029321564,1.2058566336630974
v10,feat_gbm,2.0,42,439,0.9828991843567645,1.04159183954478
v10,feat_gbm,2.0,42,440,-1.0025844960580947,-0.383754051292973
v10,feat_gbm,2.0,42,441,0.8584618303037839,0.9717849563735496
v10,feat_gbm,2.0,42,442,0.8296097745377015,0.915394257773604
v10,feat_gbm,2.0,42,443,0.06082685760559909,0.17619398118278368
v10,feat_gbm,2.0,42,444,-2.6082719041206914,-2.3026142847949007
v10,feat_gbm,2.0,42,445,-0.48142119962387625,-2.156995715227189
v10,feat_gbm,2.0,42,446,-2.3607806172651453,-1.9647154613855007
v10,feat_gbm,2.0,42,447,-1.3415497128200415,-1.2167428909736953
v10,feat_gbm,2.0,42,448,-0.25678368618403596,0.371748058948411
v10,feat_gbm,2.0,42,449,-3.6746961655770045,-3.354914600670279
v10,feat_gbm,2.0,42,450,-3.4070139441574727,-2.0984010901330774
v10,feat_gbm,2.0,42,451,-1.9183760702443096,-1.8411195968283314
v10,feat_gbm,2.0,42,452,0.22211236020769312,-0.2866386615093297
v10,feat_gbm,2.0,42,453,-1.2975535631058395,-2.1769502099219324
v10,feat_gbm,2.0,42,454,-0.2544674154470466,0.851829112076475
v10,feat_gbm,2.0,42,455,0.4245354104750828,-0.5174982843777256
v10,feat_gbm,2.0,42,456,-2.604531544642072,-3.7883351795095335
v10,feat_gbm,2.0,42,457,-1.3899600225111357,-1.3225504843777425
v10,feat_gbm,2.0,42,458,-0.6092338050191404,-0.6304710111145473
v10,feat_gbm,2.0,42,459,-3.722931103153765,-2.867776928577639
v10,feat_gbm,2.0,42,460,-0.5187207798466603,-0.20106453453544149
v10,feat_gbm,2.0,42,461,0.624373490081384,0.565413433251147
v10,feat_gbm,2.0,42,462,-0.12176668616916532,0.6531860801292728
v10,feat_gbm,2.0,42,463,-2.4969055335304375,-3.295531334571209
v10,feat_gbm,2.0,42,464,-1.6839512825440865,-1.118951529136503
v10,feat_gbm,2.0,42,465,-0.15119406434834257,0.08535922256033004
v10,feat_gbm,2.0,42,466,0.4743152669230562,0.2656879386171551
v10,feat_gbm,2.0,42,467,-1.3013113543485852,-1.0764680911985907
v10,feat_gbm,2.0,42,468,1.1110966325611673,2.2503813782282114
v10,feat_gbm,2.0,42,469,-0.010870886932361816,-0.029700274932011248
v10,feat_gbm,2.0,42,470,-2.4517512526384957,-2.1918010579584375
v10,feat_gbm,2.0,42,471,0.7402485744213148,-0.12537364897776127
v10,feat_gbm,2.0,42,472,-1.4778713642582701,-1.3714574409892777
v10,feat_gbm,2.0,42,473,-2.158791106582454,-1.0216450817816245
v10,feat_gbm,2.0,42,474,-0.6879925192124537,-0.8313233833759152
v10,feat_gbm,2.0,42,475,-2.277351218713745,-3.25243582884057
v10,feat_gbm,2.0,42,476,0.4509471960012073,0.8737365575305754
v10,feat_gbm,2.0,42,477,-2.1028206528060505,-1.8373017486027088
v10,feat_gbm,2.0,42,478,-1.4076024630263648,-1.909749317133085
v10,feat_gbm,2.0,42,479,0.21617266545182173,0.418341725137149
v10,feat_gbm,2.0,42,480,-1.6558211148896782,-2.8689304810445995
v10,feat_gbm,2.0,42,481,-4.200472762485473,-3.9192950012633494
v10,feat_gbm,2.0,42,482,0.4115726074432628,0.8191907452202399
v10,feat_gbm,2.0,42,483,-2.5717008303514963,-2.7371748494528005
v10,feat_gbm,2.0,42,484,-0.15254588690426674,0.043868991079412875
v10,feat_gbm,2.0,42,485,-2.373850350512298,-3.9571024828402512
v10,feat_gbm,2.0,42,486,-1.3040630559679978,-0.8286091055291892
v10,feat_gbm,2.0,42,487,0.9636196486899435,1.1086460137612473
v10,feat_gbm,2.0,42,488,-0.951213928540071,-1.0899995989348372
v10,feat_gbm,2.0,42,489,-2.937741834784995,-2.9260181182274523
v10,feat_gbm,2.0,42,490,-0.12976950330591802,0.01778898425240747
v10,feat_gbm,2.0,42,491,-0.20124031077755788,-0.388546054063584
v10,feat_gbm,2.0,42,492,-0.8955052665752954,-0.8483910406321095
v10,feat_gbm,2.0,42,493,-2.5785200435741586,-2.4855190663855797
v10,feat_gbm,2.0,42,494,-0.14468333377705528,-0.6027729178489412
v10,feat_gbm,2.0,42,495,-1.8047749240532565,-1.5285925057254015
v10,feat_gbm,2.0,42,496,0.45654745650714856,1.0092174422839322
v10,feat_gbm,2.0,42,497,-2.44760982642795,-2.421052301727873
v10,feat_gbm,2.0,42,498,-2.9227334500435744,-3.2283141264699093
v10,feat_gbm,2.0,42,499,-3.4342177018955096,-4.907212199848568
v10,feat_gbm,2.0,43,0,-0.284661860811951,0.03894909458183669
v10,feat_gbm,2.0,43,1,-2.4800188721602257,-2.5052564746229193
v10,feat_gbm,2.0,43,2,0.1759581328171882,0.6287827851917782
v10,feat_gbm,2.0,43,3,-2.9418155853165615,-3.3447289283878643
v10,feat_gbm,2.0,43,4,1.1217846752070488,0.9694015026406426
v10,feat_gbm,2.0,43,5,-2.1806754507135757,-2.4693709778233526
v10,feat_gbm,2.0,43,6,0.003527972447660314,-0.2819211013310965
v10,feat_gbm,2.0,43,7,0.10396517568143629,0.5289578846490461
v10,feat_gbm,2.0,43,8,0.30520642177825663,0.032863622186365654
v10,feat_gbm,2.0,43,9,0.5673265915046377,0.9352707853930591
v10,feat_gbm,2.0,43,10,-1.7858148513165912,-1.5987558134683666
v10,feat_gbm,2.0,43,11,-2.408498775095928,-3.2678706438993954
v10,feat_gbm,2.0,43,12,-1.47300858048416,-2.445380546146449
v10,feat_gbm,2.0,43,13,-0.6237194772395851,-0.4471217519653716
v10,feat_gbm,2.0,43,14,-0.8612367297140032,-1.8343062920535937
v10,feat_gbm,2.0,43,15,-2.9913664601204157,-2.278287047942225
v10,feat_gbm,2.0,43,16,-0.43124393528792354,-1.113015507562239
v10,feat_gbm,2.0,43,17,-0.6842725390138668,-1.149386040828735
v10,feat_gbm,2.0,43,18,-0.5637374685371355,-0.4541092694382234
v10,feat_gbm,2.0,43,19,-2.5264272006254167,-2.8798658660471284
v10,feat_gbm,2.0,43,20,-3.369719617748958,-3.281006200299989
v10,feat_gbm,2.0,43,21,-0.5584451736241719,-0.7889402030111288
v10,feat_gbm,2.0,43,22,-1.6340456267226722,-0.48114593055133975
v10,feat_gbm,2.0,43,23,-2.210639278290754,-2.8038114998165153
v10,feat_gbm,2.0,43,24,-2.4143969317222873,-2.6726430450531393
v10,feat_gbm,2.0,43,25,-2.7953664588158413,-3.141178249464176
v10,feat_gbm,2.0,43,26,-3.3316747912010882,-3.8612362310489847
v10,feat_gbm,2.0,43,27,-2.5877766008039913,-3.085821277369337
v10,feat_gbm,2.0,43,28,-1.7917463561266052,-2.1153791712035637
v10,feat_gbm,2.0,43,29,-1.230688638261993,-0.5854112868629942
v10,feat_gbm,2.0,43,30,0.08406477076780898,0.13849791927417068
v10,feat_gbm,2.0,43,31,-3.0412932454881876,-2.779654184179668
v10,feat_gbm,2.0,43,32,1.1646059442918058,0.9166392391011026
v10,feat_gbm,2.0,43,33,-2.0107791754356477,-2.134444297962007
v10,feat_gbm,2.0,43,34,0.42538110434094667,1.1224191581864646
v10,feat_gbm,2.0,43,35,-1.7300537440022583,-2.7514680837461087
v10,feat_gbm,2.0,43,36,-0.27468586673306045,0.7493710802437775
v10,feat_gbm,2.0,43,37,-2.29907310106315,-2.157600461660938
v10,feat_gbm,2.0,43,38,-1.9868897634705207,-1.7436371170468024
v10,feat_gbm,2.0,43,39,0.6712184077942812,0.632388610685479
v10,feat_gbm,2.0,43,40,-1.011813437032796,-1.5024753827969588
v10,feat_gbm,2.0,43,41,-2.748712441826172,-2.936018587066778
v10,feat_gbm,2.0,43,42,-0.5295606352126929,-0.06406961406287034
v10,feat_gbm,2.0,43,43,-0.5184839052369096,-0.43711075337934485
v10,feat_gbm,2.0,43,44,0.6427436868223105,0.521724778538647
v10,feat_gbm,2.0,43,45,0.26874132264606637,-0.02881562555915001
v10,feat_gbm,2.0,43,46,-3.03827159529112,-2.6856700943784895
v10,feat_gbm,2.0,43,47,-3.4959283696597585,-3.3419513202228783
v10,feat_gbm,2.0,43,48,-0.24243752772447588,-0.35240032436669677
v10,feat_gbm,2.0,43,49,-2.885780499304789,-4.466027560457086
v10,feat_gbm,2.0,43,50,-1.1975019161829625,-1.2227887404747313
v10,feat_gbm,2.0,43,51,-3.192008527230491,-4.168130875201601
v10,feat_gbm,2.0,43,52,-3.1785025913044875,-2.1825653069440887
v10,feat_gbm,2.0,43,53,-3.116275339958826,-2.816977102698189
v10,feat_gbm,2.0,43,54,-0.854677235642235,-0.9520374156321785
v10,feat_gbm,2.0,43,55,0.6298825420817774,0.800460094219776
v10,feat_gbm,2.0,43,56,0.22303581675078313,0.2782562560211116
v10,feat_gbm,2.0,43,57,0.27091015220966636,-0.7855200046266205
v10,feat_gbm,2.0,43,58,-2.4108353713543305,-2.837973637743256
v10,feat_gbm,2.0,43,59,0.5235009718961463,0.3653424354755994
v10,feat_gbm,2.0,43,60,-3.748940343570355,-3.145987746693799
v10,feat_gbm,2.0,43,61,-1.3985045960655023,-2.1381844357326614
v10,feat_gbm,2.0,43,62,0.5388901240170961,0.3908315550690521
v10,feat_gbm,2.0,43,63,-2.9540920535895197,-3.259739876316779
v10,feat_gbm,2.0,43,64,-3.85783418326496,-3.799325775609258
v10,feat_gbm,2.0,43,65,-0.5930780619372223,0.2842997557356093
v10,feat_gbm,2.0,43,66,0.06054383624968601,0.9099380077885143
v10,feat_gbm,2.0,43,67,0.01025993088825739,0.5741223235018287
v10,feat_gbm,2.0,43,68,1.0470035258422992,1.3807263582335993
v10,feat_gbm,2.0,43,69,0.4072193167679353,2.7357387204405055
v10,feat_gbm,2.0,43,70,-0.08565066590902363,-0.3782017485149665
v10,feat_gbm,2.0,43,71,-0.5960613337809602,-0.6946521973220513
v10,feat_gbm,2.0,43,72,-3.3781004840351834,-3.510295151868067
v10,feat_gbm,2.0,43,73,-0.43562525564774274,-0.3643686170400702
v10,feat_gbm,2.0,43,74,1.3971973373962412,1.1835884152793859
v10,feat_gbm,2.0,43,75,-0.011073294383567259,-0.38644824542838596
v10,feat_gbm,2.0,43,76,0.15666265792512313,0.7005004452467647
v10,feat_gbm,2.0,43,77,-0.06984133523146188,0.3770911051312199
v10,feat_gbm,2.0,43,78,-0.26993587124184537,-0.5374783823521183
v10,feat_gbm,2.0,43,79,-2.4565407924710407,-3.2499450611549854
v10,feat_gbm,2.0,43,80,-2.135518248600002,-1.719925172279684
v10,feat_gbm,2.0,43,81,0.1435453755631299,1.8185710395242058
v10,feat_gbm,2.0,43,82,-1.3510309195417842,-1.0758778979961314
v10,feat_gbm,2.0,43,83,-0.12511312106937772,-0.8033140510569362
v10,feat_gbm,2.0,43,84,-2.1051314930237446,-2.0837035815006346
v10,feat_gbm,2.0,43,85,-1.3448096919796337,-1.2430797823904942
v10,feat_gbm,2.0,43,86,0.3867491694951982,0.639317965424242
v10,feat_gbm,2.0,43,87,-0.5649641888175223,-0.02321591952008587
v10,feat_gbm,2.0,43,88,-2.8947647541571464,-3.512086916650174
v10,feat_gbm,2.0,43,89,-1.118768790751748,-1.684363733317816
v10,feat_gbm,2.0,43,90,-3.7515494872653075,-3.5341996208099964
v10,feat_gbm,2.0,43,91,0.769111029081518,1.1574629997660548
v10,feat_gbm,2.0,43,92,-1.3409186893750222,-0.7651863719989663
v10,feat_gbm,2.0,43,93,-4.434027483183893,-5.7708125015304885
v10,feat_gbm,2.0,43,94,-0.1753803095079888,0.07374698385127064
v10,feat_gbm,2.0,43,95,-0.2142158442544903,1.201566413592891
v10,feat_gbm,2.0,43,96,0.8354630095310052,1.2655480006709303
v10,feat_gbm,2.0,43,97,-3.4703232668834025,-3.2217777708537843
v10,feat_gbm,2.0,43,98,-2.802955551795442,-1.2120387208328698
v10,feat_gbm,2.0,43,99,-0.3396259418961326,-0.04015373686183237
v10,feat_gbm,2.0,43,100,-2.5578594286410095,-2.8384481914339785
v10,feat_gbm,2.0,43,101,-2.81174268927084,-3.541068619782685
v10,feat_gbm,2.0,43,102,-4.078833753561957,-4.424727465058162
v10,feat_gbm,2.0,43,103,-0.9115874116881638,-0.7652009130347144
v10,feat_gbm,2.0,43,104,-0.8144147323044983,-0.406664655497914
v10,feat_gbm,2.0,43,105,-2.3651217488543694,-2.8019031633754246
v10,feat_gbm,2.0,43,106,-1.6680053387406695,-1.1978192780958505
v10,feat_gbm,2.0,43,107,-1.696460628457144,-1.2497822804421463
v10,feat_gbm,2.0,43,108,-0.13912291999930268,-0.2003702404752673
v10,feat_gbm,2.0,43,109,-0.6040671410849364,-0.28745536208379296
v10,feat_gbm,2.0,43,110,-0.07528507683131994,0.2838469771831524
v10,feat_gbm,2.0,43,111,0.09195761554170549,0.6579850926301614
v10,feat_gbm,2.0,43,112,0.03347724793479234,-0.4279263804064609
v10,feat_gbm,2.0,43,113,-0.05171514998467018,0.527327823801956
v10,feat_gbm,2.0,43,114,-3.56360444695548,-3.652947895428966
v10,feat_gbm,2.0,43,115,-1.513819584194987,-0.04287987221360797
v10,feat_gbm,2.0,43,116,-3.3201017826526553,-3.4409421360670214
v10,feat_gbm,2.0,43,117,-2.3577044454531992,-2.4284095097884006
v10,feat_gbm,2.0,43,118,-1.9461209763275806,-1.419217075367618
v10,feat_gbm,2.0,43,119,-2.83298472015131,-1.4944271796191557
v10,feat_gbm,2.0,43,120,-2.809745044717971,-2.797137626437216
v10,feat_gbm,2.0,43,121,0.5540804309527534,3.1321125804877905
v10,feat_gbm,2.0,43,122,-2.5588540451314223,-3.164895556438051
v10,feat_gbm,2.0,43,123,-0.007402398790152805,-0.021234684620174846
v10,feat_gbm,2.0,43,124,-1.5901512411379048,-1.246001114532972
v10,feat_gbm,2.0,43,125,-2.641693364682911,-2.7130193085566443
v10,feat_gbm,2.0,43,126,-2.2713615736679844,-2.0560780011130944
v10,feat_gbm,2.0,43,127,-1.4532189429955045,-1.631222331554067
v10,feat_gbm,2.0,43,128,-2.2556203318015786,-3.477307725783656
v10,feat_gbm,2.0,43,129,0.9800898525067154,1.7007542891568868
v10,feat_gbm,2.0,43,130,-3.4392633869579616,-3.4021624962570822
v10,feat_gbm,2.0,43,131,-3.159253045399283,-3.701149444421242
v10,feat_gbm,2.0,43,132,-0.12357878024864216,-0.4116741376471012
v10,feat_gbm,2.0,43,133,-0.44984994862403416,-0.5680375850475197
v10,feat_gbm,2.0,43,134,-1.5141167829246693,-1.4788189923590598
v10,feat_gbm,2.0,43,135,-2.596148249253021,-2.9896549957503007
v10,feat_gbm,2.0,43,136,0.18496034359528557,0.11194117436713467
v10,feat_gbm,2.0,43,137,0.6944692935415068,1.7147062893715772
v10,feat_gbm,2.0,43,138,-1.9060796476952475,-1.9709125209383296
v10,feat_gbm,2.0,43,139,-0.19206876162796044,0.19937477723826902
v10,feat_gbm,2.0,43,140,-2.105189253192461,-2.8223726616431475
v10,feat_gbm,2.0,43,141,-0.21026681089728566,-0.12380828599000025
v10,feat_gbm,2.0,43,142,-2.5299916718052193,-2.97521232911642
v10,feat_gbm,2.0,43,143,-2.2271358534195302,-1.9484557479617686
v10,feat_gbm,2.0,43,144,1.0218017163807227,1.244093655886106
v10,feat_gbm,2.0,43,145,-2.2758550768523658,-2.0280859266176816
v10,feat_gbm,2.0,43,146,-1.5688205767680337,-2.0754073031653366
v10,feat_gbm,2.0,43,147,-0.06364539486566313,-0.11331641159387335
v10,feat_gbm,2.0,43,148,-2.0721597527868165,-2.620298039600635
v10,feat_gbm,2.0,43,149,-3.0022562890990745,-3.8395532227602396
v10,feat_gbm,2.0,43,150,-1.6899630989537977,-2.149698272240366
v10,feat_gbm,2.0,43,151,-2.7459222465307427,-3.1594376779318036
v10,feat_gbm,2.0,43,152,-1.9293838603751405,-2.7712141114581046
v10,feat_gbm,2.0,43,153,-1.3103864820160338,-1.1483368403810985
v10,feat_gbm,2.0,43,154,-0.4517708414519882,-1.4700676700115773
v10,feat_gbm,2.0,43,155,1.1031576606431652,1.4088416749712322
v10,feat_gbm,2.0,43,156,0.10115382096081371,0.7564704220494097
v10,feat_gbm,2.0,43,157,-2.4745771232087512,-1.7148995557963913
v10,feat_gbm,2.0,43,158,-1.9175684574384495,-2.8595355115547196
v10,feat_gbm,2.0,43,159,-1.5889529604621064,-0.9922400520728849
v10,feat_gbm,2.0,43,160,1.6289623363400563,1.8585227307534937
v10,feat_gbm,2.0,43,161,-2.2828601229759693,-2.477654537850602
v10,feat_gbm,2.0,43,162,-1.9563033430694314,-2.993764039868935
v10,feat_gbm,2.0,43,163,-1.1441355945256608,-1.1722671160336509
v10,feat_gbm,2.0,43,164,-2.025937051763566,-1.6577576086204497
v10,feat_gbm,2.0,43,165,-2.5438900214640503,-2.9770186999323642
v10,feat_gbm,2.0,43,166,-3.108151975386472,-3.2329952824425443
v10,feat_gbm,2.0,43,167,-0.13811652845221278,0.19550508612775644
v10,feat_gbm,2.0,43,168,-0.8376216899245948,-1.2639642813248737
v10,feat_gbm,2.0,43,169,1.2692994773508979,1.4224064134580066
v10,feat_gbm,2.0,43,170,-2.288673957039359,-1.5303724784706008
v10,feat_gbm,2.0,43,171,0.564674907142293,0.6086346650572224
v10,feat_gbm,2.0,43,172,0.1307082008074964,-0.052232489626048526
v10,feat_gbm,2.0,43,173,-0.8188435058647053,-0.19074605880313256
v10,feat_gbm,2.0,43,174,-2.505664608848264,-2.7678232596734214
v10,feat_gbm,2.0,43,175,-2.034109825892497,-1.6557092188829319
v10,feat_gbm,2.0,43,176,0.3079327037524635,0.12081831439914445
v10,feat_gbm,2.0,43,177,-0.28757776260118445,3.7031714993021168
v10,feat_gbm,2.0,43,178,0.5161357735902099,-0.17761292562564054
v10,feat_gbm,2.0,43,179,0.23874050490210902,0.2295122735959306
v10,feat_gbm,2.0,43,180,-1.944483027723314,-1.6401012725318311
v10,feat_gbm,2.0,43,181,-3.0408444087138045,-3.399461101549646
v10,feat_gbm,2.0,43,182,0.06034660539289144,0.5421608664871393
v10,feat_gbm,2.0,43,183,-3.795931408808487,-3.7858185839721776
v10,feat_gbm,2.0,43,184,0.08898080033264484,0.4440956773301304
v10,feat_gbm,2.0,43,185,-0.03433350293645158,0.5450962365111649
v10,feat_gbm,2.0,43,186,-2.8360578060685175,-3.094441269353033
v10,feat_gbm,2.0,43,187,0.29199732983201626,1.436275522654785
v10,feat_gbm,2.0,43,188,-0.7424340507372927,-0.003208414280501246
v10,feat_gbm,2.0,43,189,-2.2765380954243257,-2.0766448721687736
v10,feat_gbm,2.0,43,190,-2.6399832105551293,-2.887011097372245
v10,feat_gbm,2.0,43,191,-0.4499949098598595,-0.19564387773269687
v10,feat_gbm,2.0,43,192,-3.455829130631501,-3.39219136175158
v10,feat_gbm,2.0,43,193,-3.5636039845327803,-4.804455114758695
v10,feat_gbm,2.0,43,194,-0.19476156856498844,-0.23230879418151415
v10,feat_gbm,2.0,43,195,0.8190102782649002,0.7768952289284052
v10,feat_gbm,2.0,43,196,-3.5311832159236034,-3.0758975731441707
v10,feat_gbm,2.0,43,197,1.161061418866267,1.8852948766094535
v10,feat_gbm,2.0,43,198,0.005460606950535137,-0.07474663349946693
v10,feat_gbm,2.0,43,199,1.086713838370201,0.9295509098669842
v10,feat_gbm,2.0,43,200,0.2435339787091331,0.40408761039079466
v10,feat_gbm,2.0,43,201,-1.0010250408662837,-1.0185563947000995
v10,feat_gbm,2.0,43,202,-1.037479571322882,-1.5812541435625456
v10,feat_gbm,2.0,43,203,-1.543394023778992,-2.9269603411540346
v10,feat_gbm,2.0,43,204,-0.022255802579701802,-0.9368237022381455
v10,feat_gbm,2.0,43,205,-0.39208895146816497,-0.771906247259438
v10,feat_gbm,2.0,43,206,-2.1783930734111654,-1.4457766532498904
v10,feat_gbm,2.0,43,207,-2.6115471263179852,-2.4752738768021185
v10,feat_gbm,2.0,43,208,-2.2662729154513364,-2.8789590131308262
v10,feat_gbm,2.0,43,209,-1.6265759628564092,-2.6986856152036793
v10,feat_gbm,2.0,43,210,0.15034035076489444,0.05837096406180189
v10,feat_gbm,2.0,43,211,-2.794539678098216,-2.2327070274631113
v10,feat_gbm,2.0,43,212,0.32380187055753473,0.15758807445032513
v10,feat_gbm,2.0,43,213,0.8241883392323136,0.5234750924970406
v10,feat_gbm,2.0,43,214,0.9204585175414267,0.8312555987922697
v10,feat_gbm,2.0,43,215,-1.171236475688547,-0.7699972654610447
v10,feat_gbm,2.0,43,216,-2.5275002087543106,-2.4368834827463726
v10,feat_gbm,2.0,43,217,-2.5695593976809357,-3.7421886443248944
v10,feat_gbm,2.0,43,218,-3.542874220508028,-4.3753265313120195
v10,feat_gbm,2.0,43,219,0.32729426093531483,0.13181597567614448
v10,feat_gbm,2.0,43,220,-2.5451851088312996,-2.150299196146146
v10,feat_gbm,2.0,43,221,0.26073786528899345,0.4316281043505307
v10,feat_gbm,2.0,43,222,0.22666719823046105,0.20581216265343685
v10,feat_gbm,2.0,43,223,-2.4725417472383833,-1.7226779576420432
v10,feat_gbm,2.0,43,224,0.6685913511575823,1.0701061526100661
v10,feat_gbm,2.0,43,225,-1.0041599228824651,-2.995983076644188
v10,feat_gbm,2.0,43,226,-0.18282001411370816,-0.39103048890459524
v10,feat_gbm,2.0,43,227,-1.8601355908918413,-2.811377433191803
v10,feat_gbm,2.0,43,228,-0.3610974434696769,0.1103569248772952
v10,feat_gbm,2.0,43,229,0.3061035821935263,1.0926797996732165
v10,feat_gbm,2.0,43,230,-1.353809577703455,-1.1465469989616057
v10,feat_gbm,2.0,43,231,-4.176381933735336,-3.7045714701961474
v10,feat_gbm,2.0,43,232,-0.3402463388797281,-0.3205795311611984
v10,feat_gbm,2.0,43,233,0.23516553456603376,-0.7282288274356463
v10,feat_gbm,2.0,43,234,0.08001824078811619,-0.6143938277881194
v10,feat_gbm,2.0,43,235,-2.7366740159596823,-3.717493513170671
v10,feat_gbm,2.0,43,236,-2.0171285533639187,-1.894186438607053
v10,feat_gbm,2.0,43,237,-0.13469495919139235,0.19101892391720615
v10,feat_gbm,2.0,43,238,-1.804246578964896,-2.723653519266766
v10,feat_gbm,2.0,43,239,0.4710391995563433,0.28172679866345784
v10,feat_gbm,2.0,43,240,-1.5164518934747018,-0.570916259780521
v10,feat_gbm,2.0,43,241,-1.7313273407314276,-3.037607674189957
v10,feat_gbm,2.0,43,242,-2.484997512268837,-2.4824067099880884
v10,feat_gbm,2.0,43,243,0.5877880452177324,1.793244191067856
v10,feat_gbm,2.0,43,244,-1.9806938946920891,-2.170563194223024
v10,feat_gbm,2.0,43,245,-2.187787963351467,-2.5580286375581696
v10,feat_gbm,2.0,43,246,-2.8385399597551375,-3.9013363177662743
v10,feat_gbm,2.0,43,247,-1.5247430778042161,-1.2689211715035387
v10,feat_gbm,2.0,43,248,-2.5287315260755228,-2.89795980370705
v10,feat_gbm,2.0,43,249,-1.0189632897534928,-1.149470325468549
v10,feat_gbm,2.0,43,250,-2.6939717099000497,-2.1803876537888693
v10,feat_gbm,2.0,43,251,-0.49423423925888793,-1.2010659028736028
v10,feat_gbm,2.0,43,252,-2.918393230550675,-2.675840590612525
v10,feat_gbm,2.0,43,253,-1.094630692539692,-0.865421424414132
v10,feat_gbm,2.0,43,254,0.08056430015494308,-0.45089388998719687
v10,feat_gbm,2.0,43,255,-1.1890416257810512,-1.477655138121315
v10,feat_gbm,2.0,43,256,-1.9704472963902588,-1.9234128661936198
v10,feat_gbm,2.0,43,257,-0.6961245339395268,-0.8895479413744646
v10,feat_gbm,2.0,43,258,-1.2586736145836588,-1.284701881398344
v10,feat_gbm,2.0,43,259,-0.3891589205790754,0.03791276039075724
v10,feat_gbm,2.0,43,260,-0.7398574127160915,-1.213907680807544
v10,feat_gbm,2.0,43,261,-0.2884897847391252,-0.6937064881158975
v10,feat_gbm,2.0,43,262,-2.7379748988316357,-2.500344974429108
v10,feat_gbm,2.0,43,263,-2.9888128444488644,-3.0782877743164985
v10,feat_gbm,2.0,43,264,-2.369451911109677,-3.2702790535172426
v10,feat_gbm,2.0,43,265,-0.319944568606936,-0.15746453031192983
v10,feat_gbm,2.0,43,266,-1.3940825071455056,-1.3930653126164372
v10,feat_gbm,2.0,43,267,-4.079896516440683,-3.460520174484755
v10,feat_gbm,2.0,43,268,-2.0555013904914032,-1.8115923421665279
v10,feat_gbm,2.0,43,269,0.048233538356567414,-0.04785951915829837
v10,feat_gbm,2.0,43,270,-1.8145654123542927,-1.3387838926701625
v10,feat_gbm,2.0,43,271,0.5320823205278112,0.6172482925771328
v10,feat_gbm,2.0,43,272,0.23442502803066484,0.10718580269537517
v10,feat_gbm,2.0,43,273,-2.837023314723605,-2.4250613993713395
v10,feat_gbm,2.0,43,274,-0.04410565211111366,-0.4656136934058211
v10,feat_gbm,2.0,43,275,-1.9860552653602668,-1.7679071058666047
v10,feat_gbm,2.0,43,276,-0.12474487443081005,-0.15192249005847586
v10,feat_gbm,2.0,43,277,-0.7216538593895794,-0.22686658439221394
v10,feat_gbm,2.0,43,278,-1.0852927389977594,-0.3963273628232521
v10,feat_gbm,2.0,43,279,-2.4890485685755586,-2.1916982233579314
v10,feat_gbm,2.0,43,280,-0.38618329344025093,0.5138857123822332
v10,feat_gbm,2.0,43,281,-0.906183191197922,0.13501120436460418
v10,feat_gbm,2.0,43,282,0.028315467687582755,-0.35232291748203215
v10,feat_gbm,2.0,43,283,-0.15660631088989385,0.33710059568630363
v10,feat_gbm,2.0,43,284,0.9136689731412062,2.2269494594330284
v10,feat_gbm,2.0,43,285,-0.44043691673890023,-0.8523290277873723
v10,feat_gbm,2.0,43,286,0.00793064261171014,0.5032694866056324
v10,feat_gbm,2.0,43,287,-3.844944409375414,-3.0734310124071125
v10,feat_gbm,2.0,43,288,-2.882290591818589,-3.0969464995649485
v10,feat_gbm,2.0,43,289,0.06860964188078597,0.8088909840914691
v10,feat_gbm,2.0,43,290,-2.5726026965828686,-1.710735902712342
v10,feat_gbm,2.0,43,291,-0.35837039826258904,-0.24588513525180683
v10,feat_gbm,2.0,43,292,-2.467801029173129,-2.9910915714149957
v10,feat_gbm,2.0,43,293,-0.1814549704690055,0.24397961438558982
v10,feat_gbm,2.0,43,294,0.3450605835577495,0.9827222917401395
v10,feat_gbm,2.0,43,295,0.39541375041189786,1.5399914318848642
v10,feat_gbm,2.0,43,296,-2.671176231306025,-3.028104854063688
v10,feat_gbm,2.0,43,297,-2.4343775236586254,-1.9675880903276046
v10,feat_gbm,2.0,43,298,0.324036887515476,0.3882116190950413
v10,feat_gbm,2.0,43,299,-1.6408673848260054,-0.4169590587595381
v10,feat_gbm,2.0,43,300,-0.6079398489347594,-0.47104701624968015
v10,feat_gbm,2.0,43,301,-0.7072150593918703,-0.5788171023402015
v10,feat_gbm,2.0,43,302,-3.496526998968492,-3.325334912618423
v10,feat_gbm,2.0,43,303,-0.22167060572847191,0.27214776974989446
v10,feat_gbm,2.0,43,304,-0.002213962012339718,0.2838761456734127
v10,feat_gbm,2.0,43,305,0.6786842604416549,0.98356576927226
v10,feat_gbm,2.0,43,306,-1.5435712928069731,-2.324804251846344
v10,feat_gbm,2.0,43,307,-0.24331404018203645,-0.30060412365222405
v10,feat_gbm,2.0,43,308,-3.43397322879602,-3.5706943269006843
v10,feat_gbm,2.0,43,309,-0.28111188133940873,0.7657986236992217
v10,feat_gbm,2.0,43,310,-1.250213717981646,-0.3760212383278314
v10,feat_gbm,2.0,43,311,1.0608774071424873,0.903367601886353
v10,feat_gbm,2.0,43,312,0.5352855923148381,0.2834145554969618
v10,feat_gbm,2.0,43,313,-0.18894384089319108,-0.8750381269167363
v10,feat_gbm,2.0,43,314,-2.6323252674105997,-0.8911054934067958
v10,feat_gbm,2.0,43,315,0.24110027270678228,0.2699623908229132
v10,feat_gbm,2.0,43,316,-2.9756597684695665,-4.034449774534175
v10,feat_gbm,2.0,43,317,0.2616405667297095,0.7302045063515665
v10,feat_gbm,2.0,43,318,-2.5915972157533713,-2.5264159394565007
v10,feat_gbm,2.0,43,319,-2.63766850310485,-3.1280680478747835
v10,feat_gbm,2.0,43,320,0.3942227415615698,-0.623194388118803
v10,feat_gbm,2.0,43,321,-3.325556272113627,-4.172922463867305
v10,feat_gbm,2.0,43,322,0.5512043392447866,1.0714029341973417
v10,feat_gbm,2.0,43,323,-2.3178241854214563,-2.5538050374755565
v10,feat_gbm,2.0,43,324,-1.9409575769323617,-1.5310020975326282
v10,feat_gbm,2.0,43,325,-0.2636926341696168,-0.735749980772127
v10,feat_gbm,2.0,43,326,-1.1069517840653427,-0.5010306012352705
v10,feat_gbm,2.0,43,327,-3.7560972971739393,-4.393123087746285
v10,feat_gbm,2.0,43,328,0.05247088556536015,0.6439364857563509
v10,feat_gbm,2.0,43,329,-2.8638423853405044,-2.60760252445046
v10,feat_gbm,2.0,43,330,0.3963514799300739,0.46983427811083467
v10,feat_gbm,2.0,43,331,-0.6430080642801959,-1.149354435920189
v10,feat_gbm,2.0,43,332,-1.999871534955898,-1.0961264399974935
v10,feat_gbm,2.0,43,333,0.5435427470315055,1.4253561556633074
v10,feat_gbm,2.0,43,334,0.842462039243778,1.0406546288822482
v10,feat_gbm,2.0,43,335,-0.4585821001239942,-0.1286217558512718
v10,feat_gbm,2.0,43,336,-1.5993115885897131,-1.7275974260064488
v10,feat_gbm,2.0,43,337,-2.2658084100685754,-4.535227665039715
v10,feat_gbm,2.0,43,338,-0.23728215251726,-1.078833843619319
v10,feat_gbm,2.0,43,339,-1.7071364666081517,-2.035297396751524
v10,feat_gbm,2.0,43,340,0.21652880719293724,0.4788286932125707
v10,feat_gbm,2.0,43,341,-0.8623758237697596,-0.4595082096564039
v10,feat_gbm,2.0,43,342,-3.6056841938920425,-3.653430804591794
v10,feat_gbm,2.0,43,343,0.6492574699327857,0.2834522663037432
v10,feat_gbm,2.0,43,344,0.10102128142380412,-0.15984972455285287
v10,feat_gbm,2.0,43,345,-2.658855749582443,-3.8822970119574354
v10,feat_gbm,2.0,43,346,-2.2303855793704725,-2.5801989990218064
v10,feat_gbm,2.0,43,347,-3.8319007003433745,-3.2622630695286134
v10,feat_gbm,2.0,43,348,-1.283361873042698,-0.4894561152880944
v10,feat_gbm,2.0,43,349,-4.403237951070887,-3.0223552414624764
v10,feat_gbm,2.0,43,350,0.5435043138461206,0.4215072765335228
v10,feat_gbm,2.0,43,351,-2.28315132272333,-1.8152752103400673
v10,feat_gbm,2.0,43,352,0.8323446989518474,1.102263670511441
v10,feat_gbm,2.0,43,353,0.6497998480243165,1.4454852001466738
v10,feat_gbm,2.0,43,354,-3.1490030142968113,-3.6770060333191017
v10,feat_gbm,2.0,43,355,-2.9488963119191833,-5.078652858832153
v10,feat_gbm,2.0,43,356,0.1262764781644986,0.7815322159665122
v10,feat_gbm,2.0,43,357,0.34310901914549746,0.6775133790495483
v10,feat_gbm,2.0,43,358,-3.54217954538436,-3.5163570325540956
v10,feat_gbm,2.0,43,359,-2.8828770712887195,-4.157760523739404
v10,feat_gbm,2.0,43,360,-0.42567330287213684,-0.18386357284099003
v10,feat_gbm,2.0,43,361,-3.522000201947218,-4.477383009144865
v10,feat_gbm,2.0,43,362,-0.35447269485624705,0.2909126951240761
v10,feat_gbm,2.0,43,363,-3.0007646164958195,-3.5121531596302606
v10,feat_gbm,2.0,43,364,-0.21253559202131475,-0.0019354464452207268
v10,feat_gbm,2.0,43,365,-3.3665909046127487,-3.264666087597375
v10,feat_gbm,2.0,43,366,-0.9562833597963097,-1.4961090632143375
v10,feat_gbm,2.0,43,367,-0.20371428573621086,-0.10305907560987346
v10,feat_gbm,2.0,43,368,-0.1377554415021075,0.24601275195113992
v10,feat_gbm,2.0,43,369,-2.2900298572501714,-1.6400355118163064
v10,feat_gbm,2.0,43,370,-1.3536212744174456,-1.5399226532969161
v10,feat_gbm,2.0,43,371,-0.5907335607980525,-0.3336387161155974
v10,feat_gbm,2.0,43,372,0.22798259846167152,0.3185760540422761
v10,feat_gbm,2.0,43,373,-0.6857714926194615,-0.30756424411789
v10,feat_gbm,2.0,43,374,-3.513956425663223,-3.551435429619069
v10,feat_gbm,2.0,43,375,0.5778018247479126,-0.12846918127015178
v10,feat_gbm,2.0,43,376,0.48149482738288574,0.43413099611324796
v10,feat_gbm,2.0,43,377,0.3065749508169543,0.8095384731463161
v10,feat_gbm,2.0,43,378,0.17968309393399007,0.20303525329731625
v10,feat_gbm,2.0,43,379,0.3282819856143847,0.524784145223057
v10,feat_gbm,2.0,43,380,0.3953221792680896,0.8722609808312535
v10,feat_gbm,2.0,43,381,0.33651053427810573,1.0190202163897197
v10,feat_gbm,2.0,43,382,0.07246704620540403,1.2715191268303472
v10,feat_gbm,2.0,43,383,-0.22525306782448762,-0.13923746667536385
v10,feat_gbm,2.0,43,384,-1.2431972501577622,-1.7983983483294153
v10,feat_gbm,2.0,43,385,-0.16230102946992653,0.5606037150840157
v10,feat_gbm,2.0,43,386,0.8222822238401354,0.6003456151224621
v10,feat_gbm,2.0,43,387,0.11258119880480995,1.3071718981356573
v10,feat_gbm,2.0,43,388,-0.0068962297352459815,-0.19457283568776126
v10,feat_gbm,2.0,43,389,-1.3415076647931667,-0.981880356960367
v10,feat_gbm,2.0,43,390,-2.9842921320867593,-2.628024059072158
v10,feat_gbm,2.0,43,391,-2.958099109488383,-2.479262758098376
v10,feat_gbm,2.0,43,392,-2.174747966399127,-2.207941629114672
v10,feat_gbm,2.0,43,393,-2.7400222885789134,-2.806586620215901
v10,feat_gbm,2.0,43,394,-0.4637491413935615,-0.16842623590390868
v10,feat_gbm,2.0,43,395,0.4435311677938319,0.3596423409999632
v10,feat_gbm,2.0,43,396,-1.781318981229051,-3.117667066362407
v10,feat_gbm,2.0,43,397,0.689435164749005,0.6134086288650079
v10,feat_gbm,2.0,43,398,0.42519158992891337,0.5049020087080688
v10,feat_gbm,2.0,43,399,-1.7519973972017815,-1.0548605918119196
v10,feat_gbm,2.0,43,400,-2.529430428799727,-2.877676775828332
v10,feat_gbm,2.0,43,401,0.07560866083495373,0.015654415635624343
v10,feat_gbm,2.0,43,402,-0.35586816512648917,-0.7027824676465185
v10,feat_gbm,2.0,43,403,0.18013801610493674,0.6733427913489138
v10,feat_gbm,2.0,43,404,-0.25948862394370453,0.03259550049258387
v10,feat_gbm,2.0,43,405,-3.2775981623210795,-3.4179416205706223
v10,feat_gbm,2.0,43,406,-1.2168603678279508,-1.6563158072976616
v10,feat_gbm,2.0,43,407,-0.12367289402193656,0.3281041495218151
v10,feat_gbm,2.0,43,408,-2.061786631792825,-1.498502430121411
v10,feat_gbm,2.0,43,409,-1.9944596015086278,-1.5390850133499359
v10,feat_gbm,2.0,43,410,-2.9335723643370115,-3.8769914364338094
v10,feat_gbm,2.0,43,411,-1.5392545337121577,-1.1093409530974205
v10,feat_gbm,2.0,43,412,-1.8312534527511792,-2.1356441225652167
v10,feat_gbm,2.0,43,413,0.14200102094317957,0.5613925387002681
v10,feat_gbm,2.0,43,414,-2.200803723146275,-2.672303525149137
v10,feat_gbm,2.0,43,415,0.7454123493872478,0.9887747910888531
v10,feat_gbm,2.0,43,416,-1.811500481338478,-2.064740642123073
v10,feat_gbm,2.0,43,417,-1.1799918519532773,-0.13534283366780814
v10,feat_gbm,2.0,43,418,0.18546729367525105,0.5266566940316069
v10,feat_gbm,2.0,43,419,-0.4045569361502065,-0.7929716308762645
v10,feat_gbm,2.0,43,420,-0.2070889928981521,0.22081989653443584
v10,feat_gbm,2.0,43,421,-3.9976317572314373,-3.4911396429773087
v10,feat_gbm,2.0,43,422,-0.09568709591220825,0.4691563032653497
v10,feat_gbm,2.0,43,423,-0.11281602929710492,-0.21242164749251408
v10,feat_gbm,2.0,43,424,-2.3832214392815176,-2.0235730224261497
v10,feat_gbm,2.0,43,425,-0.29857935913704564,0.1881042769243711
v10,feat_gbm,2.0,43,426,-0.9955217515680459,-0.7546830882020855
v10,feat_gbm,2.0,43,427,-2.256230538728679,-2.004418163271322
v10,feat_gbm,2.0,43,428,0.06733820904719795,0.08108350485015015
v10,feat_gbm,2.0,43,429,-1.2747619122672758,-0.8958783842144782
v10,feat_gbm,2.0,43,430,-0.03867426665069088,-0.700178367515834
v10,feat_gbm,2.0,43,431,-2.488641075603545,-2.026447754843476
v10,feat_gbm,2.0,43,432,-2.409434258818766,-3.3644112924118934
v10,feat_gbm,2.0,43,433,-1.8600491705245281,-2.4777804975332844
v10,feat_gbm,2.0,43,434,-3.1513356675422624,-3.6407879329147783
v10,feat_gbm,2.0,43,435,-0.17830360186871574,0.8140524350977956
v10,feat_gbm,2.0,43,436,-0.19292328397688757,-0.6342245759550225
v10,feat_gbm,2.0,43,437,-1.449458510999407,-1.0170271575608654
v10,feat_gbm,2.0,43,438,0.6118164384401175,1.2058566336630974
v10,feat_gbm,2.0,43,439,0.9299510265479912,1.04159183954478
v10,feat_gbm,2.0,43,440,-0.9856132640492734,-0.383754051292973
v10,feat_gbm,2.0,43,441,0.8833158952728575,0.9717849563735496
v10,feat_gbm,2.0,43,442,0.7643330861462735,0.915394257773604
v10,feat_gbm,2.0,43,443,-0.03790306071639499,0.17619398118278368
v10,feat_gbm,2.0,43,444,-2.550489556423245,-2.3026142847949007
v10,feat_gbm,2.0,43,445,-0.6315920664668171,-2.156995715227189
v10,feat_gbm,2.0,43,446,-2.390403723665907,-1.9647154613855007
v10,feat_gbm,2.0,43,447,-1.368365590577819,-1.2167428909736953
v10,feat_gbm,2.0,43,448,-0.3678454810417182,0.371748058948411
v10,feat_gbm,2.0,43,449,-3.6958408440456507,-3.354914600670279
v10,feat_gbm,2.0,43,450,-3.149861076900436,-2.0984010901330774
v10,feat_gbm,2.0,43,451,-2.1862675558783895,-1.8411195968283314
v10,feat_gbm,2.0,43,452,0.455720437981437,-0.2866386615093297
v10,feat_gbm,2.0,43,453,-0.9784951540300184,-2.1769502099219324
v10,feat_gbm,2.0,43,454,-0.39006447009972056,0.851829112076475
v10,feat_gbm,2.0,43,455,0.49215305045859675,-0.5174982843777256
v10,feat_gbm,2.0,43,456,-2.7676864421145493,-3.7883351795095335
v10,feat_gbm,2.0,43,457,-1.3819755720416804,-1.3225504843777425
v10,feat_gbm,2.0,43,458,-0.6585165492506737,-0.6304710111145473
v10,feat_gbm,2.0,43,459,-3.486617545621226,-2.867776928577639
v10,feat_gbm,2.0,43,460,-0.32082504538261203,-0.20106453453544149
v10,feat_gbm,2.0,43,461,0.7818970337524279,0.565413433251147
v10,feat_gbm,2.0,43,462,0.08732276483175515,0.6531860801292728
v10,feat_gbm,2.0,43,463,-3.0072980434903407,-3.295531334571209
v10,feat_gbm,2.0,43,464,-1.645639901338607,-1.118951529136503
v10,feat_gbm,2.0,43,465,-0.18538855373397423,0.08535922256033004
v10,feat_gbm,2.0,43,466,0.04757009526346015,0.2656879386171551
v10,feat_gbm,2.0,43,467,-1.143034136836248,-1.0764680911985907
v10,feat_gbm,2.0,43,468,0.8561735240029751,2.2503813782282114
v10,feat_gbm,2.0,43,469,-0.18544902109892747,-0.029700274932011248
v10,feat_gbm,2.0,43,470,-2.504617098715303,-2.1918010579584375
v10,feat_gbm,2.0,43,471,1.0361168078174499,-0.12537364897776127
v10,feat_gbm,2.0,43,472,-1.5514484530132975,-1.3714574409892777
v10,feat_gbm,2.0,43,473,-2.3157183775159056,-1.0216450817816245
v10,feat_gbm,2.0,43,474,-0.7540517339715378,-0.8313233833759152
v10,feat_gbm,2.0,43,475,-2.3562846336542136,-3.25243582884057
v10,feat_gbm,2.0,43,476,0.4997442061490592,0.8737365575305754
v10,feat_gbm,2.0,43,477,-2.0073671258094055,-1.8373017486027088
v10,feat_gbm,2.0,43,478,-1.6307221683275872,-1.909749317133085
v10,feat_gbm,2.0,43,479,0.1269155524097691,0.418341725137149
v10,feat_gbm,2.0,43,480,-1.6219555769704406,-2.8689304810445995
v10,feat_gbm,2.0,43,481,-4.344908429978636,-3.9192950012633494
v10,feat_gbm,2.0,43,482,0.7255586101167908,0.8191907452202399
v10,feat_gbm,2.0,43,483,-2.8794534988947897,-2.7371748494528005
v10,feat_gbm,2.0,43,484,0.10436028882808472,0.043868991079412875
v10,feat_gbm,2.0,43,485,-2.4404623526312657,-3.9571024828402512
v10,feat_gbm,2.0,43,486,-1.3436207401051865,-0.8286091055291892
v10,feat_gbm,2.0,43,487,1.0802608589760192,1.1086460137612473
v10,feat_gbm,2.0,43,488,-0.7486795151816535,-1.0899995989348372
v10,feat_gbm,2.0,43,489,-3.1246530306338354,-2.9260181182274523
v10,feat_gbm,2.0,43,490,-0.23359066864812833,0.01778898425240747
v10,feat_gbm,2.0,43,491,0.23540760410628994,-0.388546054063584
v10,feat_gbm,2.0,43,492,-0.7312197802114211,-0.8483910406321095
v10,feat_gbm,2.0,43,493,-2.7586594960452393,-2.4855190663855797
v10,feat_gbm,2.0,43,494,-0.16187810878549833,-0.6027729178489412
v10,feat_gbm,2.0,43,495,-1.7376606327055857,-1.5285925057254015
v10,feat_gbm,2.0,43,496,0.26970310220777516,1.0092174422839322
v10,feat_gbm,2.0,43,497,-2.463797580178177,-2.421052301727873
v10,feat_gbm,2.0,43,498,-3.026767273838934,-3.2283141264699093
v10,feat_gbm,2.0,43,499,-3.5033220037026243,-4.907212199848568
v10,feat_gbm,2.0,44,0,-0.1952456930597246,0.03894909458183669
v10,feat_gbm,2.0,44,1,-2.344047600228478,-2.5052564746229193
v10,feat_gbm,2.0,44,2,0.28443228584491836,0.6287827851917782
v10,feat_gbm,2.0,44,3,-2.7896112843648577,-3.3447289283878643
v10,feat_gbm,2.0,44,4,1.2729801450362737,0.9694015026406426
v10,feat_gbm,2.0,44,5,-2.270237130644209,-2.4693709778233526
v10,feat_gbm,2.0,44,6,0.06889579610441555,-0.2819211013310965
v10,feat_gbm,2.0,44,7,0.151281267167875,0.5289578846490461
v10,feat_gbm,2.0,44,8,0.4596794928263865,0.032863622186365654
v10,feat_gbm,2.0,44,9,0.6167127171555256,0.9352707853930591
v10,feat_gbm,2.0,44,10,-1.5942292013221178,-1.5987558134683666
v10,feat_gbm,2.0,44,11,-2.3196878750743615,-3.2678706438993954
v10,feat_gbm,2.0,44,12,-1.4928676617390955,-2.445380546146449
v10,feat_gbm,2.0,44,13,-0.687372566351688,-0.4471217519653716
v10,feat_gbm,2.0,44,14,-0.794258952859455,-1.8343062920535937
v10,feat_gbm,2.0,44,15,-2.816122607121615,-2.278287047942225
v10,feat_gbm,2.0,44,16,-0.4554769807518757,-1.113015507562239
v10,feat_gbm,2.0,44,17,-0.8539099646250655,-1.149386040828735
v10,feat_gbm,2.0,44,18,-0.0016410977864727695,-0.4541092694382234
v10,feat_gbm,2.0,44,19,-2.609732318186098,-2.8798658660471284
v10,feat_gbm,2.0,44,20,-3.1930349372371283,-3.281006200299989
v10,feat_gbm,2.0,44,21,-0.6144942648705225,-0.7889402030111288
v10,feat_gbm,2.0,44,22,-1.7430547328903596,-0.48114593055133975
v10,feat_gbm,2.0,44,23,-2.2908660708577457,-2.8038114998165153
v10,feat_gbm,2.0,44,24,-2.150245165706278,-2.6726430450531393
v10,feat_gbm,2.0,44,25,-3.295193357109177,-3.141178249464176
v10,feat_gbm,2.0,44,26,-3.1635941381832713,-3.8612362310489847
v10,feat_gbm,2.0,44,27,-2.4295899803316106,-3.085821277369337
v10,feat_gbm,2.0,44,28,-1.8775517363053233,-2.1153791712035637
v10,feat_gbm,2.0,44,29,-1.1685936365242973,-0.5854112868629942
v10,feat_gbm,2.0,44,30,0.08566869624056293,0.13849791927417068
v10,feat_gbm,2.0,44,31,-2.8767243398358957,-2.779654184179668
v10,feat_gbm,2.0,44,32,0.9290478584948343,0.9166392391011026
v10,feat_gbm,2.0,44,33,-1.910324914942275,-2.134444297962007
v10,feat_gbm,2.0,44,34,0.28915327291051834,1.1224191581864646
v10,feat_gbm,2.0,44,35,-1.6346570257481434,-2.7514680837461087
v10,feat_gbm,2.0,44,36,-0.1639914748785927,0.7493710802437775
v10,feat_gbm,2.0,44,37,-2.1839588221970927,-2.157600461660938
v10,feat_gbm,2.0,44,38,-1.8425056440696705,-1.7436371170468024
v10,feat_gbm,2.0,44,39,0.7928366886041845,0.632388610685479
v10,feat_gbm,2.0,44,40,-1.0948111710914974,-1.5024753827969588
v10,feat_gbm,2.0,44,41,-2.931405561902213,-2.936018587066778
v10,feat_gbm,2.0,44,42,-0.5143538627331733,-0.06406961406287034
v10,feat_gbm,2.0,44,43,-0.5789527120472405,-0.43711075337934485
v10,feat_gbm,2.0,44,44,0.491624442370762,0.521724778538647
v10,feat_gbm,2.0,44,45,0.4955977747217211,-0.02881562555915001
v10,feat_gbm,2.0,44,46,-2.815432500234489,-2.6856700943784895
v10,feat_gbm,2.0,44,47,-3.4327650566279924,-3.3419513202228783
v10,feat_gbm,2.0,44,48,-0.42646506430623426,-0.35240032436669677
v10,feat_gbm,2.0,44,49,-2.7163327989940687,-4.466027560457086
v10,feat_gbm,2.0,44,50,-1.0276367858086923,-1.2227887404747313
v10,feat_gbm,2.0,44,51,-2.877782880912121,-4.168130875201601
v10,feat_gbm,2.0,44,52,-2.8597177016405433,-2.1825653069440887
v10,feat_gbm,2.0,44,53,-2.7373338775332368,-2.816977102698189
v10,feat_gbm,2.0,44,54,-0.9577013092814701,-0.9520374156321785
v10,feat_gbm,2.0,44,55,0.7955146778126276,0.800460094219776
v10,feat_gbm,2.0,44,56,0.20885144180104825,0.2782562560211116
v10,feat_gbm,2.0,44,57,-0.2524180272569043,-0.7855200046266205
v10,feat_gbm,2.0,44,58,-2.441241745927523,-2.837973637743256
v10,feat_gbm,2.0,44,59,0.8032276231897334,0.3653424354755994
v10,feat_gbm,2.0,44,60,-3.73339012166638,-3.145987746693799
v10,feat_gbm,2.0,44,61,-1.2995573792763095,-2.1381844357326614
v10,feat_gbm,2.0,44,62,0.2374599247820768,0.3908315550690521
v10,feat_gbm,2.0,44,63,-2.8857584251496653,-3.259739876316779
v10,feat_gbm,2.0,44,64,-3.904251153563948,-3.799325775609258
v10,feat_gbm,2.0,44,65,-0.17199752082827785,0.2842997557356093
v10,feat_gbm,2.0,44,66,0.31543766240915533,0.9099380077885143
v10,feat_gbm,2.0,44,67,0.19715480612675113,0.5741223235018287
v10,feat_gbm,2.0,44,68,1.1864796667374713,1.3807263582335993
v10,feat_gbm,2.0,44,69,0.32094027795256247,2.7357387204405055
v10,feat_gbm,2.0,44,70,-0.07549207816021569,-0.3782017485149665
v10,feat_gbm,2.0,44,71,-0.818934523855954,-0.6946521973220513
v10,feat_gbm,2.0,44,72,-3.2673708006620794,-3.510295151868067
v10,feat_gbm,2.0,44,73,-0.39037317531646704,-0.3643686170400702
v10,feat_gbm,2.0,44,74,1.625320011785622,1.1835884152793859
v10,feat_gbm,2.0,44,75,0.06649106136395752,-0.38644824542838596
v10,feat_gbm,2.0,44,76,0.1941129185037887,0.7005004452467647
v10,feat_gbm,2.0,44,77,0.02201698284551419,0.3770911051312199
v10,feat_gbm,2.0,44,78,-0.4196415909901699,-0.5374783823521183
v10,feat_gbm,2.0,44,79,-2.5481715028778384,-3.2499450611549854
v10,feat_gbm,2.0,44,80,-2.211773216037035,-1.719925172279684
v10,feat_gbm,2.0,44,81,0.478990278570873,1.8185710395242058
v10,feat_gbm,2.0,44,82,-1.1266861877738383,-1.0758778979961314
v10,feat_gbm,2.0,44,83,-0.18607190533936502,-0.8033140510569362
v10,feat_gbm,2.0,44,84,-2.0107848076087365,-2.0837035815006346
v10,feat_gbm,2.0,44,85,-1.390323951824302,-1.2430797823904942
v10,feat_gbm,2.0,44,86,0.26292437876872876,0.639317965424242
v10,feat_gbm,2.0,44,87,-0.4974275400232991,-0.02321591952008587
v10,feat_gbm,2.0,44,88,-2.935840928534747,-3.512086916650174
v10,feat_gbm,2.0,44,89,-1.2787720568152872,-1.684363733317816
v10,feat_gbm,2.0,44,90,-3.6612033309104377,-3.5341996208099964
v10,feat_gbm,2.0,44,91,0.7445092845458012,1.1574629997660548
v10,feat_gbm,2.0,44,92,-0.7979369351029278,-0.7651863719989663
v10,feat_gbm,2.0,44,93,-4.4503389161596845,-5.7708125015304885
v10,feat_gbm,2.0,44,94,-0.11890842413855965,0.07374698385127064
v10,feat_gbm,2.0,44,95,0.0409562058121027,1.201566413592891
v10,feat_gbm,2.0,44,96,0.651031483192554,1.2655480006709303
v10,feat_gbm,2.0,44,97,-3.493766928835885,-3.2217777708537843
v10,feat_gbm,2.0,44,98,-2.8241764213937506,-1.2120387208328698
v10,feat_gbm,2.0,44,99,-0.4208827726067134,-0.04015373686183237
v10,feat_gbm,2.0,44,100,-2.4773462274745386,-2.8384481914339785
v10,feat_gbm,2.0,44,101,-2.9967687755169843,-3.541068619782685
v10,feat_gbm,2.0,44,102,-4.190758413295539,-4.424727465058162
v10,feat_gbm,2.0,44,103,-0.92128425897463,-0.7652009130347144
v10,feat_gbm,2.0,44,104,-0.8673088908405274,-0.406664655497914
v10,feat_gbm,2.0,44,105,-2.3300429481182148,-2.8019031633754246
v10,feat_gbm,2.0,44,106,-1.4128887002674808,-1.1978192780958505
v10,feat_gbm,2.0,44,107,-1.4605840668808128,-1.2497822804421463
v10,feat_gbm,2.0,44,108,-0.16232936935900652,-0.2003702404752673
v10,feat_gbm,2.0,44,109,-0.6631782567324416,-0.28745536208379296
v10,feat_gbm,2.0,44,110,0.004137074188460214,0.2838469771831524
v10,feat_gbm,2.0,44,111,-0.033302914244020106,0.6579850926301614
v10,feat_gbm,2.0,44,112,0.09898255309437712,-0.4279263804064609
v10,feat_gbm,2.0,44,113,0.0698957832128068,0.527327823801956
v10,feat_gbm,2.0,44,114,-3.532452143665992,-3.652947895428966
v10,feat_gbm,2.0,44,115,-1.3270154072632216,-0.04287987221360797
v10,feat_gbm,2.0,44,116,-3.433073175623684,-3.4409421360670214
v10,feat_gbm,2.0,44,117,-2.1647427288581045,-2.4284095097884006
v10,feat_gbm,2.0,44,118,-2.084293596815208,-1.419217075367618
v10,feat_gbm,2.0,44,119,-2.947351992898044,-1.4944271796191557
v10,feat_gbm,2.0,44,120,-2.630496061393312,-2.797137626437216
v10,feat_gbm,2.0,44,121,0.5238773866120412,3.1321125804877905
v10,feat_gbm,2.0,44,122,-2.5115298618868405,-3.164895556438051
v10,feat_gbm,2.0,44,123,0.2283404450716317,-0.021234684620174846
v10,feat_gbm,2.0,44,124,-1.3406554499387693,-1.246001114532972
v10,feat_gbm,2.0,44,125,-2.638388826868958,-2.7130193085566443
v10,feat_gbm,2.0,44,126,-2.1592961047132424,-2.0560780011130944
v10,feat_gbm,2.0,44,127,-1.3567237563928831,-1.631222331554067
v10,feat_gbm,2.0,44,128,-2.352885003481699,-3.477307725783656
v10,feat_gbm,2.0,44,129,0.84566642667814,1.7007542891568868
v10,feat_gbm,2.0,44,130,-3.382597240337227,-3.4021624962570822
v10,feat_gbm,2.0,44,131,-3.273136324714029,-3.701149444421242
v10,feat_gbm,2.0,44,132,-0.19940698904111331,-0.4116741376471012
v10,feat_gbm,2.0,44,133,-0.3502790746994009,-0.5680375850475197
v10,feat_gbm,2.0,44,134,-1.446638658780928,-1.4788189923590598
v10,feat_gbm,2.0,44,135,-2.670954049086464,-2.9896549957503007
v10,feat_gbm,2.0,44,136,0.21703435649792024,0.11194117436713467
v10,feat_gbm,2.0,44,137,0.874874543205536,1.7147062893715772
v10,feat_gbm,2.0,44,138,-2.5406406334287372,-1.9709125209383296
v10,feat_gbm,2.0,44,139,-0.269645684360991,0.19937477723826902
v10,feat_gbm,2.0,44,140,-1.8716102360716986,-2.8223726616431475
v10,feat_gbm,2.0,44,141,-0.29143295310888356,-0.12380828599000025
v10,feat_gbm,2.0,44,142,-2.4924503894136545,-2.97521232911642
v10,feat_gbm,2.0,44,143,-2.2145532583170424,-1.9484557479617686
v10,feat_gbm,2.0,44,144,0.7753391902529466,1.244093655886106
v10,feat_gbm,2.0,44,145,-2.5435289165931927,-2.0280859266176816
v10,feat_gbm,2.0,44,146,-1.750220170049336,-2.0754073031653366
v10,feat_gbm,2.0,44,147,-0.18051309641500193,-0.11331641159387335
v10,feat_gbm,2.0,44,148,-2.0822082746340156,-2.620298039600635
v10,feat_gbm,2.0,44,149,-2.938041918709043,-3.8395532227602396
v10,feat_gbm,2.0,44,150,-1.8316137400134322,-2.149698272240366
v10,feat_gbm,2.0,44,151,-2.8497926274859915,-3.1594376779318036
v10,feat_gbm,2.0,44,152,-2.310254937585559,-2.7712141114581046
v10,feat_gbm,2.0,44,153,-1.0072955329124673,-1.1483368403810985
v10,feat_gbm,2.0,44,154,-0.4060209937903689,-1.4700676700115773
v10,feat_gbm,2.0,44,155,1.0007534951361665,1.4088416749712322
v10,feat_gbm,2.0,44,156,0.25640039431229916,0.7564704220494097
v10,feat_gbm,2.0,44,157,-2.4899495148779076,-1.7148995557963913
v10,feat_gbm,2.0,44,158,-2.0998221123554557,-2.8595355115547196
v10,feat_gbm,2.0,44,159,-1.2378822440904511,-0.9922400520728849
v10,feat_gbm,2.0,44,160,1.3751964740833693,1.8585227307534937
v10,feat_gbm,2.0,44,161,-2.080070452756547,-2.477654537850602
v10,feat_gbm,2.0,44,162,-1.7854475606764242,-2.993764039868935
v10,feat_gbm,2.0,44,163,-1.1550863738151458,-1.1722671160336509
v10,feat_gbm,2.0,44,164,-1.969641525799696,-1.6577576086204497
v10,feat_gbm,2.0,44,165,-2.495584697345289,-2.9770186999323642
v10,feat_gbm,2.0,44,166,-3.1501362149676826,-3.2329952824425443
v10,feat_gbm,2.0,44,167,-0.3337499141681968,0.19550508612775644
v10,feat_gbm,2.0,44,168,-0.8852749603123996,-1.2639642813248737
v10,feat_gbm,2.0,44,169,1.7223485888137189,1.4224064134580066
v10,feat_gbm,2.0,44,170,-2.282974301703297,-1.5303724784706008
v10,feat_gbm,2.0,44,171,0.7481356786839212,0.6086346650572224
v10,feat_gbm,2.0,44,172,0.08546553129558135,-0.052232489626048526
v10,feat_gbm,2.0,44,173,-0.828668938381157,-0.19074605880313256
v10,feat_gbm,2.0,44,174,-2.427969939672147,-2.7678232596734214
v10,feat_gbm,2.0,44,175,-1.9407703502338653,-1.6557092188829319
v10,feat_gbm,2.0,44,176,0.17395479626657576,0.12081831439914445
v10,feat_gbm,2.0,44,177,-0.42924251648164163,3.7031714993021168
v10,feat_gbm,2.0,44,178,0.19090255511954263,-0.17761292562564054
v10,feat_gbm,2.0,44,179,0.4005131125330131,0.2295122735959306
v10,feat_gbm,2.0,44,180,-1.756622474804163,-1.6401012725318311
v10,feat_gbm,2.0,44,181,-2.9318549423902054,-3.399461101549646
v10,feat_gbm,2.0,44,182,0.3177532202139753,0.5421608664871393
v10,feat_gbm,2.0,44,183,-3.850110756262888,-3.7858185839721776
v10,feat_gbm,2.0,44,184,0.01294035138991226,0.4440956773301304
v10,feat_gbm,2.0,44,185,-0.14480910675740882,0.5450962365111649
v10,feat_gbm,2.0,44,186,-2.728494524603306,-3.094441269353033
v10,feat_gbm,2.0,44,187,0.184208164574361,1.436275522654785
v10,feat_gbm,2.0,44,188,-0.7483114976927522,-0.003208414280501246
v10,feat_gbm,2.0,44,189,-2.0730029475621574,-2.0766448721687736
v10,feat_gbm,2.0,44,190,-2.6937583852918947,-2.887011097372245
v10,feat_gbm,2.0,44,191,-0.390726924739166,-0.19564387773269687
v10,feat_gbm,2.0,44,192,-3.3827307562641376,-3.39219136175158
v10,feat_gbm,2.0,44,193,-3.4144332122105396,-4.804455114758695
v10,feat_gbm,2.0,44,194,-0.5961605358552255,-0.23230879418151415
v10,feat_gbm,2.0,44,195,1.0849102030773516,0.7768952289284052
v10,feat_gbm,2.0,44,196,-3.313788391387381,-3.0758975731441707
v10,feat_gbm,2.0,44,197,1.3730419744798281,1.8852948766094535
v10,feat_gbm,2.0,44,198,0.04662801106669538,-0.07474663349946693
v10,feat_gbm,2.0,44,199,1.447425201362579,0.9295509098669842
v10,feat_gbm,2.0,44,200,0.11866552419289253,0.40408761039079466
v10,feat_gbm,2.0,44,201,-0.9714032379932761,-1.0185563947000995
v10,feat_gbm,2.0,44,202,-1.1727271002539659,-1.5812541435625456
v10,feat_gbm,2.0,44,203,-1.4631834889887814,-2.9269603411540346
v10,feat_gbm,2.0,44,204,-0.17848939398171668,-0.9368237022381455
v10,feat_gbm,2.0,44,205,-0.46552991468595073,-0.771906247259438
v10,feat_gbm,2.0,44,206,-2.2827314502502034,-1.4457766532498904
v10,feat_gbm,2.0,44,207,-2.4445614158773306,-2.4752738768021185
v10,feat_gbm,2.0,44,208,-2.2242081095063,-2.8789590131308262
v10,feat_gbm,2.0,44,209,-1.6518200008761132,-2.6986856152036793
v10,feat_gbm,2.0,44,210,-0.2040792189366477,0.05837096406180189
v10,feat_gbm,2.0,44,211,-2.8784002636107893,-2.2327070274631113
v10,feat_gbm,2.0,44,212,0.06194360552513457,0.15758807445032513
v10,feat_gbm,2.0,44,213,0.7135419020650987,0.5234750924970406
v10,feat_gbm,2.0,44,214,1.0637245805088857,0.8312555987922697
v10,feat_gbm,2.0,44,215,-1.1893383686829886,-0.7699972654610447
v10,feat_gbm,2.0,44,216,-2.4804589307922402,-2.4368834827463726
v10,feat_gbm,2.0,44,217,-2.547077869249909,-3.7421886443248944
v10,feat_gbm,2.0,44,218,-3.325645612879531,-4.3753265313120195
v10,feat_gbm,2.0,44,219,0.05045915630152098,0.13181597567614448
v10,feat_gbm,2.0,44,220,-2.580974851186383,-2.150299196146146
v10,feat_gbm,2.0,44,221,0.20221944802340397,0.4316281043505307
v10,feat_gbm,2.0,44,222,0.3229935116183467,0.20581216265343685
v10,feat_gbm,2.0,44,223,-2.93403822707751,-1.7226779576420432
v10,feat_gbm,2.0,44,224,0.5948742318413031,1.0701061526100661
v10,feat_gbm,2.0,44,225,-0.7761720058636553,-2.995983076644188
v10,feat_gbm,2.0,44,226,-0.19051205149079978,-0.39103048890459524
v10,feat_gbm,2.0,44,227,-1.8355228665645176,-2.811377433191803
v10,feat_gbm,2.0,44,228,-0.2668989126412124,0.1103569248772952
v10,feat_gbm,2.0,44,229,0.5024061853329737,1.0926797996732165
v10,feat_gbm,2.0,44,230,-1.421094110025767,-1.1465469989616057
v10,feat_gbm,2.0,44,231,-4.205438386564905,-3.7045714701961474
v10,feat_gbm,2.0,44,232,-0.24773762861153298,-0.3205795311611984
v10,feat_gbm,2.0,44,233,0.38981836001674336,-0.7282288274356463
v10,feat_gbm,2.0,44,234,0.18424859829543563,-0.6143938277881194
v10,feat_gbm,2.0,44,235,-2.8083182815993424,-3.717493513170671
v10,feat_gbm,2.0,44,236,-1.9962334323930577,-1.894186438607053
v10,feat_gbm,2.0,44,237,-0.13644772075402828,0.19101892391720615
v10,feat_gbm,2.0,44,238,-1.5654647069338674,-2.723653519266766
v10,feat_gbm,2.0,44,239,0.4859390467431112,0.28172679866345784
v10,feat_gbm,2.0,44,240,-1.3174167129110053,-0.570916259780521
v10,feat_gbm,2.0,44,241,-1.7843159550697072,-3.037607674189957
v10,feat_gbm,2.0,44,242,-2.5286388638228736,-2.4824067099880884
v10,feat_gbm,2.0,44,243,0.5866152281095084,1.793244191067856
v10,feat_gbm,2.0,44,244,-1.863369114101119,-2.170563194223024
v10,feat_gbm,2.0,44,245,-2.240841163620279,-2.5580286375581696
v10,feat_gbm,2.0,44,246,-2.9137227656717637,-3.9013363177662743
v10,feat_gbm,2.0,44,247,-1.4011256831132948,-1.2689211715035387
v10,feat_gbm,2.0,44,248,-2.247743886386803,-2.89795980370705
v10,feat_gbm,2.0,44,249,-0.982500520092233,-1.149470325468549
v10,feat_gbm,2.0,44,250,-2.6499774414797903,-2.1803876537888693
v10,feat_gbm,2.0,44,251,-0.5108003581676892,-1.2010659028736028
v10,feat_gbm,2.0,44,252,-2.618084272053159,-2.675840590612525
v10,feat_gbm,2.0,44,253,-1.2392460257759155,-0.865421424414132
v10,feat_gbm,2.0,44,254,0.10924617838906693,-0.45089388998719687
v10,feat_gbm,2.0,44,255,-1.3083351986603182,-1.477655138121315
v10,feat_gbm,2.0,44,256,-1.951109814271981,-1.9234128661936198
v10,feat_gbm,2.0,44,257,-0.820233643602334,-0.8895479413744646
v10,feat_gbm,2.0,44,258,-1.1061718974897514,-1.284701881398344
v10,feat_gbm,2.0,44,259,-0.22945760861521658,0.03791276039075724
v10,feat_gbm,2.0,44,260,-0.6189087961818039,-1.213907680807544
v10,feat_gbm,2.0,44,261,-0.3885846091811794,-0.6937064881158975
v10,feat_gbm,2.0,44,262,-2.4839070132207564,-2.500344974429108
v10,feat_gbm,2.0,44,263,-3.1154806315031505,-3.0782877743164985
v10,feat_gbm,2.0,44,264,-2.4144167784489285,-3.2702790535172426
v10,feat_gbm,2.0,44,265,-0.34216347349637943,-0.15746453031192983
v10,feat_gbm,2.0,44,266,-1.2826239230247314,-1.3930653126164372
v10,feat_gbm,2.0,44,267,-4.095041278170347,-3.460520174484755
v10,feat_gbm,2.0,44,268,-1.7787410723987296,-1.8115923421665279
v10,feat_gbm,2.0,44,269,0.1584923316061292,-0.04785951915829837
v10,feat_gbm,2.0,44,270,-1.8116314443179735,-1.3387838926701625
v10,feat_gbm,2.0,44,271,0.6712347004147202,0.6172482925771328
v10,feat_gbm,2.0,44,272,-0.045000278337272034,0.10718580269537517
v10,feat_gbm,2.0,44,273,-2.915590754362824,-2.4250613993713395
v10,feat_gbm,2.0,44,274,-0.06756531974783309,-0.4656136934058211
v10,feat_gbm,2.0,44,275,-1.9904277617383341,-1.7679071058666047
v10,feat_gbm,2.0,44,276,-0.018882730682821057,-0.15192249005847586
v10,feat_gbm,2.0,44,277,-0.7714135013143149,-0.22686658439221394
v10,feat_gbm,2.0,44,278,-1.1003919894530867,-0.3963273628232521
v10,feat_gbm,2.0,44,279,-2.5592283733761505,-2.1916982233579314
v10,feat_gbm,2.0,44,280,-0.02887939601644081,0.5138857123822332
v10,feat_gbm,2.0,44,281,-0.3923645291088095,0.13501120436460418
v10,feat_gbm,2.0,44,282,0.020720142941101544,-0.35232291748203215
v10,feat_gbm,2.0,44,283,-0.20201970855004844,0.33710059568630363
v10,feat_gbm,2.0,44,284,1.0143060167767406,2.2269494594330284
v10,feat_gbm,2.0,44,285,-0.40299572060409744,-0.8523290277873723
v10,feat_gbm,2.0,44,286,0.014536214385795967,0.5032694866056324
v10,feat_gbm,2.0,44,287,-3.7682682113435275,-3.0734310124071125
v10,feat_gbm,2.0,44,288,-2.870654144746924,-3.0969464995649485
v10,feat_gbm,2.0,44,289,0.14562796454168447,0.8088909840914691
v10,feat_gbm,2.0,44,290,-2.578024836158078,-1.710735902712342
v10,feat_gbm,2.0,44,291,-0.26042667139138503,-0.24588513525180683
v10,feat_gbm,2.0,44,292,-2.336900356726934,-2.9910915714149957
v10,feat_gbm,2.0,44,293,-0.14139531656705379,0.24397961438558982
v10,feat_gbm,2.0,44,294,0.26072059415162263,0.9827222917401395
v10,feat_gbm,2.0,44,295,0.4658571621952116,1.5399914318848642
v10,feat_gbm,2.0,44,296,-2.503327746671798,-3.028104854063688
v10,feat_gbm,2.0,44,297,-2.3816115444655463,-1.9675880903276046
v10,feat_gbm,2.0,44,298,0.2522661151225751,0.3882116190950413
v10,feat_gbm,2.0,44,299,-1.5750624258134374,-0.4169590587595381
v10,feat_gbm,2.0,44,300,-0.6068762337809267,-0.47104701624968015
v10,feat_gbm,2.0,44,301,-0.5798087788584623,-0.5788171023402015
v10,feat_gbm,2.0,44,302,-3.5030911513874,-3.325334912618423
v10,feat_gbm,2.0,44,303,-0.06698750528471598,0.27214776974989446
v10,feat_gbm,2.0,44,304,0.14603459609858635,0.2838761456734127
v10,feat_gbm,2.0,44,305,0.6360755860418636,0.98356576927226
v10,feat_gbm,2.0,44,306,-1.3941431721696493,-2.324804251846344
v10,feat_gbm,2.0,44,307,-0.15998644734470477,-0.30060412365222405
v10,feat_gbm,2.0,44,308,-3.6376426838738056,-3.5706943269006843
v10,feat_gbm,2.0,44,309,-0.2864275446962745,0.7657986236992217
v10,feat_gbm,2.0,44,310,-1.0099574730373537,-0.3760212383278314
v10,feat_gbm,2.0,44,311,1.0848663113132049,0.903367601886353
v10,feat_gbm,2.0,44,312,0.6488722224168997,0.2834145554969618
v10,feat_gbm,2.0,44,313,-0.1901942461573222,-0.8750381269167363
v10,feat_gbm,2.0,44,314,-2.44590106574444,-0.8911054934067958
v10,feat_gbm,2.0,44,315,0.23789458556237736,0.2699623908229132
v10,feat_gbm,2.0,44,316,-3.220155719939931,-4.034449774534175
v10,feat_gbm,2.0,44,317,0.20973099575271434,0.7302045063515665
v10,feat_gbm,2.0,44,318,-2.5363346638872106,-2.5264159394565007
v10,feat_gbm,2.0,44,319,-2.6591760441659216,-3.1280680478747835
v10,feat_gbm,2.0,44,320,0.279015606400503,-0.623194388118803
v10,feat_gbm,2.0,44,321,-3.277197454792758,-4.172922463867305
v10,feat_gbm,2.0,44,322,0.5770232130487172,1.0714029341973417
v10,feat_gbm,2.0,44,323,-2.5308619339127736,-2.5538050374755565
v10,feat_gbm,2.0,44,324,-1.7921330504452657,-1.5310020975326282
v10,feat_gbm,2.0,44,325,-0.42799394956861186,-0.735749980772127
v10,feat_gbm,2.0,44,326,-1.4603105036304116,-0.5010306012352705
v10,feat_gbm,2.0,44,327,-3.874228024547866,-4.393123087746285
v10,feat_gbm,2.0,44,328,-0.054914105556213635,0.6439364857563509
v10,feat_gbm,2.0,44,329,-2.8717665012638585,-2.60760252445046
v10,feat_gbm,2.0,44,330,0.35194081431608015,0.46983427811083467
v10,feat_gbm,2.0,44,331,-0.6421951583434917,-1.149354435920189
v10,feat_gbm,2.0,44,332,-1.921117252708771,-1.0961264399974935
v10,feat_gbm,2.0,44,333,0.6386961332222935,1.4253561556633074
v10,feat_gbm,2.0,44,334,0.950640548047606,1.0406546288822482
v10,feat_gbm,2.0,44,335,-0.5255551963103944,-0.1286217558512718
v10,feat_gbm,2.0,44,336,-1.672081129576065,-1.7275974260064488
v10,feat_gbm,2.0,44,337,-2.5283019207692647,-4.535227665039715
v10,feat_gbm,2.0,44,338,-0.37369395856035437,-1.078833843619319
v10,feat_gbm,2.0,44,339,-1.739639418866995,-2.035297396751524
v10,feat_gbm,2.0,44,340,0.30189951769874296,0.4788286932125707
v10,feat_gbm,2.0,44,341,-0.7458395696286865,-0.4595082096564039
v10,feat_gbm,2.0,44,342,-3.622779584430382,-3.653430804591794
v10,feat_gbm,2.0,44,343,0.7630569249058503,0.2834522663037432
v10,feat_gbm,2.0,44,344,0.11469904667796578,-0.15984972455285287
v10,feat_gbm,2.0,44,345,-2.466051424381021,-3.8822970119574354
v10,feat_gbm,2.0,44,346,-2.222454129008213,-2.5801989990218064
v10,feat_gbm,2.0,44,347,-3.7072871171958646,-3.2622630695286134
v10,feat_gbm,2.0,44,348,-1.2900151427980933,-0.4894561152880944
v10,feat_gbm,2.0,44,349,-4.317561413224015,-3.0223552414624764
v10,feat_gbm,2.0,44,350,0.4881057510057057,0.4215072765335228
v10,feat_gbm,2.0,44,351,-2.4833711545977333,-1.8152752103400673
v10,feat_gbm,2.0,44,352,0.8307763520835014,1.102263670511441
v10,feat_gbm,2.0,44,353,0.477351919138614,1.4454852001466738
v10,feat_gbm,2.0,44,354,-2.9006819381191953,-3.6770060333191017
v10,feat_gbm,2.0,44,355,-3.0444373182478914,-5.078652858832153
v10,feat_gbm,2.0,44,356,0.16828049286771546,0.7815322159665122
v10,feat_gbm,2.0,44,357,0.2873793436952396,0.6775133790495483
v10,feat_gbm,2.0,44,358,-3.326568726897186,-3.5163570325540956
v10,feat_gbm,2.0,44,359,-2.9325093812765846,-4.157760523739404
v10,feat_gbm,2.0,44,360,-0.4863808892805298,-0.18386357284099003
v10,feat_gbm,2.0,44,361,-3.5976050431889353,-4.477383009144865
v10,feat_gbm,2.0,44,362,-0.27350577860293546,0.2909126951240761
v10,feat_gbm,2.0,44,363,-3.0685819870532143,-3.5121531596302606
v10,feat_gbm,2.0,44,364,-0.3258124766694679,-0.0019354464452207268
v10,feat_gbm,2.0,44,365,-3.5758446116068243,-3.264666087597375
v10,feat_gbm,2.0,44,366,-0.9549685354216723,-1.4961090632143375
v10,feat_gbm,2.0,44,367,-0.17368116135599215,-0.10305907560987346
v10,feat_gbm,2.0,44,368,-0.011661011383921257,0.24601275195113992
v10,feat_gbm,2.0,44,369,-2.4248412200562774,-1.6400355118163064
v10,feat_gbm,2.0,44,370,-1.1471660423866967,-1.5399226532969161
v10,feat_gbm,2.0,44,371,-0.5312406544640246,-0.3336387161155974
v10,feat_gbm,2.0,44,372,0.24388205726953843,0.3185760540422761
v10,feat_gbm,2.0,44,373,-0.7611595343715541,-0.30756424411789
v10,feat_gbm,2.0,44,374,-3.5959408388406167,-3.551435429619069
v10,feat_gbm,2.0,44,375,0.5468509104721571,-0.12846918127015178
v10,feat_gbm,2.0,44,376,0.4365350507512918,0.43413099611324796
v10,feat_gbm,2.0,44,377,0.3698498866642546,0.8095384731463161
v10,feat_gbm,2.0,44,378,0.040752372665846304,0.20303525329731625
v10,feat_gbm,2.0,44,379,0.26832476947395334,0.524784145223057
v10,feat_gbm,2.0,44,380,0.04427749346991875,0.8722609808312535
v10,feat_gbm,2.0,44,381,0.2372495308944339,1.0190202163897197
v10,feat_gbm,2.0,44,382,0.03857889191572525,1.2715191268303472
v10,feat_gbm,2.0,44,383,-0.15308633532225444,-0.13923746667536385
v10,feat_gbm,2.0,44,384,-1.244913299980962,-1.7983983483294153
v10,feat_gbm,2.0,44,385,-0.14589380567593063,0.5606037150840157
v10,feat_gbm,2.0,44,386,0.8333597678844822,0.6003456151224621
v10,feat_gbm,2.0,44,387,0.24638959854955847,1.3071718981356573
v10,feat_gbm,2.0,44,388,-0.031593258629493866,-0.19457283568776126
v10,feat_gbm,2.0,44,389,-1.2195819926203273,-0.981880356960367
v10,feat_gbm,2.0,44,390,-3.1294967163605887,-2.628024059072158
v10,feat_gbm,2.0,44,391,-2.7906169288761413,-2.479262758098376
v10,feat_gbm,2.0,44,392,-2.0662686064935225,-2.207941629114672
v10,feat_gbm,2.0,44,393,-2.7992658832773474,-2.806586620215901
v10,feat_gbm,2.0,44,394,-0.3883873763359471,-0.16842623590390868
v10,feat_gbm,2.0,44,395,0.4147320008540659,0.3596423409999632
v10,feat_gbm,2.0,44,396,-1.7930502332550948,-3.117667066362407
v10,feat_gbm,2.0,44,397,0.8625015017547478,0.6134086288650079
v10,feat_gbm,2.0,44,398,0.6271461161439497,0.5049020087080688
v10,feat_gbm,2.0,44,399,-1.3595912799927956,-1.0548605918119196
v10,feat_gbm,2.0,44,400,-2.315676206346006,-2.877676775828332
v10,feat_gbm,2.0,44,401,0.14420377145670799,0.015654415635624343
v10,feat_gbm,2.0,44,402,-0.5224706674924338,-0.7027824676465185
v10,feat_gbm,2.0,44,403,0.15534794945366026,0.6733427913489138
v10,feat_gbm,2.0,44,404,-0.10125749401813774,0.03259550049258387
v10,feat_gbm,2.0,44,405,-3.225947868506479,-3.4179416205706223
v10,feat_gbm,2.0,44,406,-1.2667048178199418,-1.6563158072976616
v10,feat_gbm,2.0,44,407,0.007482885414409052,0.3281041495218151
v10,feat_gbm,2.0,44,408,-1.8892369223412162,-1.498502430121411
v10,feat_gbm,2.0,44,409,-2.0152281729496964,-1.5390850133499359
v10,feat_gbm,2.0,44,410,-3.010584198087678,-3.8769914364338094
v10,feat_gbm,2.0,44,411,-1.4022297432213484,-1.1093409530974205
v10,feat_gbm,2.0,44,412,-1.8911900961246868,-2.1356441225652167
v10,feat_gbm,2.0,44,413,0.28868540420100125,0.5613925387002681
v10,feat_gbm,2.0,44,414,-2.129245061434064,-2.672303525149137
v10,feat_gbm,2.0,44,415,0.8768326855580898,0.9887747910888531
v10,feat_gbm,2.0,44,416,-1.8932781266262193,-2.064740642123073
v10,feat_gbm,2.0,44,417,-1.1827122464449553,-0.13534283366780814
v10,feat_gbm,2.0,44,418,0.2629362201446872,0.5266566940316069
v10,feat_gbm,2.0,44,419,-0.1875981219399919,-0.7929716308762645
v10,feat_gbm,2.0,44,420,-0.001093794045864165,0.22081989653443584
v10,feat_gbm,2.0,44,421,-3.8933856026163087,-3.4911396429773087
v10,feat_gbm,2.0,44,422,-0.26813212929983204,0.4691563032653497
v10,feat_gbm,2.0,44,423,-0.14001084123702276,-0.21242164749251408
v10,feat_gbm,2.0,44,424,-2.4358930486043464,-2.0235730224261497
v10,feat_gbm,2.0,44,425,-0.29721248421355123,0.1881042769243711
v10,feat_gbm,2.0,44,426,-1.2813447744040687,-0.7546830882020855
v10,feat_gbm,2.0,44,427,-2.30359203795784,-2.004418163271322
v10,feat_gbm,2.0,44,428,0.1070081280218376,0.08108350485015015
v10,feat_gbm,2.0,44,429,-1.3172967375929694,-0.8958783842144782
v10,feat_gbm,2.0,44,430,-0.21149031815776703,-0.700178367515834
v10,feat_gbm,2.0,44,431,-2.419342624792516,-2.026447754843476
v10,feat_gbm,2.0,44,432,-2.552176422976122,-3.3644112924118934
v10,feat_gbm,2.0,44,433,-1.4107475133904013,-2.4777804975332844
v10,feat_gbm,2.0,44,434,-3.007134467450644,-3.6407879329147783
v10,feat_gbm,2.0,44,435,0.0763017584846132,0.8140524350977956
v10,feat_gbm,2.0,44,436,-0.24699511698175367,-0.6342245759550225
v10,feat_gbm,2.0,44,437,-1.2161716036131776,-1.0170271575608654
v10,feat_gbm,2.0,44,438,0.45753474091573126,1.2058566336630974
v10,feat_gbm,2.0,44,439,1.025837856668479,1.04159183954478
v10,feat_gbm,2.0,44,440,-1.1693639486673157,-0.383754051292973
v10,feat_gbm,2.0,44,441,0.7061913487577262,0.9717849563735496
v10,feat_gbm,2.0,44,442,0.7315800634569696,0.915394257773604
v10,feat_gbm,2.0,44,443,0.18659767069834368,0.17619398118278368
v10,feat_gbm,2.0,44,444,-2.615938511868429,-2.3026142847949007
v10,feat_gbm,2.0,44,445,-0.7611407444540242,-2.156995715227189
v10,feat_gbm,2.0,44,446,-2.427249982211624,-1.9647154613855007
v10,feat_gbm,2.0,44,447,-1.5240872214698828,-1.2167428909736953
v10,feat_gbm,2.0,44,448,-0.5562098633930296,0.371748058948411
v10,feat_gbm,2.0,44,449,-3.6263303322786435,-3.354914600670279
v10,feat_gbm,2.0,44,450,-3.2651911815847012,-2.0984010901330774
v10,feat_gbm,2.0,44,451,-2.1292718573366107,-1.8411195968283314
v10,feat_gbm,2.0,44,452,0.4092611091333163,-0.2866386615093297
v10,feat_gbm,2.0,44,453,-1.2716369616300607,-2.1769502099219324
v10,feat_gbm,2.0,44,454,-0.09865374990626338,0.851829112076475
v10,feat_gbm,2.0,44,455,0.6179064842878557,-0.5174982843777256
v10,feat_gbm,2.0,44,456,-2.704787382650767,-3.7883351795095335
v10,feat_gbm,2.0,44,457,-1.5019624719711646,-1.3225504843777425
v10,feat_gbm,2.0,44,458,-0.5411954273377019,-0.6304710111145473
v10,feat_gbm,2.0,44,459,-3.8748121360642584,-2.867776928577639
v10,feat_gbm,2.0,44,460,-0.15080595944317657,-0.20106453453544149
v10,feat_gbm,2.0,44,461,0.5575830793358376,0.565413433251147
v10,feat_gbm,2.0,44,462,-0.04579082057262254,0.6531860801292728
v10,feat_gbm,2.0,44,463,-2.8374766867365278,-3.295531334571209
v10,feat_gbm,2.0,44,464,-1.5792678444037773,-1.118951529136503
v10,feat_gbm,2.0,44,465,-0.08494568051696665,0.08535922256033004
v10,feat_gbm,2.0,44,466,0.2748099635330407,0.2656879386171551
v10,feat_gbm,2.0,44,467,-1.176679283250573,-1.0764680911985907
v10,feat_gbm,2.0,44,468,1.185199480744599,2.2503813782282114
v10,feat_gbm,2.0,44,469,-0.26708254060192416,-0.029700274932011248
v10,feat_gbm,2.0,44,470,-2.3556242125704636,-2.1918010579584375
v10,feat_gbm,2.0,44,471,0.8412476294639049,-0.12537364897776127
v10,feat_gbm,2.0,44,472,-1.5965754325030654,-1.3714574409892777
v10,feat_gbm,2.0,44,473,-2.1179609640894794,-1.0216450817816245
v10,feat_gbm,2.0,44,474,-0.7784012697561016,-0.8313233833759152
v10,feat_gbm,2.0,44,475,-2.5854385434739737,-3.25243582884057
v10,feat_gbm,2.0,44,476,0.3408883584014764,0.8737365575305754
v10,feat_gbm,2.0,44,477,-2.0903198862350245,-1.8373017486027088
v10,feat_gbm,2.0,44,478,-1.5249431175623194,-1.909749317133085
v10,feat_gbm,2.0,44,479,0.16062458154669448,0.418341725137149
v10,feat_gbm,2.0,44,480,-1.8289514167732797,-2.8689304810445995
v10,feat_gbm,2.0,44,481,-4.034760417839995,-3.9192950012633494
v10,feat_gbm,2.0,44,482,0.8754732494969288,0.8191907452202399
v10,feat_gbm,2.0,44,483,-2.145232829855762,-2.7371748494528005
v10,feat_gbm,2.0,44,484,0.14721961589162552,0.043868991079412875
v10,feat_gbm,2.0,44,485,-2.2348914977198135,-3.9571024828402512
v10,feat_gbm,2.0,44,486,-1.0603576674650703,-0.8286091055291892
v10,feat_gbm,2.0,44,487,1.100472999806642,1.1086460137612473
v10,feat_gbm,2.0,44,488,-0.8886740325780734,-1.0899995989348372
v10,feat_gbm,2.0,44,489,-3.14232564620939,-2.9260181182274523
v10,feat_gbm,2.0,44,490,-0.04655871499292981,0.01778898425240747
v10,feat_gbm,2.0,44,491,-0.02621481489058271,-0.388546054063584
v10,feat_gbm,2.0,44,492,-0.8232091996819244,-0.8483910406321095
v10,feat_gbm,2.0,44,493,-2.738221462023218,-2.4855190663855797
v10,feat_gbm,2.0,44,494,-0.06537841824489317,-0.6027729178489412
v10,feat_gbm,2.0,44,495,-1.5778667619952045,-1.5285925057254015
v10,feat_gbm,2.0,44,496,0.43950293102743015,1.0092174422839322
v10,feat_gbm,2.0,44,497,-2.35141770535244,-2.421052301727873
v10,feat_gbm,2.0,44,498,-2.976752540686216,-3.2283141264699093
v10,feat_gbm,2.0,44,499,-3.4048015063279093,-4.907212199848568
v10,feat_gbm,2.0,45,0,-0.329827771848078,0.03894909458183669
v10,feat_gbm,2.0,45,1,-2.402508078091059,-2.5052564746229193
v10,feat_gbm,2.0,45,2,0.21884811310715485,0.6287827851917782
v10,feat_gbm,2.0,45,3,-2.8441590570476176,-3.3447289283878643
v10,feat_gbm,2.0,45,4,1.217324035421583,0.9694015026406426
v10,feat_gbm,2.0,45,5,-2.2805345890457254,-2.4693709778233526
v10,feat_gbm,2.0,45,6,-0.011669196093071698,-0.2819211013310965
v10,feat_gbm,2.0,45,7,0.07401525418127027,0.5289578846490461
v10,feat_gbm,2.0,45,8,0.428318548715691,0.032863622186365654
v10,feat_gbm,2.0,45,9,0.6616887957352218,0.9352707853930591
v10,feat_gbm,2.0,45,10,-1.6679678429766733,-1.5987558134683666
v10,feat_gbm,2.0,45,11,-2.461553163687817,-3.2678706438993954
v10,feat_gbm,2.0,45,12,-1.4529920514326358,-2.445380546146449
v10,feat_gbm,2.0,45,13,-0.7163587549810363,-0.4471217519653716
v10,feat_gbm,2.0,45,14,-0.7052744295465262,-1.8343062920535937
v10,feat_gbm,2.0,45,15,-2.757977164528677,-2.278287047942225
v10,feat_gbm,2.0,45,16,-0.502892672705595,-1.113015507562239
v10,feat_gbm,2.0,45,17,-0.6813106112814552,-1.149386040828735
v10,feat_gbm,2.0,45,18,-0.2015863512361411,-0.4541092694382234
v10,feat_gbm,2.0,45,19,-2.5652183055696858,-2.8798658660471284
v10,feat_gbm,2.0,45,20,-3.3517295120585957,-3.281006200299989
v10,feat_gbm,2.0,45,21,-0.535946974873276,-0.7889402030111288
v10,feat_gbm,2.0,45,22,-1.661573292851907,-0.48114593055133975
v10,feat_gbm,2.0,45,23,-2.3204401200544984,-2.8038114998165153
v10,feat_gbm,2.0,45,24,-2.154858329602081,-2.6726430450531393
v10,feat_gbm,2.0,45,25,-3.2947142143366794,-3.141178249464176
v10,feat_gbm,2.0,45,26,-3.171185131743462,-3.8612362310489847
v10,feat_gbm,2.0,45,27,-2.234297606960483,-3.085821277369337
v10,feat_gbm,2.0,45,28,-1.985836137071621,-2.1153791712035637
v10,feat_gbm,2.0,45,29,-1.0958250811784565,-0.5854112868629942
v10,feat_gbm,2.0,45,30,0.21026196048857534,0.13849791927417068
v10,feat_gbm,2.0,45,31,-3.0609186589406696,-2.779654184179668
v10,feat_gbm,2.0,45,32,0.8548609121566338,0.9166392391011026
v10,feat_gbm,2.0,45,33,-1.800916348989053,-2.134444297962007
v10,feat_gbm,2.0,45,34,0.24809237551512756,1.1224191581864646
v10,feat_gbm,2.0,45,35,-1.6645164826422216,-2.7514680837461087
v10,feat_gbm,2.0,45,36,-0.33809237229784794,0.7493710802437775
v10,feat_gbm,2.0,45,37,-2.3268958010592042,-2.157600461660938
v10,feat_gbm,2.0,45,38,-1.6846882866534794,-1.7436371170468024
v10,feat_gbm,2.0,45,39,0.7828960336792978,0.632388610685479
v10,feat_gbm,2.0,45,40,-0.9707316294487766,-1.5024753827969588
v10,feat_gbm,2.0,45,41,-2.7294913096233966,-2.936018587066778
v10,feat_gbm,2.0,45,42,-0.4564891409140651,-0.06406961406287034
v10,feat_gbm,2.0,45,43,-0.4556747154375915,-0.43711075337934485
v10,feat_gbm,2.0,45,44,0.6294159890831167,0.521724778538647
v10,feat_gbm,2.0,45,45,0.5641903747030984,-0.02881562555915001
v10,feat_gbm,2.0,45,46,-3.036131138577108,-2.6856700943784895
v10,feat_gbm,2.0,45,47,-3.544941290836038,-3.3419513202228783
v10,feat_gbm,2.0,45,48,-0.3002962401716767,-0.35240032436669677
v10,feat_gbm,2.0,45,49,-2.8762363380828684,-4.466027560457086
v10,feat_gbm,2.0,45,50,-1.0962166786449765,-1.2227887404747313
v10,feat_gbm,2.0,45,51,-2.9576303701056026,-4.168130875201601
v10,feat_gbm,2.0,45,52,-2.9757964341359284,-2.1825653069440887
v10,feat_gbm,2.0,45,53,-3.1538220566045347,-2.816977102698189
v10,feat_gbm,2.0,45,54,-0.99727735182511,-0.9520374156321785
v10,feat_gbm,2.0,45,55,0.7779786000100177,0.800460094219776
v10,feat_gbm,2.0,45,56,0.19545570591794809,0.2782562560211116
v10,feat_gbm,2.0,45,57,-0.1345258657945617,-0.7855200046266205
v10,feat_gbm,2.0,45,58,-2.4030294627995668,-2.837973637743256
v10,feat_gbm,2.0,45,59,0.49202561576265036,0.3653424354755994
v10,feat_gbm,2.0,45,60,-3.6691309242461,-3.145987746693799
v10,feat_gbm,2.0,45,61,-1.2095137778407217,-2.1381844357326614
v10,feat_gbm,2.0,45,62,0.2832882986065226,0.3908315550690521
v10,feat_gbm,2.0,45,63,-2.913820088785219,-3.259739876316779
v10,feat_gbm,2.0,45,64,-3.883517288972414,-3.799325775609258
v10,feat_gbm,2.0,45,65,-0.46515060740411773,0.2842997557356093
v10,feat_gbm,2.0,45,66,0.22549079645473724,0.9099380077885143
v10,feat_gbm,2.0,45,67,0.1378824722994078,0.5741223235018287
v10,feat_gbm,2.0,45,68,1.053100720813313,1.3807263582335993
v10,feat_gbm,2.0,45,69,0.14088883514317177,2.7357387204405055
v10,feat_gbm,2.0,45,70,-0.10116355676598088,-0.3782017485149665
v10,feat_gbm,2.0,45,71,-0.5627992381157748,-0.6946521973220513
v10,feat_gbm,2.0,45,72,-3.0137865356201594,-3.510295151868067
v10,feat_gbm,2.0,45,73,-0.3681107027800642,-0.3643686170400702
v10,feat_gbm,2.0,45,74,1.3777637496461137,1.1835884152793859
v10,feat_gbm,2.0,45,75,-0.018806165319200055,-0.38644824542838596
v10,feat_gbm,2.0,45,76,0.07219020087493926,0.7005004452467647
v10,feat_gbm,2.0,45,77,0.13835729125299048,0.3770911051312199
v10,feat_gbm,2.0,45,78,-0.35369167065289037,-0.5374783823521183
v10,feat_gbm,2.0,45,79,-2.6078031881687185,-3.2499450611549854
v10,feat_gbm,2.0,45,80,-2.031536248888362,-1.719925172279684
v10,feat_gbm,2.0,45,81,0.3333111838959722,1.8185710395242058
v10,feat_gbm,2.0,45,82,-1.1966471411727075,-1.0758778979961314
v10,feat_gbm,2.0,45,83,-0.1452197147420876,-0.8033140510569362
v10,feat_gbm,2.0,45,84,-1.9677098869386958,-2.0837035815006346
v10,feat_gbm,2.0,45,85,-1.5719031442590008,-1.2430797823904942
v10,feat_gbm,2.0,45,86,0.3051511950018965,0.639317965424242
v10,feat_gbm,2.0,45,87,-0.34923900404767794,-0.02321591952008587
v10,feat_gbm,2.0,45,88,-2.922922756533192,-3.512086916650174
v10,feat_gbm,2.0,45,89,-1.1660159151489302,-1.684363733317816
v10,feat_gbm,2.0,45,90,-3.569094202807401,-3.5341996208099964
v10,feat_gbm,2.0,45,91,0.711672228705589,1.1574629997660548
v10,feat_gbm,2.0,45,92,-1.1266445697595762,-0.7651863719989663
v10,feat_gbm,2.0,45,93,-4.494901606207558,-5.7708125015304885
v10,feat_gbm,2.0,45,94,-0.16075141648181937,0.07374698385127064
v10,feat_gbm,2.0,45,95,-0.184609824864463,1.201566413592891
v10,feat_gbm,2.0,45,96,0.6361818752390542,1.2655480006709303
v10,feat_gbm,2.0,45,97,-3.4136979492121666,-3.2217777708537843
v10,feat_gbm,2.0,45,98,-2.712563889726012,-1.2120387208328698
v10,feat_gbm,2.0,45,99,-0.44013994046652655,-0.04015373686183237
v10,feat_gbm,2.0,45,100,-2.5767579998706993,-2.8384481914339785
v10,feat_gbm,2.0,45,101,-2.901940161776065,-3.541068619782685
v10,feat_gbm,2.0,45,102,-3.7911572127690527,-4.424727465058162
v10,feat_gbm,2.0,45,103,-1.0288908296721235,-0.7652009130347144
v10,feat_gbm,2.0,45,104,-0.6769997806074362,-0.406664655497914
v10,feat_gbm,2.0,45,105,-2.578674948304051,-2.8019031633754246
v10,feat_gbm,2.0,45,106,-1.4454733737876506,-1.1978192780958505
v10,feat_gbm,2.0,45,107,-1.6518056308690705,-1.2497822804421463
v10,feat_gbm,2.0,45,108,-0.013980879676754642,-0.2003702404752673
v10,feat_gbm,2.0,45,109,-0.5583316037312152,-0.28745536208379296
v10,feat_gbm,2.0,45,110,0.09670642733524427,0.2838469771831524
v10,feat_gbm,2.0,45,111,0.0682495635996101,0.6579850926301614
v10,feat_gbm,2.0,45,112,0.08263424379728845,-0.4279263804064609
v10,feat_gbm,2.0,45,113,0.11161108733631606,0.527327823801956
v10,feat_gbm,2.0,45,114,-3.755399959422132,-3.652947895428966
v10,feat_gbm,2.0,45,115,-1.339214470258156,-0.04287987221360797
v10,feat_gbm,2.0,45,116,-3.444042804893644,-3.4409421360670214
v10,feat_gbm,2.0,45,117,-2.2996711291895013,-2.4284095097884006
v10,feat_gbm,2.0,45,118,-2.015322431260814,-1.419217075367618
v10,feat_gbm,2.0,45,119,-3.0292604398492267,-1.4944271796191557
v10,feat_gbm,2.0,45,120,-2.8525546198358134,-2.797137626437216
v10,feat_gbm,2.0,45,121,0.6766393782364448,3.1321125804877905
v10,feat_gbm,2.0,45,122,-2.4458580042015248,-3.164895556438051
v10,feat_gbm,2.0,45,123,-0.2376779533524189,-0.021234684620174846
v10,feat_gbm,2.0,45,124,-1.2838251234520608,-1.246001114532972
v10,feat_gbm,2.0,45,125,-2.462072762876011,-2.7130193085566443
v10,feat_gbm,2.0,45,126,-2.2296644937291665,-2.0560780011130944
v10,feat_gbm,2.0,45,127,-1.496527899934757,-1.631222331554067
v10,feat_gbm,2.0,45,128,-2.190404689807425,-3.477307725783656
v10,feat_gbm,2.0,45,129,1.0154614270080844,1.7007542891568868
v10,feat_gbm,2.0,45,130,-3.5585216487287705,-3.4021624962570822
v10,feat_gbm,2.0,45,131,-3.2610599966500287,-3.701149444421242
v10,feat_gbm,2.0,45,132,-0.04449582718411619,-0.4116741376471012
v10,feat_gbm,2.0,45,133,-0.3859715207489809,-0.5680375850475197
v10,feat_gbm,2.0,45,134,-1.3706243402433234,-1.4788189923590598
v10,feat_gbm,2.0,45,135,-2.635567446079255,-2.9896549957503007
v10,feat_gbm,2.0,45,136,0.2690261776532162,0.11194117436713467
v10,feat_gbm,2.0,45,137,0.8446915251506592,1.7147062893715772
v10,feat_gbm,2.0,45,138,-2.1049334160438655,-1.9709125209383296
v10,feat_gbm,2.0,45,139,-0.27902229041595833,0.19937477723826902
v10,feat_gbm,2.0,45,140,-2.03894867422039,-2.8223726616431475
v10,feat_gbm,2.0,45,141,-0.21578061162190829,-0.12380828599000025
v10,feat_gbm,2.0,45,142,-2.4283142858969957,-2.97521232911642
v10,feat_gbm,2.0,45,143,-2.2284341505527006,-1.9484557479617686
v10,feat_gbm,2.0,45,144,0.7486588234224658,1.244093655886106
v10,feat_gbm,2.0,45,145,-2.2736669745931612,-2.0280859266176816
v10,feat_gbm,2.0,45,146,-1.4045636379740187,-2.0754073031653366
v10,feat_gbm,2.0,45,147,-0.05395495726915926,-0.11331641159387335
v10,feat_gbm,2.0,45,148,-2.077555796993736,-2.620298039600635
v10,feat_gbm,2.0,45,149,-2.8642735685028056,-3.8395532227602396
v10,feat_gbm,2.0,45,150,-1.722458112211234,-2.149698272240366
v10,feat_gbm,2.0,45,151,-2.617478207370373,-3.1594376779318036
v10,feat_gbm,2.0,45,152,-2.342406784141278,-2.7712141114581046
v10,feat_gbm,2.0,45,153,-1.3630323476022719,-1.1483368403810985
v10,feat_gbm,2.0,45,154,-0.538962986655111,-1.4700676700115773
v10,feat_gbm,2.0,45,155,0.9236137418718211,1.4088416749712322
v10,feat_gbm,2.0,45,156,0.03841439404382473,0.7564704220494097
v10,feat_gbm,2.0,45,157,-2.6504031840126907,-1.7148995557963913
v10,feat_gbm,2.0,45,158,-2.0261862760830485,-2.8595355115547196
v10,feat_gbm,2.0,45,159,-1.4779852363041008,-0.9922400520728849
v10,feat_gbm,2.0,45,160,1.6633313277381048,1.8585227307534937
v10,feat_gbm,2.0,45,161,-2.27780125882856,-2.477654537850602
v10,feat_gbm,2.0,45,162,-1.9896289670323208,-2.993764039868935
v10,feat_gbm,2.0,45,163,-1.1567166016092385,-1.1722671160336509
v10,feat_gbm,2.0,45,164,-2.08759220977764,-1.6577576086204497
v10,feat_gbm,2.0,45,165,-2.68749713487499,-2.9770186999323642
v10,feat_gbm,2.0,45,166,-3.202791847640406,-3.2329952824425443
v10,feat_gbm,2.0,45,167,-0.3959155009147121,0.19550508612775644
v10,feat_gbm,2.0,45,168,-0.8641893511758103,-1.2639642813248737
v10,feat_gbm,2.0,45,169,1.271184765413384,1.4224064134580066
v10,feat_gbm,2.0,45,170,-2.1775212755718987,-1.5303724784706008
v10,feat_gbm,2.0,45,171,0.4867900183721947,0.6086346650572224
v10,feat_gbm,2.0,45,172,0.13491243018391783,-0.052232489626048526
v10,feat_gbm,2.0,45,173,-0.9390856468995025,-0.19074605880313256
v10,feat_gbm,2.0,45,174,-2.431671357812906,-2.7678232596734214
v10,feat_gbm,2.0,45,175,-1.8515062427840046,-1.6557092188829319
v10,feat_gbm,2.0,45,176,0.19112139920024243,0.12081831439914445
v10,feat_gbm,2.0,45,177,-0.5172216467206336,3.7031714993021168
v10,feat_gbm,2.0,45,178,0.17118401630743604,-0.17761292562564054
v10,feat_gbm,2.0,45,179,0.4136590801012238,0.2295122735959306
v10,feat_gbm,2.0,45,180,-1.5985781258754186,-1.6401012725318311
v10,feat_gbm,2.0,45,181,-3.0219653410764753,-3.399461101549646
v10,feat_gbm,2.0,45,182,0.09172633650924646,0.5421608664871393
v10,feat_gbm,2.0,45,183,-3.5697466319103914,-3.7858185839721776
v10,feat_gbm,2.0,45,184,0.20430665003593415,0.4440956773301304
v10,feat_gbm,2.0,45,185,-0.20349056995662101,0.5450962365111649
v10,feat_gbm,2.0,45,186,-2.7322661281891407,-3.094441269353033
v10,feat_gbm,2.0,45,187,0.23176823260945126,1.436275522654785
v10,feat_gbm,2.0,45,188,-0.7644955132757155,-0.003208414280501246
v10,feat_gbm,2.0,45,189,-2.340417201081421,-2.0766448721687736
v10,feat_gbm,2.0,45,190,-2.657027879114563,-2.887011097372245
v10,feat_gbm,2.0,45,191,-0.2572287547904219,-0.19564387773269687
v10,feat_gbm,2.0,45,192,-3.549304732096192,-3.39219136175158
v10,feat_gbm,2.0,45,193,-3.3840414199411475,-4.804455114758695
v10,feat_gbm,2.0,45,194,-0.08263092714704788,-0.23230879418151415
v10,feat_gbm,2.0,45,195,1.036304721006652,0.7768952289284052
v10,feat_gbm,2.0,45,196,-3.3598361732516904,-3.0758975731441707
v10,feat_gbm,2.0,45,197,1.0654084705454998,1.8852948766094535
v10,feat_gbm,2.0,45,198,0.08201937733904863,-0.07474663349946693
v10,feat_gbm,2.0,45,199,1.2933349446074638,0.9295509098669842
v10,feat_gbm,2.0,45,200,0.13662931648287882,0.40408761039079466
v10,feat_gbm,2.0,45,201,-1.051368136454908,-1.0185563947000995
v10,feat_gbm,2.0,45,202,-1.0471313530262576,-1.5812541435625456
v10,feat_gbm,2.0,45,203,-1.5056814211469838,-2.9269603411540346
v10,feat_gbm,2.0,45,204,-0.19516711766370143,-0.9368237022381455
v10,feat_gbm,2.0,45,205,-0.48304306603161135,-0.771906247259438
v10,feat_gbm,2.0,45,206,-2.167481074003368,-1.4457766532498904
v10,feat_gbm,2.0,45,207,-2.3618148397271495,-2.4752738768021185
v10,feat_gbm,2.0,45,208,-2.2178795161621765,-2.8789590131308262
v10,feat_gbm,2.0,45,209,-1.737794817041604,-2.6986856152036793
v10,feat_gbm,2.0,45,210,-0.13525426418936784,0.05837096406180189
v10,feat_gbm,2.0,45,211,-2.933594325180886,-2.2327070274631113
v10,feat_gbm,2.0,45,212,-0.17279036694880873,0.15758807445032513
v10,feat_gbm,2.0,45,213,0.6137205307297481,0.5234750924970406
v10,feat_gbm,2.0,45,214,0.7695189724975733,0.8312555987922697
v10,feat_gbm,2.0,45,215,-1.1851025219497304,-0.7699972654610447
v10,feat_gbm,2.0,45,216,-2.644361358442488,-2.4368834827463726
v10,feat_gbm,2.0,45,217,-2.6167985164420826,-3.7421886443248944
v10,feat_gbm,2.0,45,218,-3.582471742930081,-4.3753265313120195
v10,feat_gbm,2.0,45,219,0.20116997400690567,0.13181597567614448
v10,feat_gbm,2.0,45,220,-2.444886526769721,-2.150299196146146
v10,feat_gbm,2.0,45,221,0.106478762804406,0.4316281043505307
v10,feat_gbm,2.0,45,222,0.1402965887542678,0.20581216265343685
v10,feat_gbm,2.0,45,223,-2.4474071937269186,-1.7226779576420432
v10,feat_gbm,2.0,45,224,0.7696221078691569,1.0701061526100661
v10,feat_gbm,2.0,45,225,-0.6582126169595983,-2.995983076644188
v10,feat_gbm,2.0,45,226,-0.05658876620620845,-0.39103048890459524
v10,feat_gbm,2.0,45,227,-1.8840323285238552,-2.811377433191803
v10,feat_gbm,2.0,45,228,-0.17730065639390943,0.1103569248772952
v10,feat_gbm,2.0,45,229,0.34750672000877403,1.0926797996732165
v10,feat_gbm,2.0,45,230,-1.2494513510508722,-1.1465469989616057
v10,feat_gbm,2.0,45,231,-3.9535885262830917,-3.7045714701961474
v10,feat_gbm,2.0,45,232,-0.4071299296076213,-0.3205795311611984
v10,feat_gbm,2.0,45,233,0.1705023312036197,-0.7282288274356463
v10,feat_gbm,2.0,45,234,0.21808639890908751,-0.6143938277881194
v10,feat_gbm,2.0,45,235,-2.6727102718462312,-3.717493513170671
v10,feat_gbm,2.0,45,236,-2.159514783280743,-1.894186438607053
v10,feat_gbm,2.0,45,237,-0.10476235239506156,0.19101892391720615
v10,feat_gbm,2.0,45,238,-1.5089778887967789,-2.723653519266766
v10,feat_gbm,2.0,45,239,0.43165861360580005,0.28172679866345784
v10,feat_gbm,2.0,45,240,-1.3272985558120132,-0.570916259780521
v10,feat_gbm,2.0,45,241,-1.8777300155305756,-3.037607674189957
v10,feat_gbm,2.0,45,242,-2.7395057889783896,-2.4824067099880884
v10,feat_gbm,2.0,45,243,0.5053975258929688,1.793244191067856
v10,feat_gbm,2.0,45,244,-1.7312853376209392,-2.170563194223024
v10,feat_gbm,2.0,45,245,-2.1596804722627376,-2.5580286375581696
v10,feat_gbm,2.0,45,246,-2.896398247745602,-3.9013363177662743
v10,feat_gbm,2.0,45,247,-1.5561196730272202,-1.2689211715035387
v10,feat_gbm,2.0,45,248,-2.4853500479915076,-2.89795980370705
v10,feat_gbm,2.0,45,249,-0.9423489167637216,-1.149470325468549
v10,feat_gbm,2.0,45,250,-2.6998909877085913,-2.1803876537888693
v10,feat_gbm,2.0,45,251,-0.44160027079447733,-1.2010659028736028
v10,feat_gbm,2.0,45,252,-2.6444235720207243,-2.675840590612525
v10,feat_gbm,2.0,45,253,-1.1897079818792045,-0.865421424414132
v10,feat_gbm,2.0,45,254,0.2256187944335458,-0.45089388998719687
v10,feat_gbm,2.0,45,255,-1.3448851522494958,-1.477655138121315
v10,feat_gbm,2.0,45,256,-1.9867628379855096,-1.9234128661936198
v10,feat_gbm,2.0,45,257,-0.6607779415211685,-0.8895479413744646
v10,feat_gbm,2.0,45,258,-1.0716914378182172,-1.284701881398344
v10,feat_gbm,2.0,45,259,-0.39557261225680157,0.03791276039075724
v10,feat_gbm,2.0,45,260,-0.7204378828067661,-1.213907680807544
v10,feat_gbm,2.0,45,261,-0.37749162360500726,-0.6937064881158975
v10,feat_gbm,2.0,45,262,-2.597732377437043,-2.500344974429108
v10,feat_gbm,2.0,45,263,-2.868683294234927,-3.0782877743164985
v10,feat_gbm,2.0,45,264,-2.2958860718936185,-3.2702790535172426
v10,feat_gbm,2.0,45,265,-0.18654832507858457,-0.15746453031192983
v10,feat_gbm,2.0,45,266,-1.3284413284466543,-1.3930653126164372
v10,feat_gbm,2.0,45,267,-3.9735805835020797,-3.460520174484755
v10,feat_gbm,2.0,45,268,-2.0778247754011563,-1.8115923421665279
v10,feat_gbm,2.0,45,269,0.03521974644880318,-0.04785951915829837
v10,feat_gbm,2.0,45,270,-1.7533224543312838,-1.3387838926701625
v10,feat_gbm,2.0,45,271,0.5167749295990148,0.6172482925771328
v10,feat_gbm,2.0,45,272,0.14132324586682926,0.10718580269537517
v10,feat_gbm,2.0,45,273,-2.9439389369680526,-2.4250613993713395
v10,feat_gbm,2.0,45,274,0.04431295786193621,-0.4656136934058211
v10,feat_gbm,2.0,45,275,-2.0103302627538864,-1.7679071058666047
v10,feat_gbm,2.0,45,276,-0.19636692014291782,-0.15192249005847586
v10,feat_gbm,2.0,45,277,-0.7674333203377374,-0.22686658439221394
v10,feat_gbm,2.0,45,278,-0.8883259100608161,-0.3963273628232521
v10,feat_gbm,2.0,45,279,-2.5867529304122665,-2.1916982233579314
v10,feat_gbm,2.0,45,280,-0.34411058031906583,0.5138857123822332
v10,feat_gbm,2.0,45,281,-0.7097580936761402,0.13501120436460418
v10,feat_gbm,2.0,45,282,0.03199776085743506,-0.35232291748203215
v10,feat_gbm,2.0,45,283,-0.17008804139471898,0.33710059568630363
v10,feat_gbm,2.0,45,284,0.8530220666828698,2.2269494594330284
v10,feat_gbm,2.0,45,285,-0.5021115257427282,-0.8523290277873723
v10,feat_gbm,2.0,45,286,0.18662975615965052,0.5032694866056324
v10,feat_gbm,2.0,45,287,-3.930494254053119,-3.0734310124071125
v10,feat_gbm,2.0,45,288,-2.905390947393909,-3.0969464995649485
v10,feat_gbm,2.0,45,289,0.11003730654886092,0.8088909840914691
v10,feat_gbm,2.0,45,290,-2.3040487543717005,-1.710735902712342
v10,feat_gbm,2.0,45,291,-0.32198946673582357,-0.24588513525180683
v10,feat_gbm,2.0,45,292,-2.373284149937829,-2.9910915714149957
v10,feat_gbm,2.0,45,293,-0.0682498930616399,0.24397961438558982
v10,feat_gbm,2.0,45,294,0.29636560882177587,0.9827222917401395
v10,feat_gbm,2.0,45,295,0.24675004286745986,1.5399914318848642
v10,feat_gbm,2.0,45,296,-2.5201331974711634,-3.028104854063688
v10,feat_gbm,2.0,45,297,-2.4598036648226587,-1.9675880903276046
v10,feat_gbm,2.0,45,298,0.44716290790166285,0.3882116190950413
v10,feat_gbm,2.0,45,299,-1.4255106496139258,-0.4169590587595381
v10,feat_gbm,2.0,45,300,-0.4054082752185107,-0.47104701624968015
v10,feat_gbm,2.0,45,301,-0.7264137773453286,-0.5788171023402015
v10,feat_gbm,2.0,45,302,-3.5940024638104453,-3.325334912618423
v10,feat_gbm,2.0,45,303,-0.24259797411548376,0.27214776974989446
v10,feat_gbm,2.0,45,304,0.0963788208717895,0.2838761456734127
v10,feat_gbm,2.0,45,305,0.6140539314402211,0.98356576927226
v10,feat_gbm,2.0,45,306,-1.6778737047431587,-2.324804251846344
v10,feat_gbm,2.0,45,307,-0.04770903919083265,-0.30060412365222405
v10,feat_gbm,2.0,45,308,-3.680758645021303,-3.5706943269006843
v10,feat_gbm,2.0,45,309,-0.30539122713207423,0.7657986236992217
v10,feat_gbm,2.0,45,310,-1.2504222434877919,-0.3760212383278314
v10,feat_gbm,2.0,45,311,1.0930087951369971,0.903367601886353
v10,feat_gbm,2.0,45,312,0.4558510796934872,0.2834145554969618
v10,feat_gbm,2.0,45,313,-0.1718035738783964,-0.8750381269167363
v10,feat_gbm,2.0,45,314,-2.5926555398422626,-0.8911054934067958
v10,feat_gbm,2.0,45,315,0.21049222148329338,0.2699623908229132
v10,feat_gbm,2.0,45,316,-2.990848958009504,-4.034449774534175
v10,feat_gbm,2.0,45,317,0.13707097455693865,0.7302045063515665
v10,feat_gbm,2.0,45,318,-2.5521252750504075,-2.5264159394565007
v10,feat_gbm,2.0,45,319,-2.543141169955063,-3.1280680478747835
v10,feat_gbm,2.0,45,320,0.24020932403852394,-0.623194388118803
v10,feat_gbm,2.0,45,321,-3.2939450412346147,-4.172922463867305
v10,feat_gbm,2.0,45,322,0.7023622505924766,1.0714029341973417
v10,feat_gbm,2.0,45,323,-2.5385027863908918,-2.5538050374755565
v10,feat_gbm,2.0,45,324,-1.8693896230498463,-1.5310020975326282
v10,feat_gbm,2.0,45,325,-0.32667460106150376,-0.735749980772127
v10,feat_gbm,2.0,45,326,-1.5095527907862225,-0.5010306012352705
v10,feat_gbm,2.0,45,327,-3.8386896192810767,-4.393123087746285
v10,feat_gbm,2.0,45,328,0.22481545336660233,0.6439364857563509
v10,feat_gbm,2.0,45,329,-2.7038436889365585,-2.60760252445046
v10,feat_gbm,2.0,45,330,0.4298359964040578,0.46983427811083467
v10,feat_gbm,2.0,45,331,-0.6120535004781715,-1.149354435920189
v10,feat_gbm,2.0,45,332,-2.1921381000174174,-1.0961264399974935
v10,feat_gbm,2.0,45,333,0.405768208920611,1.4253561556633074
v10,feat_gbm,2.0,45,334,0.9566950233842342,1.0406546288822482
v10,feat_gbm,2.0,45,335,-0.3557476803648711,-0.1286217558512718
v10,feat_gbm,2.0,45,336,-1.6476473998881096,-1.7275974260064488
v10,feat_gbm,2.0,45,337,-2.434747485578393,-4.535227665039715
v10,feat_gbm,2.0,45,338,-0.3674560329890476,-1.078833843619319
v10,feat_gbm,2.0,45,339,-1.660425062515281,-2.035297396751524
v10,feat_gbm,2.0,45,340,0.26731603693110906,0.4788286932125707
v10,feat_gbm,2.0,45,341,-0.9071029740162104,-0.4595082096564039
v10,feat_gbm,2.0,45,342,-3.684332483121659,-3.653430804591794
v10,feat_gbm,2.0,45,343,0.605888639566365,0.2834522663037432
v10,feat_gbm,2.0,45,344,0.21591889134479858,-0.15984972455285287
v10,feat_gbm,2.0,45,345,-2.456409838028696,-3.8822970119574354
v10,feat_gbm,2.0,45,346,-2.124925753022097,-2.5801989990218064
v10,feat_gbm,2.0,45,347,-3.7286569700844963,-3.2622630695286134
v10,feat_gbm,2.0,45,348,-1.2371370599708496,-0.4894561152880944
v10,feat_gbm,2.0,45,349,-4.478451224749934,-3.0223552414624764
v10,feat_gbm,2.0,45,350,0.6161051111415149,0.4215072765335228
v10,feat_gbm,2.0,45,351,-2.702419285397642,-1.8152752103400673
v10,feat_gbm,2.0,45,352,0.792858353974899,1.102263670511441
v10,feat_gbm,2.0,45,353,0.469445760552133,1.4454852001466738
v10,feat_gbm,2.0,45,354,-3.0083836879674957,-3.6770060333191017
v10,feat_gbm,2.0,45,355,-2.9485165020722874,-5.078652858832153
v10,feat_gbm,2.0,45,356,0.12121335394980419,0.7815322159665122
v10,feat_gbm,2.0,45,357,0.33601198526824344,0.6775133790495483
v10,feat_gbm,2.0,45,358,-3.256003643301978,-3.5163570325540956
v10,feat_gbm,2.0,45,359,-2.7977938303933203,-4.157760523739404
v10,feat_gbm,2.0,45,360,-0.5881865855121208,-0.18386357284099003
v10,feat_gbm,2.0,45,361,-3.4923712372629083,-4.477383009144865
v10,feat_gbm,2.0,45,362,-0.3508398999298214,0.2909126951240761
v10,feat_gbm,2.0,45,363,-2.9965590968986504,-3.5121531596302606
v10,feat_gbm,2.0,45,364,-0.19358257953899263,-0.0019354464452207268
v10,feat_gbm,2.0,45,365,-3.65796517895054,-3.264666087597375
v10,feat_gbm,2.0,45,366,-0.9100781819161626,-1.4961090632143375
v10,feat_gbm,2.0,45,367,-0.16139358601252443,-0.10305907560987346
v10,feat_gbm,2.0,45,368,-0.06499513969531431,0.24601275195113992
v10,feat_gbm,2.0,45,369,-2.306284114689375,-1.6400355118163064
v10,feat_gbm,2.0,45,370,-1.0709828576126843,-1.5399226532969161
v10,feat_gbm,2.0,45,371,-0.5642847495548992,-0.3336387161155974
v10,feat_gbm,2.0,45,372,0.24474451489902405,0.3185760540422761
v10,feat_gbm,2.0,45,373,-0.7158111619345743,-0.30756424411789
v10,feat_gbm,2.0,45,374,-3.7061141553336343,-3.551435429619069
v10,feat_gbm,2.0,45,375,0.6091508928729555,-0.12846918127015178
v10,feat_gbm,2.0,45,376,0.21243266872120117,0.43413099611324796
v10,feat_gbm,2.0,45,377,0.3330401653496275,0.8095384731463161
v10,feat_gbm,2.0,45,378,0.1056676031415409,0.20303525329731625
v10,feat_gbm,2.0,45,379,0.17913152696456672,0.524784145223057
v10,feat_gbm,2.0,45,380,0.09469056468943016,0.8722609808312535
v10,feat_gbm,2.0,45,381,0.2226376042057818,1.0190202163897197
v10,feat_gbm,2.0,45,382,0.086138036795158,1.2715191268303472
v10,feat_gbm,2.0,45,383,-0.3077611852119317,-0.13923746667536385
v10,feat_gbm,2.0,45,384,-1.2421285318064073,-1.7983983483294153
v10,feat_gbm,2.0,45,385,-0.13806326908346245,0.5606037150840157
v10,feat_gbm,2.0,45,386,0.7044498328412296,0.6003456151224621
v10,feat_gbm,2.0,45,387,0.2689955581971801,1.3071718981356573
v10,feat_gbm,2.0,45,388,0.02456913562431878,-0.19457283568776126
v10,feat_gbm,2.0,45,389,-1.1595370217567884,-0.981880356960367
v10,feat_gbm,2.0,45,390,-2.958152278708094,-2.628024059072158
v10,feat_gbm,2.0,45,391,-2.8503002582621564,-2.479262758098376
v10,feat_gbm,2.0,45,392,-2.1002419123215375,-2.207941629114672
v10,feat_gbm,2.0,45,393,-2.762054788804965,-2.806586620215901
v10,feat_gbm,2.0,45,394,-0.380969038130851,-0.16842623590390868
v10,feat_gbm,2.0,45,395,0.38688515790448497,0.3596423409999632
v10,feat_gbm,2.0,45,396,-1.903668700087285,-3.117667066362407
v10,feat_gbm,2.0,45,397,0.7312853679474013,0.6134086288650079
v10,feat_gbm,2.0,45,398,0.4397509300741974,0.5049020087080688
v10,feat_gbm,2.0,45,399,-1.558080167381997,-1.0548605918119196
v10,feat_gbm,2.0,45,400,-1.9974569332485854,-2.877676775828332
v10,feat_gbm,2.0,45,401,0.0322206303020337,0.015654415635624343
v10,feat_gbm,2.0,45,402,-0.4697767371916565,-0.7027824676465185
v10,feat_gbm,2.0,45,403,0.03681427548073074,0.6733427913489138
v10,feat_gbm,2.0,45,404,-0.23969582689048544,0.03259550049258387
v10,feat_gbm,2.0,45,405,-3.189440329036182,-3.4179416205706223
v10,feat_gbm,2.0,45,406,-1.2203259930653882,-1.6563158072976616
v10,feat_gbm,2.0,45,407,-0.10638017827238269,0.3281041495218151
v10,feat_gbm,2.0,45,408,-1.965955925278747,-1.498502430121411
v10,feat_gbm,2.0,45,409,-1.7193787065197228,-1.5390850133499359
v10,feat_gbm,2.0,45,410,-3.0646513775987874,-3.8769914364338094
v10,feat_gbm,2.0,45,411,-1.3888733904348949,-1.1093409530974205
v10,feat_gbm,2.0,45,412,-1.8928506534429397,-2.1356441225652167
v10,feat_gbm,2.0,45,413,0.32974615270184965,0.5613925387002681
v10,feat_gbm,2.0,45,414,-2.1251766079515515,-2.672303525149137
v10,feat_gbm,2.0,45,415,0.7454128117195392,0.9887747910888531
v10,feat_gbm,2.0,45,416,-1.631225263666533,-2.064740642123073
v10,feat_gbm,2.0,45,417,-1.0990776966549896,-0.13534283366780814
v10,feat_gbm,2.0,45,418,0.12061102056803084,0.5266566940316069
v10,feat_gbm,2.0,45,419,-0.4065510844709743,-0.7929716308762645
v10,feat_gbm,2.0,45,420,-0.17548067555666083,0.22081989653443584
v10,feat_gbm,2.0,45,421,-3.976696598569177,-3.4911396429773087
v10,feat_gbm,2.0,45,422,-0.2011404608376287,0.4691563032653497
v10,feat_gbm,2.0,45,423,-0.1060335635734215,-0.21242164749251408
v10,feat_gbm,2.0,45,424,-2.6905202683592595,-2.0235730224261497
v10,feat_gbm,2.0,45,425,-0.13447160574339143,0.1881042769243711
v10,feat_gbm,2.0,45,426,-1.305759815280933,-0.7546830882020855
v10,feat_gbm,2.0,45,427,-2.024627972320355,-2.004418163271322
v10,feat_gbm,2.0,45,428,-0.05278698903695349,0.08108350485015015
v10,feat_gbm,2.0,45,429,-1.3270604801413461,-0.8958783842144782
v10,feat_gbm,2.0,45,430,-0.1243347100980079,-0.700178367515834
v10,feat_gbm,2.0,45,431,-2.435569949629856,-2.026447754843476
v10,feat_gbm,2.0,45,432,-2.426689762291175,-3.3644112924118934
v10,feat_gbm,2.0,45,433,-1.5777957043225592,-2.4777804975332844
v10,feat_gbm,2.0,45,434,-3.0839323003138652,-3.6407879329147783
v10,feat_gbm,2.0,45,435,0.11510483502783515,0.8140524350977956
v10,feat_gbm,2.0,45,436,-0.11980482218817132,-0.6342245759550225
v10,feat_gbm,2.0,45,437,-1.1546546177626773,-1.0170271575608654
v10,feat_gbm,2.0,45,438,0.316584479389233,1.2058566336630974
v10,feat_gbm,2.0,45,439,1.0123504600594095,1.04159183954478
v10,feat_gbm,2.0,45,440,-0.9507515077376811,-0.383754051292973
v10,feat_gbm,2.0,45,441,0.8015688162421727,0.9717849563735496
v10,feat_gbm,2.0,45,442,0.721641655410584,0.915394257773604
v10,feat_gbm,2.0,45,443,0.0857046054308101,0.17619398118278368
v10,feat_gbm,2.0,45,444,-2.6022683975240732,-2.3026142847949007
v10,feat_gbm,2.0,45,445,-0.44188493651726823,-2.156995715227189
v10,feat_gbm,2.0,45,446,-2.37273240126826,-1.9647154613855007
v10,feat_gbm,2.0,45,447,-1.3270179555080903,-1.2167428909736953
v10,feat_gbm,2.0,45,448,-0.413316872556481,0.371748058948411
v10,feat_gbm,2.0,45,449,-3.5618488259096392,-3.354914600670279
v10,feat_gbm,2.0,45,450,-3.1121272748136777,-2.0984010901330774
v10,feat_gbm,2.0,45,451,-2.0191637044377537,-1.8411195968283314
v10,feat_gbm,2.0,45,452,0.21592439332502916,-0.2866386615093297
v10,feat_gbm,2.0,45,453,-1.2474661645597043,-2.1769502099219324
v10,feat_gbm,2.0,45,454,-0.18303405643403695,0.851829112076475
v10,feat_gbm,2.0,45,455,0.315442558222458,-0.5174982843777256
v10,feat_gbm,2.0,45,456,-2.701865688140417,-3.7883351795095335
v10,feat_gbm,2.0,45,457,-1.172380129902728,-1.3225504843777425
v10,feat_gbm,2.0,45,458,-0.48122154949572643,-0.6304710111145473
v10,feat_gbm,2.0,45,459,-3.723687590470983,-2.867776928577639
v10,feat_gbm,2.0,45,460,-0.3286628624483859,-0.20106453453544149
v10,feat_gbm,2.0,45,461,0.5790461644669271,0.565413433251147
v10,feat_gbm,2.0,45,462,-0.0002105036092930583,0.6531860801292728
v10,feat_gbm,2.0,45,463,-2.899079070918814,-3.295531334571209
v10,feat_gbm,2.0,45,464,-1.516643828542141,-1.118951529136503
v10,feat_gbm,2.0,45,465,-0.060777345882758446,0.08535922256033004
v10,feat_gbm,2.0,45,466,0.2559886207884986,0.2656879386171551
v10,feat_gbm,2.0,45,467,-1.210533070309102,-1.0764680911985907
v10,feat_gbm,2.0,45,468,1.0290463638425742,2.2503813782282114
v10,feat_gbm,2.0,45,469,-0.02131385072972062,-0.029700274932011248
v10,feat_gbm,2.0,45,470,-2.4389138540864885,-2.1918010579584375
v10,feat_gbm,2.0,45,471,0.9289951222961899,-0.12537364897776127
v10,feat_gbm,2.0,45,472,-1.4974456136211165,-1.3714574409892777
v10,feat_gbm,2.0,45,473,-2.573833281701232,-1.0216450817816245
v10,feat_gbm,2.0,45,474,-0.9343982297240202,-0.8313233833759152
v10,feat_gbm,2.0,45,475,-2.4281741548156743,-3.25243582884057
v10,feat_gbm,2.0,45,476,0.30865873470129973,0.8737365575305754
v10,feat_gbm,2.0,45,477,-2.1516487811760623,-1.8373017486027088
v10,feat_gbm,2.0,45,478,-1.6834196485512982,-1.909749317133085
v10,feat_gbm,2.0,45,479,-0.12561122617460113,0.418341725137149
v10,feat_gbm,2.0,45,480,-1.725279456332577,-2.8689304810445995
v10,feat_gbm,2.0,45,481,-4.552178251785106,-3.9192950012633494
v10,feat_gbm,2.0,45,482,0.689251307953697,0.8191907452202399
v10,feat_gbm,2.0,45,483,-2.5225075353922963,-2.7371748494528005
v10,feat_gbm,2.0,45,484,0.12206255682958239,0.043868991079412875
v10,feat_gbm,2.0,45,485,-2.3720636268448954,-3.9571024828402512
v10,feat_gbm,2.0,45,486,-1.1126714548883352,-0.8286091055291892
v10,feat_gbm,2.0,45,487,1.1617329324783354,1.1086460137612473
v10,feat_gbm,2.0,45,488,-0.89594177331384,-1.0899995989348372
v10,feat_gbm,2.0,45,489,-3.304663558654678,-2.9260181182274523
v10,feat_gbm,2.0,45,490,-0.04124581956956892,0.01778898425240747
v10,feat_gbm,2.0,45,491,-0.034905706297104745,-0.388546054063584
v10,feat_gbm,2.0,45,492,-0.8078603198172221,-0.8483910406321095
v10,feat_gbm,2.0,45,493,-2.7569792208288035,-2.4855190663855797
v10,feat_gbm,2.0,45,494,-0.13789052806468266,-0.6027729178489412
v10,feat_gbm,2.0,45,495,-1.538160307191012,-1.5285925057254015
v10,feat_gbm,2.0,45,496,0.30218906945000745,1.0092174422839322
v10,feat_gbm,2.0,45,497,-2.4553841234617555,-2.421052301727873
v10,feat_gbm,2.0,45,498,-2.988660247555436,-3.2283141264699093
v10,feat_gbm,2.0,45,499,-3.410925370290719,-4.907212199848568
v10,feat_gbm,2.0,46,0,-0.3021659213453139,0.03894909458183669
v10,feat_gbm,2.0,46,1,-2.3462124980685903,-2.5052564746229193
v10,feat_gbm,2.0,46,2,0.09506814953124038,0.6287827851917782
v10,feat_gbm,2.0,46,3,-2.7102064795805094,-3.3447289283878643
v10,feat_gbm,2.0,46,4,1.099033684130209,0.9694015026406426
v10,feat_gbm,2.0,46,5,-2.184557936651154,-2.4693709778233526
v10,feat_gbm,2.0,46,6,0.10058114315631748,-0.2819211013310965
v10,feat_gbm,2.0,46,7,0.21190719301241356,0.5289578846490461
v10,feat_gbm,2.0,46,8,0.5003712489595218,0.032863622186365654
v10,feat_gbm,2.0,46,9,0.571089191947677,0.9352707853930591
v10,feat_gbm,2.0,46,10,-1.7153743296265926,-1.5987558134683666
v10,feat_gbm,2.0,46,11,-2.5598699580385467,-3.2678706438993954
v10,feat_gbm,2.0,46,12,-1.3601336433068434,-2.445380546146449
v10,feat_gbm,2.0,46,13,-0.6898384512713123,-0.4471217519653716
v10,feat_gbm,2.0,46,14,-0.6719205116805773,-1.8343062920535937
v10,feat_gbm,2.0,46,15,-2.8916521888697475,-2.278287047942225
v10,feat_gbm,2.0,46,16,-0.3130982138447177,-1.113015507562239
v10,feat_gbm,2.0,46,17,-0.7446723979312407,-1.149386040828735
v10,feat_gbm,2.0,46,18,-0.2268864769168665,-0.4541092694382234
v10,feat_gbm,2.0,46,19,-2.5399723719627465,-2.8798658660471284
v10,feat_gbm,2.0,46,20,-3.2975532727385084,-3.281006200299989
v10,feat_gbm,2.0,46,21,-0.822461947769003,-0.7889402030111288
v10,feat_gbm,2.0,46,22,-1.7239980443098604,-0.48114593055133975
v10,feat_gbm,2.0,46,23,-2.3231483362550964,-2.8038114998165153
v10,feat_gbm,2.0,46,24,-2.103282148947501,-2.6726430450531393
v10,feat_gbm,2.0,46,25,-3.349872992062565,-3.141178249464176
v10,feat_gbm,2.0,46,26,-3.1159560302916107,-3.8612362310489847
v10,feat_gbm,2.0,46,27,-2.3075326845208646,-3.085821277369337
v10,feat_gbm,2.0,46,28,-1.9423493883261616,-2.1153791712035637
v10,feat_gbm,2.0,46,29,-1.2382590555162711,-0.5854112868629942
v10,feat_gbm,2.0,46,30,0.09403830256914132,0.13849791927417068
v10,feat_gbm,2.0,46,31,-3.011082356927383,-2.779654184179668
v10,feat_gbm,2.0,46,32,1.0662504968323168,0.9166392391011026
v10,feat_gbm,2.0,46,33,-1.8515879759630425,-2.134444297962007
v10,feat_gbm,2.0,46,34,0.39959674984709476,1.1224191581864646
v10,feat_gbm,2.0,46,35,-1.5707587083605938,-2.7514680837461087
v10,feat_gbm,2.0,46,36,-0.3812605846134542,0.7493710802437775
v10,feat_gbm,2.0,46,37,-2.1731650905278994,-2.157600461660938
v10,feat_gbm,2.0,46,38,-1.764637595326133,-1.7436371170468024
v10,feat_gbm,2.0,46,39,0.7526167443790648,0.632388610685479
v10,feat_gbm,2.0,46,40,-1.0756068204997868,-1.5024753827969588
v10,feat_gbm,2.0,46,41,-2.6534630990908106,-2.936018587066778
v10,feat_gbm,2.0,46,42,-0.4577352237871976,-0.06406961406287034
v10,feat_gbm,2.0,46,43,-0.5113197609665407,-0.43711075337934485
v10,feat_gbm,2.0,46,44,0.6730636730605241,0.521724778538647
v10,feat_gbm,2.0,46,45,0.5659867786162461,-0.02881562555915001
v10,feat_gbm,2.0,46,46,-2.7806435448426376,-2.6856700943784895
v10,feat_gbm,2.0,46,47,-3.3599003560612632,-3.3419513202228783
v10,feat_gbm,2.0,46,48,-0.2341721898799504,-0.35240032436669677
v10,feat_gbm,2.0,46,49,-2.9242585719457965,-4.466027560457086
v10,feat_gbm,2.0,46,50,-1.0631303206283202,-1.2227887404747313
v10,feat_gbm,2.0,46,51,-3.1431630834534956,-4.168130875201601
v10,feat_gbm,2.0,46,52,-3.1146286925137256,-2.1825653069440887
v10,feat_gbm,2.0,46,53,-2.8576540386622242,-2.816977102698189
v10,feat_gbm,2.0,46,54,-0.8385120868793583,-0.9520374156321785
v10,feat_gbm,2.0,46,55,0.7658503435352726,0.800460094219776
v10,feat_gbm,2.0,46,56,0.04546724555145224,0.2782562560211116
v10,feat_gbm,2.0,46,57,-0.15507861952224394,-0.7855200046266205
v10,feat_gbm,2.0,46,58,-2.589787565490313,-2.837973637743256
v10,feat_gbm,2.0,46,59,0.3961138885931317,0.3653424354755994
v10,feat_gbm,2.0,46,60,-3.5816715728665014,-3.145987746693799
v10,feat_gbm,2.0,46,61,-1.208182507629584,-2.1381844357326614
v10,feat_gbm,2.0,46,62,0.5755414464018249,0.3908315550690521
v10,feat_gbm,2.0,46,63,-3.1474096772825475,-3.259739876316779
v10,feat_gbm,2.0,46,64,-4.007133280737489,-3.799325775609258
v10,feat_gbm,2.0,46,65,-0.33638439060873804,0.2842997557356093
v10,feat_gbm,2.0,46,66,0.3054626579242071,0.9099380077885143
v10,feat_gbm,2.0,46,67,0.18269844952076014,0.5741223235018287
v10,feat_gbm,2.0,46,68,1.3469850850235578,1.3807263582335993
v10,feat_gbm,2.0,46,69,0.03714373840568913,2.7357387204405055
v10,feat_gbm,2.0,46,70,-0.00732162054782784,-0.3782017485149665
v10,feat_gbm,2.0,46,71,-0.7743103837115205,-0.6946521973220513
v10,feat_gbm,2.0,46,72,-3.081460581642376,-3.510295151868067
v10,feat_gbm,2.0,46,73,-0.2696007106543069,-0.3643686170400702
v10,feat_gbm,2.0,46,74,1.1384902561617718,1.1835884152793859
v10,feat_gbm,2.0,46,75,-0.00027799343743850575,-0.38644824542838596
v10,feat_gbm,2.0,46,76,-0.06516774627174042,0.7005004452467647
v10,feat_gbm,2.0,46,77,0.05512098338375171,0.3770911051312199
v10,feat_gbm,2.0,46,78,-0.15466911948933365,-0.5374783823521183
v10,feat_gbm,2.0,46,79,-2.379566708728167,-3.2499450611549854
v10,feat_gbm,2.0,46,80,-2.2682514687863113,-1.719925172279684
v10,feat_gbm,2.0,46,81,0.060471232502618155,1.8185710395242058
v10,feat_gbm,2.0,46,82,-1.1155443064036414,-1.0758778979961314
v10,feat_gbm,2.0,46,83,-0.02989694263661253,-0.8033140510569362
v10,feat_gbm,2.0,46,84,-1.8199898397474166,-2.0837035815006346
v10,feat_gbm,2.0,46,85,-1.3936125893328526,-1.2430797823904942
v10,feat_gbm,2.0,46,86,0.3099329417170294,0.639317965424242
v10,feat_gbm,2.0,46,87,-0.4541055267890865,-0.02321591952008587
v10,feat_gbm,2.0,46,88,-2.94567589580435,-3.512086916650174
v10,feat_gbm,2.0,46,89,-1.2842509527110493,-1.684363733317816
v10,feat_gbm,2.0,46,90,-3.6453822217661718,-3.5341996208099964
v10,feat_gbm,2.0,46,91,0.46914105870676703,1.1574629997660548
v10,feat_gbm,2.0,46,92,-0.76171785558977,-0.7651863719989663
v10,feat_gbm,2.0,46,93,-4.572253158854794,-5.7708125015304885
v10,feat_gbm,2.0,46,94,0.01866712488309109,0.07374698385127064
v10,feat_gbm,2.0,46,95,-0.3277177286842475,1.201566413592891
v10,feat_gbm,2.0,46,96,0.8752430483102704,1.2655480006709303
v10,feat_gbm,2.0,46,97,-3.5161111203768733,-3.2217777708537843
v10,feat_gbm,2.0,46,98,-2.5422865815798197,-1.2120387208328698
v10,feat_gbm,2.0,46,99,-0.3097879250590931,-0.04015373686183237
v10,feat_gbm,2.0,46,100,-2.7861428825360504,-2.8384481914339785
v10,feat_gbm,2.0,46,101,-2.8032293389767426,-3.541068619782685
v10,feat_gbm,2.0,46,102,-4.179441527438737,-4.424727465058162
v10,feat_gbm,2.0,46,103,-0.9829452385458308,-0.7652009130347144
v10,feat_gbm,2.0,46,104,-0.8310052380647166,-0.406664655497914
v10,feat_gbm,2.0,46,105,-2.38325994394273,-2.8019031633754246
v10,feat_gbm,2.0,46,106,-1.4903658516217326,-1.1978192780958505
v10,feat_gbm,2.0,46,107,-1.4371417441163907,-1.2497822804421463
v10,feat_gbm,2.0,46,108,-0.11134332003119063,-0.2003702404752673
v10,feat_gbm,2.0,46,109,-0.5643775325507044,-0.28745536208379296
v10,feat_gbm,2.0,46,110,-0.0062947056519678584,0.2838469771831524
v10,feat_gbm,2.0,46,111,-0.11403858517954851,0.6579850926301614
v10,feat_gbm,2.0,46,112,0.24186044016020883,-0.4279263804064609
v10,feat_gbm,2.0,46,113,0.331376952339953,0.527327823801956
v10,feat_gbm,2.0,46,114,-3.4750063937796396,-3.652947895428966
v10,feat_gbm,2.0,46,115,-1.5420248535249361,-0.04287987221360797
v10,feat_gbm,2.0,46,116,-3.302383742187913,-3.4409421360670214
v10,feat_gbm,2.0,46,117,-2.127971053273313,-2.4284095097884006
v10,feat_gbm,2.0,46,118,-2.037164814494887,-1.419217075367618
v10,feat_gbm,2.0,46,119,-2.876313918011877,-1.4944271796191557
v10,feat_gbm,2.0,46,120,-3.0374788524827516,-2.797137626437216
v10,feat_gbm,2.0,46,121,0.5729813409478132,3.1321125804877905
v10,feat_gbm,2.0,46,122,-2.456486713410573,-3.164895556438051
v10,feat_gbm,2.0,46,123,0.022910114473585198,-0.021234684620174846
v10,feat_gbm,2.0,46,124,-1.2995183904061798,-1.246001114532972
v10,feat_gbm,2.0,46,125,-2.7352420459694753,-2.7130193085566443
v10,feat_gbm,2.0,46,126,-2.182143237252179,-2.0560780011130944
v10,feat_gbm,2.0,46,127,-1.29830019893184,-1.631222331554067
v10,feat_gbm,2.0,46,128,-2.236794505277164,-3.477307725783656
v10,feat_gbm,2.0,46,129,0.7083245294707117,1.7007542891568868
v10,feat_gbm,2.0,46,130,-3.38449405888135,-3.4021624962570822
v10,feat_gbm,2.0,46,131,-3.196396463018037,-3.701149444421242
v10,feat_gbm,2.0,46,132,-0.07563111480753838,-0.4116741376471012
v10,feat_gbm,2.0,46,133,-0.3730044990515138,-0.5680375850475197
v10,feat_gbm,2.0,46,134,-1.5933436670267824,-1.4788189923590598
v10,feat_gbm,2.0,46,135,-2.821775991237262,-2.9896549957503007
v10,feat_gbm,2.0,46,136,0.29413055001855537,0.11194117436713467
v10,feat_gbm,2.0,46,137,0.8533983646670791,1.7147062893715772
v10,feat_gbm,2.0,46,138,-2.106529635630194,-1.9709125209383296
v10,feat_gbm,2.0,46,139,-0.07980996304153545,0.19937477723826902
v10,feat_gbm,2.0,46,140,-2.0330568822271085,-2.8223726616431475
v10,feat_gbm,2.0,46,141,-0.32757484645207846,-0.12380828599000025
v10,feat_gbm,2.0,46,142,-2.6295813305218165,-2.97521232911642
v10,feat_gbm,2.0,46,143,-2.1552609159171583,-1.9484557479617686
v10,feat_gbm,2.0,46,144,0.6611885731590849,1.244093655886106
v10,feat_gbm,2.0,46,145,-2.191927244975649,-2.0280859266176816
v10,feat_gbm,2.0,46,146,-1.6622051772701232,-2.0754073031653366
v10,feat_gbm,2.0,46,147,0.09205715631164786,-0.11331641159387335
v10,feat_gbm,2.0,46,148,-2.1319040306242774,-2.620298039600635
v10,feat_gbm,2.0,46,149,-2.9008645176436207,-3.8395532227602396
v10,feat_gbm,2.0,46,150,-1.7485076381187752,-2.149698272240366
v10,feat_gbm,2.0,46,151,-2.6520160771363384,-3.1594376779318036
v10,feat_gbm,2.0,46,152,-2.2924910423964233,-2.7712141114581046
v10,feat_gbm,2.0,46,153,-1.2116117713320447,-1.1483368403810985
v10,feat_gbm,2.0,46,154,-0.46422504584973745,-1.4700676700115773
v10,feat_gbm,2.0,46,155,1.2280484463451733,1.4088416749712322
v10,feat_gbm,2.0,46,156,0.06994331260942616,0.7564704220494097
v10,feat_gbm,2.0,46,157,-2.61580218833236,-1.7148995557963913
v10,feat_gbm,2.0,46,158,-1.6196956709198893,-2.8595355115547196
v10,feat_gbm,2.0,46,159,-1.2517222522415559,-0.9922400520728849
v10,feat_gbm,2.0,46,160,1.4292846282444782,1.8585227307534937
v10,feat_gbm,2.0,46,161,-2.1187614575831817,-2.477654537850602
v10,feat_gbm,2.0,46,162,-1.8435968097524036,-2.993764039868935
v10,feat_gbm,2.0,46,163,-1.2565327928914154,-1.1722671160336509
v10,feat_gbm,2.0,46,164,-1.913874740323981,-1.6577576086204497
v10,feat_gbm,2.0,46,165,-2.356425488627509,-2.9770186999323642
v10,feat_gbm,2.0,46,166,-2.8263721385994067,-3.2329952824425443
v10,feat_gbm,2.0,46,167,-0.30764420975667506,0.19550508612775644
v10,feat_gbm,2.0,46,168,-1.0041851525139753,-1.2639642813248737
v10,feat_gbm,2.0,46,169,1.33138783743462,1.4224064134580066
v10,feat_gbm,2.0,46,170,-2.2187466182046114,-1.5303724784706008
v10,feat_gbm,2.0,46,171,0.4095190871802244,0.6086346650572224
v10,feat_gbm,2.0,46,172,0.14590548969100908,-0.052232489626048526
v10,feat_gbm,2.0,46,173,-0.8988594794426152,-0.19074605880313256
v10,feat_gbm,2.0,46,174,-2.1472970197006043,-2.7678232596734214
v10,feat_gbm,2.0,46,175,-1.9470616536076246,-1.6557092188829319
v10,feat_gbm,2.0,46,176,0.04947126479399291,0.12081831439914445
v10,feat_gbm,2.0,46,177,-0.5186357123742662,3.7031714993021168
v10,feat_gbm,2.0,46,178,-0.01101145388212587,-0.17761292562564054
v10,feat_gbm,2.0,46,179,0.20039126230837156,0.2295122735959306
v10,feat_gbm,2.0,46,180,-1.7599206034386012,-1.6401012725318311
v10,feat_gbm,2.0,46,181,-2.9788747087156113,-3.399461101549646
v10,feat_gbm,2.0,46,182,0.28543739675558777,0.5421608664871393
v10,feat_gbm,2.0,46,183,-3.8903923327127186,-3.7858185839721776
v10,feat_gbm,2.0,46,184,0.24117398607110396,0.4440956773301304
v10,feat_gbm,2.0,46,185,-0.09665777410524415,0.5450962365111649
v10,feat_gbm,2.0,46,186,-2.8888823627571854,-3.094441269353033
v10,feat_gbm,2.0,46,187,0.25927561511964636,1.436275522654785
v10,feat_gbm,2.0,46,188,-0.8179792106449661,-0.003208414280501246
v10,feat_gbm,2.0,46,189,-2.1916257670972024,-2.0766448721687736
v10,feat_gbm,2.0,46,190,-2.3942184032540608,-2.887011097372245
v10,feat_gbm,2.0,46,191,-0.41447451880151176,-0.19564387773269687
v10,feat_gbm,2.0,46,192,-3.399201922742264,-3.39219136175158
v10,feat_gbm,2.0,46,193,-3.4434615451958597,-4.804455114758695
v10,feat_gbm,2.0,46,194,-0.255025745648776,-0.23230879418151415
v10,feat_gbm,2.0,46,195,0.8686351706072082,0.7768952289284052
v10,feat_gbm,2.0,46,196,-3.227056557974354,-3.0758975731441707
v10,feat_gbm,2.0,46,197,1.3142020050783476,1.8852948766094535
v10,feat_gbm,2.0,46,198,0.1266844407785928,-0.07474663349946693
v10,feat_gbm,2.0,46,199,1.3280716250755489,0.9295509098669842
v10,feat_gbm,2.0,46,200,0.3025889023096272,0.40408761039079466
v10,feat_gbm,2.0,46,201,-1.0647843309071383,-1.0185563947000995
v10,feat_gbm,2.0,46,202,-1.0500170220070777,-1.5812541435625456
v10,feat_gbm,2.0,46,203,-1.5922976448443862,-2.9269603411540346
v10,feat_gbm,2.0,46,204,-0.13743633401530012,-0.9368237022381455
v10,feat_gbm,2.0,46,205,-0.47693210890453064,-0.771906247259438
v10,feat_gbm,2.0,46,206,-2.0772432145635817,-1.4457766532498904
v10,feat_gbm,2.0,46,207,-2.3996606850757254,-2.4752738768021185
v10,feat_gbm,2.0,46,208,-2.1786664474670525,-2.8789590131308262
v10,feat_gbm,2.0,46,209,-1.617035505876081,-2.6986856152036793
v10,feat_gbm,2.0,46,210,-0.14160205112093807,0.05837096406180189
v10,feat_gbm,2.0,46,211,-2.952033332361484,-2.2327070274631113
v10,feat_gbm,2.0,46,212,0.061283355395305376,0.15758807445032513
v10,feat_gbm,2.0,46,213,0.727723675122045,0.5234750924970406
v10,feat_gbm,2.0,46,214,0.741437775673371,0.8312555987922697
v10,feat_gbm,2.0,46,215,-1.2218641121650105,-0.7699972654610447
v10,feat_gbm,2.0,46,216,-2.4003822028891104,-2.4368834827463726
v10,feat_gbm,2.0,46,217,-2.643209218573853,-3.7421886443248944
v10,feat_gbm,2.0,46,218,-3.4645269978537607,-4.3753265313120195
v10,feat_gbm,2.0,46,219,0.21506065300717536,0.13181597567614448
v10,feat_gbm,2.0,46,220,-2.5216623076072966,-2.150299196146146
v10,feat_gbm,2.0,46,221,0.12296478176630579,0.4316281043505307
v10,feat_gbm,2.0,46,222,0.36141871848342155,0.20581216265343685
v10,feat_gbm,2.0,46,223,-2.3566875243204835,-1.7226779576420432
v10,feat_gbm,2.0,46,224,0.6904217437397965,1.0701061526100661
v10,feat_gbm,2.0,46,225,-0.8523741933355222,-2.995983076644188
v10,feat_gbm,2.0,46,226,-0.11579182364406922,-0.39103048890459524
v10,feat_gbm,2.0,46,227,-1.9206247403885786,-2.811377433191803
v10,feat_gbm,2.0,46,228,-0.12319634541694394,0.1103569248772952
v10,feat_gbm,2.0,46,229,0.4470582675438698,1.0926797996732165
v10,feat_gbm,2.0,46,230,-1.5030439182868203,-1.1465469989616057
v10,feat_gbm,2.0,46,231,-4.111046786070758,-3.7045714701961474
v10,feat_gbm,2.0,46,232,-0.3754353426127853,-0.3205795311611984
v10,feat_gbm,2.0,46,233,0.17350953973678765,-0.7282288274356463
v10,feat_gbm,2.0,46,234,0.18298428174144915,-0.6143938277881194
v10,feat_gbm,2.0,46,235,-2.835699519663674,-3.717493513170671
v10,feat_gbm,2.0,46,236,-1.9408985051520462,-1.894186438607053
v10,feat_gbm,2.0,46,237,-0.13791876639834713,0.19101892391720615
v10,feat_gbm,2.0,46,238,-1.587418121652933,-2.723653519266766
v10,feat_gbm,2.0,46,239,0.49160142016714964,0.28172679866345784
v10,feat_gbm,2.0,46,240,-1.3082036912753119,-0.570916259780521
v10,feat_gbm,2.0,46,241,-2.0524293093676027,-3.037607674189957
v10,feat_gbm,2.0,46,242,-2.62121015384292,-2.4824067099880884
v10,feat_gbm,2.0,46,243,0.7475386175260502,1.793244191067856
v10,feat_gbm,2.0,46,244,-1.933541022980103,-2.170563194223024
v10,feat_gbm,2.0,46,245,-2.2639483380464545,-2.5580286375581696
v10,feat_gbm,2.0,46,246,-2.808674899810083,-3.9013363177662743
v10,feat_gbm,2.0,46,247,-1.5096637036541876,-1.2689211715035387
v10,feat_gbm,2.0,46,248,-2.2808345445696467,-2.89795980370705
v10,feat_gbm,2.0,46,249,-1.1076319810571142,-1.149470325468549
v10,feat_gbm,2.0,46,250,-2.7001604764668494,-2.1803876537888693
v10,feat_gbm,2.0,46,251,-0.7351288109496817,-1.2010659028736028
v10,feat_gbm,2.0,46,252,-2.722387496963429,-2.675840590612525
v10,feat_gbm,2.0,46,253,-1.1332359575491522,-0.865421424414132
v10,feat_gbm,2.0,46,254,0.2844408375487277,-0.45089388998719687
v10,feat_gbm,2.0,46,255,-1.2286089168425884,-1.477655138121315
v10,feat_gbm,2.0,46,256,-1.9605815427607218,-1.9234128661936198
v10,feat_gbm,2.0,46,257,-0.5505966308143714,-0.8895479413744646
v10,feat_gbm,2.0,46,258,-1.159035248708561,-1.284701881398344
v10,feat_gbm,2.0,46,259,-0.2984330921469444,0.03791276039075724
v10,feat_gbm,2.0,46,260,-0.5686870159975382,-1.213907680807544
v10,feat_gbm,2.0,46,261,-0.41329522972688304,-0.6937064881158975
v10,feat_gbm,2.0,46,262,-2.6246112451009704,-2.500344974429108
v10,feat_gbm,2.0,46,263,-2.916079726069743,-3.0782877743164985
v10,feat_gbm,2.0,46,264,-2.1141774368944963,-3.2702790535172426
v10,feat_gbm,2.0,46,265,-0.17134874310340437,-0.15746453031192983
v10,feat_gbm,2.0,46,266,-1.2923340500730465,-1.3930653126164372
v10,feat_gbm,2.0,46,267,-4.112615127593598,-3.460520174484755
v10,feat_gbm,2.0,46,268,-2.149549457293532,-1.8115923421665279
v10,feat_gbm,2.0,46,269,0.21432929147058757,-0.04785951915829837
v10,feat_gbm,2.0,46,270,-1.7062218675755194,-1.3387838926701625
v10,feat_gbm,2.0,46,271,0.5816354824635879,0.6172482925771328
v10,feat_gbm,2.0,46,272,0.04490337067387945,0.10718580269537517
v10,feat_gbm,2.0,46,273,-2.8115871960472383,-2.4250613993713395
v10,feat_gbm,2.0,46,274,-0.11722449306187539,-0.4656136934058211
v10,feat_gbm,2.0,46,275,-1.870847054837975,-1.7679071058666047
v10,feat_gbm,2.0,46,276,0.04421436943540247,-0.15192249005847586
v10,feat_gbm,2.0,46,277,-0.6699051207862856,-0.22686658439221394
v10,feat_gbm,2.0,46,278,-0.920535170929538,-0.3963273628232521
v10,feat_gbm,2.0,46,279,-2.4298713962250242,-2.1916982233579314
v10,feat_gbm,2.0,46,280,-0.23701580876151668,0.5138857123822332
v10,feat_gbm,2.0,46,281,0.039433884773095645,0.13501120436460418
v10,feat_gbm,2.0,46,282,0.16242425934605248,-0.35232291748203215
v10,feat_gbm,2.0,46,283,-0.11757893935284519,0.33710059568630363
v10,feat_gbm,2.0,46,284,0.6762449382776052,2.2269494594330284
v10,feat_gbm,2.0,46,285,-0.5543560079635788,-0.8523290277873723
v10,feat_gbm,2.0,46,286,0.08828569794806446,0.5032694866056324
v10,feat_gbm,2.0,46,287,-3.9475143982125265,-3.0734310124071125
v10,feat_gbm,2.0,46,288,-3.01833673432373,-3.0969464995649485
v10,feat_gbm,2.0,46,289,0.0030830689652170604,0.8088909840914691
v10,feat_gbm,2.0,46,290,-2.2957123180228662,-1.710735902712342
v10,feat_gbm,2.0,46,291,-0.3377406886771087,-0.24588513525180683
v10,feat_gbm,2.0,46,292,-2.295052340501271,-2.9910915714149957
v10,feat_gbm,2.0,46,293,0.02388113249282527,0.24397961438558982
v10,feat_gbm,2.0,46,294,0.31720426783819156,0.9827222917401395
v10,feat_gbm,2.0,46,295,0.2777501708841642,1.5399914318848642
v10,feat_gbm,2.0,46,296,-2.5088437492030216,-3.028104854063688
v10,feat_gbm,2.0,46,297,-2.5546717197416147,-1.9675880903276046
v10,feat_gbm,2.0,46,298,0.48291041774712407,0.3882116190950413
v10,feat_gbm,2.0,46,299,-1.5802930828932076,-0.4169590587595381
v10,feat_gbm,2.0,46,300,-0.5010935203476122,-0.47104701624968015
v10,feat_gbm,2.0,46,301,-0.6089862381116286,-0.5788171023402015
v10,feat_gbm,2.0,46,302,-3.6669496285727923,-3.325334912618423
v10,feat_gbm,2.0,46,303,-0.21818249072908388,0.27214776974989446
v10,feat_gbm,2.0,46,304,0.23915271685714964,0.2838761456734127
v10,feat_gbm,2.0,46,305,0.5174004174919451,0.98356576927226
v10,feat_gbm,2.0,46,306,-1.4490250780948282,-2.324804251846344
v10,feat_gbm,2.0,46,307,-0.09844859447562823,-0.30060412365222405
v10,feat_gbm,2.0,46,308,-3.609987398701352,-3.5706943269006843
v10,feat_gbm,2.0,46,309,-0.33715089651601915,0.7657986236992217
v10,feat_gbm,2.0,46,310,-0.9851621552385512,-0.3760212383278314
v10,feat_gbm,2.0,46,311,1.0124002214520267,0.903367601886353
v10,feat_gbm,2.0,46,312,0.5903692854579359,0.2834145554969618
v10,feat_gbm,2.0,46,313,-0.15189843004743397,-0.8750381269167363
v10,feat_gbm,2.0,46,314,-2.457581053797459,-0.8911054934067958
v10,feat_gbm,2.0,46,315,0.20063452734201828,0.2699623908229132
v10,feat_gbm,2.0,46,316,-3.305009384596142,-4.034449774534175
v10,feat_gbm,2.0,46,317,0.33140677965514864,0.7302045063515665
v10,feat_gbm,2.0,46,318,-2.7170993965269923,-2.5264159394565007
v10,feat_gbm,2.0,46,319,-2.8513134625774836,-3.1280680478747835
v10,feat_gbm,2.0,46,320,0.22887769534131464,-0.623194388118803
v10,feat_gbm,2.0,46,321,-3.2778984820214143,-4.172922463867305
v10,feat_gbm,2.0,46,322,0.6374346854141538,1.0714029341973417
v10,feat_gbm,2.0,46,323,-2.7620849658142017,-2.5538050374755565
v10,feat_gbm,2.0,46,324,-1.7867406803672756,-1.5310020975326282
v10,feat_gbm,2.0,46,325,-0.21200453372697026,-0.735749980772127
v10,feat_gbm,2.0,46,326,-1.3915863039070377,-0.5010306012352705
v10,feat_gbm,2.0,46,327,-3.911074466757075,-4.393123087746285
v10,feat_gbm,2.0,46,328,0.05940558021513988,0.6439364857563509
v10,feat_gbm,2.0,46,329,-2.791029285533698,-2.60760252445046
v10,feat_gbm,2.0,46,330,0.36977230355324264,0.46983427811083467
v10,feat_gbm,2.0,46,331,-0.6235901316779905,-1.149354435920189
v10,feat_gbm,2.0,46,332,-2.130392755620896,-1.0961264399974935
v10,feat_gbm,2.0,46,333,0.5023319619069074,1.4253561556633074
v10,feat_gbm,2.0,46,334,0.9676276862690626,1.0406546288822482
v10,feat_gbm,2.0,46,335,-0.295888429157438,-0.1286217558512718
v10,feat_gbm,2.0,46,336,-1.7202619378438109,-1.7275974260064488
v10,feat_gbm,2.0,46,337,-2.6783043394007833,-4.535227665039715
v10,feat_gbm,2.0,46,338,-0.29577955641576276,-1.078833843619319
v10,feat_gbm,2.0,46,339,-1.6060019608004594,-2.035297396751524
v10,feat_gbm,2.0,46,340,0.2840405733821033,0.4788286932125707
v10,feat_gbm,2.0,46,341,-0.7528281370421399,-0.4595082096564039
v10,feat_gbm,2.0,46,342,-3.601702490862751,-3.653430804591794
v10,feat_gbm,2.0,46,343,0.6457774886307222,0.2834522663037432
v10,feat_gbm,2.0,46,344,0.18028054126469334,-0.15984972455285287
v10,feat_gbm,2.0,46,345,-2.4207161133251125,-3.8822970119574354
v10,feat_gbm,2.0,46,346,-2.1540007241666337,-2.5801989990218064
v10,feat_gbm,2.0,46,347,-3.7842366869026915,-3.2622630695286134
v10,feat_gbm,2.0,46,348,-1.2864835617049575,-0.4894561152880944
v10,feat_gbm,2.0,46,349,-4.435588465011848,-3.0223552414624764
v10,feat_gbm,2.0,46,350,0.6868407212771899,0.4215072765335228
v10,feat_gbm,2.0,46,351,-2.206148226032658,-1.8152752103400673
v10,feat_gbm,2.0,46,352,0.7778059584063962,1.102263670511441
v10,feat_gbm,2.0,46,353,0.6024180462261319,1.4454852001466738
v10,feat_gbm,2.0,46,354,-3.125042598567666,-3.6770060333191017
v10,feat_gbm,2.0,46,355,-3.0166816860913452,-5.078652858832153
v10,feat_gbm,2.0,46,356,0.2463688027806933,0.7815322159665122
v10,feat_gbm,2.0,46,357,0.34570952676995287,0.6775133790495483
v10,feat_gbm,2.0,46,358,-3.213565295206661,-3.5163570325540956
v10,feat_gbm,2.0,46,359,-2.9066375602927357,-4.157760523739404
v10,feat_gbm,2.0,46,360,-0.42923551771106927,-0.18386357284099003
v10,feat_gbm,2.0,46,361,-3.3414558121700413,-4.477383009144865
v10,feat_gbm,2.0,46,362,-0.3324862044089317,0.2909126951240761
v10,feat_gbm,2.0,46,363,-2.567751887286651,-3.5121531596302606
v10,feat_gbm,2.0,46,364,-0.19442366383980542,-0.0019354464452207268
v10,feat_gbm,2.0,46,365,-3.257170828048647,-3.264666087597375
v10,feat_gbm,2.0,46,366,-0.8862640749332877,-1.4961090632143375
v10,feat_gbm,2.0,46,367,-0.15013496722335837,-0.10305907560987346
v10,feat_gbm,2.0,46,368,-0.15443654647433944,0.24601275195113992
v10,feat_gbm,2.0,46,369,-2.435985427556209,-1.6400355118163064
v10,feat_gbm,2.0,46,370,-1.3373680155327572,-1.5399226532969161
v10,feat_gbm,2.0,46,371,-0.5871448648376801,-0.3336387161155974
v10,feat_gbm,2.0,46,372,0.24383910713910162,0.3185760540422761
v10,feat_gbm,2.0,46,373,-0.6354246969624595,-0.30756424411789
v10,feat_gbm,2.0,46,374,-3.2427129831024613,-3.551435429619069
v10,feat_gbm,2.0,46,375,0.666911304037245,-0.12846918127015178
v10,feat_gbm,2.0,46,376,0.2915384330368455,0.43413099611324796
v10,feat_gbm,2.0,46,377,0.28779357602569255,0.8095384731463161
v10,feat_gbm,2.0,46,378,-0.06943059448720403,0.20303525329731625
v10,feat_gbm,2.0,46,379,0.11314954749009447,0.524784145223057
v10,feat_gbm,2.0,46,380,0.09098483194279723,0.8722609808312535
v10,feat_gbm,2.0,46,381,0.052408579514840764,1.0190202163897197
v10,feat_gbm,2.0,46,382,0.13033918775681105,1.2715191268303472
v10,feat_gbm,2.0,46,383,-0.2776345255129647,-0.13923746667536385
v10,feat_gbm,2.0,46,384,-1.2401375385982858,-1.7983983483294153
v10,feat_gbm,2.0,46,385,-0.23680322867707768,0.5606037150840157
v10,feat_gbm,2.0,46,386,0.6686166763150247,0.6003456151224621
v10,feat_gbm,2.0,46,387,0.03074287123400831,1.3071718981356573
v10,feat_gbm,2.0,46,388,-0.14774803094151484,-0.19457283568776126
v10,feat_gbm,2.0,46,389,-1.361420717224034,-0.981880356960367
v10,feat_gbm,2.0,46,390,-3.343363548449009,-2.628024059072158
v10,feat_gbm,2.0,46,391,-2.769028207649205,-2.479262758098376
v10,feat_gbm,2.0,46,392,-2.0637930852103534,-2.207941629114672
v10,feat_gbm,2.0,46,393,-2.6746484895021543,-2.806586620215901
v10,feat_gbm,2.0,46,394,-0.44904048048377626,-0.16842623590390868
v10,feat_gbm,2.0,46,395,0.4667809874323441,0.3596423409999632
v10,feat_gbm,2.0,46,396,-1.867310928685166,-3.117667066362407
v10,feat_gbm,2.0,46,397,0.8705570845650638,0.6134086288650079
v10,feat_gbm,2.0,46,398,0.46735557638156305,0.5049020087080688
v10,feat_gbm,2.0,46,399,-1.5162959132044354,-1.0548605918119196
v10,feat_gbm,2.0,46,400,-2.129889559989602,-2.877676775828332
v10,feat_gbm,2.0,46,401,0.1442957946442197,0.015654415635624343
v10,feat_gbm,2.0,46,402,-0.4860434644099223,-0.7027824676465185
v10,feat_gbm,2.0,46,403,0.04332360808051757,0.6733427913489138
v10,feat_gbm,2.0,46,404,-0.18200617256952753,0.03259550049258387
v10,feat_gbm,2.0,46,405,-3.1321907164416736,-3.4179416205706223
v10,feat_gbm,2.0,46,406,-1.3072172389991044,-1.6563158072976616
v10,feat_gbm,2.0,46,407,-0.02202459677703073,0.3281041495218151
v10,feat_gbm,2.0,46,408,-2.0150243962195646,-1.498502430121411
v10,feat_gbm,2.0,46,409,-1.931004945293793,-1.5390850133499359
v10,feat_gbm,2.0,46,410,-2.7586411506136965,-3.8769914364338094
v10,feat_gbm,2.0,46,411,-1.372151685997099,-1.1093409530974205
v10,feat_gbm,2.0,46,412,-1.8943892233098891,-2.1356441225652167
v10,feat_gbm,2.0,46,413,0.16659939151354655,0.5613925387002681
v10,feat_gbm,2.0,46,414,-2.266122490691687,-2.672303525149137
v10,feat_gbm,2.0,46,415,0.7061795401487729,0.9887747910888531
v10,feat_gbm,2.0,46,416,-1.6475781825876925,-2.064740642123073
v10,feat_gbm,2.0,46,417,-1.1932254514477916,-0.13534283366780814
v10,feat_gbm,2.0,46,418,0.2637075525637743,0.5266566940316069
v10,feat_gbm,2.0,46,419,-0.4487118749700347,-0.7929716308762645
v10,feat_gbm,2.0,46,420,0.06765443806123692,0.22081989653443584
v10,feat_gbm,2.0,46,421,-3.966172804452768,-3.4911396429773087
v10,feat_gbm,2.0,46,422,0.03601480492736318,0.4691563032653497
v10,feat_gbm,2.0,46,423,-0.15604736209948425,-0.21242164749251408
v10,feat_gbm,2.0,46,424,-2.3854648375034064,-2.0235730224261497
v10,feat_gbm,2.0,46,425,-0.285583128251787,0.1881042769243711
v10,feat_gbm,2.0,46,426,-1.1370760361653256,-0.7546830882020855
v10,feat_gbm,2.0,46,427,-2.124263841124949,-2.004418163271322
v10,feat_gbm,2.0,46,428,0.0027568954070377482,0.08108350485015015
v10,feat_gbm,2.0,46,429,-1.1807980957095359,-0.8958783842144782
v10,feat_gbm,2.0,46,430,-0.06648694069085247,-0.700178367515834
v10,feat_gbm,2.0,46,431,-2.4471203698815978,-2.026447754843476
v10,feat_gbm,2.0,46,432,-2.4392699584901356,-3.3644112924118934
v10,feat_gbm,2.0,46,433,-1.546028458085714,-2.4777804975332844
v10,feat_gbm,2.0,46,434,-3.177879341337376,-3.6407879329147783
v10,feat_gbm,2.0,46,435,-0.03255271667040063,0.8140524350977956
v10,feat_gbm,2.0,46,436,0.003721161994437118,-0.6342245759550225
v10,feat_gbm,2.0,46,437,-1.2865607557696828,-1.0170271575608654
v10,feat_gbm,2.0,46,438,0.24706978084680156,1.2058566336630974
v10,feat_gbm,2.0,46,439,1.0347075788848297,1.04159183954478
v10,feat_gbm,2.0,46,440,-1.3333879475485293,-0.383754051292973
v10,feat_gbm,2.0,46,441,0.7743540457720699,0.9717849563735496
v10,feat_gbm,2.0,46,442,0.7597300270239312,0.915394257773604
v10,feat_gbm,2.0,46,443,0.2056434945392624,0.17619398118278368
v10,feat_gbm,2.0,46,444,-2.5375369223943878,-2.3026142847949007
v10,feat_gbm,2.0,46,445,-0.5009139381621658,-2.156995715227189
v10,feat_gbm,2.0,46,446,-2.3960202097500436,-1.9647154613855007
v10,feat_gbm,2.0,46,447,-1.3464875609320677,-1.2167428909736953
v10,feat_gbm,2.0,46,448,-0.31337766619112223,0.371748058948411
v10,feat_gbm,2.0,46,449,-3.795055447573417,-3.354914600670279
v10,feat_gbm,2.0,46,450,-2.8526736382984055,-2.0984010901330774
v10,feat_gbm,2.0,46,451,-2.1321117018656395,-1.8411195968283314
v10,feat_gbm,2.0,46,452,0.15853478595478337,-0.2866386615093297
v10,feat_gbm,2.0,46,453,-1.148892290910371,-2.1769502099219324
v10,feat_gbm,2.0,46,454,-0.2263151184397603,0.851829112076475
v10,feat_gbm,2.0,46,455,0.2617286867381517,-0.5174982843777256
v10,feat_gbm,2.0,46,456,-2.714371603474775,-3.7883351795095335
v10,feat_gbm,2.0,46,457,-1.3453674140495768,-1.3225504843777425
v10,feat_gbm,2.0,46,458,-0.5298555392271548,-0.6304710111145473
v10,feat_gbm,2.0,46,459,-3.6358048132742558,-2.867776928577639
v10,feat_gbm,2.0,46,460,-0.4072544140379368,-0.20106453453544149
v10,feat_gbm,2.0,46,461,0.7779744267404177,0.565413433251147
v10,feat_gbm,2.0,46,462,-0.018890057420717758,0.6531860801292728
v10,feat_gbm,2.0,46,463,-2.7731001685983356,-3.295531334571209
v10,feat_gbm,2.0,46,464,-1.5157672038696968,-1.118951529136503
v10,feat_gbm,2.0,46,465,-0.08294587992790455,0.08535922256033004
v10,feat_gbm,2.0,46,466,-0.01314160895660192,0.2656879386171551
v10,feat_gbm,2.0,46,467,-1.2872818160678348,-1.0764680911985907
v10,feat_gbm,2.0,46,468,0.8930367118308474,2.2503813782282114
v10,feat_gbm,2.0,46,469,0.022715594087704488,-0.029700274932011248
v10,feat_gbm,2.0,46,470,-2.2736673965117276,-2.1918010579584375
v10,feat_gbm,2.0,46,471,1.0683939630831563,-0.12537364897776127
v10,feat_gbm,2.0,46,472,-1.538296230109017,-1.3714574409892777
v10,feat_gbm,2.0,46,473,-2.372050947870226,-1.0216450817816245
v10,feat_gbm,2.0,46,474,-0.7148569944591249,-0.8313233833759152
v10,feat_gbm,2.0,46,475,-2.3530589458951994,-3.25243582884057
v10,feat_gbm,2.0,46,476,0.46474394573830874,0.8737365575305754
v10,feat_gbm,2.0,46,477,-2.0586849765924202,-1.8373017486027088
v10,feat_gbm,2.0,46,478,-1.5311287087357348,-1.909749317133085
v10,feat_gbm,2.0,46,479,0.19888322789817628,0.418341725137149
v10,feat_gbm,2.0,46,480,-1.7656999526731776,-2.8689304810445995
v10,feat_gbm,2.0,46,481,-4.286421072471514,-3.9192950012633494
v10,feat_gbm,2.0,46,482,0.7867709215023906,0.8191907452202399
v10,feat_gbm,2.0,46,483,-2.5073802764261806,-2.7371748494528005
v10,feat_gbm,2.0,46,484,0.10416445375778817,0.043868991079412875
v10,feat_gbm,2.0,46,485,-2.1517607506263814,-3.9571024828402512
v10,feat_gbm,2.0,46,486,-1.1687683347438138,-0.8286091055291892
v10,feat_gbm,2.0,46,487,1.3857615533840475,1.1086460137612473
v10,feat_gbm,2.0,46,488,-0.9283144451036445,-1.0899995989348372
v10,feat_gbm,2.0,46,489,-2.9874669262465727,-2.9260181182274523
v10,feat_gbm,2.0,46,490,-0.05135796876990563,0.01778898425240747
v10,feat_gbm,2.0,46,491,-0.07213313752197134,-0.388546054063584
v10,feat_gbm,2.0,46,492,-0.9149101027947322,-0.8483910406321095
v10,feat_gbm,2.0,46,493,-2.630884552873009,-2.4855190663855797
v10,feat_gbm,2.0,46,494,-0.12639441290532152,-0.6027729178489412
v10,feat_gbm,2.0,46,495,-1.678172756085201,-1.5285925057254015
v10,feat_gbm,2.0,46,496,0.3577131688748862,1.0092174422839322
v10,feat_gbm,2.0,46,497,-2.5607000851526918,-2.421052301727873
v10,feat_gbm,2.0,46,498,-2.9406657855026928,-3.2283141264699093
v10,feat_gbm,2.0,46,499,-3.4813243389039648,-4.907212199848568
v10,feat_gbm,4.0,42,0,-0.04411577631636113,0.03894909458183669
v10,feat_gbm,4.0,42,1,-2.0746961617637645,-2.5052564746229193
v10,feat_gbm,4.0,42,2,-0.2850900714587353,0.6287827851917782
v10,feat_gbm,4.0,42,3,-2.767890610265628,-3.3447289283878643
v10,feat_gbm,4.0,42,4,1.0623991474711687,0.9694015026406426
v10,feat_gbm,4.0,42,5,-1.9001697427763078,-2.4693709778233526
v10,feat_gbm,4.0,42,6,0.12137996672847251,-0.2819211013310965
v10,feat_gbm,4.0,42,7,0.1091291416205211,0.5289578846490461
v10,feat_gbm,4.0,42,8,0.07929600713387143,0.032863622186365654
v10,feat_gbm,4.0,42,9,0.49669700188725296,0.9352707853930591
v10,feat_gbm,4.0,42,10,-1.690502642696682,-1.5987558134683666
v10,feat_gbm,4.0,42,11,-1.6269301506730498,-3.2678706438993954
v10,feat_gbm,4.0,42,12,-0.7249724724959347,-2.445380546146449
v10,feat_gbm,4.0,42,13,-0.5721389035107719,-0.4471217519653716
v10,feat_gbm,4.0,42,14,-1.9472232013625648,-1.8343062920535937
v10,feat_gbm,4.0,42,15,-2.9886146740279966,-2.278287047942225
v10,feat_gbm,4.0,42,16,-1.3596385331009953,-1.113015507562239
v10,feat_gbm,4.0,42,17,-0.09497842726047563,-1.149386040828735
v10,feat_gbm,4.0,42,18,-1.0341777416503877,-0.4541092694382234
v10,feat_gbm,4.0,42,19,-2.000122216605226,-2.8798658660471284
v10,feat_gbm,4.0,42,20,-2.8363771489991327,-3.281006200299989
v10,feat_gbm,4.0,42,21,-0.5517399074857848,-0.7889402030111288
v10,feat_gbm,4.0,42,22,-1.507119946750212,-0.48114593055133975
v10,feat_gbm,4.0,42,23,-1.85161604053025,-2.8038114998165153
v10,feat_gbm,4.0,42,24,-2.0508735191964664,-2.6726430450531393
v10,feat_gbm,4.0,42,25,-2.2811542249974472,-3.141178249464176
v10,feat_gbm,4.0,42,26,-3.233387362535408,-3.8612362310489847
v10,feat_gbm,4.0,42,27,-2.620030363907674,-3.085821277369337
v10,feat_gbm,4.0,42,28,-0.8902761738399811,-2.1153791712035637
v10,feat_gbm,4.0,42,29,-1.2469961296842482,-0.5854112868629942
v10,feat_gbm,4.0,42,30,-0.19046176624425687,0.13849791927417068
v10,feat_gbm,4.0,42,31,-3.5092773769312937,-2.779654184179668
v10,feat_gbm,4.0,42,32,0.5314239487329335,0.9166392391011026
v10,feat_gbm,4.0,42,33,-1.2715863718400209,-2.134444297962007
v10,feat_gbm,4.0,42,34,0.28792503630127464,1.1224191581864646
v10,feat_gbm,4.0,42,35,-1.0266101414365134,-2.7514680837461087
v10,feat_gbm,4.0,42,36,-0.5882193473073674,0.7493710802437775
v10,feat_gbm,4.0,42,37,-1.9143907822278896,-2.157600461660938
v10,feat_gbm,4.0,42,38,-3.7217791758106076,-1.7436371170468024
v10,feat_gbm,4.0,42,39,0.5838853147927128,0.632388610685479
v10,feat_gbm,4.0,42,40,-1.8614159684095333,-1.5024753827969588
v10,feat_gbm,4.0,42,41,-2.092401835440617,-2.936018587066778
v10,feat_gbm,4.0,42,42,-0.3472179825764628,-0.06406961406287034
v10,feat_gbm,4.0,42,43,-0.4639335756788912,-0.43711075337934485
v10,feat_gbm,4.0,42,44,-0.8800656161262443,0.521724778538647
v10,feat_gbm,4.0,42,45,0.24137215493561512,-0.02881562555915001
v10,feat_gbm,4.0,42,46,-2.79741737772505,-2.6856700943784895
v10,feat_gbm,4.0,42,47,-2.708614384098766,-3.3419513202228783
v10,feat_gbm,4.0,42,48,-0.053708596643695414,-0.35240032436669677
v10,feat_gbm,4.0,42,49,-2.811898956267866,-4.466027560457086
v10,feat_gbm,4.0,42,50,-0.9838824724674242,-1.2227887404747313
v10,feat_gbm,4.0,42,51,-2.1570652083780395,-4.168130875201601
v10,feat_gbm,4.0,42,52,-3.041006045729004,-2.1825653069440887
v10,feat_gbm,4.0,42,53,-1.7847874405960233,-2.816977102698189
v10,feat_gbm,4.0,42,54,-0.8249493581784313,-0.9520374156321785
v10,feat_gbm,4.0,42,55,0.8020602782142586,0.800460094219776
v10,feat_gbm,4.0,42,56,0.2438385960691602,0.2782562560211116
v10,feat_gbm,4.0,42,57,-0.14401368222521815,-0.7855200046266205
v10,feat_gbm,4.0,42,58,-2.375216916588475,-2.837973637743256
v10,feat_gbm,4.0,42,59,-1.6027879376318168,0.3653424354755994
v10,feat_gbm,4.0,42,60,-1.675663523038886,-3.145987746693799
v10,feat_gbm,4.0,42,61,-0.5983962991174443,-2.1381844357326614
v10,feat_gbm,4.0,42,62,-0.6088493339831108,0.3908315550690521
v10,feat_gbm,4.0,42,63,-2.5342406231812946,-3.259739876316779
v10,feat_gbm,4.0,42,64,-2.98227521056714,-3.799325775609258
v10,feat_gbm,4.0,42,65,-1.5142364638087131,0.2842997557356093
v10,feat_gbm,4.0,42,66,0.20923299265322545,0.9099380077885143
v10,feat_gbm,4.0,42,67,0.26329681768521024,0.5741223235018287
v10,feat_gbm,4.0,42,68,0.6564426918195465,1.3807263582335993
v10,feat_gbm,4.0,42,69,-0.10215080588731479,2.7357387204405055
v10,feat_gbm,4.0,42,70,-0.11015982640306582,-0.3782017485149665
v10,feat_gbm,4.0,42,71,0.10138140413628091,-0.6946521973220513
v10,feat_gbm,4.0,42,72,-2.863388789023443,-3.510295151868067
v10,feat_gbm,4.0,42,73,0.23186896388691083,-0.3643686170400702
v10,feat_gbm,4.0,42,74,1.1608719312426918,1.1835884152793859
v10,feat_gbm,4.0,42,75,0.010348936569205066,-0.38644824542838596
v10,feat_gbm,4.0,42,76,-0.8444581055829911,0.7005004452467647
v10,feat_gbm,4.0,42,77,-2.437312995157482,0.3770911051312199
v10,feat_gbm,4.0,42,78,-0.214084124097453,-0.5374783823521183
v10,feat_gbm,4.0,42,79,-2.204111910000333,-3.2499450611549854
v10,feat_gbm,4.0,42,80,-2.26117418533694,-1.719925172279684
v10,feat_gbm,4.0,42,81,0.6353164070076717,1.8185710395242058
v10,feat_gbm,4.0,42,82,-1.8048702738614606,-1.0758778979961314
v10,feat_gbm,4.0,42,83,0.5678055258936504,-0.8033140510569362
v10,feat_gbm,4.0,42,84,-1.3873378108611576,-2.0837035815006346
v10,feat_gbm,4.0,42,85,-1.2429651590023492,-1.2430797823904942
v10,feat_gbm,4.0,42,86,0.46725592751938416,0.639317965424242
v10,feat_gbm,4.0,42,87,-1.2151389988187746,-0.02321591952008587
v10,feat_gbm,4.0,42,88,-1.7852899164605156,-3.512086916650174
v10,feat_gbm,4.0,42,89,-0.7061253553491913,-1.684363733317816
v10,feat_gbm,4.0,42,90,-3.5319316141654507,-3.5341996208099964
v10,feat_gbm,4.0,42,91,0.46727015268103544,1.1574629997660548
v10,feat_gbm,4.0,42,92,-1.2735002667071376,-0.7651863719989663
v10,feat_gbm,4.0,42,93,-2.1608166064550716,-5.7708125015304885
v10,feat_gbm,4.0,42,94,0.11105090831175712,0.07374698385127064
v10,feat_gbm,4.0,42,95,-1.103718171012846,1.201566413592891
v10,feat_gbm,4.0,42,96,0.17275208204529477,1.2655480006709303
v10,feat_gbm,4.0,42,97,-3.012730559860077,-3.2217777708537843
v10,feat_gbm,4.0,42,98,-2.8535024068004993,-1.2120387208328698
v10,feat_gbm,4.0,42,99,-0.10646699824841943,-0.04015373686183237
v10,feat_gbm,4.0,42,100,-2.1749581062712964,-2.8384481914339785
v10,feat_gbm,4.0,42,101,-2.6856541829785097,-3.541068619782685
v10,feat_gbm,4.0,42,102,-3.5597283360392087,-4.424727465058162
v10,feat_gbm,4.0,42,103,-1.4081755322824376,-0.7652009130347144
v10,feat_gbm,4.0,42,104,-2.347891034604137,-0.406664655497914
v10,feat_gbm,4.0,42,105,-1.827061006888966,-2.8019031633754246
v10,feat_gbm,4.0,42,106,-1.6378385497096553,-1.1978192780958505
v10,feat_gbm,4.0,42,107,-1.60717832547421,-1.2497822804421463
v10,feat_gbm,4.0,42,108,0.1570868162029754,-0.2003702404752673
v10,feat_gbm,4.0,42,109,-1.1990492456087187,-0.28745536208379296
v10,feat_gbm,4.0,42,110,-0.21791659979613487,0.2838469771831524
v10,feat_gbm,4.0,42,111,-0.16822713634882258,0.6579850926301614
v10,feat_gbm,4.0,42,112,0.15161445124055714,-0.4279263804064609
v10,feat_gbm,4.0,42,113,-1.201586853563227,0.527327823801956
v10,feat_gbm,4.0,42,114,-3.7368248796213903,-3.652947895428966
v10,feat_gbm,4.0,42,115,-2.0854987463760137,-0.04287987221360797
v10,feat_gbm,4.0,42,116,-3.380865097274386,-3.4409421360670214
v10,feat_gbm,4.0,42,117,-2.296010954148213,-2.4284095097884006
v10,feat_gbm,4.0,42,118,-2.442709315692591,-1.419217075367618
v10,feat_gbm,4.0,42,119,-2.757412392019045,-1.4944271796191557
v10,feat_gbm,4.0,42,120,-2.9463136561745147,-2.797137626437216
v10,feat_gbm,4.0,42,121,0.6905005179525217,3.1321125804877905
v10,feat_gbm,4.0,42,122,-2.5392855874036617,-3.164895556438051
v10,feat_gbm,4.0,42,123,0.10164092145622125,-0.021234684620174846
v10,feat_gbm,4.0,42,124,-0.20712750121410542,-1.246001114532972
v10,feat_gbm,4.0,42,125,-2.8296320275389784,-2.7130193085566443
v10,feat_gbm,4.0,42,126,-1.6078652093469907,-2.0560780011130944
v10,feat_gbm,4.0,42,127,-1.275916026323747,-1.631222331554067
v10,feat_gbm,4.0,42,128,-1.7976093886423967,-3.477307725783656
v10,feat_gbm,4.0,42,129,0.3090417291286098,1.7007542891568868
v10,feat_gbm,4.0,42,130,-1.7559604836755067,-3.4021624962570822
v10,feat_gbm,4.0,42,131,-2.69360754079801,-3.701149444421242
v10,feat_gbm,4.0,42,132,0.23346501411759865,-0.4116741376471012
v10,feat_gbm,4.0,42,133,-0.05459260158791706,-0.5680375850475197
v10,feat_gbm,4.0,42,134,-1.480747087462433,-1.4788189923590598
v10,feat_gbm,4.0,42,135,-0.928952252102889,-2.9896549957503007
v10,feat_gbm,4.0,42,136,0.06540581088030577,0.11194117436713467
v10,feat_gbm,4.0,42,137,0.32287626548616644,1.7147062893715772
v10,feat_gbm,4.0,42,138,-2.7845459913535637,-1.9709125209383296
v10,feat_gbm,4.0,42,139,-0.34988533895765195,0.19937477723826902
v10,feat_gbm,4.0,42,140,-2.2426254545214657,-2.8223726616431475
v10,feat_gbm,4.0,42,141,-0.39085061475397914,-0.12380828599000025
v10,feat_gbm,4.0,42,142,-1.6726157072330798,-2.97521232911642
v10,feat_gbm,4.0,42,143,-2.181291439141937,-1.9484557479617686
v10,feat_gbm,4.0,42,144,0.5223677895917831,1.244093655886106
v10,feat_gbm,4.0,42,145,-3.0766867883597295,-2.0280859266176816
v10,feat_gbm,4.0,42,146,-1.4761592696114965,-2.0754073031653366
v10,feat_gbm,4.0,42,147,-0.16439296815210896,-0.11331641159387335
v10,feat_gbm,4.0,42,148,-1.838060157763636,-2.620298039600635
v10,feat_gbm,4.0,42,149,-3.1742767066779503,-3.8395532227602396
v10,feat_gbm,4.0,42,150,-0.8967030785879236,-2.149698272240366
v10,feat_gbm,4.0,42,151,-1.9334516348260904,-3.1594376779318036
v10,feat_gbm,4.0,42,152,-1.657665949287041,-2.7712141114581046
v10,feat_gbm,4.0,42,153,-0.6966753674718833,-1.1483368403810985
v10,feat_gbm,4.0,42,154,-0.10616291887170659,-1.4700676700115773
v10,feat_gbm,4.0,42,155,1.2844124351668107,1.4088416749712322
v10,feat_gbm,4.0,42,156,-0.22445702765352354,0.7564704220494097
v10,feat_gbm,4.0,42,157,-2.4368088704960607,-1.7148995557963913
v10,feat_gbm,4.0,42,158,-1.627298189449713,-2.8595355115547196
v10,feat_gbm,4.0,42,159,-1.2156056816920031,-0.9922400520728849
v10,feat_gbm,4.0,42,160,1.303570264562557,1.8585227307534937
v10,feat_gbm,4.0,42,161,-2.2003271416779167,-2.477654537850602
v10,feat_gbm,4.0,42,162,-0.3607975827109691,-2.993764039868935
v10,feat_gbm,4.0,42,163,-0.8689328484742858,-1.1722671160336509
v10,feat_gbm,4.0,42,164,-1.633354741219307,-1.6577576086204497
v10,feat_gbm,4.0,42,165,-2.090515425887645,-2.9770186999323642
v10,feat_gbm,4.0,42,166,-3.3315686692218396,-3.2329952824425443
v10,feat_gbm,4.0,42,167,-0.6654958060149306,0.19550508612775644
v10,feat_gbm,4.0,42,168,-0.7181931737598685,-1.2639642813248737
v10,feat_gbm,4.0,42,169,-1.1046967562123042,1.4224064134580066
v10,feat_gbm,4.0,42,170,-2.173461092987583,-1.5303724784706008
v10,feat_gbm,4.0,42,171,0.7644903854093597,0.6086346650572224
v10,feat_gbm,4.0,42,172,0.38390901514396714,-0.052232489626048526
v10,feat_gbm,4.0,42,173,-2.1758803286182973,-0.19074605880313256
v10,feat_gbm,4.0,42,174,-2.130539482381708,-2.7678232596734214
v10,feat_gbm,4.0,42,175,-1.6733896916304618,-1.6557092188829319
v10,feat_gbm,4.0,42,176,0.3041803815828208,0.12081831439914445
v10,feat_gbm,4.0,42,177,-0.35191403470785554,3.7031714993021168
v10,feat_gbm,4.0,42,178,0.31135870287710016,-0.17761292562564054
v10,feat_gbm,4.0,42,179,0.3925820755934073,0.2295122735959306
v10,feat_gbm,4.0,42,180,-0.9677979624346008,-1.6401012725318311
v10,feat_gbm,4.0,42,181,-2.9491924158494722,-3.399461101549646
v10,feat_gbm,4.0,42,182,0.19713236545082935,0.5421608664871393
v10,feat_gbm,4.0,42,183,-3.341491983388841,-3.7858185839721776
v10,feat_gbm,4.0,42,184,0.18502736680745832,0.4440956773301304
v10,feat_gbm,4.0,42,185,-0.2554374632743066,0.5450962365111649
v10,feat_gbm,4.0,42,186,-2.825183630868567,-3.094441269353033
v10,feat_gbm,4.0,42,187,-0.3875680873873636,1.436275522654785
v10,feat_gbm,4.0,42,188,-0.8179866192219734,-0.003208414280501246
v10,feat_gbm,4.0,42,189,-1.861120742939514,-2.0766448721687736
v10,feat_gbm,4.0,42,190,-2.6987376626152737,-2.887011097372245
v10,feat_gbm,4.0,42,191,0.036946393380078685,-0.19564387773269687
v10,feat_gbm,4.0,42,192,-1.7294747741614314,-3.39219136175158
v10,feat_gbm,4.0,42,193,-2.9616748863464784,-4.804455114758695
v10,feat_gbm,4.0,42,194,-1.9012333441555405,-0.23230879418151415
v10,feat_gbm,4.0,42,195,0.9394202667104703,0.7768952289284052
v10,feat_gbm,4.0,42,196,-1.8485391390069335,-3.0758975731441707
v10,feat_gbm,4.0,42,197,1.2360844046791932,1.8852948766094535
v10,feat_gbm,4.0,42,198,0.05628692796634446,-0.07474663349946693
v10,feat_gbm,4.0,42,199,0.3976868873516003,0.9295509098669842
v10,feat_gbm,4.0,42,200,-0.006760459212287224,0.40408761039079466
v10,feat_gbm,4.0,42,201,-1.070155929125718,-1.0185563947000995
v10,feat_gbm,4.0,42,202,-1.2963558476601182,-1.5812541435625456
v10,feat_gbm,4.0,42,203,-1.259445827303842,-2.9269603411540346
v10,feat_gbm,4.0,42,204,0.01781659175250274,-0.9368237022381455
v10,feat_gbm,4.0,42,205,-1.0346179780060716,-0.771906247259438
v10,feat_gbm,4.0,42,206,-1.3941171335953848,-1.4457766532498904
v10,feat_gbm,4.0,42,207,-0.9845694549564267,-2.4752738768021185
v10,feat_gbm,4.0,42,208,-2.054544747442908,-2.8789590131308262
v10,feat_gbm,4.0,42,209,-0.9230534536619919,-2.6986856152036793
v10,feat_gbm,4.0,42,210,-0.19404408640252557,0.05837096406180189
v10,feat_gbm,4.0,42,211,-2.564267496747603,-2.2327070274631113
v10,feat_gbm,4.0,42,212,-0.02261988922971773,0.15758807445032513
v10,feat_gbm,4.0,42,213,0.36547955218784206,0.5234750924970406
v10,feat_gbm,4.0,42,214,0.5889121643268428,0.8312555987922697
v10,feat_gbm,4.0,42,215,-1.3420222848320216,-0.7699972654610447
v10,feat_gbm,4.0,42,216,-2.5126829276633376,-2.4368834827463726
v10,feat_gbm,4.0,42,217,-2.4135340125430385,-3.7421886443248944
v10,feat_gbm,4.0,42,218,-1.5998724482014761,-4.3753265313120195
v10,feat_gbm,4.0,42,219,0.20937513295456822,0.13181597567614448
v10,feat_gbm,4.0,42,220,-2.331482220467279,-2.150299196146146
v10,feat_gbm,4.0,42,221,-0.5304062895873479,0.4316281043505307
v10,feat_gbm,4.0,42,222,0.4937825253942288,0.20581216265343685
v10,feat_gbm,4.0,42,223,-3.088137619094572,-1.7226779576420432
v10,feat_gbm,4.0,42,224,0.1956042191530565,1.0701061526100661
v10,feat_gbm,4.0,42,225,0.15598066329978533,-2.995983076644188
v10,feat_gbm,4.0,42,226,0.0757540509640149,-0.39103048890459524
v10,feat_gbm,4.0,42,227,-1.7611624613330528,-2.811377433191803
v10,feat_gbm,4.0,42,228,-0.4451071721103058,0.1103569248772952
v10,feat_gbm,4.0,42,229,0.6586969354779311,1.0926797996732165
v10,feat_gbm,4.0,42,230,-1.648791303754216,-1.1465469989616057
v10,feat_gbm,4.0,42,231,-4.121995352767781,-3.7045714701961474
v10,feat_gbm,4.0,42,232,-0.45329077020986874,-0.3205795311611984
v10,feat_gbm,4.0,42,233,0.008435076483492194,-0.7282288274356463
v10,feat_gbm,4.0,42,234,0.4122629203413082,-0.6143938277881194
v10,feat_gbm,4.0,42,235,-2.3238476473718475,-3.717493513170671
v10,feat_gbm,4.0,42,236,-1.618113611610354,-1.894186438607053
v10,feat_gbm,4.0,42,237,0.11073853645295342,0.19101892391720615
v10,feat_gbm,4.0,42,238,-0.9518782663338975,-2.723653519266766
v10,feat_gbm,4.0,42,239,0.31115900557575016,0.28172679866345784
v10,feat_gbm,4.0,42,240,-1.3208545393654498,-0.570916259780521
v10,feat_gbm,4.0,42,241,-1.7403181947428479,-3.037607674189957
v10,feat_gbm,4.0,42,242,-2.310750996600149,-2.4824067099880884
v10,feat_gbm,4.0,42,243,0.18207984742423838,1.793244191067856
v10,feat_gbm,4.0,42,244,-2.5307062092492782,-2.170563194223024
v10,feat_gbm,4.0,42,245,-2.001569863325497,-2.5580286375581696
v10,feat_gbm,4.0,42,246,-2.9198928292660944,-3.9013363177662743
v10,feat_gbm,4.0,42,247,-1.60786342408599,-1.2689211715035387
v10,feat_gbm,4.0,42,248,-2.147980498443858,-2.89795980370705
v10,feat_gbm,4.0,42,249,0.30023369650557263,-1.149470325468549
v10,feat_gbm,4.0,42,250,-2.718417241258497,-2.1803876537888693
v10,feat_gbm,4.0,42,251,-2.405597448535198,-1.2010659028736028
v10,feat_gbm,4.0,42,252,-2.544187570625781,-2.675840590612525
v10,feat_gbm,4.0,42,253,-1.5455137021902683,-0.865421424414132
v10,feat_gbm,4.0,42,254,-0.30941526225767574,-0.45089388998719687
v10,feat_gbm,4.0,42,255,-1.3289443115804775,-1.477655138121315
v10,feat_gbm,4.0,42,256,-1.3407886987293864,-1.9234128661936198
v10,feat_gbm,4.0,42,257,-1.1276876457378966,-0.8895479413744646
v10,feat_gbm,4.0,42,258,-1.0493517939941197,-1.284701881398344
v10,feat_gbm,4.0,42,259,-0.13589990308543154,0.03791276039075724
v10,feat_gbm,4.0,42,260,0.05590077428075442,-1.213907680807544
v10,feat_gbm,4.0,42,261,-0.26521707977884196,-0.6937064881158975
v10,feat_gbm,4.0,42,262,-2.9191535564187707,-2.500344974429108
v10,feat_gbm,4.0,42,263,-2.84638554803781,-3.0782877743164985
v10,feat_gbm,4.0,42,264,-2.9937386085217286,-3.2702790535172426
v10,feat_gbm,4.0,42,265,-0.15958055720293324,-0.15746453031192983
v10,feat_gbm,4.0,42,266,-1.363857765944512,-1.3930653126164372
v10,feat_gbm,4.0,42,267,-4.137787716132595,-3.460520174484755
v10,feat_gbm,4.0,42,268,-1.9502055584902733,-1.8115923421665279
v10,feat_gbm,4.0,42,269,0.6587711754432007,-0.04785951915829837
v10,feat_gbm,4.0,42,270,-2.060118443796683,-1.3387838926701625
v10,feat_gbm,4.0,42,271,0.49085492420845683,0.6172482925771328
v10,feat_gbm,4.0,42,272,-0.8113101327257264,0.10718580269537517
v10,feat_gbm,4.0,42,273,-1.2993410710704114,-2.4250613993713395
v10,feat_gbm,4.0,42,274,-3.2180596406265165,-0.4656136934058211
v10,feat_gbm,4.0,42,275,-2.317829528330192,-1.7679071058666047
v10,feat_gbm,4.0,42,276,-0.46829579224505663,-0.15192249005847586
v10,feat_gbm,4.0,42,277,-0.5772690541677873,-0.22686658439221394
v10,feat_gbm,4.0,42,278,-2.514561044642144,-0.3963273628232521
v10,feat_gbm,4.0,42,279,-2.3640542759575287,-2.1916982233579314
v10,feat_gbm,4.0,42,280,-0.935969291130151,0.5138857123822332
v10,feat_gbm,4.0,42,281,-1.7458254361654688,0.13501120436460418
v10,feat_gbm,4.0,42,282,0.013985402161850236,-0.35232291748203215
v10,feat_gbm,4.0,42,283,-0.0907171775729386,0.33710059568630363
v10,feat_gbm,4.0,42,284,0.13465810449842092,2.2269494594330284
v10,feat_gbm,4.0,42,285,-0.8474724128531577,-0.8523290277873723
v10,feat_gbm,4.0,42,286,-0.05341460624499725,0.5032694866056324
v10,feat_gbm,4.0,42,287,-3.459066078378201,-3.0734310124071125
v10,feat_gbm,4.0,42,288,-2.5070749181926417,-3.0969464995649485
v10,feat_gbm,4.0,42,289,-0.20386686660332484,0.8088909840914691
v10,feat_gbm,4.0,42,290,-3.182213003065241,-1.710735902712342
v10,feat_gbm,4.0,42,291,-0.33387758933376743,-0.24588513525180683
v10,feat_gbm,4.0,42,292,-2.0877011401598473,-2.9910915714149957
v10,feat_gbm,4.0,42,293,-0.10573057834225867,0.24397961438558982
v10,feat_gbm,4.0,42,294,0.07988485006803633,0.9827222917401395
v10,feat_gbm,4.0,42,295,0.34813814293398915,1.5399914318848642
v10,feat_gbm,4.0,42,296,-2.3230510081026443,-3.028104854063688
v10,feat_gbm,4.0,42,297,-1.9697849689652605,-1.9675880903276046
v10,feat_gbm,4.0,42,298,0.42884580612850937,0.3882116190950413
v10,feat_gbm,4.0,42,299,-1.8203018964907527,-0.4169590587595381
v10,feat_gbm,4.0,42,300,-0.9600582615784572,-0.47104701624968015
v10,feat_gbm,4.0,42,301,-0.7959737874422831,-0.5788171023402015
v10,feat_gbm,4.0,42,302,-3.4901315212080437,-3.325334912618423
v10,feat_gbm,4.0,42,303,-0.19614901264700524,0.27214776974989446
v10,feat_gbm,4.0,42,304,-0.24718668314194167,0.2838761456734127
v10,feat_gbm,4.0,42,305,0.47862868744297826,0.98356576927226
v10,feat_gbm,4.0,42,306,-1.3520605647178843,-2.324804251846344
v10,feat_gbm,4.0,42,307,0.025797407017596915,-0.30060412365222405
v10,feat_gbm,4.0,42,308,-3.205650277777,-3.5706943269006843
v10,feat_gbm,4.0,42,309,-1.3544392747931358,0.7657986236992217
v10,feat_gbm,4.0,42,310,-1.5703280362813632,-0.3760212383278314
v10,feat_gbm,4.0,42,311,0.9356629358372749,0.903367601886353
v10,feat_gbm,4.0,42,312,0.03101394425012125,0.2834145554969618
v10,feat_gbm,4.0,42,313,-0.49263724763422573,-0.8750381269167363
v10,feat_gbm,4.0,42,314,-3.3208076120989882,-0.8911054934067958
v10,feat_gbm,4.0,42,315,0.08249412996491967,0.2699623908229132
v10,feat_gbm,4.0,42,316,-2.471843229575904,-4.034449774534175
v10,feat_gbm,4.0,42,317,0.010071208560936214,0.7302045063515665
v10,feat_gbm,4.0,42,318,-2.666340685443656,-2.5264159394565007
v10,feat_gbm,4.0,42,319,-2.5065024118194326,-3.1280680478747835
v10,feat_gbm,4.0,42,320,0.34325866131730154,-0.623194388118803
v10,feat_gbm,4.0,42,321,-2.6870409406411517,-4.172922463867305
v10,feat_gbm,4.0,42,322,0.39759419742275703,1.0714029341973417
v10,feat_gbm,4.0,42,323,-2.393111941176249,-2.5538050374755565
v10,feat_gbm,4.0,42,324,-1.5113724963863344,-1.5310020975326282
v10,feat_gbm,4.0,42,325,-0.038151876277046894,-0.735749980772127
v10,feat_gbm,4.0,42,326,-1.2076078602028122,-0.5010306012352705
v10,feat_gbm,4.0,42,327,-3.1997429212376227,-4.393123087746285
v10,feat_gbm,4.0,42,328,-0.5543526819709189,0.6439364857563509
v10,feat_gbm,4.0,42,329,-1.4733644085210977,-2.60760252445046
v10,feat_gbm,4.0,42,330,0.18065749576180537,0.46983427811083467
v10,feat_gbm,4.0,42,331,-0.3294375883499467,-1.149354435920189
v10,feat_gbm,4.0,42,332,-1.9339384716958212,-1.0961264399974935
v10,feat_gbm,4.0,42,333,0.3143089460420012,1.4253561556633074
v10,feat_gbm,4.0,42,334,0.874506142168782,1.0406546288822482
v10,feat_gbm,4.0,42,335,-0.39433643476166874,-0.1286217558512718
v10,feat_gbm,4.0,42,336,-1.2105137214340818,-1.7275974260064488
v10,feat_gbm,4.0,42,337,-2.1711064560128777,-4.535227665039715
v10,feat_gbm,4.0,42,338,-0.07635398649172151,-1.078833843619319
v10,feat_gbm,4.0,42,339,-1.6445170005945082,-2.035297396751524
v10,feat_gbm,4.0,42,340,0.025772031586714046,0.4788286932125707
v10,feat_gbm,4.0,42,341,-0.9989324854062577,-0.4595082096564039
v10,feat_gbm,4.0,42,342,-2.9194280092083984,-3.653430804591794
v10,feat_gbm,4.0,42,343,0.6852169903908479,0.2834522663037432
v10,feat_gbm,4.0,42,344,0.590824289616177,-0.15984972455285287
v10,feat_gbm,4.0,42,345,-2.751058370552962,-3.8822970119574354
v10,feat_gbm,4.0,42,346,-2.0423115433492285,-2.5801989990218064
v10,feat_gbm,4.0,42,347,-3.557371357846047,-3.2622630695286134
v10,feat_gbm,4.0,42,348,-1.6249315598619734,-0.4894561152880944
v10,feat_gbm,4.0,42,349,-1.6697894629755297,-3.0223552414624764
v10,feat_gbm,4.0,42,350,0.2917864890853423,0.4215072765335228
v10,feat_gbm,4.0,42,351,-2.6662026490920447,-1.8152752103400673
v10,feat_gbm,4.0,42,352,0.6371284834288007,1.102263670511441
v10,feat_gbm,4.0,42,353,0.23909793589833261,1.4454852001466738
v10,feat_gbm,4.0,42,354,-2.9630618170620204,-3.6770060333191017
v10,feat_gbm,4.0,42,355,-2.366837836895751,-5.078652858832153
v10,feat_gbm,4.0,42,356,0.1472051368383761,0.7815322159665122
v10,feat_gbm,4.0,42,357,0.23336587967467065,0.6775133790495483
v10,feat_gbm,4.0,42,358,-1.9886685551636396,-3.5163570325540956
v10,feat_gbm,4.0,42,359,-3.03396760102806,-4.157760523739404
v10,feat_gbm,4.0,42,360,-0.7947433484363566,-0.18386357284099003
v10,feat_gbm,4.0,42,361,-2.400051092336422,-4.477383009144865
v10,feat_gbm,4.0,42,362,-0.16028119800471896,0.2909126951240761
v10,feat_gbm,4.0,42,363,-1.5338402167148575,-3.5121531596302606
v10,feat_gbm,4.0,42,364,-0.24381299074386734,-0.0019354464452207268
v10,feat_gbm,4.0,42,365,-2.2608776383304616,-3.264666087597375
v10,feat_gbm,4.0,42,366,-1.8684066787107037,-1.4961090632143375
v10,feat_gbm,4.0,42,367,-0.7230544660060239,-0.10305907560987346
v10,feat_gbm,4.0,42,368,-0.9755252261355407,0.24601275195113992
v10,feat_gbm,4.0,42,369,-2.96046027400344,-1.6400355118163064
v10,feat_gbm,4.0,42,370,-0.7281784230005817,-1.5399226532969161
v10,feat_gbm,4.0,42,371,-0.942705462826456,-0.3336387161155974
v10,feat_gbm,4.0,42,372,-0.8133854946501503,0.3185760540422761
v10,feat_gbm,4.0,42,373,-0.557644879995924,-0.30756424411789
v10,feat_gbm,4.0,42,374,-3.137545490097923,-3.551435429619069
v10,feat_gbm,4.0,42,375,0.4751516791517773,-0.12846918127015178
v10,feat_gbm,4.0,42,376,0.22173842985092201,0.43413099611324796
v10,feat_gbm,4.0,42,377,0.01723507700511229,0.8095384731463161
v10,feat_gbm,4.0,42,378,0.016716232207946814,0.20303525329731625
v10,feat_gbm,4.0,42,379,0.2568739480419564,0.524784145223057
v10,feat_gbm,4.0,42,380,-0.11481352872235141,0.8722609808312535
v10,feat_gbm,4.0,42,381,0.3815078714920876,1.0190202163897197
v10,feat_gbm,4.0,42,382,-0.530379360629827,1.2715191268303472
v10,feat_gbm,4.0,42,383,-1.6368928278079313,-0.13923746667536385
v10,feat_gbm,4.0,42,384,-0.6365568202176147,-1.7983983483294153
v10,feat_gbm,4.0,42,385,-0.4940953272049969,0.5606037150840157
v10,feat_gbm,4.0,42,386,0.6233311754497118,0.6003456151224621
v10,feat_gbm,4.0,42,387,0.5270640641449398,1.3071718981356573
v10,feat_gbm,4.0,42,388,-0.9627456493629691,-0.19457283568776126
v10,feat_gbm,4.0,42,389,-1.870365482211601,-0.981880356960367
v10,feat_gbm,4.0,42,390,-2.573655158379123,-2.628024059072158
v10,feat_gbm,4.0,42,391,-2.8776752437585533,-2.479262758098376
v10,feat_gbm,4.0,42,392,-1.5083260592379564,-2.207941629114672
v10,feat_gbm,4.0,42,393,-2.534729694274921,-2.806586620215901
v10,feat_gbm,4.0,42,394,-1.2975177095338148,-0.16842623590390868
v10,feat_gbm,4.0,42,395,0.39704515908189153,0.3596423409999632
v10,feat_gbm,4.0,42,396,-1.3764204998496712,-3.117667066362407
v10,feat_gbm,4.0,42,397,0.5614365009515462,0.6134086288650079
v10,feat_gbm,4.0,42,398,0.36538072251791354,0.5049020087080688
v10,feat_gbm,4.0,42,399,-1.6862533873282757,-1.0548605918119196
v10,feat_gbm,4.0,42,400,-1.6644100425780128,-2.877676775828332
v10,feat_gbm,4.0,42,401,0.8364189609773951,0.015654415635624343
v10,feat_gbm,4.0,42,402,-0.2073945908387155,-0.7027824676465185
v10,feat_gbm,4.0,42,403,0.13562810977311124,0.6733427913489138
v10,feat_gbm,4.0,42,404,-0.248885133481203,0.03259550049258387
v10,feat_gbm,4.0,42,405,-3.222101121856912,-3.4179416205706223
v10,feat_gbm,4.0,42,406,-1.4605124254807105,-1.6563158072976616
v10,feat_gbm,4.0,42,407,-0.33478246925467375,0.3281041495218151
v10,feat_gbm,4.0,42,408,-2.369322928325112,-1.498502430121411
v10,feat_gbm,4.0,42,409,-0.6182376093913828,-1.5390850133499359
v10,feat_gbm,4.0,42,410,-2.529088290776128,-3.8769914364338094
v10,feat_gbm,4.0,42,411,0.7126564854695069,-1.1093409530974205
v10,feat_gbm,4.0,42,412,-1.3064957432476523,-2.1356441225652167
v10,feat_gbm,4.0,42,413,-0.15442059784108492,0.5613925387002681
v10,feat_gbm,4.0,42,414,-2.241078166924062,-2.672303525149137
v10,feat_gbm,4.0,42,415,0.7748986191533754,0.9887747910888531
v10,feat_gbm,4.0,42,416,-1.8619007522316282,-2.064740642123073
v10,feat_gbm,4.0,42,417,-1.7434770822573566,-0.13534283366780814
v10,feat_gbm,4.0,42,418,0.01783451870340522,0.5266566940316069
v10,feat_gbm,4.0,42,419,1.0924216875847845,-0.7929716308762645
v10,feat_gbm,4.0,42,420,0.3488118782583706,0.22081989653443584
v10,feat_gbm,4.0,42,421,-3.8369524437336064,-3.4911396429773087
v10,feat_gbm,4.0,42,422,-0.11022242066707015,0.4691563032653497
v10,feat_gbm,4.0,42,423,-0.017447416278754593,-0.21242164749251408
v10,feat_gbm,4.0,42,424,-2.689451188865524,-2.0235730224261497
v10,feat_gbm,4.0,42,425,-0.25789509861654347,0.1881042769243711
v10,feat_gbm,4.0,42,426,-0.9182714636036284,-0.7546830882020855
v10,feat_gbm,4.0,42,427,-1.5394477032895877,-2.004418163271322
v10,feat_gbm,4.0,42,428,-0.02084142055348597,0.08108350485015015
v10,feat_gbm,4.0,42,429,-1.1687172266328028,-0.8958783842144782
v10,feat_gbm,4.0,42,430,-0.04131588303927515,-0.700178367515834
v10,feat_gbm,4.0,42,431,-3.209517355304388,-2.026447754843476
v10,feat_gbm,4.0,42,432,-1.9853252772807077,-3.3644112924118934
v10,feat_gbm,4.0,42,433,-1.5529581385762976,-2.4777804975332844
v10,feat_gbm,4.0,42,434,-2.911984699877518,-3.6407879329147783
v10,feat_gbm,4.0,42,435,-0.017748405566178276,0.8140524350977956
v10,feat_gbm,4.0,42,436,0.001069539111828386,-0.6342245759550225
v10,feat_gbm,4.0,42,437,-0.3058170550186541,-1.0170271575608654
v10,feat_gbm,4.0,42,438,0.030055583749420123,1.2058566336630974
v10,feat_gbm,4.0,42,439,0.9359565036396649,1.04159183954478
v10,feat_gbm,4.0,42,440,-0.8854194915487054,-0.383754051292973
v10,feat_gbm,4.0,42,441,0.19192453697777578,0.9717849563735496
v10,feat_gbm,4.0,42,442,0.19741804858430834,0.915394257773604
v10,feat_gbm,4.0,42,443,0.02796964941260601,0.17619398118278368
v10,feat_gbm,4.0,42,444,-1.7939861471148875,-2.3026142847949007
v10,feat_gbm,4.0,42,445,0.03555659502186349,-2.156995715227189
v10,feat_gbm,4.0,42,446,-2.2444695526154756,-1.9647154613855007
v10,feat_gbm,4.0,42,447,-1.527154905292001,-1.2167428909736953
v10,feat_gbm,4.0,42,448,-0.738536793164472,0.371748058948411
v10,feat_gbm,4.0,42,449,-3.8722133324889096,-3.354914600670279
v10,feat_gbm,4.0,42,450,-3.263819392358137,-2.0984010901330774
v10,feat_gbm,4.0,42,451,-2.1958304460392797,-1.8411195968283314
v10,feat_gbm,4.0,42,452,0.5880890985198614,-0.2866386615093297
v10,feat_gbm,4.0,42,453,-0.791892821374252,-2.1769502099219324
v10,feat_gbm,4.0,42,454,-0.08556795747928728,0.851829112076475
v10,feat_gbm,4.0,42,455,0.6185527259106608,-0.5174982843777256
v10,feat_gbm,4.0,42,456,-2.102773263821117,-3.7883351795095335
v10,feat_gbm,4.0,42,457,-1.6076153612283388,-1.3225504843777425
v10,feat_gbm,4.0,42,458,0.11911466680780444,-0.6304710111145473
v10,feat_gbm,4.0,42,459,-2.3874693676702483,-2.867776928577639
v10,feat_gbm,4.0,42,460,-0.037470039621620696,-0.20106453453544149
v10,feat_gbm,4.0,42,461,0.15252255205994167,0.565413433251147
v10,feat_gbm,4.0,42,462,-0.5532218264192195,0.6531860801292728
v10,feat_gbm,4.0,42,463,-1.6370516903367138,-3.295531334571209
v10,feat_gbm,4.0,42,464,-1.4870141539330506,-1.118951529136503
v10,feat_gbm,4.0,42,465,-0.8273282592181251,0.08535922256033004
v10,feat_gbm,4.0,42,466,1.0542232208865212,0.2656879386171551
v10,feat_gbm,4.0,42,467,-1.0372267396860204,-1.0764680911985907
v10,feat_gbm,4.0,42,468,0.17455438456976824,2.2503813782282114
v10,feat_gbm,4.0,42,469,0.08401619472476733,-0.029700274932011248
v10,feat_gbm,4.0,42,470,-2.0395636717596357,-2.1918010579584375
v10,feat_gbm,4.0,42,471,-1.6623795241723174,-0.12537364897776127
v10,feat_gbm,4.0,42,472,-1.385483527155151,-1.3714574409892777
v10,feat_gbm,4.0,42,473,-2.257136183869007,-1.0216450817816245
v10,feat_gbm,4.0,42,474,-1.2939234060895881,-0.8313233833759152
v10,feat_gbm,4.0,42,475,-3.038989635265041,-3.25243582884057
v10,feat_gbm,4.0,42,476,0.13641382677163977,0.8737365575305754
v10,feat_gbm,4.0,42,477,-2.1086128246340285,-1.8373017486027088
v10,feat_gbm,4.0,42,478,-1.2991972580732838,-1.909749317133085
v10,feat_gbm,4.0,42,479,-1.707373862359996,0.418341725137149
v10,feat_gbm,4.0,42,480,-1.4060476060636102,-2.8689304810445995
v10,feat_gbm,4.0,42,481,-1.74817519819665,-3.9192950012633494
v10,feat_gbm,4.0,42,482,0.1756894274943094,0.8191907452202399
v10,feat_gbm,4.0,42,483,-1.0294432396251587,-2.7371748494528005
v10,feat_gbm,4.0,42,484,0.3111448500680038,0.043868991079412875
v10,feat_gbm,4.0,42,485,-1.908049565434935,-3.9571024828402512
v10,feat_gbm,4.0,42,486,-2.596073815036955,-0.8286091055291892
v10,feat_gbm,4.0,42,487,0.8408523072557179,1.1086460137612473
v10,feat_gbm,4.0,42,488,-0.5451022991569776,-1.0899995989348372
v10,feat_gbm,4.0,42,489,-3.043443102844601,-2.9260181182274523
v10,feat_gbm,4.0,42,490,-2.778887750671536,0.01778898425240747
v10,feat_gbm,4.0,42,491,-0.31207974033471364,-0.388546054063584
v10,feat_gbm,4.0,42,492,-0.7239180964299065,-0.8483910406321095
v10,feat_gbm,4.0,42,493,-2.650120624504943,-2.4855190663855797
v10,feat_gbm,4.0,42,494,-0.22699030550157573,-0.6027729178489412
v10,feat_gbm,4.0,42,495,-0.8529185678126016,-1.5285925057254015
v10,feat_gbm,4.0,42,496,0.21966314585172333,1.0092174422839322
v10,feat_gbm,4.0,42,497,-3.2944858677340374,-2.421052301727873
v10,feat_gbm,4.0,42,498,-2.8806307998737397,-3.2283141264699093
v10,feat_gbm,4.0,42,499,-3.0077114224961425,-4.907212199848568
v10,feat_gbm,4.0,43,0,-0.094203207482223,0.03894909458183669
v10,feat_gbm,4.0,43,1,-2.246781353192493,-2.5052564746229193
v10,feat_gbm,4.0,43,2,-0.17911365628609324,0.6287827851917782
v10,feat_gbm,4.0,43,3,-2.856246171246419,-3.3447289283878643
v10,feat_gbm,4.0,43,4,0.8852689471072158,0.9694015026406426
v10,feat_gbm,4.0,43,5,-2.108902857583451,-2.4693709778233526
v10,feat_gbm,4.0,43,6,0.013045791974409691,-0.2819211013310965
v10,feat_gbm,4.0,43,7,-0.111076470653698,0.5289578846490461
v10,feat_gbm,4.0,43,8,0.3721435474686443,0.032863622186365654
v10,feat_gbm,4.0,43,9,0.45511804428451746,0.9352707853930591
v10,feat_gbm,4.0,43,10,-1.6561189904155222,-1.5987558134683666
v10,feat_gbm,4.0,43,11,-1.5019939948364045,-3.2678706438993954
v10,feat_gbm,4.0,43,12,-0.6751942793961361,-2.445380546146449
v10,feat_gbm,4.0,43,13,-0.7108965334037,-0.4471217519653716
v10,feat_gbm,4.0,43,14,-1.9423310261010105,-1.8343062920535937
v10,feat_gbm,4.0,43,15,-2.9138491861175595,-2.278287047942225
v10,feat_gbm,4.0,43,16,-1.3484337301745204,-1.113015507562239
v10,feat_gbm,4.0,43,17,0.22264638089497515,-1.149386040828735
v10,feat_gbm,4.0,43,18,-1.2419592859165447,-0.4541092694382234
v10,feat_gbm,4.0,43,19,-1.7733962963122405,-2.8798658660471284
v10,feat_gbm,4.0,43,20,-2.729071060363239,-3.281006200299989
v10,feat_gbm,4.0,43,21,-0.47919696742069945,-0.7889402030111288
v10,feat_gbm,4.0,43,22,-1.6438185424867295,-0.48114593055133975
v10,feat_gbm,4.0,43,23,-2.1226494040069506,-2.8038114998165153
v10,feat_gbm,4.0,43,24,-2.003678784711006,-2.6726430450531393
v10,feat_gbm,4.0,43,25,-2.3092674222425122,-3.141178249464176
v10,feat_gbm,4.0,43,26,-2.8348513333693113,-3.8612362310489847
v10,feat_gbm,4.0,43,27,-2.341312606366555,-3.085821277369337
v10,feat_gbm,4.0,43,28,-1.0589687888521708,-2.1153791712035637
v10,feat_gbm,4.0,43,29,-1.701142368073005,-0.5854112868629942
v10,feat_gbm,4.0,43,30,-0.14956256517939842,0.13849791927417068
v10,feat_gbm,4.0,43,31,-3.3672415704520477,-2.779654184179668
v10,feat_gbm,4.0,43,32,0.8158782727454319,0.9166392391011026
v10,feat_gbm,4.0,43,33,-1.3657805557983742,-2.134444297962007
v10,feat_gbm,4.0,43,34,0.5024866205489228,1.1224191581864646
v10,feat_gbm,4.0,43,35,-1.2856408449687986,-2.7514680837461087
v10,feat_gbm,4.0,43,36,-0.7751803804381632,0.7493710802437775
v10,feat_gbm,4.0,43,37,-1.8617735309808336,-2.157600461660938
v10,feat_gbm,4.0,43,38,-3.5276270271196624,-1.7436371170468024
v10,feat_gbm,4.0,43,39,0.39470471559482356,0.632388610685479
v10,feat_gbm,4.0,43,40,-1.8539995648551606,-1.5024753827969588
v10,feat_gbm,4.0,43,41,-2.341778987178503,-2.936018587066778
v10,feat_gbm,4.0,43,42,-0.5012948273715567,-0.06406961406287034
v10,feat_gbm,4.0,43,43,-0.13172967877501457,-0.43711075337934485
v10,feat_gbm,4.0,43,44,-1.1324952449119798,0.521724778538647
v10,feat_gbm,4.0,43,45,0.20666641372292086,-0.02881562555915001
v10,feat_gbm,4.0,43,46,-3.0170099924187053,-2.6856700943784895
v10,feat_gbm,4.0,43,47,-3.0235790452764726,-3.3419513202228783
v10,feat_gbm,4.0,43,48,-0.25718878409961704,-0.35240032436669677
v10,feat_gbm,4.0,43,49,-2.3653385584923172,-4.466027560457086
v10,feat_gbm,4.0,43,50,-1.059247881227704,-1.2227887404747313
v10,feat_gbm,4.0,43,51,-2.4096388548900074,-4.168130875201601
v10,feat_gbm,4.0,43,52,-2.9647764334620765,-2.1825653069440887
v10,feat_gbm,4.0,43,53,-1.9615698883331938,-2.816977102698189
v10,feat_gbm,4.0,43,54,-0.8538323074300447,-0.9520374156321785
v10,feat_gbm,4.0,43,55,0.7820561379272845,0.800460094219776
v10,feat_gbm,4.0,43,56,0.633644200278753,0.2782562560211116
v10,feat_gbm,4.0,43,57,0.24672962325339148,-0.7855200046266205
v10,feat_gbm,4.0,43,58,-2.4854945046595107,-2.837973637743256
v10,feat_gbm,4.0,43,59,-1.5756040527927093,0.3653424354755994
v10,feat_gbm,4.0,43,60,-1.6667705310792544,-3.145987746693799
v10,feat_gbm,4.0,43,61,-0.8935216355287535,-2.1381844357326614
v10,feat_gbm,4.0,43,62,-0.5149431063185074,0.3908315550690521
v10,feat_gbm,4.0,43,63,-2.3464158310783745,-3.259739876316779
v10,feat_gbm,4.0,43,64,-2.7325064184318277,-3.799325775609258
v10,feat_gbm,4.0,43,65,-1.0480254556268889,0.2842997557356093
v10,feat_gbm,4.0,43,66,0.10044800442644881,0.9099380077885143
v10,feat_gbm,4.0,43,67,-0.021953647665581815,0.5741223235018287
v10,feat_gbm,4.0,43,68,0.8033719798244259,1.3807263582335993
v10,feat_gbm,4.0,43,69,-0.1631033078595469,2.7357387204405055
v10,feat_gbm,4.0,43,70,-0.3062762248799111,-0.3782017485149665
v10,feat_gbm,4.0,43,71,0.09323128655590661,-0.6946521973220513
v10,feat_gbm,4.0,43,72,-2.8429671059290405,-3.510295151868067
v10,feat_gbm,4.0,43,73,0.22822581162261873,-0.3643686170400702
v10,feat_gbm,4.0,43,74,1.3470601401344087,1.1835884152793859
v10,feat_gbm,4.0,43,75,-0.0029069541015636904,-0.38644824542838596
v10,feat_gbm,4.0,43,76,-0.7592314577052656,0.7005004452467647
v10,feat_gbm,4.0,43,77,-2.2069056060341263,0.3770911051312199
v10,feat_gbm,4.0,43,78,0.048111254971030526,-0.5374783823521183
v10,feat_gbm,4.0,43,79,-2.3110125707674114,-3.2499450611549854
v10,feat_gbm,4.0,43,80,-2.192230402906882,-1.719925172279684
v10,feat_gbm,4.0,43,81,0.29510265966315136,1.8185710395242058
v10,feat_gbm,4.0,43,82,-2.0384928598074366,-1.0758778979961314
v10,feat_gbm,4.0,43,83,0.4802075630845542,-0.8033140510569362
v10,feat_gbm,4.0,43,84,-1.2990082952809963,-2.0837035815006346
v10,feat_gbm,4.0,43,85,-1.4483885964895649,-1.2430797823904942
v10,feat_gbm,4.0,43,86,0.4524423459421983,0.639317965424242
v10,feat_gbm,4.0,43,87,-1.016593810835474,-0.02321591952008587
v10,feat_gbm,4.0,43,88,-1.759010578738589,-3.512086916650174
v10,feat_gbm,4.0,43,89,-0.7099774719001003,-1.684363733317816
v10,feat_gbm,4.0,43,90,-3.6199533662859684,-3.5341996208099964
v10,feat_gbm,4.0,43,91,0.5586419938405995,1.1574629997660548
v10,feat_gbm,4.0,43,92,-1.3500666158417367,-0.7651863719989663
v10,feat_gbm,4.0,43,93,-2.3444537804723447,-5.7708125015304885
v10,feat_gbm,4.0,43,94,-0.023277048478377315,0.07374698385127064
v10,feat_gbm,4.0,43,95,-1.0380748755268123,1.201566413592891
v10,feat_gbm,4.0,43,96,-0.01424414480949866,1.2655480006709303
v10,feat_gbm,4.0,43,97,-3.210242505466034,-3.2217777708537843
v10,feat_gbm,4.0,43,98,-2.72300565291909,-1.2120387208328698
v10,feat_gbm,4.0,43,99,-0.024537650084131033,-0.04015373686183237
v10,feat_gbm,4.0,43,100,-1.9735051824274346,-2.8384481914339785
v10,feat_gbm,4.0,43,101,-2.4033151565782784,-3.541068619782685
v10,feat_gbm,4.0,43,102,-3.6683462137620215,-4.424727465058162
v10,feat_gbm,4.0,43,103,-1.5586076191898204,-0.7652009130347144
v10,feat_gbm,4.0,43,104,-1.804659378614635,-0.406664655497914
v10,feat_gbm,4.0,43,105,-1.788495277861428,-2.8019031633754246
v10,feat_gbm,4.0,43,106,-1.4108722693567948,-1.1978192780958505
v10,feat_gbm,4.0,43,107,-1.692263290693485,-1.2497822804421463
v10,feat_gbm,4.0,43,108,-0.06797387272633011,-0.2003702404752673
v10,feat_gbm,4.0,43,109,-1.1932081486271215,-0.28745536208379296
v10,feat_gbm,4.0,43,110,-0.1547035635441877,0.2838469771831524
v10,feat_gbm,4.0,43,111,-0.21455695871619368,0.6579850926301614
v10,feat_gbm,4.0,43,112,0.13448340931278238,-0.4279263804064609
v10,feat_gbm,4.0,43,113,-1.03712368849393,0.527327823801956
v10,feat_gbm,4.0,43,114,-3.595547740236571,-3.652947895428966
v10,feat_gbm,4.0,43,115,-2.2906946613628905,-0.04287987221360797
v10,feat_gbm,4.0,43,116,-3.189867102534093,-3.4409421360670214
v10,feat_gbm,4.0,43,117,-2.3445091942490603,-2.4284095097884006
v10,feat_gbm,4.0,43,118,-2.1665753349403998,-1.419217075367618
v10,feat_gbm,4.0,43,119,-2.2488020354802565,-1.4944271796191557
v10,feat_gbm,4.0,43,120,-2.8352960845017106,-2.797137626437216
v10,feat_gbm,4.0,43,121,0.4726913431326037,3.1321125804877905
v10,feat_gbm,4.0,43,122,-2.404856063040831,-3.164895556438051
v10,feat_gbm,4.0,43,123,0.573353328420649,-0.021234684620174846
v10,feat_gbm,4.0,43,124,-0.17602600141340982,-1.246001114532972
v10,feat_gbm,4.0,43,125,-3.092077267719856,-2.7130193085566443
v10,feat_gbm,4.0,43,126,-1.5640058620442057,-2.0560780011130944
v10,feat_gbm,4.0,43,127,-1.4343062243498774,-1.631222331554067
v10,feat_gbm,4.0,43,128,-1.9432701801820145,-3.477307725783656
v10,feat_gbm,4.0,43,129,0.7507411682255443,1.7007542891568868
v10,feat_gbm,4.0,43,130,-2.4522093179373603,-3.4021624962570822
v10,feat_gbm,4.0,43,131,-2.8756589604648672,-3.701149444421242
v10,feat_gbm,4.0,43,132,0.25420171463458824,-0.4116741376471012
v10,feat_gbm,4.0,43,133,0.004735961911760324,-0.5680375850475197
v10,feat_gbm,4.0,43,134,-1.5817649687684325,-1.4788189923590598
v10,feat_gbm,4.0,43,135,-0.4964375181772481,-2.9896549957503007
v10,feat_gbm,4.0,43,136,0.00018270541284424584,0.11194117436713467
v10,feat_gbm,4.0,43,137,0.624789155176656,1.7147062893715772
v10,feat_gbm,4.0,43,138,-2.5935673545067286,-1.9709125209383296
v10,feat_gbm,4.0,43,139,-0.09434948744715314,0.19937477723826902
v10,feat_gbm,4.0,43,140,-2.3052605368860166,-2.8223726616431475
v10,feat_gbm,4.0,43,141,-0.394462313326076,-0.12380828599000025
v10,feat_gbm,4.0,43,142,-1.9984507244580638,-2.97521232911642
v10,feat_gbm,4.0,43,143,-2.0684666938118452,-1.9484557479617686
v10,feat_gbm,4.0,43,144,0.740457589607209,1.244093655886106
v10,feat_gbm,4.0,43,145,-3.0781488302480713,-2.0280859266176816
v10,feat_gbm,4.0,43,146,-1.7451733074719555,-2.0754073031653366
v10,feat_gbm,4.0,43,147,0.30135714563122884,-0.11331641159387335
v10,feat_gbm,4.0,43,148,-1.7361650185216406,-2.620298039600635
v10,feat_gbm,4.0,43,149,-3.1298789798736024,-3.8395532227602396
v10,feat_gbm,4.0,43,150,-1.1289814111919545,-2.149698272240366
v10,feat_gbm,4.0,43,151,-2.4766460899876948,-3.1594376779318036
v10,feat_gbm,4.0,43,152,-1.099137431099344,-2.7712141114581046
v10,feat_gbm,4.0,43,153,-0.9203296661775575,-1.1483368403810985
v10,feat_gbm,4.0,43,154,-0.17420733036161196,-1.4700676700115773
v10,feat_gbm,4.0,43,155,0.9435627580767886,1.4088416749712322
v10,feat_gbm,4.0,43,156,-0.4963626919915224,0.7564704220494097
v10,feat_gbm,4.0,43,157,-2.4194668107590083,-1.7148995557963913
v10,feat_gbm,4.0,43,158,-1.5845158484949267,-2.8595355115547196
v10,feat_gbm,4.0,43,159,-1.6352508402790191,-0.9922400520728849
v10,feat_gbm,4.0,43,160,1.152096003902435,1.8585227307534937
v10,feat_gbm,4.0,43,161,-2.2378711870029955,-2.477654537850602
v10,feat_gbm,4.0,43,162,-0.4250705321612907,-2.993764039868935
v10,feat_gbm,4.0,43,163,-0.5492347670270427,-1.1722671160336509
v10,feat_gbm,4.0,43,164,-1.7810511597513963,-1.6577576086204497
v10,feat_gbm,4.0,43,165,-2.4153496638192355,-2.9770186999323642
v10,feat_gbm,4.0,43,166,-3.3218735242272968,-3.2329952824425443
v10,feat_gbm,4.0,43,167,-0.5567949473144159,0.19550508612775644
v10,feat_gbm,4.0,43,168,-0.8065271424973214,-1.2639642813248737
v10,feat_gbm,4.0,43,169,-1.4853722340823987,1.4224064134580066
v10,feat_gbm,4.0,43,170,-2.3865712056892225,-1.5303724784706008
v10,feat_gbm,4.0,43,171,0.6566973472973793,0.6086346650572224
v10,feat_gbm,4.0,43,172,0.4217933513258922,-0.052232489626048526
v10,feat_gbm,4.0,43,173,-2.295945670379128,-0.19074605880313256
v10,feat_gbm,4.0,43,174,-1.9269234670579176,-2.7678232596734214
v10,feat_gbm,4.0,43,175,-2.352428470916648,-1.6557092188829319
v10,feat_gbm,4.0,43,176,0.30295472022328357,0.12081831439914445
v10,feat_gbm,4.0,43,177,-0.8772813238003143,3.7031714993021168
v10,feat_gbm,4.0,43,178,0.25323307224590635,-0.17761292562564054
v10,feat_gbm,4.0,43,179,-0.10766407782529942,0.2295122735959306
v10,feat_gbm,4.0,43,180,-1.1429714294452915,-1.6401012725318311
v10,feat_gbm,4.0,43,181,-3.1694075316492882,-3.399461101549646
v10,feat_gbm,4.0,43,182,0.08018856208658594,0.5421608664871393
v10,feat_gbm,4.0,43,183,-3.5225266819728933,-3.7858185839721776
v10,feat_gbm,4.0,43,184,0.1651336386617176,0.4440956773301304
v10,feat_gbm,4.0,43,185,-0.6045641769826359,0.5450962365111649
v10,feat_gbm,4.0,43,186,-2.733073622095335,-3.094441269353033
v10,feat_gbm,4.0,43,187,-0.1970227295470811,1.436275522654785
v10,feat_gbm,4.0,43,188,-0.7933059899103033,-0.003208414280501246
v10,feat_gbm,4.0,43,189,-1.9094412215138579,-2.0766448721687736
v10,feat_gbm,4.0,43,190,-2.4464845136324223,-2.887011097372245
v10,feat_gbm,4.0,43,191,0.026326193709781058,-0.19564387773269687
v10,feat_gbm,4.0,43,192,-2.4522093179373603,-3.39219136175158
v10,feat_gbm,4.0,43,193,-3.1222853374906934,-4.804455114758695
v10,feat_gbm,4.0,43,194,-2.153753410607961,-0.23230879418151415
v10,feat_gbm,4.0,43,195,1.0180852737756863,0.7768952289284052
v10,feat_gbm,4.0,43,196,-2.207017962493579,-3.0758975731441707
v10,feat_gbm,4.0,43,197,1.250382743565129,1.8852948766094535
v10,feat_gbm,4.0,43,198,-0.291694697997864,-0.07474663349946693
v10,feat_gbm,4.0,43,199,0.518600148287905,0.9295509098669842
v10,feat_gbm,4.0,43,200,-0.1161175295660409,0.40408761039079466
v10,feat_gbm,4.0,43,201,-0.9105239768839449,-1.0185563947000995
v10,feat_gbm,4.0,43,202,-1.0502693238507952,-1.5812541435625456
v10,feat_gbm,4.0,43,203,-1.3078247063895947,-2.9269603411540346
v10,feat_gbm,4.0,43,204,0.13037619841712333,-0.9368237022381455
v10,feat_gbm,4.0,43,205,-1.173654955138336,-0.771906247259438
v10,feat_gbm,4.0,43,206,-1.7986514709519774,-1.4457766532498904
v10,feat_gbm,4.0,43,207,-0.8262261165296959,-2.4752738768021185
v10,feat_gbm,4.0,43,208,-2.132877288422494,-2.8789590131308262
v10,feat_gbm,4.0,43,209,-1.5119602746655678,-2.6986856152036793
v10,feat_gbm,4.0,43,210,0.05033569127007716,0.05837096406180189
v10,feat_gbm,4.0,43,211,-2.353688811624716,-2.2327070274631113
v10,feat_gbm,4.0,43,212,-0.14030854616019914,0.15758807445032513
v10,feat_gbm,4.0,43,213,0.5601203670033313,0.5234750924970406
v10,feat_gbm,4.0,43,214,0.9651836929309634,0.8312555987922697
v10,feat_gbm,4.0,43,215,-1.3225295319220935,-0.7699972654610447
v10,feat_gbm,4.0,43,216,-2.3137885390462456,-2.4368834827463726
v10,feat_gbm,4.0,43,217,-2.2054415353958516,-3.7421886443248944
v10,feat_gbm,4.0,43,218,-1.9408350495924052,-4.3753265313120195
v10,feat_gbm,4.0,43,219,0.3975236295718421,0.13181597567614448
v10,feat_gbm,4.0,43,220,-2.2499341826172334,-2.150299196146146
v10,feat_gbm,4.0,43,221,-0.6078498987674873,0.4316281043505307
v10,feat_gbm,4.0,43,222,0.4137708558792086,0.20581216265343685
v10,feat_gbm,4.0,43,223,-3.0807516367095493,-1.7226779576420432
v10,feat_gbm,4.0,43,224,0.2996304344291754,1.0701061526100661
v10,feat_gbm,4.0,43,225,0.2513295820090796,-2.995983076644188
v10,feat_gbm,4.0,43,226,0.06611683211030119,-0.39103048890459524
v10,feat_gbm,4.0,43,227,-1.7750458475180624,-2.811377433191803
v10,feat_gbm,4.0,43,228,-0.02467935177055501,0.1103569248772952
v10,feat_gbm,4.0,43,229,0.47664905694877646,1.0926797996732165
v10,feat_gbm,4.0,43,230,-1.5742097092173986,-1.1465469989616057
v10,feat_gbm,4.0,43,231,-4.348145014847543,-3.7045714701961474
v10,feat_gbm,4.0,43,232,-0.43213885041945316,-0.3205795311611984
v10,feat_gbm,4.0,43,233,0.3333559952438519,-0.7282288274356463
v10,feat_gbm,4.0,43,234,0.41368386025675113,-0.6143938277881194
v10,feat_gbm,4.0,43,235,-2.382903637842823,-3.717493513170671
v10,feat_gbm,4.0,43,236,-1.9491935662946678,-1.894186438607053
v10,feat_gbm,4.0,43,237,-0.2509131866636119,0.19101892391720615
v10,feat_gbm,4.0,43,238,-1.0985555349329041,-2.723653519266766
v10,feat_gbm,4.0,43,239,0.37207477908492476,0.28172679866345784
v10,feat_gbm,4.0,43,240,-1.1432530773509122,-0.570916259780521
v10,feat_gbm,4.0,43,241,-1.5129545805076332,-3.037607674189957
v10,feat_gbm,4.0,43,242,-2.501410152895483,-2.4824067099880884
v10,feat_gbm,4.0,43,243,-0.07359678701577267,1.793244191067856
v10,feat_gbm,4.0,43,244,-2.444379351666294,-2.170563194223024
v10,feat_gbm,4.0,43,245,-2.0996130088196105,-2.5580286375581696
v10,feat_gbm,4.0,43,246,-2.737401622418562,-3.9013363177662743
v10,feat_gbm,4.0,43,247,-1.6306922092625091,-1.2689211715035387
v10,feat_gbm,4.0,43,248,-2.1710514690884093,-2.89795980370705
v10,feat_gbm,4.0,43,249,0.1410502596290846,-1.149470325468549
v10,feat_gbm,4.0,43,250,-2.8793703594488176,-2.1803876537888693
v10,feat_gbm,4.0,43,251,-2.3779945725793854,-1.2010659028736028
v10,feat_gbm,4.0,43,252,-2.511344203072159,-2.675840590612525
v10,feat_gbm,4.0,43,253,-1.5288756294458807,-0.865421424414132
v10,feat_gbm,4.0,43,254,0.048686400075753,-0.45089388998719687
v10,feat_gbm,4.0,43,255,-1.366593579694183,-1.477655138121315
v10,feat_gbm,4.0,43,256,-1.2889737365221217,-1.9234128661936198
v10,feat_gbm,4.0,43,257,-1.2525465744830473,-0.8895479413744646
v10,feat_gbm,4.0,43,258,-0.9604903257830844,-1.284701881398344
v10,feat_gbm,4.0,43,259,-0.14727631870139912,0.03791276039075724
v10,feat_gbm,4.0,43,260,0.07978114721539659,-1.213907680807544
v10,feat_gbm,4.0,43,261,-0.13474418936159477,-0.6937064881158975
v10,feat_gbm,4.0,43,262,-2.4388998556585864,-2.500344974429108
v10,feat_gbm,4.0,43,263,-3.152328504933293,-3.0782877743164985
v10,feat_gbm,4.0,43,264,-3.1394840625761344,-3.2702790535172426
v10,feat_gbm,4.0,43,265,-0.17920660726042997,-0.15746453031192983
v10,feat_gbm,4.0,43,266,-1.3896231145333724,-1.3930653126164372
v10,feat_gbm,4.0,43,267,-4.254952321920946,-3.460520174484755
v10,feat_gbm,4.0,43,268,-2.1004082730862876,-1.8115923421665279
v10,feat_gbm,4.0,43,269,0.6171362230163008,-0.04785951915829837
v10,feat_gbm,4.0,43,270,-2.2163844746602694,-1.3387838926701625
v10,feat_gbm,4.0,43,271,0.3488010990164621,0.6172482925771328
v10,feat_gbm,4.0,43,272,-0.7496375700943911,0.10718580269537517
v10,feat_gbm,4.0,43,273,-0.884660094059003,-2.4250613993713395
v10,feat_gbm,4.0,43,274,-3.143089416097559,-0.4656136934058211
v10,feat_gbm,4.0,43,275,-2.3784398968427016,-1.7679071058666047
v10,feat_gbm,4.0,43,276,-0.2717560315063491,-0.15192249005847586
v10,feat_gbm,4.0,43,277,-0.4936387684331064,-0.22686658439221394
v10,feat_gbm,4.0,43,278,-2.345182998554634,-0.3963273628232521
v10,feat_gbm,4.0,43,279,-2.324601577736029,-2.1916982233579314
v10,feat_gbm,4.0,43,280,-1.107239681450373,0.5138857123822332
v10,feat_gbm,4.0,43,281,-2.307018386721216,0.13501120436460418
v10,feat_gbm,4.0,43,282,0.07048068864524125,-0.35232291748203215
v10,feat_gbm,4.0,43,283,-0.010084417126390787,0.33710059568630363
v10,feat_gbm,4.0,43,284,0.318881301683656,2.2269494594330284
v10,feat_gbm,4.0,43,285,-1.0634507104150133,-0.8523290277873723
v10,feat_gbm,4.0,43,286,-0.08174717150669157,0.5032694866056324
v10,feat_gbm,4.0,43,287,-3.856815475389061,-3.0734310124071125
v10,feat_gbm,4.0,43,288,-2.688164257976734,-3.0969464995649485
v10,feat_gbm,4.0,43,289,-0.0531107970530301,0.8088909840914691
v10,feat_gbm,4.0,43,290,-3.3599844428983503,-1.710735902712342
v10,feat_gbm,4.0,43,291,-0.3722290987613301,-0.24588513525180683
v10,feat_gbm,4.0,43,292,-1.8630613594685301,-2.9910915714149957
v10,feat_gbm,4.0,43,293,-0.08793101795947578,0.24397961438558982
v10,feat_gbm,4.0,43,294,0.08238199592353175,0.9827222917401395
v10,feat_gbm,4.0,43,295,0.10511721755637869,1.5399914318848642
v10,feat_gbm,4.0,43,296,-2.4065808636414165,-3.028104854063688
v10,feat_gbm,4.0,43,297,-2.0023024872518573,-1.9675880903276046
v10,feat_gbm,4.0,43,298,0.07372561272718821,0.3882116190950413
v10,feat_gbm,4.0,43,299,-2.2934815014795156,-0.4169590587595381
v10,feat_gbm,4.0,43,300,-1.1058631580705214,-0.47104701624968015
v10,feat_gbm,4.0,43,301,-0.7362223305532011,-0.5788171023402015
v10,feat_gbm,4.0,43,302,-3.5762528494511057,-3.325334912618423
v10,feat_gbm,4.0,43,303,-0.26105459556557914,0.27214776974989446
v10,feat_gbm,4.0,43,304,-0.11536513057731455,0.2838761456734127
v10,feat_gbm,4.0,43,305,0.4706163097372987,0.98356576927226
v10,feat_gbm,4.0,43,306,-1.0614937527031778,-2.324804251846344
v10,feat_gbm,4.0,43,307,0.01183010212604473,-0.30060412365222405
v10,feat_gbm,4.0,43,308,-3.160008953056221,-3.5706943269006843
v10,feat_gbm,4.0,43,309,-1.2840511357936213,0.7657986236992217
v10,feat_gbm,4.0,43,310,-1.4534365749198006,-0.3760212383278314
v10,feat_gbm,4.0,43,311,0.8552316144504793,0.903367601886353
v10,feat_gbm,4.0,43,312,0.4325555446958448,0.2834145554969618
v10,feat_gbm,4.0,43,313,-0.35758620465926855,-0.8750381269167363
v10,feat_gbm,4.0,43,314,-3.3640255577761136,-0.8911054934067958
v10,feat_gbm,4.0,43,315,0.1987054460002368,0.2699623908229132
v10,feat_gbm,4.0,43,316,-2.5243624795115083,-4.034449774534175
v10,feat_gbm,4.0,43,317,0.11209870493323046,0.7302045063515665
v10,feat_gbm,4.0,43,318,-2.504435256058626,-2.5264159394565007
v10,feat_gbm,4.0,43,319,-2.4904070347789444,-3.1280680478747835
v10,feat_gbm,4.0,43,320,0.2667639986629414,-0.623194388118803
v10,feat_gbm,4.0,43,321,-3.082822628174549,-4.172922463867305
v10,feat_gbm,4.0,43,322,0.38611028713497714,1.0714029341973417
v10,feat_gbm,4.0,43,323,-1.9635055341719447,-2.5538050374755565
v10,feat_gbm,4.0,43,324,-1.4991203403293374,-1.5310020975326282
v10,feat_gbm,4.0,43,325,0.20476776751890755,-0.735749980772127
v10,feat_gbm,4.0,43,326,-1.3745298569078401,-0.5010306012352705
v10,feat_gbm,4.0,43,327,-3.338747820164307,-4.393123087746285
v10,feat_gbm,4.0,43,328,-0.8171264875962582,0.6439364857563509
v10,feat_gbm,4.0,43,329,-1.9516829801298672,-2.60760252445046
v10,feat_gbm,4.0,43,330,0.3217477222466505,0.46983427811083467
v10,feat_gbm,4.0,43,331,-0.1808161274044597,-1.149354435920189
v10,feat_gbm,4.0,43,332,-1.8628527700992648,-1.0961264399974935
v10,feat_gbm,4.0,43,333,0.5346509817042638,1.4253561556633074
v10,feat_gbm,4.0,43,334,0.8408515503405636,1.0406546288822482
v10,feat_gbm,4.0,43,335,-0.46070295867257444,-0.1286217558512718
v10,feat_gbm,4.0,43,336,-1.2390360243014136,-1.7275974260064488
v10,feat_gbm,4.0,43,337,-1.927692764322843,-4.535227665039715
v10,feat_gbm,4.0,43,338,0.1214356531847153,-1.078833843619319
v10,feat_gbm,4.0,43,339,-1.3198307829498348,-2.035297396751524
v10,feat_gbm,4.0,43,340,-0.0067875911300041905,0.4788286932125707
v10,feat_gbm,4.0,43,341,-0.8205557180491019,-0.4595082096564039
v10,feat_gbm,4.0,43,342,-2.8120103224224766,-3.653430804591794
v10,feat_gbm,4.0,43,343,0.6360638461831442,0.2834522663037432
v10,feat_gbm,4.0,43,344,0.36600529269983867,-0.15984972455285287
v10,feat_gbm,4.0,43,345,-2.706928889921152,-3.8822970119574354
v10,feat_gbm,4.0,43,346,-2.203042924385991,-2.5801989990218064
v10,feat_gbm,4.0,43,347,-3.536539007255268,-3.2622630695286134
v10,feat_gbm,4.0,43,348,-1.6124144120892,-0.4894561152880944
v10,feat_gbm,4.0,43,349,-2.2476121513798475,-3.0223552414624764
v10,feat_gbm,4.0,43,350,0.34814061401501084,0.4215072765335228
v10,feat_gbm,4.0,43,351,-2.9187111202275053,-1.8152752103400673
v10,feat_gbm,4.0,43,352,0.40142212081684053,1.102263670511441
v10,feat_gbm,4.0,43,353,0.38961224965877905,1.4454852001466738
v10,feat_gbm,4.0,43,354,-2.854111903231285,-3.6770060333191017
v10,feat_gbm,4.0,43,355,-2.573804347950836,-5.078652858832153
v10,feat_gbm,4.0,43,356,0.19459623574126267,0.7815322159665122
v10,feat_gbm,4.0,43,357,0.009571616936143645,0.6775133790495483
v10,feat_gbm,4.0,43,358,-2.488270239107546,-3.5163570325540956
v10,feat_gbm,4.0,43,359,-2.9146836391127087,-4.157760523739404
v10,feat_gbm,4.0,43,360,-0.883971143353887,-0.18386357284099003
v10,feat_gbm,4.0,43,361,-2.6070365286050317,-4.477383009144865
v10,feat_gbm,4.0,43,362,-0.5588598691649052,0.2909126951240761
v10,feat_gbm,4.0,43,363,-1.9862805644601662,-3.5121531596302606
v10,feat_gbm,4.0,43,364,-0.1441109366049165,-0.0019354464452207268
v10,feat_gbm,4.0,43,365,-2.615221677510535,-3.264666087597375
v10,feat_gbm,4.0,43,366,-2.067563593591498,-1.4961090632143375
v10,feat_gbm,4.0,43,367,-1.0224233534949818,-0.10305907560987346
v10,feat_gbm,4.0,43,368,-0.7704511585677244,0.24601275195113992
v10,feat_gbm,4.0,43,369,-3.1158109896273847,-1.6400355118163064
v10,feat_gbm,4.0,43,370,-0.8434579638059511,-1.5399226532969161
v10,feat_gbm,4.0,43,371,-0.8838450252537478,-0.3336387161155974
v10,feat_gbm,4.0,43,372,-0.8046120216898327,0.3185760540422761
v10,feat_gbm,4.0,43,373,-0.5358214637674474,-0.30756424411789
v10,feat_gbm,4.0,43,374,-3.0556120901899835,-3.551435429619069
v10,feat_gbm,4.0,43,375,0.6491561041239474,-0.12846918127015178
v10,feat_gbm,4.0,43,376,0.21831910789344536,0.43413099611324796
v10,feat_gbm,4.0,43,377,0.028245926340261584,0.8095384731463161
v10,feat_gbm,4.0,43,378,0.30511266995064634,0.20303525329731625
v10,feat_gbm,4.0,43,379,0.17767402511299957,0.524784145223057
v10,feat_gbm,4.0,43,380,-0.19045043241391693,0.8722609808312535
v10,feat_gbm,4.0,43,381,0.2735091055245952,1.0190202163897197
v10,feat_gbm,4.0,43,382,-0.23223607033769372,1.2715191268303472
v10,feat_gbm,4.0,43,383,-1.5506054097313657,-0.13923746667536385
v10,feat_gbm,4.0,43,384,-0.6808901026134149,-1.7983983483294153
v10,feat_gbm,4.0,43,385,-0.3412885802290063,0.5606037150840157
v10,feat_gbm,4.0,43,386,0.76514277969421,0.6003456151224621
v10,feat_gbm,4.0,43,387,0.8658993614503185,1.3071718981356573
v10,feat_gbm,4.0,43,388,-1.094820385651204,-0.19457283568776126
v10,feat_gbm,4.0,43,389,-1.8425857047672558,-0.981880356960367
v10,feat_gbm,4.0,43,390,-3.11342956130306,-2.628024059072158
v10,feat_gbm,4.0,43,391,-2.5863768253900936,-2.479262758098376
v10,feat_gbm,4.0,43,392,-1.3829607074281476,-2.207941629114672
v10,feat_gbm,4.0,43,393,-2.2540960878860696,-2.806586620215901
v10,feat_gbm,4.0,43,394,-1.9225950862363625,-0.16842623590390868
v10,feat_gbm,4.0,43,395,0.3098736076164296,0.3596423409999632
v10,feat_gbm,4.0,43,396,-1.2189804996173947,-3.117667066362407
v10,feat_gbm,4.0,43,397,0.79245826600608,0.6134086288650079
v10,feat_gbm,4.0,43,398,0.31357733173794305,0.5049020087080688
v10,feat_gbm,4.0,43,399,-1.8999652625948849,-1.0548605918119196
v10,feat_gbm,4.0,43,400,-1.4657329129791115,-2.877676775828332
v10,feat_gbm,4.0,43,401,0.711790613428307,0.015654415635624343
v10,feat_gbm,4.0,43,402,0.19739095014055805,-0.7027824676465185
v10,feat_gbm,4.0,43,403,0.07924072376987831,0.6733427913489138
v10,feat_gbm,4.0,43,404,-0.4170985587607552,0.03259550049258387
v10,feat_gbm,4.0,43,405,-3.039765932314059,-3.4179416205706223
v10,feat_gbm,4.0,43,406,-1.5694680838854933,-1.6563158072976616
v10,feat_gbm,4.0,43,407,-0.6224962829125774,0.3281041495218151
v10,feat_gbm,4.0,43,408,-1.910670306745916,-1.498502430121411
v10,feat_gbm,4.0,43,409,-1.21628459134885,-1.5390850133499359
v10,feat_gbm,4.0,43,410,-3.0457923477120614,-3.8769914364338094
v10,feat_gbm,4.0,43,411,0.629543857587525,-1.1093409530974205
v10,feat_gbm,4.0,43,412,-1.5326376709498641,-2.1356441225652167
v10,feat_gbm,4.0,43,413,-0.17214180995409084,0.5613925387002681
v10,feat_gbm,4.0,43,414,-2.180024541786363,-2.672303525149137
v10,feat_gbm,4.0,43,415,0.983000845985443,0.9887747910888531
v10,feat_gbm,4.0,43,416,-1.7713084042281007,-2.064740642123073
v10,feat_gbm,4.0,43,417,-1.9792040917971647,-0.13534283366780814
v10,feat_gbm,4.0,43,418,0.014900940711151263,0.5266566940316069
v10,feat_gbm,4.0,43,419,0.9433454377338224,-0.7929716308762645
v10,feat_gbm,4.0,43,420,-0.031074733153532805,0.22081989653443584
v10,feat_gbm,4.0,43,421,-3.6758784932759476,-3.4911396429773087
v10,feat_gbm,4.0,43,422,0.037542373512779975,0.4691563032653497
v10,feat_gbm,4.0,43,423,-0.24140436701584386,-0.21242164749251408
v10,feat_gbm,4.0,43,424,-2.5837572656143086,-2.0235730224261497
v10,feat_gbm,4.0,43,425,-0.5374839131143428,0.1881042769243711
v10,feat_gbm,4.0,43,426,-1.2168773435807392,-0.7546830882020855
v10,feat_gbm,4.0,43,427,-1.5530421716031952,-2.004418163271322
v10,feat_gbm,4.0,43,428,0.10580313437517895,0.08108350485015015
v10,feat_gbm,4.0,43,429,-1.1051283415569146,-0.8958783842144782
v10,feat_gbm,4.0,43,430,0.05824460567626624,-0.700178367515834
v10,feat_gbm,4.0,43,431,-2.820374219713818,-2.026447754843476
v10,feat_gbm,4.0,43,432,-1.9417716898799369,-3.3644112924118934
v10,feat_gbm,4.0,43,433,-1.3877510866548275,-2.4777804975332844
v10,feat_gbm,4.0,43,434,-2.9615944670328913,-3.6407879329147783
v10,feat_gbm,4.0,43,435,0.01895916447889404,0.8140524350977956
v10,feat_gbm,4.0,43,436,-0.048512641639329605,-0.6342245759550225
v10,feat_gbm,4.0,43,437,0.11120216920922903,-1.0170271575608654
v10,feat_gbm,4.0,43,438,0.1583389253626627,1.2058566336630974
v10,feat_gbm,4.0,43,439,0.8711418232739021,1.04159183954478
v10,feat_gbm,4.0,43,440,-0.8121400175877488,-0.383754051292973
v10,feat_gbm,4.0,43,441,0.7099942165733789,0.9717849563735496
v10,feat_gbm,4.0,43,442,0.23160451117156983,0.915394257773604
v10,feat_gbm,4.0,43,443,0.26245423454531275,0.17619398118278368
v10,feat_gbm,4.0,43,444,-1.85246816043949,-2.3026142847949007
v10,feat_gbm,4.0,43,445,0.13890941372779728,-2.156995715227189
v10,feat_gbm,4.0,43,446,-2.075751481279474,-1.9647154613855007
v10,feat_gbm,4.0,43,447,-1.1307192045608419,-1.2167428909736953
v10,feat_gbm,4.0,43,448,-0.6932528724903616,0.371748058948411
v10,feat_gbm,4.0,43,449,-3.7696007567683263,-3.354914600670279
v10,feat_gbm,4.0,43,450,-3.3355015473989003,-2.0984010901330774
v10,feat_gbm,4.0,43,451,-2.78950432380993,-1.8411195968283314
v10,feat_gbm,4.0,43,452,0.5938656225213075,-0.2866386615093297
v10,feat_gbm,4.0,43,453,-1.014345820778718,-2.1769502099219324
v10,feat_gbm,4.0,43,454,-0.31424060542999016,0.851829112076475
v10,feat_gbm,4.0,43,455,0.6144862545019537,-0.5174982843777256
v10,feat_gbm,4.0,43,456,-2.162563621447062,-3.7883351795095335
v10,feat_gbm,4.0,43,457,-1.598446217347241,-1.3225504843777425
v10,feat_gbm,4.0,43,458,-0.05912736887166912,-0.6304710111145473
v10,feat_gbm,4.0,43,459,-2.780734972049649,-2.867776928577639
v10,feat_gbm,4.0,43,460,0.08090466552502544,-0.20106453453544149
v10,feat_gbm,4.0,43,461,0.0273368847964034,0.565413433251147
v10,feat_gbm,4.0,43,462,-0.7599854579412177,0.6531860801292728
v10,feat_gbm,4.0,43,463,-1.99384798226467,-3.295531334571209
v10,feat_gbm,4.0,43,464,-1.4549506930750635,-1.118951529136503
v10,feat_gbm,4.0,43,465,-0.7039086706699919,0.08535922256033004
v10,feat_gbm,4.0,43,466,1.2502165109333805,0.2656879386171551
v10,feat_gbm,4.0,43,467,-0.7976263548714994,-1.0764680911985907
v10,feat_gbm,4.0,43,468,0.2955176973325923,2.2503813782282114
v10,feat_gbm,4.0,43,469,0.08216445307258258,-0.029700274932011248
v10,feat_gbm,4.0,43,470,-2.404062507939622,-2.1918010579584375
v10,feat_gbm,4.0,43,471,-1.684919996752988,-0.12537364897776127
v10,feat_gbm,4.0,43,472,-1.6093636122784667,-1.3714574409892777
v10,feat_gbm,4.0,43,473,-2.5346504526873157,-1.0216450817816245
v10,feat_gbm,4.0,43,474,-1.2246896475969997,-0.8313233833759152
v10,feat_gbm,4.0,43,475,-3.1394840625761344,-3.25243582884057
v10,feat_gbm,4.0,43,476,0.028905605101935242,0.8737365575305754
v10,feat_gbm,4.0,43,477,-2.0702503376900756,-1.8373017486027088
v10,feat_gbm,4.0,43,478,-1.3130553493699417,-1.909749317133085
v10,feat_gbm,4.0,43,479,-1.8535363064017472,0.418341725137149
v10,feat_gbm,4.0,43,480,-1.0619171839354289,-2.8689304810445995
v10,feat_gbm,4.0,43,481,-2.2871947149156653,-3.9192950012633494
v10,feat_gbm,4.0,43,482,0.4791907288790818,0.8191907452202399
v10,feat_gbm,4.0,43,483,-1.122099897410537,-2.7371748494528005
v10,feat_gbm,4.0,43,484,0.1809482824116062,0.043868991079412875
v10,feat_gbm,4.0,43,485,-1.9881534042295472,-3.9571024828402512
v10,feat_gbm,4.0,43,486,-2.7705956693747296,-0.8286091055291892
v10,feat_gbm,4.0,43,487,0.7564759715523249,1.1086460137612473
v10,feat_gbm,4.0,43,488,-0.675062498318289,-1.0899995989348372
v10,feat_gbm,4.0,43,489,-3.023190881885968,-2.9260181182274523
v10,feat_gbm,4.0,43,490,-2.640352291353727,0.01778898425240747
v10,feat_gbm,4.0,43,491,-0.16414345844825443,-0.388546054063584
v10,feat_gbm,4.0,43,492,-0.8277487455211819,-0.8483910406321095
v10,feat_gbm,4.0,43,493,-2.945193125074582,-2.4855190663855797
v10,feat_gbm,4.0,43,494,-0.18640346038916758,-0.6027729178489412
v10,feat_gbm,4.0,43,495,-0.8120492039812137,-1.5285925057254015
v10,feat_gbm,4.0,43,496,0.11065383799662025,1.0092174422839322
v10,feat_gbm,4.0,43,497,-3.2308212998456862,-2.421052301727873
v10,feat_gbm,4.0,43,498,-2.7231681873575124,-3.2283141264699093
v10,feat_gbm,4.0,43,499,-3.134444497666144,-4.907212199848568
v10,feat_gbm,4.0,44,0,-0.13547048829485067,0.03894909458183669
v10,feat_gbm,4.0,44,1,-2.026130663059635,-2.5052564746229193
v10,feat_gbm,4.0,44,2,-0.19700829106552772,0.6287827851917782
v10,feat_gbm,4.0,44,3,-2.907450879774183,-3.3447289283878643
v10,feat_gbm,4.0,44,4,0.9567992053470057,0.9694015026406426
v10,feat_gbm,4.0,44,5,-1.9633992346392004,-2.4693709778233526
v10,feat_gbm,4.0,44,6,-0.22309997978907506,-0.2819211013310965
v10,feat_gbm,4.0,44,7,0.021609122966452576,0.5289578846490461
v10,feat_gbm,4.0,44,8,0.31359191801793546,0.032863622186365654
v10,feat_gbm,4.0,44,9,0.36227975173412696,0.9352707853930591
v10,feat_gbm,4.0,44,10,-1.8903580520779795,-1.5987558134683666
v10,feat_gbm,4.0,44,11,-1.436218797248809,-3.2678706438993954
v10,feat_gbm,4.0,44,12,-0.6705490114413134,-2.445380546146449
v10,feat_gbm,4.0,44,13,-0.5560820866444576,-0.4471217519653716
v10,feat_gbm,4.0,44,14,-1.90551861555445,-1.8343062920535937
v10,feat_gbm,4.0,44,15,-2.8288409836076105,-2.278287047942225
v10,feat_gbm,4.0,44,16,-1.2240303924956464,-1.113015507562239
v10,feat_gbm,4.0,44,17,0.06995179214085932,-1.149386040828735
v10,feat_gbm,4.0,44,18,-0.6727178034567219,-0.4541092694382234
v10,feat_gbm,4.0,44,19,-2.0027293248125764,-2.8798658660471284
v10,feat_gbm,4.0,44,20,-1.9884858792652624,-3.281006200299989
v10,feat_gbm,4.0,44,21,-0.640835142849417,-0.7889402030111288
v10,feat_gbm,4.0,44,22,-1.8738456315988643,-0.48114593055133975
v10,feat_gbm,4.0,44,23,-1.7357440335046563,-2.8038114998165153
v10,feat_gbm,4.0,44,24,-2.14406301066107,-2.6726430450531393
v10,feat_gbm,4.0,44,25,-2.2061737559306347,-3.141178249464176
v10,feat_gbm,4.0,44,26,-3.021969161776348,-3.8612362310489847
v10,feat_gbm,4.0,44,27,-2.227292279104946,-3.085821277369337
v10,feat_gbm,4.0,44,28,-1.0372176781665894,-2.1153791712035637
v10,feat_gbm,4.0,44,29,-1.544793885019075,-0.5854112868629942
v10,feat_gbm,4.0,44,30,-0.15038016907566926,0.13849791927417068
v10,feat_gbm,4.0,44,31,-3.5736074517631526,-2.779654184179668
v10,feat_gbm,4.0,44,32,0.80338409495053,0.9166392391011026
v10,feat_gbm,4.0,44,33,-1.3323654553045834,-2.134444297962007
v10,feat_gbm,4.0,44,34,0.35032997029577884,1.1224191581864646
v10,feat_gbm,4.0,44,35,-1.3823599707593073,-2.7514680837461087
v10,feat_gbm,4.0,44,36,-0.2804681929597405,0.7493710802437775
v10,feat_gbm,4.0,44,37,-1.9302131722997087,-2.157600461660938
v10,feat_gbm,4.0,44,38,-3.1954279736658933,-1.7436371170468024
v10,feat_gbm,4.0,44,39,0.4209690155103029,0.632388610685479
v10,feat_gbm,4.0,44,40,-1.8727023185014764,-1.5024753827969588
v10,feat_gbm,4.0,44,41,-2.2559351416567206,-2.936018587066778
v10,feat_gbm,4.0,44,42,-0.30374612872721085,-0.06406961406287034
v10,feat_gbm,4.0,44,43,-0.486376400327079,-0.43711075337934485
v10,feat_gbm,4.0,44,44,-0.5656481513221265,0.521724778538647
v10,feat_gbm,4.0,44,45,0.3560476441389407,-0.02881562555915001
v10,feat_gbm,4.0,44,46,-2.9031252682271473,-2.6856700943784895
v10,feat_gbm,4.0,44,47,-2.86246409082763,-3.3419513202228783
v10,feat_gbm,4.0,44,48,-0.24796908946428328,-0.35240032436669677
v10,feat_gbm,4.0,44,49,-2.347983930107554,-4.466027560457086
v10,feat_gbm,4.0,44,50,-0.8015589207569052,-1.2227887404747313
v10,feat_gbm,4.0,44,51,-2.386545770632282,-4.168130875201601
v10,feat_gbm,4.0,44,52,-2.982203268859607,-2.1825653069440887
v10,feat_gbm,4.0,44,53,-1.1127606779864845,-2.816977102698189
v10,feat_gbm,4.0,44,54,-0.9286104858190515,-0.9520374156321785
v10,feat_gbm,4.0,44,55,0.9047357286055095,0.800460094219776
v10,feat_gbm,4.0,44,56,0.1470934355906034,0.2782562560211116
v10,feat_gbm,4.0,44,57,-0.19765220064929187,-0.7855200046266205
v10,feat_gbm,4.0,44,58,-2.2957661076062665,-2.837973637743256
v10,feat_gbm,4.0,44,59,-1.5993231954428548,0.3653424354755994
v10,feat_gbm,4.0,44,60,-1.6185956977499971,-3.145987746693799
v10,feat_gbm,4.0,44,61,-0.9121160606864804,-2.1381844357326614
v10,feat_gbm,4.0,44,62,-0.9781703577740272,0.3908315550690521
v10,feat_gbm,4.0,44,63,-2.931468890378613,-3.259739876316779
v10,feat_gbm,4.0,44,64,-2.74836937416858,-3.799325775609258
v10,feat_gbm,4.0,44,65,-1.076328330806387,0.2842997557356093
v10,feat_gbm,4.0,44,66,0.34370796966366157,0.9099380077885143
v10,feat_gbm,4.0,44,67,-0.0883607434414755,0.5741223235018287
v10,feat_gbm,4.0,44,68,0.9266566745685985,1.3807263582335993
v10,feat_gbm,4.0,44,69,-0.12284598808143901,2.7357387204405055
v10,feat_gbm,4.0,44,70,-0.31387618170356285,-0.3782017485149665
v10,feat_gbm,4.0,44,71,0.36125116544266933,-0.6946521973220513
v10,feat_gbm,4.0,44,72,-2.5792316296231004,-3.510295151868067
v10,feat_gbm,4.0,44,73,0.05910311978698763,-0.3643686170400702
v10,feat_gbm,4.0,44,74,1.336888108357177,1.1835884152793859
v10,feat_gbm,4.0,44,75,0.0883563851130923,-0.38644824542838596
v10,feat_gbm,4.0,44,76,-0.5435605205529719,0.7005004452467647
v10,feat_gbm,4.0,44,77,-2.3343494776689924,0.3770911051312199
v10,feat_gbm,4.0,44,78,-0.5155732726815003,-0.5374783823521183
v10,feat_gbm,4.0,44,79,-2.195884685597115,-3.2499450611549854
v10,feat_gbm,4.0,44,80,-2.1223700776725787,-1.719925172279684
v10,feat_gbm,4.0,44,81,0.5512879612676788,1.8185710395242058
v10,feat_gbm,4.0,44,82,-0.7987825540244045,-1.0758778979961314
v10,feat_gbm,4.0,44,83,0.44223612062513773,-0.8033140510569362
v10,feat_gbm,4.0,44,84,-1.6593421850626242,-2.0837035815006346
v10,feat_gbm,4.0,44,85,-1.278293365210916,-1.2430797823904942
v10,feat_gbm,4.0,44,86,0.40379313387044613,0.639317965424242
v10,feat_gbm,4.0,44,87,-1.0920645356681866,-0.02321591952008587
v10,feat_gbm,4.0,44,88,-1.8858108139200789,-3.512086916650174
v10,feat_gbm,4.0,44,89,-0.6725933111958625,-1.684363733317816
v10,feat_gbm,4.0,44,90,-3.6381139352780703,-3.5341996208099964
v10,feat_gbm,4.0,44,91,0.648883816306178,1.1574629997660548
v10,feat_gbm,4.0,44,92,-0.9088473937629802,-0.7651863719989663
v10,feat_gbm,4.0,44,93,-3.159256287157628,-5.7708125015304885
v10,feat_gbm,4.0,44,94,-0.050449263470443845,0.07374698385127064
v10,feat_gbm,4.0,44,95,-1.209768308967816,1.201566413592891
v10,feat_gbm,4.0,44,96,0.18692272239100668,1.2655480006709303
v10,feat_gbm,4.0,44,97,-3.219674394889707,-3.2217777708537843
v10,feat_gbm,4.0,44,98,-2.4904302650106875,-1.2120387208328698
v10,feat_gbm,4.0,44,99,-0.24260505594275175,-0.04015373686183237
v10,feat_gbm,4.0,44,100,-1.987100214366115,-2.8384481914339785
v10,feat_gbm,4.0,44,101,-2.4196941473706426,-3.541068619782685
v10,feat_gbm,4.0,44,102,-3.4654177362747576,-4.424727465058162
v10,feat_gbm,4.0,44,103,-1.5468503326146945,-0.7652009130347144
v10,feat_gbm,4.0,44,104,-2.2070138730975595,-0.406664655497914
v10,feat_gbm,4.0,44,105,-1.5687050407872047,-2.8019031633754246
v10,feat_gbm,4.0,44,106,-1.203905964268582,-1.1978192780958505
v10,feat_gbm,4.0,44,107,-1.6213236257716577,-1.2497822804421463
v10,feat_gbm,4.0,44,108,0.12687551599762784,-0.2003702404752673
v10,feat_gbm,4.0,44,109,-1.1862207868680954,-0.28745536208379296
v10,feat_gbm,4.0,44,110,-0.045123973707651754,0.2838469771831524
v10,feat_gbm,4.0,44,111,-0.22033448210386,0.6579850926301614
v10,feat_gbm,4.0,44,112,0.1841692865293573,-0.4279263804064609
v10,feat_gbm,4.0,44,113,-0.8768151280634507,0.527327823801956
v10,feat_gbm,4.0,44,114,-3.591836609427274,-3.652947895428966
v10,feat_gbm,4.0,44,115,-2.071322662553809,-0.04287987221360797
v10,feat_gbm,4.0,44,116,-3.0011108070133607,-3.4409421360670214
v10,feat_gbm,4.0,44,117,-2.183721776866897,-2.4284095097884006
v10,feat_gbm,4.0,44,118,-1.9283777349412814,-1.419217075367618
v10,feat_gbm,4.0,44,119,-1.4771559672616754,-1.4944271796191557
v10,feat_gbm,4.0,44,120,-2.715425211209629,-2.797137626437216
v10,feat_gbm,4.0,44,121,0.4896002778044217,3.1321125804877905
v10,feat_gbm,4.0,44,122,-2.665955800373245,-3.164895556438051
v10,feat_gbm,4.0,44,123,0.3371800805335729,-0.021234684620174846
v10,feat_gbm,4.0,44,124,-0.3195396195036657,-1.246001114532972
v10,feat_gbm,4.0,44,125,-2.825409591898466,-2.7130193085566443
v10,feat_gbm,4.0,44,126,-1.809350118576593,-2.0560780011130944
v10,feat_gbm,4.0,44,127,-1.2917510348862633,-1.631222331554067
v10,feat_gbm,4.0,44,128,-1.660986235124972,-3.477307725783656
v10,feat_gbm,4.0,44,129,0.2918273635788892,1.7007542891568868
v10,feat_gbm,4.0,44,130,-1.3313119540083818,-3.4021624962570822
v10,feat_gbm,4.0,44,131,-2.9252688241771523,-3.701149444421242
v10,feat_gbm,4.0,44,132,0.37719046117045263,-0.4116741376471012
v10,feat_gbm,4.0,44,133,-0.10490569833034226,-0.5680375850475197
v10,feat_gbm,4.0,44,134,-1.4406969273339643,-1.4788189923590598
v10,feat_gbm,4.0,44,135,-1.2945820305881215,-2.9896549957503007
v10,feat_gbm,4.0,44,136,0.0005157572923294829,0.11194117436713467
v10,feat_gbm,4.0,44,137,0.363927324470743,1.7147062893715772
v10,feat_gbm,4.0,44,138,-2.5525920581437416,-1.9709125209383296
v10,feat_gbm,4.0,44,139,-0.4153709489776983,0.19937477723826902
v10,feat_gbm,4.0,44,140,-2.2986487086870704,-2.8223726616431475
v10,feat_gbm,4.0,44,141,-0.20975875487405377,-0.12380828599000025
v10,feat_gbm,4.0,44,142,-1.9933134354733195,-2.97521232911642
v10,feat_gbm,4.0,44,143,-2.17602589335471,-1.9484557479617686
v10,feat_gbm,4.0,44,144,0.7630318550704254,1.244093655886106
v10,feat_gbm,4.0,44,145,-3.0499983402880355,-2.0280859266176816
v10,feat_gbm,4.0,44,146,-1.3769156929190018,-2.0754073031653366
v10,feat_gbm,4.0,44,147,0.11341160574902794,-0.11331641159387335
v10,feat_gbm,4.0,44,148,-1.8100445768897637,-2.620298039600635
v10,feat_gbm,4.0,44,149,-3.014601898843906,-3.8395532227602396
v10,feat_gbm,4.0,44,150,-1.2438404198253592,-2.149698272240366
v10,feat_gbm,4.0,44,151,-2.1942430599938474,-3.1594376779318036
v10,feat_gbm,4.0,44,152,-1.4491679314543175,-2.7712141114581046
v10,feat_gbm,4.0,44,153,-0.7714817428241112,-1.1483368403810985
v10,feat_gbm,4.0,44,154,0.5124372982599167,-1.4700676700115773
v10,feat_gbm,4.0,44,155,1.2758170160637747,1.4088416749712322
v10,feat_gbm,4.0,44,156,-0.6113156281304547,0.7564704220494097
v10,feat_gbm,4.0,44,157,-2.4202971461487546,-1.7148995557963913
v10,feat_gbm,4.0,44,158,-1.824622212506296,-2.8595355115547196
v10,feat_gbm,4.0,44,159,-2.2346248576091403,-0.9922400520728849
v10,feat_gbm,4.0,44,160,0.8725910426493668,1.8585227307534937
v10,feat_gbm,4.0,44,161,-2.136328814197847,-2.477654537850602
v10,feat_gbm,4.0,44,162,-0.2713476693152608,-2.993764039868935
v10,feat_gbm,4.0,44,163,-0.6897672804402742,-1.1722671160336509
v10,feat_gbm,4.0,44,164,-1.7371436366193558,-1.6577576086204497
v10,feat_gbm,4.0,44,165,-2.445818101968396,-2.9770186999323642
v10,feat_gbm,4.0,44,166,-3.3508960989208196,-3.2329952824425443
v10,feat_gbm,4.0,44,167,-0.5911581110455439,0.19550508612775644
v10,feat_gbm,4.0,44,168,-0.6020679640126416,-1.2639642813248737
v10,feat_gbm,4.0,44,169,-1.3609852153744624,1.4224064134580066
v10,feat_gbm,4.0,44,170,-2.226009697383389,-1.5303724784706008
v10,feat_gbm,4.0,44,171,0.7137588220653133,0.6086346650572224
v10,feat_gbm,4.0,44,172,0.0717650527452179,-0.052232489626048526
v10,feat_gbm,4.0,44,173,-2.509796502252125,-0.19074605880313256
v10,feat_gbm,4.0,44,174,-2.1817176900543127,-2.7678232596734214
v10,feat_gbm,4.0,44,175,-2.0140754098982376,-1.6557092188829319
v10,feat_gbm,4.0,44,176,0.20672651247292628,0.12081831439914445
v10,feat_gbm,4.0,44,177,-0.7538618965715244,3.7031714993021168
v10,feat_gbm,4.0,44,178,0.47000588399019694,-0.17761292562564054
v10,feat_gbm,4.0,44,179,-0.054912726356422074,0.2295122735959306
v10,feat_gbm,4.0,44,180,-0.8508604049213206,-1.6401012725318311
v10,feat_gbm,4.0,44,181,-3.0402011001651466,-3.399461101549646
v10,feat_gbm,4.0,44,182,0.4666693126296967,0.5421608664871393
v10,feat_gbm,4.0,44,183,-3.149731972916383,-3.7858185839721776
v10,feat_gbm,4.0,44,184,-0.09811625586013578,0.4440956773301304
v10,feat_gbm,4.0,44,185,-0.49844673954469354,0.5450962365111649
v10,feat_gbm,4.0,44,186,-2.682017797549036,-3.094441269353033
v10,feat_gbm,4.0,44,187,-0.44273575675305227,1.436275522654785
v10,feat_gbm,4.0,44,188,-0.8202747031330441,-0.003208414280501246
v10,feat_gbm,4.0,44,189,-1.8289743393333797,-2.0766448721687736
v10,feat_gbm,4.0,44,190,-2.3087052970091926,-2.887011097372245
v10,feat_gbm,4.0,44,191,-0.014656369400232743,-0.19564387773269687
v10,feat_gbm,4.0,44,192,-1.4321916141740638,-3.39219136175158
v10,feat_gbm,4.0,44,193,-3.1259329964496847,-4.804455114758695
v10,feat_gbm,4.0,44,194,-1.5153503725166366,-0.23230879418151415
v10,feat_gbm,4.0,44,195,1.1520394270998648,0.7768952289284052
v10,feat_gbm,4.0,44,196,-3.0114407707961535,-3.0758975731441707
v10,feat_gbm,4.0,44,197,1.0506961265857162,1.8852948766094535
v10,feat_gbm,4.0,44,198,-0.2424613467694907,-0.07474663349946693
v10,feat_gbm,4.0,44,199,0.6651679940323265,0.9295509098669842
v10,feat_gbm,4.0,44,200,-0.11862064337368552,0.40408761039079466
v10,feat_gbm,4.0,44,201,-1.2374836942205352,-1.0185563947000995
v10,feat_gbm,4.0,44,202,-1.1248120374915103,-1.5812541435625456
v10,feat_gbm,4.0,44,203,-0.9809230995272082,-2.9269603411540346
v10,feat_gbm,4.0,44,204,0.32086649780582116,-0.9368237022381455
v10,feat_gbm,4.0,44,205,-1.2875465265220927,-0.771906247259438
v10,feat_gbm,4.0,44,206,-1.6878788694140356,-1.4457766532498904
v10,feat_gbm,4.0,44,207,-0.4837348994811162,-2.4752738768021185
v10,feat_gbm,4.0,44,208,-1.4429651471992933,-2.8789590131308262
v10,feat_gbm,4.0,44,209,-1.6775633712752334,-2.6986856152036793
v10,feat_gbm,4.0,44,210,0.007563122372195116,0.05837096406180189
v10,feat_gbm,4.0,44,211,-2.3811805890726814,-2.2327070274631113
v10,feat_gbm,4.0,44,212,-0.22482791307478137,0.15758807445032513
v10,feat_gbm,4.0,44,213,0.4472917635324875,0.5234750924970406
v10,feat_gbm,4.0,44,214,0.5945098729221016,0.8312555987922697
v10,feat_gbm,4.0,44,215,-1.402303492568884,-0.7699972654610447
v10,feat_gbm,4.0,44,216,-2.343434345332795,-2.4368834827463726
v10,feat_gbm,4.0,44,217,-2.1439161353613025,-3.7421886443248944
v10,feat_gbm,4.0,44,218,-2.5755730341252208,-4.3753265313120195
v10,feat_gbm,4.0,44,219,0.13272755997990215,0.13181597567614448
v10,feat_gbm,4.0,44,220,-2.429469874567949,-2.150299196146146
v10,feat_gbm,4.0,44,221,-0.4104568134818132,0.4316281043505307
v10,feat_gbm,4.0,44,222,0.45054112787995915,0.20581216265343685
v10,feat_gbm,4.0,44,223,-3.0599460218953713,-1.7226779576420432
v10,feat_gbm,4.0,44,224,0.2280159711410762,1.0701061526100661
v10,feat_gbm,4.0,44,225,0.33813103711270165,-2.995983076644188
v10,feat_gbm,4.0,44,226,0.05135177012084445,-0.39103048890459524
v10,feat_gbm,4.0,44,227,-1.6469018296903712,-2.811377433191803
v10,feat_gbm,4.0,44,228,-0.1269437430745854,0.1103569248772952
v10,feat_gbm,4.0,44,229,0.681434439161754,1.0926797996732165
v10,feat_gbm,4.0,44,230,-1.6877396063329875,-1.1465469989616057
v10,feat_gbm,4.0,44,231,-4.149026983998132,-3.7045714701961474
v10,feat_gbm,4.0,44,232,-0.49527096278547583,-0.3205795311611984
v10,feat_gbm,4.0,44,233,0.1806839932445889,-0.7282288274356463
v10,feat_gbm,4.0,44,234,0.5730996864916252,-0.6143938277881194
v10,feat_gbm,4.0,44,235,-2.390273291018169,-3.717493513170671
v10,feat_gbm,4.0,44,236,-1.6724715177986498,-1.894186438607053
v10,feat_gbm,4.0,44,237,-0.2855740770221527,0.19101892391720615
v10,feat_gbm,4.0,44,238,-1.1226534861674358,-2.723653519266766
v10,feat_gbm,4.0,44,239,0.30923571047197146,0.28172679866345784
v10,feat_gbm,4.0,44,240,-0.9882697555318859,-0.570916259780521
v10,feat_gbm,4.0,44,241,-1.5861893062403944,-3.037607674189957
v10,feat_gbm,4.0,44,242,-2.254731310500297,-2.4824067099880884
v10,feat_gbm,4.0,44,243,-0.0003753140970668364,1.793244191067856
v10,feat_gbm,4.0,44,244,-2.148384561451467,-2.170563194223024
v10,feat_gbm,4.0,44,245,-2.0219686833856767,-2.5580286375581696
v10,feat_gbm,4.0,44,246,-2.6241793637491777,-3.9013363177662743
v10,feat_gbm,4.0,44,247,-1.3078840544433756,-1.2689211715035387
v10,feat_gbm,4.0,44,248,-2.239453908996401,-2.89795980370705
v10,feat_gbm,4.0,44,249,0.21935672408643375,-1.149470325468549
v10,feat_gbm,4.0,44,250,-2.773091494467103,-2.1803876537888693
v10,feat_gbm,4.0,44,251,-2.2980150685723797,-1.2010659028736028
v10,feat_gbm,4.0,44,252,-2.392597506452535,-2.675840590612525
v10,feat_gbm,4.0,44,253,-1.1924815328044447,-0.865421424414132
v10,feat_gbm,4.0,44,254,-0.5295106353566466,-0.45089388998719687
v10,feat_gbm,4.0,44,255,-1.2865863006226406,-1.477655138121315
v10,feat_gbm,4.0,44,256,-1.2714965843083792,-1.9234128661936198
v10,feat_gbm,4.0,44,257,-1.1151414228628518,-0.8895479413744646
v10,feat_gbm,4.0,44,258,-0.8386506474187542,-1.284701881398344
v10,feat_gbm,4.0,44,259,-0.16053790972323728,0.03791276039075724
v10,feat_gbm,4.0,44,260,-0.043529443981885824,-1.213907680807544
v10,feat_gbm,4.0,44,261,-0.3751866578688064,-0.6937064881158975
v10,feat_gbm,4.0,44,262,-2.4294290740119573,-2.500344974429108
v10,feat_gbm,4.0,44,263,-2.5829089637294786,-3.0782877743164985
v10,feat_gbm,4.0,44,264,-2.8913880062922677,-3.2702790535172426
v10,feat_gbm,4.0,44,265,-0.25100224762154627,-0.15746453031192983
v10,feat_gbm,4.0,44,266,-1.1932740121934353,-1.3930653126164372
v10,feat_gbm,4.0,44,267,-4.261810983986181,-3.460520174484755
v10,feat_gbm,4.0,44,268,-2.023970040689346,-1.8115923421665279
v10,feat_gbm,4.0,44,269,0.6807406744135507,-0.04785951915829837
v10,feat_gbm,4.0,44,270,-2.3565956250074787,-1.3387838926701625
v10,feat_gbm,4.0,44,271,0.5518218893411497,0.6172482925771328
v10,feat_gbm,4.0,44,272,-0.7807701896272836,0.10718580269537517
v10,feat_gbm,4.0,44,273,-1.0943126370796614,-2.4250613993713395
v10,feat_gbm,4.0,44,274,-3.1201366037071425,-0.4656136934058211
v10,feat_gbm,4.0,44,275,-2.247696572112763,-1.7679071058666047
v10,feat_gbm,4.0,44,276,-0.2737138376222741,-0.15192249005847586
v10,feat_gbm,4.0,44,277,-0.7230532453203955,-0.22686658439221394
v10,feat_gbm,4.0,44,278,-2.3278813267950893,-0.3963273628232521
v10,feat_gbm,4.0,44,279,-2.3413487742871424,-2.1916982233579314
v10,feat_gbm,4.0,44,280,-0.5447256267322168,0.5138857123822332
v10,feat_gbm,4.0,44,281,-2.1742085497180423,0.13501120436460418
v10,feat_gbm,4.0,44,282,-0.06134555434469075,-0.35232291748203215
v10,feat_gbm,4.0,44,283,-0.1371848190024514,0.33710059568630363
v10,feat_gbm,4.0,44,284,0.5926605650195936,2.2269494594330284
v10,feat_gbm,4.0,44,285,-1.4527784436936855,-0.8523290277873723
v10,feat_gbm,4.0,44,286,-0.0849525086983912,0.5032694866056324
v10,feat_gbm,4.0,44,287,-3.540139274818161,-3.0734310124071125
v10,feat_gbm,4.0,44,288,-2.7762347166887293,-3.0969464995649485
v10,feat_gbm,4.0,44,289,-0.2766190675179525,0.8088909840914691
v10,feat_gbm,4.0,44,290,-3.3994907340485345,-1.710735902712342
v10,feat_gbm,4.0,44,291,-0.36387298210138685,-0.24588513525180683
v10,feat_gbm,4.0,44,292,-2.1472061284703043,-2.9910915714149957
v10,feat_gbm,4.0,44,293,0.06491631898761248,0.24397961438558982
v10,feat_gbm,4.0,44,294,-0.11846987544193574,0.9827222917401395
v10,feat_gbm,4.0,44,295,0.43304629969946784,1.5399914318848642
v10,feat_gbm,4.0,44,296,-2.2449582864923205,-3.028104854063688
v10,feat_gbm,4.0,44,297,-2.1519894106388033,-1.9675880903276046
v10,feat_gbm,4.0,44,298,0.16374505490788613,0.3882116190950413
v10,feat_gbm,4.0,44,299,-1.8677935833557084,-0.4169590587595381
v10,feat_gbm,4.0,44,300,-1.0643913391695075,-0.47104701624968015
v10,feat_gbm,4.0,44,301,-0.840859273827633,-0.5788171023402015
v10,feat_gbm,4.0,44,302,-3.6984051318539417,-3.325334912618423
v10,feat_gbm,4.0,44,303,-0.29285197095963206,0.27214776974989446
v10,feat_gbm,4.0,44,304,-0.20209167398631064,0.2838761456734127
v10,feat_gbm,4.0,44,305,0.46496018824248203,0.98356576927226
v10,feat_gbm,4.0,44,306,-0.9935337099441945,-2.324804251846344
v10,feat_gbm,4.0,44,307,0.021931531231218937,-0.30060412365222405
v10,feat_gbm,4.0,44,308,-3.0256909747529503,-3.5706943269006843
v10,feat_gbm,4.0,44,309,-1.0603994501931124,0.7657986236992217
v10,feat_gbm,4.0,44,310,-1.2471025954472945,-0.3760212383278314
v10,feat_gbm,4.0,44,311,0.8559352865942805,0.903367601886353
v10,feat_gbm,4.0,44,312,0.5876825267723279,0.2834145554969618
v10,feat_gbm,4.0,44,313,-0.39849524248021156,-0.8750381269167363
v10,feat_gbm,4.0,44,314,-3.545179826079486,-0.8911054934067958
v10,feat_gbm,4.0,44,315,0.05056957641915442,0.2699623908229132
v10,feat_gbm,4.0,44,316,-2.662703867094162,-4.034449774534175
v10,feat_gbm,4.0,44,317,-0.08652075477058016,0.7302045063515665
v10,feat_gbm,4.0,44,318,-2.548062983877399,-2.5264159394565007
v10,feat_gbm,4.0,44,319,-2.343617040082973,-3.1280680478747835
v10,feat_gbm,4.0,44,320,0.26845900296067776,-0.623194388118803
v10,feat_gbm,4.0,44,321,-2.149732501285837,-4.172922463867305
v10,feat_gbm,4.0,44,322,0.07343808059976913,1.0714029341973417
v10,feat_gbm,4.0,44,323,-2.1049159354754425,-2.5538050374755565
v10,feat_gbm,4.0,44,324,-1.5261279067325337,-1.5310020975326282
v10,feat_gbm,4.0,44,325,-0.14655629567830877,-0.735749980772127
v10,feat_gbm,4.0,44,326,-1.507986679760329,-0.5010306012352705
v10,feat_gbm,4.0,44,327,-3.5079352439276303,-4.393123087746285
v10,feat_gbm,4.0,44,328,-0.8468029987115462,0.6439364857563509
v10,feat_gbm,4.0,44,329,-2.4159431083309624,-2.60760252445046
v10,feat_gbm,4.0,44,330,0.41074441541098655,0.46983427811083467
v10,feat_gbm,4.0,44,331,0.017769823872808725,-1.149354435920189
v10,feat_gbm,4.0,44,332,-1.798082198830035,-1.0961264399974935
v10,feat_gbm,4.0,44,333,0.38020355013215407,1.4253561556633074
v10,feat_gbm,4.0,44,334,0.7736156057380722,1.0406546288822482
v10,feat_gbm,4.0,44,335,-0.45666387663025626,-0.1286217558512718
v10,feat_gbm,4.0,44,336,-1.4203351015207542,-1.7275974260064488
v10,feat_gbm,4.0,44,337,-1.9483079179121199,-4.535227665039715
v10,feat_gbm,4.0,44,338,-0.22197166103486093,-1.078833843619319
v10,feat_gbm,4.0,44,339,-1.4421394417474078,-2.035297396751524
v10,feat_gbm,4.0,44,340,-0.013462257098341405,0.4788286932125707
v10,feat_gbm,4.0,44,341,-0.9444146516359353,-0.4595082096564039
v10,feat_gbm,4.0,44,342,-2.716487722491183,-3.653430804591794
v10,feat_gbm,4.0,44,343,0.7938180553219728,0.2834522663037432
v10,feat_gbm,4.0,44,344,0.0791000564942946,-0.15984972455285287
v10,feat_gbm,4.0,44,345,-2.7517005128977905,-3.8822970119574354
v10,feat_gbm,4.0,44,346,-2.0932170345781773,-2.5801989990218064
v10,feat_gbm,4.0,44,347,-3.307411893267212,-3.2622630695286134
v10,feat_gbm,4.0,44,348,-1.7277718561556947,-0.4894561152880944
v10,feat_gbm,4.0,44,349,-2.9691602833460142,-3.0223552414624764
v10,feat_gbm,4.0,44,350,0.4034675215221692,0.4215072765335228
v10,feat_gbm,4.0,44,351,-2.8441682730728868,-1.8152752103400673
v10,feat_gbm,4.0,44,352,0.46574677796415637,1.102263670511441
v10,feat_gbm,4.0,44,353,0.33975178317890214,1.4454852001466738
v10,feat_gbm,4.0,44,354,-2.75443833350117,-3.6770060333191017
v10,feat_gbm,4.0,44,355,-2.3536293728602447,-5.078652858832153
v10,feat_gbm,4.0,44,356,0.08951824907631188,0.7815322159665122
v10,feat_gbm,4.0,44,357,0.018725508345498888,0.6775133790495483
v10,feat_gbm,4.0,44,358,-3.068628732868721,-3.5163570325540956
v10,feat_gbm,4.0,44,359,-2.8675364841497655,-4.157760523739404
v10,feat_gbm,4.0,44,360,-0.4695114483019965,-0.18386357284099003
v10,feat_gbm,4.0,44,361,-2.059610655558375,-4.477383009144865
v10,feat_gbm,4.0,44,362,-0.3163866860970031,0.2909126951240761
v10,feat_gbm,4.0,44,363,-1.2280670635145392,-3.5121531596302606
v10,feat_gbm,4.0,44,364,-0.0072945331822260396,-0.0019354464452207268
v10,feat_gbm,4.0,44,365,-2.3563091805620413,-3.264666087597375
v10,feat_gbm,4.0,44,366,-1.6432905452200446,-1.4961090632143375
v10,feat_gbm,4.0,44,367,-0.7941078684638073,-0.10305907560987346
v10,feat_gbm,4.0,44,368,-0.7591893563894592,0.24601275195113992
v10,feat_gbm,4.0,44,369,-2.967581240901674,-1.6400355118163064
v10,feat_gbm,4.0,44,370,-0.7283895427565511,-1.5399226532969161
v10,feat_gbm,4.0,44,371,-0.8552662164666693,-0.3336387161155974
v10,feat_gbm,4.0,44,372,-0.6778989929984185,0.3185760540422761
v10,feat_gbm,4.0,44,373,-0.6869279944014915,-0.30756424411789
v10,feat_gbm,4.0,44,374,-3.428602575790697,-3.551435429619069
v10,feat_gbm,4.0,44,375,0.5912358898661554,-0.12846918127015178
v10,feat_gbm,4.0,44,376,0.15365660196392117,0.43413099611324796
v10,feat_gbm,4.0,44,377,-0.02957763667766452,0.8095384731463161
v10,feat_gbm,4.0,44,378,0.3016398748190238,0.20303525329731625
v10,feat_gbm,4.0,44,379,0.2506814759488525,0.524784145223057
v10,feat_gbm,4.0,44,380,-0.10295966035975869,0.8722609808312535
v10,feat_gbm,4.0,44,381,0.3212200882320107,1.0190202163897197
v10,feat_gbm,4.0,44,382,-0.3421298499164627,1.2715191268303472
v10,feat_gbm,4.0,44,383,-1.3902276075795734,-0.13923746667536385
v10,feat_gbm,4.0,44,384,-0.6667743928100675,-1.7983983483294153
v10,feat_gbm,4.0,44,385,-0.354845352072012,0.5606037150840157
v10,feat_gbm,4.0,44,386,0.5787736717628043,0.6003456151224621
v10,feat_gbm,4.0,44,387,0.8841101152831737,1.3071718981356573
v10,feat_gbm,4.0,44,388,-1.412705313774196,-0.19457283568776126
v10,feat_gbm,4.0,44,389,-1.7802636990650005,-0.981880356960367
v10,feat_gbm,4.0,44,390,-2.2747639452010655,-2.628024059072158
v10,feat_gbm,4.0,44,391,-2.6917523088545945,-2.479262758098376
v10,feat_gbm,4.0,44,392,-1.443106138118142,-2.207941629114672
v10,feat_gbm,4.0,44,393,-2.6251615176497256,-2.806586620215901
v10,feat_gbm,4.0,44,394,-1.5654890476944967,-0.16842623590390868
v10,feat_gbm,4.0,44,395,0.34750186778826797,0.3596423409999632
v10,feat_gbm,4.0,44,396,-1.1874534871417135,-3.117667066362407
v10,feat_gbm,4.0,44,397,0.8783480288832666,0.6134086288650079
v10,feat_gbm,4.0,44,398,0.48222135122688975,0.5049020087080688
v10,feat_gbm,4.0,44,399,-1.532492730583941,-1.0548605918119196
v10,feat_gbm,4.0,44,400,-1.3644478920540237,-2.877676775828332
v10,feat_gbm,4.0,44,401,0.7132410658175462,0.015654415635624343
v10,feat_gbm,4.0,44,402,-0.20331465970158374,-0.7027824676465185
v10,feat_gbm,4.0,44,403,-0.06510719349266121,0.6733427913489138
v10,feat_gbm,4.0,44,404,-0.4784628011527174,0.03259550049258387
v10,feat_gbm,4.0,44,405,-3.179749808611063,-3.4179416205706223
v10,feat_gbm,4.0,44,406,-1.4610737218638667,-1.6563158072976616
v10,feat_gbm,4.0,44,407,-0.5968762048035419,0.3281041495218151
v10,feat_gbm,4.0,44,408,-2.165892187481172,-1.498502430121411
v10,feat_gbm,4.0,44,409,-0.449565045560097,-1.5390850133499359
v10,feat_gbm,4.0,44,410,-2.6774859471658745,-3.8769914364338094
v10,feat_gbm,4.0,44,411,0.5614120992094601,-1.1093409530974205
v10,feat_gbm,4.0,44,412,-1.310666112512665,-2.1356441225652167
v10,feat_gbm,4.0,44,413,-0.16604004001676986,0.5613925387002681
v10,feat_gbm,4.0,44,414,-2.123281037995593,-2.672303525149137
v10,feat_gbm,4.0,44,415,0.8895598795023856,0.9887747910888531
v10,feat_gbm,4.0,44,416,-1.629623910765916,-2.064740642123073
v10,feat_gbm,4.0,44,417,-1.7979458117595426,-0.13534283366780814
v10,feat_gbm,4.0,44,418,0.25934585550118505,0.5266566940316069
v10,feat_gbm,4.0,44,419,0.9977352207341433,-0.7929716308762645
v10,feat_gbm,4.0,44,420,0.07759621263731757,0.22081989653443584
v10,feat_gbm,4.0,44,421,-3.6710261242851265,-3.4911396429773087
v10,feat_gbm,4.0,44,422,-0.1370003236589476,0.4691563032653497
v10,feat_gbm,4.0,44,423,-0.0689089648268565,-0.21242164749251408
v10,feat_gbm,4.0,44,424,-2.7188753951463043,-2.0235730224261497
v10,feat_gbm,4.0,44,425,-0.3647456825718512,0.1881042769243711
v10,feat_gbm,4.0,44,426,-0.815819052163988,-0.7546830882020855
v10,feat_gbm,4.0,44,427,-1.8430234768551934,-2.004418163271322
v10,feat_gbm,4.0,44,428,0.1429482763028328,0.08108350485015015
v10,feat_gbm,4.0,44,429,-0.9599125246054598,-0.8958783842144782
v10,feat_gbm,4.0,44,430,-0.004925903165122401,-0.700178367515834
v10,feat_gbm,4.0,44,431,-2.907462748628667,-2.026447754843476
v10,feat_gbm,4.0,44,432,-1.9098727183933666,-3.3644112924118934
v10,feat_gbm,4.0,44,433,-1.4977064014811627,-2.4777804975332844
v10,feat_gbm,4.0,44,434,-2.7289016227885368,-3.6407879329147783
v10,feat_gbm,4.0,44,435,0.2649830850318004,0.8140524350977956
v10,feat_gbm,4.0,44,436,-0.11163327158429771,-0.6342245759550225
v10,feat_gbm,4.0,44,437,-0.3704598794136507,-1.0170271575608654
v10,feat_gbm,4.0,44,438,0.12110798153822355,1.2058566336630974
v10,feat_gbm,4.0,44,439,0.8520799554207319,1.04159183954478
v10,feat_gbm,4.0,44,440,-0.6867657760474728,-0.383754051292973
v10,feat_gbm,4.0,44,441,0.2574830929179028,0.9717849563735496
v10,feat_gbm,4.0,44,442,0.34477134902995554,0.915394257773604
v10,feat_gbm,4.0,44,443,0.1935184030356586,0.17619398118278368
v10,feat_gbm,4.0,44,444,-1.8435962956307275,-2.3026142847949007
v10,feat_gbm,4.0,44,445,0.2102413692392613,-2.156995715227189
v10,feat_gbm,4.0,44,446,-2.228600368322496,-1.9647154613855007
v10,feat_gbm,4.0,44,447,-1.3370942038341187,-1.2167428909736953
v10,feat_gbm,4.0,44,448,-0.8028499620891069,0.371748058948411
v10,feat_gbm,4.0,44,449,-3.8003780463281873,-3.354914600670279
v10,feat_gbm,4.0,44,450,-3.2575200221918608,-2.0984010901330774
v10,feat_gbm,4.0,44,451,-1.1573269243064124,-1.8411195968283314
v10,feat_gbm,4.0,44,452,0.6656698983383674,-0.2866386615093297
v10,feat_gbm,4.0,44,453,-0.8876096278067014,-2.1769502099219324
v10,feat_gbm,4.0,44,454,-0.29329605666419906,0.851829112076475
v10,feat_gbm,4.0,44,455,0.368036237061601,-0.5174982843777256
v10,feat_gbm,4.0,44,456,-1.9608300146252882,-3.7883351795095335
v10,feat_gbm,4.0,44,457,-1.5366725881404462,-1.3225504843777425
v10,feat_gbm,4.0,44,458,-0.22995088463961594,-0.6304710111145473
v10,feat_gbm,4.0,44,459,-2.3054279979625627,-2.867776928577639
v10,feat_gbm,4.0,44,460,-0.13111074691446867,-0.20106453453544149
v10,feat_gbm,4.0,44,461,0.37539906667861045,0.565413433251147
v10,feat_gbm,4.0,44,462,-0.6217454506752809,0.6531860801292728
v10,feat_gbm,4.0,44,463,-2.505955969685812,-3.295531334571209
v10,feat_gbm,4.0,44,464,-1.4104770712527976,-1.118951529136503
v10,feat_gbm,4.0,44,465,-0.42923404357944434,0.08535922256033004
v10,feat_gbm,4.0,44,466,0.9958400893253313,0.2656879386171551
v10,feat_gbm,4.0,44,467,-0.6549837817636417,-1.0764680911985907
v10,feat_gbm,4.0,44,468,0.1913563523043008,2.2503813782282114
v10,feat_gbm,4.0,44,469,-0.14969996432865126,-0.029700274932011248
v10,feat_gbm,4.0,44,470,-2.2033655943110615,-2.1918010579584375
v10,feat_gbm,4.0,44,471,-1.4208518311210754,-0.12537364897776127
v10,feat_gbm,4.0,44,472,-1.513442761252133,-1.3714574409892777
v10,feat_gbm,4.0,44,473,-2.0708890888397837,-1.0216450817816245
v10,feat_gbm,4.0,44,474,-1.100696479801003,-0.8313233833759152
v10,feat_gbm,4.0,44,475,-3.0233744326133287,-3.25243582884057
v10,feat_gbm,4.0,44,476,0.1565778174000428,0.8737365575305754
v10,feat_gbm,4.0,44,477,-2.1075524914520116,-1.8373017486027088
v10,feat_gbm,4.0,44,478,-1.4647904178611724,-1.909749317133085
v10,feat_gbm,4.0,44,479,-1.1506931887472378,0.418341725137149
v10,feat_gbm,4.0,44,480,-0.9364393392472518,-2.8689304810445995
v10,feat_gbm,4.0,44,481,-2.939797110306012,-3.9192950012633494
v10,feat_gbm,4.0,44,482,0.5624282889350106,0.8191907452202399
v10,feat_gbm,4.0,44,483,-0.9638055705762941,-2.7371748494528005
v10,feat_gbm,4.0,44,484,-0.019696658921993758,0.043868991079412875
v10,feat_gbm,4.0,44,485,-1.9599148886565019,-3.9571024828402512
v10,feat_gbm,4.0,44,486,-2.3078316678952056,-0.8286091055291892
v10,feat_gbm,4.0,44,487,1.0797268010038386,1.1086460137612473
v10,feat_gbm,4.0,44,488,-0.6066912178041094,-1.0899995989348372
v10,feat_gbm,4.0,44,489,-2.87066914510045,-2.9260181182274523
v10,feat_gbm,4.0,44,490,-2.8996139915320236,0.01778898425240747
v10,feat_gbm,4.0,44,491,-0.2289884535077933,-0.388546054063584
v10,feat_gbm,4.0,44,492,-0.8066982841072862,-0.8483910406321095
v10,feat_gbm,4.0,44,493,-2.6692692006574923,-2.4855190663855797
v10,feat_gbm,4.0,44,494,-0.08674409555977816,-0.6027729178489412
v10,feat_gbm,4.0,44,495,-0.832535049838294,-1.5285925057254015
v10,feat_gbm,4.0,44,496,0.18533676945784486,1.0092174422839322
v10,feat_gbm,4.0,44,497,-2.834002808639739,-2.421052301727873
v10,feat_gbm,4.0,44,498,-2.851367938361354,-3.2283141264699093
v10,feat_gbm,4.0,44,499,-3.107828440913715,-4.907212199848568
v10,feat_gbm,4.0,45,0,-0.25991881351392,0.03894909458183669
v10,feat_gbm,4.0,45,1,-1.9792932963663237,-2.5052564746229193
v10,feat_gbm,4.0,45,2,-0.459265370580007,0.6287827851917782
v10,feat_gbm,4.0,45,3,-2.7761443344229235,-3.3447289283878643
v10,feat_gbm,4.0,45,4,0.8884058883682066,0.9694015026406426
v10,feat_gbm,4.0,45,5,-1.6522366050662436,-2.4693709778233526
v10,feat_gbm,4.0,45,6,0.0930560833926302,-0.2819211013310965
v10,feat_gbm,4.0,45,7,-0.013103827956651534,0.5289578846490461
v10,feat_gbm,4.0,45,8,0.3599605606650891,0.032863622186365654
v10,feat_gbm,4.0,45,9,0.5431209150015789,0.9352707853930591
v10,feat_gbm,4.0,45,10,-1.5065766934936207,-1.5987558134683666
v10,feat_gbm,4.0,45,11,-1.5115796212362778,-3.2678706438993954
v10,feat_gbm,4.0,45,12,-0.7141787671391013,-2.445380546146449
v10,feat_gbm,4.0,45,13,-0.6714513991605178,-0.4471217519653716
v10,feat_gbm,4.0,45,14,-1.676778947506039,-1.8343062920535937
v10,feat_gbm,4.0,45,15,-2.9347945422991484,-2.278287047942225
v10,feat_gbm,4.0,45,16,-1.5533724959190933,-1.113015507562239
v10,feat_gbm,4.0,45,17,0.13461043935818834,-1.149386040828735
v10,feat_gbm,4.0,45,18,-1.2419864618785412,-0.4541092694382234
v10,feat_gbm,4.0,45,19,-1.7431937277913674,-2.8798658660471284
v10,feat_gbm,4.0,45,20,-2.6875010004639925,-3.281006200299989
v10,feat_gbm,4.0,45,21,-0.4570526592067847,-0.7889402030111288
v10,feat_gbm,4.0,45,22,-1.7441656630172933,-0.48114593055133975
v10,feat_gbm,4.0,45,23,-1.95030142574025,-2.8038114998165153
v10,feat_gbm,4.0,45,24,-2.1804929454630413,-2.6726430450531393
v10,feat_gbm,4.0,45,25,-2.375722110646782,-3.141178249464176
v10,feat_gbm,4.0,45,26,-2.8847586322151813,-3.8612362310489847
v10,feat_gbm,4.0,45,27,-2.3323151536810847,-3.085821277369337
v10,feat_gbm,4.0,45,28,-1.0240427636169076,-2.1153791712035637
v10,feat_gbm,4.0,45,29,-1.8839453356981204,-0.5854112868629942
v10,feat_gbm,4.0,45,30,-0.29364321949287575,0.13849791927417068
v10,feat_gbm,4.0,45,31,-3.418718583861856,-2.779654184179668
v10,feat_gbm,4.0,45,32,0.7237353000505397,0.9166392391011026
v10,feat_gbm,4.0,45,33,-1.2458360544174,-2.134444297962007
v10,feat_gbm,4.0,45,34,0.18327612158211168,1.1224191581864646
v10,feat_gbm,4.0,45,35,-1.3267881613536616,-2.7514680837461087
v10,feat_gbm,4.0,45,36,-0.8279083232211525,0.7493710802437775
v10,feat_gbm,4.0,45,37,-1.8555634974779887,-2.157600461660938
v10,feat_gbm,4.0,45,38,-3.243876229638503,-1.7436371170468024
v10,feat_gbm,4.0,45,39,0.2912798886833512,0.632388610685479
v10,feat_gbm,4.0,45,40,-1.8729617575709603,-1.5024753827969588
v10,feat_gbm,4.0,45,41,-2.306841198229859,-2.936018587066778
v10,feat_gbm,4.0,45,42,-0.3738073539147703,-0.06406961406287034
v10,feat_gbm,4.0,45,43,-0.30406729139537375,-0.43711075337934485
v10,feat_gbm,4.0,45,44,-0.9619256805848497,0.521724778538647
v10,feat_gbm,4.0,45,45,0.40164756999632867,-0.02881562555915001
v10,feat_gbm,4.0,45,46,-2.965464804029927,-2.6856700943784895
v10,feat_gbm,4.0,45,47,-2.939875819748134,-3.3419513202228783
v10,feat_gbm,4.0,45,48,-0.18964588709382277,-0.35240032436669677
v10,feat_gbm,4.0,45,49,-2.4792901399653,-4.466027560457086
v10,feat_gbm,4.0,45,50,-0.9017926432370558,-1.2227887404747313
v10,feat_gbm,4.0,45,51,-2.287125121058588,-4.168130875201601
v10,feat_gbm,4.0,45,52,-3.032701717386932,-2.1825653069440887
v10,feat_gbm,4.0,45,53,-1.6508496091144196,-2.816977102698189
v10,feat_gbm,4.0,45,54,-0.7708186270981706,-0.9520374156321785
v10,feat_gbm,4.0,45,55,0.8800640487798206,0.800460094219776
v10,feat_gbm,4.0,45,56,0.22828968859292606,0.2782562560211116
v10,feat_gbm,4.0,45,57,-0.036667086530870516,-0.7855200046266205
v10,feat_gbm,4.0,45,58,-2.3779876991720217,-2.837973637743256
v10,feat_gbm,4.0,45,59,-2.099905809922769,0.3653424354755994
v10,feat_gbm,4.0,45,60,-1.6778829587603554,-3.145987746693799
v10,feat_gbm,4.0,45,61,-0.5374629385896474,-2.1381844357326614
v10,feat_gbm,4.0,45,62,-0.8127408363284374,0.3908315550690521
v10,feat_gbm,4.0,45,63,-2.7129120324046103,-3.259739876316779
v10,feat_gbm,4.0,45,64,-2.43276135571796,-3.799325775609258
v10,feat_gbm,4.0,45,65,-1.1427621211571763,0.2842997557356093
v10,feat_gbm,4.0,45,66,0.145125068757507,0.9099380077885143
v10,feat_gbm,4.0,45,67,0.04071815640190384,0.5741223235018287
v10,feat_gbm,4.0,45,68,0.6983956699223827,1.3807263582335993
v10,feat_gbm,4.0,45,69,-0.19573091348855848,2.7357387204405055
v10,feat_gbm,4.0,45,70,-0.04091399524473763,-0.3782017485149665
v10,feat_gbm,4.0,45,71,-0.1178002229920172,-0.6946521973220513
v10,feat_gbm,4.0,45,72,-2.6805117755517647,-3.510295151868067
v10,feat_gbm,4.0,45,73,0.024297728640806416,-0.3643686170400702
v10,feat_gbm,4.0,45,74,1.271692444525855,1.1835884152793859
v10,feat_gbm,4.0,45,75,-0.20866059694062827,-0.38644824542838596
v10,feat_gbm,4.0,45,76,-0.48824950738621115,0.7005004452467647
v10,feat_gbm,4.0,45,77,-2.273405755420663,0.3770911051312199
v10,feat_gbm,4.0,45,78,-0.02783747265216856,-0.5374783823521183
v10,feat_gbm,4.0,45,79,-2.1736330999437246,-3.2499450611549854
v10,feat_gbm,4.0,45,80,-2.142383074604052,-1.719925172279684
v10,feat_gbm,4.0,45,81,-0.004801866848303051,1.8185710395242058
v10,feat_gbm,4.0,45,82,-1.719161986095541,-1.0758778979961314
v10,feat_gbm,4.0,45,83,0.32664058118924544,-0.8033140510569362
v10,feat_gbm,4.0,45,84,-1.68206664904456,-2.0837035815006346
v10,feat_gbm,4.0,45,85,-1.3441721031673768,-1.2430797823904942
v10,feat_gbm,4.0,45,86,0.3276289630923473,0.639317965424242
v10,feat_gbm,4.0,45,87,-0.8932142025984757,-0.02321591952008587
v10,feat_gbm,4.0,45,88,-1.7101983123081865,-3.512086916650174
v10,feat_gbm,4.0,45,89,-0.497858946244811,-1.684363733317816
v10,feat_gbm,4.0,45,90,-3.5792663899535127,-3.5341996208099964
v10,feat_gbm,4.0,45,91,0.3650746612113599,1.1574629997660548
v10,feat_gbm,4.0,45,92,-1.074892980321362,-0.7651863719989663
v10,feat_gbm,4.0,45,93,-2.8979382004085523,-5.7708125015304885
v10,feat_gbm,4.0,45,94,-0.11271927845943562,0.07374698385127064
v10,feat_gbm,4.0,45,95,-1.1846943374955163,1.201566413592891
v10,feat_gbm,4.0,45,96,-0.1022516814349298,1.2655480006709303
v10,feat_gbm,4.0,45,97,-3.295265003812515,-3.2217777708537843
v10,feat_gbm,4.0,45,98,-2.8183872019366407,-1.2120387208328698
v10,feat_gbm,4.0,45,99,-0.1799389815017082,-0.04015373686183237
v10,feat_gbm,4.0,45,100,-2.195898482006754,-2.8384481914339785
v10,feat_gbm,4.0,45,101,-2.519595994988963,-3.541068619782685
v10,feat_gbm,4.0,45,102,-3.3821721362803268,-4.424727465058162
v10,feat_gbm,4.0,45,103,-1.363862144020137,-0.7652009130347144
v10,feat_gbm,4.0,45,104,-2.2393116026245474,-0.406664655497914
v10,feat_gbm,4.0,45,105,-1.587651548622566,-2.8019031633754246
v10,feat_gbm,4.0,45,106,-1.4426974968593589,-1.1978192780958505
v10,feat_gbm,4.0,45,107,-1.4844745419665963,-1.2497822804421463
v10,feat_gbm,4.0,45,108,0.06810745284333901,-0.2003702404752673
v10,feat_gbm,4.0,45,109,-1.2049717525662083,-0.28745536208379296
v10,feat_gbm,4.0,45,110,-0.08598281892737064,0.2838469771831524
v10,feat_gbm,4.0,45,111,-0.17291322988486546,0.6579850926301614
v10,feat_gbm,4.0,45,112,0.07852879641228633,-0.4279263804064609
v10,feat_gbm,4.0,45,113,-1.550078709875532,0.527327823801956
v10,feat_gbm,4.0,45,114,-3.592014398308171,-3.652947895428966
v10,feat_gbm,4.0,45,115,-2.2312384760635773,-0.04287987221360797
v10,feat_gbm,4.0,45,116,-3.05631308281598,-3.4409421360670214
v10,feat_gbm,4.0,45,117,-2.2490827168478886,-2.4284095097884006
v10,feat_gbm,4.0,45,118,-2.2160981268643525,-1.419217075367618
v10,feat_gbm,4.0,45,119,-2.5620350493703636,-1.4944271796191557
v10,feat_gbm,4.0,45,120,-2.543490890163638,-2.797137626437216
v10,feat_gbm,4.0,45,121,0.658154860116166,3.1321125804877905
v10,feat_gbm,4.0,45,122,-2.475170698073146,-3.164895556438051
v10,feat_gbm,4.0,45,123,0.16658202290125973,-0.021234684620174846
v10,feat_gbm,4.0,45,124,-0.2918143058978693,-1.246001114532972
v10,feat_gbm,4.0,45,125,-3.213976452637204,-2.7130193085566443
v10,feat_gbm,4.0,45,126,-1.795083537141035,-2.0560780011130944
v10,feat_gbm,4.0,45,127,-1.351797352349621,-1.631222331554067
v10,feat_gbm,4.0,45,128,-1.733251318795452,-3.477307725783656
v10,feat_gbm,4.0,45,129,0.7119587178057883,1.7007542891568868
v10,feat_gbm,4.0,45,130,-2.0605228364974844,-3.4021624962570822
v10,feat_gbm,4.0,45,131,-2.8696723090612943,-3.701149444421242
v10,feat_gbm,4.0,45,132,0.13739537048390188,-0.4116741376471012
v10,feat_gbm,4.0,45,133,-0.1279494327652314,-0.5680375850475197
v10,feat_gbm,4.0,45,134,-1.579320495815064,-1.4788189923590598
v10,feat_gbm,4.0,45,135,-1.0218812166561144,-2.9896549957503007
v10,feat_gbm,4.0,45,136,0.04408500787483406,0.11194117436713467
v10,feat_gbm,4.0,45,137,0.5257714511040258,1.7147062893715772
v10,feat_gbm,4.0,45,138,-2.781647485701386,-1.9709125209383296
v10,feat_gbm,4.0,45,139,-0.31444604854493613,0.19937477723826902
v10,feat_gbm,4.0,45,140,-2.3181947140980754,-2.8223726616431475
v10,feat_gbm,4.0,45,141,-0.2912167127667474,-0.12380828599000025
v10,feat_gbm,4.0,45,142,-1.7028414204612852,-2.97521232911642
v10,feat_gbm,4.0,45,143,-2.0432596232941687,-1.9484557479617686
v10,feat_gbm,4.0,45,144,0.8847056090116489,1.244093655886106
v10,feat_gbm,4.0,45,145,-3.169161737237702,-2.0280859266176816
v10,feat_gbm,4.0,45,146,-1.3690375023464587,-2.0754073031653366
v10,feat_gbm,4.0,45,147,0.016158721567599767,-0.11331641159387335
v10,feat_gbm,4.0,45,148,-1.7073752919799998,-2.620298039600635
v10,feat_gbm,4.0,45,149,-3.143343848721547,-3.8395532227602396
v10,feat_gbm,4.0,45,150,-0.9837317895625496,-2.149698272240366
v10,feat_gbm,4.0,45,151,-2.1779255322769653,-3.1594376779318036
v10,feat_gbm,4.0,45,152,-1.3449765234052846,-2.7712141114581046
v10,feat_gbm,4.0,45,153,-0.538770621688873,-1.1483368403810985
v10,feat_gbm,4.0,45,154,-0.270435710184447,-1.4700676700115773
v10,feat_gbm,4.0,45,155,1.3151193867279092,1.4088416749712322
v10,feat_gbm,4.0,45,156,-0.17136250456350283,0.7564704220494097
v10,feat_gbm,4.0,45,157,-2.3164465443464013,-1.7148995557963913
v10,feat_gbm,4.0,45,158,-1.788716837867957,-2.8595355115547196
v10,feat_gbm,4.0,45,159,-1.8889972364528418,-0.9922400520728849
v10,feat_gbm,4.0,45,160,1.022825113608,1.8585227307534937
v10,feat_gbm,4.0,45,161,-2.2128699778880567,-2.477654537850602
v10,feat_gbm,4.0,45,162,-0.43300316434609665,-2.993764039868935
v10,feat_gbm,4.0,45,163,-0.7240792392301936,-1.1722671160336509
v10,feat_gbm,4.0,45,164,-1.7289949399353175,-1.6577576086204497
v10,feat_gbm,4.0,45,165,-2.567044654618628,-2.9770186999323642
v10,feat_gbm,4.0,45,166,-3.0697975111235576,-3.2329952824425443
v10,feat_gbm,4.0,45,167,-0.5919619815549033,0.19550508612775644
v10,feat_gbm,4.0,45,168,-0.5843909517450196,-1.2639642813248737
v10,feat_gbm,4.0,45,169,-1.4645692629669491,1.4224064134580066
v10,feat_gbm,4.0,45,170,-2.1608971486631714,-1.5303724784706008
v10,feat_gbm,4.0,45,171,0.48327021373699436,0.6086346650572224
v10,feat_gbm,4.0,45,172,0.17687092438139787,-0.052232489626048526
v10,feat_gbm,4.0,45,173,-2.058057066262679,-0.19074605880313256
v10,feat_gbm,4.0,45,174,-2.2433555228881925,-2.7678232596734214
v10,feat_gbm,4.0,45,175,-2.1828242413561707,-1.6557092188829319
v10,feat_gbm,4.0,45,176,0.14977097339085998,0.12081831439914445
v10,feat_gbm,4.0,45,177,-0.7009898297534908,3.7031714993021168
v10,feat_gbm,4.0,45,178,0.25398229403321415,-0.17761292562564054
v10,feat_gbm,4.0,45,179,0.1601340408938061,0.2295122735959306
v10,feat_gbm,4.0,45,180,-1.4202806010701572,-1.6401012725318311
v10,feat_gbm,4.0,45,181,-3.267544149914948,-3.399461101549646
v10,feat_gbm,4.0,45,182,0.17052080409506684,0.5421608664871393
v10,feat_gbm,4.0,45,183,-3.255809090281743,-3.7858185839721776
v10,feat_gbm,4.0,45,184,-0.01063814360684761,0.4440956773301304
v10,feat_gbm,4.0,45,185,-0.5889404147394175,0.5450962365111649
v10,feat_gbm,4.0,45,186,-2.485287864884658,-3.094441269353033
v10,feat_gbm,4.0,45,187,-0.4740753629978769,1.436275522654785
v10,feat_gbm,4.0,45,188,-0.7314908791485017,-0.003208414280501246
v10,feat_gbm,4.0,45,189,-1.6354666596931524,-2.0766448721687736
v10,feat_gbm,4.0,45,190,-2.5123531670286012,-2.887011097372245
v10,feat_gbm,4.0,45,191,0.040473433488615075,-0.19564387773269687
v10,feat_gbm,4.0,45,192,-2.381523886663938,-3.39219136175158
v10,feat_gbm,4.0,45,193,-3.114084520033528,-4.804455114758695
v10,feat_gbm,4.0,45,194,-1.7296682589859118,-0.23230879418151415
v10,feat_gbm,4.0,45,195,1.2180425033332694,0.7768952289284052
v10,feat_gbm,4.0,45,196,-2.3169530080708918,-3.0758975731441707
v10,feat_gbm,4.0,45,197,1.0712419754763718,1.8852948766094535
v10,feat_gbm,4.0,45,198,-0.10317004529663353,-0.07474663349946693
v10,feat_gbm,4.0,45,199,0.7756421143559251,0.9295509098669842
v10,feat_gbm,4.0,45,200,-0.04976429717717305,0.40408761039079466
v10,feat_gbm,4.0,45,201,-0.9437366368490521,-1.0185563947000995
v10,feat_gbm,4.0,45,202,-1.1856420895897257,-1.5812541435625456
v10,feat_gbm,4.0,45,203,-1.0502826734772743,-2.9269603411540346
v10,feat_gbm,4.0,45,204,-0.04098655531264664,-0.9368237022381455
v10,feat_gbm,4.0,45,205,-1.3053245375237281,-0.771906247259438
v10,feat_gbm,4.0,45,206,-1.868466523376078,-1.4457766532498904
v10,feat_gbm,4.0,45,207,-1.0254936262405596,-2.4752738768021185
v10,feat_gbm,4.0,45,208,-2.21269937178133,-2.8789590131308262
v10,feat_gbm,4.0,45,209,-1.395064973621078,-2.6986856152036793
v10,feat_gbm,4.0,45,210,-0.057908208445834865,0.05837096406180189
v10,feat_gbm,4.0,45,211,-2.4643954207053325,-2.2327070274631113
v10,feat_gbm,4.0,45,212,-0.3306845952215664,0.15758807445032513
v10,feat_gbm,4.0,45,213,0.3617073636401779,0.5234750924970406
v10,feat_gbm,4.0,45,214,0.4091710632876731,0.8312555987922697
v10,feat_gbm,4.0,45,215,-1.243659497797193,-0.7699972654610447
v10,feat_gbm,4.0,45,216,-2.4763684927760097,-2.4368834827463726
v10,feat_gbm,4.0,45,217,-2.2852432704309042,-3.7421886443248944
v10,feat_gbm,4.0,45,218,-2.0635884088408862,-4.3753265313120195
v10,feat_gbm,4.0,45,219,0.2486184628296832,0.13181597567614448
v10,feat_gbm,4.0,45,220,-2.221716652801643,-2.150299196146146
v10,feat_gbm,4.0,45,221,-0.4865201013915029,0.4316281043505307
v10,feat_gbm,4.0,45,222,0.2904990767474745,0.20581216265343685
v10,feat_gbm,4.0,45,223,-3.1199378832292384,-1.7226779576420432
v10,feat_gbm,4.0,45,224,0.18812162658324016,1.0701061526100661
v10,feat_gbm,4.0,45,225,0.078549247716728,-2.995983076644188
v10,feat_gbm,4.0,45,226,0.056671627112888937,-0.39103048890459524
v10,feat_gbm,4.0,45,227,-1.559321246365398,-2.811377433191803
v10,feat_gbm,4.0,45,228,-0.11266802555474038,0.1103569248772952
v10,feat_gbm,4.0,45,229,0.566483341011508,1.0926797996732165
v10,feat_gbm,4.0,45,230,-1.6504712098165848,-1.1465469989616057
v10,feat_gbm,4.0,45,231,-4.142007405031426,-3.7045714701961474
v10,feat_gbm,4.0,45,232,-0.3748919245707925,-0.3205795311611984
v10,feat_gbm,4.0,45,233,0.3713444814817555,-0.7282288274356463
v10,feat_gbm,4.0,45,234,0.48702790667660023,-0.6143938277881194
v10,feat_gbm,4.0,45,235,-2.336147341285019,-3.717493513170671
v10,feat_gbm,4.0,45,236,-1.7512581708521704,-1.894186438607053
v10,feat_gbm,4.0,45,237,-0.17991852037674483,0.19101892391720615
v10,feat_gbm,4.0,45,238,-1.0440921988108605,-2.723653519266766
v10,feat_gbm,4.0,45,239,0.13690238899320611,0.28172679866345784
v10,feat_gbm,4.0,45,240,-1.2062600540682646,-0.570916259780521
v10,feat_gbm,4.0,45,241,-1.7506537338226509,-3.037607674189957
v10,feat_gbm,4.0,45,242,-2.4619965056206463,-2.4824067099880884
v10,feat_gbm,4.0,45,243,0.018443451536663758,1.793244191067856
v10,feat_gbm,4.0,45,244,-2.2351795556352307,-2.170563194223024
v10,feat_gbm,4.0,45,245,-1.9651982422067342,-2.5580286375581696
v10,feat_gbm,4.0,45,246,-2.8342882404859626,-3.9013363177662743
v10,feat_gbm,4.0,45,247,-1.5507972699628756,-1.2689211715035387
v10,feat_gbm,4.0,45,248,-2.037081901336451,-2.89795980370705
v10,feat_gbm,4.0,45,249,0.05950553335856551,-1.149470325468549
v10,feat_gbm,4.0,45,250,-2.810139455857818,-2.1803876537888693
v10,feat_gbm,4.0,45,251,-2.543683248820089,-1.2010659028736028
v10,feat_gbm,4.0,45,252,-2.459848721444011,-2.675840590612525
v10,feat_gbm,4.0,45,253,-1.5935769185390074,-0.865421424414132
v10,feat_gbm,4.0,45,254,-0.2937782027588446,-0.45089388998719687
v10,feat_gbm,4.0,45,255,-1.0479425780054399,-1.477655138121315
v10,feat_gbm,4.0,45,256,-1.2223338756714226,-1.9234128661936198
v10,feat_gbm,4.0,45,257,-1.167675597692935,-0.8895479413744646
v10,feat_gbm,4.0,45,258,-0.7435904463676287,-1.284701881398344
v10,feat_gbm,4.0,45,259,-0.0771890815060742,0.03791276039075724
v10,feat_gbm,4.0,45,260,-0.05556038548171802,-1.213907680807544
v10,feat_gbm,4.0,45,261,-0.2432131193024201,-0.6937064881158975
v10,feat_gbm,4.0,45,262,-2.875349792016415,-2.500344974429108
v10,feat_gbm,4.0,45,263,-2.9613328470756706,-3.0782877743164985
v10,feat_gbm,4.0,45,264,-3.080345883252826,-3.2702790535172426
v10,feat_gbm,4.0,45,265,-0.22675078337326163,-0.15746453031192983
v10,feat_gbm,4.0,45,266,-1.4529033794287225,-1.3930653126164372
v10,feat_gbm,4.0,45,267,-4.183640432314583,-3.460520174484755
v10,feat_gbm,4.0,45,268,-1.9791931639503855,-1.8115923421665279
v10,feat_gbm,4.0,45,269,0.6046486147663872,-0.04785951915829837
v10,feat_gbm,4.0,45,270,-2.3492993909286186,-1.3387838926701625
v10,feat_gbm,4.0,45,271,0.4268350661982554,0.6172482925771328
v10,feat_gbm,4.0,45,272,-0.7003142810120712,0.10718580269537517
v10,feat_gbm,4.0,45,273,-0.917865985246674,-2.4250613993713395
v10,feat_gbm,4.0,45,274,-3.1122541786467455,-0.4656136934058211
v10,feat_gbm,4.0,45,275,-2.2650917539377375,-1.7679071058666047
v10,feat_gbm,4.0,45,276,-0.4349505167115256,-0.15192249005847586
v10,feat_gbm,4.0,45,277,-0.6273567841433099,-0.22686658439221394
v10,feat_gbm,4.0,45,278,-2.588864463161499,-0.3963273628232521
v10,feat_gbm,4.0,45,279,-2.515609249362639,-2.1916982233579314
v10,feat_gbm,4.0,45,280,-1.052312571265529,0.5138857123822332
v10,feat_gbm,4.0,45,281,-1.9084838345412103,0.13501120436460418
v10,feat_gbm,4.0,45,282,0.11475800956347162,-0.35232291748203215
v10,feat_gbm,4.0,45,283,-0.03717739550150096,0.33710059568630363
v10,feat_gbm,4.0,45,284,0.43176121592601924,2.2269494594330284
v10,feat_gbm,4.0,45,285,-1.0510882753914264,-0.8523290277873723
v10,feat_gbm,4.0,45,286,-0.09748114090724523,0.5032694866056324
v10,feat_gbm,4.0,45,287,-3.731089284030567,-3.0734310124071125
v10,feat_gbm,4.0,45,288,-2.5407897112458717,-3.0969464995649485
v10,feat_gbm,4.0,45,289,-0.1009268009450063,0.8088909840914691
v10,feat_gbm,4.0,45,290,-3.0297534416665606,-1.710735902712342
v10,feat_gbm,4.0,45,291,-0.3928363484458188,-0.24588513525180683
v10,feat_gbm,4.0,45,292,-1.9177954016499001,-2.9910915714149957
v10,feat_gbm,4.0,45,293,-0.10608474486795053,0.24397961438558982
v10,feat_gbm,4.0,45,294,-0.07261598506861477,0.9827222917401395
v10,feat_gbm,4.0,45,295,0.258535307027478,1.5399914318848642
v10,feat_gbm,4.0,45,296,-2.4013760626973126,-3.028104854063688
v10,feat_gbm,4.0,45,297,-1.8220720068754728,-1.9675880903276046
v10,feat_gbm,4.0,45,298,0.14278362586169294,0.3882116190950413
v10,feat_gbm,4.0,45,299,-2.0490252946366825,-0.4169590587595381
v10,feat_gbm,4.0,45,300,-0.885011570097846,-0.47104701624968015
v10,feat_gbm,4.0,45,301,-0.7953524454089814,-0.5788171023402015
v10,feat_gbm,4.0,45,302,-3.4963066866678307,-3.325334912618423
v10,feat_gbm,4.0,45,303,-0.21237485291144226,0.27214776974989446
v10,feat_gbm,4.0,45,304,-0.09704980216162468,0.2838761456734127
v10,feat_gbm,4.0,45,305,0.4563962846640329,0.98356576927226
v10,feat_gbm,4.0,45,306,-1.2907431881703264,-2.324804251846344
v10,feat_gbm,4.0,45,307,0.15759802071938872,-0.30060412365222405
v10,feat_gbm,4.0,45,308,-3.040774690649723,-3.5706943269006843
v10,feat_gbm,4.0,45,309,-0.9484522762446846,0.7657986236992217
v10,feat_gbm,4.0,45,310,-1.3724509923710666,-0.3760212383278314
v10,feat_gbm,4.0,45,311,0.8736812289663701,0.903367601886353
v10,feat_gbm,4.0,45,312,0.3159048987930889,0.2834145554969618
v10,feat_gbm,4.0,45,313,-0.30707250372669603,-0.8750381269167363
v10,feat_gbm,4.0,45,314,-3.0566273235132293,-0.8911054934067958
v10,feat_gbm,4.0,45,315,0.1445790693607027,0.2699623908229132
v10,feat_gbm,4.0,45,316,-2.538720867457958,-4.034449774534175
v10,feat_gbm,4.0,45,317,0.03214448535909767,0.7302045063515665
v10,feat_gbm,4.0,45,318,-2.4282884861248744,-2.5264159394565007
v10,feat_gbm,4.0,45,319,-2.593364158849692,-3.1280680478747835
v10,feat_gbm,4.0,45,320,0.11064711101487064,-0.623194388118803
v10,feat_gbm,4.0,45,321,-2.84426895060235,-4.172922463867305
v10,feat_gbm,4.0,45,322,0.539347238297919,1.0714029341973417
v10,feat_gbm,4.0,45,323,-2.251930460878986,-2.5538050374755565
v10,feat_gbm,4.0,45,324,-1.4324289792611216,-1.5310020975326282
v10,feat_gbm,4.0,45,325,0.09061953608320826,-0.735749980772127
v10,feat_gbm,4.0,45,326,-1.5694855104039682,-0.5010306012352705
v10,feat_gbm,4.0,45,327,-3.537459758437189,-4.393123087746285
v10,feat_gbm,4.0,45,328,-0.9603186911792096,0.6439364857563509
v10,feat_gbm,4.0,45,329,-2.0298971219631374,-2.60760252445046
v10,feat_gbm,4.0,45,330,0.13858730910130068,0.46983427811083467
v10,feat_gbm,4.0,45,331,-0.10482558398728713,-1.149354435920189
v10,feat_gbm,4.0,45,332,-2.061480010396828,-1.0961264399974935
v10,feat_gbm,4.0,45,333,0.5408417577884564,1.4253561556633074
v10,feat_gbm,4.0,45,334,0.8141247294412829,1.0406546288822482
v10,feat_gbm,4.0,45,335,-0.5402642238748545,-0.1286217558512718
v10,feat_gbm,4.0,45,336,-1.5258422324871854,-1.7275974260064488
v10,feat_gbm,4.0,45,337,-1.9900470350996757,-4.535227665039715
v10,feat_gbm,4.0,45,338,-0.09405316191868845,-1.078833843619319
v10,feat_gbm,4.0,45,339,-1.334655091411008,-2.035297396751524
v10,feat_gbm,4.0,45,340,0.012915185932177208,0.4788286932125707
v10,feat_gbm,4.0,45,341,-1.0432806641854988,-0.4595082096564039
v10,feat_gbm,4.0,45,342,-2.760440070768311,-3.653430804591794
v10,feat_gbm,4.0,45,343,0.7100690354763844,0.2834522663037432
v10,feat_gbm,4.0,45,344,0.09176192461680742,-0.15984972455285287
v10,feat_gbm,4.0,45,345,-2.937631029250158,-3.8822970119574354
v10,feat_gbm,4.0,45,346,-1.8647936828630747,-2.5801989990218064
v10,feat_gbm,4.0,45,347,-3.486045409835779,-3.2622630695286134
v10,feat_gbm,4.0,45,348,-1.6266148716990576,-0.4894561152880944
v10,feat_gbm,4.0,45,349,-2.736540704862567,-3.0223552414624764
v10,feat_gbm,4.0,45,350,0.2614600766092999,0.4215072765335228
v10,feat_gbm,4.0,45,351,-2.8707890922462993,-1.8152752103400673
v10,feat_gbm,4.0,45,352,0.5193116439200182,1.102263670511441
v10,feat_gbm,4.0,45,353,0.6189224003204404,1.4454852001466738
v10,feat_gbm,4.0,45,354,-2.818502012084114,-3.6770060333191017
v10,feat_gbm,4.0,45,355,-2.0230699871554205,-5.078652858832153
v10,feat_gbm,4.0,45,356,0.13002930312874209,0.7815322159665122
v10,feat_gbm,4.0,45,357,0.19648153466000348,0.6775133790495483
v10,feat_gbm,4.0,45,358,-2.445147411373786,-3.5163570325540956
v10,feat_gbm,4.0,45,359,-2.772779067784536,-4.157760523739404
v10,feat_gbm,4.0,45,360,-1.006926741821705,-0.18386357284099003
v10,feat_gbm,4.0,45,361,-2.7774795340194163,-4.477383009144865
v10,feat_gbm,4.0,45,362,-0.42082520745601687,0.2909126951240761
v10,feat_gbm,4.0,45,363,-2.198941560264188,-3.5121531596302606
v10,feat_gbm,4.0,45,364,-0.19416669353014884,-0.0019354464452207268
v10,feat_gbm,4.0,45,365,-2.622777168677048,-3.264666087597375
v10,feat_gbm,4.0,45,366,-1.9710030748754974,-1.4961090632143375
v10,feat_gbm,4.0,45,367,-0.8809387472127855,-0.10305907560987346
v10,feat_gbm,4.0,45,368,-1.0860669611998863,0.24601275195113992
v10,feat_gbm,4.0,45,369,-3.129900221146947,-1.6400355118163064
v10,feat_gbm,4.0,45,370,-0.7257621435755702,-1.5399226532969161
v10,feat_gbm,4.0,45,371,-0.6659871360249722,-0.3336387161155974
v10,feat_gbm,4.0,45,372,-0.7188268134015525,0.3185760540422761
v10,feat_gbm,4.0,45,373,-0.515530100953764,-0.30756424411789
v10,feat_gbm,4.0,45,374,-3.5210600804634247,-3.551435429619069
v10,feat_gbm,4.0,45,375,0.565868221499584,-0.12846918127015178
v10,feat_gbm,4.0,45,376,0.0876648792458646,0.43413099611324796
v10,feat_gbm,4.0,45,377,0.06407991954252107,0.8095384731463161
v10,feat_gbm,4.0,45,378,0.4615639652622088,0.20303525329731625
v10,feat_gbm,4.0,45,379,0.14971900509125352,0.524784145223057
v10,feat_gbm,4.0,45,380,-0.06289415270471813,0.8722609808312535
v10,feat_gbm,4.0,45,381,0.3583233929712738,1.0190202163897197
v10,feat_gbm,4.0,45,382,-0.3077866518699023,1.2715191268303472
v10,feat_gbm,4.0,45,383,-1.4437958819326344,-0.13923746667536385
v10,feat_gbm,4.0,45,384,-0.5148682668027772,-1.7983983483294153
v10,feat_gbm,4.0,45,385,-0.4905863331062234,0.5606037150840157
v10,feat_gbm,4.0,45,386,0.48630262129588425,0.6003456151224621
v10,feat_gbm,4.0,45,387,0.5400696135424026,1.3071718981356573
v10,feat_gbm,4.0,45,388,-0.8739299351304904,-0.19457283568776126
v10,feat_gbm,4.0,45,389,-1.6254035709222994,-0.981880356960367
v10,feat_gbm,4.0,45,390,-2.8023478109973814,-2.628024059072158
v10,feat_gbm,4.0,45,391,-2.8067215727628105,-2.479262758098376
v10,feat_gbm,4.0,45,392,-1.4390793806696467,-2.207941629114672
v10,feat_gbm,4.0,45,393,-2.423003606625164,-2.806586620215901
v10,feat_gbm,4.0,45,394,-1.8221906937588217,-0.16842623590390868
v10,feat_gbm,4.0,45,395,0.2951661002792493,0.3596423409999632
v10,feat_gbm,4.0,45,396,-1.3940044713826547,-3.117667066362407
v10,feat_gbm,4.0,45,397,0.4990479450937015,0.6134086288650079
v10,feat_gbm,4.0,45,398,0.3675947731301732,0.5049020087080688
v10,feat_gbm,4.0,45,399,-1.7108955472564567,-1.0548605918119196
v10,feat_gbm,4.0,45,400,-1.4990451698158964,-2.877676775828332
v10,feat_gbm,4.0,45,401,0.7296560761984207,0.015654415635624343
v10,feat_gbm,4.0,45,402,-0.017296998025037664,-0.7027824676465185
v10,feat_gbm,4.0,45,403,-0.2340910297625714,0.6733427913489138
v10,feat_gbm,4.0,45,404,-0.35131748745312724,0.03259550049258387
v10,feat_gbm,4.0,45,405,-3.045150162280992,-3.4179416205706223
v10,feat_gbm,4.0,45,406,-1.5906679086076603,-1.6563158072976616
v10,feat_gbm,4.0,45,407,-0.6138672788577952,0.3281041495218151
v10,feat_gbm,4.0,45,408,-1.9340915143719173,-1.498502430121411
v10,feat_gbm,4.0,45,409,-1.2201665416461596,-1.5390850133499359
v10,feat_gbm,4.0,45,410,-3.0021676813160965,-3.8769914364338094
v10,feat_gbm,4.0,45,411,0.35059864105923194,-1.1093409530974205
v10,feat_gbm,4.0,45,412,-1.329321589268832,-2.1356441225652167
v10,feat_gbm,4.0,45,413,0.07808684742620048,0.5613925387002681
v10,feat_gbm,4.0,45,414,-2.1989176241012958,-2.672303525149137
v10,feat_gbm,4.0,45,415,0.6095929524262566,0.9887747910888531
v10,feat_gbm,4.0,45,416,-1.702973387649324,-2.064740642123073
v10,feat_gbm,4.0,45,417,-1.7530924500055038,-0.13534283366780814
v10,feat_gbm,4.0,45,418,-0.02228405241898225,0.5266566940316069
v10,feat_gbm,4.0,45,419,1.1712756019478732,-0.7929716308762645
v10,feat_gbm,4.0,45,420,0.15622504705645313,0.22081989653443584
v10,feat_gbm,4.0,45,421,-3.7739109200719207,-3.4911396429773087
v10,feat_gbm,4.0,45,422,-0.12965922992881776,0.4691563032653497
v10,feat_gbm,4.0,45,423,0.030193191633801197,-0.21242164749251408
v10,feat_gbm,4.0,45,424,-2.597120112341965,-2.0235730224261497
v10,feat_gbm,4.0,45,425,-0.25788547479742574,0.1881042769243711
v10,feat_gbm,4.0,45,426,-0.9853967261300546,-0.7546830882020855
v10,feat_gbm,4.0,45,427,-1.548091394442335,-2.004418163271322
v10,feat_gbm,4.0,45,428,-0.09357988985129304,0.08108350485015015
v10,feat_gbm,4.0,45,429,-1.29062755145115,-0.8958783842144782
v10,feat_gbm,4.0,45,430,0.00024594245280623855,-0.700178367515834
v10,feat_gbm,4.0,45,431,-2.7556613095967917,-2.026447754843476
v10,feat_gbm,4.0,45,432,-1.9955629506257888,-3.3644112924118934
v10,feat_gbm,4.0,45,433,-1.1024654612436706,-2.4777804975332844
v10,feat_gbm,4.0,45,434,-2.8716197039505618,-3.6407879329147783
v10,feat_gbm,4.0,45,435,0.2007272425101447,0.8140524350977956
v10,feat_gbm,4.0,45,436,-0.09753481493079576,-0.6342245759550225
v10,feat_gbm,4.0,45,437,0.03205187915955272,-1.0170271575608654
v10,feat_gbm,4.0,45,438,0.13538460903317842,1.2058566336630974
v10,feat_gbm,4.0,45,439,0.9275477736996641,1.04159183954478
v10,feat_gbm,4.0,45,440,-0.9586483557867668,-0.383754051292973
v10,feat_gbm,4.0,45,441,0.4438666824437565,0.9717849563735496
v10,feat_gbm,4.0,45,442,0.37388909202922677,0.915394257773604
v10,feat_gbm,4.0,45,443,-0.027741015189022028,0.17619398118278368
v10,feat_gbm,4.0,45,444,-1.8641945149307368,-2.3026142847949007
v10,feat_gbm,4.0,45,445,-0.020607461288251715,-2.156995715227189
v10,feat_gbm,4.0,45,446,-1.9865333094335154,-1.9647154613855007
v10,feat_gbm,4.0,45,447,-1.353567218399719,-1.2167428909736953
v10,feat_gbm,4.0,45,448,-0.7658889694056521,0.371748058948411
v10,feat_gbm,4.0,45,449,-3.9290923238409574,-3.354914600670279
v10,feat_gbm,4.0,45,450,-2.995693556401343,-2.0984010901330774
v10,feat_gbm,4.0,45,451,-2.3748413612789983,-1.8411195968283314
v10,feat_gbm,4.0,45,452,0.33722487559499753,-0.2866386615093297
v10,feat_gbm,4.0,45,453,-1.1748408953192124,-2.1769502099219324
v10,feat_gbm,4.0,45,454,-0.2509247158635064,0.851829112076475
v10,feat_gbm,4.0,45,455,0.6922072193533786,-0.5174982843777256
v10,feat_gbm,4.0,45,456,-1.8664422613696388,-3.7883351795095335
v10,feat_gbm,4.0,45,457,-1.518371801825129,-1.3225504843777425
v10,feat_gbm,4.0,45,458,-0.2275879997065313,-0.6304710111145473
v10,feat_gbm,4.0,45,459,-3.0055840956833393,-2.867776928577639
v10,feat_gbm,4.0,45,460,0.1439183218869139,-0.20106453453544149
v10,feat_gbm,4.0,45,461,-0.08064309435148621,0.565413433251147
v10,feat_gbm,4.0,45,462,-0.6336581597053008,0.6531860801292728
v10,feat_gbm,4.0,45,463,-2.4742612316379473,-3.295531334571209
v10,feat_gbm,4.0,45,464,-1.342674716640066,-1.118951529136503
v10,feat_gbm,4.0,45,465,-0.6836987300915957,0.08535922256033004
v10,feat_gbm,4.0,45,466,1.1270109592592745,0.2656879386171551
v10,feat_gbm,4.0,45,467,-0.8228482720413827,-1.0764680911985907
v10,feat_gbm,4.0,45,468,0.2704156502624614,2.2503813782282114
v10,feat_gbm,4.0,45,469,-0.03560195731677582,-0.029700274932011248
v10,feat_gbm,4.0,45,470,-2.0524270378563507,-2.1918010579584375
v10,feat_gbm,4.0,45,471,-1.4432033369824946,-0.12537364897776127
v10,feat_gbm,4.0,45,472,-1.3528926166817017,-1.3714574409892777
v10,feat_gbm,4.0,45,473,-2.6188380367855535,-1.0216450817816245
v10,feat_gbm,4.0,45,474,-1.3012160849949743,-0.8313233833759152
v10,feat_gbm,4.0,45,475,-3.1534454938710175,-3.25243582884057
v10,feat_gbm,4.0,45,476,0.2277829071026308,0.8737365575305754
v10,feat_gbm,4.0,45,477,-2.0456835763181025,-1.8373017486027088
v10,feat_gbm,4.0,45,478,-1.41665194210517,-1.909749317133085
v10,feat_gbm,4.0,45,479,-2.075590442560052,0.418341725137149
v10,feat_gbm,4.0,45,480,-1.151613153881866,-2.8689304810445995
v10,feat_gbm,4.0,45,481,-2.489602054904235,-3.9192950012633494
v10,feat_gbm,4.0,45,482,0.5514021595422864,0.8191907452202399
v10,feat_gbm,4.0,45,483,-0.6160454990401175,-2.7371748494528005
v10,feat_gbm,4.0,45,484,-0.1528212590911899,0.043868991079412875
v10,feat_gbm,4.0,45,485,-1.9132576441859719,-3.9571024828402512
v10,feat_gbm,4.0,45,486,-2.439716269536899,-0.8286091055291892
v10,feat_gbm,4.0,45,487,0.7349545399043694,1.1086460137612473
v10,feat_gbm,4.0,45,488,-0.5863167358729638,-1.0899995989348372
v10,feat_gbm,4.0,45,489,-2.860062367109916,-2.9260181182274523
v10,feat_gbm,4.0,45,490,-2.8467211314297987,0.01778898425240747
v10,feat_gbm,4.0,45,491,-0.31828270824542093,-0.388546054063584
v10,feat_gbm,4.0,45,492,-0.7433637785775764,-0.8483910406321095
v10,feat_gbm,4.0,45,493,-2.8905648700488005,-2.4855190663855797
v10,feat_gbm,4.0,45,494,-0.04799531800229782,-0.6027729178489412
v10,feat_gbm,4.0,45,495,-0.9079190246265931,-1.5285925057254015
v10,feat_gbm,4.0,45,496,0.23397965374905014,1.0092174422839322
v10,feat_gbm,4.0,45,497,-3.105440061001627,-2.421052301727873
v10,feat_gbm,4.0,45,498,-2.8972019267419937,-3.2283141264699093
v10,feat_gbm,4.0,45,499,-2.8385608812494705,-4.907212199848568
v10,feat_gbm,4.0,46,0,-0.155562649985998,0.03894909458183669
v10,feat_gbm,4.0,46,1,-1.908288743223039,-2.5052564746229193
v10,feat_gbm,4.0,46,2,-0.14399275122955874,0.6287827851917782
v10,feat_gbm,4.0,46,3,-2.855295289743881,-3.3447289283878643
v10,feat_gbm,4.0,46,4,1.1011896280757918,0.9694015026406426
v10,feat_gbm,4.0,46,5,-1.7712673589793118,-2.4693709778233526
v10,feat_gbm,4.0,46,6,-0.0556384181148307,-0.2819211013310965
v10,feat_gbm,4.0,46,7,0.35954002145540886,0.5289578846490461
v10,feat_gbm,4.0,46,8,0.24746119078386036,0.032863622186365654
v10,feat_gbm,4.0,46,9,0.3959082562582787,0.9352707853930591
v10,feat_gbm,4.0,46,10,-1.5647654546974625,-1.5987558134683666
v10,feat_gbm,4.0,46,11,-1.4780035865451144,-3.2678706438993954
v10,feat_gbm,4.0,46,12,-0.6190019532501115,-2.445380546146449
v10,feat_gbm,4.0,46,13,-0.6042008435056969,-0.4471217519653716
v10,feat_gbm,4.0,46,14,-1.9086693650099995,-1.8343062920535937
v10,feat_gbm,4.0,46,15,-2.879236618007753,-2.278287047942225
v10,feat_gbm,4.0,46,16,-1.476003039088628,-1.113015507562239
v10,feat_gbm,4.0,46,17,0.1712417746272518,-1.149386040828735
v10,feat_gbm,4.0,46,18,-1.4250820000118813,-0.4541092694382234
v10,feat_gbm,4.0,46,19,-1.7824577601511016,-2.8798658660471284
v10,feat_gbm,4.0,46,20,-2.288088170058971,-3.281006200299989
v10,feat_gbm,4.0,46,21,-0.5206437980417418,-0.7889402030111288
v10,feat_gbm,4.0,46,22,-1.9275289124752855,-0.48114593055133975
v10,feat_gbm,4.0,46,23,-1.7325971104446753,-2.8038114998165153
v10,feat_gbm,4.0,46,24,-2.001211222521701,-2.6726430450531393
v10,feat_gbm,4.0,46,25,-2.761377301920838,-3.141178249464176
v10,feat_gbm,4.0,46,26,-2.90578524127872,-3.8612362310489847
v10,feat_gbm,4.0,46,27,-2.07955987069468,-3.085821277369337
v10,feat_gbm,4.0,46,28,-0.8794919482805192,-2.1153791712035637
v10,feat_gbm,4.0,46,29,-1.296595517127415,-0.5854112868629942
v10,feat_gbm,4.0,46,30,-0.14979458583867564,0.13849791927417068
v10,feat_gbm,4.0,46,31,-3.4910307133551424,-2.779654184179668
v10,feat_gbm,4.0,46,32,0.5118932563149668,0.9166392391011026
v10,feat_gbm,4.0,46,33,-1.2282339502630533,-2.134444297962007
v10,feat_gbm,4.0,46,34,0.16655951323543963,1.1224191581864646
v10,feat_gbm,4.0,46,35,-1.3384188100577905,-2.7514680837461087
v10,feat_gbm,4.0,46,36,-0.2246185488703011,0.7493710802437775
v10,feat_gbm,4.0,46,37,-1.9086051968884998,-2.157600461660938
v10,feat_gbm,4.0,46,38,-3.687579025918762,-1.7436371170468024
v10,feat_gbm,4.0,46,39,0.3896067793856605,0.632388610685479
v10,feat_gbm,4.0,46,40,-1.9282836344679597,-1.5024753827969588
v10,feat_gbm,4.0,46,41,-2.1629390754057893,-2.936018587066778
v10,feat_gbm,4.0,46,42,-0.5653038557728918,-0.06406961406287034
v10,feat_gbm,4.0,46,43,-0.5312148595607492,-0.43711075337934485
v10,feat_gbm,4.0,46,44,-0.8381258342203792,0.521724778538647
v10,feat_gbm,4.0,46,45,0.5130380754810735,-0.02881562555915001
v10,feat_gbm,4.0,46,46,-2.9504166813095725,-2.6856700943784895
v10,feat_gbm,4.0,46,47,-2.783519870478598,-3.3419513202228783
v10,feat_gbm,4.0,46,48,-0.03572465192502625,-0.35240032436669677
v10,feat_gbm,4.0,46,49,-2.4404079160481884,-4.466027560457086
v10,feat_gbm,4.0,46,50,-0.9319321111472948,-1.2227887404747313
v10,feat_gbm,4.0,46,51,-2.251207406110686,-4.168130875201601
v10,feat_gbm,4.0,46,52,-3.014909863943336,-2.1825653069440887
v10,feat_gbm,4.0,46,53,-1.7746451304523707,-2.816977102698189
v10,feat_gbm,4.0,46,54,-0.8280061773220875,-0.9520374156321785
v10,feat_gbm,4.0,46,55,0.7841696404857407,0.800460094219776
v10,feat_gbm,4.0,46,56,0.243978233220443,0.2782562560211116
v10,feat_gbm,4.0,46,57,-0.05676129824741455,-0.7855200046266205
v10,feat_gbm,4.0,46,58,-2.2004894028766806,-2.837973637743256
v10,feat_gbm,4.0,46,59,-1.2358173873129392,0.3653424354755994
v10,feat_gbm,4.0,46,60,-1.6489859636118163,-3.145987746693799
v10,feat_gbm,4.0,46,61,-0.5590957554245207,-2.1381844357326614
v10,feat_gbm,4.0,46,62,-0.15673605697099627,0.3908315550690521
v10,feat_gbm,4.0,46,63,-2.89489207495858,-3.259739876316779
v10,feat_gbm,4.0,46,64,-2.704882159650773,-3.799325775609258
v10,feat_gbm,4.0,46,65,-0.7297290974889893,0.2842997557356093
v10,feat_gbm,4.0,46,66,0.03003608735533971,0.9099380077885143
v10,feat_gbm,4.0,46,67,0.4081084119594629,0.5741223235018287
v10,feat_gbm,4.0,46,68,0.7853970692278872,1.3807263582335993
v10,feat_gbm,4.0,46,69,-0.19659161912999237,2.7357387204405055
v10,feat_gbm,4.0,46,70,-0.07495813650991344,-0.3782017485149665
v10,feat_gbm,4.0,46,71,0.1744562477079365,-0.6946521973220513
v10,feat_gbm,4.0,46,72,-2.66699853633719,-3.510295151868067
v10,feat_gbm,4.0,46,73,-0.017142049890826884,-0.3643686170400702
v10,feat_gbm,4.0,46,74,1.094422335027428,1.1835884152793859
v10,feat_gbm,4.0,46,75,-0.07454114775020967,-0.38644824542838596
v10,feat_gbm,4.0,46,76,-0.7614655621523782,0.7005004452467647
v10,feat_gbm,4.0,46,77,-2.1730195777914503,0.3770911051312199
v10,feat_gbm,4.0,46,78,-0.13926820458762124,-0.5374783823521183
v10,feat_gbm,4.0,46,79,-1.8637781440783157,-3.2499450611549854
v10,feat_gbm,4.0,46,80,-2.2436942178404125,-1.719925172279684
v10,feat_gbm,4.0,46,81,0.33808139856071145,1.8185710395242058
v10,feat_gbm,4.0,46,82,-1.6484339971220792,-1.0758778979961314
v10,feat_gbm,4.0,46,83,0.5383707223500156,-0.8033140510569362
v10,feat_gbm,4.0,46,84,-1.3513134299981269,-2.0837035815006346
v10,feat_gbm,4.0,46,85,-1.3114922948990173,-1.2430797823904942
v10,feat_gbm,4.0,46,86,0.18497577411765456,0.639317965424242
v10,feat_gbm,4.0,46,87,-1.242471559354147,-0.02321591952008587
v10,feat_gbm,4.0,46,88,-1.8974367018968437,-3.512086916650174
v10,feat_gbm,4.0,46,89,-0.6128058374439449,-1.684363733317816
v10,feat_gbm,4.0,46,90,-3.8351641089065014,-3.5341996208099964
v10,feat_gbm,4.0,46,91,0.7152736606416418,1.1574629997660548
v10,feat_gbm,4.0,46,92,-1.0066817138274793,-0.7651863719989663
v10,feat_gbm,4.0,46,93,-2.926219288807303,-5.7708125015304885
v10,feat_gbm,4.0,46,94,0.4688603444448384,0.07374698385127064
v10,feat_gbm,4.0,46,95,-1.1309106936345743,1.201566413592891
v10,feat_gbm,4.0,46,96,0.006110808811283375,1.2655480006709303
v10,feat_gbm,4.0,46,97,-3.236682394206743,-3.2217777708537843
v10,feat_gbm,4.0,46,98,-2.540714013491028,-1.2120387208328698
v10,feat_gbm,4.0,46,99,-0.10761073792801791,-0.04015373686183237
v10,feat_gbm,4.0,46,100,-2.1325620744591833,-2.8384481914339785
v10,feat_gbm,4.0,46,101,-2.559643992162333,-3.541068619782685
v10,feat_gbm,4.0,46,102,-3.6767586334715108,-4.424727465058162
v10,feat_gbm,4.0,46,103,-1.3484465153404173,-0.7652009130347144
v10,feat_gbm,4.0,46,104,-2.230974153176261,-0.406664655497914
v10,feat_gbm,4.0,46,105,-1.6527507481029677,-2.8019031633754246
v10,feat_gbm,4.0,46,106,-1.2901098741521337,-1.1978192780958505
v10,feat_gbm,4.0,46,107,-1.4697316677974326,-1.2497822804421463
v10,feat_gbm,4.0,46,108,0.1276942122135055,-0.2003702404752673
v10,feat_gbm,4.0,46,109,-1.2888893751710913,-0.28745536208379296
v10,feat_gbm,4.0,46,110,-0.1283957364486533,0.2838469771831524
v10,feat_gbm,4.0,46,111,-0.19354508642188886,0.6579850926301614
v10,feat_gbm,4.0,46,112,0.1887094650748526,-0.4279263804064609
v10,feat_gbm,4.0,46,113,-0.9971452293884576,0.527327823801956
v10,feat_gbm,4.0,46,114,-3.703527191573073,-3.652947895428966
v10,feat_gbm,4.0,46,115,-2.0945739129958936,-0.04287987221360797
v10,feat_gbm,4.0,46,116,-3.231157902418066,-3.4409421360670214
v10,feat_gbm,4.0,46,117,-2.2654992982765756,-2.4284095097884006
v10,feat_gbm,4.0,46,118,-1.9721424438458306,-1.419217075367618
v10,feat_gbm,4.0,46,119,-2.3102968914842807,-1.4944271796191557
v10,feat_gbm,4.0,46,120,-2.5124681036424032,-2.797137626437216
v10,feat_gbm,4.0,46,121,0.5279607028539202,3.1321125804877905
v10,feat_gbm,4.0,46,122,-2.6261576581818753,-3.164895556438051
v10,feat_gbm,4.0,46,123,0.5119754792100712,-0.021234684620174846
v10,feat_gbm,4.0,46,124,0.03593828232285244,-1.246001114532972
v10,feat_gbm,4.0,46,125,-3.1851197458895695,-2.7130193085566443
v10,feat_gbm,4.0,46,126,-1.3538148416232798,-2.0560780011130944
v10,feat_gbm,4.0,46,127,-1.31333103666905,-1.631222331554067
v10,feat_gbm,4.0,46,128,-1.6642966168561841,-3.477307725783656
v10,feat_gbm,4.0,46,129,0.24440088401380605,1.7007542891568868
v10,feat_gbm,4.0,46,130,-1.6938148101207844,-3.4021624962570822
v10,feat_gbm,4.0,46,131,-3.017423108560619,-3.701149444421242
v10,feat_gbm,4.0,46,132,0.27925451421180925,-0.4116741376471012
v10,feat_gbm,4.0,46,133,0.06497238785359544,-0.5680375850475197
v10,feat_gbm,4.0,46,134,-1.668245098248001,-1.4788189923590598
v10,feat_gbm,4.0,46,135,-0.6275948264361572,-2.9896549957503007
v10,feat_gbm,4.0,46,136,0.1458613522108647,0.11194117436713467
v10,feat_gbm,4.0,46,137,0.4965763722290814,1.7147062893715772
v10,feat_gbm,4.0,46,138,-2.5365737255482044,-1.9709125209383296
v10,feat_gbm,4.0,46,139,-0.31139009586892963,0.19937477723826902
v10,feat_gbm,4.0,46,140,-2.033569858078166,-2.8223726616431475
v10,feat_gbm,4.0,46,141,-0.4262586325287429,-0.12380828599000025
v10,feat_gbm,4.0,46,142,-1.9041815854279855,-2.97521232911642
v10,feat_gbm,4.0,46,143,-2.171045436873696,-1.9484557479617686
v10,feat_gbm,4.0,46,144,0.6088541341156212,1.244093655886106
v10,feat_gbm,4.0,46,145,-3.221952623936271,-2.0280859266176816
v10,feat_gbm,4.0,46,146,-1.4980844586125062,-2.0754073031653366
v10,feat_gbm,4.0,46,147,0.07994066194757124,-0.11331641159387335
v10,feat_gbm,4.0,46,148,-1.763843734220716,-2.620298039600635
v10,feat_gbm,4.0,46,149,-3.0632728442886514,-3.8395532227602396
v10,feat_gbm,4.0,46,150,-0.998262296832685,-2.149698272240366
v10,feat_gbm,4.0,46,151,-2.080408507813196,-3.1594376779318036
v10,feat_gbm,4.0,46,152,-1.4058858277468778,-2.7712141114581046
v10,feat_gbm,4.0,46,153,-0.6842908820452975,-1.1483368403810985
v10,feat_gbm,4.0,46,154,-0.021450421023769164,-1.4700676700115773
v10,feat_gbm,4.0,46,155,1.4541654234387307,1.4088416749712322
v10,feat_gbm,4.0,46,156,-0.3502598482924985,0.7564704220494097
v10,feat_gbm,4.0,46,157,-2.6331972506202503,-1.7148995557963913
v10,feat_gbm,4.0,46,158,-1.5069740365878481,-2.8595355115547196
v10,feat_gbm,4.0,46,159,-2.0051913533824264,-0.9922400520728849
v10,feat_gbm,4.0,46,160,1.1973281711483836,1.8585227307534937
v10,feat_gbm,4.0,46,161,-2.0914883465135037,-2.477654537850602
v10,feat_gbm,4.0,46,162,-0.2675405786739973,-2.993764039868935
v10,feat_gbm,4.0,46,163,-0.9310132575320118,-1.1722671160336509
v10,feat_gbm,4.0,46,164,-1.67460045832235,-1.6577576086204497
v10,feat_gbm,4.0,46,165,-2.269453179687816,-2.9770186999323642
v10,feat_gbm,4.0,46,166,-3.5960709815812906,-3.2329952824425443
v10,feat_gbm,4.0,46,167,-0.3999512458466442,0.19550508612775644
v10,feat_gbm,4.0,46,168,-0.6712480943655552,-1.2639642813248737
v10,feat_gbm,4.0,46,169,-1.6156921238444293,1.4224064134580066
v10,feat_gbm,4.0,46,170,-2.175657549774529,-1.5303724784706008
v10,feat_gbm,4.0,46,171,0.47537237142825545,0.6086346650572224
v10,feat_gbm,4.0,46,172,0.2125371294636957,-0.052232489626048526
v10,feat_gbm,4.0,46,173,-1.9324918339500072,-0.19074605880313256
v10,feat_gbm,4.0,46,174,-2.076193795987939,-2.7678232596734214
v10,feat_gbm,4.0,46,175,-1.8504801463956138,-1.6557092188829319
v10,feat_gbm,4.0,46,176,0.13825944648284713,0.12081831439914445
v10,feat_gbm,4.0,46,177,-0.5636936620676852,3.7031714993021168
v10,feat_gbm,4.0,46,178,0.023095828176541405,-0.17761292562564054
v10,feat_gbm,4.0,46,179,-0.01828220847163208,0.2295122735959306
v10,feat_gbm,4.0,46,180,-1.1748194976553024,-1.6401012725318311
v10,feat_gbm,4.0,46,181,-3.4753264436770968,-3.399461101549646
v10,feat_gbm,4.0,46,182,0.07311514186994836,0.5421608664871393
v10,feat_gbm,4.0,46,183,-3.5512302996645246,-3.7858185839721776
v10,feat_gbm,4.0,46,184,0.03399432473740619,0.4440956773301304
v10,feat_gbm,4.0,46,185,-0.5443083603362682,0.5450962365111649
v10,feat_gbm,4.0,46,186,-2.664705782939297,-3.094441269353033
v10,feat_gbm,4.0,46,187,-0.40262113544908285,1.436275522654785
v10,feat_gbm,4.0,46,188,-0.7998395087820702,-0.003208414280501246
v10,feat_gbm,4.0,46,189,-1.8284038973355676,-2.0766448721687736
v10,feat_gbm,4.0,46,190,-2.6183162132272435,-2.887011097372245
v10,feat_gbm,4.0,46,191,0.1071727109689674,-0.19564387773269687
v10,feat_gbm,4.0,46,192,-1.716137231854692,-3.39219136175158
v10,feat_gbm,4.0,46,193,-3.30522036177477,-4.804455114758695
v10,feat_gbm,4.0,46,194,-1.8855797547918345,-0.23230879418151415
v10,feat_gbm,4.0,46,195,1.0378329411025635,0.7768952289284052
v10,feat_gbm,4.0,46,196,-2.561914046936853,-3.0758975731441707
v10,feat_gbm,4.0,46,197,0.9630760382474076,1.8852948766094535
v10,feat_gbm,4.0,46,198,0.07585981082425845,-0.07474663349946693
v10,feat_gbm,4.0,46,199,0.7038621620070741,0.9295509098669842
v10,feat_gbm,4.0,46,200,0.032558993860175356,0.40408761039079466
v10,feat_gbm,4.0,46,201,-1.2718933313026206,-1.0185563947000995
v10,feat_gbm,4.0,46,202,-1.1386007116593821,-1.5812541435625456
v10,feat_gbm,4.0,46,203,-1.0908568448069067,-2.9269603411540346
v10,feat_gbm,4.0,46,204,0.2083463895912217,-0.9368237022381455
v10,feat_gbm,4.0,46,205,-1.1242800661360013,-0.771906247259438
v10,feat_gbm,4.0,46,206,-2.038298394127288,-1.4457766532498904
v10,feat_gbm,4.0,46,207,-0.7847749952913261,-2.4752738768021185
v10,feat_gbm,4.0,46,208,-2.060979537668135,-2.8789590131308262
v10,feat_gbm,4.0,46,209,-1.5867754398659277,-2.6986856152036793
v10,feat_gbm,4.0,46,210,-0.20465324936705995,0.05837096406180189
v10,feat_gbm,4.0,46,211,-2.507527129323155,-2.2327070274631113
v10,feat_gbm,4.0,46,212,-0.18829858696808033,0.15758807445032513
v10,feat_gbm,4.0,46,213,0.32502218026966584,0.5234750924970406
v10,feat_gbm,4.0,46,214,0.3864418864541083,0.8312555987922697
v10,feat_gbm,4.0,46,215,-1.300928432216124,-0.7699972654610447
v10,feat_gbm,4.0,46,216,-2.5240933373656547,-2.4368834827463726
v10,feat_gbm,4.0,46,217,-2.3627774770236893,-3.7421886443248944
v10,feat_gbm,4.0,46,218,-2.4206918671369575,-4.3753265313120195
v10,feat_gbm,4.0,46,219,0.27666176084696814,0.13181597567614448
v10,feat_gbm,4.0,46,220,-2.2729103728513684,-2.150299196146146
v10,feat_gbm,4.0,46,221,-0.4595685860702813,0.4316281043505307
v10,feat_gbm,4.0,46,222,0.2886715557841372,0.20581216265343685
v10,feat_gbm,4.0,46,223,-3.3053821147682885,-1.7226779576420432
v10,feat_gbm,4.0,46,224,0.21439869307448095,1.0701061526100661
v10,feat_gbm,4.0,46,225,0.1275717055350976,-2.995983076644188
v10,feat_gbm,4.0,46,226,0.18306977903126587,-0.39103048890459524
v10,feat_gbm,4.0,46,227,-1.591057141522873,-2.811377433191803
v10,feat_gbm,4.0,46,228,-0.02204835769477804,0.1103569248772952
v10,feat_gbm,4.0,46,229,0.544159169632503,1.0926797996732165
v10,feat_gbm,4.0,46,230,-1.8057038932376026,-1.1465469989616057
v10,feat_gbm,4.0,46,231,-4.06344445635205,-3.7045714701961474
v10,feat_gbm,4.0,46,232,-0.3554510287807283,-0.3205795311611984
v10,feat_gbm,4.0,46,233,0.1850377309523975,-0.7282288274356463
v10,feat_gbm,4.0,46,234,0.4397326670809803,-0.6143938277881194
v10,feat_gbm,4.0,46,235,-2.370287115864416,-3.717493513170671
v10,feat_gbm,4.0,46,236,-1.735289557104464,-1.894186438607053
v10,feat_gbm,4.0,46,237,-0.24052741778927275,0.19101892391720615
v10,feat_gbm,4.0,46,238,-1.1057253502054039,-2.723653519266766
v10,feat_gbm,4.0,46,239,0.2652531091614232,0.28172679866345784
v10,feat_gbm,4.0,46,240,-1.0886450985829732,-0.570916259780521
v10,feat_gbm,4.0,46,241,-1.7430219752584724,-3.037607674189957
v10,feat_gbm,4.0,46,242,-2.3675224366988,-2.4824067099880884
v10,feat_gbm,4.0,46,243,-0.0863850202366635,1.793244191067856
v10,feat_gbm,4.0,46,244,-2.352448359240487,-2.170563194223024
v10,feat_gbm,4.0,46,245,-2.1204648099101377,-2.5580286375581696
v10,feat_gbm,4.0,46,246,-2.75353676490493,-3.9013363177662743
v10,feat_gbm,4.0,46,247,-1.5977528328332669,-1.2689211715035387
v10,feat_gbm,4.0,46,248,-2.196110098204458,-2.89795980370705
v10,feat_gbm,4.0,46,249,0.18360251525337154,-1.149470325468549
v10,feat_gbm,4.0,46,250,-2.633890285193667,-2.1803876537888693
v10,feat_gbm,4.0,46,251,-2.614035545307203,-1.2010659028736028
v10,feat_gbm,4.0,46,252,-2.4667891009731777,-2.675840590612525
v10,feat_gbm,4.0,46,253,-1.4930965577273478,-0.865421424414132
v10,feat_gbm,4.0,46,254,-0.38862346017991706,-0.45089388998719687
v10,feat_gbm,4.0,46,255,-1.304555725977466,-1.477655138121315
v10,feat_gbm,4.0,46,256,-1.3615964624292771,-1.9234128661936198
v10,feat_gbm,4.0,46,257,-1.2020256043154802,-0.8895479413744646
v10,feat_gbm,4.0,46,258,-0.8476381416544639,-1.284701881398344
v10,feat_gbm,4.0,46,259,-0.18237781184196855,0.03791276039075724
v10,feat_gbm,4.0,46,260,0.12988506735890035,-1.213907680807544
v10,feat_gbm,4.0,46,261,-0.39349489946216093,-0.6937064881158975
v10,feat_gbm,4.0,46,262,-2.330357825578043,-2.500344974429108
v10,feat_gbm,4.0,46,263,-3.194831439222331,-3.0782877743164985
v10,feat_gbm,4.0,46,264,-3.125752254361749,-3.2702790535172426
v10,feat_gbm,4.0,46,265,-0.1784088057019434,-0.15746453031192983
v10,feat_gbm,4.0,46,266,-1.296146720553747,-1.3930653126164372
v10,feat_gbm,4.0,46,267,-4.135109734251443,-3.460520174484755
v10,feat_gbm,4.0,46,268,-2.539573453916137,-1.8115923421665279
v10,feat_gbm,4.0,46,269,0.5322536321043211,-0.04785951915829837
v10,feat_gbm,4.0,46,270,-2.0257274874872917,-1.3387838926701625
v10,feat_gbm,4.0,46,271,0.549392620286445,0.6172482925771328
v10,feat_gbm,4.0,46,272,-0.7746254415298319,0.10718580269537517
v10,feat_gbm,4.0,46,273,-1.08395654283428,-2.4250613993713395
v10,feat_gbm,4.0,46,274,-3.0635861161428957,-0.4656136934058211
v10,feat_gbm,4.0,46,275,-2.3377127247773823,-1.7679071058666047
v10,feat_gbm,4.0,46,276,-0.1083747280424561,-0.15192249005847586
v10,feat_gbm,4.0,46,277,-0.5037425688260758,-0.22686658439221394
v10,feat_gbm,4.0,46,278,-2.725128600673567,-0.3963273628232521
v10,feat_gbm,4.0,46,279,-2.2226981007074276,-2.1916982233579314
v10,feat_gbm,4.0,46,280,-0.27603083896465175,0.5138857123822332
v10,feat_gbm,4.0,46,281,-1.4895021250325846,0.13501120436460418
v10,feat_gbm,4.0,46,282,0.07376219452183468,-0.35232291748203215
v10,feat_gbm,4.0,46,283,-0.33021323993129964,0.33710059568630363
v10,feat_gbm,4.0,46,284,0.12112321877179871,2.2269494594330284
v10,feat_gbm,4.0,46,285,-1.3378622510557607,-0.8523290277873723
v10,feat_gbm,4.0,46,286,-0.014081424986179564,0.5032694866056324
v10,feat_gbm,4.0,46,287,-3.9967127734868573,-3.0734310124071125
v10,feat_gbm,4.0,46,288,-2.5518245945897267,-3.0969464995649485
v10,feat_gbm,4.0,46,289,-0.0792056593507688,0.8088909840914691
v10,feat_gbm,4.0,46,290,-3.3631109039263603,-1.710735902712342
v10,feat_gbm,4.0,46,291,-0.45462032667352337,-0.24588513525180683
v10,feat_gbm,4.0,46,292,-1.8968949222809712,-2.9910915714149957
v10,feat_gbm,4.0,46,293,-0.05601201864244572,0.24397961438558982
v10,feat_gbm,4.0,46,294,0.049185843632607085,0.9827222917401395
v10,feat_gbm,4.0,46,295,0.20708644863285433,1.5399914318848642
v10,feat_gbm,4.0,46,296,-2.3409153415629165,-3.028104854063688
v10,feat_gbm,4.0,46,297,-1.812983731951274,-1.9675880903276046
v10,feat_gbm,4.0,46,298,-0.09395551881538892,0.3882116190950413
v10,feat_gbm,4.0,46,299,-1.96788982666052,-0.4169590587595381
v10,feat_gbm,4.0,46,300,-1.0680331287061635,-0.47104701624968015
v10,feat_gbm,4.0,46,301,-0.9082796818064542,-0.5788171023402015
v10,feat_gbm,4.0,46,302,-3.6097194553615424,-3.325334912618423
v10,feat_gbm,4.0,46,303,-0.19776273660035745,0.27214776974989446
v10,feat_gbm,4.0,46,304,0.06777040762190727,0.2838761456734127
v10,feat_gbm,4.0,46,305,0.5227001124275888,0.98356576927226
v10,feat_gbm,4.0,46,306,-1.0999394808058827,-2.324804251846344
v10,feat_gbm,4.0,46,307,-0.07827900736709031,-0.30060412365222405
v10,feat_gbm,4.0,46,308,-3.2776606151999585,-3.5706943269006843
v10,feat_gbm,4.0,46,309,-1.030557875699913,0.7657986236992217
v10,feat_gbm,4.0,46,310,-1.2847345343121366,-0.3760212383278314
v10,feat_gbm,4.0,46,311,1.0493217945572237,0.903367601886353
v10,feat_gbm,4.0,46,312,0.19242660618974855,0.2834145554969618
v10,feat_gbm,4.0,46,313,-0.36820215890522784,-0.8750381269167363
v10,feat_gbm,4.0,46,314,-3.594104030728044,-0.8911054934067958
v10,feat_gbm,4.0,46,315,0.024253555561998173,0.2699623908229132
v10,feat_gbm,4.0,46,316,-2.6736752490255333,-4.034449774534175
v10,feat_gbm,4.0,46,317,-0.04557063587681488,0.7302045063515665
v10,feat_gbm,4.0,46,318,-2.4732067480594995,-2.5264159394565007
v10,feat_gbm,4.0,46,319,-2.430379542704597,-3.1280680478747835
v10,feat_gbm,4.0,46,320,0.07681279618202976,-0.623194388118803
v10,feat_gbm,4.0,46,321,-3.1221200769691584,-4.172922463867305
v10,feat_gbm,4.0,46,322,0.4425068026065109,1.0714029341973417
v10,feat_gbm,4.0,46,323,-1.825791639442702,-2.5538050374755565
v10,feat_gbm,4.0,46,324,-1.4270654265458234,-1.5310020975326282
v10,feat_gbm,4.0,46,325,-0.018978568221056806,-0.735749980772127
v10,feat_gbm,4.0,46,326,-1.3974224147768668,-0.5010306012352705
v10,feat_gbm,4.0,46,327,-3.5087398293542593,-4.393123087746285
v10,feat_gbm,4.0,46,328,-0.9575246499121898,0.6439364857563509
v10,feat_gbm,4.0,46,329,-1.9121248953294694,-2.60760252445046
v10,feat_gbm,4.0,46,330,0.3237927471264083,0.46983427811083467
v10,feat_gbm,4.0,46,331,-0.22945569343831762,-1.149354435920189
v10,feat_gbm,4.0,46,332,-1.9021495109601354,-1.0961264399974935
v10,feat_gbm,4.0,46,333,0.4504585144546167,1.4253561556633074
v10,feat_gbm,4.0,46,334,0.9716611260491891,1.0406546288822482
v10,feat_gbm,4.0,46,335,-0.5148788308853633,-0.1286217558512718
v10,feat_gbm,4.0,46,336,-1.3645872642867527,-1.7275974260064488
v10,feat_gbm,4.0,46,337,-1.9688188915134415,-4.535227665039715
v10,feat_gbm,4.0,46,338,-0.22406162125984302,-1.078833843619319
v10,feat_gbm,4.0,46,339,-1.3515820066536082,-2.035297396751524
v10,feat_gbm,4.0,46,340,-0.2214106414980878,0.4788286932125707
v10,feat_gbm,4.0,46,341,-1.276613758011517,-0.4595082096564039
v10,feat_gbm,4.0,46,342,-2.797537496835853,-3.653430804591794
v10,feat_gbm,4.0,46,343,0.6023441096381551,0.2834522663037432
v10,feat_gbm,4.0,46,344,0.26289184840796453,-0.15984972455285287
v10,feat_gbm,4.0,46,345,-2.977235054835248,-3.8822970119574354
v10,feat_gbm,4.0,46,346,-1.9949069100499055,-2.5801989990218064
v10,feat_gbm,4.0,46,347,-3.459765780400777,-3.2622630695286134
v10,feat_gbm,4.0,46,348,-1.5738197574007753,-0.4894561152880944
v10,feat_gbm,4.0,46,349,-2.9272099767048476,-3.0223552414624764
v10,feat_gbm,4.0,46,350,0.5180091187678989,0.4215072765335228
v10,feat_gbm,4.0,46,351,-3.020415254472933,-1.8152752103400673
v10,feat_gbm,4.0,46,352,0.633486950421996,1.102263670511441
v10,feat_gbm,4.0,46,353,0.3093321894405873,1.4454852001466738
v10,feat_gbm,4.0,46,354,-3.0389501841497295,-3.6770060333191017
v10,feat_gbm,4.0,46,355,-2.3407136253851553,-5.078652858832153
v10,feat_gbm,4.0,46,356,0.018748946024528354,0.7815322159665122
v10,feat_gbm,4.0,46,357,0.2694598351189561,0.6775133790495483
v10,feat_gbm,4.0,46,358,-2.7858764370188953,-3.5163570325540956
v10,feat_gbm,4.0,46,359,-2.802313953222951,-4.157760523739404
v10,feat_gbm,4.0,46,360,-0.8232707791910383,-0.18386357284099003
v10,feat_gbm,4.0,46,361,-2.138215765885147,-4.477383009144865
v10,feat_gbm,4.0,46,362,-0.2464934205922417,0.2909126951240761
v10,feat_gbm,4.0,46,363,-1.8978066119924497,-3.5121531596302606
v10,feat_gbm,4.0,46,364,-0.17226219530622366,-0.0019354464452207268
v10,feat_gbm,4.0,46,365,-2.9464034304452005,-3.264666087597375
v10,feat_gbm,4.0,46,366,-1.8962039088915956,-1.4961090632143375
v10,feat_gbm,4.0,46,367,-1.0326536122754388,-0.10305907560987346
v10,feat_gbm,4.0,46,368,-0.7804338334239428,0.24601275195113992
v10,feat_gbm,4.0,46,369,-3.1387364914984475,-1.6400355118163064
v10,feat_gbm,4.0,46,370,-0.8944104822024985,-1.5399226532969161
v10,feat_gbm,4.0,46,371,-0.7024123754716012,-0.3336387161155974
v10,feat_gbm,4.0,46,372,-0.7587529630379475,0.3185760540422761
v10,feat_gbm,4.0,46,373,-0.5844926497752703,-0.30756424411789
v10,feat_gbm,4.0,46,374,-3.868488335155145,-3.551435429619069
v10,feat_gbm,4.0,46,375,0.49883067958920707,-0.12846918127015178
v10,feat_gbm,4.0,46,376,0.07175150318061807,0.43413099611324796
v10,feat_gbm,4.0,46,377,0.039784203377206714,0.8095384731463161
v10,feat_gbm,4.0,46,378,0.16458675801610495,0.20303525329731625
v10,feat_gbm,4.0,46,379,0.173363469393187,0.524784145223057
v10,feat_gbm,4.0,46,380,-0.1426650777646964,0.8722609808312535
v10,feat_gbm,4.0,46,381,-0.08469654183348424,1.0190202163897197
v10,feat_gbm,4.0,46,382,-0.3143677528005357,1.2715191268303472
v10,feat_gbm,4.0,46,383,-1.393111350644265,-0.13923746667536385
v10,feat_gbm,4.0,46,384,-0.6600186042043629,-1.7983983483294153
v10,feat_gbm,4.0,46,385,-0.6874154706182778,0.5606037150840157
v10,feat_gbm,4.0,46,386,0.5280584964739705,0.6003456151224621
v10,feat_gbm,4.0,46,387,0.5260001956088098,1.3071718981356573
v10,feat_gbm,4.0,46,388,-0.7216067973126372,-0.19457283568776126
v10,feat_gbm,4.0,46,389,-1.6351344278421216,-0.981880356960367
v10,feat_gbm,4.0,46,390,-3.274884139596761,-2.628024059072158
v10,feat_gbm,4.0,46,391,-2.723745661168476,-2.479262758098376
v10,feat_gbm,4.0,46,392,-1.4756936918815349,-2.207941629114672
v10,feat_gbm,4.0,46,393,-2.588408108351148,-2.806586620215901
v10,feat_gbm,4.0,46,394,-1.6771634054199447,-0.16842623590390868
v10,feat_gbm,4.0,46,395,0.3298715836886945,0.3596423409999632
v10,feat_gbm,4.0,46,396,-1.4900307439983669,-3.117667066362407
v10,feat_gbm,4.0,46,397,0.5263932150465848,0.6134086288650079
v10,feat_gbm,4.0,46,398,0.3371334791324543,0.5049020087080688
v10,feat_gbm,4.0,46,399,-1.570802325689512,-1.0548605918119196
v10,feat_gbm,4.0,46,400,-1.5186785802876064,-2.877676775828332
v10,feat_gbm,4.0,46,401,0.6458431003346347,0.015654415635624343
v10,feat_gbm,4.0,46,402,-0.016775054392392245,-0.7027824676465185
v10,feat_gbm,4.0,46,403,-0.05200751341649864,0.6733427913489138
v10,feat_gbm,4.0,46,404,-0.1481732112350041,0.03259550049258387
v10,feat_gbm,4.0,46,405,-3.0023054686757993,-3.4179416205706223
v10,feat_gbm,4.0,46,406,-1.4920875029534166,-1.6563158072976616
v10,feat_gbm,4.0,46,407,-0.6022714973322965,0.3281041495218151
v10,feat_gbm,4.0,46,408,-2.7546803145951224,-1.498502430121411
v10,feat_gbm,4.0,46,409,-0.690847767571434,-1.5390850133499359
v10,feat_gbm,4.0,46,410,-3.0340741499303587,-3.8769914364338094
v10,feat_gbm,4.0,46,411,0.5581397480189553,-1.1093409530974205
v10,feat_gbm,4.0,46,412,-1.2262328472210808,-2.1356441225652167
v10,feat_gbm,4.0,46,413,0.031186492050123776,0.5613925387002681
v10,feat_gbm,4.0,46,414,-2.090116391907428,-2.672303525149137
v10,feat_gbm,4.0,46,415,0.6417754330848032,0.9887747910888531
v10,feat_gbm,4.0,46,416,-1.7197188695557215,-2.064740642123073
v10,feat_gbm,4.0,46,417,-1.7295738681535435,-0.13534283366780814
v10,feat_gbm,4.0,46,418,-0.013402369733484647,0.5266566940316069
v10,feat_gbm,4.0,46,419,1.0460107889592856,-0.7929716308762645
v10,feat_gbm,4.0,46,420,0.22754439241161256,0.22081989653443584
v10,feat_gbm,4.0,46,421,-3.6175634141570505,-3.4911396429773087
v10,feat_gbm,4.0,46,422,-0.04306104122676413,0.4691563032653497
v10,feat_gbm,4.0,46,423,-0.05097169100419602,-0.21242164749251408
v10,feat_gbm,4.0,46,424,-2.704416742792679,-2.0235730224261497
v10,feat_gbm,4.0,46,425,-0.18432980197053556,0.1881042769243711
v10,feat_gbm,4.0,46,426,-0.9823033028736534,-0.7546830882020855
v10,feat_gbm,4.0,46,427,-1.5680451428252762,-2.004418163271322
v10,feat_gbm,4.0,46,428,-0.2993152744222587,0.08108350485015015
v10,feat_gbm,4.0,46,429,-1.2200107309946644,-0.8958783842144782
v10,feat_gbm,4.0,46,430,-0.06257895586355822,-0.700178367515834
v10,feat_gbm,4.0,46,431,-2.8971520857654376,-2.026447754843476
v10,feat_gbm,4.0,46,432,-1.8736821603704255,-3.3644112924118934
v10,feat_gbm,4.0,46,433,-1.298469048674689,-2.4777804975332844
v10,feat_gbm,4.0,46,434,-2.8554383031310793,-3.6407879329147783
v10,feat_gbm,4.0,46,435,0.2605899156011066,0.8140524350977956
v10,feat_gbm,4.0,46,436,-0.06789879459929145,-0.6342245759550225
v10,feat_gbm,4.0,46,437,0.10126367472032237,-1.0170271575608654
v10,feat_gbm,4.0,46,438,-0.07935641880182086,1.2058566336630974
v10,feat_gbm,4.0,46,439,1.157902687127301,1.04159183954478
v10,feat_gbm,4.0,46,440,-0.9561155415796214,-0.383754051292973
v10,feat_gbm,4.0,46,441,0.25880527160733613,0.9717849563735496
v10,feat_gbm,4.0,46,442,0.325181943433903,0.915394257773604
v10,feat_gbm,4.0,46,443,0.14659464788130233,0.17619398118278368
v10,feat_gbm,4.0,46,444,-1.9274338726174398,-2.3026142847949007
v10,feat_gbm,4.0,46,445,0.21959133233934505,-2.156995715227189
v10,feat_gbm,4.0,46,446,-2.190843633475354,-1.9647154613855007
v10,feat_gbm,4.0,46,447,-1.183649280909543,-1.2167428909736953
v10,feat_gbm,4.0,46,448,-0.689683317849467,0.371748058948411
v10,feat_gbm,4.0,46,449,-3.902587619337179,-3.354914600670279
v10,feat_gbm,4.0,46,450,-2.9800089274383224,-2.0984010901330774
v10,feat_gbm,4.0,46,451,-1.980261693496176,-1.8411195968283314
v10,feat_gbm,4.0,46,452,0.5679809235065345,-0.2866386615093297
v10,feat_gbm,4.0,46,453,-0.9651798274884059,-2.1769502099219324
v10,feat_gbm,4.0,46,454,-0.11224101348547894,0.851829112076475
v10,feat_gbm,4.0,46,455,0.5462234491147915,-0.5174982843777256
v10,feat_gbm,4.0,46,456,-1.8037400119527751,-3.7883351795095335
v10,feat_gbm,4.0,46,457,-1.5334783545890494,-1.3225504843777425
v10,feat_gbm,4.0,46,458,0.09068891866617572,-0.6304710111145473
v10,feat_gbm,4.0,46,459,-2.669497669700578,-2.867776928577639
v10,feat_gbm,4.0,46,460,-0.0017779947128405073,-0.20106453453544149
v10,feat_gbm,4.0,46,461,0.1524672328944377,0.565413433251147
v10,feat_gbm,4.0,46,462,-0.6346666754449767,0.6531860801292728
v10,feat_gbm,4.0,46,463,-2.6400641056529475,-3.295531334571209
v10,feat_gbm,4.0,46,464,-1.273166309080597,-1.118951529136503
v10,feat_gbm,4.0,46,465,-0.6991561585110214,0.08535922256033004
v10,feat_gbm,4.0,46,466,0.9598763445361964,0.2656879386171551
v10,feat_gbm,4.0,46,467,-0.9024784572151264,-1.0764680911985907
v10,feat_gbm,4.0,46,468,0.002259438099649743,2.2503813782282114
v10,feat_gbm,4.0,46,469,0.01537390749482783,-0.029700274932011248
v10,feat_gbm,4.0,46,470,-2.1349757821373827,-2.1918010579584375
v10,feat_gbm,4.0,46,471,-1.5246834353660745,-0.12537364897776127
v10,feat_gbm,4.0,46,472,-1.387595030558442,-1.3714574409892777
v10,feat_gbm,4.0,46,473,-2.635156977814372,-1.0216450817816245
v10,feat_gbm,4.0,46,474,-1.1880081527061668,-0.8313233833759152
v10,feat_gbm,4.0,46,475,-3.1883939567480506,-3.25243582884057
v10,feat_gbm,4.0,46,476,0.24167499079776894,0.8737365575305754
v10,feat_gbm,4.0,46,477,-2.0703247670892546,-1.8373017486027088
v10,feat_gbm,4.0,46,478,-1.264391858208044,-1.909749317133085
v10,feat_gbm,4.0,46,479,-1.774500131100109,0.418341725137149
v10,feat_gbm,4.0,46,480,-1.0746877727639206,-2.8689304810445995
v10,feat_gbm,4.0,46,481,-2.811345061191759,-3.9192950012633494
v10,feat_gbm,4.0,46,482,0.5860502754935243,0.8191907452202399
v10,feat_gbm,4.0,46,483,-0.6805288023111744,-2.7371748494528005
v10,feat_gbm,4.0,46,484,-0.1470227295219012,0.043868991079412875
v10,feat_gbm,4.0,46,485,-1.952456272055348,-3.9571024828402512
v10,feat_gbm,4.0,46,486,-2.4512674498752975,-0.8286091055291892
v10,feat_gbm,4.0,46,487,0.8597786283440124,1.1086460137612473
v10,feat_gbm,4.0,46,488,-0.6473525796050722,-1.0899995989348372
v10,feat_gbm,4.0,46,489,-2.866235861853028,-2.9260181182274523
v10,feat_gbm,4.0,46,490,-2.6994761441853576,0.01778898425240747
v10,feat_gbm,4.0,46,491,-0.1926485654498728,-0.388546054063584
v10,feat_gbm,4.0,46,492,-0.8329651493777513,-0.8483910406321095
v10,feat_gbm,4.0,46,493,-2.8540058726095383,-2.4855190663855797
v10,feat_gbm,4.0,46,494,-0.10001614125227301,-0.6027729178489412
v10,feat_gbm,4.0,46,495,-0.9656993840099798,-1.5285925057254015
v10,feat_gbm,4.0,46,496,0.3086395062367636,1.0092174422839322
v10,feat_gbm,4.0,46,497,-2.925975193931061,-2.421052301727873
v10,feat_gbm,4.0,46,498,-2.8425224872445507,-3.2283141264699093
v10,feat_gbm,4.0,46,499,-3.0111462567489116,-4.907212199848568
