dataset_version,method,severity,seed,idx,logM_pred,logM_true
v8,feat_gbm,0.25,42,0,-0.42762036792235647,0.03894909458183669
v8,feat_gbm,0.25,42,1,-2.3975092952297965,-2.5052564746229193
v8,feat_gbm,0.25,42,2,0.650169553757082,0.6287827851917782
v8,feat_gbm,0.25,42,3,-3.5728898216666556,-3.3447289283878643
v8,feat_gbm,0.25,42,4,0.857426328265307,0.9694015026406426
v8,feat_gbm,0.25,42,5,-1.9962563323051385,-2.4693709778233526
v8,feat_gbm,0.25,42,6,-0.06424207276743918,-0.2819211013310965
v8,feat_gbm,0.25,42,7,0.8443305203378356,0.5289578846490461
v8,feat_gbm,0.25,42,8,0.24551936465695187,0.032863622186365654
v8,feat_gbm,0.25,42,9,1.0373316601491813,0.9352707853930591
v8,feat_gbm,0.25,42,10,-1.3967375128605894,-1.5987558134683666
v8,feat_gbm,0.25,42,11,-3.1353521601264323,-3.2678706438993954
v8,feat_gbm,0.25,42,12,-2.499641866712421,-2.445380546146449
v8,feat_gbm,0.25,42,13,-0.16347626914882754,-0.4471217519653716
v8,feat_gbm,0.25,42,14,-1.7836676912326421,-1.8343062920535937
v8,feat_gbm,0.25,42,15,-2.27377934178577,-2.278287047942225
v8,feat_gbm,0.25,42,16,-1.0631825428689377,-1.113015507562239
v8,feat_gbm,0.25,42,17,-1.345382261500814,-1.149386040828735
v8,feat_gbm,0.25,42,18,-0.07527449629057482,-0.4541092694382234
v8,feat_gbm,0.25,42,19,-2.656368976652908,-2.8798658660471284
v8,feat_gbm,0.25,42,20,-2.8830980462166345,-3.281006200299989
v8,feat_gbm,0.25,42,21,-0.9769616833551691,-0.7889402030111288
v8,feat_gbm,0.25,42,22,-0.3129327270840224,-0.48114593055133975
v8,feat_gbm,0.25,42,23,-3.151475332396491,-2.8038114998165153
v8,feat_gbm,0.25,42,24,-2.780181194459395,-2.6726430450531393
v8,feat_gbm,0.25,42,25,-3.3693171809383395,-3.141178249464176
v8,feat_gbm,0.25,42,26,-3.4955019223188186,-3.8612362310489847
v8,feat_gbm,0.25,42,27,-3.1198665522606994,-3.085821277369337
v8,feat_gbm,0.25,42,28,-2.9259041338707914,-2.1153791712035637
v8,feat_gbm,0.25,42,29,-0.7400761891758758,-0.5854112868629942
v8,feat_gbm,0.25,42,30,0.07715756354505146,0.13849791927417068
v8,feat_gbm,0.25,42,31,-2.7576215527369605,-2.779654184179668
v8,feat_gbm,0.25,42,32,1.5927638178446233,0.9166392391011026
v8,feat_gbm,0.25,42,33,-1.942497876754353,-2.134444297962007
v8,feat_gbm,0.25,42,34,1.1417453888864184,1.1224191581864646
v8,feat_gbm,0.25,42,35,-3.109949558743448,-2.7514680837461087
v8,feat_gbm,0.25,42,36,0.7549495033256935,0.7493710802437775
v8,feat_gbm,0.25,42,37,-1.9744488006913052,-2.157600461660938
v8,feat_gbm,0.25,42,38,-1.558688212290765,-1.7436371170468024
v8,feat_gbm,0.25,42,39,1.1035224717722272,0.632388610685479
v8,feat_gbm,0.25,42,40,-1.802592467888628,-1.5024753827969588
v8,feat_gbm,0.25,42,41,-2.4543786618927017,-2.936018587066778
v8,feat_gbm,0.25,42,42,-0.13396933777177106,-0.06406961406287034
v8,feat_gbm,0.25,42,43,-0.39115924349088105,-0.43711075337934485
v8,feat_gbm,0.25,42,44,0.7022240536858995,0.521724778538647
v8,feat_gbm,0.25,42,45,0.672827743282504,-0.02881562555915001
v8,feat_gbm,0.25,42,46,-2.344231152177708,-2.6856700943784895
v8,feat_gbm,0.25,42,47,-3.1598590181638846,-3.3419513202228783
v8,feat_gbm,0.25,42,48,-0.3965523099422028,-0.35240032436669677
v8,feat_gbm,0.25,42,49,-3.657628953595862,-4.466027560457086
v8,feat_gbm,0.25,42,50,-0.9713069675884465,-1.2227887404747313
v8,feat_gbm,0.25,42,51,-3.593100233425471,-4.168130875201601
v8,feat_gbm,0.25,42,52,-1.8358683630030819,-2.1825653069440887
v8,feat_gbm,0.25,42,53,-3.177718119968267,-2.816977102698189
v8,feat_gbm,0.25,42,54,-0.739877704728103,-0.9520374156321785
v8,feat_gbm,0.25,42,55,0.5836405689394499,0.800460094219776
v8,feat_gbm,0.25,42,56,0.07742860017130612,0.2782562560211116
v8,feat_gbm,0.25,42,57,-0.20303660395879022,-0.7855200046266205
v8,feat_gbm,0.25,42,58,-2.9282392236044457,-2.837973637743256
v8,feat_gbm,0.25,42,59,0.11870691258437564,0.3653424354755994
v8,feat_gbm,0.25,42,60,-2.6361854245974152,-3.145987746693799
v8,feat_gbm,0.25,42,61,-2.777022152668418,-2.1381844357326614
v8,feat_gbm,0.25,42,62,0.609412822249011,0.3908315550690521
v8,feat_gbm,0.25,42,63,-2.9418433987098163,-3.259739876316779
v8,feat_gbm,0.25,42,64,-2.607320154146204,-3.799325775609258
v8,feat_gbm,0.25,42,65,0.27393888614957435,0.2842997557356093
v8,feat_gbm,0.25,42,66,0.7540479773171174,0.9099380077885143
v8,feat_gbm,0.25,42,67,0.5277680100172645,0.5741223235018287
v8,feat_gbm,0.25,42,68,1.2619013711316156,1.3807263582335993
v8,feat_gbm,0.25,42,69,0.866763660147787,2.7357387204405055
v8,feat_gbm,0.25,42,70,-0.14069511711260135,-0.3782017485149665
v8,feat_gbm,0.25,42,71,-0.37482879219502835,-0.6946521973220513
v8,feat_gbm,0.25,42,72,-3.3679327863872945,-3.510295151868067
v8,feat_gbm,0.25,42,73,-0.39297812110205776,-0.3643686170400702
v8,feat_gbm,0.25,42,74,0.9162400638879837,1.1835884152793859
v8,feat_gbm,0.25,42,75,0.033226287198472884,-0.38644824542838596
v8,feat_gbm,0.25,42,76,0.7611015260483632,0.7005004452467647
v8,feat_gbm,0.25,42,77,0.5241144529565792,0.3770911051312199
v8,feat_gbm,0.25,42,78,-0.4662690359131519,-0.5374783823521183
v8,feat_gbm,0.25,42,79,-2.5522389851764635,-3.2499450611549854
v8,feat_gbm,0.25,42,80,-1.7422519381037036,-1.719925172279684
v8,feat_gbm,0.25,42,81,0.6153302180128621,1.8185710395242058
v8,feat_gbm,0.25,42,82,-1.2947904905185519,-1.0758778979961314
v8,feat_gbm,0.25,42,83,-0.5956343664133842,-0.8033140510569362
v8,feat_gbm,0.25,42,84,-1.9908515386635173,-2.0837035815006346
v8,feat_gbm,0.25,42,85,-2.295657279077704,-1.2430797823904942
v8,feat_gbm,0.25,42,86,0.9277194689213941,0.639317965424242
v8,feat_gbm,0.25,42,87,0.2382908408946518,-0.02321591952008587
v8,feat_gbm,0.25,42,88,-2.7425126552507075,-3.512086916650174
v8,feat_gbm,0.25,42,89,-1.7523837144558958,-1.684363733317816
v8,feat_gbm,0.25,42,90,-3.183596530072326,-3.5341996208099964
v8,feat_gbm,0.25,42,91,0.8613163455207686,1.1574629997660548
v8,feat_gbm,0.25,42,92,-0.9203680890244433,-0.7651863719989663
v8,feat_gbm,0.25,42,93,-2.755291588242709,-5.7708125015304885
v8,feat_gbm,0.25,42,94,0.283702191173794,0.07374698385127064
v8,feat_gbm,0.25,42,95,0.3232827607321815,1.201566413592891
v8,feat_gbm,0.25,42,96,1.7525568816207555,1.2655480006709303
v8,feat_gbm,0.25,42,97,-3.027126702934084,-3.2217777708537843
v8,feat_gbm,0.25,42,98,-1.0476897413955337,-1.2120387208328698
v8,feat_gbm,0.25,42,99,-0.42226979860624053,-0.04015373686183237
v8,feat_gbm,0.25,42,100,-2.395739419687621,-2.8384481914339785
v8,feat_gbm,0.25,42,101,-3.325748093712919,-3.541068619782685
v8,feat_gbm,0.25,42,102,-3.849666992350226,-4.424727465058162
v8,feat_gbm,0.25,42,103,-0.4067776067968378,-0.7652009130347144
v8,feat_gbm,0.25,42,104,-0.018613887141387262,-0.406664655497914
v8,feat_gbm,0.25,42,105,-3.5361411390367317,-2.8019031633754246
v8,feat_gbm,0.25,42,106,-0.834983783130214,-1.1978192780958505
v8,feat_gbm,0.25,42,107,-1.1847566368676758,-1.2497822804421463
v8,feat_gbm,0.25,42,108,0.035558743980292996,-0.2003702404752673
v8,feat_gbm,0.25,42,109,-0.3144514345719831,-0.28745536208379296
v8,feat_gbm,0.25,42,110,0.3686901758308148,0.2838469771831524
v8,feat_gbm,0.25,42,111,0.4909494463626652,0.6579850926301614
v8,feat_gbm,0.25,42,112,0.05223739942079127,-0.4279263804064609
v8,feat_gbm,0.25,42,113,0.655739709197311,0.527327823801956
v8,feat_gbm,0.25,42,114,-3.037235330185717,-3.652947895428966
v8,feat_gbm,0.25,42,115,0.012618542264756564,-0.04287987221360797
v8,feat_gbm,0.25,42,116,-2.8552930601456485,-3.4409421360670214
v8,feat_gbm,0.25,42,117,-2.919346945691483,-2.4284095097884006
v8,feat_gbm,0.25,42,118,-1.5667893813466733,-1.419217075367618
v8,feat_gbm,0.25,42,119,-1.378438693486508,-1.4944271796191557
v8,feat_gbm,0.25,42,120,-2.9179981234871595,-2.797137626437216
v8,feat_gbm,0.25,42,121,1.6774761099022906,3.1321125804877905
v8,feat_gbm,0.25,42,122,-2.068171274043508,-3.164895556438051
v8,feat_gbm,0.25,42,123,0.5289973100223221,-0.021234684620174846
v8,feat_gbm,0.25,42,124,-1.3959801188657488,-1.246001114532972
v8,feat_gbm,0.25,42,125,-2.782906650444729,-2.7130193085566443
v8,feat_gbm,0.25,42,126,-1.7538494164841458,-2.0560780011130944
v8,feat_gbm,0.25,42,127,-1.9820085267099132,-1.631222331554067
v8,feat_gbm,0.25,42,128,-2.5068571845741396,-3.477307725783656
v8,feat_gbm,0.25,42,129,1.0155042584276688,1.7007542891568868
v8,feat_gbm,0.25,42,130,-2.7204336403451235,-3.4021624962570822
v8,feat_gbm,0.25,42,131,-3.7945854518731092,-3.701149444421242
v8,feat_gbm,0.25,42,132,-0.1127122208524633,-0.4116741376471012
v8,feat_gbm,0.25,42,133,-0.30047293917446105,-0.5680375850475197
v8,feat_gbm,0.25,42,134,-2.0515371355081573,-1.4788189923590598
v8,feat_gbm,0.25,42,135,-2.7025985662743057,-2.9896549957503007
v8,feat_gbm,0.25,42,136,0.529959428318546,0.11194117436713467
v8,feat_gbm,0.25,42,137,1.0785073098425981,1.7147062893715772
v8,feat_gbm,0.25,42,138,-2.5526003952169205,-1.9709125209383296
v8,feat_gbm,0.25,42,139,-0.06764568271353147,0.19937477723826902
v8,feat_gbm,0.25,42,140,-2.549152540538453,-2.8223726616431475
v8,feat_gbm,0.25,42,141,-0.33960897420229,-0.12380828599000025
v8,feat_gbm,0.25,42,142,-2.6924561449725846,-2.97521232911642
v8,feat_gbm,0.25,42,143,-1.6277834188458273,-1.9484557479617686
v8,feat_gbm,0.25,42,144,0.7297729101144064,1.244093655886106
v8,feat_gbm,0.25,42,145,-2.094016980360703,-2.0280859266176816
v8,feat_gbm,0.25,42,146,-2.575958599942327,-2.0754073031653366
v8,feat_gbm,0.25,42,147,0.0840808420328353,-0.11331641159387335
v8,feat_gbm,0.25,42,148,-2.7100648689045608,-2.620298039600635
v8,feat_gbm,0.25,42,149,-2.7972962355308084,-3.8395532227602396
v8,feat_gbm,0.25,42,150,-1.4053908581124754,-2.149698272240366
v8,feat_gbm,0.25,42,151,-2.7663480509782135,-3.1594376779318036
v8,feat_gbm,0.25,42,152,-2.3570880386812196,-2.7712141114581046
v8,feat_gbm,0.25,42,153,-1.205006367094158,-1.1483368403810985
v8,feat_gbm,0.25,42,154,-1.5119062410558972,-1.4700676700115773
v8,feat_gbm,0.25,42,155,1.2524244858116387,1.4088416749712322
v8,feat_gbm,0.25,42,156,0.5393246113731919,0.7564704220494097
v8,feat_gbm,0.25,42,157,-1.8679677403021826,-1.7148995557963913
v8,feat_gbm,0.25,42,158,-1.4564888788041037,-2.8595355115547196
v8,feat_gbm,0.25,42,159,-1.1250063938181367,-0.9922400520728849
v8,feat_gbm,0.25,42,160,2.0446780219932146,1.8585227307534937
v8,feat_gbm,0.25,42,161,-2.299952420210643,-2.477654537850602
v8,feat_gbm,0.25,42,162,-3.0728030746715973,-2.993764039868935
v8,feat_gbm,0.25,42,163,-1.10942393343028,-1.1722671160336509
v8,feat_gbm,0.25,42,164,-1.9148517260805076,-1.6577576086204497
v8,feat_gbm,0.25,42,165,-2.3035922881038164,-2.9770186999323642
v8,feat_gbm,0.25,42,166,-3.0994412738173804,-3.2329952824425443
v8,feat_gbm,0.25,42,167,0.12093470892070671,0.19550508612775644
v8,feat_gbm,0.25,42,168,-1.1610484166526447,-1.2639642813248737
v8,feat_gbm,0.25,42,169,1.3787467067957047,1.4224064134580066
v8,feat_gbm,0.25,42,170,-1.464144748295042,-1.5303724784706008
v8,feat_gbm,0.25,42,171,0.8493232718308253,0.6086346650572224
v8,feat_gbm,0.25,42,172,-0.004716605806521145,-0.052232489626048526
v8,feat_gbm,0.25,42,173,-0.2483229716474537,-0.19074605880313256
v8,feat_gbm,0.25,42,174,-2.9403242480403566,-2.7678232596734214
v8,feat_gbm,0.25,42,175,-1.9318431985780822,-1.6557092188829319
v8,feat_gbm,0.25,42,176,0.06614291988944807,0.12081831439914445
v8,feat_gbm,0.25,42,177,1.0744033663768928,3.7031714993021168
v8,feat_gbm,0.25,42,178,0.14724313891493315,-0.17761292562564054
v8,feat_gbm,0.25,42,179,0.055659442371592566,0.2295122735959306
v8,feat_gbm,0.25,42,180,-1.1783320752106343,-1.6401012725318311
v8,feat_gbm,0.25,42,181,-2.4234401833061714,-3.399461101549646
v8,feat_gbm,0.25,42,182,0.5164270449551306,0.5421608664871393
v8,feat_gbm,0.25,42,183,-3.0410820892340293,-3.7858185839721776
v8,feat_gbm,0.25,42,184,0.389962805513855,0.4440956773301304
v8,feat_gbm,0.25,42,185,0.35064947581287215,0.5450962365111649
v8,feat_gbm,0.25,42,186,-2.7436698909949877,-3.094441269353033
v8,feat_gbm,0.25,42,187,1.1710717340420682,1.436275522654785
v8,feat_gbm,0.25,42,188,0.1671344130157291,-0.003208414280501246
v8,feat_gbm,0.25,42,189,-1.8676584343884528,-2.0766448721687736
v8,feat_gbm,0.25,42,190,-2.9249111161998758,-2.887011097372245
v8,feat_gbm,0.25,42,191,-0.150210312860562,-0.19564387773269687
v8,feat_gbm,0.25,42,192,-2.835321797701095,-3.39219136175158
v8,feat_gbm,0.25,42,193,-4.005772684202148,-4.804455114758695
v8,feat_gbm,0.25,42,194,-0.031451585413530714,-0.23230879418151415
v8,feat_gbm,0.25,42,195,0.8204672656053557,0.7768952289284052
v8,feat_gbm,0.25,42,196,-3.0312382067069144,-3.0758975731441707
v8,feat_gbm,0.25,42,197,1.9039674688140042,1.8852948766094535
v8,feat_gbm,0.25,42,198,0.16030279542118034,-0.07474663349946693
v8,feat_gbm,0.25,42,199,1.5002735919011105,0.9295509098669842
v8,feat_gbm,0.25,42,200,0.23810051734489818,0.40408761039079466
v8,feat_gbm,0.25,42,201,-1.268260138881116,-1.0185563947000995
v8,feat_gbm,0.25,42,202,-1.450035485728806,-1.5812541435625456
v8,feat_gbm,0.25,42,203,-2.6131825625404104,-2.9269603411540346
v8,feat_gbm,0.25,42,204,-0.4919935178537167,-0.9368237022381455
v8,feat_gbm,0.25,42,205,-0.6014535288469659,-0.771906247259438
v8,feat_gbm,0.25,42,206,-1.344768701799776,-1.4457766532498904
v8,feat_gbm,0.25,42,207,-2.4270207592202544,-2.4752738768021185
v8,feat_gbm,0.25,42,208,-3.791937853305603,-2.8789590131308262
v8,feat_gbm,0.25,42,209,-3.002401424607098,-2.6986856152036793
v8,feat_gbm,0.25,42,210,0.235660924505014,0.05837096406180189
v8,feat_gbm,0.25,42,211,-2.182701412335141,-2.2327070274631113
v8,feat_gbm,0.25,42,212,0.10025042979857483,0.15758807445032513
v8,feat_gbm,0.25,42,213,0.8366251465295824,0.5234750924970406
v8,feat_gbm,0.25,42,214,0.5786198942883447,0.8312555987922697
v8,feat_gbm,0.25,42,215,-0.7275214384628998,-0.7699972654610447
v8,feat_gbm,0.25,42,216,-2.1062349576589936,-2.4368834827463726
v8,feat_gbm,0.25,42,217,-3.4493145674881696,-3.7421886443248944
v8,feat_gbm,0.25,42,218,-3.604415457222942,-4.3753265313120195
v8,feat_gbm,0.25,42,219,0.26594836111238185,0.13181597567614448
v8,feat_gbm,0.25,42,220,-2.4057843124774756,-2.150299196146146
v8,feat_gbm,0.25,42,221,0.49489894026301623,0.4316281043505307
v8,feat_gbm,0.25,42,222,0.5887010158192398,0.20581216265343685
v8,feat_gbm,0.25,42,223,-1.3253478352864976,-1.7226779576420432
v8,feat_gbm,0.25,42,224,1.0746499620872936,1.0701061526100661
v8,feat_gbm,0.25,42,225,-3.113003062826957,-2.995983076644188
v8,feat_gbm,0.25,42,226,0.0015371394697496902,-0.39103048890459524
v8,feat_gbm,0.25,42,227,-2.0251269379317254,-2.811377433191803
v8,feat_gbm,0.25,42,228,0.07407448098892846,0.1103569248772952
v8,feat_gbm,0.25,42,229,0.9829124621600577,1.0926797996732165
v8,feat_gbm,0.25,42,230,-1.2497855032235938,-1.1465469989616057
v8,feat_gbm,0.25,42,231,-3.560243397829713,-3.7045714701961474
v8,feat_gbm,0.25,42,232,-0.11916764014355204,-0.3205795311611984
v8,feat_gbm,0.25,42,233,-0.5857474317662974,-0.7282288274356463
v8,feat_gbm,0.25,42,234,-0.342864637385478,-0.6143938277881194
v8,feat_gbm,0.25,42,235,-3.440340486031531,-3.717493513170671
v8,feat_gbm,0.25,42,236,-1.7223336171903945,-1.894186438607053
v8,feat_gbm,0.25,42,237,0.09970023449015895,0.19101892391720615
v8,feat_gbm,0.25,42,238,-2.4038426813346794,-2.723653519266766
v8,feat_gbm,0.25,42,239,0.18321855105439594,0.28172679866345784
v8,feat_gbm,0.25,42,240,-0.7636576072766599,-0.570916259780521
v8,feat_gbm,0.25,42,241,-1.1863128622868375,-3.037607674189957
v8,feat_gbm,0.25,42,242,-2.718319955454255,-2.4824067099880884
v8,feat_gbm,0.25,42,243,0.98224718906991,1.793244191067856
v8,feat_gbm,0.25,42,244,-2.3484931549717243,-2.170563194223024
v8,feat_gbm,0.25,42,245,-2.93468791361629,-2.5580286375581696
v8,feat_gbm,0.25,42,246,-2.8526425419924264,-3.9013363177662743
v8,feat_gbm,0.25,42,247,-1.0557461290636507,-1.2689211715035387
v8,feat_gbm,0.25,42,248,-2.912074039667649,-2.89795980370705
v8,feat_gbm,0.25,42,249,-0.48906523022095705,-1.149470325468549
v8,feat_gbm,0.25,42,250,-2.2852554239244944,-2.1803876537888693
v8,feat_gbm,0.25,42,251,-1.418292857652522,-1.2010659028736028
v8,feat_gbm,0.25,42,252,-2.570784475248924,-2.675840590612525
v8,feat_gbm,0.25,42,253,-1.343757444254178,-0.865421424414132
v8,feat_gbm,0.25,42,254,-0.5033451169020388,-0.45089388998719687
v8,feat_gbm,0.25,42,255,-1.5969898990263207,-1.477655138121315
v8,feat_gbm,0.25,42,256,-1.7171039164661501,-1.9234128661936198
v8,feat_gbm,0.25,42,257,-1.4369682087051638,-0.8895479413744646
v8,feat_gbm,0.25,42,258,-1.3557848920695188,-1.284701881398344
v8,feat_gbm,0.25,42,259,-0.027426267518832276,0.03791276039075724
v8,feat_gbm,0.25,42,260,-1.8660081758123148,-1.213907680807544
v8,feat_gbm,0.25,42,261,-0.2612343330960929,-0.6937064881158975
v8,feat_gbm,0.25,42,262,-3.1878330656881486,-2.500344974429108
v8,feat_gbm,0.25,42,263,-3.0422406558126394,-3.0782877743164985
v8,feat_gbm,0.25,42,264,-3.3886742254075846,-3.2702790535172426
v8,feat_gbm,0.25,42,265,-0.3114805040522564,-0.15746453031192983
v8,feat_gbm,0.25,42,266,-2.1118214731392895,-1.3930653126164372
v8,feat_gbm,0.25,42,267,-3.1644004988605987,-3.460520174484755
v8,feat_gbm,0.25,42,268,-1.9171974915736127,-1.8115923421665279
v8,feat_gbm,0.25,42,269,-0.14789326591495766,-0.04785951915829837
v8,feat_gbm,0.25,42,270,-1.1835442776877405,-1.3387838926701625
v8,feat_gbm,0.25,42,271,0.8168233978812549,0.6172482925771328
v8,feat_gbm,0.25,42,272,0.1143668233640286,0.10718580269537517
v8,feat_gbm,0.25,42,273,-2.4528145184267647,-2.4250613993713395
v8,feat_gbm,0.25,42,274,-0.15907250374519422,-0.4656136934058211
v8,feat_gbm,0.25,42,275,-1.9500500132280023,-1.7679071058666047
v8,feat_gbm,0.25,42,276,-0.19648752554201052,-0.15192249005847586
v8,feat_gbm,0.25,42,277,-0.17590040058616344,-0.22686658439221394
v8,feat_gbm,0.25,42,278,-0.3541063228202804,-0.3963273628232521
v8,feat_gbm,0.25,42,279,-2.1083590244105777,-2.1916982233579314
v8,feat_gbm,0.25,42,280,0.37262779150751196,0.5138857123822332
v8,feat_gbm,0.25,42,281,0.3359555080116838,0.13501120436460418
v8,feat_gbm,0.25,42,282,-0.2633978957078581,-0.35232291748203215
v8,feat_gbm,0.25,42,283,0.2334742613756409,0.33710059568630363
v8,feat_gbm,0.25,42,284,2.3017623780533367,2.2269494594330284
v8,feat_gbm,0.25,42,285,-0.7386721748412084,-0.8523290277873723
v8,feat_gbm,0.25,42,286,0.3147306597512627,0.5032694866056324
v8,feat_gbm,0.25,42,287,-2.8668655282361777,-3.0734310124071125
v8,feat_gbm,0.25,42,288,-2.6748525580811386,-3.0969464995649485
v8,feat_gbm,0.25,42,289,0.8676705116818831,0.8088909840914691
v8,feat_gbm,0.25,42,290,-1.3357610601895653,-1.710735902712342
v8,feat_gbm,0.25,42,291,0.32192962294391253,-0.24588513525180683
v8,feat_gbm,0.25,42,292,-3.0971095797545694,-2.9910915714149957
v8,feat_gbm,0.25,42,293,0.055437312713867995,0.24397961438558982
v8,feat_gbm,0.25,42,294,0.9801446653889229,0.9827222917401395
v8,feat_gbm,0.25,42,295,1.1443650984649818,1.5399914318848642
v8,feat_gbm,0.25,42,296,-2.4172647051138787,-3.028104854063688
v8,feat_gbm,0.25,42,297,-1.0312484755480493,-1.9675880903276046
v8,feat_gbm,0.25,42,298,0.3446879046699953,0.3882116190950413
v8,feat_gbm,0.25,42,299,-0.4877662059675431,-0.4169590587595381
v8,feat_gbm,0.25,42,300,-0.39408369571042734,-0.47104701624968015
v8,feat_gbm,0.25,42,301,-0.5100481482181919,-0.5788171023402015
v8,feat_gbm,0.25,42,302,-2.920424653916044,-3.325334912618423
v8,feat_gbm,0.25,42,303,0.1532286839854938,0.27214776974989446
v8,feat_gbm,0.25,42,304,0.2950068294124125,0.2838761456734127
v8,feat_gbm,0.25,42,305,0.9040872330874363,0.98356576927226
v8,feat_gbm,0.25,42,306,-1.8677133389969474,-2.324804251846344
v8,feat_gbm,0.25,42,307,-0.19766855641593795,-0.30060412365222405
v8,feat_gbm,0.25,42,308,-3.2432293759276627,-3.5706943269006843
v8,feat_gbm,0.25,42,309,0.9318493296781812,0.7657986236992217
v8,feat_gbm,0.25,42,310,-0.19863408508512348,-0.3760212383278314
v8,feat_gbm,0.25,42,311,0.9041574833377881,0.903367601886353
v8,feat_gbm,0.25,42,312,0.2664605886957562,0.2834145554969618
v8,feat_gbm,0.25,42,313,-0.44113406483318757,-0.8750381269167363
v8,feat_gbm,0.25,42,314,-0.7377729419106542,-0.8911054934067958
v8,feat_gbm,0.25,42,315,0.4425670769946922,0.2699623908229132
v8,feat_gbm,0.25,42,316,-3.243916576108325,-4.034449774534175
v8,feat_gbm,0.25,42,317,0.610488235944255,0.7302045063515665
v8,feat_gbm,0.25,42,318,-2.6173888614729286,-2.5264159394565007
v8,feat_gbm,0.25,42,319,-2.7453830604617226,-3.1280680478747835
v8,feat_gbm,0.25,42,320,-0.04608061846541438,-0.623194388118803
v8,feat_gbm,0.25,42,321,-3.618412682187505,-4.172922463867305
v8,feat_gbm,0.25,42,322,1.243333936993565,1.0714029341973417
v8,feat_gbm,0.25,42,323,-2.8439185134554266,-2.5538050374755565
v8,feat_gbm,0.25,42,324,-1.2194075590980837,-1.5310020975326282
v8,feat_gbm,0.25,42,325,-0.5904420991038514,-0.735749980772127
v8,feat_gbm,0.25,42,326,-0.5352057799424739,-0.5010306012352705
v8,feat_gbm,0.25,42,327,-3.897314238001468,-4.393123087746285
v8,feat_gbm,0.25,42,328,0.4936020595231697,0.6439364857563509
v8,feat_gbm,0.25,42,329,-2.5847482985694925,-2.60760252445046
v8,feat_gbm,0.25,42,330,0.5904985929099414,0.46983427811083467
v8,feat_gbm,0.25,42,331,-1.4863771373834564,-1.149354435920189
v8,feat_gbm,0.25,42,332,-1.56966193423472,-1.0961264399974935
v8,feat_gbm,0.25,42,333,0.935443847912027,1.4253561556633074
v8,feat_gbm,0.25,42,334,1.142042199398214,1.0406546288822482
v8,feat_gbm,0.25,42,335,-0.232694778927735,-0.1286217558512718
v8,feat_gbm,0.25,42,336,-1.7281912952533136,-1.7275974260064488
v8,feat_gbm,0.25,42,337,-3.9719358825055338,-4.535227665039715
v8,feat_gbm,0.25,42,338,-0.4956907219921797,-1.078833843619319
v8,feat_gbm,0.25,42,339,-2.556515850535833,-2.035297396751524
v8,feat_gbm,0.25,42,340,0.4916733237068181,0.4788286932125707
v8,feat_gbm,0.25,42,341,-1.1116590227915115,-0.4595082096564039
v8,feat_gbm,0.25,42,342,-3.3668988357738177,-3.653430804591794
v8,feat_gbm,0.25,42,343,0.36000626522843066,0.2834522663037432
v8,feat_gbm,0.25,42,344,0.15393348054828085,-0.15984972455285287
v8,feat_gbm,0.25,42,345,-2.629689666712535,-3.8822970119574354
v8,feat_gbm,0.25,42,346,-2.631327728278379,-2.5801989990218064
v8,feat_gbm,0.25,42,347,-3.2049016905642937,-3.2622630695286134
v8,feat_gbm,0.25,42,348,-0.20617641299609454,-0.4894561152880944
v8,feat_gbm,0.25,42,349,-2.9554142773094574,-3.0223552414624764
v8,feat_gbm,0.25,42,350,0.6179251398316363,0.4215072765335228
v8,feat_gbm,0.25,42,351,-1.7014737857229287,-1.8152752103400673
v8,feat_gbm,0.25,42,352,0.5666113665778769,1.102263670511441
v8,feat_gbm,0.25,42,353,0.9862391955965313,1.4454852001466738
v8,feat_gbm,0.25,42,354,-3.4188794715975215,-3.6770060333191017
v8,feat_gbm,0.25,42,355,-3.6335864773093616,-5.078652858832153
v8,feat_gbm,0.25,42,356,0.6600329990071199,0.7815322159665122
v8,feat_gbm,0.25,42,357,0.6489178312855379,0.6775133790495483
v8,feat_gbm,0.25,42,358,-2.904165394666707,-3.5163570325540956
v8,feat_gbm,0.25,42,359,-1.2189109571761123,-4.157760523739404
v8,feat_gbm,0.25,42,360,-0.3068831204530894,-0.18386357284099003
v8,feat_gbm,0.25,42,361,-3.314575210938341,-4.477383009144865
v8,feat_gbm,0.25,42,362,0.5869619676510179,0.2909126951240761
v8,feat_gbm,0.25,42,363,-2.8870849260642157,-3.5121531596302606
v8,feat_gbm,0.25,42,364,-0.11055374624998235,-0.0019354464452207268
v8,feat_gbm,0.25,42,365,-3.400374630698087,-3.264666087597375
v8,feat_gbm,0.25,42,366,-1.9965352679724346,-1.4961090632143375
v8,feat_gbm,0.25,42,367,0.008318188584270853,-0.10305907560987346
v8,feat_gbm,0.25,42,368,0.3056830650809779,0.24601275195113992
v8,feat_gbm,0.25,42,369,-1.2225937816820243,-1.6400355118163064
v8,feat_gbm,0.25,42,370,-1.7242593150842065,-1.5399226532969161
v8,feat_gbm,0.25,42,371,-0.07974420243746973,-0.3336387161155974
v8,feat_gbm,0.25,42,372,0.35259584513414405,0.3185760540422761
v8,feat_gbm,0.25,42,373,-0.1297236889321638,-0.30756424411789
v8,feat_gbm,0.25,42,374,-3.4895649091435508,-3.551435429619069
v8,feat_gbm,0.25,42,375,-0.013314241621938254,-0.12846918127015178
v8,feat_gbm,0.25,42,376,0.4391184043668314,0.43413099611324796
v8,feat_gbm,0.25,42,377,0.7587838081547706,0.8095384731463161
v8,feat_gbm,0.25,42,378,0.2829317151020294,0.20303525329731625
v8,feat_gbm,0.25,42,379,0.34710388415907883,0.524784145223057
v8,feat_gbm,0.25,42,380,0.5741340113430418,0.8722609808312535
v8,feat_gbm,0.25,42,381,0.7433381503148222,1.0190202163897197
v8,feat_gbm,0.25,42,382,0.8192262886663133,1.2715191268303472
v8,feat_gbm,0.25,42,383,-0.11873360363363474,-0.13923746667536385
v8,feat_gbm,0.25,42,384,-0.4553675854717213,-1.7983983483294153
v8,feat_gbm,0.25,42,385,0.595753987062291,0.5606037150840157
v8,feat_gbm,0.25,42,386,0.6538517343680935,0.6003456151224621
v8,feat_gbm,0.25,42,387,1.2780843826406123,1.3071718981356573
v8,feat_gbm,0.25,42,388,0.08465297021276988,-0.19457283568776126
v8,feat_gbm,0.25,42,389,-1.1543493518790136,-0.981880356960367
v8,feat_gbm,0.25,42,390,-2.883013744631217,-2.628024059072158
v8,feat_gbm,0.25,42,391,-2.306302036066847,-2.479262758098376
v8,feat_gbm,0.25,42,392,-2.2232225408616686,-2.207941629114672
v8,feat_gbm,0.25,42,393,-2.717371922850618,-2.806586620215901
v8,feat_gbm,0.25,42,394,-0.30890681990443525,-0.16842623590390868
v8,feat_gbm,0.25,42,395,0.31012485351561536,0.3596423409999632
v8,feat_gbm,0.25,42,396,-3.0319657768858,-3.117667066362407
v8,feat_gbm,0.25,42,397,0.5379906347656673,0.6134086288650079
v8,feat_gbm,0.25,42,398,0.5000392264243773,0.5049020087080688
v8,feat_gbm,0.25,42,399,-1.0373322851138906,-1.0548605918119196
v8,feat_gbm,0.25,42,400,-2.8960731043919528,-2.877676775828332
v8,feat_gbm,0.25,42,401,0.22731939344634958,0.015654415635624343
v8,feat_gbm,0.25,42,402,-0.6595909395763954,-0.7027824676465185
v8,feat_gbm,0.25,42,403,0.4450976015342504,0.6733427913489138
v8,feat_gbm,0.25,42,404,0.4510338129589041,0.03259550049258387
v8,feat_gbm,0.25,42,405,-3.0791317950892503,-3.4179416205706223
v8,feat_gbm,0.25,42,406,-2.1111491970608522,-1.6563158072976616
v8,feat_gbm,0.25,42,407,0.4840885594190237,0.3281041495218151
v8,feat_gbm,0.25,42,408,-1.0469356336451725,-1.498502430121411
v8,feat_gbm,0.25,42,409,-0.8524306514978599,-1.5390850133499359
v8,feat_gbm,0.25,42,410,-1.8783492154739136,-3.8769914364338094
v8,feat_gbm,0.25,42,411,-1.0773634258911888,-1.1093409530974205
v8,feat_gbm,0.25,42,412,-2.424028542492264,-2.1356441225652167
v8,feat_gbm,0.25,42,413,0.6236635359766484,0.5613925387002681
v8,feat_gbm,0.25,42,414,-2.485451481959433,-2.672303525149137
v8,feat_gbm,0.25,42,415,1.0714876616313742,0.9887747910888531
v8,feat_gbm,0.25,42,416,-3.1141242434446266,-2.064740642123073
v8,feat_gbm,0.25,42,417,0.08431948848865568,-0.13534283366780814
v8,feat_gbm,0.25,42,418,-0.16710841774895127,0.5266566940316069
v8,feat_gbm,0.25,42,419,-0.6341352147465527,-0.7929716308762645
v8,feat_gbm,0.25,42,420,0.41427664479463344,0.22081989653443584
v8,feat_gbm,0.25,42,421,-3.6889141722271814,-3.4911396429773087
v8,feat_gbm,0.25,42,422,-0.07237722506706724,0.4691563032653497
v8,feat_gbm,0.25,42,423,-0.2667945115163465,-0.21242164749251408
v8,feat_gbm,0.25,42,424,-3.195355263707069,-2.0235730224261497
v8,feat_gbm,0.25,42,425,-0.2921105194065148,0.1881042769243711
v8,feat_gbm,0.25,42,426,-0.6848315543287969,-0.7546830882020855
v8,feat_gbm,0.25,42,427,-1.3535015046818448,-2.004418163271322
v8,feat_gbm,0.25,42,428,0.0379039170729217,0.08108350485015015
v8,feat_gbm,0.25,42,429,-1.1496677064638727,-0.8958783842144782
v8,feat_gbm,0.25,42,430,-0.5312826787092204,-0.700178367515834
v8,feat_gbm,0.25,42,431,-1.9706184792338002,-2.026447754843476
v8,feat_gbm,0.25,42,432,-3.3784874298302556,-3.3644112924118934
v8,feat_gbm,0.25,42,433,-2.758373379831207,-2.4777804975332844
v8,feat_gbm,0.25,42,434,-3.66262625324223,-3.6407879329147783
v8,feat_gbm,0.25,42,435,0.15203907169973108,0.8140524350977956
v8,feat_gbm,0.25,42,436,-0.47644546234358404,-0.6342245759550225
v8,feat_gbm,0.25,42,437,-0.4650099256348656,-1.0170271575608654
v8,feat_gbm,0.25,42,438,0.7589061206874603,1.2058566336630974
v8,feat_gbm,0.25,42,439,1.079341945057851,1.04159183954478
v8,feat_gbm,0.25,42,440,-0.5276704998368632,-0.383754051292973
v8,feat_gbm,0.25,42,441,1.1124348814650435,0.9717849563735496
v8,feat_gbm,0.25,42,442,0.9499578043183563,0.915394257773604
v8,feat_gbm,0.25,42,443,-0.3346003280043885,0.17619398118278368
v8,feat_gbm,0.25,42,444,-2.8518949930516184,-2.3026142847949007
v8,feat_gbm,0.25,42,445,-0.8084077946092059,-2.156995715227189
v8,feat_gbm,0.25,42,446,-2.0660157585512273,-1.9647154613855007
v8,feat_gbm,0.25,42,447,-1.1631564653399373,-1.2167428909736953
v8,feat_gbm,0.25,42,448,-0.45577427080951727,0.371748058948411
v8,feat_gbm,0.25,42,449,-2.8552930601456485,-3.354914600670279
v8,feat_gbm,0.25,42,450,-1.640579954789295,-2.0984010901330774
v8,feat_gbm,0.25,42,451,-1.6718483879528763,-1.8411195968283314
v8,feat_gbm,0.25,42,452,-0.19341724131630264,-0.2866386615093297
v8,feat_gbm,0.25,42,453,-1.9536340785285229,-2.1769502099219324
v8,feat_gbm,0.25,42,454,0.3398477840927424,0.851829112076475
v8,feat_gbm,0.25,42,455,0.02284124520301145,-0.5174982843777256
v8,feat_gbm,0.25,42,456,-3.0296379226699335,-3.7883351795095335
v8,feat_gbm,0.25,42,457,-2.099268032848835,-1.3225504843777425
v8,feat_gbm,0.25,42,458,-0.45327766847877693,-0.6304710111145473
v8,feat_gbm,0.25,42,459,-2.7298215020328582,-2.867776928577639
v8,feat_gbm,0.25,42,460,-0.07035962597839619,-0.20106453453544149
v8,feat_gbm,0.25,42,461,0.8100273616311383,0.565413433251147
v8,feat_gbm,0.25,42,462,0.33322338263334367,0.6531860801292728
v8,feat_gbm,0.25,42,463,-3.0262581538991284,-3.295531334571209
v8,feat_gbm,0.25,42,464,-1.550504221492111,-1.118951529136503
v8,feat_gbm,0.25,42,465,0.04032265208213619,0.08535922256033004
v8,feat_gbm,0.25,42,466,0.10829916931168174,0.2656879386171551
v8,feat_gbm,0.25,42,467,-1.091577485615478,-1.0764680911985907
v8,feat_gbm,0.25,42,468,2.1861188323088627,2.2503813782282114
v8,feat_gbm,0.25,42,469,-0.038822563777747406,-0.029700274932011248
v8,feat_gbm,0.25,42,470,-2.2520465221881274,-2.1918010579584375
v8,feat_gbm,0.25,42,471,-0.07170899683831261,-0.12537364897776127
v8,feat_gbm,0.25,42,472,-1.4867942620077712,-1.3714574409892777
v8,feat_gbm,0.25,42,473,-1.0597543921348485,-1.0216450817816245
v8,feat_gbm,0.25,42,474,-0.4125328134854624,-0.8313233833759152
v8,feat_gbm,0.25,42,475,-3.0802817474066404,-3.25243582884057
v8,feat_gbm,0.25,42,476,0.7489043982346268,0.8737365575305754
v8,feat_gbm,0.25,42,477,-2.21707087729015,-1.8373017486027088
v8,feat_gbm,0.25,42,478,-1.7485418198174012,-1.909749317133085
v8,feat_gbm,0.25,42,479,0.545594929675217,0.418341725137149
v8,feat_gbm,0.25,42,480,-2.6390445548867083,-2.8689304810445995
v8,feat_gbm,0.25,42,481,-3.218174514629802,-3.9192950012633494
v8,feat_gbm,0.25,42,482,0.7494357911037929,0.8191907452202399
v8,feat_gbm,0.25,42,483,-1.9971802507907188,-2.7371748494528005
v8,feat_gbm,0.25,42,484,-0.14535878238644548,0.043868991079412875
v8,feat_gbm,0.25,42,485,-2.467962151686547,-3.9571024828402512
v8,feat_gbm,0.25,42,486,-0.759219120301684,-0.8286091055291892
v8,feat_gbm,0.25,42,487,1.0953548027197757,1.1086460137612473
v8,feat_gbm,0.25,42,488,-0.6559239939871839,-1.0899995989348372
v8,feat_gbm,0.25,42,489,-2.834645237719761,-2.9260181182274523
v8,feat_gbm,0.25,42,490,0.016538589941200367,0.01778898425240747
v8,feat_gbm,0.25,42,491,-0.6308116961388551,-0.388546054063584
v8,feat_gbm,0.25,42,492,-0.7447548019329198,-0.8483910406321095
v8,feat_gbm,0.25,42,493,-2.4800840762225986,-2.4855190663855797
v8,feat_gbm,0.25,42,494,-0.2702877825984335,-0.6027729178489412
v8,feat_gbm,0.25,42,495,-1.9193808726217454,-1.5285925057254015
v8,feat_gbm,0.25,42,496,0.7218003002236151,1.0092174422839322
v8,feat_gbm,0.25,42,497,-2.622221788585289,-2.421052301727873
v8,feat_gbm,0.25,42,498,-2.9282023443536866,-3.2283141264699093
v8,feat_gbm,0.25,42,499,-3.692294353872149,-4.907212199848568
v8,feat_gbm,0.25,43,0,-0.4168914753884265,0.03894909458183669
v8,feat_gbm,0.25,43,1,-2.2750570091580413,-2.5052564746229193
v8,feat_gbm,0.25,43,2,0.5395038724088893,0.6287827851917782
v8,feat_gbm,0.25,43,3,-3.5903542733535994,-3.3447289283878643
v8,feat_gbm,0.25,43,4,0.9402314750667885,0.9694015026406426
v8,feat_gbm,0.25,43,5,-2.000372721321195,-2.4693709778233526
v8,feat_gbm,0.25,43,6,-0.13177253182945234,-0.2819211013310965
v8,feat_gbm,0.25,43,7,0.7702790539211148,0.5289578846490461
v8,feat_gbm,0.25,43,8,0.2566323086248771,0.032863622186365654
v8,feat_gbm,0.25,43,9,1.1482630551055735,0.9352707853930591
v8,feat_gbm,0.25,43,10,-1.544426427373098,-1.5987558134683666
v8,feat_gbm,0.25,43,11,-3.118256320078204,-3.2678706438993954
v8,feat_gbm,0.25,43,12,-2.403536282077354,-2.445380546146449
v8,feat_gbm,0.25,43,13,-0.26197481255994215,-0.4471217519653716
v8,feat_gbm,0.25,43,14,-1.9527610974682814,-1.8343062920535937
v8,feat_gbm,0.25,43,15,-2.099133225849677,-2.278287047942225
v8,feat_gbm,0.25,43,16,-1.0094777023372454,-1.113015507562239
v8,feat_gbm,0.25,43,17,-1.315187224654097,-1.149386040828735
v8,feat_gbm,0.25,43,18,-0.35625798018988236,-0.4541092694382234
v8,feat_gbm,0.25,43,19,-2.5796499548329503,-2.8798658660471284
v8,feat_gbm,0.25,43,20,-2.9449317483725173,-3.281006200299989
v8,feat_gbm,0.25,43,21,-1.1258120251611239,-0.7889402030111288
v8,feat_gbm,0.25,43,22,-0.3496634363522126,-0.48114593055133975
v8,feat_gbm,0.25,43,23,-3.110377675642179,-2.8038114998165153
v8,feat_gbm,0.25,43,24,-2.925878153004536,-2.6726430450531393
v8,feat_gbm,0.25,43,25,-3.4853770369894597,-3.141178249464176
v8,feat_gbm,0.25,43,26,-3.436319848188275,-3.8612362310489847
v8,feat_gbm,0.25,43,27,-3.089360460807923,-3.085821277369337
v8,feat_gbm,0.25,43,28,-3.0233160104946997,-2.1153791712035637
v8,feat_gbm,0.25,43,29,-0.3995846911806874,-0.5854112868629942
v8,feat_gbm,0.25,43,30,0.29552972470065125,0.13849791927417068
v8,feat_gbm,0.25,43,31,-2.8401771530630606,-2.779654184179668
v8,feat_gbm,0.25,43,32,1.4349761998552908,0.9166392391011026
v8,feat_gbm,0.25,43,33,-2.0107384442585414,-2.134444297962007
v8,feat_gbm,0.25,43,34,1.3229766685186688,1.1224191581864646
v8,feat_gbm,0.25,43,35,-3.242975456937691,-2.7514680837461087
v8,feat_gbm,0.25,43,36,0.5145519550730415,0.7493710802437775
v8,feat_gbm,0.25,43,37,-1.912771840613759,-2.157600461660938
v8,feat_gbm,0.25,43,38,-1.486618941951789,-1.7436371170468024
v8,feat_gbm,0.25,43,39,1.0247400729928735,0.632388610685479
v8,feat_gbm,0.25,43,40,-1.8182021511574864,-1.5024753827969588
v8,feat_gbm,0.25,43,41,-2.3678853471331336,-2.936018587066778
v8,feat_gbm,0.25,43,42,-0.19216205152031468,-0.06406961406287034
v8,feat_gbm,0.25,43,43,-0.3101302731914833,-0.43711075337934485
v8,feat_gbm,0.25,43,44,0.6585801813604204,0.521724778538647
v8,feat_gbm,0.25,43,45,0.8619232105714566,-0.02881562555915001
v8,feat_gbm,0.25,43,46,-2.4720992729433897,-2.6856700943784895
v8,feat_gbm,0.25,43,47,-3.092324623955349,-3.3419513202228783
v8,feat_gbm,0.25,43,48,-0.3725980083334684,-0.35240032436669677
v8,feat_gbm,0.25,43,49,-3.741875588379481,-4.466027560457086
v8,feat_gbm,0.25,43,50,-0.9556643139414408,-1.2227887404747313
v8,feat_gbm,0.25,43,51,-3.6956927304741654,-4.168130875201601
v8,feat_gbm,0.25,43,52,-1.796472473396106,-2.1825653069440887
v8,feat_gbm,0.25,43,53,-3.096034321046558,-2.816977102698189
v8,feat_gbm,0.25,43,54,-0.6310298145736791,-0.9520374156321785
v8,feat_gbm,0.25,43,55,0.3534139837738205,0.800460094219776
v8,feat_gbm,0.25,43,56,0.25908912722531613,0.2782562560211116
v8,feat_gbm,0.25,43,57,-0.33045405123561444,-0.7855200046266205
v8,feat_gbm,0.25,43,58,-2.95744604947727,-2.837973637743256
v8,feat_gbm,0.25,43,59,0.04393073077719606,0.3653424354755994
v8,feat_gbm,0.25,43,60,-2.8339984328484937,-3.145987746693799
v8,feat_gbm,0.25,43,61,-2.8026309719548523,-2.1381844357326614
v8,feat_gbm,0.25,43,62,0.4852437035179184,0.3908315550690521
v8,feat_gbm,0.25,43,63,-2.9120526076900366,-3.259739876316779
v8,feat_gbm,0.25,43,64,-2.749703727063107,-3.799325775609258
v8,feat_gbm,0.25,43,65,0.27703043801385446,0.2842997557356093
v8,feat_gbm,0.25,43,66,0.665339026417191,0.9099380077885143
v8,feat_gbm,0.25,43,67,0.43249479119246576,0.5741223235018287
v8,feat_gbm,0.25,43,68,1.3410244419534216,1.3807263582335993
v8,feat_gbm,0.25,43,69,0.9914003634952964,2.7357387204405055
v8,feat_gbm,0.25,43,70,0.0558485529629049,-0.3782017485149665
v8,feat_gbm,0.25,43,71,-0.4565592630480207,-0.6946521973220513
v8,feat_gbm,0.25,43,72,-3.38577722363638,-3.510295151868067
v8,feat_gbm,0.25,43,73,-0.4143463191949661,-0.3643686170400702
v8,feat_gbm,0.25,43,74,0.6293717363261783,1.1835884152793859
v8,feat_gbm,0.25,43,75,0.019340631461408884,-0.38644824542838596
v8,feat_gbm,0.25,43,76,0.8296695023456051,0.7005004452467647
v8,feat_gbm,0.25,43,77,0.40277942498409697,0.3770911051312199
v8,feat_gbm,0.25,43,78,-0.47870023345465446,-0.5374783823521183
v8,feat_gbm,0.25,43,79,-2.504674733700441,-3.2499450611549854
v8,feat_gbm,0.25,43,80,-1.8058131548254208,-1.719925172279684
v8,feat_gbm,0.25,43,81,0.6980580168959123,1.8185710395242058
v8,feat_gbm,0.25,43,82,-1.2247873492303516,-1.0758778979961314
v8,feat_gbm,0.25,43,83,-0.6728597202918933,-0.8033140510569362
v8,feat_gbm,0.25,43,84,-1.930131838679746,-2.0837035815006346
v8,feat_gbm,0.25,43,85,-2.3177305598334574,-1.2430797823904942
v8,feat_gbm,0.25,43,86,0.7926167285379415,0.639317965424242
v8,feat_gbm,0.25,43,87,0.20479611474901488,-0.02321591952008587
v8,feat_gbm,0.25,43,88,-2.7629086805301077,-3.512086916650174
v8,feat_gbm,0.25,43,89,-1.7003197953824307,-1.684363733317816
v8,feat_gbm,0.25,43,90,-3.3301546681774448,-3.5341996208099964
v8,feat_gbm,0.25,43,91,0.9055651142312531,1.1574629997660548
v8,feat_gbm,0.25,43,92,-0.9264689331724787,-0.7651863719989663
v8,feat_gbm,0.25,43,93,-2.3604054700059116,-5.7708125015304885
v8,feat_gbm,0.25,43,94,0.21118361670171154,0.07374698385127064
v8,feat_gbm,0.25,43,95,0.6148647290149898,1.201566413592891
v8,feat_gbm,0.25,43,96,1.5622425001120883,1.2655480006709303
v8,feat_gbm,0.25,43,97,-2.9474478609155974,-3.2217777708537843
v8,feat_gbm,0.25,43,98,-1.0020956504407843,-1.2120387208328698
v8,feat_gbm,0.25,43,99,-0.4743575232373793,-0.04015373686183237
v8,feat_gbm,0.25,43,100,-2.412023864791033,-2.8384481914339785
v8,feat_gbm,0.25,43,101,-3.488105804211124,-3.541068619782685
v8,feat_gbm,0.25,43,102,-3.759332992577302,-4.424727465058162
v8,feat_gbm,0.25,43,103,-0.41538911093113456,-0.7652009130347144
v8,feat_gbm,0.25,43,104,-0.16591747891817554,-0.406664655497914
v8,feat_gbm,0.25,43,105,-3.437956272842609,-2.8019031633754246
v8,feat_gbm,0.25,43,106,-0.9723725804606347,-1.1978192780958505
v8,feat_gbm,0.25,43,107,-1.1577136459071051,-1.2497822804421463
v8,feat_gbm,0.25,43,108,-0.0920612925057042,-0.2003702404752673
v8,feat_gbm,0.25,43,109,-0.45516977540699627,-0.28745536208379296
v8,feat_gbm,0.25,43,110,0.3307695359239959,0.2838469771831524
v8,feat_gbm,0.25,43,111,0.5386080325730304,0.6579850926301614
v8,feat_gbm,0.25,43,112,-0.02840032959222392,-0.4279263804064609
v8,feat_gbm,0.25,43,113,0.6138879699565204,0.527327823801956
v8,feat_gbm,0.25,43,114,-2.968675470748752,-3.652947895428966
v8,feat_gbm,0.25,43,115,-0.11747363990371543,-0.04287987221360797
v8,feat_gbm,0.25,43,116,-2.8859760686714795,-3.4409421360670214
v8,feat_gbm,0.25,43,117,-2.926633456265045,-2.4284095097884006
v8,feat_gbm,0.25,43,118,-1.5671153268995246,-1.419217075367618
v8,feat_gbm,0.25,43,119,-1.4369651992583932,-1.4944271796191557
v8,feat_gbm,0.25,43,120,-2.9734145656756734,-2.797137626437216
v8,feat_gbm,0.25,43,121,1.6914338415210821,3.1321125804877905
v8,feat_gbm,0.25,43,122,-1.6743823442029435,-3.164895556438051
v8,feat_gbm,0.25,43,123,0.261814794983811,-0.021234684620174846
v8,feat_gbm,0.25,43,124,-1.4659504014231743,-1.246001114532972
v8,feat_gbm,0.25,43,125,-2.7719740921831897,-2.7130193085566443
v8,feat_gbm,0.25,43,126,-1.663465487721719,-2.0560780011130944
v8,feat_gbm,0.25,43,127,-1.8545614731277345,-1.631222331554067
v8,feat_gbm,0.25,43,128,-2.800018231403066,-3.477307725783656
v8,feat_gbm,0.25,43,129,0.9834366245222709,1.7007542891568868
v8,feat_gbm,0.25,43,130,-2.883193226030351,-3.4021624962570822
v8,feat_gbm,0.25,43,131,-3.736128438149815,-3.701149444421242
v8,feat_gbm,0.25,43,132,-0.4835859521412102,-0.4116741376471012
v8,feat_gbm,0.25,43,133,-0.44971963933579084,-0.5680375850475197
v8,feat_gbm,0.25,43,134,-2.1440125088006354,-1.4788189923590598
v8,feat_gbm,0.25,43,135,-2.51424237120275,-2.9896549957503007
v8,feat_gbm,0.25,43,136,0.41910149592784485,0.11194117436713467
v8,feat_gbm,0.25,43,137,0.948272045452156,1.7147062893715772
v8,feat_gbm,0.25,43,138,-2.30665631975051,-1.9709125209383296
v8,feat_gbm,0.25,43,139,0.11930220336134713,0.19937477723826902
v8,feat_gbm,0.25,43,140,-2.368352924443508,-2.8223726616431475
v8,feat_gbm,0.25,43,141,-0.2389247117179723,-0.12380828599000025
v8,feat_gbm,0.25,43,142,-2.6839942852697947,-2.97521232911642
v8,feat_gbm,0.25,43,143,-1.5086750283273669,-1.9484557479617686
v8,feat_gbm,0.25,43,144,0.9311910117479077,1.244093655886106
v8,feat_gbm,0.25,43,145,-1.9774360806226667,-2.0280859266176816
v8,feat_gbm,0.25,43,146,-2.6163317578956464,-2.0754073031653366
v8,feat_gbm,0.25,43,147,-0.1308597854058926,-0.11331641159387335
v8,feat_gbm,0.25,43,148,-2.7829993424201507,-2.620298039600635
v8,feat_gbm,0.25,43,149,-3.051333827969545,-3.8395532227602396
v8,feat_gbm,0.25,43,150,-1.300988162399787,-2.149698272240366
v8,feat_gbm,0.25,43,151,-2.871606886130353,-3.1594376779318036
v8,feat_gbm,0.25,43,152,-2.448437164815031,-2.7712141114581046
v8,feat_gbm,0.25,43,153,-1.277527222414158,-1.1483368403810985
v8,feat_gbm,0.25,43,154,-1.4278041927135958,-1.4700676700115773
v8,feat_gbm,0.25,43,155,1.0868027538868708,1.4088416749712322
v8,feat_gbm,0.25,43,156,0.5530304469035497,0.7564704220494097
v8,feat_gbm,0.25,43,157,-1.9341919525008482,-1.7148995557963913
v8,feat_gbm,0.25,43,158,-1.439182611798306,-2.8595355115547196
v8,feat_gbm,0.25,43,159,-1.103487770635624,-0.9922400520728849
v8,feat_gbm,0.25,43,160,2.0713721841816235,1.8585227307534937
v8,feat_gbm,0.25,43,161,-2.3330539112094093,-2.477654537850602
v8,feat_gbm,0.25,43,162,-3.043337097379774,-2.993764039868935
v8,feat_gbm,0.25,43,163,-1.0450464689588648,-1.1722671160336509
v8,feat_gbm,0.25,43,164,-1.9558689396571596,-1.6577576086204497
v8,feat_gbm,0.25,43,165,-2.398163287162016,-2.9770186999323642
v8,feat_gbm,0.25,43,166,-3.142596425946226,-3.2329952824425443
v8,feat_gbm,0.25,43,167,-0.07943429715211184,0.19550508612775644
v8,feat_gbm,0.25,43,168,-1.1514633579395115,-1.2639642813248737
v8,feat_gbm,0.25,43,169,1.191523209784244,1.4224064134580066
v8,feat_gbm,0.25,43,170,-1.4811783636476723,-1.5303724784706008
v8,feat_gbm,0.25,43,171,0.777764916205637,0.6086346650572224
v8,feat_gbm,0.25,43,172,0.11878409417870646,-0.052232489626048526
v8,feat_gbm,0.25,43,173,-0.23383638109033553,-0.19074605880313256
v8,feat_gbm,0.25,43,174,-2.8736264831208906,-2.7678232596734214
v8,feat_gbm,0.25,43,175,-1.8387710678752673,-1.6557092188829319
v8,feat_gbm,0.25,43,176,0.3142017151456637,0.12081831439914445
v8,feat_gbm,0.25,43,177,0.9400760934522806,3.7031714993021168
v8,feat_gbm,0.25,43,178,0.18272555189133452,-0.17761292562564054
v8,feat_gbm,0.25,43,179,0.19719073826233016,0.2295122735959306
v8,feat_gbm,0.25,43,180,-1.2557541349314758,-1.6401012725318311
v8,feat_gbm,0.25,43,181,-2.5647183219043765,-3.399461101549646
v8,feat_gbm,0.25,43,182,0.5792914381132129,0.5421608664871393
v8,feat_gbm,0.25,43,183,-3.073347266846111,-3.7858185839721776
v8,feat_gbm,0.25,43,184,0.31792726494488205,0.4440956773301304
v8,feat_gbm,0.25,43,185,0.4168785337446839,0.5450962365111649
v8,feat_gbm,0.25,43,186,-2.9099340356918844,-3.094441269353033
v8,feat_gbm,0.25,43,187,1.2578529819330908,1.436275522654785
v8,feat_gbm,0.25,43,188,0.21422223733235282,-0.003208414280501246
v8,feat_gbm,0.25,43,189,-1.9809708085177926,-2.0766448721687736
v8,feat_gbm,0.25,43,190,-3.12391113918686,-2.887011097372245
v8,feat_gbm,0.25,43,191,0.0686292014156826,-0.19564387773269687
v8,feat_gbm,0.25,43,192,-2.91687720193649,-3.39219136175158
v8,feat_gbm,0.25,43,193,-3.860167625308967,-4.804455114758695
v8,feat_gbm,0.25,43,194,0.11664318764955733,-0.23230879418151415
v8,feat_gbm,0.25,43,195,0.9295193390475703,0.7768952289284052
v8,feat_gbm,0.25,43,196,-3.115769335631899,-3.0758975731441707
v8,feat_gbm,0.25,43,197,1.8409647112115808,1.8852948766094535
v8,feat_gbm,0.25,43,198,0.03963500025595757,-0.07474663349946693
v8,feat_gbm,0.25,43,199,1.8900165606609562,0.9295509098669842
v8,feat_gbm,0.25,43,200,0.1231408173567161,0.40408761039079466
v8,feat_gbm,0.25,43,201,-1.4623104165546494,-1.0185563947000995
v8,feat_gbm,0.25,43,202,-1.3695577015755949,-1.5812541435625456
v8,feat_gbm,0.25,43,203,-2.737469617024223,-2.9269603411540346
v8,feat_gbm,0.25,43,204,-0.5780736230436002,-0.9368237022381455
v8,feat_gbm,0.25,43,205,-0.6580992131942273,-0.771906247259438
v8,feat_gbm,0.25,43,206,-1.2215947717699096,-1.4457766532498904
v8,feat_gbm,0.25,43,207,-2.480683431876148,-2.4752738768021185
v8,feat_gbm,0.25,43,208,-3.7127679385916745,-2.8789590131308262
v8,feat_gbm,0.25,43,209,-2.9975259666900853,-2.6986856152036793
v8,feat_gbm,0.25,43,210,0.23346737749835647,0.05837096406180189
v8,feat_gbm,0.25,43,211,-2.1255944826185655,-2.2327070274631113
v8,feat_gbm,0.25,43,212,0.10111296546070657,0.15758807445032513
v8,feat_gbm,0.25,43,213,0.8186316168852424,0.5234750924970406
v8,feat_gbm,0.25,43,214,0.683169947228155,0.8312555987922697
v8,feat_gbm,0.25,43,215,-0.7013514512088956,-0.7699972654610447
v8,feat_gbm,0.25,43,216,-2.124493063392963,-2.4368834827463726
v8,feat_gbm,0.25,43,217,-3.478515569415709,-3.7421886443248944
v8,feat_gbm,0.25,43,218,-3.14582721702143,-4.3753265313120195
v8,feat_gbm,0.25,43,219,0.0731953850224841,0.13181597567614448
v8,feat_gbm,0.25,43,220,-2.2490391801419545,-2.150299196146146
v8,feat_gbm,0.25,43,221,0.46190361012772635,0.4316281043505307
v8,feat_gbm,0.25,43,222,0.5133379607052099,0.20581216265343685
v8,feat_gbm,0.25,43,223,-1.1689692926500646,-1.7226779576420432
v8,feat_gbm,0.25,43,224,1.0767716392301958,1.0701061526100661
v8,feat_gbm,0.25,43,225,-3.256927333755508,-2.995983076644188
v8,feat_gbm,0.25,43,226,-0.096123968552922,-0.39103048890459524
v8,feat_gbm,0.25,43,227,-1.9024352992948264,-2.811377433191803
v8,feat_gbm,0.25,43,228,0.21553930295091353,0.1103569248772952
v8,feat_gbm,0.25,43,229,0.9566626414626412,1.0926797996732165
v8,feat_gbm,0.25,43,230,-1.3137402381558902,-1.1465469989616057
v8,feat_gbm,0.25,43,231,-3.483462270564671,-3.7045714701961474
v8,feat_gbm,0.25,43,232,-0.12164029775971115,-0.3205795311611984
v8,feat_gbm,0.25,43,233,-0.5455863352108886,-0.7282288274356463
v8,feat_gbm,0.25,43,234,-0.5607226259459668,-0.6143938277881194
v8,feat_gbm,0.25,43,235,-3.3554893045826555,-3.717493513170671
v8,feat_gbm,0.25,43,236,-1.6605266623365345,-1.894186438607053
v8,feat_gbm,0.25,43,237,0.24253449649571523,0.19101892391720615
v8,feat_gbm,0.25,43,238,-2.491782917495454,-2.723653519266766
v8,feat_gbm,0.25,43,239,0.12347884220360089,0.28172679866345784
v8,feat_gbm,0.25,43,240,-1.0039463327608642,-0.570916259780521
v8,feat_gbm,0.25,43,241,-1.5239461325006072,-3.037607674189957
v8,feat_gbm,0.25,43,242,-3.136859070715586,-2.4824067099880884
v8,feat_gbm,0.25,43,243,0.9754117986387362,1.793244191067856
v8,feat_gbm,0.25,43,244,-2.5190295006248684,-2.170563194223024
v8,feat_gbm,0.25,43,245,-3.080155661855227,-2.5580286375581696
v8,feat_gbm,0.25,43,246,-2.908604062958691,-3.9013363177662743
v8,feat_gbm,0.25,43,247,-1.08587207590136,-1.2689211715035387
v8,feat_gbm,0.25,43,248,-2.877121664611818,-2.89795980370705
v8,feat_gbm,0.25,43,249,-0.8073017149272652,-1.149470325468549
v8,feat_gbm,0.25,43,250,-2.3024775329585845,-2.1803876537888693
v8,feat_gbm,0.25,43,251,-1.470598142148345,-1.2010659028736028
v8,feat_gbm,0.25,43,252,-2.4639598484046363,-2.675840590612525
v8,feat_gbm,0.25,43,253,-1.5748378852455456,-0.865421424414132
v8,feat_gbm,0.25,43,254,-0.40119727408360684,-0.45089388998719687
v8,feat_gbm,0.25,43,255,-1.6386533730945727,-1.477655138121315
v8,feat_gbm,0.25,43,256,-1.6879253242987378,-1.9234128661936198
v8,feat_gbm,0.25,43,257,-1.130185224042247,-0.8895479413744646
v8,feat_gbm,0.25,43,258,-1.26923408210489,-1.284701881398344
v8,feat_gbm,0.25,43,259,0.1057088842469993,0.03791276039075724
v8,feat_gbm,0.25,43,260,-1.9108860617599688,-1.213907680807544
v8,feat_gbm,0.25,43,261,0.07984664187000916,-0.6937064881158975
v8,feat_gbm,0.25,43,262,-2.5172877000278784,-2.500344974429108
v8,feat_gbm,0.25,43,263,-3.09359730116117,-3.0782877743164985
v8,feat_gbm,0.25,43,264,-3.4072864470602893,-3.2702790535172426
v8,feat_gbm,0.25,43,265,-0.32286534080401813,-0.15746453031192983
v8,feat_gbm,0.25,43,266,-2.110082820654824,-1.3930653126164372
v8,feat_gbm,0.25,43,267,-3.2942208548523833,-3.460520174484755
v8,feat_gbm,0.25,43,268,-2.1773345506744057,-1.8115923421665279
v8,feat_gbm,0.25,43,269,0.06559588154882698,-0.04785951915829837
v8,feat_gbm,0.25,43,270,-1.2597246643165252,-1.3387838926701625
v8,feat_gbm,0.25,43,271,0.7983970154451479,0.6172482925771328
v8,feat_gbm,0.25,43,272,-0.08699994605128371,0.10718580269537517
v8,feat_gbm,0.25,43,273,-2.5667602000068017,-2.4250613993713395
v8,feat_gbm,0.25,43,274,-0.09190981058468582,-0.4656136934058211
v8,feat_gbm,0.25,43,275,-2.339588337076496,-1.7679071058666047
v8,feat_gbm,0.25,43,276,-0.4778343406218922,-0.15192249005847586
v8,feat_gbm,0.25,43,277,-0.22116253031041208,-0.22686658439221394
v8,feat_gbm,0.25,43,278,-0.25026491917254473,-0.3963273628232521
v8,feat_gbm,0.25,43,279,-2.0120868664184726,-2.1916982233579314
v8,feat_gbm,0.25,43,280,0.2770139896775792,0.5138857123822332
v8,feat_gbm,0.25,43,281,0.13706926344631323,0.13501120436460418
v8,feat_gbm,0.25,43,282,-0.0972391723743978,-0.35232291748203215
v8,feat_gbm,0.25,43,283,0.39314921617260457,0.33710059568630363
v8,feat_gbm,0.25,43,284,2.3145694593209956,2.2269494594330284
v8,feat_gbm,0.25,43,285,-0.7251140344596924,-0.8523290277873723
v8,feat_gbm,0.25,43,286,0.3819816757598432,0.5032694866056324
v8,feat_gbm,0.25,43,287,-2.8275165318054745,-3.0734310124071125
v8,feat_gbm,0.25,43,288,-2.7413116950921785,-3.0969464995649485
v8,feat_gbm,0.25,43,289,0.8861669969360391,0.8088909840914691
v8,feat_gbm,0.25,43,290,-1.4395685067409874,-1.710735902712342
v8,feat_gbm,0.25,43,291,0.15746324994309288,-0.24588513525180683
v8,feat_gbm,0.25,43,292,-3.0940697216859188,-2.9910915714149957
v8,feat_gbm,0.25,43,293,0.23337666757557768,0.24397961438558982
v8,feat_gbm,0.25,43,294,1.0181296465383916,0.9827222917401395
v8,feat_gbm,0.25,43,295,0.9975871247970447,1.5399914318848642
v8,feat_gbm,0.25,43,296,-2.587235528923008,-3.028104854063688
v8,feat_gbm,0.25,43,297,-1.1865675835614815,-1.9675880903276046
v8,feat_gbm,0.25,43,298,0.5488557360390812,0.3882116190950413
v8,feat_gbm,0.25,43,299,-0.2929220048267274,-0.4169590587595381
v8,feat_gbm,0.25,43,300,-0.5105018601245591,-0.47104701624968015
v8,feat_gbm,0.25,43,301,-0.47320642985260813,-0.5788171023402015
v8,feat_gbm,0.25,43,302,-3.0297980693930335,-3.325334912618423
v8,feat_gbm,0.25,43,303,0.3066938164044063,0.27214776974989446
v8,feat_gbm,0.25,43,304,0.3829233947027549,0.2838761456734127
v8,feat_gbm,0.25,43,305,0.7882982969024681,0.98356576927226
v8,feat_gbm,0.25,43,306,-1.9869537169751488,-2.324804251846344
v8,feat_gbm,0.25,43,307,-0.3009566623848502,-0.30060412365222405
v8,feat_gbm,0.25,43,308,-3.0759020863061197,-3.5706943269006843
v8,feat_gbm,0.25,43,309,0.8537319245939085,0.7657986236992217
v8,feat_gbm,0.25,43,310,-0.17883621039430073,-0.3760212383278314
v8,feat_gbm,0.25,43,311,0.9552239182001198,0.903367601886353
v8,feat_gbm,0.25,43,312,0.3262223732709611,0.2834145554969618
v8,feat_gbm,0.25,43,313,-0.297691095951052,-0.8750381269167363
v8,feat_gbm,0.25,43,314,-0.6105581371388824,-0.8911054934067958
v8,feat_gbm,0.25,43,315,0.4166940275578409,0.2699623908229132
v8,feat_gbm,0.25,43,316,-3.189669957776746,-4.034449774534175
v8,feat_gbm,0.25,43,317,0.545159536267606,0.7302045063515665
v8,feat_gbm,0.25,43,318,-2.693575776383837,-2.5264159394565007
v8,feat_gbm,0.25,43,319,-3.0584757711333173,-3.1280680478747835
v8,feat_gbm,0.25,43,320,-0.07428915793541112,-0.623194388118803
v8,feat_gbm,0.25,43,321,-3.5772518319798596,-4.172922463867305
v8,feat_gbm,0.25,43,322,1.2592929066208904,1.0714029341973417
v8,feat_gbm,0.25,43,323,-2.910076747754417,-2.5538050374755565
v8,feat_gbm,0.25,43,324,-1.4051395611482447,-1.5310020975326282
v8,feat_gbm,0.25,43,325,-0.676142158273168,-0.735749980772127
v8,feat_gbm,0.25,43,326,-0.4869087280780362,-0.5010306012352705
v8,feat_gbm,0.25,43,327,-3.771496142461167,-4.393123087746285
v8,feat_gbm,0.25,43,328,0.516367328552225,0.6439364857563509
v8,feat_gbm,0.25,43,329,-2.5018358713283133,-2.60760252445046
v8,feat_gbm,0.25,43,330,0.7011743597194721,0.46983427811083467
v8,feat_gbm,0.25,43,331,-1.650365964571378,-1.149354435920189
v8,feat_gbm,0.25,43,332,-1.644759617479389,-1.0961264399974935
v8,feat_gbm,0.25,43,333,0.9054996191814016,1.4253561556633074
v8,feat_gbm,0.25,43,334,0.9862390873926952,1.0406546288822482
v8,feat_gbm,0.25,43,335,-0.12471857262403462,-0.1286217558512718
v8,feat_gbm,0.25,43,336,-1.60747286222621,-1.7275974260064488
v8,feat_gbm,0.25,43,337,-3.9309762654197216,-4.535227665039715
v8,feat_gbm,0.25,43,338,-0.26639400968881183,-1.078833843619319
v8,feat_gbm,0.25,43,339,-2.7803244021606695,-2.035297396751524
v8,feat_gbm,0.25,43,340,0.6067950861960401,0.4788286932125707
v8,feat_gbm,0.25,43,341,-1.2772129601982825,-0.4595082096564039
v8,feat_gbm,0.25,43,342,-3.3265733576797527,-3.653430804591794
v8,feat_gbm,0.25,43,343,0.5801296824354316,0.2834522663037432
v8,feat_gbm,0.25,43,344,0.16547217165809736,-0.15984972455285287
v8,feat_gbm,0.25,43,345,-2.6341798131565946,-3.8822970119574354
v8,feat_gbm,0.25,43,346,-2.674061082239039,-2.5801989990218064
v8,feat_gbm,0.25,43,347,-3.238739225732395,-3.2622630695286134
v8,feat_gbm,0.25,43,348,-0.33599326285007397,-0.4894561152880944
v8,feat_gbm,0.25,43,349,-2.986470451802974,-3.0223552414624764
v8,feat_gbm,0.25,43,350,0.5993008164907734,0.4215072765335228
v8,feat_gbm,0.25,43,351,-1.6529343258554383,-1.8152752103400673
v8,feat_gbm,0.25,43,352,0.9355481951621494,1.102263670511441
v8,feat_gbm,0.25,43,353,1.0707733865243232,1.4454852001466738
v8,feat_gbm,0.25,43,354,-3.4361600540243162,-3.6770060333191017
v8,feat_gbm,0.25,43,355,-3.6717236031900518,-5.078652858832153
v8,feat_gbm,0.25,43,356,0.5632982852313405,0.7815322159665122
v8,feat_gbm,0.25,43,357,0.8061984023886354,0.6775133790495483
v8,feat_gbm,0.25,43,358,-3.1477448246420026,-3.5163570325540956
v8,feat_gbm,0.25,43,359,-1.6323617413000109,-4.157760523739404
v8,feat_gbm,0.25,43,360,-0.2613617670014831,-0.18386357284099003
v8,feat_gbm,0.25,43,361,-3.32959949114914,-4.477383009144865
v8,feat_gbm,0.25,43,362,0.5239220162090973,0.2909126951240761
v8,feat_gbm,0.25,43,363,-2.8051216134151873,-3.5121531596302606
v8,feat_gbm,0.25,43,364,-0.6159736787927239,-0.0019354464452207268
v8,feat_gbm,0.25,43,365,-3.550588202509095,-3.264666087597375
v8,feat_gbm,0.25,43,366,-2.301489680051124,-1.4961090632143375
v8,feat_gbm,0.25,43,367,0.04217122016572124,-0.10305907560987346
v8,feat_gbm,0.25,43,368,0.27641053110977126,0.24601275195113992
v8,feat_gbm,0.25,43,369,-1.268063115547423,-1.6400355118163064
v8,feat_gbm,0.25,43,370,-1.887262281735643,-1.5399226532969161
v8,feat_gbm,0.25,43,371,-0.03367284739086565,-0.3336387161155974
v8,feat_gbm,0.25,43,372,0.32685975914826926,0.3185760540422761
v8,feat_gbm,0.25,43,373,-0.2055776574558382,-0.30756424411789
v8,feat_gbm,0.25,43,374,-3.5110590052288306,-3.551435429619069
v8,feat_gbm,0.25,43,375,0.00787895228507399,-0.12846918127015178
v8,feat_gbm,0.25,43,376,0.6651350818349713,0.43413099611324796
v8,feat_gbm,0.25,43,377,0.788287840572665,0.8095384731463161
v8,feat_gbm,0.25,43,378,0.2254162595154694,0.20303525329731625
v8,feat_gbm,0.25,43,379,0.5101034159208151,0.524784145223057
v8,feat_gbm,0.25,43,380,0.5010679825153429,0.8722609808312535
v8,feat_gbm,0.25,43,381,0.745347589443834,1.0190202163897197
v8,feat_gbm,0.25,43,382,0.9241343002507627,1.2715191268303472
v8,feat_gbm,0.25,43,383,0.014255381210351411,-0.13923746667536385
v8,feat_gbm,0.25,43,384,-0.7959698953190758,-1.7983983483294153
v8,feat_gbm,0.25,43,385,0.6422999623519968,0.5606037150840157
v8,feat_gbm,0.25,43,386,0.695655885577513,0.6003456151224621
v8,feat_gbm,0.25,43,387,1.307030730760907,1.3071718981356573
v8,feat_gbm,0.25,43,388,0.1131025887192409,-0.19457283568776126
v8,feat_gbm,0.25,43,389,-1.188031615413723,-0.981880356960367
v8,feat_gbm,0.25,43,390,-2.8903808320251487,-2.628024059072158
v8,feat_gbm,0.25,43,391,-2.2515414213998475,-2.479262758098376
v8,feat_gbm,0.25,43,392,-2.076432045840355,-2.207941629114672
v8,feat_gbm,0.25,43,393,-2.6294570567328006,-2.806586620215901
v8,feat_gbm,0.25,43,394,-0.25200005210653376,-0.16842623590390868
v8,feat_gbm,0.25,43,395,0.3502896971111309,0.3596423409999632
v8,feat_gbm,0.25,43,396,-2.997112571134516,-3.117667066362407
v8,feat_gbm,0.25,43,397,0.6973288803693231,0.6134086288650079
v8,feat_gbm,0.25,43,398,0.45203251588783694,0.5049020087080688
v8,feat_gbm,0.25,43,399,-1.1471653026627786,-1.0548605918119196
v8,feat_gbm,0.25,43,400,-3.2335215754378264,-2.877676775828332
v8,feat_gbm,0.25,43,401,0.274113510363609,0.015654415635624343
v8,feat_gbm,0.25,43,402,-0.6858329024451452,-0.7027824676465185
v8,feat_gbm,0.25,43,403,0.3836714796523229,0.6733427913489138
v8,feat_gbm,0.25,43,404,0.3702219940648912,0.03259550049258387
v8,feat_gbm,0.25,43,405,-3.0533216581657228,-3.4179416205706223
v8,feat_gbm,0.25,43,406,-2.184637701657121,-1.6563158072976616
v8,feat_gbm,0.25,43,407,0.6066979568623854,0.3281041495218151
v8,feat_gbm,0.25,43,408,-1.079053075807865,-1.498502430121411
v8,feat_gbm,0.25,43,409,-1.0719305904162915,-1.5390850133499359
v8,feat_gbm,0.25,43,410,-1.7339227996830675,-3.8769914364338094
v8,feat_gbm,0.25,43,411,-0.9465539880116075,-1.1093409530974205
v8,feat_gbm,0.25,43,412,-2.473709834659055,-2.1356441225652167
v8,feat_gbm,0.25,43,413,0.6299287572691613,0.5613925387002681
v8,feat_gbm,0.25,43,414,-2.47102665791119,-2.672303525149137
v8,feat_gbm,0.25,43,415,1.015490677848773,0.9887747910888531
v8,feat_gbm,0.25,43,416,-2.7605880973034815,-2.064740642123073
v8,feat_gbm,0.25,43,417,-0.030759649642893173,-0.13534283366780814
v8,feat_gbm,0.25,43,418,-0.032742171245553196,0.5266566940316069
v8,feat_gbm,0.25,43,419,-0.526044129228149,-0.7929716308762645
v8,feat_gbm,0.25,43,420,0.3839435915438595,0.22081989653443584
v8,feat_gbm,0.25,43,421,-3.6738113192884807,-3.4911396429773087
v8,feat_gbm,0.25,43,422,-0.12539078251303043,0.4691563032653497
v8,feat_gbm,0.25,43,423,-0.2790749369075008,-0.21242164749251408
v8,feat_gbm,0.25,43,424,-3.229025940281666,-2.0235730224261497
v8,feat_gbm,0.25,43,425,-0.09958963320564278,0.1881042769243711
v8,feat_gbm,0.25,43,426,-0.7259659006778397,-0.7546830882020855
v8,feat_gbm,0.25,43,427,-1.6328212316652693,-2.004418163271322
v8,feat_gbm,0.25,43,428,0.15312014207262573,0.08108350485015015
v8,feat_gbm,0.25,43,429,-1.269096445869643,-0.8958783842144782
v8,feat_gbm,0.25,43,430,-0.45491889845153655,-0.700178367515834
v8,feat_gbm,0.25,43,431,-1.9787883775534072,-2.026447754843476
v8,feat_gbm,0.25,43,432,-3.353075090051155,-3.3644112924118934
v8,feat_gbm,0.25,43,433,-2.6655505439585228,-2.4777804975332844
v8,feat_gbm,0.25,43,434,-3.567527179550018,-3.6407879329147783
v8,feat_gbm,0.25,43,435,0.2970707448399793,0.8140524350977956
v8,feat_gbm,0.25,43,436,-0.5195694526652854,-0.6342245759550225
v8,feat_gbm,0.25,43,437,-0.8484958812456412,-1.0170271575608654
v8,feat_gbm,0.25,43,438,0.8598530179640698,1.2058566336630974
v8,feat_gbm,0.25,43,439,1.1377888834052265,1.04159183954478
v8,feat_gbm,0.25,43,440,-0.38407294325291935,-0.383754051292973
v8,feat_gbm,0.25,43,441,1.0879868424269024,0.9717849563735496
v8,feat_gbm,0.25,43,442,1.0694803971663354,0.915394257773604
v8,feat_gbm,0.25,43,443,-0.2492673299691418,0.17619398118278368
v8,feat_gbm,0.25,43,444,-2.8171158945014128,-2.3026142847949007
v8,feat_gbm,0.25,43,445,-0.7800638822972232,-2.156995715227189
v8,feat_gbm,0.25,43,446,-2.1069947785239402,-1.9647154613855007
v8,feat_gbm,0.25,43,447,-1.2167266353793462,-1.2167428909736953
v8,feat_gbm,0.25,43,448,-0.4031389970531852,0.371748058948411
v8,feat_gbm,0.25,43,449,-2.9040973616881325,-3.354914600670279
v8,feat_gbm,0.25,43,450,-1.562428455151865,-2.0984010901330774
v8,feat_gbm,0.25,43,451,-1.5854319646722674,-1.8411195968283314
v8,feat_gbm,0.25,43,452,-0.14377066089090434,-0.2866386615093297
v8,feat_gbm,0.25,43,453,-1.9981278845512565,-2.1769502099219324
v8,feat_gbm,0.25,43,454,0.24771318113437835,0.851829112076475
v8,feat_gbm,0.25,43,455,-0.09549074862226929,-0.5174982843777256
v8,feat_gbm,0.25,43,456,-2.9398052863047828,-3.7883351795095335
v8,feat_gbm,0.25,43,457,-1.9301581995001722,-1.3225504843777425
v8,feat_gbm,0.25,43,458,-0.463027784858902,-0.6304710111145473
v8,feat_gbm,0.25,43,459,-2.833678633077606,-2.867776928577639
v8,feat_gbm,0.25,43,460,0.05922067590081943,-0.20106453453544149
v8,feat_gbm,0.25,43,461,0.8293707869623174,0.565413433251147
v8,feat_gbm,0.25,43,462,0.4738599386233852,0.6531860801292728
v8,feat_gbm,0.25,43,463,-2.97754013496306,-3.295531334571209
v8,feat_gbm,0.25,43,464,-1.7151054461360138,-1.118951529136503
v8,feat_gbm,0.25,43,465,0.11749960694431952,0.08535922256033004
v8,feat_gbm,0.25,43,466,0.23840663277266758,0.2656879386171551
v8,feat_gbm,0.25,43,467,-1.0185193247118138,-1.0764680911985907
v8,feat_gbm,0.25,43,468,2.24190615218176,2.2503813782282114
v8,feat_gbm,0.25,43,469,0.1007070708506275,-0.029700274932011248
v8,feat_gbm,0.25,43,470,-2.2279004245153713,-2.1918010579584375
v8,feat_gbm,0.25,43,471,0.1539945276450433,-0.12537364897776127
v8,feat_gbm,0.25,43,472,-1.5010560720176278,-1.3714574409892777
v8,feat_gbm,0.25,43,473,-1.081970644598433,-1.0216450817816245
v8,feat_gbm,0.25,43,474,-0.3186078391185148,-0.8313233833759152
v8,feat_gbm,0.25,43,475,-3.046588089414392,-3.25243582884057
v8,feat_gbm,0.25,43,476,0.8164853244307176,0.8737365575305754
v8,feat_gbm,0.25,43,477,-2.3103260576879228,-1.8373017486027088
v8,feat_gbm,0.25,43,478,-1.833621181490597,-1.909749317133085
v8,feat_gbm,0.25,43,479,0.4077042335988287,0.418341725137149
v8,feat_gbm,0.25,43,480,-2.6882183113869123,-2.8689304810445995
v8,feat_gbm,0.25,43,481,-3.2242975922463994,-3.9192950012633494
v8,feat_gbm,0.25,43,482,0.573860699504796,0.8191907452202399
v8,feat_gbm,0.25,43,483,-2.279828048152692,-2.7371748494528005
v8,feat_gbm,0.25,43,484,-0.09834698656821113,0.043868991079412875
v8,feat_gbm,0.25,43,485,-2.744725225399292,-3.9571024828402512
v8,feat_gbm,0.25,43,486,-0.6969178511630382,-0.8286091055291892
v8,feat_gbm,0.25,43,487,1.41142222598973,1.1086460137612473
v8,feat_gbm,0.25,43,488,-0.6764196437912591,-1.0899995989348372
v8,feat_gbm,0.25,43,489,-2.7791732150506303,-2.9260181182274523
v8,feat_gbm,0.25,43,490,0.24419201836748855,0.01778898425240747
v8,feat_gbm,0.25,43,491,-0.635156355776879,-0.388546054063584
v8,feat_gbm,0.25,43,492,-0.7147875026453218,-0.8483910406321095
v8,feat_gbm,0.25,43,493,-2.495068374804329,-2.4855190663855797
v8,feat_gbm,0.25,43,494,-0.3393874162225943,-0.6027729178489412
v8,feat_gbm,0.25,43,495,-1.9116326447373213,-1.5285925057254015
v8,feat_gbm,0.25,43,496,0.8284745051428969,1.0092174422839322
v8,feat_gbm,0.25,43,497,-2.653047254245184,-2.421052301727873
v8,feat_gbm,0.25,43,498,-2.8061082210003216,-3.2283141264699093
v8,feat_gbm,0.25,43,499,-3.776306317701614,-4.907212199848568
v8,feat_gbm,0.25,44,0,-0.3271191041671406,0.03894909458183669
v8,feat_gbm,0.25,44,1,-2.1599306215623995,-2.5052564746229193
v8,feat_gbm,0.25,44,2,0.7071942977571714,0.6287827851917782
v8,feat_gbm,0.25,44,3,-3.4647259113127395,-3.3447289283878643
v8,feat_gbm,0.25,44,4,0.7041576965355576,0.9694015026406426
v8,feat_gbm,0.25,44,5,-2.2091542567639495,-2.4693709778233526
v8,feat_gbm,0.25,44,6,0.004917747020147702,-0.2819211013310965
v8,feat_gbm,0.25,44,7,0.9114969754803954,0.5289578846490461
v8,feat_gbm,0.25,44,8,0.24925362457229094,0.032863622186365654
v8,feat_gbm,0.25,44,9,1.046604035509668,0.9352707853930591
v8,feat_gbm,0.25,44,10,-1.5319784228643671,-1.5987558134683666
v8,feat_gbm,0.25,44,11,-3.1321757993348784,-3.2678706438993954
v8,feat_gbm,0.25,44,12,-2.538745081766928,-2.445380546146449
v8,feat_gbm,0.25,44,13,-0.29880753113707476,-0.4471217519653716
v8,feat_gbm,0.25,44,14,-2.018647112835121,-1.8343062920535937
v8,feat_gbm,0.25,44,15,-2.267104836637097,-2.278287047942225
v8,feat_gbm,0.25,44,16,-0.8769291778846725,-1.113015507562239
v8,feat_gbm,0.25,44,17,-1.3679642855528034,-1.149386040828735
v8,feat_gbm,0.25,44,18,-0.14373736533399464,-0.4541092694382234
v8,feat_gbm,0.25,44,19,-2.7190261416811956,-2.8798658660471284
v8,feat_gbm,0.25,44,20,-3.016565981472848,-3.281006200299989
v8,feat_gbm,0.25,44,21,-0.903789108974037,-0.7889402030111288
v8,feat_gbm,0.25,44,22,-0.27139857841772125,-0.48114593055133975
v8,feat_gbm,0.25,44,23,-3.1897686004994137,-2.8038114998165153
v8,feat_gbm,0.25,44,24,-2.927487443328341,-2.6726430450531393
v8,feat_gbm,0.25,44,25,-3.2817469809922573,-3.141178249464176
v8,feat_gbm,0.25,44,26,-3.3878023656106078,-3.8612362310489847
v8,feat_gbm,0.25,44,27,-3.091408525740403,-3.085821277369337
v8,feat_gbm,0.25,44,28,-2.8992513511327993,-2.1153791712035637
v8,feat_gbm,0.25,44,29,-0.3906777694393829,-0.5854112868629942
v8,feat_gbm,0.25,44,30,0.20761041327470223,0.13849791927417068
v8,feat_gbm,0.25,44,31,-2.752853945900237,-2.779654184179668
v8,feat_gbm,0.25,44,32,1.4024206429686514,0.9166392391011026
v8,feat_gbm,0.25,44,33,-2.18443109330728,-2.134444297962007
v8,feat_gbm,0.25,44,34,1.0297553144401452,1.1224191581864646
v8,feat_gbm,0.25,44,35,-3.0671859775771058,-2.7514680837461087
v8,feat_gbm,0.25,44,36,0.4942539586473303,0.7493710802437775
v8,feat_gbm,0.25,44,37,-1.687306960409756,-2.157600461660938
v8,feat_gbm,0.25,44,38,-1.567368140150184,-1.7436371170468024
v8,feat_gbm,0.25,44,39,0.7591569685422449,0.632388610685479
v8,feat_gbm,0.25,44,40,-1.8434077415549752,-1.5024753827969588
v8,feat_gbm,0.25,44,41,-2.4646670033616824,-2.936018587066778
v8,feat_gbm,0.25,44,42,-0.032400145221241246,-0.06406961406287034
v8,feat_gbm,0.25,44,43,-0.42522459699032605,-0.43711075337934485
v8,feat_gbm,0.25,44,44,0.546424266527673,0.521724778538647
v8,feat_gbm,0.25,44,45,0.47726996837703617,-0.02881562555915001
v8,feat_gbm,0.25,44,46,-2.5278322186667395,-2.6856700943784895
v8,feat_gbm,0.25,44,47,-3.0791678302303285,-3.3419513202228783
v8,feat_gbm,0.25,44,48,-0.4455684583380221,-0.35240032436669677
v8,feat_gbm,0.25,44,49,-3.794847640785051,-4.466027560457086
v8,feat_gbm,0.25,44,50,-0.8862781335205775,-1.2227887404747313
v8,feat_gbm,0.25,44,51,-3.629031957998311,-4.168130875201601
v8,feat_gbm,0.25,44,52,-1.735338222820152,-2.1825653069440887
v8,feat_gbm,0.25,44,53,-2.9985262923607836,-2.816977102698189
v8,feat_gbm,0.25,44,54,-0.4373105770792329,-0.9520374156321785
v8,feat_gbm,0.25,44,55,0.4959478112403611,0.800460094219776
v8,feat_gbm,0.25,44,56,0.11221985538791539,0.2782562560211116
v8,feat_gbm,0.25,44,57,-0.21857835304335177,-0.7855200046266205
v8,feat_gbm,0.25,44,58,-2.9722432297622903,-2.837973637743256
v8,feat_gbm,0.25,44,59,0.08328926924634512,0.3653424354755994
v8,feat_gbm,0.25,44,60,-2.9036463165089623,-3.145987746693799
v8,feat_gbm,0.25,44,61,-2.832643537143566,-2.1381844357326614
v8,feat_gbm,0.25,44,62,0.5577138506581939,0.3908315550690521
v8,feat_gbm,0.25,44,63,-2.9703115382751832,-3.259739876316779
v8,feat_gbm,0.25,44,64,-2.678066109858085,-3.799325775609258
v8,feat_gbm,0.25,44,65,0.27230066917349927,0.2842997557356093
v8,feat_gbm,0.25,44,66,0.822806817187465,0.9099380077885143
v8,feat_gbm,0.25,44,67,0.3434467252844802,0.5741223235018287
v8,feat_gbm,0.25,44,68,1.290386258591917,1.3807263582335993
v8,feat_gbm,0.25,44,69,0.9914577691674042,2.7357387204405055
v8,feat_gbm,0.25,44,70,-0.2663283305794903,-0.3782017485149665
v8,feat_gbm,0.25,44,71,-0.3671411092473404,-0.6946521973220513
v8,feat_gbm,0.25,44,72,-3.3925191302040067,-3.510295151868067
v8,feat_gbm,0.25,44,73,-0.44179303949502813,-0.3643686170400702
v8,feat_gbm,0.25,44,74,0.9568781097752193,1.1835884152793859
v8,feat_gbm,0.25,44,75,-0.02333712044932591,-0.38644824542838596
v8,feat_gbm,0.25,44,76,0.8779746074144928,0.7005004452467647
v8,feat_gbm,0.25,44,77,0.3782656007220891,0.3770911051312199
v8,feat_gbm,0.25,44,78,-0.4587186875039111,-0.5374783823521183
v8,feat_gbm,0.25,44,79,-2.9753938574695518,-3.2499450611549854
v8,feat_gbm,0.25,44,80,-1.9611252658413192,-1.719925172279684
v8,feat_gbm,0.25,44,81,0.6622658304191765,1.8185710395242058
v8,feat_gbm,0.25,44,82,-1.2522096484615477,-1.0758778979961314
v8,feat_gbm,0.25,44,83,-0.714871948494168,-0.8033140510569362
v8,feat_gbm,0.25,44,84,-1.8480940663390646,-2.0837035815006346
v8,feat_gbm,0.25,44,85,-2.1452626270119426,-1.2430797823904942
v8,feat_gbm,0.25,44,86,0.9210971591718956,0.639317965424242
v8,feat_gbm,0.25,44,87,0.079410290127432,-0.02321591952008587
v8,feat_gbm,0.25,44,88,-2.9265677315156213,-3.512086916650174
v8,feat_gbm,0.25,44,89,-2.031885812663539,-1.684363733317816
v8,feat_gbm,0.25,44,90,-3.25632333095123,-3.5341996208099964
v8,feat_gbm,0.25,44,91,0.8186996078751841,1.1574629997660548
v8,feat_gbm,0.25,44,92,-0.9253950517606359,-0.7651863719989663
v8,feat_gbm,0.25,44,93,-3.0138764018501316,-5.7708125015304885
v8,feat_gbm,0.25,44,94,0.19861282714851536,0.07374698385127064
v8,feat_gbm,0.25,44,95,0.6284077395487527,1.201566413592891
v8,feat_gbm,0.25,44,96,1.6510930136597022,1.2655480006709303
v8,feat_gbm,0.25,44,97,-2.9933552202476554,-3.2217777708537843
v8,feat_gbm,0.25,44,98,-1.0962320365125318,-1.2120387208328698
v8,feat_gbm,0.25,44,99,-0.417256896523278,-0.04015373686183237
v8,feat_gbm,0.25,44,100,-2.4186534498238834,-2.8384481914339785
v8,feat_gbm,0.25,44,101,-3.2897021761002208,-3.541068619782685
v8,feat_gbm,0.25,44,102,-3.8377614982348596,-4.424727465058162
v8,feat_gbm,0.25,44,103,-0.3046691172627208,-0.7652009130347144
v8,feat_gbm,0.25,44,104,-0.21035691875919674,-0.406664655497914
v8,feat_gbm,0.25,44,105,-3.1789792612872487,-2.8019031633754246
v8,feat_gbm,0.25,44,106,-0.8282558067240432,-1.1978192780958505
v8,feat_gbm,0.25,44,107,-1.1981425913267445,-1.2497822804421463
v8,feat_gbm,0.25,44,108,0.13255916358479888,-0.2003702404752673
v8,feat_gbm,0.25,44,109,-0.4185811809844396,-0.28745536208379296
v8,feat_gbm,0.25,44,110,0.26543103552031005,0.2838469771831524
v8,feat_gbm,0.25,44,111,0.5438789795839662,0.6579850926301614
v8,feat_gbm,0.25,44,112,-0.01029447667260297,-0.4279263804064609
v8,feat_gbm,0.25,44,113,0.67034725734853,0.527327823801956
v8,feat_gbm,0.25,44,114,-3.0092438233120014,-3.652947895428966
v8,feat_gbm,0.25,44,115,-0.11124108892167413,-0.04287987221360797
v8,feat_gbm,0.25,44,116,-2.8487562611852746,-3.4409421360670214
v8,feat_gbm,0.25,44,117,-2.9979964561351897,-2.4284095097884006
v8,feat_gbm,0.25,44,118,-1.5612154957443543,-1.419217075367618
v8,feat_gbm,0.25,44,119,-1.197585306685392,-1.4944271796191557
v8,feat_gbm,0.25,44,120,-2.986053628043982,-2.797137626437216
v8,feat_gbm,0.25,44,121,1.8383419163348336,3.1321125804877905
v8,feat_gbm,0.25,44,122,-2.2176232438294154,-3.164895556438051
v8,feat_gbm,0.25,44,123,0.35238475512407674,-0.021234684620174846
v8,feat_gbm,0.25,44,124,-1.493464554105283,-1.246001114532972
v8,feat_gbm,0.25,44,125,-3.011762934296164,-2.7130193085566443
v8,feat_gbm,0.25,44,126,-1.6281575588658348,-2.0560780011130944
v8,feat_gbm,0.25,44,127,-1.814693778113407,-1.631222331554067
v8,feat_gbm,0.25,44,128,-2.608205647138543,-3.477307725783656
v8,feat_gbm,0.25,44,129,1.072160125192807,1.7007542891568868
v8,feat_gbm,0.25,44,130,-2.509192917683698,-3.4021624962570822
v8,feat_gbm,0.25,44,131,-3.7681702492015923,-3.701149444421242
v8,feat_gbm,0.25,44,132,-0.22358123960163753,-0.4116741376471012
v8,feat_gbm,0.25,44,133,-0.2809608218197258,-0.5680375850475197
v8,feat_gbm,0.25,44,134,-2.285015118608864,-1.4788189923590598
v8,feat_gbm,0.25,44,135,-2.4334188846941838,-2.9896549957503007
v8,feat_gbm,0.25,44,136,0.4928344297582042,0.11194117436713467
v8,feat_gbm,0.25,44,137,1.212736644123029,1.7147062893715772
v8,feat_gbm,0.25,44,138,-2.463577673931282,-1.9709125209383296
v8,feat_gbm,0.25,44,139,-0.02562077546009253,0.19937477723826902
v8,feat_gbm,0.25,44,140,-2.46002177525648,-2.8223726616431475
v8,feat_gbm,0.25,44,141,-0.23842404005475995,-0.12380828599000025
v8,feat_gbm,0.25,44,142,-2.7509981420016754,-2.97521232911642
v8,feat_gbm,0.25,44,143,-1.7394640360751008,-1.9484557479617686
v8,feat_gbm,0.25,44,144,0.808490122836096,1.244093655886106
v8,feat_gbm,0.25,44,145,-2.1055260345168385,-2.0280859266176816
v8,feat_gbm,0.25,44,146,-2.6596559348318487,-2.0754073031653366
v8,feat_gbm,0.25,44,147,-0.12984629868697256,-0.11331641159387335
v8,feat_gbm,0.25,44,148,-2.8496138712670787,-2.620298039600635
v8,feat_gbm,0.25,44,149,-2.985999646669566,-3.8395532227602396
v8,feat_gbm,0.25,44,150,-1.6052531835587096,-2.149698272240366
v8,feat_gbm,0.25,44,151,-2.868452440992267,-3.1594376779318036
v8,feat_gbm,0.25,44,152,-2.3624968440504497,-2.7712141114581046
v8,feat_gbm,0.25,44,153,-1.4250639839248194,-1.1483368403810985
v8,feat_gbm,0.25,44,154,-1.4933107626599404,-1.4700676700115773
v8,feat_gbm,0.25,44,155,1.1087145850031144,1.4088416749712322
v8,feat_gbm,0.25,44,156,0.6835080144766613,0.7564704220494097
v8,feat_gbm,0.25,44,157,-1.9326458808263702,-1.7148995557963913
v8,feat_gbm,0.25,44,158,-1.208563654063549,-2.8595355115547196
v8,feat_gbm,0.25,44,159,-1.0835354224954712,-0.9922400520728849
v8,feat_gbm,0.25,44,160,2.130846905867799,1.8585227307534937
v8,feat_gbm,0.25,44,161,-2.1825282146670033,-2.477654537850602
v8,feat_gbm,0.25,44,162,-3.125145226858237,-2.993764039868935
v8,feat_gbm,0.25,44,163,-1.2308097792704256,-1.1722671160336509
v8,feat_gbm,0.25,44,164,-2.1485276743622848,-1.6577576086204497
v8,feat_gbm,0.25,44,165,-2.2147188835687923,-2.9770186999323642
v8,feat_gbm,0.25,44,166,-3.1743161600331966,-3.2329952824425443
v8,feat_gbm,0.25,44,167,-0.04151239831587236,0.19550508612775644
v8,feat_gbm,0.25,44,168,-1.1155498180223453,-1.2639642813248737
v8,feat_gbm,0.25,44,169,1.1837372144481932,1.4224064134580066
v8,feat_gbm,0.25,44,170,-1.4876573507668662,-1.5303724784706008
v8,feat_gbm,0.25,44,171,0.6381537189790987,0.6086346650572224
v8,feat_gbm,0.25,44,172,0.1019610127108462,-0.052232489626048526
v8,feat_gbm,0.25,44,173,-0.3160974270192374,-0.19074605880313256
v8,feat_gbm,0.25,44,174,-2.786724179235348,-2.7678232596734214
v8,feat_gbm,0.25,44,175,-1.7648341523483946,-1.6557092188829319
v8,feat_gbm,0.25,44,176,0.019175041794138387,0.12081831439914445
v8,feat_gbm,0.25,44,177,1.0497691564631761,3.7031714993021168
v8,feat_gbm,0.25,44,178,0.15608466573280746,-0.17761292562564054
v8,feat_gbm,0.25,44,179,0.2779090606345559,0.2295122735959306
v8,feat_gbm,0.25,44,180,-1.1793291275002256,-1.6401012725318311
v8,feat_gbm,0.25,44,181,-2.6559114702620494,-3.399461101549646
v8,feat_gbm,0.25,44,182,0.47301531434877947,0.5421608664871393
v8,feat_gbm,0.25,44,183,-3.3838413755066075,-3.7858185839721776
v8,feat_gbm,0.25,44,184,0.40191923383492834,0.4440956773301304
v8,feat_gbm,0.25,44,185,0.2522756304603416,0.5450962365111649
v8,feat_gbm,0.25,44,186,-2.893005781917846,-3.094441269353033
v8,feat_gbm,0.25,44,187,1.3517843677087003,1.436275522654785
v8,feat_gbm,0.25,44,188,0.17347109674575142,-0.003208414280501246
v8,feat_gbm,0.25,44,189,-1.909482076783726,-2.0766448721687736
v8,feat_gbm,0.25,44,190,-3.0293650119616684,-2.887011097372245
v8,feat_gbm,0.25,44,191,-0.03633164350752714,-0.19564387773269687
v8,feat_gbm,0.25,44,192,-2.6392576856133867,-3.39219136175158
v8,feat_gbm,0.25,44,193,-3.889766655902473,-4.804455114758695
v8,feat_gbm,0.25,44,194,-0.09491015998830624,-0.23230879418151415
v8,feat_gbm,0.25,44,195,0.8127603367072295,0.7768952289284052
v8,feat_gbm,0.25,44,196,-3.021164482019483,-3.0758975731441707
v8,feat_gbm,0.25,44,197,1.8905697384416866,1.8852948766094535
v8,feat_gbm,0.25,44,198,-0.05407862246275066,-0.07474663349946693
v8,feat_gbm,0.25,44,199,1.782242250776518,0.9295509098669842
v8,feat_gbm,0.25,44,200,0.18099481804920628,0.40408761039079466
v8,feat_gbm,0.25,44,201,-1.4503399396380905,-1.0185563947000995
v8,feat_gbm,0.25,44,202,-1.3011765311062449,-1.5812541435625456
v8,feat_gbm,0.25,44,203,-2.3965588529271287,-2.9269603411540346
v8,feat_gbm,0.25,44,204,-0.40771576049869235,-0.9368237022381455
v8,feat_gbm,0.25,44,205,-0.6674531940259961,-0.771906247259438
v8,feat_gbm,0.25,44,206,-1.5000071631716214,-1.4457766532498904
v8,feat_gbm,0.25,44,207,-2.4919263120398263,-2.4752738768021185
v8,feat_gbm,0.25,44,208,-3.893266270761042,-2.8789590131308262
v8,feat_gbm,0.25,44,209,-2.938185496712603,-2.6986856152036793
v8,feat_gbm,0.25,44,210,0.15913482130780013,0.05837096406180189
v8,feat_gbm,0.25,44,211,-2.1283880356584595,-2.2327070274631113
v8,feat_gbm,0.25,44,212,0.025573055555144556,0.15758807445032513
v8,feat_gbm,0.25,44,213,0.7710848863009386,0.5234750924970406
v8,feat_gbm,0.25,44,214,0.59058552749406,0.8312555987922697
v8,feat_gbm,0.25,44,215,-0.9248989272665337,-0.7699972654610447
v8,feat_gbm,0.25,44,216,-2.036403372633161,-2.4368834827463726
v8,feat_gbm,0.25,44,217,-3.5486080313940542,-3.7421886443248944
v8,feat_gbm,0.25,44,218,-3.1211926063362436,-4.3753265313120195
v8,feat_gbm,0.25,44,219,0.36487480359546226,0.13181597567614448
v8,feat_gbm,0.25,44,220,-2.4328277735868094,-2.150299196146146
v8,feat_gbm,0.25,44,221,0.2966778358094889,0.4316281043505307
v8,feat_gbm,0.25,44,222,0.6942965797701938,0.20581216265343685
v8,feat_gbm,0.25,44,223,-1.154355588259642,-1.7226779576420432
v8,feat_gbm,0.25,44,224,0.9567210492141948,1.0701061526100661
v8,feat_gbm,0.25,44,225,-3.1684352648854706,-2.995983076644188
v8,feat_gbm,0.25,44,226,-0.08756218585366797,-0.39103048890459524
v8,feat_gbm,0.25,44,227,-2.081747001542347,-2.811377433191803
v8,feat_gbm,0.25,44,228,0.16756394512088915,0.1103569248772952
v8,feat_gbm,0.25,44,229,0.9650242605100876,1.0926797996732165
v8,feat_gbm,0.25,44,230,-1.519918648328993,-1.1465469989616057
v8,feat_gbm,0.25,44,231,-3.4480911245054555,-3.7045714701961474
v8,feat_gbm,0.25,44,232,-0.14592128107823066,-0.3205795311611984
v8,feat_gbm,0.25,44,233,-0.4320504721000985,-0.7282288274356463
v8,feat_gbm,0.25,44,234,-0.6378673035060195,-0.6143938277881194
v8,feat_gbm,0.25,44,235,-3.2787150707630013,-3.717493513170671
v8,feat_gbm,0.25,44,236,-1.2762256783551844,-1.894186438607053
v8,feat_gbm,0.25,44,237,-0.06099840148608618,0.19101892391720615
v8,feat_gbm,0.25,44,238,-2.387977808765949,-2.723653519266766
v8,feat_gbm,0.25,44,239,0.09458463317790089,0.28172679866345784
v8,feat_gbm,0.25,44,240,-1.0207695920345308,-0.570916259780521
v8,feat_gbm,0.25,44,241,-1.3495550473771571,-3.037607674189957
v8,feat_gbm,0.25,44,242,-2.5352219589071576,-2.4824067099880884
v8,feat_gbm,0.25,44,243,1.1413841001338476,1.793244191067856
v8,feat_gbm,0.25,44,244,-2.5405764261837867,-2.170563194223024
v8,feat_gbm,0.25,44,245,-3.0688256742173117,-2.5580286375581696
v8,feat_gbm,0.25,44,246,-2.8593758621891627,-3.9013363177662743
v8,feat_gbm,0.25,44,247,-1.0779656451781174,-1.2689211715035387
v8,feat_gbm,0.25,44,248,-2.9109079957684783,-2.89795980370705
v8,feat_gbm,0.25,44,249,-0.535377441845596,-1.149470325468549
v8,feat_gbm,0.25,44,250,-2.3374497799312413,-2.1803876537888693
v8,feat_gbm,0.25,44,251,-1.4451070434707867,-1.2010659028736028
v8,feat_gbm,0.25,44,252,-2.4750240587097863,-2.675840590612525
v8,feat_gbm,0.25,44,253,-1.4156368719162973,-0.865421424414132
v8,feat_gbm,0.25,44,254,-0.377691830834314,-0.45089388998719687
v8,feat_gbm,0.25,44,255,-1.6430968141556594,-1.477655138121315
v8,feat_gbm,0.25,44,256,-1.8577918571291294,-1.9234128661936198
v8,feat_gbm,0.25,44,257,-1.3511277432365298,-0.8895479413744646
v8,feat_gbm,0.25,44,258,-0.9080115704503108,-1.284701881398344
v8,feat_gbm,0.25,44,259,0.03862149768608414,0.03791276039075724
v8,feat_gbm,0.25,44,260,-1.8842079470534243,-1.213907680807544
v8,feat_gbm,0.25,44,261,-0.11671083927095853,-0.6937064881158975
v8,feat_gbm,0.25,44,262,-2.666263420085191,-2.500344974429108
v8,feat_gbm,0.25,44,263,-3.179991836415047,-3.0782877743164985
v8,feat_gbm,0.25,44,264,-3.287602323596542,-3.2702790535172426
v8,feat_gbm,0.25,44,265,-0.25531086302434863,-0.15746453031192983
v8,feat_gbm,0.25,44,266,-2.0816351765725405,-1.3930653126164372
v8,feat_gbm,0.25,44,267,-3.1799842311148665,-3.460520174484755
v8,feat_gbm,0.25,44,268,-2.024192696368561,-1.8115923421665279
v8,feat_gbm,0.25,44,269,-0.28867841625465673,-0.04785951915829837
v8,feat_gbm,0.25,44,270,-1.2111988138353458,-1.3387838926701625
v8,feat_gbm,0.25,44,271,0.5756857068406337,0.6172482925771328
v8,feat_gbm,0.25,44,272,-0.02526503495561213,0.10718580269537517
v8,feat_gbm,0.25,44,273,-2.383639974718247,-2.4250613993713395
v8,feat_gbm,0.25,44,274,-0.05388848046129128,-0.4656136934058211
v8,feat_gbm,0.25,44,275,-2.783954052788758,-1.7679071058666047
v8,feat_gbm,0.25,44,276,-0.34877676087078424,-0.15192249005847586
v8,feat_gbm,0.25,44,277,-0.3026679893884099,-0.22686658439221394
v8,feat_gbm,0.25,44,278,-0.32776022342268274,-0.3963273628232521
v8,feat_gbm,0.25,44,279,-1.9880252287969433,-2.1916982233579314
v8,feat_gbm,0.25,44,280,0.40163339162619865,0.5138857123822332
v8,feat_gbm,0.25,44,281,0.2934947669752991,0.13501120436460418
v8,feat_gbm,0.25,44,282,-0.21214227705051653,-0.35232291748203215
v8,feat_gbm,0.25,44,283,0.2576153069293081,0.33710059568630363
v8,feat_gbm,0.25,44,284,2.512494484504532,2.2269494594330284
v8,feat_gbm,0.25,44,285,-0.809462161494433,-0.8523290277873723
v8,feat_gbm,0.25,44,286,0.2529633935075264,0.5032694866056324
v8,feat_gbm,0.25,44,287,-2.804168590649175,-3.0734310124071125
v8,feat_gbm,0.25,44,288,-2.623066603877253,-3.0969464995649485
v8,feat_gbm,0.25,44,289,0.9577090180625099,0.8088909840914691
v8,feat_gbm,0.25,44,290,-1.3125408427065424,-1.710735902712342
v8,feat_gbm,0.25,44,291,0.10833913600193024,-0.24588513525180683
v8,feat_gbm,0.25,44,292,-3.1477793833587957,-2.9910915714149957
v8,feat_gbm,0.25,44,293,0.257774637007934,0.24397961438558982
v8,feat_gbm,0.25,44,294,1.0107579735681806,0.9827222917401395
v8,feat_gbm,0.25,44,295,0.8217645638776723,1.5399914318848642
v8,feat_gbm,0.25,44,296,-2.4467577936050784,-3.028104854063688
v8,feat_gbm,0.25,44,297,-0.9962931603424973,-1.9675880903276046
v8,feat_gbm,0.25,44,298,0.41973753625765947,0.3882116190950413
v8,feat_gbm,0.25,44,299,-0.4567187235228351,-0.4169590587595381
v8,feat_gbm,0.25,44,300,-0.47966251861880566,-0.47104701624968015
v8,feat_gbm,0.25,44,301,-0.5227247100851066,-0.5788171023402015
v8,feat_gbm,0.25,44,302,-2.98469689708329,-3.325334912618423
v8,feat_gbm,0.25,44,303,0.17886407419521222,0.27214776974989446
v8,feat_gbm,0.25,44,304,0.43767345465531865,0.2838761456734127
v8,feat_gbm,0.25,44,305,0.8809050095202987,0.98356576927226
v8,feat_gbm,0.25,44,306,-2.0917974615111885,-2.324804251846344
v8,feat_gbm,0.25,44,307,-0.14013434821148632,-0.30060412365222405
v8,feat_gbm,0.25,44,308,-3.1502980867365387,-3.5706943269006843
v8,feat_gbm,0.25,44,309,0.7560887501569903,0.7657986236992217
v8,feat_gbm,0.25,44,310,-0.18139240861171635,-0.3760212383278314
v8,feat_gbm,0.25,44,311,0.8368866849756382,0.903367601886353
v8,feat_gbm,0.25,44,312,0.20413256109023875,0.2834145554969618
v8,feat_gbm,0.25,44,313,-0.5613928211148081,-0.8750381269167363
v8,feat_gbm,0.25,44,314,-0.7089800934021008,-0.8911054934067958
v8,feat_gbm,0.25,44,315,0.4831072375755449,0.2699623908229132
v8,feat_gbm,0.25,44,316,-3.105109454597736,-4.034449774534175
v8,feat_gbm,0.25,44,317,0.6040529877894628,0.7302045063515665
v8,feat_gbm,0.25,44,318,-2.628156819255621,-2.5264159394565007
v8,feat_gbm,0.25,44,319,-3.1807105894118277,-3.1280680478747835
v8,feat_gbm,0.25,44,320,-0.2308412599032889,-0.623194388118803
v8,feat_gbm,0.25,44,321,-3.5223938381472197,-4.172922463867305
v8,feat_gbm,0.25,44,322,1.0583641485473596,1.0714029341973417
v8,feat_gbm,0.25,44,323,-2.960021721840151,-2.5538050374755565
v8,feat_gbm,0.25,44,324,-1.2671788587087556,-1.5310020975326282
v8,feat_gbm,0.25,44,325,-0.6157551193515757,-0.735749980772127
v8,feat_gbm,0.25,44,326,-0.4877461650504811,-0.5010306012352705
v8,feat_gbm,0.25,44,327,-3.9563586606327594,-4.393123087746285
v8,feat_gbm,0.25,44,328,0.2833787514333603,0.6439364857563509
v8,feat_gbm,0.25,44,329,-2.532094807307927,-2.60760252445046
v8,feat_gbm,0.25,44,330,0.7144880508018134,0.46983427811083467
v8,feat_gbm,0.25,44,331,-1.6623133511243435,-1.149354435920189
v8,feat_gbm,0.25,44,332,-1.8463141056397787,-1.0961264399974935
v8,feat_gbm,0.25,44,333,1.0094708661809013,1.4253561556633074
v8,feat_gbm,0.25,44,334,1.0484117797933168,1.0406546288822482
v8,feat_gbm,0.25,44,335,-0.21470119241784627,-0.1286217558512718
v8,feat_gbm,0.25,44,336,-1.6538007851341117,-1.7275974260064488
v8,feat_gbm,0.25,44,337,-3.8877719679028337,-4.535227665039715
v8,feat_gbm,0.25,44,338,-0.5084071470454267,-1.078833843619319
v8,feat_gbm,0.25,44,339,-2.6660965547891666,-2.035297396751524
v8,feat_gbm,0.25,44,340,0.5368016947358254,0.4788286932125707
v8,feat_gbm,0.25,44,341,-1.3336279646242086,-0.4595082096564039
v8,feat_gbm,0.25,44,342,-3.345773362181181,-3.653430804591794
v8,feat_gbm,0.25,44,343,0.44726542400999275,0.2834522663037432
v8,feat_gbm,0.25,44,344,0.08243046379371466,-0.15984972455285287
v8,feat_gbm,0.25,44,345,-2.6759374710049295,-3.8822970119574354
v8,feat_gbm,0.25,44,346,-2.6478995411183908,-2.5801989990218064
v8,feat_gbm,0.25,44,347,-3.242211830363359,-3.2622630695286134
v8,feat_gbm,0.25,44,348,-0.2670243002314162,-0.4894561152880944
v8,feat_gbm,0.25,44,349,-2.992892010328493,-3.0223552414624764
v8,feat_gbm,0.25,44,350,0.6847146358272822,0.4215072765335228
v8,feat_gbm,0.25,44,351,-1.6185444662978277,-1.8152752103400673
v8,feat_gbm,0.25,44,352,1.0801618260696917,1.102263670511441
v8,feat_gbm,0.25,44,353,1.028009822553305,1.4454852001466738
v8,feat_gbm,0.25,44,354,-3.4429055510592037,-3.6770060333191017
v8,feat_gbm,0.25,44,355,-3.4829951527770446,-5.078652858832153
v8,feat_gbm,0.25,44,356,0.6027307376696617,0.7815322159665122
v8,feat_gbm,0.25,44,357,0.8239161916330958,0.6775133790495483
v8,feat_gbm,0.25,44,358,-2.9224077378738964,-3.5163570325540956
v8,feat_gbm,0.25,44,359,-1.260376654246611,-4.157760523739404
v8,feat_gbm,0.25,44,360,-0.28671280783289765,-0.18386357284099003
v8,feat_gbm,0.25,44,361,-3.1943659737496226,-4.477383009144865
v8,feat_gbm,0.25,44,362,0.48384434357884176,0.2909126951240761
v8,feat_gbm,0.25,44,363,-2.9714090372861697,-3.5121531596302606
v8,feat_gbm,0.25,44,364,-0.15103101004417138,-0.0019354464452207268
v8,feat_gbm,0.25,44,365,-3.3083408728879506,-3.264666087597375
v8,feat_gbm,0.25,44,366,-2.1608923234622774,-1.4961090632143375
v8,feat_gbm,0.25,44,367,0.061193037563751516,-0.10305907560987346
v8,feat_gbm,0.25,44,368,0.20807970362571912,0.24601275195113992
v8,feat_gbm,0.25,44,369,-1.1843723564780857,-1.6400355118163064
v8,feat_gbm,0.25,44,370,-1.867117869613696,-1.5399226532969161
v8,feat_gbm,0.25,44,371,-0.1917836127195082,-0.3336387161155974
v8,feat_gbm,0.25,44,372,0.35713188141145485,0.3185760540422761
v8,feat_gbm,0.25,44,373,-0.07188688394362447,-0.30756424411789
v8,feat_gbm,0.25,44,374,-3.4284256732623293,-3.551435429619069
v8,feat_gbm,0.25,44,375,0.12175952374834353,-0.12846918127015178
v8,feat_gbm,0.25,44,376,0.580509742664198,0.43413099611324796
v8,feat_gbm,0.25,44,377,0.6821198293518214,0.8095384731463161
v8,feat_gbm,0.25,44,378,0.175246608583204,0.20303525329731625
v8,feat_gbm,0.25,44,379,0.3721595509120187,0.524784145223057
v8,feat_gbm,0.25,44,380,0.5252189504260658,0.8722609808312535
v8,feat_gbm,0.25,44,381,0.5590225023324241,1.0190202163897197
v8,feat_gbm,0.25,44,382,0.8372260937150915,1.2715191268303472
v8,feat_gbm,0.25,44,383,-0.032349540771020036,-0.13923746667536385
v8,feat_gbm,0.25,44,384,-0.592094825406185,-1.7983983483294153
v8,feat_gbm,0.25,44,385,0.7665818268044856,0.5606037150840157
v8,feat_gbm,0.25,44,386,0.45815493397207174,0.6003456151224621
v8,feat_gbm,0.25,44,387,1.2830131534164435,1.3071718981356573
v8,feat_gbm,0.25,44,388,0.020379033158300707,-0.19457283568776126
v8,feat_gbm,0.25,44,389,-1.2445859591665678,-0.981880356960367
v8,feat_gbm,0.25,44,390,-2.974927183300893,-2.628024059072158
v8,feat_gbm,0.25,44,391,-2.3708819504563223,-2.479262758098376
v8,feat_gbm,0.25,44,392,-2.1729300884138762,-2.207941629114672
v8,feat_gbm,0.25,44,393,-2.8180686256276224,-2.806586620215901
v8,feat_gbm,0.25,44,394,-0.3223195275061048,-0.16842623590390868
v8,feat_gbm,0.25,44,395,0.08674060412024774,0.3596423409999632
v8,feat_gbm,0.25,44,396,-3.105360376550999,-3.117667066362407
v8,feat_gbm,0.25,44,397,0.666678368036281,0.6134086288650079
v8,feat_gbm,0.25,44,398,0.43976906723685283,0.5049020087080688
v8,feat_gbm,0.25,44,399,-0.8807730161194697,-1.0548605918119196
v8,feat_gbm,0.25,44,400,-3.193431767563672,-2.877676775828332
v8,feat_gbm,0.25,44,401,0.12554908924653232,0.015654415635624343
v8,feat_gbm,0.25,44,402,-0.599331652995111,-0.7027824676465185
v8,feat_gbm,0.25,44,403,0.4939475457954957,0.6733427913489138
v8,feat_gbm,0.25,44,404,0.3098371861946864,0.03259550049258387
v8,feat_gbm,0.25,44,405,-3.0960246757248817,-3.4179416205706223
v8,feat_gbm,0.25,44,406,-2.088245992712213,-1.6563158072976616
v8,feat_gbm,0.25,44,407,0.5256035490489117,0.3281041495218151
v8,feat_gbm,0.25,44,408,-1.0263741961431418,-1.498502430121411
v8,feat_gbm,0.25,44,409,-0.8669207803293205,-1.5390850133499359
v8,feat_gbm,0.25,44,410,-1.8181554494816414,-3.8769914364338094
v8,feat_gbm,0.25,44,411,-0.6500508818958125,-1.1093409530974205
v8,feat_gbm,0.25,44,412,-2.467531429063195,-2.1356441225652167
v8,feat_gbm,0.25,44,413,0.42442716016776844,0.5613925387002681
v8,feat_gbm,0.25,44,414,-2.461136374401502,-2.672303525149137
v8,feat_gbm,0.25,44,415,1.0772535062921986,0.9887747910888531
v8,feat_gbm,0.25,44,416,-2.7539498322373337,-2.064740642123073
v8,feat_gbm,0.25,44,417,0.013024836010792587,-0.13534283366780814
v8,feat_gbm,0.25,44,418,-0.3605421197290219,0.5266566940316069
v8,feat_gbm,0.25,44,419,-0.6409232748164441,-0.7929716308762645
v8,feat_gbm,0.25,44,420,0.5546106082351647,0.22081989653443584
v8,feat_gbm,0.25,44,421,-3.60759059404594,-3.4911396429773087
v8,feat_gbm,0.25,44,422,0.022449189912209844,0.4691563032653497
v8,feat_gbm,0.25,44,423,-0.13821319369433235,-0.21242164749251408
v8,feat_gbm,0.25,44,424,-3.405084108341185,-2.0235730224261497
v8,feat_gbm,0.25,44,425,-0.2871298326492553,0.1881042769243711
v8,feat_gbm,0.25,44,426,-0.8117840551461492,-0.7546830882020855
v8,feat_gbm,0.25,44,427,-1.6644227508846103,-2.004418163271322
v8,feat_gbm,0.25,44,428,0.006126097880798012,0.08108350485015015
v8,feat_gbm,0.25,44,429,-1.3352155537969561,-0.8958783842144782
v8,feat_gbm,0.25,44,430,-0.6623058656435726,-0.700178367515834
v8,feat_gbm,0.25,44,431,-1.9107108412850105,-2.026447754843476
v8,feat_gbm,0.25,44,432,-3.4064365382948605,-3.3644112924118934
v8,feat_gbm,0.25,44,433,-2.788061090469813,-2.4777804975332844
v8,feat_gbm,0.25,44,434,-3.822169505982678,-3.6407879329147783
v8,feat_gbm,0.25,44,435,0.272556733937405,0.8140524350977956
v8,feat_gbm,0.25,44,436,-0.41380627945106563,-0.6342245759550225
v8,feat_gbm,0.25,44,437,-0.6147461614319909,-1.0170271575608654
v8,feat_gbm,0.25,44,438,0.7728719382491359,1.2058566336630974
v8,feat_gbm,0.25,44,439,0.9935430124933192,1.04159183954478
v8,feat_gbm,0.25,44,440,-0.3743628569495746,-0.383754051292973
v8,feat_gbm,0.25,44,441,1.1935673430062979,0.9717849563735496
v8,feat_gbm,0.25,44,442,1.0369341489840191,0.915394257773604
v8,feat_gbm,0.25,44,443,-0.07605235435595852,0.17619398118278368
v8,feat_gbm,0.25,44,444,-2.8779558464304564,-2.3026142847949007
v8,feat_gbm,0.25,44,445,-0.6126286481327388,-2.156995715227189
v8,feat_gbm,0.25,44,446,-2.12033868251054,-1.9647154613855007
v8,feat_gbm,0.25,44,447,-1.1258362165448423,-1.2167428909736953
v8,feat_gbm,0.25,44,448,-0.4539925684110387,0.371748058948411
v8,feat_gbm,0.25,44,449,-2.866411202868726,-3.354914600670279
v8,feat_gbm,0.25,44,450,-1.8826472560446084,-2.0984010901330774
v8,feat_gbm,0.25,44,451,-1.726128549691069,-1.8411195968283314
v8,feat_gbm,0.25,44,452,-0.19380825917343306,-0.2866386615093297
v8,feat_gbm,0.25,44,453,-1.914400292748714,-2.1769502099219324
v8,feat_gbm,0.25,44,454,0.28873347972727725,0.851829112076475
v8,feat_gbm,0.25,44,455,-0.039180489575607255,-0.5174982843777256
v8,feat_gbm,0.25,44,456,-2.998893011499283,-3.7883351795095335
v8,feat_gbm,0.25,44,457,-1.850473119053383,-1.3225504843777425
v8,feat_gbm,0.25,44,458,-0.4875145174433344,-0.6304710111145473
v8,feat_gbm,0.25,44,459,-2.5995364302648674,-2.867776928577639
v8,feat_gbm,0.25,44,460,0.028909330645093004,-0.20106453453544149
v8,feat_gbm,0.25,44,461,0.9029017869032075,0.565413433251147
v8,feat_gbm,0.25,44,462,0.37300398626438774,0.6531860801292728
v8,feat_gbm,0.25,44,463,-2.9868686287958677,-3.295531334571209
v8,feat_gbm,0.25,44,464,-1.4081427191576867,-1.118951529136503
v8,feat_gbm,0.25,44,465,0.006126097880798012,0.08535922256033004
v8,feat_gbm,0.25,44,466,0.04890820668454185,0.2656879386171551
v8,feat_gbm,0.25,44,467,-1.050097958849329,-1.0764680911985907
v8,feat_gbm,0.25,44,468,2.306816149234182,2.2503813782282114
v8,feat_gbm,0.25,44,469,0.04531833873708832,-0.029700274932011248
v8,feat_gbm,0.25,44,470,-2.2743148231762755,-2.1918010579584375
v8,feat_gbm,0.25,44,471,-0.0434344901613524,-0.12537364897776127
v8,feat_gbm,0.25,44,472,-1.588630504998958,-1.3714574409892777
v8,feat_gbm,0.25,44,473,-0.9499217948664382,-1.0216450817816245
v8,feat_gbm,0.25,44,474,-0.466334103226345,-0.8313233833759152
v8,feat_gbm,0.25,44,475,-3.1364783082658274,-3.25243582884057
v8,feat_gbm,0.25,44,476,0.8117850849231458,0.8737365575305754
v8,feat_gbm,0.25,44,477,-2.186450924129668,-1.8373017486027088
v8,feat_gbm,0.25,44,478,-1.9462563480690258,-1.909749317133085
v8,feat_gbm,0.25,44,479,0.6438706126785962,0.418341725137149
v8,feat_gbm,0.25,44,480,-2.5584641707491422,-2.8689304810445995
v8,feat_gbm,0.25,44,481,-3.148600145462049,-3.9192950012633494
v8,feat_gbm,0.25,44,482,0.6182318254579353,0.8191907452202399
v8,feat_gbm,0.25,44,483,-2.14355727301701,-2.7371748494528005
v8,feat_gbm,0.25,44,484,0.056617523171661424,0.043868991079412875
v8,feat_gbm,0.25,44,485,-2.4547695950043913,-3.9571024828402512
v8,feat_gbm,0.25,44,486,-0.955047661919776,-0.8286091055291892
v8,feat_gbm,0.25,44,487,1.0497255542025432,1.1086460137612473
v8,feat_gbm,0.25,44,488,-0.6087731629075269,-1.0899995989348372
v8,feat_gbm,0.25,44,489,-2.7891799418241976,-2.9260181182274523
v8,feat_gbm,0.25,44,490,0.05628254966875905,0.01778898425240747
v8,feat_gbm,0.25,44,491,-0.5252925069032998,-0.388546054063584
v8,feat_gbm,0.25,44,492,-0.9450852865186636,-0.8483910406321095
v8,feat_gbm,0.25,44,493,-2.4922287030121293,-2.4855190663855797
v8,feat_gbm,0.25,44,494,-0.284161698089705,-0.6027729178489412
v8,feat_gbm,0.25,44,495,-1.9359950241383264,-1.5285925057254015
v8,feat_gbm,0.25,44,496,0.8106965895856171,1.0092174422839322
v8,feat_gbm,0.25,44,497,-2.700067226555122,-2.421052301727873
v8,feat_gbm,0.25,44,498,-3.057493093267538,-3.2283141264699093
v8,feat_gbm,0.25,44,499,-3.882082451263748,-4.907212199848568
v8,feat_gbm,0.25,45,0,-0.5361560158461331,0.03894909458183669
v8,feat_gbm,0.25,45,1,-2.3775074317661353,-2.5052564746229193
v8,feat_gbm,0.25,45,2,0.7823726895458338,0.6287827851917782
v8,feat_gbm,0.25,45,3,-3.4802603677133637,-3.3447289283878643
v8,feat_gbm,0.25,45,4,0.9008218181944463,0.9694015026406426
v8,feat_gbm,0.25,45,5,-1.9608913159652022,-2.4693709778233526
v8,feat_gbm,0.25,45,6,-0.2200789341297794,-0.2819211013310965
v8,feat_gbm,0.25,45,7,0.8506786333681193,0.5289578846490461
v8,feat_gbm,0.25,45,8,0.08897941154280462,0.032863622186365654
v8,feat_gbm,0.25,45,9,1.0901506353011592,0.9352707853930591
v8,feat_gbm,0.25,45,10,-1.5788816602311433,-1.5987558134683666
v8,feat_gbm,0.25,45,11,-3.223291541352264,-3.2678706438993954
v8,feat_gbm,0.25,45,12,-2.3678215032650036,-2.445380546146449
v8,feat_gbm,0.25,45,13,-0.21239834990899573,-0.4471217519653716
v8,feat_gbm,0.25,45,14,-1.9529536093125943,-1.8343062920535937
v8,feat_gbm,0.25,45,15,-2.2194371005922613,-2.278287047942225
v8,feat_gbm,0.25,45,16,-1.2894459111970689,-1.113015507562239
v8,feat_gbm,0.25,45,17,-1.2145368212413197,-1.149386040828735
v8,feat_gbm,0.25,45,18,-0.46976578933977914,-0.4541092694382234
v8,feat_gbm,0.25,45,19,-2.700951056447468,-2.8798658660471284
v8,feat_gbm,0.25,45,20,-2.900486546868807,-3.281006200299989
v8,feat_gbm,0.25,45,21,-0.9682171588635499,-0.7889402030111288
v8,feat_gbm,0.25,45,22,-0.3650608639483423,-0.48114593055133975
v8,feat_gbm,0.25,45,23,-3.2699272070334944,-2.8038114998165153
v8,feat_gbm,0.25,45,24,-2.7525372157873793,-2.6726430450531393
v8,feat_gbm,0.25,45,25,-3.292100362595425,-3.141178249464176
v8,feat_gbm,0.25,45,26,-3.4201086934731544,-3.8612362310489847
v8,feat_gbm,0.25,45,27,-3.000404343283757,-3.085821277369337
v8,feat_gbm,0.25,45,28,-2.9924721938935073,-2.1153791712035637
v8,feat_gbm,0.25,45,29,-0.5505915983464638,-0.5854112868629942
v8,feat_gbm,0.25,45,30,0.44959374841061933,0.13849791927417068
v8,feat_gbm,0.25,45,31,-2.67758989351377,-2.779654184179668
v8,feat_gbm,0.25,45,32,1.4681779974377174,0.9166392391011026
v8,feat_gbm,0.25,45,33,-2.0951025650166306,-2.134444297962007
v8,feat_gbm,0.25,45,34,1.1941241017109783,1.1224191581864646
v8,feat_gbm,0.25,45,35,-3.1437629182863076,-2.7514680837461087
v8,feat_gbm,0.25,45,36,0.6560652830646005,0.7493710802437775
v8,feat_gbm,0.25,45,37,-1.901417994777633,-2.157600461660938
v8,feat_gbm,0.25,45,38,-1.5722036057186335,-1.7436371170468024
v8,feat_gbm,0.25,45,39,1.1717487621687215,0.632388610685479
v8,feat_gbm,0.25,45,40,-1.7960320795471794,-1.5024753827969588
v8,feat_gbm,0.25,45,41,-2.5065078363433617,-2.936018587066778
v8,feat_gbm,0.25,45,42,-0.07398747367527897,-0.06406961406287034
v8,feat_gbm,0.25,45,43,-0.4164380566707961,-0.43711075337934485
v8,feat_gbm,0.25,45,44,0.5357532562490328,0.521724778538647
v8,feat_gbm,0.25,45,45,0.8057280039456363,-0.02881562555915001
v8,feat_gbm,0.25,45,46,-2.689836014802971,-2.6856700943784895
v8,feat_gbm,0.25,45,47,-3.0299296531335393,-3.3419513202228783
v8,feat_gbm,0.25,45,48,-0.5362520047296345,-0.35240032436669677
v8,feat_gbm,0.25,45,49,-3.669158980501522,-4.466027560457086
v8,feat_gbm,0.25,45,50,-0.8566289413052485,-1.2227887404747313
v8,feat_gbm,0.25,45,51,-3.6957473506933676,-4.168130875201601
v8,feat_gbm,0.25,45,52,-1.805392615395344,-2.1825653069440887
v8,feat_gbm,0.25,45,53,-3.142055524089592,-2.816977102698189
v8,feat_gbm,0.25,45,54,-0.6627748162180874,-0.9520374156321785
v8,feat_gbm,0.25,45,55,0.5137814795753631,0.800460094219776
v8,feat_gbm,0.25,45,56,0.2798565884365937,0.2782562560211116
v8,feat_gbm,0.25,45,57,-0.1957506979887637,-0.7855200046266205
v8,feat_gbm,0.25,45,58,-2.861237978590326,-2.837973637743256
v8,feat_gbm,0.25,45,59,-0.06688017423397581,0.3653424354755994
v8,feat_gbm,0.25,45,60,-2.6339020242677105,-3.145987746693799
v8,feat_gbm,0.25,45,61,-2.9184692998126995,-2.1381844357326614
v8,feat_gbm,0.25,45,62,0.5076719886734173,0.3908315550690521
v8,feat_gbm,0.25,45,63,-2.9151603974931484,-3.259739876316779
v8,feat_gbm,0.25,45,64,-2.640314617946183,-3.799325775609258
v8,feat_gbm,0.25,45,65,0.45156769324077867,0.2842997557356093
v8,feat_gbm,0.25,45,66,0.7184715890274561,0.9099380077885143
v8,feat_gbm,0.25,45,67,0.22495913322409378,0.5741223235018287
v8,feat_gbm,0.25,45,68,1.2783970759005736,1.3807263582335993
v8,feat_gbm,0.25,45,69,1.1702955169016265,2.7357387204405055
v8,feat_gbm,0.25,45,70,0.05260645823924677,-0.3782017485149665
v8,feat_gbm,0.25,45,71,-0.42242283333271163,-0.6946521973220513
v8,feat_gbm,0.25,45,72,-3.4637918290094074,-3.510295151868067
v8,feat_gbm,0.25,45,73,-0.46374337803743876,-0.3643686170400702
v8,feat_gbm,0.25,45,74,0.9514129854545165,1.1835884152793859
v8,feat_gbm,0.25,45,75,-0.005029671351101576,-0.38644824542838596
v8,feat_gbm,0.25,45,76,0.8106818401858108,0.7005004452467647
v8,feat_gbm,0.25,45,77,0.5418970626092302,0.3770911051312199
v8,feat_gbm,0.25,45,78,-0.3759752289830561,-0.5374783823521183
v8,feat_gbm,0.25,45,79,-2.8515025996019046,-3.2499450611549854
v8,feat_gbm,0.25,45,80,-1.8120986496995313,-1.719925172279684
v8,feat_gbm,0.25,45,81,0.5984712536322733,1.8185710395242058
v8,feat_gbm,0.25,45,82,-1.1100114610117149,-1.0758778979961314
v8,feat_gbm,0.25,45,83,-0.7079203379277353,-0.8033140510569362
v8,feat_gbm,0.25,45,84,-2.105664286637393,-2.0837035815006346
v8,feat_gbm,0.25,45,85,-2.4859144305059386,-1.2430797823904942
v8,feat_gbm,0.25,45,86,0.8546911680902565,0.639317965424242
v8,feat_gbm,0.25,45,87,0.272032899181125,-0.02321591952008587
v8,feat_gbm,0.25,45,88,-2.9802007031366315,-3.512086916650174
v8,feat_gbm,0.25,45,89,-1.7856218763777394,-1.684363733317816
v8,feat_gbm,0.25,45,90,-3.3013486977522977,-3.5341996208099964
v8,feat_gbm,0.25,45,91,0.8378843027748397,1.1574629997660548
v8,feat_gbm,0.25,45,92,-0.9695496377732864,-0.7651863719989663
v8,feat_gbm,0.25,45,93,-2.933168186909889,-5.7708125015304885
v8,feat_gbm,0.25,45,94,0.12055266961986287,0.07374698385127064
v8,feat_gbm,0.25,45,95,0.6031964415586709,1.201566413592891
v8,feat_gbm,0.25,45,96,1.5544620225364123,1.2655480006709303
v8,feat_gbm,0.25,45,97,-3.014790365589616,-3.2217777708537843
v8,feat_gbm,0.25,45,98,-1.1580770605087256,-1.2120387208328698
v8,feat_gbm,0.25,45,99,-0.37639425217413347,-0.04015373686183237
v8,feat_gbm,0.25,45,100,-2.516866965499579,-2.8384481914339785
v8,feat_gbm,0.25,45,101,-3.1960237950554724,-3.541068619782685
v8,feat_gbm,0.25,45,102,-3.9115878888779916,-4.424727465058162
v8,feat_gbm,0.25,45,103,-0.4125872916088058,-0.7652009130347144
v8,feat_gbm,0.25,45,104,-0.15042414306461702,-0.406664655497914
v8,feat_gbm,0.25,45,105,-3.2162249708293027,-2.8019031633754246
v8,feat_gbm,0.25,45,106,-0.9507814933775128,-1.1978192780958505
v8,feat_gbm,0.25,45,107,-1.1518854975082728,-1.2497822804421463
v8,feat_gbm,0.25,45,108,0.0922454559950459,-0.2003702404752673
v8,feat_gbm,0.25,45,109,-0.3792099994224236,-0.28745536208379296
v8,feat_gbm,0.25,45,110,0.3148461830277988,0.2838469771831524
v8,feat_gbm,0.25,45,111,0.4473817254704025,0.6579850926301614
v8,feat_gbm,0.25,45,112,-0.1456257041647621,-0.4279263804064609
v8,feat_gbm,0.25,45,113,0.5100945971203449,0.527327823801956
v8,feat_gbm,0.25,45,114,-2.9456964540387816,-3.652947895428966
v8,feat_gbm,0.25,45,115,-0.11684848163782545,-0.04287987221360797
v8,feat_gbm,0.25,45,116,-3.0512491803302244,-3.4409421360670214
v8,feat_gbm,0.25,45,117,-3.0285278514355913,-2.4284095097884006
v8,feat_gbm,0.25,45,118,-1.835664097822322,-1.419217075367618
v8,feat_gbm,0.25,45,119,-1.347380698824218,-1.4944271796191557
v8,feat_gbm,0.25,45,120,-2.935955711932718,-2.797137626437216
v8,feat_gbm,0.25,45,121,1.8118279604276712,3.1321125804877905
v8,feat_gbm,0.25,45,122,-2.251827197582134,-3.164895556438051
v8,feat_gbm,0.25,45,123,0.39581074409597217,-0.021234684620174846
v8,feat_gbm,0.25,45,124,-1.3634520997627306,-1.246001114532972
v8,feat_gbm,0.25,45,125,-2.684927317269036,-2.7130193085566443
v8,feat_gbm,0.25,45,126,-1.585823207344348,-2.0560780011130944
v8,feat_gbm,0.25,45,127,-1.767692705535518,-1.631222331554067
v8,feat_gbm,0.25,45,128,-2.5603613755324544,-3.477307725783656
v8,feat_gbm,0.25,45,129,0.5049650320879042,1.7007542891568868
v8,feat_gbm,0.25,45,130,-2.7167806385342623,-3.4021624962570822
v8,feat_gbm,0.25,45,131,-3.765176874583236,-3.701149444421242
v8,feat_gbm,0.25,45,132,-0.7534681811449679,-0.4116741376471012
v8,feat_gbm,0.25,45,133,-0.30856536308832533,-0.5680375850475197
v8,feat_gbm,0.25,45,134,-2.160799874728798,-1.4788189923590598
v8,feat_gbm,0.25,45,135,-2.5759168605487237,-2.9896549957503007
v8,feat_gbm,0.25,45,136,0.6321893501929089,0.11194117436713467
v8,feat_gbm,0.25,45,137,1.142989127653331,1.7147062893715772
v8,feat_gbm,0.25,45,138,-2.2027657488943544,-1.9709125209383296
v8,feat_gbm,0.25,45,139,0.15210610895875532,0.19937477723826902
v8,feat_gbm,0.25,45,140,-2.76315771938698,-2.8223726616431475
v8,feat_gbm,0.25,45,141,-0.2239228335004529,-0.12380828599000025
v8,feat_gbm,0.25,45,142,-2.7393020955172918,-2.97521232911642
v8,feat_gbm,0.25,45,143,-1.5280588712255634,-1.9484557479617686
v8,feat_gbm,0.25,45,144,0.6731929654843346,1.244093655886106
v8,feat_gbm,0.25,45,145,-1.8902604335090518,-2.0280859266176816
v8,feat_gbm,0.25,45,146,-2.5007297215043347,-2.0754073031653366
v8,feat_gbm,0.25,45,147,-0.07937262419303569,-0.11331641159387335
v8,feat_gbm,0.25,45,148,-2.7645967701528407,-2.620298039600635
v8,feat_gbm,0.25,45,149,-2.740238806097722,-3.8395532227602396
v8,feat_gbm,0.25,45,150,-1.9447829732474908,-2.149698272240366
v8,feat_gbm,0.25,45,151,-2.8571908258815624,-3.1594376779318036
v8,feat_gbm,0.25,45,152,-2.3168931017973726,-2.7712141114581046
v8,feat_gbm,0.25,45,153,-1.2809734521984977,-1.1483368403810985
v8,feat_gbm,0.25,45,154,-1.4193982573189192,-1.4700676700115773
v8,feat_gbm,0.25,45,155,1.1056293270991806,1.4088416749712322
v8,feat_gbm,0.25,45,156,0.5938327162917245,0.7564704220494097
v8,feat_gbm,0.25,45,157,-1.8267382031081698,-1.7148995557963913
v8,feat_gbm,0.25,45,158,-1.2739061460204666,-2.8595355115547196
v8,feat_gbm,0.25,45,159,-1.1184919812445713,-0.9922400520728849
v8,feat_gbm,0.25,45,160,1.9234583766843554,1.8585227307534937
v8,feat_gbm,0.25,45,161,-2.5132778048751234,-2.477654537850602
v8,feat_gbm,0.25,45,162,-3.231092149931629,-2.993764039868935
v8,feat_gbm,0.25,45,163,-1.1836159169008977,-1.1722671160336509
v8,feat_gbm,0.25,45,164,-2.0443190736277495,-1.6577576086204497
v8,feat_gbm,0.25,45,165,-2.299102204450893,-2.9770186999323642
v8,feat_gbm,0.25,45,166,-3.2273425020793804,-3.2329952824425443
v8,feat_gbm,0.25,45,167,-0.048480733164084105,0.19550508612775644
v8,feat_gbm,0.25,45,168,-1.200133575345942,-1.2639642813248737
v8,feat_gbm,0.25,45,169,1.2990759676996324,1.4224064134580066
v8,feat_gbm,0.25,45,170,-1.3791986544520416,-1.5303724784706008
v8,feat_gbm,0.25,45,171,0.415945466662873,0.6086346650572224
v8,feat_gbm,0.25,45,172,0.13631955976497667,-0.052232489626048526
v8,feat_gbm,0.25,45,173,-0.13856313201213247,-0.19074605880313256
v8,feat_gbm,0.25,45,174,-3.052279002329123,-2.7678232596734214
v8,feat_gbm,0.25,45,175,-1.8749232632752726,-1.6557092188829319
v8,feat_gbm,0.25,45,176,0.134203893632926,0.12081831439914445
v8,feat_gbm,0.25,45,177,1.1595894787439889,3.7031714993021168
v8,feat_gbm,0.25,45,178,0.14407858516716215,-0.17761292562564054
v8,feat_gbm,0.25,45,179,0.13376611545236666,0.2295122735959306
v8,feat_gbm,0.25,45,180,-1.2663445483674922,-1.6401012725318311
v8,feat_gbm,0.25,45,181,-2.47520702217776,-3.399461101549646
v8,feat_gbm,0.25,45,182,0.44993120237326556,0.5421608664871393
v8,feat_gbm,0.25,45,183,-3.1403905566622186,-3.7858185839721776
v8,feat_gbm,0.25,45,184,0.5746851658166469,0.4440956773301304
v8,feat_gbm,0.25,45,185,0.36365600880816756,0.5450962365111649
v8,feat_gbm,0.25,45,186,-3.0723840787622803,-3.094441269353033
v8,feat_gbm,0.25,45,187,1.203650796769704,1.436275522654785
v8,feat_gbm,0.25,45,188,0.2129774138538882,-0.003208414280501246
v8,feat_gbm,0.25,45,189,-1.89145624840558,-2.0766448721687736
v8,feat_gbm,0.25,45,190,-3.091256453178369,-2.887011097372245
v8,feat_gbm,0.25,45,191,-0.1386993259949895,-0.19564387773269687
v8,feat_gbm,0.25,45,192,-2.783001271786245,-3.39219136175158
v8,feat_gbm,0.25,45,193,-4.083595955598215,-4.804455114758695
v8,feat_gbm,0.25,45,194,0.039393525506608525,-0.23230879418151415
v8,feat_gbm,0.25,45,195,0.7502629611810392,0.7768952289284052
v8,feat_gbm,0.25,45,196,-3.0974315962898746,-3.0758975731441707
v8,feat_gbm,0.25,45,197,1.8564188849363934,1.8852948766094535
v8,feat_gbm,0.25,45,198,0.08856523406935968,-0.07474663349946693
v8,feat_gbm,0.25,45,199,1.6889637043738261,0.9295509098669842
v8,feat_gbm,0.25,45,200,0.16461386381682952,0.40408761039079466
v8,feat_gbm,0.25,45,201,-1.287041449335487,-1.0185563947000995
v8,feat_gbm,0.25,45,202,-1.258846228331199,-1.5812541435625456
v8,feat_gbm,0.25,45,203,-2.5386808239323697,-2.9269603411540346
v8,feat_gbm,0.25,45,204,-0.40108268119860757,-0.9368237022381455
v8,feat_gbm,0.25,45,205,-0.5462854712732641,-0.771906247259438
v8,feat_gbm,0.25,45,206,-1.383459626822287,-1.4457766532498904
v8,feat_gbm,0.25,45,207,-2.4808058515979274,-2.4752738768021185
v8,feat_gbm,0.25,45,208,-3.8101592429718645,-2.8789590131308262
v8,feat_gbm,0.25,45,209,-3.006416332204938,-2.6986856152036793
v8,feat_gbm,0.25,45,210,0.17197036394411003,0.05837096406180189
v8,feat_gbm,0.25,45,211,-2.248690019394558,-2.2327070274631113
v8,feat_gbm,0.25,45,212,0.08540018697398875,0.15758807445032513
v8,feat_gbm,0.25,45,213,0.8376028524399788,0.5234750924970406
v8,feat_gbm,0.25,45,214,0.8527076403200213,0.8312555987922697
v8,feat_gbm,0.25,45,215,-0.7630715675878961,-0.7699972654610447
v8,feat_gbm,0.25,45,216,-2.1253162809244883,-2.4368834827463726
v8,feat_gbm,0.25,45,217,-3.4100235975081485,-3.7421886443248944
v8,feat_gbm,0.25,45,218,-3.3988460639377522,-4.3753265313120195
v8,feat_gbm,0.25,45,219,0.24790239260669883,0.13181597567614448
v8,feat_gbm,0.25,45,220,-2.476337290335481,-2.150299196146146
v8,feat_gbm,0.25,45,221,0.4679496352933787,0.4316281043505307
v8,feat_gbm,0.25,45,222,0.5968033011124625,0.20581216265343685
v8,feat_gbm,0.25,45,223,-1.1553767187900508,-1.7226779576420432
v8,feat_gbm,0.25,45,224,1.0492500815875472,1.0701061526100661
v8,feat_gbm,0.25,45,225,-3.076342584134693,-2.995983076644188
v8,feat_gbm,0.25,45,226,-0.27610456472916356,-0.39103048890459524
v8,feat_gbm,0.25,45,227,-1.8584334767928983,-2.811377433191803
v8,feat_gbm,0.25,45,228,0.08436855260848586,0.1103569248772952
v8,feat_gbm,0.25,45,229,1.1013964774886318,1.0926797996732165
v8,feat_gbm,0.25,45,230,-1.1805089161388964,-1.1465469989616057
v8,feat_gbm,0.25,45,231,-3.398548505487654,-3.7045714701961474
v8,feat_gbm,0.25,45,232,0.03174130447832592,-0.3205795311611984
v8,feat_gbm,0.25,45,233,-0.507965023810884,-0.7282288274356463
v8,feat_gbm,0.25,45,234,-0.3408409984700654,-0.6143938277881194
v8,feat_gbm,0.25,45,235,-3.9658821763141425,-3.717493513170671
v8,feat_gbm,0.25,45,236,-1.7401193571495164,-1.894186438607053
v8,feat_gbm,0.25,45,237,0.08991340843845157,0.19101892391720615
v8,feat_gbm,0.25,45,238,-2.478329939550097,-2.723653519266766
v8,feat_gbm,0.25,45,239,0.053192458630704466,0.28172679866345784
v8,feat_gbm,0.25,45,240,-0.7225081727266891,-0.570916259780521
v8,feat_gbm,0.25,45,241,-1.3481035636471699,-3.037607674189957
v8,feat_gbm,0.25,45,242,-2.778750364875025,-2.4824067099880884
v8,feat_gbm,0.25,45,243,1.1419672432827879,1.793244191067856
v8,feat_gbm,0.25,45,244,-2.467796146235722,-2.170563194223024
v8,feat_gbm,0.25,45,245,-2.991905112747649,-2.5580286375581696
v8,feat_gbm,0.25,45,246,-2.8238213491656103,-3.9013363177662743
v8,feat_gbm,0.25,45,247,-1.0645202250913124,-1.2689211715035387
v8,feat_gbm,0.25,45,248,-2.8920855944243287,-2.89795980370705
v8,feat_gbm,0.25,45,249,-0.44280862623305134,-1.149470325468549
v8,feat_gbm,0.25,45,250,-2.1919802259168293,-2.1803876537888693
v8,feat_gbm,0.25,45,251,-1.3470947906319368,-1.2010659028736028
v8,feat_gbm,0.25,45,252,-2.472103008344933,-2.675840590612525
v8,feat_gbm,0.25,45,253,-1.3084965005289595,-0.865421424414132
v8,feat_gbm,0.25,45,254,-0.28546192756996774,-0.45089388998719687
v8,feat_gbm,0.25,45,255,-1.5990845372821638,-1.477655138121315
v8,feat_gbm,0.25,45,256,-1.8783799866708848,-1.9234128661936198
v8,feat_gbm,0.25,45,257,-1.308695392858266,-0.8895479413744646
v8,feat_gbm,0.25,45,258,-1.482381644262734,-1.284701881398344
v8,feat_gbm,0.25,45,259,0.13190092086263713,0.03791276039075724
v8,feat_gbm,0.25,45,260,-1.7512803010627704,-1.213907680807544
v8,feat_gbm,0.25,45,261,-0.04162931366617061,-0.6937064881158975
v8,feat_gbm,0.25,45,262,-2.676305754520002,-2.500344974429108
v8,feat_gbm,0.25,45,263,-3.280329652547406,-3.0782877743164985
v8,feat_gbm,0.25,45,264,-3.697842440755416,-3.2702790535172426
v8,feat_gbm,0.25,45,265,-0.2868755280846152,-0.15746453031192983
v8,feat_gbm,0.25,45,266,-2.0607250333697933,-1.3930653126164372
v8,feat_gbm,0.25,45,267,-3.2317061532734783,-3.460520174484755
v8,feat_gbm,0.25,45,268,-1.93111518912829,-1.8115923421665279
v8,feat_gbm,0.25,45,269,-0.022856235134495095,-0.04785951915829837
v8,feat_gbm,0.25,45,270,-1.2401626047604968,-1.3387838926701625
v8,feat_gbm,0.25,45,271,0.8342889992689015,0.6172482925771328
v8,feat_gbm,0.25,45,272,-0.12756720382296108,0.10718580269537517
v8,feat_gbm,0.25,45,273,-2.5088741627402436,-2.4250613993713395
v8,feat_gbm,0.25,45,274,-0.0448778985229509,-0.4656136934058211
v8,feat_gbm,0.25,45,275,-2.430223566178807,-1.7679071058666047
v8,feat_gbm,0.25,45,276,-0.560807724594723,-0.15192249005847586
v8,feat_gbm,0.25,45,277,-0.17776725652221154,-0.22686658439221394
v8,feat_gbm,0.25,45,278,-0.3247975211161464,-0.3963273628232521
v8,feat_gbm,0.25,45,279,-2.0827948406305867,-2.1916982233579314
v8,feat_gbm,0.25,45,280,0.5035458170740904,0.5138857123822332
v8,feat_gbm,0.25,45,281,0.043082059362709084,0.13501120436460418
v8,feat_gbm,0.25,45,282,-0.1770044726865958,-0.35232291748203215
v8,feat_gbm,0.25,45,283,0.3148695441909833,0.33710059568630363
v8,feat_gbm,0.25,45,284,2.1914373087673367,2.2269494594330284
v8,feat_gbm,0.25,45,285,-0.5806977054782843,-0.8523290277873723
v8,feat_gbm,0.25,45,286,0.43772130175078494,0.5032694866056324
v8,feat_gbm,0.25,45,287,-2.8657761950914518,-3.0734310124071125
v8,feat_gbm,0.25,45,288,-2.6110557164526385,-3.0969464995649485
v8,feat_gbm,0.25,45,289,0.9251139534008924,0.8088909840914691
v8,feat_gbm,0.25,45,290,-1.170789161518804,-1.710735902712342
v8,feat_gbm,0.25,45,291,0.16223261961096186,-0.24588513525180683
v8,feat_gbm,0.25,45,292,-3.104796400189717,-2.9910915714149957
v8,feat_gbm,0.25,45,293,0.0786041797310683,0.24397961438558982
v8,feat_gbm,0.25,45,294,1.0763748372252298,0.9827222917401395
v8,feat_gbm,0.25,45,295,1.0035485406141968,1.5399914318848642
v8,feat_gbm,0.25,45,296,-2.262381714932664,-3.028104854063688
v8,feat_gbm,0.25,45,297,-0.991037123169049,-1.9675880903276046
v8,feat_gbm,0.25,45,298,0.4332642221114985,0.3882116190950413
v8,feat_gbm,0.25,45,299,-0.4968810900875995,-0.4169590587595381
v8,feat_gbm,0.25,45,300,-0.5050900741815934,-0.47104701624968015
v8,feat_gbm,0.25,45,301,-0.5235701681419695,-0.5788171023402015
v8,feat_gbm,0.25,45,302,-3.0180425165529443,-3.325334912618423
v8,feat_gbm,0.25,45,303,0.20988813075312746,0.27214776974989446
v8,feat_gbm,0.25,45,304,0.42877325298822566,0.2838761456734127
v8,feat_gbm,0.25,45,305,0.8267268403831147,0.98356576927226
v8,feat_gbm,0.25,45,306,-1.825884099292097,-2.324804251846344
v8,feat_gbm,0.25,45,307,-0.2791788877658525,-0.30060412365222405
v8,feat_gbm,0.25,45,308,-3.3203766117683275,-3.5706943269006843
v8,feat_gbm,0.25,45,309,0.6497861737142616,0.7657986236992217
v8,feat_gbm,0.25,45,310,-0.09418386805629847,-0.3760212383278314
v8,feat_gbm,0.25,45,311,0.755940906564508,0.903367601886353
v8,feat_gbm,0.25,45,312,0.313058968149117,0.2834145554969618
v8,feat_gbm,0.25,45,313,-0.4119517112831221,-0.8750381269167363
v8,feat_gbm,0.25,45,314,-0.808118106099865,-0.8911054934067958
v8,feat_gbm,0.25,45,315,0.3415600369833014,0.2699623908229132
v8,feat_gbm,0.25,45,316,-3.455422607409658,-4.034449774534175
v8,feat_gbm,0.25,45,317,0.5536515126899733,0.7302045063515665
v8,feat_gbm,0.25,45,318,-2.4332808615158164,-2.5264159394565007
v8,feat_gbm,0.25,45,319,-2.8499202197338898,-3.1280680478747835
v8,feat_gbm,0.25,45,320,-0.001334807990699688,-0.623194388118803
v8,feat_gbm,0.25,45,321,-3.5530785667467386,-4.172922463867305
v8,feat_gbm,0.25,45,322,1.0415992445635487,1.0714029341973417
v8,feat_gbm,0.25,45,323,-2.790194569900256,-2.5538050374755565
v8,feat_gbm,0.25,45,324,-1.2585014981719866,-1.5310020975326282
v8,feat_gbm,0.25,45,325,-0.5791496080551934,-0.735749980772127
v8,feat_gbm,0.25,45,326,-0.5455379857927656,-0.5010306012352705
v8,feat_gbm,0.25,45,327,-4.089340779074472,-4.393123087746285
v8,feat_gbm,0.25,45,328,0.5239429045555541,0.6439364857563509
v8,feat_gbm,0.25,45,329,-2.4939691925880654,-2.60760252445046
v8,feat_gbm,0.25,45,330,0.6498658392993152,0.46983427811083467
v8,feat_gbm,0.25,45,331,-1.4876243435000898,-1.149354435920189
v8,feat_gbm,0.25,45,332,-1.5114163638298337,-1.0961264399974935
v8,feat_gbm,0.25,45,333,1.0853920113882893,1.4253561556633074
v8,feat_gbm,0.25,45,334,1.2474530740616225,1.0406546288822482
v8,feat_gbm,0.25,45,335,-0.16614470848830115,-0.1286217558512718
v8,feat_gbm,0.25,45,336,-1.9192483309182657,-1.7275974260064488
v8,feat_gbm,0.25,45,337,-4.065066521997361,-4.535227665039715
v8,feat_gbm,0.25,45,338,-0.3324139731117381,-1.078833843619319
v8,feat_gbm,0.25,45,339,-2.499412919133327,-2.035297396751524
v8,feat_gbm,0.25,45,340,0.48468840397230645,0.4788286932125707
v8,feat_gbm,0.25,45,341,-1.2320320076508962,-0.4595082096564039
v8,feat_gbm,0.25,45,342,-3.4305610747636477,-3.653430804591794
v8,feat_gbm,0.25,45,343,0.593724166411646,0.2834522663037432
v8,feat_gbm,0.25,45,344,0.1355465594607339,-0.15984972455285287
v8,feat_gbm,0.25,45,345,-2.566698816490464,-3.8822970119574354
v8,feat_gbm,0.25,45,346,-2.5028143751182603,-2.5801989990218064
v8,feat_gbm,0.25,45,347,-3.307322113047668,-3.2622630695286134
v8,feat_gbm,0.25,45,348,-0.25338983730235276,-0.4894561152880944
v8,feat_gbm,0.25,45,349,-2.982066150365903,-3.0223552414624764
v8,feat_gbm,0.25,45,350,0.601280774704015,0.4215072765335228
v8,feat_gbm,0.25,45,351,-1.6204416373447743,-1.8152752103400673
v8,feat_gbm,0.25,45,352,0.8171308699975722,1.102263670511441
v8,feat_gbm,0.25,45,353,0.911928799165317,1.4454852001466738
v8,feat_gbm,0.25,45,354,-3.5122580155040284,-3.6770060333191017
v8,feat_gbm,0.25,45,355,-3.707672628253108,-5.078652858832153
v8,feat_gbm,0.25,45,356,0.5289590677154103,0.7815322159665122
v8,feat_gbm,0.25,45,357,0.7029049207704071,0.6775133790495483
v8,feat_gbm,0.25,45,358,-3.0684791697938394,-3.5163570325540956
v8,feat_gbm,0.25,45,359,-1.0821930326031206,-4.157760523739404
v8,feat_gbm,0.25,45,360,-0.2669831657056194,-0.18386357284099003
v8,feat_gbm,0.25,45,361,-3.4036519431344163,-4.477383009144865
v8,feat_gbm,0.25,45,362,0.5321549498789893,0.2909126951240761
v8,feat_gbm,0.25,45,363,-2.7065663649423706,-3.5121531596302606
v8,feat_gbm,0.25,45,364,-0.8521410879910366,-0.0019354464452207268
v8,feat_gbm,0.25,45,365,-3.2777624074557825,-3.264666087597375
v8,feat_gbm,0.25,45,366,-2.1616383093306846,-1.4961090632143375
v8,feat_gbm,0.25,45,367,0.016330722425293508,-0.10305907560987346
v8,feat_gbm,0.25,45,368,0.2101512080725336,0.24601275195113992
v8,feat_gbm,0.25,45,369,-1.25055075178233,-1.6400355118163064
v8,feat_gbm,0.25,45,370,-1.6092051071560773,-1.5399226532969161
v8,feat_gbm,0.25,45,371,-0.111347656110279,-0.3336387161155974
v8,feat_gbm,0.25,45,372,0.2720930586508217,0.3185760540422761
v8,feat_gbm,0.25,45,373,-0.04879104271935131,-0.30756424411789
v8,feat_gbm,0.25,45,374,-3.3973792489179404,-3.551435429619069
v8,feat_gbm,0.25,45,375,0.14314484681822012,-0.12846918127015178
v8,feat_gbm,0.25,45,376,0.44323584469274374,0.43413099611324796
v8,feat_gbm,0.25,45,377,0.637953466792208,0.8095384731463161
v8,feat_gbm,0.25,45,378,0.2759602908800087,0.20303525329731625
v8,feat_gbm,0.25,45,379,0.5172925284025867,0.524784145223057
v8,feat_gbm,0.25,45,380,0.49193105795656983,0.8722609808312535
v8,feat_gbm,0.25,45,381,0.7863431419661508,1.0190202163897197
v8,feat_gbm,0.25,45,382,0.8211573177385586,1.2715191268303472
v8,feat_gbm,0.25,45,383,0.01766270164294844,-0.13923746667536385
v8,feat_gbm,0.25,45,384,-0.7017427418581388,-1.7983983483294153
v8,feat_gbm,0.25,45,385,0.5665964997082227,0.5606037150840157
v8,feat_gbm,0.25,45,386,0.6786583001467811,0.6003456151224621
v8,feat_gbm,0.25,45,387,1.2410373065638431,1.3071718981356573
v8,feat_gbm,0.25,45,388,-0.005104022317195313,-0.19457283568776126
v8,feat_gbm,0.25,45,389,-1.2466104494970112,-0.981880356960367
v8,feat_gbm,0.25,45,390,-2.998556934673618,-2.628024059072158
v8,feat_gbm,0.25,45,391,-2.276301660654213,-2.479262758098376
v8,feat_gbm,0.25,45,392,-2.2507897908789025,-2.207941629114672
v8,feat_gbm,0.25,45,393,-2.789710704608478,-2.806586620215901
v8,feat_gbm,0.25,45,394,-0.15104660609705167,-0.16842623590390868
v8,feat_gbm,0.25,45,395,0.07038921199150622,0.3596423409999632
v8,feat_gbm,0.25,45,396,-2.918520021683991,-3.117667066362407
v8,feat_gbm,0.25,45,397,0.6528988703185974,0.6134086288650079
v8,feat_gbm,0.25,45,398,0.450267193330295,0.5049020087080688
v8,feat_gbm,0.25,45,399,-1.0144482385507911,-1.0548605918119196
v8,feat_gbm,0.25,45,400,-2.9811880821777113,-2.877676775828332
v8,feat_gbm,0.25,45,401,0.05273697807783617,0.015654415635624343
v8,feat_gbm,0.25,45,402,-0.6464415440878777,-0.7027824676465185
v8,feat_gbm,0.25,45,403,0.3815430904911266,0.6733427913489138
v8,feat_gbm,0.25,45,404,0.30714344232855595,0.03259550049258387
v8,feat_gbm,0.25,45,405,-3.1586009517307816,-3.4179416205706223
v8,feat_gbm,0.25,45,406,-2.0775596197791764,-1.6563158072976616
v8,feat_gbm,0.25,45,407,0.557704370927961,0.3281041495218151
v8,feat_gbm,0.25,45,408,-1.0295990930541732,-1.498502430121411
v8,feat_gbm,0.25,45,409,-1.255054040919186,-1.5390850133499359
v8,feat_gbm,0.25,45,410,-2.188520378139536,-3.8769914364338094
v8,feat_gbm,0.25,45,411,-0.6529618452860553,-1.1093409530974205
v8,feat_gbm,0.25,45,412,-2.499560285989514,-2.1356441225652167
v8,feat_gbm,0.25,45,413,0.5648293614521306,0.5613925387002681
v8,feat_gbm,0.25,45,414,-2.489825702178966,-2.672303525149137
v8,feat_gbm,0.25,45,415,0.9155638226406598,0.9887747910888531
v8,feat_gbm,0.25,45,416,-2.8034644155426376,-2.064740642123073
v8,feat_gbm,0.25,45,417,0.11203582057462826,-0.13534283366780814
v8,feat_gbm,0.25,45,418,-0.2407257729087838,0.5266566940316069
v8,feat_gbm,0.25,45,419,-0.6283658409072372,-0.7929716308762645
v8,feat_gbm,0.25,45,420,0.3606755503667234,0.22081989653443584
v8,feat_gbm,0.25,45,421,-3.5947180819431783,-3.4911396429773087
v8,feat_gbm,0.25,45,422,-0.12932365876023347,0.4691563032653497
v8,feat_gbm,0.25,45,423,-0.03901259866520155,-0.21242164749251408
v8,feat_gbm,0.25,45,424,-3.1106545122862577,-2.0235730224261497
v8,feat_gbm,0.25,45,425,-0.2866123960220574,0.1881042769243711
v8,feat_gbm,0.25,45,426,-0.7596149273565307,-0.7546830882020855
v8,feat_gbm,0.25,45,427,-1.4318318936018368,-2.004418163271322
v8,feat_gbm,0.25,45,428,0.020376437634837107,0.08108350485015015
v8,feat_gbm,0.25,45,429,-1.1052094781392172,-0.8958783842144782
v8,feat_gbm,0.25,45,430,-0.5946303116231101,-0.700178367515834
v8,feat_gbm,0.25,45,431,-2.0485618148020284,-2.026447754843476
v8,feat_gbm,0.25,45,432,-3.3474507282676385,-3.3644112924118934
v8,feat_gbm,0.25,45,433,-2.7865023906571973,-2.4777804975332844
v8,feat_gbm,0.25,45,434,-4.024995133363262,-3.6407879329147783
v8,feat_gbm,0.25,45,435,0.13605677737414554,0.8140524350977956
v8,feat_gbm,0.25,45,436,-0.5954786380483873,-0.6342245759550225
v8,feat_gbm,0.25,45,437,-0.7740595540715884,-1.0170271575608654
v8,feat_gbm,0.25,45,438,0.9391260801634377,1.2058566336630974
v8,feat_gbm,0.25,45,439,1.251982732438971,1.04159183954478
v8,feat_gbm,0.25,45,440,-0.3972323004356254,-0.383754051292973
v8,feat_gbm,0.25,45,441,1.0985734486320917,0.9717849563735496
v8,feat_gbm,0.25,45,442,1.0402096925667181,0.915394257773604
v8,feat_gbm,0.25,45,443,-0.12498967892712057,0.17619398118278368
v8,feat_gbm,0.25,45,444,-2.932783470833745,-2.3026142847949007
v8,feat_gbm,0.25,45,445,-0.7468561277532118,-2.156995715227189
v8,feat_gbm,0.25,45,446,-2.1518312732494125,-1.9647154613855007
v8,feat_gbm,0.25,45,447,-1.2096787104041122,-1.2167428909736953
v8,feat_gbm,0.25,45,448,-0.3912068063102583,0.371748058948411
v8,feat_gbm,0.25,45,449,-2.9841956473938565,-3.354914600670279
v8,feat_gbm,0.25,45,450,-1.6444756075009437,-2.0984010901330774
v8,feat_gbm,0.25,45,451,-1.7425197195112734,-1.8411195968283314
v8,feat_gbm,0.25,45,452,-0.19618853309797643,-0.2866386615093297
v8,feat_gbm,0.25,45,453,-1.9039355262403768,-2.1769502099219324
v8,feat_gbm,0.25,45,454,0.3249283335242977,0.851829112076475
v8,feat_gbm,0.25,45,455,0.07276797331829388,-0.5174982843777256
v8,feat_gbm,0.25,45,456,-3.092240732552888,-3.7883351795095335
v8,feat_gbm,0.25,45,457,-1.9761605281545507,-1.3225504843777425
v8,feat_gbm,0.25,45,458,-0.42927481670808454,-0.6304710111145473
v8,feat_gbm,0.25,45,459,-2.719242660215222,-2.867776928577639
v8,feat_gbm,0.25,45,460,-0.04268374822374874,-0.20106453453544149
v8,feat_gbm,0.25,45,461,0.7545806820980115,0.565413433251147
v8,feat_gbm,0.25,45,462,0.2594210585371692,0.6531860801292728
v8,feat_gbm,0.25,45,463,-2.998908848493965,-3.295531334571209
v8,feat_gbm,0.25,45,464,-1.4287015144577444,-1.118951529136503
v8,feat_gbm,0.25,45,465,0.005616613762794452,0.08535922256033004
v8,feat_gbm,0.25,45,466,0.25790897796805046,0.2656879386171551
v8,feat_gbm,0.25,45,467,-1.063693148885056,-1.0764680911985907
v8,feat_gbm,0.25,45,468,2.106671846515542,2.2503813782282114
v8,feat_gbm,0.25,45,469,0.20015926009635904,-0.029700274932011248
v8,feat_gbm,0.25,45,470,-2.2218472125690463,-2.1918010579584375
v8,feat_gbm,0.25,45,471,0.14173981198866237,-0.12537364897776127
v8,feat_gbm,0.25,45,472,-1.4554667755031971,-1.3714574409892777
v8,feat_gbm,0.25,45,473,-0.9919596790875804,-1.0216450817816245
v8,feat_gbm,0.25,45,474,-0.5961649968267525,-0.8313233833759152
v8,feat_gbm,0.25,45,475,-2.8959324832366544,-3.25243582884057
v8,feat_gbm,0.25,45,476,0.7757294576317078,0.8737365575305754
v8,feat_gbm,0.25,45,477,-2.288496099896629,-1.8373017486027088
v8,feat_gbm,0.25,45,478,-1.6464144777991494,-1.909749317133085
v8,feat_gbm,0.25,45,479,0.4314776236654189,0.418341725137149
v8,feat_gbm,0.25,45,480,-2.86988866232507,-2.8689304810445995
v8,feat_gbm,0.25,45,481,-3.159854985274894,-3.9192950012633494
v8,feat_gbm,0.25,45,482,0.6325127829012982,0.8191907452202399
v8,feat_gbm,0.25,45,483,-1.9155503729867762,-2.7371748494528005
v8,feat_gbm,0.25,45,484,-0.06871531938365966,0.043868991079412875
v8,feat_gbm,0.25,45,485,-2.3043647975875245,-3.9571024828402512
v8,feat_gbm,0.25,45,486,-0.7987626065497053,-0.8286091055291892
v8,feat_gbm,0.25,45,487,1.2199704852620337,1.1086460137612473
v8,feat_gbm,0.25,45,488,-0.746098102038141,-1.0899995989348372
v8,feat_gbm,0.25,45,489,-2.708005678777307,-2.9260181182274523
v8,feat_gbm,0.25,45,490,0.0756577868674527,0.01778898425240747
v8,feat_gbm,0.25,45,491,-0.5743301559203259,-0.388546054063584
v8,feat_gbm,0.25,45,492,-0.7714769860792536,-0.8483910406321095
v8,feat_gbm,0.25,45,493,-2.6273485981685707,-2.4855190663855797
v8,feat_gbm,0.25,45,494,-0.2883633373588761,-0.6027729178489412
v8,feat_gbm,0.25,45,495,-1.8429599526159133,-1.5285925057254015
v8,feat_gbm,0.25,45,496,0.7730429499684974,1.0092174422839322
v8,feat_gbm,0.25,45,497,-2.507335591398832,-2.421052301727873
v8,feat_gbm,0.25,45,498,-2.737563938358536,-3.2283141264699093
v8,feat_gbm,0.25,45,499,-4.045801026125475,-4.907212199848568
v8,feat_gbm,0.25,46,0,-0.20746677378278044,0.03894909458183669
v8,feat_gbm,0.25,46,1,-2.1432329098214034,-2.5052564746229193
v8,feat_gbm,0.25,46,2,0.757028315882119,0.6287827851917782
v8,feat_gbm,0.25,46,3,-3.6439668304697506,-3.3447289283878643
v8,feat_gbm,0.25,46,4,0.887348608712375,0.9694015026406426
v8,feat_gbm,0.25,46,5,-1.9071456260651434,-2.4693709778233526
v8,feat_gbm,0.25,46,6,0.054748941326337196,-0.2819211013310965
v8,feat_gbm,0.25,46,7,0.7959068302080541,0.5289578846490461
v8,feat_gbm,0.25,46,8,-0.006774506081479623,0.032863622186365654
v8,feat_gbm,0.25,46,9,1.1371919046924208,0.9352707853930591
v8,feat_gbm,0.25,46,10,-1.5049101325634653,-1.5987558134683666
v8,feat_gbm,0.25,46,11,-3.2711119891771148,-3.2678706438993954
v8,feat_gbm,0.25,46,12,-2.5890041326426996,-2.445380546146449
v8,feat_gbm,0.25,46,13,-0.20066571634917774,-0.4471217519653716
v8,feat_gbm,0.25,46,14,-1.9346378937602218,-1.8343062920535937
v8,feat_gbm,0.25,46,15,-2.1900579559687365,-2.278287047942225
v8,feat_gbm,0.25,46,16,-1.0278408910982932,-1.113015507562239
v8,feat_gbm,0.25,46,17,-1.514986833994577,-1.149386040828735
v8,feat_gbm,0.25,46,18,-0.33132234084930845,-0.4541092694382234
v8,feat_gbm,0.25,46,19,-2.637986194934489,-2.8798658660471284
v8,feat_gbm,0.25,46,20,-2.852137439623703,-3.281006200299989
v8,feat_gbm,0.25,46,21,-1.0256552288122702,-0.7889402030111288
v8,feat_gbm,0.25,46,22,-0.32303945304673265,-0.48114593055133975
v8,feat_gbm,0.25,46,23,-3.2550503097767143,-2.8038114998165153
v8,feat_gbm,0.25,46,24,-2.7586942702291304,-2.6726430450531393
v8,feat_gbm,0.25,46,25,-3.4968810084922453,-3.141178249464176
v8,feat_gbm,0.25,46,26,-3.3842847558806817,-3.8612362310489847
v8,feat_gbm,0.25,46,27,-3.0380017206866503,-3.085821277369337
v8,feat_gbm,0.25,46,28,-3.1478302254433164,-2.1153791712035637
v8,feat_gbm,0.25,46,29,-0.3939479597804091,-0.5854112868629942
v8,feat_gbm,0.25,46,30,0.365991355458613,0.13849791927417068
v8,feat_gbm,0.25,46,31,-2.649108355201809,-2.779654184179668
v8,feat_gbm,0.25,46,32,1.4850263338081842,0.9166392391011026
v8,feat_gbm,0.25,46,33,-1.9120522988189372,-2.134444297962007
v8,feat_gbm,0.25,46,34,1.2367636844108874,1.1224191581864646
v8,feat_gbm,0.25,46,35,-3.030081558991597,-2.7514680837461087
v8,feat_gbm,0.25,46,36,0.5557664253491824,0.7493710802437775
v8,feat_gbm,0.25,46,37,-1.8602959855702768,-2.157600461660938
v8,feat_gbm,0.25,46,38,-1.6760106520825357,-1.7436371170468024
v8,feat_gbm,0.25,46,39,1.1924100739716734,0.632388610685479
v8,feat_gbm,0.25,46,40,-1.6792655958716258,-1.5024753827969588
v8,feat_gbm,0.25,46,41,-2.486888162253471,-2.936018587066778
v8,feat_gbm,0.25,46,42,-0.14137213585869104,-0.06406961406287034
v8,feat_gbm,0.25,46,43,-0.21933438326980312,-0.43711075337934485
v8,feat_gbm,0.25,46,44,0.5218279909566016,0.521724778538647
v8,feat_gbm,0.25,46,45,0.5776360139282644,-0.02881562555915001
v8,feat_gbm,0.25,46,46,-2.477481037947443,-2.6856700943784895
v8,feat_gbm,0.25,46,47,-3.1198533895900344,-3.3419513202228783
v8,feat_gbm,0.25,46,48,-0.4237286655543839,-0.35240032436669677
v8,feat_gbm,0.25,46,49,-3.8060829037593376,-4.466027560457086
v8,feat_gbm,0.25,46,50,-0.9135790170660884,-1.2227887404747313
v8,feat_gbm,0.25,46,51,-3.6425724509725135,-4.168130875201601
v8,feat_gbm,0.25,46,52,-1.81136303868179,-2.1825653069440887
v8,feat_gbm,0.25,46,53,-3.1632391635117147,-2.816977102698189
v8,feat_gbm,0.25,46,54,-0.6749993977466598,-0.9520374156321785
v8,feat_gbm,0.25,46,55,0.5948768549055327,0.800460094219776
v8,feat_gbm,0.25,46,56,0.11815299982835677,0.2782562560211116
v8,feat_gbm,0.25,46,57,-0.17367967412658494,-0.7855200046266205
v8,feat_gbm,0.25,46,58,-3.078976042119666,-2.837973637743256
v8,feat_gbm,0.25,46,59,-0.03977167752189944,0.3653424354755994
v8,feat_gbm,0.25,46,60,-2.5943307830904336,-3.145987746693799
v8,feat_gbm,0.25,46,61,-2.834625327033502,-2.1381844357326614
v8,feat_gbm,0.25,46,62,0.42960477814761616,0.3908315550690521
v8,feat_gbm,0.25,46,63,-2.8953001624469588,-3.259739876316779
v8,feat_gbm,0.25,46,64,-2.7439939565788163,-3.799325775609258
v8,feat_gbm,0.25,46,65,0.1924682887411984,0.2842997557356093
v8,feat_gbm,0.25,46,66,0.6549177931466258,0.9099380077885143
v8,feat_gbm,0.25,46,67,0.3861797419943692,0.5741223235018287
v8,feat_gbm,0.25,46,68,1.2394382613339963,1.3807263582335993
v8,feat_gbm,0.25,46,69,1.0863151218043905,2.7357387204405055
v8,feat_gbm,0.25,46,70,-0.10194965068849701,-0.3782017485149665
v8,feat_gbm,0.25,46,71,-0.4204689395337457,-0.6946521973220513
v8,feat_gbm,0.25,46,72,-3.2938074214071413,-3.510295151868067
v8,feat_gbm,0.25,46,73,-0.4340305763191519,-0.3643686170400702
v8,feat_gbm,0.25,46,74,0.4512077874271812,1.1835884152793859
v8,feat_gbm,0.25,46,75,0.06882661329853963,-0.38644824542838596
v8,feat_gbm,0.25,46,76,0.8930257017973554,0.7005004452467647
v8,feat_gbm,0.25,46,77,0.3537772932544763,0.3770911051312199
v8,feat_gbm,0.25,46,78,-0.4833915234613297,-0.5374783823521183
v8,feat_gbm,0.25,46,79,-2.516023712835457,-3.2499450611549854
v8,feat_gbm,0.25,46,80,-1.8337208930855409,-1.719925172279684
v8,feat_gbm,0.25,46,81,0.5393711144864085,1.8185710395242058
v8,feat_gbm,0.25,46,82,-1.2692405470042867,-1.0758778979961314
v8,feat_gbm,0.25,46,83,-0.6736754034915343,-0.8033140510569362
v8,feat_gbm,0.25,46,84,-2.063068017035259,-2.0837035815006346
v8,feat_gbm,0.25,46,85,-2.227587765716579,-1.2430797823904942
v8,feat_gbm,0.25,46,86,1.0743970654902752,0.639317965424242
v8,feat_gbm,0.25,46,87,0.007326666007064211,-0.02321591952008587
v8,feat_gbm,0.25,46,88,-2.956164619175442,-3.512086916650174
v8,feat_gbm,0.25,46,89,-1.6057992688325906,-1.684363733317816
v8,feat_gbm,0.25,46,90,-3.1941477879870614,-3.5341996208099964
v8,feat_gbm,0.25,46,91,0.7972915351815513,1.1574629997660548
v8,feat_gbm,0.25,46,92,-0.9634630284829981,-0.7651863719989663
v8,feat_gbm,0.25,46,93,-2.6889327769668756,-5.7708125015304885
v8,feat_gbm,0.25,46,94,0.2018971502231756,0.07374698385127064
v8,feat_gbm,0.25,46,95,0.6538817680599247,1.201566413592891
v8,feat_gbm,0.25,46,96,1.5271496361289527,1.2655480006709303
v8,feat_gbm,0.25,46,97,-3.0804692492129617,-3.2217777708537843
v8,feat_gbm,0.25,46,98,-1.04630437822897,-1.2120387208328698
v8,feat_gbm,0.25,46,99,-0.5414741722043502,-0.04015373686183237
v8,feat_gbm,0.25,46,100,-2.4750253678654657,-2.8384481914339785
v8,feat_gbm,0.25,46,101,-3.0580621905729988,-3.541068619782685
v8,feat_gbm,0.25,46,102,-3.615982119695959,-4.424727465058162
v8,feat_gbm,0.25,46,103,-0.41557906458674454,-0.7652009130347144
v8,feat_gbm,0.25,46,104,-0.12913326912689563,-0.406664655497914
v8,feat_gbm,0.25,46,105,-3.01895998422733,-2.8019031633754246
v8,feat_gbm,0.25,46,106,-1.037784830132191,-1.1978192780958505
v8,feat_gbm,0.25,46,107,-1.053671475339373,-1.2497822804421463
v8,feat_gbm,0.25,46,108,0.08327734020976194,-0.2003702404752673
v8,feat_gbm,0.25,46,109,-0.20064036876451136,-0.28745536208379296
v8,feat_gbm,0.25,46,110,0.33317447524593974,0.2838469771831524
v8,feat_gbm,0.25,46,111,0.4251812257109247,0.6579850926301614
v8,feat_gbm,0.25,46,112,0.2080519029722115,-0.4279263804064609
v8,feat_gbm,0.25,46,113,0.7101300338779108,0.527327823801956
v8,feat_gbm,0.25,46,114,-3.1454348776699437,-3.652947895428966
v8,feat_gbm,0.25,46,115,-0.19708141323346093,-0.04287987221360797
v8,feat_gbm,0.25,46,116,-3.0518098833917877,-3.4409421360670214
v8,feat_gbm,0.25,46,117,-3.007111196130792,-2.4284095097884006
v8,feat_gbm,0.25,46,118,-1.629823463895619,-1.419217075367618
v8,feat_gbm,0.25,46,119,-1.410924164963531,-1.4944271796191557
v8,feat_gbm,0.25,46,120,-2.9590450894844604,-2.797137626437216
v8,feat_gbm,0.25,46,121,1.5539655455489592,3.1321125804877905
v8,feat_gbm,0.25,46,122,-2.2190713964395137,-3.164895556438051
v8,feat_gbm,0.25,46,123,0.4678293295125112,-0.021234684620174846
v8,feat_gbm,0.25,46,124,-1.4162034443556186,-1.246001114532972
v8,feat_gbm,0.25,46,125,-2.7225626018958757,-2.7130193085566443
v8,feat_gbm,0.25,46,126,-1.373933516773667,-2.0560780011130944
v8,feat_gbm,0.25,46,127,-1.9003893898947872,-1.631222331554067
v8,feat_gbm,0.25,46,128,-2.2265092076988915,-3.477307725783656
v8,feat_gbm,0.25,46,129,0.7749275670363149,1.7007542891568868
v8,feat_gbm,0.25,46,130,-2.6395051370613807,-3.4021624962570822
v8,feat_gbm,0.25,46,131,-3.6807524849566784,-3.701149444421242
v8,feat_gbm,0.25,46,132,-0.35526727285988924,-0.4116741376471012
v8,feat_gbm,0.25,46,133,-0.3499824412540794,-0.5680375850475197
v8,feat_gbm,0.25,46,134,-1.957181089070933,-1.4788189923590598
v8,feat_gbm,0.25,46,135,-2.536438714455454,-2.9896549957503007
v8,feat_gbm,0.25,46,136,0.5425543526018858,0.11194117436713467
v8,feat_gbm,0.25,46,137,1.169853383549574,1.7147062893715772
v8,feat_gbm,0.25,46,138,-2.7248137499819385,-1.9709125209383296
v8,feat_gbm,0.25,46,139,0.07289604942550958,0.19937477723826902
v8,feat_gbm,0.25,46,140,-2.5858786522350337,-2.8223726616431475
v8,feat_gbm,0.25,46,141,-0.48312648472317604,-0.12380828599000025
v8,feat_gbm,0.25,46,142,-2.7943727500177897,-2.97521232911642
v8,feat_gbm,0.25,46,143,-1.7391883931242087,-1.9484557479617686
v8,feat_gbm,0.25,46,144,0.5144142897272144,1.244093655886106
v8,feat_gbm,0.25,46,145,-1.9461454679048467,-2.0280859266176816
v8,feat_gbm,0.25,46,146,-2.4471350440665454,-2.0754073031653366
v8,feat_gbm,0.25,46,147,-0.07473345594951067,-0.11331641159387335
v8,feat_gbm,0.25,46,148,-2.661609001291335,-2.620298039600635
v8,feat_gbm,0.25,46,149,-2.732825044536678,-3.8395532227602396
v8,feat_gbm,0.25,46,150,-1.542822611230675,-2.149698272240366
v8,feat_gbm,0.25,46,151,-2.750805538088441,-3.1594376779318036
v8,feat_gbm,0.25,46,152,-2.536137555600049,-2.7712141114581046
v8,feat_gbm,0.25,46,153,-1.1586257579671013,-1.1483368403810985
v8,feat_gbm,0.25,46,154,-1.50351828540625,-1.4700676700115773
v8,feat_gbm,0.25,46,155,1.1795495747643248,1.4088416749712322
v8,feat_gbm,0.25,46,156,0.4976788467035386,0.7564704220494097
v8,feat_gbm,0.25,46,157,-1.9103963008304803,-1.7148995557963913
v8,feat_gbm,0.25,46,158,-1.3823094311415705,-2.8595355115547196
v8,feat_gbm,0.25,46,159,-1.098326681619436,-0.9922400520728849
v8,feat_gbm,0.25,46,160,2.108643136318838,1.8585227307534937
v8,feat_gbm,0.25,46,161,-2.3802009646097604,-2.477654537850602
v8,feat_gbm,0.25,46,162,-3.1867349529758657,-2.993764039868935
v8,feat_gbm,0.25,46,163,-1.5244456043344528,-1.1722671160336509
v8,feat_gbm,0.25,46,164,-1.8932116446051586,-1.6577576086204497
v8,feat_gbm,0.25,46,165,-2.4522574615799893,-2.9770186999323642
v8,feat_gbm,0.25,46,166,-3.1716130311216273,-3.2329952824425443
v8,feat_gbm,0.25,46,167,0.07050369347255665,0.19550508612775644
v8,feat_gbm,0.25,46,168,-1.075997776745989,-1.2639642813248737
v8,feat_gbm,0.25,46,169,1.1116886738071834,1.4224064134580066
v8,feat_gbm,0.25,46,170,-1.677572169908119,-1.5303724784706008
v8,feat_gbm,0.25,46,171,0.558554408417364,0.6086346650572224
v8,feat_gbm,0.25,46,172,-0.08224144918163344,-0.052232489626048526
v8,feat_gbm,0.25,46,173,-0.3419340960727329,-0.19074605880313256
v8,feat_gbm,0.25,46,174,-2.9045703137263588,-2.7678232596734214
v8,feat_gbm,0.25,46,175,-1.848454058502862,-1.6557092188829319
v8,feat_gbm,0.25,46,176,0.015569479313737622,0.12081831439914445
v8,feat_gbm,0.25,46,177,1.0885206365555313,3.7031714993021168
v8,feat_gbm,0.25,46,178,0.04584282834065079,-0.17761292562564054
v8,feat_gbm,0.25,46,179,0.2107877664418118,0.2295122735959306
v8,feat_gbm,0.25,46,180,-1.2042592648971238,-1.6401012725318311
v8,feat_gbm,0.25,46,181,-2.2427176886921205,-3.399461101549646
v8,feat_gbm,0.25,46,182,0.526514319384938,0.5421608664871393
v8,feat_gbm,0.25,46,183,-3.0679693604936866,-3.7858185839721776
v8,feat_gbm,0.25,46,184,0.41730527474906337,0.4440956773301304
v8,feat_gbm,0.25,46,185,0.2797047131591432,0.5450962365111649
v8,feat_gbm,0.25,46,186,-2.8847781129080428,-3.094441269353033
v8,feat_gbm,0.25,46,187,1.2017391629589544,1.436275522654785
v8,feat_gbm,0.25,46,188,0.27925151884992455,-0.003208414280501246
v8,feat_gbm,0.25,46,189,-2.0242492274714325,-2.0766448721687736
v8,feat_gbm,0.25,46,190,-3.1216417059553176,-2.887011097372245
v8,feat_gbm,0.25,46,191,0.05447171792153061,-0.19564387773269687
v8,feat_gbm,0.25,46,192,-2.877734403661494,-3.39219136175158
v8,feat_gbm,0.25,46,193,-4.080200723987449,-4.804455114758695
v8,feat_gbm,0.25,46,194,0.03830955615269588,-0.23230879418151415
v8,feat_gbm,0.25,46,195,0.7994203049807532,0.7768952289284052
v8,feat_gbm,0.25,46,196,-3.0755215906949243,-3.0758975731441707
v8,feat_gbm,0.25,46,197,1.731294819679377,1.8852948766094535
v8,feat_gbm,0.25,46,198,0.07437285445465042,-0.07474663349946693
v8,feat_gbm,0.25,46,199,1.7944760027961064,0.9295509098669842
v8,feat_gbm,0.25,46,200,0.16405083854971134,0.40408761039079466
v8,feat_gbm,0.25,46,201,-1.4792005948890006,-1.0185563947000995
v8,feat_gbm,0.25,46,202,-1.3735237014257051,-1.5812541435625456
v8,feat_gbm,0.25,46,203,-2.4892209598330903,-2.9269603411540346
v8,feat_gbm,0.25,46,204,-0.49168698797560517,-0.9368237022381455
v8,feat_gbm,0.25,46,205,-0.618338432946456,-0.771906247259438
v8,feat_gbm,0.25,46,206,-1.5462896733604796,-1.4457766532498904
v8,feat_gbm,0.25,46,207,-2.4431602874207536,-2.4752738768021185
v8,feat_gbm,0.25,46,208,-3.6176342291885932,-2.8789590131308262
v8,feat_gbm,0.25,46,209,-3.0422960251401787,-2.6986856152036793
v8,feat_gbm,0.25,46,210,0.046509297135950825,0.05837096406180189
v8,feat_gbm,0.25,46,211,-2.1994012090225157,-2.2327070274631113
v8,feat_gbm,0.25,46,212,-0.03461628255383253,0.15758807445032513
v8,feat_gbm,0.25,46,213,0.9284535281664035,0.5234750924970406
v8,feat_gbm,0.25,46,214,0.39747846279545745,0.8312555987922697
v8,feat_gbm,0.25,46,215,-0.842345734165816,-0.7699972654610447
v8,feat_gbm,0.25,46,216,-1.9726137877948187,-2.4368834827463726
v8,feat_gbm,0.25,46,217,-3.478137193277611,-3.7421886443248944
v8,feat_gbm,0.25,46,218,-3.388319266585317,-4.3753265313120195
v8,feat_gbm,0.25,46,219,0.14354429399626403,0.13181597567614448
v8,feat_gbm,0.25,46,220,-2.449754735924162,-2.150299196146146
v8,feat_gbm,0.25,46,221,0.35873669961551785,0.4316281043505307
v8,feat_gbm,0.25,46,222,0.8253701352712092,0.20581216265343685
v8,feat_gbm,0.25,46,223,-1.1259863145983504,-1.7226779576420432
v8,feat_gbm,0.25,46,224,1.022458189588121,1.0701061526100661
v8,feat_gbm,0.25,46,225,-3.1565238591781553,-2.995983076644188
v8,feat_gbm,0.25,46,226,-0.1078699533110143,-0.39103048890459524
v8,feat_gbm,0.25,46,227,-1.979948956112132,-2.811377433191803
v8,feat_gbm,0.25,46,228,0.029603873536118572,0.1103569248772952
v8,feat_gbm,0.25,46,229,0.8586483304135663,1.0926797996732165
v8,feat_gbm,0.25,46,230,-1.622360938085862,-1.1465469989616057
v8,feat_gbm,0.25,46,231,-3.1616912313816274,-3.7045714701961474
v8,feat_gbm,0.25,46,232,-0.07313909240458841,-0.3205795311611984
v8,feat_gbm,0.25,46,233,-0.5259775180655687,-0.7282288274356463
v8,feat_gbm,0.25,46,234,-0.3544805913836286,-0.6143938277881194
v8,feat_gbm,0.25,46,235,-3.7589080081204393,-3.717493513170671
v8,feat_gbm,0.25,46,236,-1.5690584748635348,-1.894186438607053
v8,feat_gbm,0.25,46,237,0.19050776690600796,0.19101892391720615
v8,feat_gbm,0.25,46,238,-2.497819751750604,-2.723653519266766
v8,feat_gbm,0.25,46,239,0.13669158315485286,0.28172679866345784
v8,feat_gbm,0.25,46,240,-1.2702768057341092,-0.570916259780521
v8,feat_gbm,0.25,46,241,-1.3940396661100989,-3.037607674189957
v8,feat_gbm,0.25,46,242,-2.529565168896401,-2.4824067099880884
v8,feat_gbm,0.25,46,243,1.1031592865625395,1.793244191067856
v8,feat_gbm,0.25,46,244,-2.3363845932410285,-2.170563194223024
v8,feat_gbm,0.25,46,245,-3.0183202315013147,-2.5580286375581696
v8,feat_gbm,0.25,46,246,-2.7260247081104003,-3.9013363177662743
v8,feat_gbm,0.25,46,247,-1.06796116822146,-1.2689211715035387
v8,feat_gbm,0.25,46,248,-2.81562252217915,-2.89795980370705
v8,feat_gbm,0.25,46,249,-1.1327179469034756,-1.149470325468549
v8,feat_gbm,0.25,46,250,-2.359136657735869,-2.1803876537888693
v8,feat_gbm,0.25,46,251,-1.661851715637223,-1.2010659028736028
v8,feat_gbm,0.25,46,252,-2.4824035688095094,-2.675840590612525
v8,feat_gbm,0.25,46,253,-1.5304949922946056,-0.865421424414132
v8,feat_gbm,0.25,46,254,-0.7039104896609173,-0.45089388998719687
v8,feat_gbm,0.25,46,255,-1.6738512615103887,-1.477655138121315
v8,feat_gbm,0.25,46,256,-1.7031051393285175,-1.9234128661936198
v8,feat_gbm,0.25,46,257,-1.146578168388647,-0.8895479413744646
v8,feat_gbm,0.25,46,258,-1.1967488330184417,-1.284701881398344
v8,feat_gbm,0.25,46,259,0.013378911403171444,0.03791276039075724
v8,feat_gbm,0.25,46,260,-1.6469104138854833,-1.213907680807544
v8,feat_gbm,0.25,46,261,-0.21081285008306977,-0.6937064881158975
v8,feat_gbm,0.25,46,262,-2.9349072253883284,-2.500344974429108
v8,feat_gbm,0.25,46,263,-2.9975461260525202,-3.0782877743164985
v8,feat_gbm,0.25,46,264,-3.1752409504468786,-3.2702790535172426
v8,feat_gbm,0.25,46,265,-0.16351959155071757,-0.15746453031192983
v8,feat_gbm,0.25,46,266,-2.1910038602582933,-1.3930653126164372
v8,feat_gbm,0.25,46,267,-3.2367116656892687,-3.460520174484755
v8,feat_gbm,0.25,46,268,-1.989921837396641,-1.8115923421665279
v8,feat_gbm,0.25,46,269,-0.008462982412049765,-0.04785951915829837
v8,feat_gbm,0.25,46,270,-1.2918507743429166,-1.3387838926701625
v8,feat_gbm,0.25,46,271,0.644304669986629,0.6172482925771328
v8,feat_gbm,0.25,46,272,-0.12133691033045275,0.10718580269537517
v8,feat_gbm,0.25,46,273,-2.4612519494980507,-2.4250613993713395
v8,feat_gbm,0.25,46,274,-0.12345445608554391,-0.4656136934058211
v8,feat_gbm,0.25,46,275,-2.20544282091228,-1.7679071058666047
v8,feat_gbm,0.25,46,276,-0.5420738019893048,-0.15192249005847586
v8,feat_gbm,0.25,46,277,-0.30481177806965676,-0.22686658439221394
v8,feat_gbm,0.25,46,278,-0.45736712580257755,-0.3963273628232521
v8,feat_gbm,0.25,46,279,-1.968687126383851,-2.1916982233579314
v8,feat_gbm,0.25,46,280,0.16068879778327017,0.5138857123822332
v8,feat_gbm,0.25,46,281,0.22881797820808109,0.13501120436460418
v8,feat_gbm,0.25,46,282,-0.24161633184295156,-0.35232291748203215
v8,feat_gbm,0.25,46,283,0.307776067610237,0.33710059568630363
v8,feat_gbm,0.25,46,284,2.5520150207694305,2.2269494594330284
v8,feat_gbm,0.25,46,285,-0.6941439500503583,-0.8523290277873723
v8,feat_gbm,0.25,46,286,0.24811994386055522,0.5032694866056324
v8,feat_gbm,0.25,46,287,-2.900846010032123,-3.0734310124071125
v8,feat_gbm,0.25,46,288,-2.7167271561098882,-3.0969464995649485
v8,feat_gbm,0.25,46,289,0.9113198528070561,0.8088909840914691
v8,feat_gbm,0.25,46,290,-1.3155281083039678,-1.710735902712342
v8,feat_gbm,0.25,46,291,0.1260968114445072,-0.24588513525180683
v8,feat_gbm,0.25,46,292,-3.0848759515710578,-2.9910915714149957
v8,feat_gbm,0.25,46,293,0.1819232670939019,0.24397961438558982
v8,feat_gbm,0.25,46,294,1.1879043186256828,0.9827222917401395
v8,feat_gbm,0.25,46,295,0.9234200696351959,1.5399914318848642
v8,feat_gbm,0.25,46,296,-2.16376459647733,-3.028104854063688
v8,feat_gbm,0.25,46,297,-1.017542154974486,-1.9675880903276046
v8,feat_gbm,0.25,46,298,0.28262769574252555,0.3882116190950413
v8,feat_gbm,0.25,46,299,-0.35683148334661074,-0.4169590587595381
v8,feat_gbm,0.25,46,300,-0.4935970678165191,-0.47104701624968015
v8,feat_gbm,0.25,46,301,-0.42106442803529304,-0.5788171023402015
v8,feat_gbm,0.25,46,302,-3.0653870698638674,-3.325334912618423
v8,feat_gbm,0.25,46,303,0.1793937437747731,0.27214776974989446
v8,feat_gbm,0.25,46,304,0.44114835867848545,0.2838761456734127
v8,feat_gbm,0.25,46,305,0.7431357800885596,0.98356576927226
v8,feat_gbm,0.25,46,306,-2.011116014643049,-2.324804251846344
v8,feat_gbm,0.25,46,307,-0.0735458482407216,-0.30060412365222405
v8,feat_gbm,0.25,46,308,-3.108976936377647,-3.5706943269006843
v8,feat_gbm,0.25,46,309,0.8789289099895817,0.7657986236992217
v8,feat_gbm,0.25,46,310,-0.13175638264791806,-0.3760212383278314
v8,feat_gbm,0.25,46,311,0.7973605571709086,0.903367601886353
v8,feat_gbm,0.25,46,312,0.32969376945808865,0.2834145554969618
v8,feat_gbm,0.25,46,313,-0.5428079482666237,-0.8750381269167363
v8,feat_gbm,0.25,46,314,-0.7328644469479413,-0.8911054934067958
v8,feat_gbm,0.25,46,315,0.1918359514602044,0.2699623908229132
v8,feat_gbm,0.25,46,316,-3.452985053796579,-4.034449774534175
v8,feat_gbm,0.25,46,317,0.6891852389674838,0.7302045063515665
v8,feat_gbm,0.25,46,318,-2.66612438742194,-2.5264159394565007
v8,feat_gbm,0.25,46,319,-3.0842079681158254,-3.1280680478747835
v8,feat_gbm,0.25,46,320,-0.07559538746257248,-0.623194388118803
v8,feat_gbm,0.25,46,321,-3.5839745730882786,-4.172922463867305
v8,feat_gbm,0.25,46,322,1.1011566710281373,1.0714029341973417
v8,feat_gbm,0.25,46,323,-3.0131269743187112,-2.5538050374755565
v8,feat_gbm,0.25,46,324,-1.2091807364151625,-1.5310020975326282
v8,feat_gbm,0.25,46,325,-0.6499340506229498,-0.735749980772127
v8,feat_gbm,0.25,46,326,-0.4862900629887823,-0.5010306012352705
v8,feat_gbm,0.25,46,327,-4.080690737473683,-4.393123087746285
v8,feat_gbm,0.25,46,328,0.9626988272553657,0.6439364857563509
v8,feat_gbm,0.25,46,329,-2.4914645421422086,-2.60760252445046
v8,feat_gbm,0.25,46,330,0.7620640817979843,0.46983427811083467
v8,feat_gbm,0.25,46,331,-1.6324800629218936,-1.149354435920189
v8,feat_gbm,0.25,46,332,-1.7149546767835684,-1.0961264399974935
v8,feat_gbm,0.25,46,333,1.0899314135479243,1.4253561556633074
v8,feat_gbm,0.25,46,334,1.160510950292919,1.0406546288822482
v8,feat_gbm,0.25,46,335,-0.07326134533357485,-0.1286217558512718
v8,feat_gbm,0.25,46,336,-1.703775760866279,-1.7275974260064488
v8,feat_gbm,0.25,46,337,-3.945266467019926,-4.535227665039715
v8,feat_gbm,0.25,46,338,-0.5559175625023238,-1.078833843619319
v8,feat_gbm,0.25,46,339,-2.7223293561847255,-2.035297396751524
v8,feat_gbm,0.25,46,340,0.42950709695047223,0.4788286932125707
v8,feat_gbm,0.25,46,341,-1.0945314361937926,-0.4595082096564039
v8,feat_gbm,0.25,46,342,-3.276463419628166,-3.653430804591794
v8,feat_gbm,0.25,46,343,0.4379637040595942,0.2834522663037432
v8,feat_gbm,0.25,46,344,0.2657417533591968,-0.15984972455285287
v8,feat_gbm,0.25,46,345,-2.562815896628096,-3.8822970119574354
v8,feat_gbm,0.25,46,346,-2.6283466176228187,-2.5801989990218064
v8,feat_gbm,0.25,46,347,-3.2213209752650216,-3.2622630695286134
v8,feat_gbm,0.25,46,348,-0.3753178979827509,-0.4894561152880944
v8,feat_gbm,0.25,46,349,-2.9902658259069863,-3.0223552414624764
v8,feat_gbm,0.25,46,350,0.6188408974748689,0.4215072765335228
v8,feat_gbm,0.25,46,351,-1.845487499955511,-1.8152752103400673
v8,feat_gbm,0.25,46,352,1.050981776855822,1.102263670511441
v8,feat_gbm,0.25,46,353,0.925339887858026,1.4454852001466738
v8,feat_gbm,0.25,46,354,-3.362905137306189,-3.6770060333191017
v8,feat_gbm,0.25,46,355,-3.981852196974729,-5.078652858832153
v8,feat_gbm,0.25,46,356,0.6418127994150131,0.7815322159665122
v8,feat_gbm,0.25,46,357,0.8669113614902292,0.6775133790495483
v8,feat_gbm,0.25,46,358,-3.0341150198936573,-3.5163570325540956
v8,feat_gbm,0.25,46,359,-1.4626742041759901,-4.157760523739404
v8,feat_gbm,0.25,46,360,-0.3745908161153714,-0.18386357284099003
v8,feat_gbm,0.25,46,361,-3.5527855630907257,-4.477383009144865
v8,feat_gbm,0.25,46,362,0.6246396588390805,0.2909126951240761
v8,feat_gbm,0.25,46,363,-2.8702498323257055,-3.5121531596302606
v8,feat_gbm,0.25,46,364,-0.7960791332517867,-0.0019354464452207268
v8,feat_gbm,0.25,46,365,-3.4966105828726897,-3.264666087597375
v8,feat_gbm,0.25,46,366,-2.076629185890507,-1.4961090632143375
v8,feat_gbm,0.25,46,367,-0.04163239253156818,-0.10305907560987346
v8,feat_gbm,0.25,46,368,0.2687063598370957,0.24601275195113992
v8,feat_gbm,0.25,46,369,-1.264284700168856,-1.6400355118163064
v8,feat_gbm,0.25,46,370,-1.8731971147323299,-1.5399226532969161
v8,feat_gbm,0.25,46,371,-0.10129577874031438,-0.3336387161155974
v8,feat_gbm,0.25,46,372,0.37383969476129314,0.3185760540422761
v8,feat_gbm,0.25,46,373,-0.1875189879897108,-0.30756424411789
v8,feat_gbm,0.25,46,374,-3.403247521965809,-3.551435429619069
v8,feat_gbm,0.25,46,375,-0.061525884687113175,-0.12846918127015178
v8,feat_gbm,0.25,46,376,0.4633582756155504,0.43413099611324796
v8,feat_gbm,0.25,46,377,0.641868161209085,0.8095384731463161
v8,feat_gbm,0.25,46,378,0.28558391945786377,0.20303525329731625
v8,feat_gbm,0.25,46,379,0.5376480522734847,0.524784145223057
v8,feat_gbm,0.25,46,380,0.42027849005161627,0.8722609808312535
v8,feat_gbm,0.25,46,381,0.6462089780988052,1.0190202163897197
v8,feat_gbm,0.25,46,382,0.8460556095809162,1.2715191268303472
v8,feat_gbm,0.25,46,383,0.03302629879226742,-0.13923746667536385
v8,feat_gbm,0.25,46,384,-0.8336075939690948,-1.7983983483294153
v8,feat_gbm,0.25,46,385,0.6870746429718945,0.5606037150840157
v8,feat_gbm,0.25,46,386,0.6952900531064112,0.6003456151224621
v8,feat_gbm,0.25,46,387,1.2107249196863923,1.3071718981356573
v8,feat_gbm,0.25,46,388,0.16913867766589408,-0.19457283568776126
v8,feat_gbm,0.25,46,389,-1.3873972500775054,-0.981880356960367
v8,feat_gbm,0.25,46,390,-2.88870962005612,-2.628024059072158
v8,feat_gbm,0.25,46,391,-2.165366368922884,-2.479262758098376
v8,feat_gbm,0.25,46,392,-2.1975048436822453,-2.207941629114672
v8,feat_gbm,0.25,46,393,-2.6146551000531844,-2.806586620215901
v8,feat_gbm,0.25,46,394,-0.24952367018750168,-0.16842623590390868
v8,feat_gbm,0.25,46,395,0.2804169062770526,0.3596423409999632
v8,feat_gbm,0.25,46,396,-2.942981500487896,-3.117667066362407
v8,feat_gbm,0.25,46,397,0.6920107800684978,0.6134086288650079
v8,feat_gbm,0.25,46,398,0.5193550625499374,0.5049020087080688
v8,feat_gbm,0.25,46,399,-1.0621597382915287,-1.0548605918119196
v8,feat_gbm,0.25,46,400,-3.258889867186647,-2.877676775828332
v8,feat_gbm,0.25,46,401,0.19296938713653544,0.015654415635624343
v8,feat_gbm,0.25,46,402,-0.7401042632033423,-0.7027824676465185
v8,feat_gbm,0.25,46,403,0.2562871092245674,0.6733427913489138
v8,feat_gbm,0.25,46,404,0.272157963585653,0.03259550049258387
v8,feat_gbm,0.25,46,405,-3.193309998225245,-3.4179416205706223
v8,feat_gbm,0.25,46,406,-2.105577423904657,-1.6563158072976616
v8,feat_gbm,0.25,46,407,0.399382266248743,0.3281041495218151
v8,feat_gbm,0.25,46,408,-1.0736130806361437,-1.498502430121411
v8,feat_gbm,0.25,46,409,-0.9407608738305885,-1.5390850133499359
v8,feat_gbm,0.25,46,410,-2.0906476603375395,-3.8769914364338094
v8,feat_gbm,0.25,46,411,-1.2094236127808151,-1.1093409530974205
v8,feat_gbm,0.25,46,412,-2.522303083535842,-2.1356441225652167
v8,feat_gbm,0.25,46,413,0.7438159418111179,0.5613925387002681
v8,feat_gbm,0.25,46,414,-2.49157534458014,-2.672303525149137
v8,feat_gbm,0.25,46,415,0.9304654417782453,0.9887747910888531
v8,feat_gbm,0.25,46,416,-2.786457095075784,-2.064740642123073
v8,feat_gbm,0.25,46,417,-0.09283474375435317,-0.13534283366780814
v8,feat_gbm,0.25,46,418,-0.020860260807352655,0.5266566940316069
v8,feat_gbm,0.25,46,419,-0.606502751185258,-0.7929716308762645
v8,feat_gbm,0.25,46,420,0.5412664825152909,0.22081989653443584
v8,feat_gbm,0.25,46,421,-3.6054586251304244,-3.4911396429773087
v8,feat_gbm,0.25,46,422,0.04638378178671341,0.4691563032653497
v8,feat_gbm,0.25,46,423,-0.1655917438036082,-0.21242164749251408
v8,feat_gbm,0.25,46,424,-3.1867818997328783,-2.0235730224261497
v8,feat_gbm,0.25,46,425,-0.22858458415372504,0.1881042769243711
v8,feat_gbm,0.25,46,426,-0.6609449427495532,-0.7546830882020855
v8,feat_gbm,0.25,46,427,-1.5693096463561609,-2.004418163271322
v8,feat_gbm,0.25,46,428,-0.042901077518544196,0.08108350485015015
v8,feat_gbm,0.25,46,429,-1.3734339687787385,-0.8958783842144782
v8,feat_gbm,0.25,46,430,-0.6241699505127853,-0.700178367515834
v8,feat_gbm,0.25,46,431,-2.0426923641049344,-2.026447754843476
v8,feat_gbm,0.25,46,432,-3.3530864500917956,-3.3644112924118934
v8,feat_gbm,0.25,46,433,-2.549493534283284,-2.4777804975332844
v8,feat_gbm,0.25,46,434,-3.5966533519631403,-3.6407879329147783
v8,feat_gbm,0.25,46,435,0.23706139518967395,0.8140524350977956
v8,feat_gbm,0.25,46,436,-0.4185606827002691,-0.6342245759550225
v8,feat_gbm,0.25,46,437,-1.3839592239768952,-1.0170271575608654
v8,feat_gbm,0.25,46,438,0.9144576847756212,1.2058566336630974
v8,feat_gbm,0.25,46,439,0.9929441740929636,1.04159183954478
v8,feat_gbm,0.25,46,440,-0.4148328496136365,-0.383754051292973
v8,feat_gbm,0.25,46,441,1.4115687919477458,0.9717849563735496
v8,feat_gbm,0.25,46,442,0.934602115556338,0.915394257773604
v8,feat_gbm,0.25,46,443,-0.11738297364740288,0.17619398118278368
v8,feat_gbm,0.25,46,444,-2.9112288508266957,-2.3026142847949007
v8,feat_gbm,0.25,46,445,-1.0479065560333518,-2.156995715227189
v8,feat_gbm,0.25,46,446,-2.1148389721005345,-1.9647154613855007
v8,feat_gbm,0.25,46,447,-1.2337766540528505,-1.2167428909736953
v8,feat_gbm,0.25,46,448,-0.40196418485097646,0.371748058948411
v8,feat_gbm,0.25,46,449,-3.0815149873841845,-3.354914600670279
v8,feat_gbm,0.25,46,450,-1.689112887810856,-2.0984010901330774
v8,feat_gbm,0.25,46,451,-1.547870013136755,-1.8411195968283314
v8,feat_gbm,0.25,46,452,-0.13022414767806312,-0.2866386615093297
v8,feat_gbm,0.25,46,453,-2.1186609757281585,-2.1769502099219324
v8,feat_gbm,0.25,46,454,0.3800133615743998,0.851829112076475
v8,feat_gbm,0.25,46,455,0.19753328212706076,-0.5174982843777256
v8,feat_gbm,0.25,46,456,-3.07832118856499,-3.7883351795095335
v8,feat_gbm,0.25,46,457,-1.8598738556599392,-1.3225504843777425
v8,feat_gbm,0.25,46,458,-0.39606332743028794,-0.6304710111145473
v8,feat_gbm,0.25,46,459,-2.6620407554498895,-2.867776928577639
v8,feat_gbm,0.25,46,460,-0.05516309285140754,-0.20106453453544149
v8,feat_gbm,0.25,46,461,0.9819601261755345,0.565413433251147
v8,feat_gbm,0.25,46,462,0.3249147369967236,0.6531860801292728
v8,feat_gbm,0.25,46,463,-3.0822961839876677,-3.295531334571209
v8,feat_gbm,0.25,46,464,-1.4754742865869943,-1.118951529136503
v8,feat_gbm,0.25,46,465,-0.05508055027530934,0.08535922256033004
v8,feat_gbm,0.25,46,466,0.21038529384407487,0.2656879386171551
v8,feat_gbm,0.25,46,467,-1.0658977737799864,-1.0764680911985907
v8,feat_gbm,0.25,46,468,2.473376109670492,2.2503813782282114
v8,feat_gbm,0.25,46,469,0.015282884450999163,-0.029700274932011248
v8,feat_gbm,0.25,46,470,-2.199221530770937,-2.1918010579584375
v8,feat_gbm,0.25,46,471,-0.04559033173114955,-0.12537364897776127
v8,feat_gbm,0.25,46,472,-1.5464504254635336,-1.3714574409892777
v8,feat_gbm,0.25,46,473,-0.952429203691634,-1.0216450817816245
v8,feat_gbm,0.25,46,474,-0.7505442776134666,-0.8313233833759152
v8,feat_gbm,0.25,46,475,-2.9129538254072735,-3.25243582884057
v8,feat_gbm,0.25,46,476,0.7335922476074747,0.8737365575305754
v8,feat_gbm,0.25,46,477,-2.480539223737432,-1.8373017486027088
v8,feat_gbm,0.25,46,478,-1.783362307147114,-1.909749317133085
v8,feat_gbm,0.25,46,479,0.6465919024960871,0.418341725137149
v8,feat_gbm,0.25,46,480,-2.8030845951107644,-2.8689304810445995
v8,feat_gbm,0.25,46,481,-3.2282256152640714,-3.9192950012633494
v8,feat_gbm,0.25,46,482,0.6646613077113958,0.8191907452202399
v8,feat_gbm,0.25,46,483,-1.9705058748522726,-2.7371748494528005
v8,feat_gbm,0.25,46,484,-0.11237377505375513,0.043868991079412875
v8,feat_gbm,0.25,46,485,-2.60239060819605,-3.9571024828402512
v8,feat_gbm,0.25,46,486,-0.8850424928636299,-0.8286091055291892
v8,feat_gbm,0.25,46,487,1.1418929946257113,1.1086460137612473
v8,feat_gbm,0.25,46,488,-0.8894094023808741,-1.0899995989348372
v8,feat_gbm,0.25,46,489,-2.90833583471258,-2.9260181182274523
v8,feat_gbm,0.25,46,490,0.09713513897854527,0.01778898425240747
v8,feat_gbm,0.25,46,491,-0.6475520590866569,-0.388546054063584
v8,feat_gbm,0.25,46,492,-0.7379514833844272,-0.8483910406321095
v8,feat_gbm,0.25,46,493,-2.5098696377742105,-2.4855190663855797
v8,feat_gbm,0.25,46,494,-0.24972162108233853,-0.6027729178489412
v8,feat_gbm,0.25,46,495,-1.873964667749505,-1.5285925057254015
v8,feat_gbm,0.25,46,496,0.757288721142743,1.0092174422839322
v8,feat_gbm,0.25,46,497,-2.6410976961376504,-2.421052301727873
v8,feat_gbm,0.25,46,498,-2.981320011654933,-3.2283141264699093
v8,feat_gbm,0.25,46,499,-3.7728449621381053,-4.907212199848568
v8,feat_gbm,0.5,42,0,-0.22351030693920124,0.03894909458183669
v8,feat_gbm,0.5,42,1,-2.385642352125406,-2.5052564746229193
v8,feat_gbm,0.5,42,2,0.6137196330547722,0.6287827851917782
v8,feat_gbm,0.5,42,3,-3.2749957116360346,-3.3447289283878643
v8,feat_gbm,0.5,42,4,1.0971768842561533,0.9694015026406426
v8,feat_gbm,0.5,42,5,-1.8805766723968416,-2.4693709778233526
v8,feat_gbm,0.5,42,6,-0.03245484356569858,-0.2819211013310965
v8,feat_gbm,0.5,42,7,0.6971737251702677,0.5289578846490461
v8,feat_gbm,0.5,42,8,0.3108106160927776,0.032863622186365654
v8,feat_gbm,0.5,42,9,0.9910999697648626,0.9352707853930591
v8,feat_gbm,0.5,42,10,-1.5231404549419172,-1.5987558134683666
v8,feat_gbm,0.5,42,11,-3.240363233858625,-3.2678706438993954
v8,feat_gbm,0.5,42,12,-2.481069613171809,-2.445380546146449
v8,feat_gbm,0.5,42,13,-0.17597983160400849,-0.4471217519653716
v8,feat_gbm,0.5,42,14,-2.0252992095219273,-1.8343062920535937
v8,feat_gbm,0.5,42,15,-2.031774982868774,-2.278287047942225
v8,feat_gbm,0.5,42,16,-1.053337297364545,-1.113015507562239
v8,feat_gbm,0.5,42,17,-1.5680704551232485,-1.149386040828735
v8,feat_gbm,0.5,42,18,0.08539000943335497,-0.4541092694382234
v8,feat_gbm,0.5,42,19,-2.488127195211407,-2.8798658660471284
v8,feat_gbm,0.5,42,20,-2.9388369511656025,-3.281006200299989
v8,feat_gbm,0.5,42,21,-1.1600842040417583,-0.7889402030111288
v8,feat_gbm,0.5,42,22,-0.5451537746366751,-0.48114593055133975
v8,feat_gbm,0.5,42,23,-3.1332681790583172,-2.8038114998165153
v8,feat_gbm,0.5,42,24,-2.876710267984179,-2.6726430450531393
v8,feat_gbm,0.5,42,25,-3.341506231706403,-3.141178249464176
v8,feat_gbm,0.5,42,26,-3.224082952804638,-3.8612362310489847
v8,feat_gbm,0.5,42,27,-2.8704271786489337,-3.085821277369337
v8,feat_gbm,0.5,42,28,-2.933936161326384,-2.1153791712035637
v8,feat_gbm,0.5,42,29,-0.45554208402383084,-0.5854112868629942
v8,feat_gbm,0.5,42,30,-0.13195633058823344,0.13849791927417068
v8,feat_gbm,0.5,42,31,-2.950714394681087,-2.779654184179668
v8,feat_gbm,0.5,42,32,1.2579072397994027,0.9166392391011026
v8,feat_gbm,0.5,42,33,-2.052502962140525,-2.134444297962007
v8,feat_gbm,0.5,42,34,1.2085627302645796,1.1224191581864646
v8,feat_gbm,0.5,42,35,-3.1043838087793447,-2.7514680837461087
v8,feat_gbm,0.5,42,36,0.5803786789548442,0.7493710802437775
v8,feat_gbm,0.5,42,37,-2.086310797875252,-2.157600461660938
v8,feat_gbm,0.5,42,38,-1.3521792816333316,-1.7436371170468024
v8,feat_gbm,0.5,42,39,0.6064394703077086,0.632388610685479
v8,feat_gbm,0.5,42,40,-2.2323642248546816,-1.5024753827969588
v8,feat_gbm,0.5,42,41,-2.406928618320714,-2.936018587066778
v8,feat_gbm,0.5,42,42,-0.2523903409099261,-0.06406961406287034
v8,feat_gbm,0.5,42,43,-0.5553790098544376,-0.43711075337934485
v8,feat_gbm,0.5,42,44,0.7923730733925876,0.521724778538647
v8,feat_gbm,0.5,42,45,0.5700157481951156,-0.02881562555915001
v8,feat_gbm,0.5,42,46,-2.367005109061305,-2.6856700943784895
v8,feat_gbm,0.5,42,47,-3.148930605234473,-3.3419513202228783
v8,feat_gbm,0.5,42,48,-0.34525731220220596,-0.35240032436669677
v8,feat_gbm,0.5,42,49,-3.6844377741614376,-4.466027560457086
v8,feat_gbm,0.5,42,50,-0.9913117071185197,-1.2227887404747313
v8,feat_gbm,0.5,42,51,-3.5669963192378606,-4.168130875201601
v8,feat_gbm,0.5,42,52,-1.7125000523029437,-2.1825653069440887
v8,feat_gbm,0.5,42,53,-2.8123603297501827,-2.816977102698189
v8,feat_gbm,0.5,42,54,-0.6186339183569128,-0.9520374156321785
v8,feat_gbm,0.5,42,55,0.7211936121412648,0.800460094219776
v8,feat_gbm,0.5,42,56,0.44151580568167975,0.2782562560211116
v8,feat_gbm,0.5,42,57,-0.2754693810377712,-0.7855200046266205
v8,feat_gbm,0.5,42,58,-2.9672363122688123,-2.837973637743256
v8,feat_gbm,0.5,42,59,-0.11132284433999913,0.3653424354755994
v8,feat_gbm,0.5,42,60,-2.3367863259402424,-3.145987746693799
v8,feat_gbm,0.5,42,61,-3.032509308508948,-2.1381844357326614
v8,feat_gbm,0.5,42,62,0.5403122978835512,0.3908315550690521
v8,feat_gbm,0.5,42,63,-3.020973396547432,-3.259739876316779
v8,feat_gbm,0.5,42,64,-2.708330350451574,-3.799325775609258
v8,feat_gbm,0.5,42,65,0.6456859808514053,0.2842997557356093
v8,feat_gbm,0.5,42,66,0.6375964032019868,0.9099380077885143
v8,feat_gbm,0.5,42,67,0.467945796507695,0.5741223235018287
v8,feat_gbm,0.5,42,68,1.130218383003617,1.3807263582335993
v8,feat_gbm,0.5,42,69,0.2669626794697184,2.7357387204405055
v8,feat_gbm,0.5,42,70,-0.07766814127712507,-0.3782017485149665
v8,feat_gbm,0.5,42,71,-0.7336554354891865,-0.6946521973220513
v8,feat_gbm,0.5,42,72,-3.1599539695259997,-3.510295151868067
v8,feat_gbm,0.5,42,73,-0.5140479317662703,-0.3643686170400702
v8,feat_gbm,0.5,42,74,1.3780725129153788,1.1835884152793859
v8,feat_gbm,0.5,42,75,0.024578472336351267,-0.38644824542838596
v8,feat_gbm,0.5,42,76,0.684967490181763,0.7005004452467647
v8,feat_gbm,0.5,42,77,0.39178855818942954,0.3770911051312199
v8,feat_gbm,0.5,42,78,-0.23087997235098637,-0.5374783823521183
v8,feat_gbm,0.5,42,79,-2.4948981267171897,-3.2499450611549854
v8,feat_gbm,0.5,42,80,-1.7061099415242496,-1.719925172279684
v8,feat_gbm,0.5,42,81,0.8043001203025223,1.8185710395242058
v8,feat_gbm,0.5,42,82,-1.378134443943621,-1.0758778979961314
v8,feat_gbm,0.5,42,83,-0.4090989813335281,-0.8033140510569362
v8,feat_gbm,0.5,42,84,-1.9217922170687554,-2.0837035815006346
v8,feat_gbm,0.5,42,85,-2.0149097029111775,-1.2430797823904942
v8,feat_gbm,0.5,42,86,0.8906985717502148,0.639317965424242
v8,feat_gbm,0.5,42,87,0.013197339333580109,-0.02321591952008587
v8,feat_gbm,0.5,42,88,-2.6342379304257326,-3.512086916650174
v8,feat_gbm,0.5,42,89,-2.0713619982319678,-1.684363733317816
v8,feat_gbm,0.5,42,90,-3.1828081122740484,-3.5341996208099964
v8,feat_gbm,0.5,42,91,0.8527448450618512,1.1574629997660548
v8,feat_gbm,0.5,42,92,-0.9867844961436917,-0.7651863719989663
v8,feat_gbm,0.5,42,93,-2.668807776718917,-5.7708125015304885
v8,feat_gbm,0.5,42,94,0.32735949918761964,0.07374698385127064
v8,feat_gbm,0.5,42,95,0.3498963296703614,1.201566413592891
v8,feat_gbm,0.5,42,96,1.7807486005318374,1.2655480006709303
v8,feat_gbm,0.5,42,97,-2.9902788530937223,-3.2217777708537843
v8,feat_gbm,0.5,42,98,-1.0767737850283277,-1.2120387208328698
v8,feat_gbm,0.5,42,99,-0.4073310412662094,-0.04015373686183237
v8,feat_gbm,0.5,42,100,-2.870925154978741,-2.8384481914339785
v8,feat_gbm,0.5,42,101,-3.3772626749657255,-3.541068619782685
v8,feat_gbm,0.5,42,102,-3.247201720508353,-4.424727465058162
v8,feat_gbm,0.5,42,103,-0.7111676422283776,-0.7652009130347144
v8,feat_gbm,0.5,42,104,-0.19715499285058344,-0.406664655497914
v8,feat_gbm,0.5,42,105,-2.4025105274685896,-2.8019031633754246
v8,feat_gbm,0.5,42,106,-1.154143062980972,-1.1978192780958505
v8,feat_gbm,0.5,42,107,-1.1282864472715592,-1.2497822804421463
v8,feat_gbm,0.5,42,108,0.053786336497836124,-0.2003702404752673
v8,feat_gbm,0.5,42,109,-0.2651021565782789,-0.28745536208379296
v8,feat_gbm,0.5,42,110,0.46542763578217006,0.2838469771831524
v8,feat_gbm,0.5,42,111,0.35033150318805906,0.6579850926301614
v8,feat_gbm,0.5,42,112,-0.17275214023050658,-0.4279263804064609
v8,feat_gbm,0.5,42,113,0.6221367307249771,0.527327823801956
v8,feat_gbm,0.5,42,114,-3.0589996379879327,-3.652947895428966
v8,feat_gbm,0.5,42,115,-0.29947334636648815,-0.04287987221360797
v8,feat_gbm,0.5,42,116,-2.8521026257111477,-3.4409421360670214
v8,feat_gbm,0.5,42,117,-2.987536014726222,-2.4284095097884006
v8,feat_gbm,0.5,42,118,-1.586236363518339,-1.419217075367618
v8,feat_gbm,0.5,42,119,-1.3191146579886637,-1.4944271796191557
v8,feat_gbm,0.5,42,120,-3.1178667066465118,-2.797137626437216
v8,feat_gbm,0.5,42,121,1.4326795732815194,3.1321125804877905
v8,feat_gbm,0.5,42,122,-2.092948589945964,-3.164895556438051
v8,feat_gbm,0.5,42,123,0.44763430057461007,-0.021234684620174846
v8,feat_gbm,0.5,42,124,-1.7202295857590535,-1.246001114532972
v8,feat_gbm,0.5,42,125,-2.494986323013447,-2.7130193085566443
v8,feat_gbm,0.5,42,126,-1.592618630303487,-2.0560780011130944
v8,feat_gbm,0.5,42,127,-1.9600446517551802,-1.631222331554067
v8,feat_gbm,0.5,42,128,-1.9514130731388721,-3.477307725783656
v8,feat_gbm,0.5,42,129,0.6629192143286471,1.7007542891568868
v8,feat_gbm,0.5,42,130,-2.160226100877403,-3.4021624962570822
v8,feat_gbm,0.5,42,131,-3.535989442439767,-3.701149444421242
v8,feat_gbm,0.5,42,132,-0.35141100181929813,-0.4116741376471012
v8,feat_gbm,0.5,42,133,-0.598778074450247,-0.5680375850475197
v8,feat_gbm,0.5,42,134,-2.6144177677504437,-1.4788189923590598
v8,feat_gbm,0.5,42,135,-2.5283489794074345,-2.9896549957503007
v8,feat_gbm,0.5,42,136,0.5211839949704036,0.11194117436713467
v8,feat_gbm,0.5,42,137,1.0443136193596636,1.7147062893715772
v8,feat_gbm,0.5,42,138,-2.646568227605404,-1.9709125209383296
v8,feat_gbm,0.5,42,139,-0.4139807348735891,0.19937477723826902
v8,feat_gbm,0.5,42,140,-2.538257975344835,-2.8223726616431475
v8,feat_gbm,0.5,42,141,-0.5164127363909575,-0.12380828599000025
v8,feat_gbm,0.5,42,142,-2.594133755980936,-2.97521232911642
v8,feat_gbm,0.5,42,143,-1.8648268075456673,-1.9484557479617686
v8,feat_gbm,0.5,42,144,0.3204377998420557,1.244093655886106
v8,feat_gbm,0.5,42,145,-2.076723727023289,-2.0280859266176816
v8,feat_gbm,0.5,42,146,-2.505602863138171,-2.0754073031653366
v8,feat_gbm,0.5,42,147,0.006799517016354231,-0.11331641159387335
v8,feat_gbm,0.5,42,148,-2.720300407330151,-2.620298039600635
v8,feat_gbm,0.5,42,149,-2.8610294719725404,-3.8395532227602396
v8,feat_gbm,0.5,42,150,-1.088747507272581,-2.149698272240366
v8,feat_gbm,0.5,42,151,-2.8258479746634912,-3.1594376779318036
v8,feat_gbm,0.5,42,152,-2.272625280741877,-2.7712141114581046
v8,feat_gbm,0.5,42,153,-1.3432986860173606,-1.1483368403810985
v8,feat_gbm,0.5,42,154,-1.4845537023805002,-1.4700676700115773
v8,feat_gbm,0.5,42,155,1.030572833651739,1.4088416749712322
v8,feat_gbm,0.5,42,156,0.5860196724895986,0.7564704220494097
v8,feat_gbm,0.5,42,157,-1.5029103671908846,-1.7148995557963913
v8,feat_gbm,0.5,42,158,-1.235672787772313,-2.8595355115547196
v8,feat_gbm,0.5,42,159,-1.2349325706014687,-0.9922400520728849
v8,feat_gbm,0.5,42,160,2.0388341908297973,1.8585227307534937
v8,feat_gbm,0.5,42,161,-2.479207558440491,-2.477654537850602
v8,feat_gbm,0.5,42,162,-3.1304850228433163,-2.993764039868935
v8,feat_gbm,0.5,42,163,-1.0693096542904934,-1.1722671160336509
v8,feat_gbm,0.5,42,164,-2.221847276689012,-1.6577576086204497
v8,feat_gbm,0.5,42,165,-2.1742893257470586,-2.9770186999323642
v8,feat_gbm,0.5,42,166,-3.077763763137618,-3.2329952824425443
v8,feat_gbm,0.5,42,167,-0.09673035662958385,0.19550508612775644
v8,feat_gbm,0.5,42,168,-1.1427380647480785,-1.2639642813248737
v8,feat_gbm,0.5,42,169,1.336082734828426,1.4224064134580066
v8,feat_gbm,0.5,42,170,-1.8593410011509588,-1.5303724784706008
v8,feat_gbm,0.5,42,171,0.28794180156094934,0.6086346650572224
v8,feat_gbm,0.5,42,172,-0.19612093919189202,-0.052232489626048526
v8,feat_gbm,0.5,42,173,-0.18502067877458117,-0.19074605880313256
v8,feat_gbm,0.5,42,174,-2.7714849100770964,-2.7678232596734214
v8,feat_gbm,0.5,42,175,-1.9684880597027987,-1.6557092188829319
v8,feat_gbm,0.5,42,176,0.21040245369573035,0.12081831439914445
v8,feat_gbm,0.5,42,177,0.6285249488404226,3.7031714993021168
v8,feat_gbm,0.5,42,178,0.04669700626598618,-0.17761292562564054
v8,feat_gbm,0.5,42,179,-0.06529260474155375,0.2295122735959306
v8,feat_gbm,0.5,42,180,-1.2112127405859103,-1.6401012725318311
v8,feat_gbm,0.5,42,181,-2.418996577352128,-3.399461101549646
v8,feat_gbm,0.5,42,182,0.6144143495468748,0.5421608664871393
v8,feat_gbm,0.5,42,183,-2.985403650128074,-3.7858185839721776
v8,feat_gbm,0.5,42,184,0.4180328907677626,0.4440956773301304
v8,feat_gbm,0.5,42,185,0.19954293323850955,0.5450962365111649
v8,feat_gbm,0.5,42,186,-2.7684176352411582,-3.094441269353033
v8,feat_gbm,0.5,42,187,0.9282577027338911,1.436275522654785
v8,feat_gbm,0.5,42,188,0.03253464892778509,-0.003208414280501246
v8,feat_gbm,0.5,42,189,-1.7642330970875688,-2.0766448721687736
v8,feat_gbm,0.5,42,190,-3.0143168457292364,-2.887011097372245
v8,feat_gbm,0.5,42,191,-0.11398589625041643,-0.19564387773269687
v8,feat_gbm,0.5,42,192,-2.2812603759124204,-3.39219136175158
v8,feat_gbm,0.5,42,193,-3.903901157522909,-4.804455114758695
v8,feat_gbm,0.5,42,194,-0.11409264800017559,-0.23230879418151415
v8,feat_gbm,0.5,42,195,0.8504337173024342,0.7768952289284052
v8,feat_gbm,0.5,42,196,-3.1156328101528374,-3.0758975731441707
v8,feat_gbm,0.5,42,197,1.7509352123204975,1.8852948766094535
v8,feat_gbm,0.5,42,198,0.1322502759962192,-0.07474663349946693
v8,feat_gbm,0.5,42,199,1.4975724276668387,0.9295509098669842
v8,feat_gbm,0.5,42,200,0.21920640522108623,0.40408761039079466
v8,feat_gbm,0.5,42,201,-1.3699365015759144,-1.0185563947000995
v8,feat_gbm,0.5,42,202,-1.7536544757189545,-1.5812541435625456
v8,feat_gbm,0.5,42,203,-2.5047997081338504,-2.9269603411540346
v8,feat_gbm,0.5,42,204,-0.38660504327975415,-0.9368237022381455
v8,feat_gbm,0.5,42,205,-0.750778562909738,-0.771906247259438
v8,feat_gbm,0.5,42,206,-1.52689427516812,-1.4457766532498904
v8,feat_gbm,0.5,42,207,-2.6530275746327017,-2.4752738768021185
v8,feat_gbm,0.5,42,208,-3.3692787315994637,-2.8789590131308262
v8,feat_gbm,0.5,42,209,-3.061400925989094,-2.6986856152036793
v8,feat_gbm,0.5,42,210,-0.12129726890198832,0.05837096406180189
v8,feat_gbm,0.5,42,211,-1.8605215941098128,-2.2327070274631113
v8,feat_gbm,0.5,42,212,0.04582833966301376,0.15758807445032513
v8,feat_gbm,0.5,42,213,0.8201030046661149,0.5234750924970406
v8,feat_gbm,0.5,42,214,0.454145682908173,0.8312555987922697
v8,feat_gbm,0.5,42,215,-1.1925092726190922,-0.7699972654610447
v8,feat_gbm,0.5,42,216,-2.069356730528355,-2.4368834827463726
v8,feat_gbm,0.5,42,217,-3.5109127302072003,-3.7421886443248944
v8,feat_gbm,0.5,42,218,-3.661541624096858,-4.3753265313120195
v8,feat_gbm,0.5,42,219,0.15234103686316952,0.13181597567614448
v8,feat_gbm,0.5,42,220,-2.402847047959667,-2.150299196146146
v8,feat_gbm,0.5,42,221,0.30337249631043395,0.4316281043505307
v8,feat_gbm,0.5,42,222,0.8565445931130011,0.20581216265343685
v8,feat_gbm,0.5,42,223,-1.20539000016069,-1.7226779576420432
v8,feat_gbm,0.5,42,224,0.9385561035593332,1.0701061526100661
v8,feat_gbm,0.5,42,225,-3.3322208584504196,-2.995983076644188
v8,feat_gbm,0.5,42,226,-0.1819818564822018,-0.39103048890459524
v8,feat_gbm,0.5,42,227,-2.0401627989652096,-2.811377433191803
v8,feat_gbm,0.5,42,228,-0.0998115909179314,0.1103569248772952
v8,feat_gbm,0.5,42,229,0.5943221462237867,1.0926797996732165
v8,feat_gbm,0.5,42,230,-1.528742779432615,-1.1465469989616057
v8,feat_gbm,0.5,42,231,-3.560243397829713,-3.7045714701961474
v8,feat_gbm,0.5,42,232,-0.16236021025362365,-0.3205795311611984
v8,feat_gbm,0.5,42,233,-0.4303207207551379,-0.7282288274356463
v8,feat_gbm,0.5,42,234,0.37441050347502874,-0.6143938277881194
v8,feat_gbm,0.5,42,235,-4.008871659308877,-3.717493513170671
v8,feat_gbm,0.5,42,236,-1.5564108159558794,-1.894186438607053
v8,feat_gbm,0.5,42,237,0.27413015362550225,0.19101892391720615
v8,feat_gbm,0.5,42,238,-2.411973421761962,-2.723653519266766
v8,feat_gbm,0.5,42,239,0.19906490433289406,0.28172679866345784
v8,feat_gbm,0.5,42,240,-0.6830686984708689,-0.570916259780521
v8,feat_gbm,0.5,42,241,-1.561489891777642,-3.037607674189957
v8,feat_gbm,0.5,42,242,-2.64908003670304,-2.4824067099880884
v8,feat_gbm,0.5,42,243,0.721256537793568,1.793244191067856
v8,feat_gbm,0.5,42,244,-2.72466062355572,-2.170563194223024
v8,feat_gbm,0.5,42,245,-3.1317520250740274,-2.5580286375581696
v8,feat_gbm,0.5,42,246,-2.6871731468582567,-3.9013363177662743
v8,feat_gbm,0.5,42,247,-1.0782403625926704,-1.2689211715035387
v8,feat_gbm,0.5,42,248,-2.8049139567951222,-2.89795980370705
v8,feat_gbm,0.5,42,249,-1.1770633376987696,-1.149470325468549
v8,feat_gbm,0.5,42,250,-2.108681465421498,-2.1803876537888693
v8,feat_gbm,0.5,42,251,-1.5755099122464866,-1.2010659028736028
v8,feat_gbm,0.5,42,252,-2.6341170516840537,-2.675840590612525
v8,feat_gbm,0.5,42,253,-0.8339943233568403,-0.865421424414132
v8,feat_gbm,0.5,42,254,-1.0443076568043892,-0.45089388998719687
v8,feat_gbm,0.5,42,255,-1.579594906429017,-1.477655138121315
v8,feat_gbm,0.5,42,256,-2.1746941839221945,-1.9234128661936198
v8,feat_gbm,0.5,42,257,-1.6721121341101455,-0.8895479413744646
v8,feat_gbm,0.5,42,258,-1.3276007675412869,-1.284701881398344
v8,feat_gbm,0.5,42,259,0.01117658613325867,0.03791276039075724
v8,feat_gbm,0.5,42,260,-1.8147454867640587,-1.213907680807544
v8,feat_gbm,0.5,42,261,-0.0517335861940213,-0.6937064881158975
v8,feat_gbm,0.5,42,262,-3.261606397099624,-2.500344974429108
v8,feat_gbm,0.5,42,263,-3.011526967026871,-3.0782877743164985
v8,feat_gbm,0.5,42,264,-3.3449094174816114,-3.2702790535172426
v8,feat_gbm,0.5,42,265,-0.40492975874106296,-0.15746453031192983
v8,feat_gbm,0.5,42,266,-2.2301877264824177,-1.3930653126164372
v8,feat_gbm,0.5,42,267,-3.3632222569119516,-3.460520174484755
v8,feat_gbm,0.5,42,268,-2.195501071221897,-1.8115923421665279
v8,feat_gbm,0.5,42,269,-0.12039797283516074,-0.04785951915829837
v8,feat_gbm,0.5,42,270,-1.2312435100058527,-1.3387838926701625
v8,feat_gbm,0.5,42,271,0.8962252887594998,0.6172482925771328
v8,feat_gbm,0.5,42,272,-0.09808422616334718,0.10718580269537517
v8,feat_gbm,0.5,42,273,-2.466514498646945,-2.4250613993713395
v8,feat_gbm,0.5,42,274,-0.13630976298915481,-0.4656136934058211
v8,feat_gbm,0.5,42,275,-2.3807855550819155,-1.7679071058666047
v8,feat_gbm,0.5,42,276,-0.40228603588518347,-0.15192249005847586
v8,feat_gbm,0.5,42,277,-0.19835543472805442,-0.22686658439221394
v8,feat_gbm,0.5,42,278,-0.632671441614952,-0.3963273628232521
v8,feat_gbm,0.5,42,279,-2.2541170615380723,-2.1916982233579314
v8,feat_gbm,0.5,42,280,0.46807570889222294,0.5138857123822332
v8,feat_gbm,0.5,42,281,0.41537321457820386,0.13501120436460418
v8,feat_gbm,0.5,42,282,0.06358500560660707,-0.35232291748203215
v8,feat_gbm,0.5,42,283,0.30253776237765634,0.33710059568630363
v8,feat_gbm,0.5,42,284,2.061019029331216,2.2269494594330284
v8,feat_gbm,0.5,42,285,-0.7652623201364516,-0.8523290277873723
v8,feat_gbm,0.5,42,286,0.1681693413297319,0.5032694866056324
v8,feat_gbm,0.5,42,287,-2.950213852715366,-3.0734310124071125
v8,feat_gbm,0.5,42,288,-2.572799937089963,-3.0969464995649485
v8,feat_gbm,0.5,42,289,0.5899405264224677,0.8088909840914691
v8,feat_gbm,0.5,42,290,-1.597949467495094,-1.710735902712342
v8,feat_gbm,0.5,42,291,0.2812369248297955,-0.24588513525180683
v8,feat_gbm,0.5,42,292,-3.1849413266469693,-2.9910915714149957
v8,feat_gbm,0.5,42,293,-0.09270142814278104,0.24397961438558982
v8,feat_gbm,0.5,42,294,0.8266039869040596,0.9827222917401395
v8,feat_gbm,0.5,42,295,1.0047514358146306,1.5399914318848642
v8,feat_gbm,0.5,42,296,-2.5867038259103454,-3.028104854063688
v8,feat_gbm,0.5,42,297,-1.4235773026099927,-1.9675880903276046
v8,feat_gbm,0.5,42,298,0.6056860878755388,0.3882116190950413
v8,feat_gbm,0.5,42,299,-0.5070864141944067,-0.4169590587595381
v8,feat_gbm,0.5,42,300,-0.4871041648534291,-0.47104701624968015
v8,feat_gbm,0.5,42,301,-0.5119898204483858,-0.5788171023402015
v8,feat_gbm,0.5,42,302,-2.9385174147012676,-3.325334912618423
v8,feat_gbm,0.5,42,303,-0.2320419475556523,0.27214776974989446
v8,feat_gbm,0.5,42,304,0.22541048649091977,0.2838761456734127
v8,feat_gbm,0.5,42,305,0.826795188830713,0.98356576927226
v8,feat_gbm,0.5,42,306,-2.141256903079053,-2.324804251846344
v8,feat_gbm,0.5,42,307,-0.19329146146409787,-0.30060412365222405
v8,feat_gbm,0.5,42,308,-3.0806298526206297,-3.5706943269006843
v8,feat_gbm,0.5,42,309,0.7225606246563674,0.7657986236992217
v8,feat_gbm,0.5,42,310,-0.13387377256937,-0.3760212383278314
v8,feat_gbm,0.5,42,311,0.9989142851509325,0.903367601886353
v8,feat_gbm,0.5,42,312,0.420426563877233,0.2834145554969618
v8,feat_gbm,0.5,42,313,-0.22360512786969755,-0.8750381269167363
v8,feat_gbm,0.5,42,314,-0.689735816608343,-0.8911054934067958
v8,feat_gbm,0.5,42,315,0.2323436917563135,0.2699623908229132
v8,feat_gbm,0.5,42,316,-3.166722673342364,-4.034449774534175
v8,feat_gbm,0.5,42,317,0.5135280316396259,0.7302045063515665
v8,feat_gbm,0.5,42,318,-2.644012941854463,-2.5264159394565007
v8,feat_gbm,0.5,42,319,-3.4786312956976024,-3.1280680478747835
v8,feat_gbm,0.5,42,320,0.38612600217295695,-0.623194388118803
v8,feat_gbm,0.5,42,321,-3.8960420986178965,-4.172922463867305
v8,feat_gbm,0.5,42,322,1.2938942685162749,1.0714029341973417
v8,feat_gbm,0.5,42,323,-2.8915716255033326,-2.5538050374755565
v8,feat_gbm,0.5,42,324,-1.4949806448341685,-1.5310020975326282
v8,feat_gbm,0.5,42,325,-0.5666047927358456,-0.735749980772127
v8,feat_gbm,0.5,42,326,-0.6140088784262122,-0.5010306012352705
v8,feat_gbm,0.5,42,327,-3.805937895882813,-4.393123087746285
v8,feat_gbm,0.5,42,328,-0.012310215608270354,0.6439364857563509
v8,feat_gbm,0.5,42,329,-2.5886292934485335,-2.60760252445046
v8,feat_gbm,0.5,42,330,0.7382948962699509,0.46983427811083467
v8,feat_gbm,0.5,42,331,-1.5046825393958836,-1.149354435920189
v8,feat_gbm,0.5,42,332,-1.563283962306625,-1.0961264399974935
v8,feat_gbm,0.5,42,333,0.8606315945537008,1.4253561556633074
v8,feat_gbm,0.5,42,334,1.0725730773185602,1.0406546288822482
v8,feat_gbm,0.5,42,335,-0.3095724713542882,-0.1286217558512718
v8,feat_gbm,0.5,42,336,-1.635199914273367,-1.7275974260064488
v8,feat_gbm,0.5,42,337,-3.7016072591542484,-4.535227665039715
v8,feat_gbm,0.5,42,338,-0.3853518977851948,-1.078833843619319
v8,feat_gbm,0.5,42,339,-2.634247538365903,-2.035297396751524
v8,feat_gbm,0.5,42,340,0.528053129445623,0.4788286932125707
v8,feat_gbm,0.5,42,341,-1.2681369559856621,-0.4595082096564039
v8,feat_gbm,0.5,42,342,-3.2360804626413677,-3.653430804591794
v8,feat_gbm,0.5,42,343,0.03112826102934222,0.2834522663037432
v8,feat_gbm,0.5,42,344,0.021122727305561008,-0.15984972455285287
v8,feat_gbm,0.5,42,345,-2.619760353146438,-3.8822970119574354
v8,feat_gbm,0.5,42,346,-2.54136441994259,-2.5801989990218064
v8,feat_gbm,0.5,42,347,-3.26580445025864,-3.2622630695286134
v8,feat_gbm,0.5,42,348,-0.5118786994325663,-0.4894561152880944
v8,feat_gbm,0.5,42,349,-2.8223195413901307,-3.0223552414624764
v8,feat_gbm,0.5,42,350,0.6557756143629226,0.4215072765335228
v8,feat_gbm,0.5,42,351,-1.8013509187295962,-1.8152752103400673
v8,feat_gbm,0.5,42,352,0.5728786641414705,1.102263670511441
v8,feat_gbm,0.5,42,353,0.8583734176920644,1.4454852001466738
v8,feat_gbm,0.5,42,354,-3.3671811072398263,-3.6770060333191017
v8,feat_gbm,0.5,42,355,-3.1811247123646877,-5.078652858832153
v8,feat_gbm,0.5,42,356,0.33357504943204547,0.7815322159665122
v8,feat_gbm,0.5,42,357,0.5077283027212698,0.6775133790495483
v8,feat_gbm,0.5,42,358,-3.043507707848871,-3.5163570325540956
v8,feat_gbm,0.5,42,359,-1.1667644233671,-4.157760523739404
v8,feat_gbm,0.5,42,360,-0.7064809277649401,-0.18386357284099003
v8,feat_gbm,0.5,42,361,-3.1268138266519028,-4.477383009144865
v8,feat_gbm,0.5,42,362,0.1805977687854329,0.2909126951240761
v8,feat_gbm,0.5,42,363,-3.2470169083618448,-3.5121531596302606
v8,feat_gbm,0.5,42,364,-0.29438570809880116,-0.0019354464452207268
v8,feat_gbm,0.5,42,365,-3.2828389941725655,-3.264666087597375
v8,feat_gbm,0.5,42,366,-2.307154813207554,-1.4961090632143375
v8,feat_gbm,0.5,42,367,0.015178137172990972,-0.10305907560987346
v8,feat_gbm,0.5,42,368,0.10751541134278868,0.24601275195113992
v8,feat_gbm,0.5,42,369,-1.3133481265779285,-1.6400355118163064
v8,feat_gbm,0.5,42,370,-2.071829779188644,-1.5399226532969161
v8,feat_gbm,0.5,42,371,-0.5827241901358179,-0.3336387161155974
v8,feat_gbm,0.5,42,372,0.3345891717167274,0.3185760540422761
v8,feat_gbm,0.5,42,373,-0.17362267135870618,-0.30756424411789
v8,feat_gbm,0.5,42,374,-3.532213674627848,-3.551435429619069
v8,feat_gbm,0.5,42,375,0.12816961235738808,-0.12846918127015178
v8,feat_gbm,0.5,42,376,0.43218753708455854,0.43413099611324796
v8,feat_gbm,0.5,42,377,0.6646695549280792,0.8095384731463161
v8,feat_gbm,0.5,42,378,0.3457704610781417,0.20303525329731625
v8,feat_gbm,0.5,42,379,0.2913395374937264,0.524784145223057
v8,feat_gbm,0.5,42,380,0.37175888629417875,0.8722609808312535
v8,feat_gbm,0.5,42,381,0.6213430994709753,1.0190202163897197
v8,feat_gbm,0.5,42,382,0.510975879575903,1.2715191268303472
v8,feat_gbm,0.5,42,383,-0.2198204333377809,-0.13923746667536385
v8,feat_gbm,0.5,42,384,-0.5531335743880398,-1.7983983483294153
v8,feat_gbm,0.5,42,385,0.5972427901732323,0.5606037150840157
v8,feat_gbm,0.5,42,386,0.6887048046881148,0.6003456151224621
v8,feat_gbm,0.5,42,387,1.122925515539585,1.3071718981356573
v8,feat_gbm,0.5,42,388,-0.024492640221122738,-0.19457283568776126
v8,feat_gbm,0.5,42,389,-1.118218480963312,-0.981880356960367
v8,feat_gbm,0.5,42,390,-2.578700536724768,-2.628024059072158
v8,feat_gbm,0.5,42,391,-2.2380004935271414,-2.479262758098376
v8,feat_gbm,0.5,42,392,-2.2153711254278945,-2.207941629114672
v8,feat_gbm,0.5,42,393,-2.2589619893610378,-2.806586620215901
v8,feat_gbm,0.5,42,394,-0.5208219346797633,-0.16842623590390868
v8,feat_gbm,0.5,42,395,0.3404617832165905,0.3596423409999632
v8,feat_gbm,0.5,42,396,-3.0228064465531217,-3.117667066362407
v8,feat_gbm,0.5,42,397,0.8519009663277136,0.6134086288650079
v8,feat_gbm,0.5,42,398,0.4561646521818783,0.5049020087080688
v8,feat_gbm,0.5,42,399,-0.9885328828867497,-1.0548605918119196
v8,feat_gbm,0.5,42,400,-3.369248080245369,-2.877676775828332
v8,feat_gbm,0.5,42,401,0.17606110578924625,0.015654415635624343
v8,feat_gbm,0.5,42,402,-0.6819641552204049,-0.7027824676465185
v8,feat_gbm,0.5,42,403,0.45181024857753815,0.6733427913489138
v8,feat_gbm,0.5,42,404,0.18480253614779782,0.03259550049258387
v8,feat_gbm,0.5,42,405,-3.0791317950892503,-3.4179416205706223
v8,feat_gbm,0.5,42,406,-2.264416324302198,-1.6563158072976616
v8,feat_gbm,0.5,42,407,0.46732881206319876,0.3281041495218151
v8,feat_gbm,0.5,42,408,-1.002745995051709,-1.498502430121411
v8,feat_gbm,0.5,42,409,-1.0726850479833936,-1.5390850133499359
v8,feat_gbm,0.5,42,410,-1.8424020024417405,-3.8769914364338094
v8,feat_gbm,0.5,42,411,-1.071446490398465,-1.1093409530974205
v8,feat_gbm,0.5,42,412,-2.474175507919917,-2.1356441225652167
v8,feat_gbm,0.5,42,413,0.5562683118580886,0.5613925387002681
v8,feat_gbm,0.5,42,414,-2.6896307540758913,-2.672303525149137
v8,feat_gbm,0.5,42,415,0.7764910725384718,0.9887747910888531
v8,feat_gbm,0.5,42,416,-3.1261265546921355,-2.064740642123073
v8,feat_gbm,0.5,42,417,-0.5693442504751467,-0.13534283366780814
v8,feat_gbm,0.5,42,418,0.04678309126219916,0.5266566940316069
v8,feat_gbm,0.5,42,419,-0.7445333665812066,-0.7929716308762645
v8,feat_gbm,0.5,42,420,0.11958976332412276,0.22081989653443584
v8,feat_gbm,0.5,42,421,-3.5225113999819317,-3.4911396429773087
v8,feat_gbm,0.5,42,422,-0.23970990004744744,0.4691563032653497
v8,feat_gbm,0.5,42,423,-0.20523276470509666,-0.21242164749251408
v8,feat_gbm,0.5,42,424,-3.3558805370341203,-2.0235730224261497
v8,feat_gbm,0.5,42,425,-0.3222778979116574,0.1881042769243711
v8,feat_gbm,0.5,42,426,-0.7616868688482367,-0.7546830882020855
v8,feat_gbm,0.5,42,427,-1.533857757816245,-2.004418163271322
v8,feat_gbm,0.5,42,428,0.03469158791106101,0.08108350485015015
v8,feat_gbm,0.5,42,429,-1.2733363529512363,-0.8958783842144782
v8,feat_gbm,0.5,42,430,-0.8250820600510242,-0.700178367515834
v8,feat_gbm,0.5,42,431,-2.142225344319168,-2.026447754843476
v8,feat_gbm,0.5,42,432,-3.3821237144794463,-3.3644112924118934
v8,feat_gbm,0.5,42,433,-2.9296667462741404,-2.4777804975332844
v8,feat_gbm,0.5,42,434,-3.424466949743006,-3.6407879329147783
v8,feat_gbm,0.5,42,435,0.17444001166123488,0.8140524350977956
v8,feat_gbm,0.5,42,436,-0.9085397400580155,-0.6342245759550225
v8,feat_gbm,0.5,42,437,-0.8839435220329919,-1.0170271575608654
v8,feat_gbm,0.5,42,438,0.32999737874520846,1.2058566336630974
v8,feat_gbm,0.5,42,439,0.9781196229776317,1.04159183954478
v8,feat_gbm,0.5,42,440,-0.28512240761102525,-0.383754051292973
v8,feat_gbm,0.5,42,441,1.3184464491511316,0.9717849563735496
v8,feat_gbm,0.5,42,442,0.8642579728300711,0.915394257773604
v8,feat_gbm,0.5,42,443,-0.1762492416287655,0.17619398118278368
v8,feat_gbm,0.5,42,444,-2.837511904797419,-2.3026142847949007
v8,feat_gbm,0.5,42,445,-0.7504944431219461,-2.156995715227189
v8,feat_gbm,0.5,42,446,-2.105753445923157,-1.9647154613855007
v8,feat_gbm,0.5,42,447,-1.2386998167299639,-1.2167428909736953
v8,feat_gbm,0.5,42,448,-0.7789856774857897,0.371748058948411
v8,feat_gbm,0.5,42,449,-2.8607956260318033,-3.354914600670279
v8,feat_gbm,0.5,42,450,-1.6116695897554603,-2.0984010901330774
v8,feat_gbm,0.5,42,451,-1.4736415291630791,-1.8411195968283314
v8,feat_gbm,0.5,42,452,-0.2678626972043765,-0.2866386615093297
v8,feat_gbm,0.5,42,453,-2.1451570218684313,-2.1769502099219324
v8,feat_gbm,0.5,42,454,0.32051184243160286,0.851829112076475
v8,feat_gbm,0.5,42,455,0.23422685007035188,-0.5174982843777256
v8,feat_gbm,0.5,42,456,-2.7766952897235235,-3.7883351795095335
v8,feat_gbm,0.5,42,457,-2.25887399655449,-1.3225504843777425
v8,feat_gbm,0.5,42,458,-0.5858784609242622,-0.6304710111145473
v8,feat_gbm,0.5,42,459,-2.2679800218593504,-2.867776928577639
v8,feat_gbm,0.5,42,460,-0.08828973499745497,-0.20106453453544149
v8,feat_gbm,0.5,42,461,0.9617306209559348,0.565413433251147
v8,feat_gbm,0.5,42,462,0.2628135673869931,0.6531860801292728
v8,feat_gbm,0.5,42,463,-3.091045418181623,-3.295531334571209
v8,feat_gbm,0.5,42,464,-1.1519578036234304,-1.118951529136503
v8,feat_gbm,0.5,42,465,0.043373107002882924,0.08535922256033004
v8,feat_gbm,0.5,42,466,-0.002719213234036821,0.2656879386171551
v8,feat_gbm,0.5,42,467,-1.0960484885164954,-1.0764680911985907
v8,feat_gbm,0.5,42,468,2.0342379396912653,2.2503813782282114
v8,feat_gbm,0.5,42,469,-0.2398269819091208,-0.029700274932011248
v8,feat_gbm,0.5,42,470,-2.231295875196764,-2.1918010579584375
v8,feat_gbm,0.5,42,471,0.21612495228637893,-0.12537364897776127
v8,feat_gbm,0.5,42,472,-1.335597489063536,-1.3714574409892777
v8,feat_gbm,0.5,42,473,-0.8608525858604131,-1.0216450817816245
v8,feat_gbm,0.5,42,474,-1.1005294282741283,-0.8313233833759152
v8,feat_gbm,0.5,42,475,-2.899339451347429,-3.25243582884057
v8,feat_gbm,0.5,42,476,0.5744594393165129,0.8737365575305754
v8,feat_gbm,0.5,42,477,-2.533306541325867,-1.8373017486027088
v8,feat_gbm,0.5,42,478,-1.7710489531122182,-1.909749317133085
v8,feat_gbm,0.5,42,479,0.5124869370895865,0.418341725137149
v8,feat_gbm,0.5,42,480,-2.405006372580523,-2.8689304810445995
v8,feat_gbm,0.5,42,481,-3.232999763336708,-3.9192950012633494
v8,feat_gbm,0.5,42,482,0.5343883847512922,0.8191907452202399
v8,feat_gbm,0.5,42,483,-2.6233907492531707,-2.7371748494528005
v8,feat_gbm,0.5,42,484,-0.19549246167286907,0.043868991079412875
v8,feat_gbm,0.5,42,485,-2.4856567335179833,-3.9571024828402512
v8,feat_gbm,0.5,42,486,-1.185314465161639,-0.8286091055291892
v8,feat_gbm,0.5,42,487,0.9526480905680245,1.1086460137612473
v8,feat_gbm,0.5,42,488,-0.6069469386206625,-1.0899995989348372
v8,feat_gbm,0.5,42,489,-2.979314251227576,-2.9260181182274523
v8,feat_gbm,0.5,42,490,-0.020899209161627012,0.01778898425240747
v8,feat_gbm,0.5,42,491,-0.3298949524668965,-0.388546054063584
v8,feat_gbm,0.5,42,492,-0.8477317483535289,-0.8483910406321095
v8,feat_gbm,0.5,42,493,-2.367556179657356,-2.4855190663855797
v8,feat_gbm,0.5,42,494,-0.3516717761617409,-0.6027729178489412
v8,feat_gbm,0.5,42,495,-2.3960331892515323,-1.5285925057254015
v8,feat_gbm,0.5,42,496,0.704559950543356,1.0092174422839322
v8,feat_gbm,0.5,42,497,-2.766896064196407,-2.421052301727873
v8,feat_gbm,0.5,42,498,-3.1963342850485335,-3.2283141264699093
v8,feat_gbm,0.5,42,499,-3.5739557471702694,-4.907212199848568
v8,feat_gbm,0.5,43,0,-0.27497026058035984,0.03894909458183669
v8,feat_gbm,0.5,43,1,-2.257834970072357,-2.5052564746229193
v8,feat_gbm,0.5,43,2,0.49865054857518204,0.6287827851917782
v8,feat_gbm,0.5,43,3,-3.3121550802985436,-3.3447289283878643
v8,feat_gbm,0.5,43,4,1.109907102454207,0.9694015026406426
v8,feat_gbm,0.5,43,5,-1.931045033259746,-2.4693709778233526
v8,feat_gbm,0.5,43,6,-0.18209720805555082,-0.2819211013310965
v8,feat_gbm,0.5,43,7,0.7047209564610196,0.5289578846490461
v8,feat_gbm,0.5,43,8,0.31087926202366845,0.032863622186365654
v8,feat_gbm,0.5,43,9,1.0440918155724865,0.9352707853930591
v8,feat_gbm,0.5,43,10,-1.6406024540018098,-1.5987558134683666
v8,feat_gbm,0.5,43,11,-3.091370250189166,-3.2678706438993954
v8,feat_gbm,0.5,43,12,-2.387615489173466,-2.445380546146449
v8,feat_gbm,0.5,43,13,-0.23897486644419788,-0.4471217519653716
v8,feat_gbm,0.5,43,14,-1.9611170122134978,-1.8343062920535937
v8,feat_gbm,0.5,43,15,-1.9787883775534072,-2.278287047942225
v8,feat_gbm,0.5,43,16,-1.027326533207633,-1.113015507562239
v8,feat_gbm,0.5,43,17,-1.5900358547796332,-1.149386040828735
v8,feat_gbm,0.5,43,18,-0.19395366484568075,-0.4541092694382234
v8,feat_gbm,0.5,43,19,-2.5299721004419213,-2.8798658660471284
v8,feat_gbm,0.5,43,20,-3.0065284451931524,-3.281006200299989
v8,feat_gbm,0.5,43,21,-1.2074719404078933,-0.7889402030111288
v8,feat_gbm,0.5,43,22,-0.3945476857277616,-0.48114593055133975
v8,feat_gbm,0.5,43,23,-3.2601717440231144,-2.8038114998165153
v8,feat_gbm,0.5,43,24,-3.111309791387919,-2.6726430450531393
v8,feat_gbm,0.5,43,25,-3.3843841900252194,-3.141178249464176
v8,feat_gbm,0.5,43,26,-3.3016319247186385,-3.8612362310489847
v8,feat_gbm,0.5,43,27,-2.79400347478244,-3.085821277369337
v8,feat_gbm,0.5,43,28,-2.969971288302984,-2.1153791712035637
v8,feat_gbm,0.5,43,29,-0.2939179704717132,-0.5854112868629942
v8,feat_gbm,0.5,43,30,-0.2945919906127837,0.13849791927417068
v8,feat_gbm,0.5,43,31,-2.8114755042763306,-2.779654184179668
v8,feat_gbm,0.5,43,32,1.5173871432449768,0.9166392391011026
v8,feat_gbm,0.5,43,33,-2.1826451583049207,-2.134444297962007
v8,feat_gbm,0.5,43,34,1.1052736683499598,1.1224191581864646
v8,feat_gbm,0.5,43,35,-3.3890312833191945,-2.7514680837461087
v8,feat_gbm,0.5,43,36,0.49456688569718266,0.7493710802437775
v8,feat_gbm,0.5,43,37,-2.109580609253616,-2.157600461660938
v8,feat_gbm,0.5,43,38,-1.3109103803454163,-1.7436371170468024
v8,feat_gbm,0.5,43,39,0.4911438585728978,0.632388610685479
v8,feat_gbm,0.5,43,40,-2.099133225849677,-1.5024753827969588
v8,feat_gbm,0.5,43,41,-2.341533177475289,-2.936018587066778
v8,feat_gbm,0.5,43,42,-0.3320026232696923,-0.06406961406287034
v8,feat_gbm,0.5,43,43,-0.5747858769414216,-0.43711075337934485
v8,feat_gbm,0.5,43,44,0.7443950493748813,0.521724778538647
v8,feat_gbm,0.5,43,45,0.5020398768812893,-0.02881562555915001
v8,feat_gbm,0.5,43,46,-2.4049222478539725,-2.6856700943784895
v8,feat_gbm,0.5,43,47,-3.06001837464067,-3.3419513202228783
v8,feat_gbm,0.5,43,48,-0.20599712244171914,-0.35240032436669677
v8,feat_gbm,0.5,43,49,-3.711697946212553,-4.466027560457086
v8,feat_gbm,0.5,43,50,-0.9372188944096068,-1.2227887404747313
v8,feat_gbm,0.5,43,51,-3.623632173952565,-4.168130875201601
v8,feat_gbm,0.5,43,52,-1.6970648417275158,-2.1825653069440887
v8,feat_gbm,0.5,43,53,-3.2206013026137588,-2.816977102698189
v8,feat_gbm,0.5,43,54,-0.627100784848025,-0.9520374156321785
v8,feat_gbm,0.5,43,55,0.5341892479027561,0.800460094219776
v8,feat_gbm,0.5,43,56,0.36693364414422697,0.2782562560211116
v8,feat_gbm,0.5,43,57,-0.1923775989735884,-0.7855200046266205
v8,feat_gbm,0.5,43,58,-3.1892638705615535,-2.837973637743256
v8,feat_gbm,0.5,43,59,-0.016849862250355136,0.3653424354755994
v8,feat_gbm,0.5,43,60,-2.5350596584864182,-3.145987746693799
v8,feat_gbm,0.5,43,61,-3.0602656393989625,-2.1381844357326614
v8,feat_gbm,0.5,43,62,0.4790455626952817,0.3908315550690521
v8,feat_gbm,0.5,43,63,-3.0003563975271903,-3.259739876316779
v8,feat_gbm,0.5,43,64,-2.840769503710561,-3.799325775609258
v8,feat_gbm,0.5,43,65,0.49833099058784014,0.2842997557356093
v8,feat_gbm,0.5,43,66,0.6808339150923418,0.9099380077885143
v8,feat_gbm,0.5,43,67,0.33232931081374084,0.5741223235018287
v8,feat_gbm,0.5,43,68,1.3549219752102022,1.3807263582335993
v8,feat_gbm,0.5,43,69,0.18480508402939774,2.7357387204405055
v8,feat_gbm,0.5,43,70,0.0042294798698981435,-0.3782017485149665
v8,feat_gbm,0.5,43,71,-0.7560443819091291,-0.6946521973220513
v8,feat_gbm,0.5,43,72,-3.0722634039736567,-3.510295151868067
v8,feat_gbm,0.5,43,73,-0.3989051726494549,-0.3643686170400702
v8,feat_gbm,0.5,43,74,1.3879818471244187,1.1835884152793859
v8,feat_gbm,0.5,43,75,0.1570032541938287,-0.38644824542838596
v8,feat_gbm,0.5,43,76,0.666320539642981,0.7005004452467647
v8,feat_gbm,0.5,43,77,0.20369980092286974,0.3770911051312199
v8,feat_gbm,0.5,43,78,-0.36683902062399903,-0.5374783823521183
v8,feat_gbm,0.5,43,79,-2.376256981462,-3.2499450611549854
v8,feat_gbm,0.5,43,80,-1.7909263356052032,-1.719925172279684
v8,feat_gbm,0.5,43,81,0.7357549018931447,1.8185710395242058
v8,feat_gbm,0.5,43,82,-1.312324463061358,-1.0758778979961314
v8,feat_gbm,0.5,43,83,-0.26706088039068104,-0.8033140510569362
v8,feat_gbm,0.5,43,84,-2.0198079749224265,-2.0837035815006346
v8,feat_gbm,0.5,43,85,-2.4011438586094376,-1.2430797823904942
v8,feat_gbm,0.5,43,86,0.8165217562375845,0.639317965424242
v8,feat_gbm,0.5,43,87,0.05604434765841651,-0.02321591952008587
v8,feat_gbm,0.5,43,88,-2.5142344849421456,-3.512086916650174
v8,feat_gbm,0.5,43,89,-1.9052692920562688,-1.684363733317816
v8,feat_gbm,0.5,43,90,-3.2333452450758,-3.5341996208099964
v8,feat_gbm,0.5,43,91,0.7989018065540029,1.1574629997660548
v8,feat_gbm,0.5,43,92,-0.9855255180584186,-0.7651863719989663
v8,feat_gbm,0.5,43,93,-2.5761443507463198,-5.7708125015304885
v8,feat_gbm,0.5,43,94,0.2325349056394,0.07374698385127064
v8,feat_gbm,0.5,43,95,0.2674115037807574,1.201566413592891
v8,feat_gbm,0.5,43,96,1.86521742516302,1.2655480006709303
v8,feat_gbm,0.5,43,97,-2.9885800381383287,-3.2217777708537843
v8,feat_gbm,0.5,43,98,-1.1310142287897735,-1.2120387208328698
v8,feat_gbm,0.5,43,99,-0.5820719351516329,-0.04015373686183237
v8,feat_gbm,0.5,43,100,-3.132461372929783,-2.8384481914339785
v8,feat_gbm,0.5,43,101,-3.4255971265131966,-3.541068619782685
v8,feat_gbm,0.5,43,102,-3.2730289777811477,-4.424727465058162
v8,feat_gbm,0.5,43,103,-0.7092650499536197,-0.7652009130347144
v8,feat_gbm,0.5,43,104,-0.2612304791089289,-0.406664655497914
v8,feat_gbm,0.5,43,105,-2.595122752134843,-2.8019031633754246
v8,feat_gbm,0.5,43,106,-1.4306489248401157,-1.1978192780958505
v8,feat_gbm,0.5,43,107,-1.134412912259773,-1.2497822804421463
v8,feat_gbm,0.5,43,108,-0.18802534940522025,-0.2003702404752673
v8,feat_gbm,0.5,43,109,-0.483654851877344,-0.28745536208379296
v8,feat_gbm,0.5,43,110,0.4205649935451483,0.2838469771831524
v8,feat_gbm,0.5,43,111,0.5260512163077462,0.6579850926301614
v8,feat_gbm,0.5,43,112,-0.35289303699610375,-0.4279263804064609
v8,feat_gbm,0.5,43,113,0.4403036299192238,0.527327823801956
v8,feat_gbm,0.5,43,114,-3.077063763938884,-3.652947895428966
v8,feat_gbm,0.5,43,115,-0.46287276428849305,-0.04287987221360797
v8,feat_gbm,0.5,43,116,-2.823583690510335,-3.4409421360670214
v8,feat_gbm,0.5,43,117,-3.0133264396343744,-2.4284095097884006
v8,feat_gbm,0.5,43,118,-1.5824800043129328,-1.419217075367618
v8,feat_gbm,0.5,43,119,-1.4057560226621097,-1.4944271796191557
v8,feat_gbm,0.5,43,120,-3.082073569165869,-2.797137626437216
v8,feat_gbm,0.5,43,121,1.3792273440874885,3.1321125804877905
v8,feat_gbm,0.5,43,122,-1.8671609086504943,-3.164895556438051
v8,feat_gbm,0.5,43,123,0.1644397065722648,-0.021234684620174846
v8,feat_gbm,0.5,43,124,-1.4373359793062708,-1.246001114532972
v8,feat_gbm,0.5,43,125,-2.54790846014351,-2.7130193085566443
v8,feat_gbm,0.5,43,126,-1.4591886193467314,-2.0560780011130944
v8,feat_gbm,0.5,43,127,-2.167518046778412,-1.631222331554067
v8,feat_gbm,0.5,43,128,-2.133528519216392,-3.477307725783656
v8,feat_gbm,0.5,43,129,0.44694127495708735,1.7007542891568868
v8,feat_gbm,0.5,43,130,-2.415166652972757,-3.4021624962570822
v8,feat_gbm,0.5,43,131,-3.5118519393631797,-3.701149444421242
v8,feat_gbm,0.5,43,132,-0.5704158168020164,-0.4116741376471012
v8,feat_gbm,0.5,43,133,-0.9066034692710382,-0.5680375850475197
v8,feat_gbm,0.5,43,134,-2.6797512959236296,-1.4788189923590598
v8,feat_gbm,0.5,43,135,-2.6674770457920594,-2.9896549957503007
v8,feat_gbm,0.5,43,136,0.4011952191316219,0.11194117436713467
v8,feat_gbm,0.5,43,137,0.9648197749311387,1.7147062893715772
v8,feat_gbm,0.5,43,138,-2.43494573641176,-1.9709125209383296
v8,feat_gbm,0.5,43,139,-0.5072608760551077,0.19937477723826902
v8,feat_gbm,0.5,43,140,-2.3537098607780123,-2.8223726616431475
v8,feat_gbm,0.5,43,141,-0.12245104876762476,-0.12380828599000025
v8,feat_gbm,0.5,43,142,-2.578212629949906,-2.97521232911642
v8,feat_gbm,0.5,43,143,-1.8106334649192426,-1.9484557479617686
v8,feat_gbm,0.5,43,144,0.2718778081667299,1.244093655886106
v8,feat_gbm,0.5,43,145,-2.16166880857794,-2.0280859266176816
v8,feat_gbm,0.5,43,146,-2.5744514545373987,-2.0754073031653366
v8,feat_gbm,0.5,43,147,-0.037155249245204025,-0.11331641159387335
v8,feat_gbm,0.5,43,148,-2.410438387512125,-2.620298039600635
v8,feat_gbm,0.5,43,149,-3.0883699169569807,-3.8395532227602396
v8,feat_gbm,0.5,43,150,-1.0113186090906114,-2.149698272240366
v8,feat_gbm,0.5,43,151,-2.9691029042335955,-3.1594376779318036
v8,feat_gbm,0.5,43,152,-2.550430832894479,-2.7712141114581046
v8,feat_gbm,0.5,43,153,-1.5899386805786293,-1.1483368403810985
v8,feat_gbm,0.5,43,154,-1.350005962628997,-1.4700676700115773
v8,feat_gbm,0.5,43,155,0.8176408874953252,1.4088416749712322
v8,feat_gbm,0.5,43,156,0.7473718436968858,0.7564704220494097
v8,feat_gbm,0.5,43,157,-1.5042151268807005,-1.7148995557963913
v8,feat_gbm,0.5,43,158,-1.2717623032492047,-2.8595355115547196
v8,feat_gbm,0.5,43,159,-1.2130362353409954,-0.9922400520728849
v8,feat_gbm,0.5,43,160,1.8547667854798489,1.8585227307534937
v8,feat_gbm,0.5,43,161,-2.8849548088682915,-2.477654537850602
v8,feat_gbm,0.5,43,162,-3.1660353798347565,-2.993764039868935
v8,feat_gbm,0.5,43,163,-0.8768595893989894,-1.1722671160336509
v8,feat_gbm,0.5,43,164,-2.1744528218345973,-1.6577576086204497
v8,feat_gbm,0.5,43,165,-2.492126089893649,-2.9770186999323642
v8,feat_gbm,0.5,43,166,-3.125120275192005,-3.2329952824425443
v8,feat_gbm,0.5,43,167,-0.0941991884387178,0.19550508612775644
v8,feat_gbm,0.5,43,168,-1.1373804875364644,-1.2639642813248737
v8,feat_gbm,0.5,43,169,1.3342690656280172,1.4224064134580066
v8,feat_gbm,0.5,43,170,-1.8033523092219987,-1.5303724784706008
v8,feat_gbm,0.5,43,171,0.5706719519192849,0.6086346650572224
v8,feat_gbm,0.5,43,172,0.06139663816033571,-0.052232489626048526
v8,feat_gbm,0.5,43,173,-0.33412845263687907,-0.19074605880313256
v8,feat_gbm,0.5,43,174,-2.7034847455582627,-2.7678232596734214
v8,feat_gbm,0.5,43,175,-2.0138674035447215,-1.6557092188829319
v8,feat_gbm,0.5,43,176,0.1543985937685312,0.12081831439914445
v8,feat_gbm,0.5,43,177,0.41613828783298684,3.7031714993021168
v8,feat_gbm,0.5,43,178,-0.028892482999247723,-0.17761292562564054
v8,feat_gbm,0.5,43,179,-0.18216267927799773,0.2295122735959306
v8,feat_gbm,0.5,43,180,-1.3217935197603643,-1.6401012725318311
v8,feat_gbm,0.5,43,181,-2.520337244902149,-3.399461101549646
v8,feat_gbm,0.5,43,182,0.6601045473686664,0.5421608664871393
v8,feat_gbm,0.5,43,183,-2.738236822983241,-3.7858185839721776
v8,feat_gbm,0.5,43,184,0.3555003907523714,0.4440956773301304
v8,feat_gbm,0.5,43,185,0.09960746550575596,0.5450962365111649
v8,feat_gbm,0.5,43,186,-2.750264371248204,-3.094441269353033
v8,feat_gbm,0.5,43,187,1.014626915768939,1.436275522654785
v8,feat_gbm,0.5,43,188,0.12314498964973225,-0.003208414280501246
v8,feat_gbm,0.5,43,189,-1.9683485208043556,-2.0766448721687736
v8,feat_gbm,0.5,43,190,-3.049150235009449,-2.887011097372245
v8,feat_gbm,0.5,43,191,0.0554065554255244,-0.19564387773269687
v8,feat_gbm,0.5,43,192,-2.474195526830992,-3.39219136175158
v8,feat_gbm,0.5,43,193,-3.819816425749764,-4.804455114758695
v8,feat_gbm,0.5,43,194,-0.2051737417236084,-0.23230879418151415
v8,feat_gbm,0.5,43,195,0.9984252936325351,0.7768952289284052
v8,feat_gbm,0.5,43,196,-3.139437581675214,-3.0758975731441707
v8,feat_gbm,0.5,43,197,1.9279756071744052,1.8852948766094535
v8,feat_gbm,0.5,43,198,-0.19390116196849871,-0.07474663349946693
v8,feat_gbm,0.5,43,199,1.859416443724887,0.9295509098669842
v8,feat_gbm,0.5,43,200,0.0856402788831251,0.40408761039079466
v8,feat_gbm,0.5,43,201,-1.4017091091771188,-1.0185563947000995
v8,feat_gbm,0.5,43,202,-1.674646311890603,-1.5812541435625456
v8,feat_gbm,0.5,43,203,-2.719562254493664,-2.9269603411540346
v8,feat_gbm,0.5,43,204,-0.513651061403921,-0.9368237022381455
v8,feat_gbm,0.5,43,205,-0.8459727404470155,-0.771906247259438
v8,feat_gbm,0.5,43,206,-1.1855319080483213,-1.4457766532498904
v8,feat_gbm,0.5,43,207,-2.5316920340778353,-2.4752738768021185
v8,feat_gbm,0.5,43,208,-3.5364246791277627,-2.8789590131308262
v8,feat_gbm,0.5,43,209,-3.0548725375382846,-2.6986856152036793
v8,feat_gbm,0.5,43,210,-0.22050678921116565,0.05837096406180189
v8,feat_gbm,0.5,43,211,-1.9468121252106299,-2.2327070274631113
v8,feat_gbm,0.5,43,212,-0.004231962294449053,0.15758807445032513
v8,feat_gbm,0.5,43,213,0.9335810755298214,0.5234750924970406
v8,feat_gbm,0.5,43,214,0.4230019428150423,0.8312555987922697
v8,feat_gbm,0.5,43,215,-1.3867018968224567,-0.7699972654610447
v8,feat_gbm,0.5,43,216,-2.248854844896503,-2.4368834827463726
v8,feat_gbm,0.5,43,217,-3.4859711792487724,-3.7421886443248944
v8,feat_gbm,0.5,43,218,-3.1243621312837067,-4.3753265313120195
v8,feat_gbm,0.5,43,219,0.3210346325298619,0.13181597567614448
v8,feat_gbm,0.5,43,220,-2.4656866038480914,-2.150299196146146
v8,feat_gbm,0.5,43,221,0.36663031494236126,0.4316281043505307
v8,feat_gbm,0.5,43,222,0.9079299335703797,0.20581216265343685
v8,feat_gbm,0.5,43,223,-1.1368252375949792,-1.7226779576420432
v8,feat_gbm,0.5,43,224,0.9515402793536403,1.0701061526100661
v8,feat_gbm,0.5,43,225,-3.258839245680194,-2.995983076644188
v8,feat_gbm,0.5,43,226,-0.21218458061886053,-0.39103048890459524
v8,feat_gbm,0.5,43,227,-1.9855872549979185,-2.811377433191803
v8,feat_gbm,0.5,43,228,-0.08392428905994206,0.1103569248772952
v8,feat_gbm,0.5,43,229,0.863647728532825,1.0926797996732165
v8,feat_gbm,0.5,43,230,-1.8580772344204255,-1.1465469989616057
v8,feat_gbm,0.5,43,231,-3.510298568364701,-3.7045714701961474
v8,feat_gbm,0.5,43,232,-0.010563254457258779,-0.3205795311611984
v8,feat_gbm,0.5,43,233,-0.2785016438456712,-0.7282288274356463
v8,feat_gbm,0.5,43,234,0.32015465560804374,-0.6143938277881194
v8,feat_gbm,0.5,43,235,-3.801543760496152,-3.717493513170671
v8,feat_gbm,0.5,43,236,-1.6160619942838803,-1.894186438607053
v8,feat_gbm,0.5,43,237,0.26124528072303177,0.19101892391720615
v8,feat_gbm,0.5,43,238,-2.5333558946944192,-2.723653519266766
v8,feat_gbm,0.5,43,239,0.21502050362365577,0.28172679866345784
v8,feat_gbm,0.5,43,240,-0.7830973065556787,-0.570916259780521
v8,feat_gbm,0.5,43,241,-1.6381176656721035,-3.037607674189957
v8,feat_gbm,0.5,43,242,-2.778508332778871,-2.4824067099880884
v8,feat_gbm,0.5,43,243,0.8277375983989158,1.793244191067856
v8,feat_gbm,0.5,43,244,-2.666451890167642,-2.170563194223024
v8,feat_gbm,0.5,43,245,-3.131582276745481,-2.5580286375581696
v8,feat_gbm,0.5,43,246,-2.6689104820557694,-3.9013363177662743
v8,feat_gbm,0.5,43,247,-1.0692922805892906,-1.2689211715035387
v8,feat_gbm,0.5,43,248,-2.783993822248814,-2.89795980370705
v8,feat_gbm,0.5,43,249,-1.0939597162315255,-1.149470325468549
v8,feat_gbm,0.5,43,250,-2.083682631331826,-2.1803876537888693
v8,feat_gbm,0.5,43,251,-1.6846456345305725,-1.2010659028736028
v8,feat_gbm,0.5,43,252,-2.526967150747154,-2.675840590612525
v8,feat_gbm,0.5,43,253,-0.905329514840419,-0.865421424414132
v8,feat_gbm,0.5,43,254,-0.9527444751230861,-0.45089388998719687
v8,feat_gbm,0.5,43,255,-1.3804260989134673,-1.477655138121315
v8,feat_gbm,0.5,43,256,-1.9441438022165116,-1.9234128661936198
v8,feat_gbm,0.5,43,257,-1.3691695405962703,-0.8895479413744646
v8,feat_gbm,0.5,43,258,-1.1510388002046839,-1.284701881398344
v8,feat_gbm,0.5,43,259,-0.01877598603558836,0.03791276039075724
v8,feat_gbm,0.5,43,260,-1.8424272271637225,-1.213907680807544
v8,feat_gbm,0.5,43,261,-0.03936609457042013,-0.6937064881158975
v8,feat_gbm,0.5,43,262,-2.913384286833556,-2.500344974429108
v8,feat_gbm,0.5,43,263,-2.9824778636505163,-3.0782877743164985
v8,feat_gbm,0.5,43,264,-3.062733061307189,-3.2702790535172426
v8,feat_gbm,0.5,43,265,-0.46803853605718876,-0.15746453031192983
v8,feat_gbm,0.5,43,266,-2.28830264532302,-1.3930653126164372
v8,feat_gbm,0.5,43,267,-3.2745102703163993,-3.460520174484755
v8,feat_gbm,0.5,43,268,-2.1489201155663205,-1.8115923421665279
v8,feat_gbm,0.5,43,269,0.2032177949824387,-0.04785951915829837
v8,feat_gbm,0.5,43,270,-1.2780666817020707,-1.3387838926701625
v8,feat_gbm,0.5,43,271,0.7933471769845588,0.6172482925771328
v8,feat_gbm,0.5,43,272,-0.13924836659404546,0.10718580269537517
v8,feat_gbm,0.5,43,273,-2.46424951370713,-2.4250613993713395
v8,feat_gbm,0.5,43,274,-0.1898473766891042,-0.4656136934058211
v8,feat_gbm,0.5,43,275,-2.67263634723459,-1.7679071058666047
v8,feat_gbm,0.5,43,276,-0.5301628208561195,-0.15192249005847586
v8,feat_gbm,0.5,43,277,-0.2646521970321962,-0.22686658439221394
v8,feat_gbm,0.5,43,278,-0.49883105681649276,-0.3963273628232521
v8,feat_gbm,0.5,43,279,-2.14443313814999,-2.1916982233579314
v8,feat_gbm,0.5,43,280,0.40494462159299316,0.5138857123822332
v8,feat_gbm,0.5,43,281,0.13146339519833364,0.13501120436460418
v8,feat_gbm,0.5,43,282,-0.17646939529584452,-0.35232291748203215
v8,feat_gbm,0.5,43,283,0.43669501267228406,0.33710059568630363
v8,feat_gbm,0.5,43,284,1.920756933427473,2.2269494594330284
v8,feat_gbm,0.5,43,285,-0.7152913803384718,-0.8523290277873723
v8,feat_gbm,0.5,43,286,0.3210357519420588,0.5032694866056324
v8,feat_gbm,0.5,43,287,-2.8744329260005363,-3.0734310124071125
v8,feat_gbm,0.5,43,288,-2.6741329517551247,-3.0969464995649485
v8,feat_gbm,0.5,43,289,0.8193483398095517,0.8088909840914691
v8,feat_gbm,0.5,43,290,-1.655724163243287,-1.710735902712342
v8,feat_gbm,0.5,43,291,0.20833838646123523,-0.24588513525180683
v8,feat_gbm,0.5,43,292,-3.0074224987671307,-2.9910915714149957
v8,feat_gbm,0.5,43,293,-0.15201606344934757,0.24397961438558982
v8,feat_gbm,0.5,43,294,0.9574731459588136,0.9827222917401395
v8,feat_gbm,0.5,43,295,0.7737427127844272,1.5399914318848642
v8,feat_gbm,0.5,43,296,-2.70190627802175,-3.028104854063688
v8,feat_gbm,0.5,43,297,-1.147951233875416,-1.9675880903276046
v8,feat_gbm,0.5,43,298,0.6061339898252075,0.3882116190950413
v8,feat_gbm,0.5,43,299,-0.41078254801619546,-0.4169590587595381
v8,feat_gbm,0.5,43,300,-0.5015096425484223,-0.47104701624968015
v8,feat_gbm,0.5,43,301,-0.4743575867886522,-0.5788171023402015
v8,feat_gbm,0.5,43,302,-2.947596505765892,-3.325334912618423
v8,feat_gbm,0.5,43,303,-0.21286483985220953,0.27214776974989446
v8,feat_gbm,0.5,43,304,0.2316800407039204,0.2838761456734127
v8,feat_gbm,0.5,43,305,0.9791182206174632,0.98356576927226
v8,feat_gbm,0.5,43,306,-2.0942461235096985,-2.324804251846344
v8,feat_gbm,0.5,43,307,-0.153631986597131,-0.30060412365222405
v8,feat_gbm,0.5,43,308,-3.022049279043432,-3.5706943269006843
v8,feat_gbm,0.5,43,309,0.6093830294912386,0.7657986236992217
v8,feat_gbm,0.5,43,310,-0.2579351021359959,-0.3760212383278314
v8,feat_gbm,0.5,43,311,1.0111587368517363,0.903367601886353
v8,feat_gbm,0.5,43,312,0.5013257157072588,0.2834145554969618
v8,feat_gbm,0.5,43,313,-0.31350646950728417,-0.8750381269167363
v8,feat_gbm,0.5,43,314,-0.6181578021762612,-0.8911054934067958
v8,feat_gbm,0.5,43,315,0.4062288101761483,0.2699623908229132
v8,feat_gbm,0.5,43,316,-3.2978742964438847,-4.034449774534175
v8,feat_gbm,0.5,43,317,0.5278906957236618,0.7302045063515665
v8,feat_gbm,0.5,43,318,-2.7812758327928764,-2.5264159394565007
v8,feat_gbm,0.5,43,319,-3.343854451814307,-3.1280680478747835
v8,feat_gbm,0.5,43,320,0.27346036353518144,-0.623194388118803
v8,feat_gbm,0.5,43,321,-3.8013126172188247,-4.172922463867305
v8,feat_gbm,0.5,43,322,1.2250224311718543,1.0714029341973417
v8,feat_gbm,0.5,43,323,-2.9317426384047356,-2.5538050374755565
v8,feat_gbm,0.5,43,324,-1.377052160747879,-1.5310020975326282
v8,feat_gbm,0.5,43,325,-0.6260904809210475,-0.735749980772127
v8,feat_gbm,0.5,43,326,-0.4576498797799427,-0.5010306012352705
v8,feat_gbm,0.5,43,327,-3.8361365119051634,-4.393123087746285
v8,feat_gbm,0.5,43,328,-0.20344361985694723,0.6439364857563509
v8,feat_gbm,0.5,43,329,-2.607189508933348,-2.60760252445046
v8,feat_gbm,0.5,43,330,0.699742172914429,0.46983427811083467
v8,feat_gbm,0.5,43,331,-1.546880877333536,-1.149354435920189
v8,feat_gbm,0.5,43,332,-1.6156494593758564,-1.0961264399974935
v8,feat_gbm,0.5,43,333,0.9830368107523114,1.4253561556633074
v8,feat_gbm,0.5,43,334,0.9915396249967032,1.0406546288822482
v8,feat_gbm,0.5,43,335,-0.21766910885542187,-0.1286217558512718
v8,feat_gbm,0.5,43,336,-1.681654986351813,-1.7275974260064488
v8,feat_gbm,0.5,43,337,-3.759302391533087,-4.535227665039715
v8,feat_gbm,0.5,43,338,-0.4884730627688878,-1.078833843619319
v8,feat_gbm,0.5,43,339,-2.815771710940611,-2.035297396751524
v8,feat_gbm,0.5,43,340,0.6098746801807233,0.4788286932125707
v8,feat_gbm,0.5,43,341,-1.3409402156397068,-0.4595082096564039
v8,feat_gbm,0.5,43,342,-3.2499113576319534,-3.653430804591794
v8,feat_gbm,0.5,43,343,-0.056441824915547494,0.2834522663037432
v8,feat_gbm,0.5,43,344,0.012267839534751593,-0.15984972455285287
v8,feat_gbm,0.5,43,345,-2.7025636846588244,-3.8822970119574354
v8,feat_gbm,0.5,43,346,-2.4897112652872804,-2.5801989990218064
v8,feat_gbm,0.5,43,347,-3.3067089018715117,-3.2622630695286134
v8,feat_gbm,0.5,43,348,-0.5095078556157361,-0.4894561152880944
v8,feat_gbm,0.5,43,349,-2.807346404982802,-3.0223552414624764
v8,feat_gbm,0.5,43,350,0.6706630323614627,0.4215072765335228
v8,feat_gbm,0.5,43,351,-1.8090178988240642,-1.8152752103400673
v8,feat_gbm,0.5,43,352,0.9729251708361307,1.102263670511441
v8,feat_gbm,0.5,43,353,0.7931694246714953,1.4454852001466738
v8,feat_gbm,0.5,43,354,-3.2876819905094683,-3.6770060333191017
v8,feat_gbm,0.5,43,355,-3.311217833836289,-5.078652858832153
v8,feat_gbm,0.5,43,356,0.49006558021795243,0.7815322159665122
v8,feat_gbm,0.5,43,357,0.6494043736175656,0.6775133790495483
v8,feat_gbm,0.5,43,358,-3.1259323421534133,-3.5163570325540956
v8,feat_gbm,0.5,43,359,-1.6106121520648389,-4.157760523739404
v8,feat_gbm,0.5,43,360,-0.6690952247947916,-0.18386357284099003
v8,feat_gbm,0.5,43,361,-3.3738704830539583,-4.477383009144865
v8,feat_gbm,0.5,43,362,0.272394396427301,0.2909126951240761
v8,feat_gbm,0.5,43,363,-3.0355506654547373,-3.5121531596302606
v8,feat_gbm,0.5,43,364,-0.7925718690603342,-0.0019354464452207268
v8,feat_gbm,0.5,43,365,-3.4180638741205884,-3.264666087597375
v8,feat_gbm,0.5,43,366,-2.5225023648077727,-1.4961090632143375
v8,feat_gbm,0.5,43,367,0.04936109317850344,-0.10305907560987346
v8,feat_gbm,0.5,43,368,0.2498303539997821,0.24601275195113992
v8,feat_gbm,0.5,43,369,-1.265172379837284,-1.6400355118163064
v8,feat_gbm,0.5,43,370,-1.9849570817501445,-1.5399226532969161
v8,feat_gbm,0.5,43,371,-0.5716377093111007,-0.3336387161155974
v8,feat_gbm,0.5,43,372,0.17697432981134306,0.3185760540422761
v8,feat_gbm,0.5,43,373,-0.2908569937194698,-0.30756424411789
v8,feat_gbm,0.5,43,374,-3.517700746808032,-3.551435429619069
v8,feat_gbm,0.5,43,375,0.17124164290941996,-0.12846918127015178
v8,feat_gbm,0.5,43,376,0.7004320340126511,0.43413099611324796
v8,feat_gbm,0.5,43,377,0.6096673052910979,0.8095384731463161
v8,feat_gbm,0.5,43,378,0.15158352241692824,0.20303525329731625
v8,feat_gbm,0.5,43,379,0.372415311371175,0.524784145223057
v8,feat_gbm,0.5,43,380,0.3864215036624009,0.8722609808312535
v8,feat_gbm,0.5,43,381,0.5472019340864764,1.0190202163897197
v8,feat_gbm,0.5,43,382,0.5518012395824754,1.2715191268303472
v8,feat_gbm,0.5,43,383,-0.09644422800237201,-0.13923746667536385
v8,feat_gbm,0.5,43,384,-0.8427427731033214,-1.7983983483294153
v8,feat_gbm,0.5,43,385,0.5221658425786616,0.5606037150840157
v8,feat_gbm,0.5,43,386,0.9423695450459131,0.6003456151224621
v8,feat_gbm,0.5,43,387,1.1920958499750731,1.3071718981356573
v8,feat_gbm,0.5,43,388,-0.029226051939748036,-0.19457283568776126
v8,feat_gbm,0.5,43,389,-1.319806669657271,-0.981880356960367
v8,feat_gbm,0.5,43,390,-2.4002860419012575,-2.628024059072158
v8,feat_gbm,0.5,43,391,-2.0747815965614946,-2.479262758098376
v8,feat_gbm,0.5,43,392,-2.1521963067316747,-2.207941629114672
v8,feat_gbm,0.5,43,393,-2.3858865373516274,-2.806586620215901
v8,feat_gbm,0.5,43,394,-0.5103479225885358,-0.16842623590390868
v8,feat_gbm,0.5,43,395,0.33183730430520963,0.3596423409999632
v8,feat_gbm,0.5,43,396,-3.0829066134665366,-3.117667066362407
v8,feat_gbm,0.5,43,397,0.8201424103957348,0.6134086288650079
v8,feat_gbm,0.5,43,398,0.464826104017665,0.5049020087080688
v8,feat_gbm,0.5,43,399,-0.898803478131494,-1.0548605918119196
v8,feat_gbm,0.5,43,400,-3.3390487670002718,-2.877676775828332
v8,feat_gbm,0.5,43,401,0.36673814254209824,0.015654415635624343
v8,feat_gbm,0.5,43,402,-0.6831183153723851,-0.7027824676465185
v8,feat_gbm,0.5,43,403,0.20908312168814147,0.6733427913489138
v8,feat_gbm,0.5,43,404,0.33767558762112015,0.03259550049258387
v8,feat_gbm,0.5,43,405,-3.0774019393189094,-3.4179416205706223
v8,feat_gbm,0.5,43,406,-2.261324327757103,-1.6563158072976616
v8,feat_gbm,0.5,43,407,0.6117268979559113,0.3281041495218151
v8,feat_gbm,0.5,43,408,-1.0753205453323105,-1.498502430121411
v8,feat_gbm,0.5,43,409,-1.1895953022462864,-1.5390850133499359
v8,feat_gbm,0.5,43,410,-1.994660170614246,-3.8769914364338094
v8,feat_gbm,0.5,43,411,-1.0609732956153344,-1.1093409530974205
v8,feat_gbm,0.5,43,412,-2.6241219327047296,-2.1356441225652167
v8,feat_gbm,0.5,43,413,0.4509840139013729,0.5613925387002681
v8,feat_gbm,0.5,43,414,-2.511512893698965,-2.672303525149137
v8,feat_gbm,0.5,43,415,1.0806868441287867,0.9887747910888531
v8,feat_gbm,0.5,43,416,-2.9764716254571075,-2.064740642123073
v8,feat_gbm,0.5,43,417,-0.7356799756173066,-0.13534283366780814
v8,feat_gbm,0.5,43,418,-0.1845700545284917,0.5266566940316069
v8,feat_gbm,0.5,43,419,-0.4389798127508366,-0.7929716308762645
v8,feat_gbm,0.5,43,420,0.2204785145171284,0.22081989653443584
v8,feat_gbm,0.5,43,421,-3.481786502783651,-3.4911396429773087
v8,feat_gbm,0.5,43,422,-0.3173866172671173,0.4691563032653497
v8,feat_gbm,0.5,43,423,-0.17847805643034947,-0.21242164749251408
v8,feat_gbm,0.5,43,424,-3.1232516320488974,-2.0235730224261497
v8,feat_gbm,0.5,43,425,-0.3910098905300204,0.1881042769243711
v8,feat_gbm,0.5,43,426,-0.7238083638733713,-0.7546830882020855
v8,feat_gbm,0.5,43,427,-1.3378781367871837,-2.004418163271322
v8,feat_gbm,0.5,43,428,0.08145089729791342,0.08108350485015015
v8,feat_gbm,0.5,43,429,-1.4562441398300112,-0.8958783842144782
v8,feat_gbm,0.5,43,430,-0.8866158617107274,-0.700178367515834
v8,feat_gbm,0.5,43,431,-1.8912484860844914,-2.026447754843476
v8,feat_gbm,0.5,43,432,-3.3218108883232063,-3.3644112924118934
v8,feat_gbm,0.5,43,433,-2.897750208556615,-2.4777804975332844
v8,feat_gbm,0.5,43,434,-3.3945712419365837,-3.6407879329147783
v8,feat_gbm,0.5,43,435,0.2625686974527207,0.8140524350977956
v8,feat_gbm,0.5,43,436,-0.5844937789141774,-0.6342245759550225
v8,feat_gbm,0.5,43,437,-1.2082573769046017,-1.0170271575608654
v8,feat_gbm,0.5,43,438,0.5393428595346693,1.2058566336630974
v8,feat_gbm,0.5,43,439,0.8570912875790803,1.04159183954478
v8,feat_gbm,0.5,43,440,-0.4217036970908466,-0.383754051292973
v8,feat_gbm,0.5,43,441,1.230489470634465,0.9717849563735496
v8,feat_gbm,0.5,43,442,0.9368124906128625,0.915394257773604
v8,feat_gbm,0.5,43,443,-0.05639699387194779,0.17619398118278368
v8,feat_gbm,0.5,43,444,-2.787541520620343,-2.3026142847949007
v8,feat_gbm,0.5,43,445,-0.45241928619501054,-2.156995715227189
v8,feat_gbm,0.5,43,446,-2.129837352311268,-1.9647154613855007
v8,feat_gbm,0.5,43,447,-1.2943609705684334,-1.2167428909736953
v8,feat_gbm,0.5,43,448,-0.5761602608762655,0.371748058948411
v8,feat_gbm,0.5,43,449,-2.9102167923512545,-3.354914600670279
v8,feat_gbm,0.5,43,450,-1.5163308242534037,-2.0984010901330774
v8,feat_gbm,0.5,43,451,-1.588307011741814,-1.8411195968283314
v8,feat_gbm,0.5,43,452,-0.015357264030998446,-0.2866386615093297
v8,feat_gbm,0.5,43,453,-2.314791563532283,-2.1769502099219324
v8,feat_gbm,0.5,43,454,0.11127913337165694,0.851829112076475
v8,feat_gbm,0.5,43,455,0.13698596460149015,-0.5174982843777256
v8,feat_gbm,0.5,43,456,-2.7961510082335894,-3.7883351795095335
v8,feat_gbm,0.5,43,457,-2.006378295240636,-1.3225504843777425
v8,feat_gbm,0.5,43,458,-0.4514252259108266,-0.6304710111145473
v8,feat_gbm,0.5,43,459,-2.4027358671294943,-2.867776928577639
v8,feat_gbm,0.5,43,460,-0.06489207261346808,-0.20106453453544149
v8,feat_gbm,0.5,43,461,0.9938849880710994,0.565413433251147
v8,feat_gbm,0.5,43,462,0.3294141743736027,0.6531860801292728
v8,feat_gbm,0.5,43,463,-3.0977738048581593,-3.295531334571209
v8,feat_gbm,0.5,43,464,-1.057824911060752,-1.118951529136503
v8,feat_gbm,0.5,43,465,0.12468947995710174,0.08535922256033004
v8,feat_gbm,0.5,43,466,-0.06316383738250259,0.2656879386171551
v8,feat_gbm,0.5,43,467,-1.1129479618624625,-1.0764680911985907
v8,feat_gbm,0.5,43,468,1.9115624850640476,2.2503813782282114
v8,feat_gbm,0.5,43,469,-0.3252177354428502,-0.029700274932011248
v8,feat_gbm,0.5,43,470,-2.275444314531686,-2.1918010579584375
v8,feat_gbm,0.5,43,471,0.26590999263702003,-0.12537364897776127
v8,feat_gbm,0.5,43,472,-1.4268100235870107,-1.3714574409892777
v8,feat_gbm,0.5,43,473,-0.9864730444694575,-1.0216450817816245
v8,feat_gbm,0.5,43,474,-0.999850673344144,-0.8313233833759152
v8,feat_gbm,0.5,43,475,-2.577037634688643,-3.25243582884057
v8,feat_gbm,0.5,43,476,0.5210010626963406,0.8737365575305754
v8,feat_gbm,0.5,43,477,-2.6701502626717595,-1.8373017486027088
v8,feat_gbm,0.5,43,478,-1.8184901427467568,-1.909749317133085
v8,feat_gbm,0.5,43,479,0.42560220762461,0.418341725137149
v8,feat_gbm,0.5,43,480,-2.9136870032985085,-2.8689304810445995
v8,feat_gbm,0.5,43,481,-3.292164973425388,-3.9192950012633494
v8,feat_gbm,0.5,43,482,0.4642892057904247,0.8191907452202399
v8,feat_gbm,0.5,43,483,-2.2994688568527155,-2.7371748494528005
v8,feat_gbm,0.5,43,484,0.08608180269635159,0.043868991079412875
v8,feat_gbm,0.5,43,485,-2.6170554712825376,-3.9571024828402512
v8,feat_gbm,0.5,43,486,-1.0940350668788503,-0.8286091055291892
v8,feat_gbm,0.5,43,487,1.6291239051299233,1.1086460137612473
v8,feat_gbm,0.5,43,488,-0.834484679345376,-1.0899995989348372
v8,feat_gbm,0.5,43,489,-2.9948267849892556,-2.9260181182274523
v8,feat_gbm,0.5,43,490,0.11625708537123657,0.01778898425240747
v8,feat_gbm,0.5,43,491,-0.3380583379231686,-0.388546054063584
v8,feat_gbm,0.5,43,492,-0.7909360399387718,-0.8483910406321095
v8,feat_gbm,0.5,43,493,-2.4607581523598285,-2.4855190663855797
v8,feat_gbm,0.5,43,494,-0.3043696667180284,-0.6027729178489412
v8,feat_gbm,0.5,43,495,-2.3327680549815804,-1.5285925057254015
v8,feat_gbm,0.5,43,496,0.606838323549967,1.0092174422839322
v8,feat_gbm,0.5,43,497,-2.6832587683930096,-2.421052301727873
v8,feat_gbm,0.5,43,498,-3.0723620585957434,-3.2283141264699093
v8,feat_gbm,0.5,43,499,-3.5520087884815155,-4.907212199848568
v8,feat_gbm,0.5,44,0,-0.24069326093803103,0.03894909458183669
v8,feat_gbm,0.5,44,1,-2.2113590421629534,-2.5052564746229193
v8,feat_gbm,0.5,44,2,0.4561164889290511,0.6287827851917782
v8,feat_gbm,0.5,44,3,-3.3000735208888434,-3.3447289283878643
v8,feat_gbm,0.5,44,4,0.8810241999501379,0.9694015026406426
v8,feat_gbm,0.5,44,5,-1.8686453545970307,-2.4693709778233526
v8,feat_gbm,0.5,44,6,-0.14990622707439796,-0.2819211013310965
v8,feat_gbm,0.5,44,7,0.763244161508292,0.5289578846490461
v8,feat_gbm,0.5,44,8,0.3621507507970042,0.032863622186365654
v8,feat_gbm,0.5,44,9,0.9894296533982377,0.9352707853930591
v8,feat_gbm,0.5,44,10,-1.6604943521702173,-1.5987558134683666
v8,feat_gbm,0.5,44,11,-3.120700514320606,-3.2678706438993954
v8,feat_gbm,0.5,44,12,-2.4374019238539657,-2.445380546146449
v8,feat_gbm,0.5,44,13,-0.37204568743219374,-0.4471217519653716
v8,feat_gbm,0.5,44,14,-2.1513815893781514,-1.8343062920535937
v8,feat_gbm,0.5,44,15,-2.0506593170054086,-2.278287047942225
v8,feat_gbm,0.5,44,16,-0.9436919084872627,-1.113015507562239
v8,feat_gbm,0.5,44,17,-1.6135934181830223,-1.149386040828735
v8,feat_gbm,0.5,44,18,0.023289061465520757,-0.4541092694382234
v8,feat_gbm,0.5,44,19,-2.4471032031698083,-2.8798658660471284
v8,feat_gbm,0.5,44,20,-3.049495724228586,-3.281006200299989
v8,feat_gbm,0.5,44,21,-1.2312855110588043,-0.7889402030111288
v8,feat_gbm,0.5,44,22,-0.47219186889146725,-0.48114593055133975
v8,feat_gbm,0.5,44,23,-3.208848356053831,-2.8038114998165153
v8,feat_gbm,0.5,44,24,-2.93961922240171,-2.6726430450531393
v8,feat_gbm,0.5,44,25,-3.45217375404412,-3.141178249464176
v8,feat_gbm,0.5,44,26,-3.2596571662055682,-3.8612362310489847
v8,feat_gbm,0.5,44,27,-2.760127333814731,-3.085821277369337
v8,feat_gbm,0.5,44,28,-2.8107227197110825,-2.1153791712035637
v8,feat_gbm,0.5,44,29,-0.42286580281197095,-0.5854112868629942
v8,feat_gbm,0.5,44,30,-0.29928888577681895,0.13849791927417068
v8,feat_gbm,0.5,44,31,-2.61981917362439,-2.779654184179668
v8,feat_gbm,0.5,44,32,1.2411795045540681,0.9166392391011026
v8,feat_gbm,0.5,44,33,-2.2012532516014325,-2.134444297962007
v8,feat_gbm,0.5,44,34,0.749449004659049,1.1224191581864646
v8,feat_gbm,0.5,44,35,-3.213382749365076,-2.7514680837461087
v8,feat_gbm,0.5,44,36,0.5232474284628458,0.7493710802437775
v8,feat_gbm,0.5,44,37,-1.7577145798825817,-2.157600461660938
v8,feat_gbm,0.5,44,38,-1.3665379089599745,-1.7436371170468024
v8,feat_gbm,0.5,44,39,0.5465825539781669,0.632388610685479
v8,feat_gbm,0.5,44,40,-2.3037261699306706,-1.5024753827969588
v8,feat_gbm,0.5,44,41,-2.37042987620766,-2.936018587066778
v8,feat_gbm,0.5,44,42,-0.20422018417152088,-0.06406961406287034
v8,feat_gbm,0.5,44,43,-0.6985519940627208,-0.43711075337934485
v8,feat_gbm,0.5,44,44,0.7969970208989493,0.521724778538647
v8,feat_gbm,0.5,44,45,0.21738681474232432,-0.02881562555915001
v8,feat_gbm,0.5,44,46,-2.4852160928276033,-2.6856700943784895
v8,feat_gbm,0.5,44,47,-2.9989806486926613,-3.3419513202228783
v8,feat_gbm,0.5,44,48,-0.4487205785078018,-0.35240032436669677
v8,feat_gbm,0.5,44,49,-3.7550565259880293,-4.466027560457086
v8,feat_gbm,0.5,44,50,-0.9159082121874283,-1.2227887404747313
v8,feat_gbm,0.5,44,51,-3.5913757884799433,-4.168130875201601
v8,feat_gbm,0.5,44,52,-1.72032433391149,-2.1825653069440887
v8,feat_gbm,0.5,44,53,-2.9780789362530955,-2.816977102698189
v8,feat_gbm,0.5,44,54,-0.4815987461664814,-0.9520374156321785
v8,feat_gbm,0.5,44,55,0.5640698817233936,0.800460094219776
v8,feat_gbm,0.5,44,56,0.4411531140146688,0.2782562560211116
v8,feat_gbm,0.5,44,57,-0.15444240600163395,-0.7855200046266205
v8,feat_gbm,0.5,44,58,-3.1230715954837223,-2.837973637743256
v8,feat_gbm,0.5,44,59,-0.16115455929068404,0.3653424354755994
v8,feat_gbm,0.5,44,60,-2.72306819009636,-3.145987746693799
v8,feat_gbm,0.5,44,61,-3.034491068965163,-2.1381844357326614
v8,feat_gbm,0.5,44,62,0.4315432717245724,0.3908315550690521
v8,feat_gbm,0.5,44,63,-3.075962078718963,-3.259739876316779
v8,feat_gbm,0.5,44,64,-2.621117353837698,-3.799325775609258
v8,feat_gbm,0.5,44,65,0.586865784036006,0.2842997557356093
v8,feat_gbm,0.5,44,66,0.8044263422768285,0.9099380077885143
v8,feat_gbm,0.5,44,67,0.35820715928614855,0.5741223235018287
v8,feat_gbm,0.5,44,68,1.2471799185735135,1.3807263582335993
v8,feat_gbm,0.5,44,69,0.3153702664403053,2.7357387204405055
v8,feat_gbm,0.5,44,70,0.0016444519563253365,-0.3782017485149665
v8,feat_gbm,0.5,44,71,-0.8316293778270744,-0.6946521973220513
v8,feat_gbm,0.5,44,72,-3.0235331748472145,-3.510295151868067
v8,feat_gbm,0.5,44,73,-0.6515968070872192,-0.3643686170400702
v8,feat_gbm,0.5,44,74,1.4039156583356502,1.1835884152793859
v8,feat_gbm,0.5,44,75,0.12198497215364956,-0.38644824542838596
v8,feat_gbm,0.5,44,76,0.5981401269426488,0.7005004452467647
v8,feat_gbm,0.5,44,77,0.267352854367093,0.3770911051312199
v8,feat_gbm,0.5,44,78,-0.3661925981456922,-0.5374783823521183
v8,feat_gbm,0.5,44,79,-3.102157412340696,-3.2499450611549854
v8,feat_gbm,0.5,44,80,-1.53845224018575,-1.719925172279684
v8,feat_gbm,0.5,44,81,1.0920069235133631,1.8185710395242058
v8,feat_gbm,0.5,44,82,-1.5008486049213654,-1.0758778979961314
v8,feat_gbm,0.5,44,83,-0.20118136152454902,-0.8033140510569362
v8,feat_gbm,0.5,44,84,-1.976695025679672,-2.0837035815006346
v8,feat_gbm,0.5,44,85,-2.159083760145034,-1.2430797823904942
v8,feat_gbm,0.5,44,86,0.8426818485373411,0.639317965424242
v8,feat_gbm,0.5,44,87,-0.024852914904405877,-0.02321591952008587
v8,feat_gbm,0.5,44,88,-2.4820392502790622,-3.512086916650174
v8,feat_gbm,0.5,44,89,-1.8807162604470111,-1.684363733317816
v8,feat_gbm,0.5,44,90,-3.1194505986281715,-3.5341996208099964
v8,feat_gbm,0.5,44,91,0.6171484403816386,1.1574629997660548
v8,feat_gbm,0.5,44,92,-1.0614183954230236,-0.7651863719989663
v8,feat_gbm,0.5,44,93,-3.27234153627092,-5.7708125015304885
v8,feat_gbm,0.5,44,94,0.33215853300182996,0.07374698385127064
v8,feat_gbm,0.5,44,95,0.3240797014583173,1.201566413592891
v8,feat_gbm,0.5,44,96,1.3859948127178432,1.2655480006709303
v8,feat_gbm,0.5,44,97,-3.0277204689134303,-3.2217777708537843
v8,feat_gbm,0.5,44,98,-1.151325914218535,-1.2120387208328698
v8,feat_gbm,0.5,44,99,-0.4600683979460776,-0.04015373686183237
v8,feat_gbm,0.5,44,100,-2.9565526040571157,-2.8384481914339785
v8,feat_gbm,0.5,44,101,-3.330642245778206,-3.541068619782685
v8,feat_gbm,0.5,44,102,-3.3427005212057193,-4.424727465058162
v8,feat_gbm,0.5,44,103,-0.31497742920866917,-0.7652009130347144
v8,feat_gbm,0.5,44,104,-0.25374350608838075,-0.406664655497914
v8,feat_gbm,0.5,44,105,-2.478512174030816,-2.8019031633754246
v8,feat_gbm,0.5,44,106,-1.3442031127336531,-1.1978192780958505
v8,feat_gbm,0.5,44,107,-1.1693334839070209,-1.2497822804421463
v8,feat_gbm,0.5,44,108,-0.0812674918621594,-0.2003702404752673
v8,feat_gbm,0.5,44,109,-0.22126141507124777,-0.28745536208379296
v8,feat_gbm,0.5,44,110,0.4301559895289337,0.2838469771831524
v8,feat_gbm,0.5,44,111,0.48269715795281676,0.6579850926301614
v8,feat_gbm,0.5,44,112,-0.09536533577149604,-0.4279263804064609
v8,feat_gbm,0.5,44,113,0.43328152932899244,0.527327823801956
v8,feat_gbm,0.5,44,114,-3.078921203292429,-3.652947895428966
v8,feat_gbm,0.5,44,115,-0.6204579211954605,-0.04287987221360797
v8,feat_gbm,0.5,44,116,-2.7984480046780305,-3.4409421360670214
v8,feat_gbm,0.5,44,117,-3.008693014656828,-2.4284095097884006
v8,feat_gbm,0.5,44,118,-1.7064777440018855,-1.419217075367618
v8,feat_gbm,0.5,44,119,-1.3938909152640877,-1.4944271796191557
v8,feat_gbm,0.5,44,120,-3.0488875307939094,-2.797137626437216
v8,feat_gbm,0.5,44,121,1.1493503068966706,3.1321125804877905
v8,feat_gbm,0.5,44,122,-2.321973816847668,-3.164895556438051
v8,feat_gbm,0.5,44,123,0.23480179009214586,-0.021234684620174846
v8,feat_gbm,0.5,44,124,-1.5443882518365362,-1.246001114532972
v8,feat_gbm,0.5,44,125,-2.545172207642632,-2.7130193085566443
v8,feat_gbm,0.5,44,126,-1.3790329017741405,-2.0560780011130944
v8,feat_gbm,0.5,44,127,-2.188185848903044,-1.631222331554067
v8,feat_gbm,0.5,44,128,-2.039537696804834,-3.477307725783656
v8,feat_gbm,0.5,44,129,1.0594433591542785,1.7007542891568868
v8,feat_gbm,0.5,44,130,-2.0559251851171467,-3.4021624962570822
v8,feat_gbm,0.5,44,131,-3.5482173111330084,-3.701149444421242
v8,feat_gbm,0.5,44,132,-0.48449146145061206,-0.4116741376471012
v8,feat_gbm,0.5,44,133,-0.7679925354641807,-0.5680375850475197
v8,feat_gbm,0.5,44,134,-2.579433454045392,-1.4788189923590598
v8,feat_gbm,0.5,44,135,-2.608535261206885,-2.9896549957503007
v8,feat_gbm,0.5,44,136,0.3986355102189118,0.11194117436713467
v8,feat_gbm,0.5,44,137,1.1424448354448127,1.7147062893715772
v8,feat_gbm,0.5,44,138,-2.2378165432872765,-1.9709125209383296
v8,feat_gbm,0.5,44,139,-0.40550721965404835,0.19937477723826902
v8,feat_gbm,0.5,44,140,-2.4019989891326685,-2.8223726616431475
v8,feat_gbm,0.5,44,141,-0.3584942599324992,-0.12380828599000025
v8,feat_gbm,0.5,44,142,-2.69719149004193,-2.97521232911642
v8,feat_gbm,0.5,44,143,-1.8904561749892628,-1.9484557479617686
v8,feat_gbm,0.5,44,144,0.3966166462381392,1.244093655886106
v8,feat_gbm,0.5,44,145,-2.141424234002239,-2.0280859266176816
v8,feat_gbm,0.5,44,146,-2.609949703637597,-2.0754073031653366
v8,feat_gbm,0.5,44,147,-0.09626930322589762,-0.11331641159387335
v8,feat_gbm,0.5,44,148,-2.554562718210531,-2.620298039600635
v8,feat_gbm,0.5,44,149,-3.0645600748103594,-3.8395532227602396
v8,feat_gbm,0.5,44,150,-1.2443828875869574,-2.149698272240366
v8,feat_gbm,0.5,44,151,-3.0183989789075936,-3.1594376779318036
v8,feat_gbm,0.5,44,152,-2.3211689406731746,-2.7712141114581046
v8,feat_gbm,0.5,44,153,-1.4448098143410515,-1.1483368403810985
v8,feat_gbm,0.5,44,154,-1.4928019915936088,-1.4700676700115773
v8,feat_gbm,0.5,44,155,0.8617465176424457,1.4088416749712322
v8,feat_gbm,0.5,44,156,0.543525432125404,0.7564704220494097
v8,feat_gbm,0.5,44,157,-1.4979755308545095,-1.7148995557963913
v8,feat_gbm,0.5,44,158,-0.9495610843527008,-2.8595355115547196
v8,feat_gbm,0.5,44,159,-1.2435190784662187,-0.9922400520728849
v8,feat_gbm,0.5,44,160,1.987620869876922,1.8585227307534937
v8,feat_gbm,0.5,44,161,-2.568122405611772,-2.477654537850602
v8,feat_gbm,0.5,44,162,-3.1747557627243363,-2.993764039868935
v8,feat_gbm,0.5,44,163,-0.8193826404214289,-1.1722671160336509
v8,feat_gbm,0.5,44,164,-2.2424036130052434,-1.6577576086204497
v8,feat_gbm,0.5,44,165,-2.1681820733781163,-2.9770186999323642
v8,feat_gbm,0.5,44,166,-3.2088607724639253,-3.2329952824425443
v8,feat_gbm,0.5,44,167,-0.048157212487565056,0.19550508612775644
v8,feat_gbm,0.5,44,168,-1.1128738154249807,-1.2639642813248737
v8,feat_gbm,0.5,44,169,1.2492426218214758,1.4224064134580066
v8,feat_gbm,0.5,44,170,-1.7383325998818961,-1.5303724784706008
v8,feat_gbm,0.5,44,171,0.4431734762744634,0.6086346650572224
v8,feat_gbm,0.5,44,172,-0.043397686156349514,-0.052232489626048526
v8,feat_gbm,0.5,44,173,-0.2743952401741336,-0.19074605880313256
v8,feat_gbm,0.5,44,174,-2.7800011143063887,-2.7678232596734214
v8,feat_gbm,0.5,44,175,-1.910254023831462,-1.6557092188829319
v8,feat_gbm,0.5,44,176,0.2908842083603952,0.12081831439914445
v8,feat_gbm,0.5,44,177,0.6252445361555987,3.7031714993021168
v8,feat_gbm,0.5,44,178,0.03668782309908234,-0.17761292562564054
v8,feat_gbm,0.5,44,179,-0.07231813613051662,0.2295122735959306
v8,feat_gbm,0.5,44,180,-1.2228749121789204,-1.6401012725318311
v8,feat_gbm,0.5,44,181,-2.608100296849726,-3.399461101549646
v8,feat_gbm,0.5,44,182,0.6225537142874241,0.5421608664871393
v8,feat_gbm,0.5,44,183,-3.055789034950723,-3.7858185839721776
v8,feat_gbm,0.5,44,184,0.42861259069873275,0.4440956773301304
v8,feat_gbm,0.5,44,185,0.1275686771097062,0.5450962365111649
v8,feat_gbm,0.5,44,186,-2.8492123682443222,-3.094441269353033
v8,feat_gbm,0.5,44,187,1.0785128837336349,1.436275522654785
v8,feat_gbm,0.5,44,188,0.08696052841877026,-0.003208414280501246
v8,feat_gbm,0.5,44,189,-2.145355557671429,-2.0766448721687736
v8,feat_gbm,0.5,44,190,-3.10567581290007,-2.887011097372245
v8,feat_gbm,0.5,44,191,-0.0637321583193161,-0.19564387773269687
v8,feat_gbm,0.5,44,192,-2.2060818677358554,-3.39219136175158
v8,feat_gbm,0.5,44,193,-3.7784917441522077,-4.804455114758695
v8,feat_gbm,0.5,44,194,-0.34304667367019165,-0.23230879418151415
v8,feat_gbm,0.5,44,195,0.9525110298232887,0.7768952289284052
v8,feat_gbm,0.5,44,196,-3.0615867885224692,-3.0758975731441707
v8,feat_gbm,0.5,44,197,1.9025298139414435,1.8852948766094535
v8,feat_gbm,0.5,44,198,-0.10106326182799284,-0.07474663349946693
v8,feat_gbm,0.5,44,199,1.7837250835641474,0.9295509098669842
v8,feat_gbm,0.5,44,200,0.13543510274681977,0.40408761039079466
v8,feat_gbm,0.5,44,201,-1.4912165501022772,-1.0185563947000995
v8,feat_gbm,0.5,44,202,-1.6550651947199266,-1.5812541435625456
v8,feat_gbm,0.5,44,203,-2.5194598002118225,-2.9269603411540346
v8,feat_gbm,0.5,44,204,-0.41958109385178055,-0.9368237022381455
v8,feat_gbm,0.5,44,205,-0.7926144424907747,-0.771906247259438
v8,feat_gbm,0.5,44,206,-1.2889408029671607,-1.4457766532498904
v8,feat_gbm,0.5,44,207,-2.603300409088377,-2.4752738768021185
v8,feat_gbm,0.5,44,208,-3.2226490251106643,-2.8789590131308262
v8,feat_gbm,0.5,44,209,-2.9786548101087917,-2.6986856152036793
v8,feat_gbm,0.5,44,210,-0.3055375943974533,0.05837096406180189
v8,feat_gbm,0.5,44,211,-1.818547390381952,-2.2327070274631113
v8,feat_gbm,0.5,44,212,-0.0020467382532056624,0.15758807445032513
v8,feat_gbm,0.5,44,213,0.775364503748183,0.5234750924970406
v8,feat_gbm,0.5,44,214,0.615341423397537,0.8312555987922697
v8,feat_gbm,0.5,44,215,-1.3803954081957817,-0.7699972654610447
v8,feat_gbm,0.5,44,216,-2.1262314751381566,-2.4368834827463726
v8,feat_gbm,0.5,44,217,-3.540587028503133,-3.7421886443248944
v8,feat_gbm,0.5,44,218,-3.1869774938114603,-4.3753265313120195
v8,feat_gbm,0.5,44,219,0.28113147012899903,0.13181597567614448
v8,feat_gbm,0.5,44,220,-2.3959743164728757,-2.150299196146146
v8,feat_gbm,0.5,44,221,0.2578990201386777,0.4316281043505307
v8,feat_gbm,0.5,44,222,0.7362047632423668,0.20581216265343685
v8,feat_gbm,0.5,44,223,-1.1426193278649277,-1.7226779576420432
v8,feat_gbm,0.5,44,224,0.9604695595034093,1.0701061526100661
v8,feat_gbm,0.5,44,225,-3.4031861658389637,-2.995983076644188
v8,feat_gbm,0.5,44,226,-0.12993840032806175,-0.39103048890459524
v8,feat_gbm,0.5,44,227,-1.9025243555642255,-2.811377433191803
v8,feat_gbm,0.5,44,228,-0.021216335644876648,0.1103569248772952
v8,feat_gbm,0.5,44,229,0.8333810315325697,1.0926797996732165
v8,feat_gbm,0.5,44,230,-1.7623832387971123,-1.1465469989616057
v8,feat_gbm,0.5,44,231,-3.5250720645781586,-3.7045714701961474
v8,feat_gbm,0.5,44,232,-0.178636567664295,-0.3205795311611984
v8,feat_gbm,0.5,44,233,-0.3828748283617626,-0.7282288274356463
v8,feat_gbm,0.5,44,234,0.02977318678049995,-0.6143938277881194
v8,feat_gbm,0.5,44,235,-3.8551026999192435,-3.717493513170671
v8,feat_gbm,0.5,44,236,-1.7372074497413792,-1.894186438607053
v8,feat_gbm,0.5,44,237,0.3314017949563523,0.19101892391720615
v8,feat_gbm,0.5,44,238,-2.466373698622733,-2.723653519266766
v8,feat_gbm,0.5,44,239,0.10183462824365677,0.28172679866345784
v8,feat_gbm,0.5,44,240,-0.7214267143564227,-0.570916259780521
v8,feat_gbm,0.5,44,241,-1.618758760054222,-3.037607674189957
v8,feat_gbm,0.5,44,242,-2.7656626933416546,-2.4824067099880884
v8,feat_gbm,0.5,44,243,0.7690405889524438,1.793244191067856
v8,feat_gbm,0.5,44,244,-2.785775544126583,-2.170563194223024
v8,feat_gbm,0.5,44,245,-3.1363337827955964,-2.5580286375581696
v8,feat_gbm,0.5,44,246,-2.6925879556007986,-3.9013363177662743
v8,feat_gbm,0.5,44,247,-1.0300356745791865,-1.2689211715035387
v8,feat_gbm,0.5,44,248,-2.8161801941671665,-2.89795980370705
v8,feat_gbm,0.5,44,249,-1.1016316372847696,-1.149470325468549
v8,feat_gbm,0.5,44,250,-2.124318794277966,-2.1803876537888693
v8,feat_gbm,0.5,44,251,-1.666971950881524,-1.2010659028736028
v8,feat_gbm,0.5,44,252,-2.555901567380421,-2.675840590612525
v8,feat_gbm,0.5,44,253,-0.8505473377346914,-0.865421424414132
v8,feat_gbm,0.5,44,254,-0.9630219770449083,-0.45089388998719687
v8,feat_gbm,0.5,44,255,-1.3494520870660864,-1.477655138121315
v8,feat_gbm,0.5,44,256,-1.985320862526753,-1.9234128661936198
v8,feat_gbm,0.5,44,257,-1.5858772024676202,-0.8895479413744646
v8,feat_gbm,0.5,44,258,-1.4057171944453344,-1.284701881398344
v8,feat_gbm,0.5,44,259,0.07855356143701388,0.03791276039075724
v8,feat_gbm,0.5,44,260,-1.8012801479472498,-1.213907680807544
v8,feat_gbm,0.5,44,261,-0.07643711158601044,-0.6937064881158975
v8,feat_gbm,0.5,44,262,-2.83867951857474,-2.500344974429108
v8,feat_gbm,0.5,44,263,-3.1860455979881634,-3.0782877743164985
v8,feat_gbm,0.5,44,264,-3.4407713882364432,-3.2702790535172426
v8,feat_gbm,0.5,44,265,-0.38440532829117197,-0.15746453031192983
v8,feat_gbm,0.5,44,266,-2.2419929975044894,-1.3930653126164372
v8,feat_gbm,0.5,44,267,-3.293447848667665,-3.460520174484755
v8,feat_gbm,0.5,44,268,-1.9545687906827471,-1.8115923421665279
v8,feat_gbm,0.5,44,269,0.2933641018364702,-0.04785951915829837
v8,feat_gbm,0.5,44,270,-1.2469171592469674,-1.3387838926701625
v8,feat_gbm,0.5,44,271,0.5923782075124014,0.6172482925771328
v8,feat_gbm,0.5,44,272,-0.15464553699755726,0.10718580269537517
v8,feat_gbm,0.5,44,273,-2.3973566734621525,-2.4250613993713395
v8,feat_gbm,0.5,44,274,-0.19226183810841807,-0.4656136934058211
v8,feat_gbm,0.5,44,275,-2.4881286340864754,-1.7679071058666047
v8,feat_gbm,0.5,44,276,-0.34854550038448306,-0.15192249005847586
v8,feat_gbm,0.5,44,277,-0.2852249413380057,-0.22686658439221394
v8,feat_gbm,0.5,44,278,-0.5187824360438936,-0.3963273628232521
v8,feat_gbm,0.5,44,279,-2.22470273993147,-2.1916982233579314
v8,feat_gbm,0.5,44,280,0.45902347894772727,0.5138857123822332
v8,feat_gbm,0.5,44,281,0.3036449463616054,0.13501120436460418
v8,feat_gbm,0.5,44,282,-0.04281569064295346,-0.35232291748203215
v8,feat_gbm,0.5,44,283,0.2751358421848563,0.33710059568630363
v8,feat_gbm,0.5,44,284,2.089342069833656,2.2269494594330284
v8,feat_gbm,0.5,44,285,-0.8070020589954582,-0.8523290277873723
v8,feat_gbm,0.5,44,286,0.20966787146386304,0.5032694866056324
v8,feat_gbm,0.5,44,287,-2.8617290098958317,-3.0734310124071125
v8,feat_gbm,0.5,44,288,-2.6464718579644466,-3.0969464995649485
v8,feat_gbm,0.5,44,289,0.5909199721329431,0.8088909840914691
v8,feat_gbm,0.5,44,290,-1.5434663220224614,-1.710735902712342
v8,feat_gbm,0.5,44,291,0.19158345134287785,-0.24588513525180683
v8,feat_gbm,0.5,44,292,-3.0790977558362957,-2.9910915714149957
v8,feat_gbm,0.5,44,293,-0.11227221055731064,0.24397961438558982
v8,feat_gbm,0.5,44,294,0.8853285333533624,0.9827222917401395
v8,feat_gbm,0.5,44,295,0.7617785467064375,1.5399914318848642
v8,feat_gbm,0.5,44,296,-2.5652663742284414,-3.028104854063688
v8,feat_gbm,0.5,44,297,-1.6494544824664754,-1.9675880903276046
v8,feat_gbm,0.5,44,298,0.496052769848128,0.3882116190950413
v8,feat_gbm,0.5,44,299,-0.5174315368741034,-0.4169590587595381
v8,feat_gbm,0.5,44,300,-0.46796209612685685,-0.47104701624968015
v8,feat_gbm,0.5,44,301,-0.522441385182216,-0.5788171023402015
v8,feat_gbm,0.5,44,302,-2.959637235894382,-3.325334912618423
v8,feat_gbm,0.5,44,303,-0.3859573155853405,0.27214776974989446
v8,feat_gbm,0.5,44,304,0.06915624201250734,0.2838761456734127
v8,feat_gbm,0.5,44,305,1.0462143744476702,0.98356576927226
v8,feat_gbm,0.5,44,306,-1.9847363734627168,-2.324804251846344
v8,feat_gbm,0.5,44,307,-0.1702831079396169,-0.30060412365222405
v8,feat_gbm,0.5,44,308,-3.085428821896828,-3.5706943269006843
v8,feat_gbm,0.5,44,309,0.5903167762491631,0.7657986236992217
v8,feat_gbm,0.5,44,310,-0.2901678520481619,-0.3760212383278314
v8,feat_gbm,0.5,44,311,0.932751208758488,0.903367601886353
v8,feat_gbm,0.5,44,312,0.36399936642697434,0.2834145554969618
v8,feat_gbm,0.5,44,313,-0.5364471401953691,-0.8750381269167363
v8,feat_gbm,0.5,44,314,-0.571376031374463,-0.8911054934067958
v8,feat_gbm,0.5,44,315,0.5256541106044127,0.2699623908229132
v8,feat_gbm,0.5,44,316,-3.085108914008252,-4.034449774534175
v8,feat_gbm,0.5,44,317,0.45815822305460296,0.7302045063515665
v8,feat_gbm,0.5,44,318,-2.754009243248044,-2.5264159394565007
v8,feat_gbm,0.5,44,319,-3.621271309104294,-3.1280680478747835
v8,feat_gbm,0.5,44,320,0.2855080753497373,-0.623194388118803
v8,feat_gbm,0.5,44,321,-3.761949668607619,-4.172922463867305
v8,feat_gbm,0.5,44,322,1.1506131356677745,1.0714029341973417
v8,feat_gbm,0.5,44,323,-2.932530342417875,-2.5538050374755565
v8,feat_gbm,0.5,44,324,-1.4089815645384007,-1.5310020975326282
v8,feat_gbm,0.5,44,325,-0.6687593897128207,-0.735749980772127
v8,feat_gbm,0.5,44,326,-0.5888411416684513,-0.5010306012352705
v8,feat_gbm,0.5,44,327,-3.995733048822725,-4.393123087746285
v8,feat_gbm,0.5,44,328,-0.26294801599329115,0.6439364857563509
v8,feat_gbm,0.5,44,329,-2.5979758021352337,-2.60760252445046
v8,feat_gbm,0.5,44,330,0.7319744777006737,0.46983427811083467
v8,feat_gbm,0.5,44,331,-1.7023739950192613,-1.149354435920189
v8,feat_gbm,0.5,44,332,-1.7813573260402933,-1.0961264399974935
v8,feat_gbm,0.5,44,333,1.0755659896048173,1.4253561556633074
v8,feat_gbm,0.5,44,334,1.0394350199444267,1.0406546288822482
v8,feat_gbm,0.5,44,335,-0.2787540650882837,-0.1286217558512718
v8,feat_gbm,0.5,44,336,-1.6223018193652938,-1.7275974260064488
v8,feat_gbm,0.5,44,337,-3.773441968319409,-4.535227665039715
v8,feat_gbm,0.5,44,338,-0.32396764481168067,-1.078833843619319
v8,feat_gbm,0.5,44,339,-2.9883806867153324,-2.035297396751524
v8,feat_gbm,0.5,44,340,0.5247324022702564,0.4788286932125707
v8,feat_gbm,0.5,44,341,-1.5903229679917865,-0.4595082096564039
v8,feat_gbm,0.5,44,342,-3.250058610409696,-3.653430804591794
v8,feat_gbm,0.5,44,343,0.03524077558396844,0.2834522663037432
v8,feat_gbm,0.5,44,344,0.05264523912840785,-0.15984972455285287
v8,feat_gbm,0.5,44,345,-2.584037583908019,-3.8822970119574354
v8,feat_gbm,0.5,44,346,-2.63526981257647,-2.5801989990218064
v8,feat_gbm,0.5,44,347,-3.3606512818370926,-3.2622630695286134
v8,feat_gbm,0.5,44,348,-0.3116080456680381,-0.4894561152880944
v8,feat_gbm,0.5,44,349,-2.698475029657413,-3.0223552414624764
v8,feat_gbm,0.5,44,350,0.6670627412146258,0.4215072765335228
v8,feat_gbm,0.5,44,351,-1.80395869714517,-1.8152752103400673
v8,feat_gbm,0.5,44,352,1.0082636737910844,1.102263670511441
v8,feat_gbm,0.5,44,353,0.8807778066435397,1.4454852001466738
v8,feat_gbm,0.5,44,354,-3.3472068731695077,-3.6770060333191017
v8,feat_gbm,0.5,44,355,-2.9786437225664035,-5.078652858832153
v8,feat_gbm,0.5,44,356,0.42877094205470967,0.7815322159665122
v8,feat_gbm,0.5,44,357,0.42563132076400695,0.6775133790495483
v8,feat_gbm,0.5,44,358,-2.947952806597908,-3.5163570325540956
v8,feat_gbm,0.5,44,359,-1.127547219820334,-4.157760523739404
v8,feat_gbm,0.5,44,360,-0.6966047749421691,-0.18386357284099003
v8,feat_gbm,0.5,44,361,-3.144255543419084,-4.477383009144865
v8,feat_gbm,0.5,44,362,0.14376438037415265,0.2909126951240761
v8,feat_gbm,0.5,44,363,-3.26269842531288,-3.5121531596302606
v8,feat_gbm,0.5,44,364,-0.5053525930163616,-0.0019354464452207268
v8,feat_gbm,0.5,44,365,-3.162563606321218,-3.264666087597375
v8,feat_gbm,0.5,44,366,-2.404363148573795,-1.4961090632143375
v8,feat_gbm,0.5,44,367,-0.0012456453622190081,-0.10305907560987346
v8,feat_gbm,0.5,44,368,0.1896010754132432,0.24601275195113992
v8,feat_gbm,0.5,44,369,-1.2886130491642287,-1.6400355118163064
v8,feat_gbm,0.5,44,370,-1.9545001715925618,-1.5399226532969161
v8,feat_gbm,0.5,44,371,-0.6638753440634583,-0.3336387161155974
v8,feat_gbm,0.5,44,372,0.19600791968897596,0.3185760540422761
v8,feat_gbm,0.5,44,373,-0.31247411516145795,-0.30756424411789
v8,feat_gbm,0.5,44,374,-3.5038131704514353,-3.551435429619069
v8,feat_gbm,0.5,44,375,0.1343776466920064,-0.12846918127015178
v8,feat_gbm,0.5,44,376,0.5591644307673104,0.43413099611324796
v8,feat_gbm,0.5,44,377,0.567134907929105,0.8095384731463161
v8,feat_gbm,0.5,44,378,0.02310984524701096,0.20303525329731625
v8,feat_gbm,0.5,44,379,0.35600093293497087,0.524784145223057
v8,feat_gbm,0.5,44,380,0.4404690629775627,0.8722609808312535
v8,feat_gbm,0.5,44,381,0.38779866902369375,1.0190202163897197
v8,feat_gbm,0.5,44,382,0.5576194382058065,1.2715191268303472
v8,feat_gbm,0.5,44,383,-0.12999589412050416,-0.13923746667536385
v8,feat_gbm,0.5,44,384,-0.44262799065418257,-1.7983983483294153
v8,feat_gbm,0.5,44,385,0.46841760300115204,0.5606037150840157
v8,feat_gbm,0.5,44,386,0.6407871608880176,0.6003456151224621
v8,feat_gbm,0.5,44,387,0.9858589910987589,1.3071718981356573
v8,feat_gbm,0.5,44,388,-0.11435432209169778,-0.19457283568776126
v8,feat_gbm,0.5,44,389,-1.4095744445458465,-0.981880356960367
v8,feat_gbm,0.5,44,390,-2.597764246648576,-2.628024059072158
v8,feat_gbm,0.5,44,391,-2.259897087959162,-2.479262758098376
v8,feat_gbm,0.5,44,392,-2.1993626198124225,-2.207941629114672
v8,feat_gbm,0.5,44,393,-2.3112247589959556,-2.806586620215901
v8,feat_gbm,0.5,44,394,-0.5462910343839472,-0.16842623590390868
v8,feat_gbm,0.5,44,395,0.26355448394353487,0.3596423409999632
v8,feat_gbm,0.5,44,396,-3.1522403653686752,-3.117667066362407
v8,feat_gbm,0.5,44,397,0.8379572876193196,0.6134086288650079
v8,feat_gbm,0.5,44,398,0.4173819963912973,0.5049020087080688
v8,feat_gbm,0.5,44,399,-0.6698347572590352,-1.0548605918119196
v8,feat_gbm,0.5,44,400,-3.357117560968207,-2.877676775828332
v8,feat_gbm,0.5,44,401,0.3112373577088531,0.015654415635624343
v8,feat_gbm,0.5,44,402,-0.6263941055227548,-0.7027824676465185
v8,feat_gbm,0.5,44,403,0.39962230332085624,0.6733427913489138
v8,feat_gbm,0.5,44,404,0.21115651064346436,0.03259550049258387
v8,feat_gbm,0.5,44,405,-3.0960246757248817,-3.4179416205706223
v8,feat_gbm,0.5,44,406,-2.197089758048038,-1.6563158072976616
v8,feat_gbm,0.5,44,407,0.47131111988359975,0.3281041495218151
v8,feat_gbm,0.5,44,408,-1.0502843938205637,-1.498502430121411
v8,feat_gbm,0.5,44,409,-0.9659842938281308,-1.5390850133499359
v8,feat_gbm,0.5,44,410,-1.9469920261093063,-3.8769914364338094
v8,feat_gbm,0.5,44,411,-1.0376111930223275,-1.1093409530974205
v8,feat_gbm,0.5,44,412,-2.5013551282651862,-2.1356441225652167
v8,feat_gbm,0.5,44,413,0.43318025881089234,0.5613925387002681
v8,feat_gbm,0.5,44,414,-2.5238902979181943,-2.672303525149137
v8,feat_gbm,0.5,44,415,0.905729889042334,0.9887747910888531
v8,feat_gbm,0.5,44,416,-2.9100149852874466,-2.064740642123073
v8,feat_gbm,0.5,44,417,-0.7211079842740954,-0.13534283366780814
v8,feat_gbm,0.5,44,418,0.008705888260170654,0.5266566940316069
v8,feat_gbm,0.5,44,419,-0.6982656890447109,-0.7929716308762645
v8,feat_gbm,0.5,44,420,0.07907790012301738,0.22081989653443584
v8,feat_gbm,0.5,44,421,-3.6221073716699435,-3.4911396429773087
v8,feat_gbm,0.5,44,422,-0.11853447867871723,0.4691563032653497
v8,feat_gbm,0.5,44,423,-0.11658887883168877,-0.21242164749251408
v8,feat_gbm,0.5,44,424,-3.408988434532825,-2.0235730224261497
v8,feat_gbm,0.5,44,425,-0.4164245487141506,0.1881042769243711
v8,feat_gbm,0.5,44,426,-0.8884785142492925,-0.7546830882020855
v8,feat_gbm,0.5,44,427,-1.2383612269501634,-2.004418163271322
v8,feat_gbm,0.5,44,428,0.011924121813125462,0.08108350485015015
v8,feat_gbm,0.5,44,429,-1.5301991448828747,-0.8958783842144782
v8,feat_gbm,0.5,44,430,-0.8493884471712286,-0.700178367515834
v8,feat_gbm,0.5,44,431,-2.0388973013227405,-2.026447754843476
v8,feat_gbm,0.5,44,432,-3.3591906721222506,-3.3644112924118934
v8,feat_gbm,0.5,44,433,-2.8843531238148863,-2.4777804975332844
v8,feat_gbm,0.5,44,434,-3.4650752656619495,-3.6407879329147783
v8,feat_gbm,0.5,44,435,0.22617764927448059,0.8140524350977956
v8,feat_gbm,0.5,44,436,-0.6068838108144451,-0.6342245759550225
v8,feat_gbm,0.5,44,437,-1.2747275214140434,-1.0170271575608654
v8,feat_gbm,0.5,44,438,0.40950940622257975,1.2058566336630974
v8,feat_gbm,0.5,44,439,0.7512966328425942,1.04159183954478
v8,feat_gbm,0.5,44,440,-0.3627724873860071,-0.383754051292973
v8,feat_gbm,0.5,44,441,1.233193910353888,0.9717849563735496
v8,feat_gbm,0.5,44,442,0.7282185648630842,0.915394257773604
v8,feat_gbm,0.5,44,443,-0.08878843139906765,0.17619398118278368
v8,feat_gbm,0.5,44,444,-2.829189612169654,-2.3026142847949007
v8,feat_gbm,0.5,44,445,-0.49072178904957375,-2.156995715227189
v8,feat_gbm,0.5,44,446,-2.1198047834624747,-1.9647154613855007
v8,feat_gbm,0.5,44,447,-1.2238019563295006,-1.2167428909736953
v8,feat_gbm,0.5,44,448,-0.6884403333226459,0.371748058948411
v8,feat_gbm,0.5,44,449,-2.856434468456929,-3.354914600670279
v8,feat_gbm,0.5,44,450,-1.6215929480804097,-2.0984010901330774
v8,feat_gbm,0.5,44,451,-1.5826206674618792,-1.8411195968283314
v8,feat_gbm,0.5,44,452,-0.10566969848621884,-0.2866386615093297
v8,feat_gbm,0.5,44,453,-2.2926417022693326,-2.1769502099219324
v8,feat_gbm,0.5,44,454,0.21835020252202586,0.851829112076475
v8,feat_gbm,0.5,44,455,0.0006587350015247369,-0.5174982843777256
v8,feat_gbm,0.5,44,456,-2.782582173604105,-3.7883351795095335
v8,feat_gbm,0.5,44,457,-2.014410016519985,-1.3225504843777425
v8,feat_gbm,0.5,44,458,-0.4996551047284715,-0.6304710111145473
v8,feat_gbm,0.5,44,459,-2.0753412005902647,-2.867776928577639
v8,feat_gbm,0.5,44,460,-0.04125280667514806,-0.20106453453544149
v8,feat_gbm,0.5,44,461,0.7761851225329971,0.565413433251147
v8,feat_gbm,0.5,44,462,0.365373927027711,0.6531860801292728
v8,feat_gbm,0.5,44,463,-3.162549657235301,-3.295531334571209
v8,feat_gbm,0.5,44,464,-0.9200266739537223,-1.118951529136503
v8,feat_gbm,0.5,44,465,0.011924121813125462,0.08535922256033004
v8,feat_gbm,0.5,44,466,-0.45645068184664234,0.2656879386171551
v8,feat_gbm,0.5,44,467,-1.1565750098421292,-1.0764680911985907
v8,feat_gbm,0.5,44,468,1.8733314343261966,2.2503813782282114
v8,feat_gbm,0.5,44,469,-0.23727718660041916,-0.029700274932011248
v8,feat_gbm,0.5,44,470,-2.3773307156131946,-2.1918010579584375
v8,feat_gbm,0.5,44,471,0.20524713978694215,-0.12537364897776127
v8,feat_gbm,0.5,44,472,-1.3669045666931554,-1.3714574409892777
v8,feat_gbm,0.5,44,473,-0.864900177909212,-1.0216450817816245
v8,feat_gbm,0.5,44,474,-0.7630809286385422,-0.8313233833759152
v8,feat_gbm,0.5,44,475,-2.9043814873097746,-3.25243582884057
v8,feat_gbm,0.5,44,476,0.6220843077703578,0.8737365575305754
v8,feat_gbm,0.5,44,477,-2.362797856336044,-1.8373017486027088
v8,feat_gbm,0.5,44,478,-1.9775698701577116,-1.909749317133085
v8,feat_gbm,0.5,44,479,0.30629301099302053,0.418341725137149
v8,feat_gbm,0.5,44,480,-2.5186282643640303,-2.8689304810445995
v8,feat_gbm,0.5,44,481,-3.1997042009001473,-3.9192950012633494
v8,feat_gbm,0.5,44,482,0.372907773342301,0.8191907452202399
v8,feat_gbm,0.5,44,483,-2.4043506894470537,-2.7371748494528005
v8,feat_gbm,0.5,44,484,-0.05810602761715193,0.043868991079412875
v8,feat_gbm,0.5,44,485,-2.4445887456886704,-3.9571024828402512
v8,feat_gbm,0.5,44,486,-1.0443607329467155,-0.8286091055291892
v8,feat_gbm,0.5,44,487,0.8640737328112785,1.1086460137612473
v8,feat_gbm,0.5,44,488,-0.49288613106268125,-1.0899995989348372
v8,feat_gbm,0.5,44,489,-2.8171093301714856,-2.9260181182274523
v8,feat_gbm,0.5,44,490,-0.05757804795772782,0.01778898425240747
v8,feat_gbm,0.5,44,491,-0.3057003399455054,-0.388546054063584
v8,feat_gbm,0.5,44,492,-0.9534096904836897,-0.8483910406321095
v8,feat_gbm,0.5,44,493,-2.4444431113981437,-2.4855190663855797
v8,feat_gbm,0.5,44,494,-0.5015267530349046,-0.6027729178489412
v8,feat_gbm,0.5,44,495,-2.433343318735761,-1.5285925057254015
v8,feat_gbm,0.5,44,496,0.6965403194535433,1.0092174422839322
v8,feat_gbm,0.5,44,497,-2.7488854287591957,-2.421052301727873
v8,feat_gbm,0.5,44,498,-3.415358005825275,-3.2283141264699093
v8,feat_gbm,0.5,44,499,-3.5951556033867975,-4.907212199848568
v8,feat_gbm,0.5,45,0,-0.28363761205823373,0.03894909458183669
v8,feat_gbm,0.5,45,1,-2.1406504070087906,-2.5052564746229193
v8,feat_gbm,0.5,45,2,0.5843076430404056,0.6287827851917782
v8,feat_gbm,0.5,45,3,-3.084068901787358,-3.3447289283878643
v8,feat_gbm,0.5,45,4,0.8292089420332903,0.9694015026406426
v8,feat_gbm,0.5,45,5,-1.7981587617835302,-2.4693709778233526
v8,feat_gbm,0.5,45,6,-0.09222197385582764,-0.2819211013310965
v8,feat_gbm,0.5,45,7,0.7520008340785804,0.5289578846490461
v8,feat_gbm,0.5,45,8,0.3898558279231344,0.032863622186365654
v8,feat_gbm,0.5,45,9,1.0812105733812734,0.9352707853930591
v8,feat_gbm,0.5,45,10,-1.9652526564624244,-1.5987558134683666
v8,feat_gbm,0.5,45,11,-3.1228447700246074,-3.2678706438993954
v8,feat_gbm,0.5,45,12,-2.511780212496779,-2.445380546146449
v8,feat_gbm,0.5,45,13,-0.1742506751111808,-0.4471217519653716
v8,feat_gbm,0.5,45,14,-1.8870923805266595,-1.8343062920535937
v8,feat_gbm,0.5,45,15,-2.077070982583533,-2.278287047942225
v8,feat_gbm,0.5,45,16,-1.072284084362673,-1.113015507562239
v8,feat_gbm,0.5,45,17,-1.4078633055340357,-1.149386040828735
v8,feat_gbm,0.5,45,18,-0.24671719059041283,-0.4541092694382234
v8,feat_gbm,0.5,45,19,-2.4889157452363047,-2.8798658660471284
v8,feat_gbm,0.5,45,20,-3.1001810652146498,-3.281006200299989
v8,feat_gbm,0.5,45,21,-0.9624610504842405,-0.7889402030111288
v8,feat_gbm,0.5,45,22,-0.3538699951903729,-0.48114593055133975
v8,feat_gbm,0.5,45,23,-3.222054914102789,-2.8038114998165153
v8,feat_gbm,0.5,45,24,-2.829283931057364,-2.6726430450531393
v8,feat_gbm,0.5,45,25,-3.355780144155787,-3.141178249464176
v8,feat_gbm,0.5,45,26,-3.3082377512927583,-3.8612362310489847
v8,feat_gbm,0.5,45,27,-2.88470425723931,-3.085821277369337
v8,feat_gbm,0.5,45,28,-2.9452560733339914,-2.1153791712035637
v8,feat_gbm,0.5,45,29,-0.517012660088229,-0.5854112868629942
v8,feat_gbm,0.5,45,30,-0.14885437448016375,0.13849791927417068
v8,feat_gbm,0.5,45,31,-2.8102113944795017,-2.779654184179668
v8,feat_gbm,0.5,45,32,1.3403675626243847,0.9166392391011026
v8,feat_gbm,0.5,45,33,-2.358162496816369,-2.134444297962007
v8,feat_gbm,0.5,45,34,1.089240345191323,1.1224191581864646
v8,feat_gbm,0.5,45,35,-3.1534162122532337,-2.7514680837461087
v8,feat_gbm,0.5,45,36,0.5258253009381798,0.7493710802437775
v8,feat_gbm,0.5,45,37,-1.9741264132929917,-2.157600461660938
v8,feat_gbm,0.5,45,38,-1.4482475941120891,-1.7436371170468024
v8,feat_gbm,0.5,45,39,0.4824016740062393,0.632388610685479
v8,feat_gbm,0.5,45,40,-2.128072890606299,-1.5024753827969588
v8,feat_gbm,0.5,45,41,-2.419065132101524,-2.936018587066778
v8,feat_gbm,0.5,45,42,-0.30262541612259536,-0.06406961406287034
v8,feat_gbm,0.5,45,43,-0.43695191071873124,-0.43711075337934485
v8,feat_gbm,0.5,45,44,0.774001715731519,0.521724778538647
v8,feat_gbm,0.5,45,45,0.5546521998510258,-0.02881562555915001
v8,feat_gbm,0.5,45,46,-2.689836014802971,-2.6856700943784895
v8,feat_gbm,0.5,45,47,-3.013981130044426,-3.3419513202228783
v8,feat_gbm,0.5,45,48,-0.2992540022280611,-0.35240032436669677
v8,feat_gbm,0.5,45,49,-3.568691784579644,-4.466027560457086
v8,feat_gbm,0.5,45,50,-0.8806887216539553,-1.2227887404747313
v8,feat_gbm,0.5,45,51,-3.68556561501596,-4.168130875201601
v8,feat_gbm,0.5,45,52,-1.7243839369150866,-2.1825653069440887
v8,feat_gbm,0.5,45,53,-3.06635829756576,-2.816977102698189
v8,feat_gbm,0.5,45,54,-0.5548588805208584,-0.9520374156321785
v8,feat_gbm,0.5,45,55,0.5271060236019464,0.800460094219776
v8,feat_gbm,0.5,45,56,0.4122590342707095,0.2782562560211116
v8,feat_gbm,0.5,45,57,-0.18247435808578136,-0.7855200046266205
v8,feat_gbm,0.5,45,58,-3.0114113862184038,-2.837973637743256
v8,feat_gbm,0.5,45,59,-0.24801133291210817,0.3653424354755994
v8,feat_gbm,0.5,45,60,-2.031340718984615,-3.145987746693799
v8,feat_gbm,0.5,45,61,-2.974246202213359,-2.1381844357326614
v8,feat_gbm,0.5,45,62,0.4874946813123831,0.3908315550690521
v8,feat_gbm,0.5,45,63,-2.972643976820617,-3.259739876316779
v8,feat_gbm,0.5,45,64,-2.8173487638307817,-3.799325775609258
v8,feat_gbm,0.5,45,65,0.5451605891984316,0.2842997557356093
v8,feat_gbm,0.5,45,66,0.7239873270135884,0.9099380077885143
v8,feat_gbm,0.5,45,67,0.22555392007064598,0.5741223235018287
v8,feat_gbm,0.5,45,68,1.2719703897189183,1.3807263582335993
v8,feat_gbm,0.5,45,69,0.24149753891937073,2.7357387204405055
v8,feat_gbm,0.5,45,70,0.011152923414010769,-0.3782017485149665
v8,feat_gbm,0.5,45,71,-0.5676274023570731,-0.6946521973220513
v8,feat_gbm,0.5,45,72,-3.128974313753715,-3.510295151868067
v8,feat_gbm,0.5,45,73,-0.4261448887475818,-0.3643686170400702
v8,feat_gbm,0.5,45,74,1.4617789459500827,1.1835884152793859
v8,feat_gbm,0.5,45,75,0.1308309867177168,-0.38644824542838596
v8,feat_gbm,0.5,45,76,0.47274385931310686,0.7005004452467647
v8,feat_gbm,0.5,45,77,0.2539539488020091,0.3770911051312199
v8,feat_gbm,0.5,45,78,-0.3069474785155461,-0.5374783823521183
v8,feat_gbm,0.5,45,79,-2.842211531645193,-3.2499450611549854
v8,feat_gbm,0.5,45,80,-1.5482220618425606,-1.719925172279684
v8,feat_gbm,0.5,45,81,0.8394245201992568,1.8185710395242058
v8,feat_gbm,0.5,45,82,-1.1300869104083597,-1.0758778979961314
v8,feat_gbm,0.5,45,83,-0.3595859955143646,-0.8033140510569362
v8,feat_gbm,0.5,45,84,-2.0933671221890515,-2.0837035815006346
v8,feat_gbm,0.5,45,85,-2.510056566975588,-1.2430797823904942
v8,feat_gbm,0.5,45,86,0.717512284020144,0.639317965424242
v8,feat_gbm,0.5,45,87,0.106388408625473,-0.02321591952008587
v8,feat_gbm,0.5,45,88,-2.5516826859561608,-3.512086916650174
v8,feat_gbm,0.5,45,89,-1.730550463599507,-1.684363733317816
v8,feat_gbm,0.5,45,90,-3.1436608957805054,-3.5341996208099964
v8,feat_gbm,0.5,45,91,0.5688296011773647,1.1574629997660548
v8,feat_gbm,0.5,45,92,-1.0245997379012006,-0.7651863719989663
v8,feat_gbm,0.5,45,93,-2.8907452864451795,-5.7708125015304885
v8,feat_gbm,0.5,45,94,0.18082540851617449,0.07374698385127064
v8,feat_gbm,0.5,45,95,0.28144785314071324,1.201566413592891
v8,feat_gbm,0.5,45,96,1.5914397474326591,1.2655480006709303
v8,feat_gbm,0.5,45,97,-3.1140243475610228,-3.2217777708537843
v8,feat_gbm,0.5,45,98,-1.275051163615433,-1.2120387208328698
v8,feat_gbm,0.5,45,99,-0.49133715910173775,-0.04015373686183237
v8,feat_gbm,0.5,45,100,-2.863830361803787,-2.8384481914339785
v8,feat_gbm,0.5,45,101,-3.2673316292691412,-3.541068619782685
v8,feat_gbm,0.5,45,102,-3.3959271513090217,-4.424727465058162
v8,feat_gbm,0.5,45,103,-0.5420192546725997,-0.7652009130347144
v8,feat_gbm,0.5,45,104,-0.2060291355187562,-0.406664655497914
v8,feat_gbm,0.5,45,105,-2.502852517722018,-2.8019031633754246
v8,feat_gbm,0.5,45,106,-1.1313630338901943,-1.1978192780958505
v8,feat_gbm,0.5,45,107,-1.1259143124795308,-1.2497822804421463
v8,feat_gbm,0.5,45,108,0.097854855314358,-0.2003702404752673
v8,feat_gbm,0.5,45,109,-0.3466831561414745,-0.28745536208379296
v8,feat_gbm,0.5,45,110,0.3708661487982126,0.2838469771831524
v8,feat_gbm,0.5,45,111,0.4804169156921498,0.6579850926301614
v8,feat_gbm,0.5,45,112,-0.21954047822847048,-0.4279263804064609
v8,feat_gbm,0.5,45,113,0.2915916646306213,0.527327823801956
v8,feat_gbm,0.5,45,114,-3.025829952569252,-3.652947895428966
v8,feat_gbm,0.5,45,115,-0.38186567209639377,-0.04287987221360797
v8,feat_gbm,0.5,45,116,-2.9415167622872946,-3.4409421360670214
v8,feat_gbm,0.5,45,117,-2.952367589236247,-2.4284095097884006
v8,feat_gbm,0.5,45,118,-1.7595857960559926,-1.419217075367618
v8,feat_gbm,0.5,45,119,-1.5224915213907686,-1.4944271796191557
v8,feat_gbm,0.5,45,120,-3.1681620402578337,-2.797137626437216
v8,feat_gbm,0.5,45,121,1.4605803784926585,3.1321125804877905
v8,feat_gbm,0.5,45,122,-1.9485870073715539,-3.164895556438051
v8,feat_gbm,0.5,45,123,0.3532117110259,-0.021234684620174846
v8,feat_gbm,0.5,45,124,-1.3846023954243432,-1.246001114532972
v8,feat_gbm,0.5,45,125,-2.480141061459668,-2.7130193085566443
v8,feat_gbm,0.5,45,126,-1.4937659368819078,-2.0560780011130944
v8,feat_gbm,0.5,45,127,-2.181828489767933,-1.631222331554067
v8,feat_gbm,0.5,45,128,-1.9918686052920709,-3.477307725783656
v8,feat_gbm,0.5,45,129,0.30573990005310975,1.7007542891568868
v8,feat_gbm,0.5,45,130,-2.5107578427491806,-3.4021624962570822
v8,feat_gbm,0.5,45,131,-3.5942627527244055,-3.701149444421242
v8,feat_gbm,0.5,45,132,-0.927254158533437,-0.4116741376471012
v8,feat_gbm,0.5,45,133,-0.5975276148750845,-0.5680375850475197
v8,feat_gbm,0.5,45,134,-2.6829544603484936,-1.4788189923590598
v8,feat_gbm,0.5,45,135,-2.796609064285922,-2.9896549957503007
v8,feat_gbm,0.5,45,136,0.4440905492419254,0.11194117436713467
v8,feat_gbm,0.5,45,137,1.2372638670724996,1.7147062893715772
v8,feat_gbm,0.5,45,138,-2.2865397607770213,-1.9709125209383296
v8,feat_gbm,0.5,45,139,-0.2935052674725385,0.19937477723826902
v8,feat_gbm,0.5,45,140,-2.7370237991304043,-2.8223726616431475
v8,feat_gbm,0.5,45,141,-0.32442968637143743,-0.12380828599000025
v8,feat_gbm,0.5,45,142,-2.7237698723037185,-2.97521232911642
v8,feat_gbm,0.5,45,143,-1.8718560366033459,-1.9484557479617686
v8,feat_gbm,0.5,45,144,0.397446241979119,1.244093655886106
v8,feat_gbm,0.5,45,145,-2.173348946708582,-2.0280859266176816
v8,feat_gbm,0.5,45,146,-2.518644676660127,-2.0754073031653366
v8,feat_gbm,0.5,45,147,-0.0012727830456388477,-0.11331641159387335
v8,feat_gbm,0.5,45,148,-2.5511389649525946,-2.620298039600635
v8,feat_gbm,0.5,45,149,-2.9174900214356696,-3.8395532227602396
v8,feat_gbm,0.5,45,150,-1.2496379724590583,-2.149698272240366
v8,feat_gbm,0.5,45,151,-2.911129657757257,-3.1594376779318036
v8,feat_gbm,0.5,45,152,-2.3865638762588186,-2.7712141114581046
v8,feat_gbm,0.5,45,153,-1.4707464738289726,-1.1483368403810985
v8,feat_gbm,0.5,45,154,-1.4268914811261106,-1.4700676700115773
v8,feat_gbm,0.5,45,155,1.0390817099111378,1.4088416749712322
v8,feat_gbm,0.5,45,156,0.7370759897925098,0.7564704220494097
v8,feat_gbm,0.5,45,157,-1.4063124961254534,-1.7148995557963913
v8,feat_gbm,0.5,45,158,-1.1558933954780704,-2.8595355115547196
v8,feat_gbm,0.5,45,159,-1.240850683519754,-0.9922400520728849
v8,feat_gbm,0.5,45,160,1.9334554512932849,1.8585227307534937
v8,feat_gbm,0.5,45,161,-2.5210909557359473,-2.477654537850602
v8,feat_gbm,0.5,45,162,-3.2622038766886705,-2.993764039868935
v8,feat_gbm,0.5,45,163,-1.047599716974857,-1.1722671160336509
v8,feat_gbm,0.5,45,164,-2.2403477001434635,-1.6577576086204497
v8,feat_gbm,0.5,45,165,-2.2731584621416463,-2.9770186999323642
v8,feat_gbm,0.5,45,166,-3.152147457902594,-3.2329952824425443
v8,feat_gbm,0.5,45,167,-0.19857803881485792,0.19550508612775644
v8,feat_gbm,0.5,45,168,-1.1351662999814873,-1.2639642813248737
v8,feat_gbm,0.5,45,169,1.1429975886768498,1.4224064134580066
v8,feat_gbm,0.5,45,170,-1.6512926400326204,-1.5303724784706008
v8,feat_gbm,0.5,45,171,0.17838623747943702,0.6086346650572224
v8,feat_gbm,0.5,45,172,-0.1172574989425991,-0.052232489626048526
v8,feat_gbm,0.5,45,173,-0.2587370249427645,-0.19074605880313256
v8,feat_gbm,0.5,45,174,-2.8410284112268713,-2.7678232596734214
v8,feat_gbm,0.5,45,175,-1.9856703604467059,-1.6557092188829319
v8,feat_gbm,0.5,45,176,0.07436613545180999,0.12081831439914445
v8,feat_gbm,0.5,45,177,0.557725031409672,3.7031714993021168
v8,feat_gbm,0.5,45,178,-0.12414202130174855,-0.17761292562564054
v8,feat_gbm,0.5,45,179,-0.1853317758534105,0.2295122735959306
v8,feat_gbm,0.5,45,180,-1.284553600711119,-1.6401012725318311
v8,feat_gbm,0.5,45,181,-2.3984418861996026,-3.399461101549646
v8,feat_gbm,0.5,45,182,0.4240691468183215,0.5421608664871393
v8,feat_gbm,0.5,45,183,-2.9284032438467102,-3.7858185839721776
v8,feat_gbm,0.5,45,184,0.2807080975453346,0.4440956773301304
v8,feat_gbm,0.5,45,185,0.14746953323403353,0.5450962365111649
v8,feat_gbm,0.5,45,186,-2.8645093009777223,-3.094441269353033
v8,feat_gbm,0.5,45,187,0.9818804052429271,1.436275522654785
v8,feat_gbm,0.5,45,188,0.04530152402888364,-0.003208414280501246
v8,feat_gbm,0.5,45,189,-1.8182512488236737,-2.0766448721687736
v8,feat_gbm,0.5,45,190,-3.0867404132831373,-2.887011097372245
v8,feat_gbm,0.5,45,191,-0.14657219286681838,-0.19564387773269687
v8,feat_gbm,0.5,45,192,-2.585185322554838,-3.39219136175158
v8,feat_gbm,0.5,45,193,-3.560737603079144,-4.804455114758695
v8,feat_gbm,0.5,45,194,-0.15556507262653732,-0.23230879418151415
v8,feat_gbm,0.5,45,195,0.9339772075930851,0.7768952289284052
v8,feat_gbm,0.5,45,196,-3.220568146304056,-3.0758975731441707
v8,feat_gbm,0.5,45,197,1.7800325244153126,1.8852948766094535
v8,feat_gbm,0.5,45,198,-0.07588259507562735,-0.07474663349946693
v8,feat_gbm,0.5,45,199,1.7071056652039183,0.9295509098669842
v8,feat_gbm,0.5,45,200,0.1739786461522459,0.40408761039079466
v8,feat_gbm,0.5,45,201,-1.4529948479852184,-1.0185563947000995
v8,feat_gbm,0.5,45,202,-1.542404541176704,-1.5812541435625456
v8,feat_gbm,0.5,45,203,-2.450884157609824,-2.9269603411540346
v8,feat_gbm,0.5,45,204,-0.3081235483023814,-0.9368237022381455
v8,feat_gbm,0.5,45,205,-0.7356124747408381,-0.771906247259438
v8,feat_gbm,0.5,45,206,-1.3992203571555235,-1.4457766532498904
v8,feat_gbm,0.5,45,207,-2.5333829590639714,-2.4752738768021185
v8,feat_gbm,0.5,45,208,-3.422022625983396,-2.8789590131308262
v8,feat_gbm,0.5,45,209,-3.02947247252114,-2.6986856152036793
v8,feat_gbm,0.5,45,210,-0.04765088591814476,0.05837096406180189
v8,feat_gbm,0.5,45,211,-1.8872873140486597,-2.2327070274631113
v8,feat_gbm,0.5,45,212,-0.07197737946049748,0.15758807445032513
v8,feat_gbm,0.5,45,213,0.9560192477342555,0.5234750924970406
v8,feat_gbm,0.5,45,214,0.6871539742681457,0.8312555987922697
v8,feat_gbm,0.5,45,215,-1.1338078689248476,-0.7699972654610447
v8,feat_gbm,0.5,45,216,-2.1150051463367157,-2.4368834827463726
v8,feat_gbm,0.5,45,217,-3.330981317394728,-3.7421886443248944
v8,feat_gbm,0.5,45,218,-3.470533540721505,-4.3753265313120195
v8,feat_gbm,0.5,45,219,0.21758000820864964,0.13181597567614448
v8,feat_gbm,0.5,45,220,-2.4515617713056725,-2.150299196146146
v8,feat_gbm,0.5,45,221,0.21301216024791003,0.4316281043505307
v8,feat_gbm,0.5,45,222,0.781841861270721,0.20581216265343685
v8,feat_gbm,0.5,45,223,-1.1554676302518971,-1.7226779576420432
v8,feat_gbm,0.5,45,224,0.995886867213547,1.0701061526100661
v8,feat_gbm,0.5,45,225,-3.2292552806640047,-2.995983076644188
v8,feat_gbm,0.5,45,226,-0.13361287683447592,-0.39103048890459524
v8,feat_gbm,0.5,45,227,-1.950342851080154,-2.811377433191803
v8,feat_gbm,0.5,45,228,-0.15119865536650814,0.1103569248772952
v8,feat_gbm,0.5,45,229,0.8495329104044537,1.0926797996732165
v8,feat_gbm,0.5,45,230,-1.6519963231938162,-1.1465469989616057
v8,feat_gbm,0.5,45,231,-3.4557183486562906,-3.7045714701961474
v8,feat_gbm,0.5,45,232,-0.14613441511284106,-0.3205795311611984
v8,feat_gbm,0.5,45,233,-0.33554294075108126,-0.7282288274356463
v8,feat_gbm,0.5,45,234,0.21686367673754678,-0.6143938277881194
v8,feat_gbm,0.5,45,235,-4.089899621597638,-3.717493513170671
v8,feat_gbm,0.5,45,236,-1.5089746182998882,-1.894186438607053
v8,feat_gbm,0.5,45,237,0.2387460356891984,0.19101892391720615
v8,feat_gbm,0.5,45,238,-2.454673825698891,-2.723653519266766
v8,feat_gbm,0.5,45,239,0.16745618889995192,0.28172679866345784
v8,feat_gbm,0.5,45,240,-0.7530536158508209,-0.570916259780521
v8,feat_gbm,0.5,45,241,-1.7222843529742105,-3.037607674189957
v8,feat_gbm,0.5,45,242,-2.4575294450755365,-2.4824067099880884
v8,feat_gbm,0.5,45,243,1.0264382941223433,1.793244191067856
v8,feat_gbm,0.5,45,244,-2.7509906771787898,-2.170563194223024
v8,feat_gbm,0.5,45,245,-3.039836575660514,-2.5580286375581696
v8,feat_gbm,0.5,45,246,-2.7429068081976093,-3.9013363177662743
v8,feat_gbm,0.5,45,247,-1.0587068816414775,-1.2689211715035387
v8,feat_gbm,0.5,45,248,-2.684812513094365,-2.89795980370705
v8,feat_gbm,0.5,45,249,-1.1424883369403842,-1.149470325468549
v8,feat_gbm,0.5,45,250,-2.104478269499239,-2.1803876537888693
v8,feat_gbm,0.5,45,251,-1.5773204922134978,-1.2010659028736028
v8,feat_gbm,0.5,45,252,-2.5355748700462053,-2.675840590612525
v8,feat_gbm,0.5,45,253,-0.8758665261061908,-0.865421424414132
v8,feat_gbm,0.5,45,254,-0.930742687476016,-0.45089388998719687
v8,feat_gbm,0.5,45,255,-1.5470180283361536,-1.477655138121315
v8,feat_gbm,0.5,45,256,-2.147385602697212,-1.9234128661936198
v8,feat_gbm,0.5,45,257,-1.4920838798790486,-0.8895479413744646
v8,feat_gbm,0.5,45,258,-1.4171461988770702,-1.284701881398344
v8,feat_gbm,0.5,45,259,-0.01325022001698511,0.03791276039075724
v8,feat_gbm,0.5,45,260,-1.695129465179489,-1.213907680807544
v8,feat_gbm,0.5,45,261,0.0567141568517485,-0.6937064881158975
v8,feat_gbm,0.5,45,262,-2.796152794730912,-2.500344974429108
v8,feat_gbm,0.5,45,263,-2.9454330004032316,-3.0782877743164985
v8,feat_gbm,0.5,45,264,-3.3942043891092144,-3.2702790535172426
v8,feat_gbm,0.5,45,265,-0.4631730417561471,-0.15746453031192983
v8,feat_gbm,0.5,45,266,-2.2811957085892822,-1.3930653126164372
v8,feat_gbm,0.5,45,267,-3.3004957891064444,-3.460520174484755
v8,feat_gbm,0.5,45,268,-1.935078145202022,-1.8115923421665279
v8,feat_gbm,0.5,45,269,0.26822733810416405,-0.04785951915829837
v8,feat_gbm,0.5,45,270,-1.3107916476405732,-1.3387838926701625
v8,feat_gbm,0.5,45,271,0.7509686041628505,0.6172482925771328
v8,feat_gbm,0.5,45,272,-0.13612794502518263,0.10718580269537517
v8,feat_gbm,0.5,45,273,-2.4253136320815947,-2.4250613993713395
v8,feat_gbm,0.5,45,274,-0.24704411143002397,-0.4656136934058211
v8,feat_gbm,0.5,45,275,-2.4771677902106686,-1.7679071058666047
v8,feat_gbm,0.5,45,276,-0.4250218497207845,-0.15192249005847586
v8,feat_gbm,0.5,45,277,-0.24647415604904616,-0.22686658439221394
v8,feat_gbm,0.5,45,278,-0.5240861152649707,-0.3963273628232521
v8,feat_gbm,0.5,45,279,-2.1499044957386957,-2.1916982233579314
v8,feat_gbm,0.5,45,280,0.5819767031837472,0.5138857123822332
v8,feat_gbm,0.5,45,281,0.1962421318969968,0.13501120436460418
v8,feat_gbm,0.5,45,282,0.14213584951573416,-0.35232291748203215
v8,feat_gbm,0.5,45,283,0.3931404230107323,0.33710059568630363
v8,feat_gbm,0.5,45,284,1.8832091536992002,2.2269494594330284
v8,feat_gbm,0.5,45,285,-0.7184991078124066,-0.8523290277873723
v8,feat_gbm,0.5,45,286,0.3792118604999424,0.5032694866056324
v8,feat_gbm,0.5,45,287,-2.9103133054825467,-3.0734310124071125
v8,feat_gbm,0.5,45,288,-2.659869182747155,-3.0969464995649485
v8,feat_gbm,0.5,45,289,0.7013589164433685,0.8088909840914691
v8,feat_gbm,0.5,45,290,-1.643162687520864,-1.710735902712342
v8,feat_gbm,0.5,45,291,0.23254867434531648,-0.24588513525180683
v8,feat_gbm,0.5,45,292,-3.0236571098792466,-2.9910915714149957
v8,feat_gbm,0.5,45,293,-0.09776989959089044,0.24397961438558982
v8,feat_gbm,0.5,45,294,0.8456615269383648,0.9827222917401395
v8,feat_gbm,0.5,45,295,0.9532501420272117,1.5399914318848642
v8,feat_gbm,0.5,45,296,-2.321640391702808,-3.028104854063688
v8,feat_gbm,0.5,45,297,-1.4632507107582364,-1.9675880903276046
v8,feat_gbm,0.5,45,298,0.4248382198940659,0.3882116190950413
v8,feat_gbm,0.5,45,299,-0.5273750129445168,-0.4169590587595381
v8,feat_gbm,0.5,45,300,-0.5607681344121013,-0.47104701624968015
v8,feat_gbm,0.5,45,301,-0.5212881060606791,-0.5788171023402015
v8,feat_gbm,0.5,45,302,-3.0547510985443527,-3.325334912618423
v8,feat_gbm,0.5,45,303,-0.03785835694108891,0.27214776974989446
v8,feat_gbm,0.5,45,304,0.29737254537380703,0.2838761456734127
v8,feat_gbm,0.5,45,305,0.9162267201101304,0.98356576927226
v8,feat_gbm,0.5,45,306,-2.1778353513822757,-2.324804251846344
v8,feat_gbm,0.5,45,307,-0.08680821606489939,-0.30060412365222405
v8,feat_gbm,0.5,45,308,-2.971868073215536,-3.5706943269006843
v8,feat_gbm,0.5,45,309,0.532709896668033,0.7657986236992217
v8,feat_gbm,0.5,45,310,-0.2562240174597442,-0.3760212383278314
v8,feat_gbm,0.5,45,311,0.8714604772742215,0.903367601886353
v8,feat_gbm,0.5,45,312,0.46322531424214636,0.2834145554969618
v8,feat_gbm,0.5,45,313,-0.38993148538240474,-0.8750381269167363
v8,feat_gbm,0.5,45,314,-0.6797355322968228,-0.8911054934067958
v8,feat_gbm,0.5,45,315,0.3074466084776431,0.2699623908229132
v8,feat_gbm,0.5,45,316,-3.501293526651775,-4.034449774534175
v8,feat_gbm,0.5,45,317,0.5221058413945028,0.7302045063515665
v8,feat_gbm,0.5,45,318,-2.6687521702731605,-2.5264159394565007
v8,feat_gbm,0.5,45,319,-3.81140180206551,-3.1280680478747835
v8,feat_gbm,0.5,45,320,0.2261269051568828,-0.623194388118803
v8,feat_gbm,0.5,45,321,-3.9739307302675764,-4.172922463867305
v8,feat_gbm,0.5,45,322,1.1335748068314115,1.0714029341973417
v8,feat_gbm,0.5,45,323,-2.867528867549594,-2.5538050374755565
v8,feat_gbm,0.5,45,324,-1.4049070650338307,-1.5310020975326282
v8,feat_gbm,0.5,45,325,-0.585277701820308,-0.735749980772127
v8,feat_gbm,0.5,45,326,-0.5730277319661895,-0.5010306012352705
v8,feat_gbm,0.5,45,327,-3.748234274997286,-4.393123087746285
v8,feat_gbm,0.5,45,328,-0.08190542188413182,0.6439364857563509
v8,feat_gbm,0.5,45,329,-2.48830938855317,-2.60760252445046
v8,feat_gbm,0.5,45,330,0.6598911247590543,0.46983427811083467
v8,feat_gbm,0.5,45,331,-1.4330991906676631,-1.149354435920189
v8,feat_gbm,0.5,45,332,-1.578486893925869,-1.0961264399974935
v8,feat_gbm,0.5,45,333,0.9472721577027106,1.4253561556633074
v8,feat_gbm,0.5,45,334,1.0419180238249373,1.0406546288822482
v8,feat_gbm,0.5,45,335,-0.29582782766060595,-0.1286217558512718
v8,feat_gbm,0.5,45,336,-1.902044686291094,-1.7275974260064488
v8,feat_gbm,0.5,45,337,-3.515236840012553,-4.535227665039715
v8,feat_gbm,0.5,45,338,-0.3554086515858627,-1.078833843619319
v8,feat_gbm,0.5,45,339,-2.667296262924206,-2.035297396751524
v8,feat_gbm,0.5,45,340,0.44576809053336425,0.4788286932125707
v8,feat_gbm,0.5,45,341,-1.277223580593886,-0.4595082096564039
v8,feat_gbm,0.5,45,342,-3.1792334594497214,-3.653430804591794
v8,feat_gbm,0.5,45,343,-0.03069115512160909,0.2834522663037432
v8,feat_gbm,0.5,45,344,0.06667010208894485,-0.15984972455285287
v8,feat_gbm,0.5,45,345,-2.7054703961427995,-3.8822970119574354
v8,feat_gbm,0.5,45,346,-2.3717398966342627,-2.5801989990218064
v8,feat_gbm,0.5,45,347,-3.236314614252322,-3.2622630695286134
v8,feat_gbm,0.5,45,348,-0.3554428321418841,-0.4894561152880944
v8,feat_gbm,0.5,45,349,-2.8926234546912077,-3.0223552414624764
v8,feat_gbm,0.5,45,350,0.6450278355272354,0.4215072765335228
v8,feat_gbm,0.5,45,351,-1.9836383979129193,-1.8152752103400673
v8,feat_gbm,0.5,45,352,0.8070873852459685,1.102263670511441
v8,feat_gbm,0.5,45,353,0.7989768211824888,1.4454852001466738
v8,feat_gbm,0.5,45,354,-3.376398033893447,-3.6770060333191017
v8,feat_gbm,0.5,45,355,-3.2033582886701764,-5.078652858832153
v8,feat_gbm,0.5,45,356,0.45568300943993906,0.7815322159665122
v8,feat_gbm,0.5,45,357,0.5703815601660294,0.6775133790495483
v8,feat_gbm,0.5,45,358,-3.0558274571389483,-3.5163570325540956
v8,feat_gbm,0.5,45,359,-1.1585252739645078,-4.157760523739404
v8,feat_gbm,0.5,45,360,-0.6083662010620141,-0.18386357284099003
v8,feat_gbm,0.5,45,361,-3.523484635148184,-4.477383009144865
v8,feat_gbm,0.5,45,362,0.25507449865280335,0.2909126951240761
v8,feat_gbm,0.5,45,363,-3.054542621667611,-3.5121531596302606
v8,feat_gbm,0.5,45,364,-0.8188492628531551,-0.0019354464452207268
v8,feat_gbm,0.5,45,365,-3.0812539319985643,-3.264666087597375
v8,feat_gbm,0.5,45,366,-2.503614995609059,-1.4961090632143375
v8,feat_gbm,0.5,45,367,-0.027529328347181668,-0.10305907560987346
v8,feat_gbm,0.5,45,368,0.19930816509418822,0.24601275195113992
v8,feat_gbm,0.5,45,369,-1.2487960908421765,-1.6400355118163064
v8,feat_gbm,0.5,45,370,-1.7424219345133383,-1.5399226532969161
v8,feat_gbm,0.5,45,371,-0.5866758896350242,-0.3336387161155974
v8,feat_gbm,0.5,45,372,0.13219917836837827,0.3185760540422761
v8,feat_gbm,0.5,45,373,-0.21945627526393377,-0.30756424411789
v8,feat_gbm,0.5,45,374,-3.4193662896711676,-3.551435429619069
v8,feat_gbm,0.5,45,375,0.28171646971027275,-0.12846918127015178
v8,feat_gbm,0.5,45,376,0.550716894775884,0.43413099611324796
v8,feat_gbm,0.5,45,377,0.6035225302896439,0.8095384731463161
v8,feat_gbm,0.5,45,378,0.33829279066110834,0.20303525329731625
v8,feat_gbm,0.5,45,379,0.5271488191058487,0.524784145223057
v8,feat_gbm,0.5,45,380,0.29836506921177697,0.8722609808312535
v8,feat_gbm,0.5,45,381,0.4392383318610969,1.0190202163897197
v8,feat_gbm,0.5,45,382,0.5909654779814554,1.2715191268303472
v8,feat_gbm,0.5,45,383,-0.08335919129102003,-0.13923746667536385
v8,feat_gbm,0.5,45,384,-0.8546455337395706,-1.7983983483294153
v8,feat_gbm,0.5,45,385,0.47264295014058194,0.5606037150840157
v8,feat_gbm,0.5,45,386,0.7270415466150922,0.6003456151224621
v8,feat_gbm,0.5,45,387,1.0725265326065792,1.3071718981356573
v8,feat_gbm,0.5,45,388,0.16612400618254186,-0.19457283568776126
v8,feat_gbm,0.5,45,389,-1.263714002377979,-0.981880356960367
v8,feat_gbm,0.5,45,390,-2.5495603037479126,-2.628024059072158
v8,feat_gbm,0.5,45,391,-2.276577868482202,-2.479262758098376
v8,feat_gbm,0.5,45,392,-2.2596785073090033,-2.207941629114672
v8,feat_gbm,0.5,45,393,-2.4334305121604274,-2.806586620215901
v8,feat_gbm,0.5,45,394,-0.453190979641631,-0.16842623590390868
v8,feat_gbm,0.5,45,395,0.39202967958984886,0.3596423409999632
v8,feat_gbm,0.5,45,396,-2.9127829939183942,-3.117667066362407
v8,feat_gbm,0.5,45,397,0.7479931173498191,0.6134086288650079
v8,feat_gbm,0.5,45,398,0.4055563730266341,0.5049020087080688
v8,feat_gbm,0.5,45,399,-0.9310043823148564,-1.0548605918119196
v8,feat_gbm,0.5,45,400,-3.311320406654692,-2.877676775828332
v8,feat_gbm,0.5,45,401,0.1835079543068658,0.015654415635624343
v8,feat_gbm,0.5,45,402,-0.5543527292961723,-0.7027824676465185
v8,feat_gbm,0.5,45,403,0.2393119216108362,0.6733427913489138
v8,feat_gbm,0.5,45,404,0.2403941532071351,0.03259550049258387
v8,feat_gbm,0.5,45,405,-3.115885531232459,-3.4179416205706223
v8,feat_gbm,0.5,45,406,-2.4441163352514375,-1.6563158072976616
v8,feat_gbm,0.5,45,407,0.4643537262794046,0.3281041495218151
v8,feat_gbm,0.5,45,408,-1.032952814510422,-1.498502430121411
v8,feat_gbm,0.5,45,409,-1.1132547822606935,-1.5390850133499359
v8,feat_gbm,0.5,45,410,-1.7704143548999391,-3.8769914364338094
v8,feat_gbm,0.5,45,411,-1.1352179279032373,-1.1093409530974205
v8,feat_gbm,0.5,45,412,-2.5531216825531033,-2.1356441225652167
v8,feat_gbm,0.5,45,413,0.4229499266949857,0.5613925387002681
v8,feat_gbm,0.5,45,414,-2.604159350796317,-2.672303525149137
v8,feat_gbm,0.5,45,415,0.6316540826309681,0.9887747910888531
v8,feat_gbm,0.5,45,416,-3.4229444579559827,-2.064740642123073
v8,feat_gbm,0.5,45,417,-0.805646943514057,-0.13534283366780814
v8,feat_gbm,0.5,45,418,-0.025613902892816242,0.5266566940316069
v8,feat_gbm,0.5,45,419,-0.722093402603518,-0.7929716308762645
v8,feat_gbm,0.5,45,420,0.2723751115410921,0.22081989653443584
v8,feat_gbm,0.5,45,421,-3.5498911053322497,-3.4911396429773087
v8,feat_gbm,0.5,45,422,-0.25295383192424603,0.4691563032653497
v8,feat_gbm,0.5,45,423,-0.08640664327012325,-0.21242164749251408
v8,feat_gbm,0.5,45,424,-3.1789563605917923,-2.0235730224261497
v8,feat_gbm,0.5,45,425,-0.3749256970243488,0.1881042769243711
v8,feat_gbm,0.5,45,426,-0.8045838450099614,-0.7546830882020855
v8,feat_gbm,0.5,45,427,-1.3211118838247506,-2.004418163271322
v8,feat_gbm,0.5,45,428,0.01505154137170387,0.08108350485015015
v8,feat_gbm,0.5,45,429,-1.232286088945701,-0.8958783842144782
v8,feat_gbm,0.5,45,430,-1.0609380218663533,-0.700178367515834
v8,feat_gbm,0.5,45,431,-2.0885170105631228,-2.026447754843476
v8,feat_gbm,0.5,45,432,-3.347768465187127,-3.3644112924118934
v8,feat_gbm,0.5,45,433,-2.842254908847761,-2.4777804975332844
v8,feat_gbm,0.5,45,434,-3.4918752539167572,-3.6407879329147783
v8,feat_gbm,0.5,45,435,0.07957961819186211,0.8140524350977956
v8,feat_gbm,0.5,45,436,-0.6033101781438892,-0.6342245759550225
v8,feat_gbm,0.5,45,437,-1.6497295783783872,-1.0170271575608654
v8,feat_gbm,0.5,45,438,0.5252932329687694,1.2058566336630974
v8,feat_gbm,0.5,45,439,1.0452706755389083,1.04159183954478
v8,feat_gbm,0.5,45,440,-0.424580961316378,-0.383754051292973
v8,feat_gbm,0.5,45,441,1.2188716047420878,0.9717849563735496
v8,feat_gbm,0.5,45,442,0.9315177579702134,0.915394257773604
v8,feat_gbm,0.5,45,443,-0.11579526437056376,0.17619398118278368
v8,feat_gbm,0.5,45,444,-2.843026988060111,-2.3026142847949007
v8,feat_gbm,0.5,45,445,-0.5437296349954234,-2.156995715227189
v8,feat_gbm,0.5,45,446,-2.3361670168216713,-1.9647154613855007
v8,feat_gbm,0.5,45,447,-1.2676133560790466,-1.2167428909736953
v8,feat_gbm,0.5,45,448,-0.6348124262011579,0.371748058948411
v8,feat_gbm,0.5,45,449,-2.943037687287107,-3.354914600670279
v8,feat_gbm,0.5,45,450,-1.5229083940747807,-2.0984010901330774
v8,feat_gbm,0.5,45,451,-1.6058478098385256,-1.8411195968283314
v8,feat_gbm,0.5,45,452,-0.18232111266151083,-0.2866386615093297
v8,feat_gbm,0.5,45,453,-2.2010885832784917,-2.1769502099219324
v8,feat_gbm,0.5,45,454,0.2498254847844679,0.851829112076475
v8,feat_gbm,0.5,45,455,0.0414084144483189,-0.5174982843777256
v8,feat_gbm,0.5,45,456,-3.0835183941368585,-3.7883351795095335
v8,feat_gbm,0.5,45,457,-2.0818338986830844,-1.3225504843777425
v8,feat_gbm,0.5,45,458,-0.4041834761897519,-0.6304710111145473
v8,feat_gbm,0.5,45,459,-2.5468001310639843,-2.867776928577639
v8,feat_gbm,0.5,45,460,-0.2328350242722069,-0.20106453453544149
v8,feat_gbm,0.5,45,461,1.0054349216922671,0.565413433251147
v8,feat_gbm,0.5,45,462,0.2664362991011729,0.6531860801292728
v8,feat_gbm,0.5,45,463,-3.070190102600436,-3.295531334571209
v8,feat_gbm,0.5,45,464,-0.8352314391646228,-1.118951529136503
v8,feat_gbm,0.5,45,465,-0.004033931132992403,0.08535922256033004
v8,feat_gbm,0.5,45,466,-0.11104542254359373,0.2656879386171551
v8,feat_gbm,0.5,45,467,-1.0729309411139045,-1.0764680911985907
v8,feat_gbm,0.5,45,468,1.9105052975915433,2.2503813782282114
v8,feat_gbm,0.5,45,469,-0.0920060539272341,-0.029700274932011248
v8,feat_gbm,0.5,45,470,-2.214302299185558,-2.1918010579584375
v8,feat_gbm,0.5,45,471,0.26577009206189,-0.12537364897776127
v8,feat_gbm,0.5,45,472,-1.443317394661373,-1.3714574409892777
v8,feat_gbm,0.5,45,473,-0.8266092835206675,-1.0216450817816245
v8,feat_gbm,0.5,45,474,-0.8192933338774153,-0.8313233833759152
v8,feat_gbm,0.5,45,475,-2.661614470260117,-3.25243582884057
v8,feat_gbm,0.5,45,476,0.6180859091666945,0.8737365575305754
v8,feat_gbm,0.5,45,477,-2.725359642770277,-1.8373017486027088
v8,feat_gbm,0.5,45,478,-1.6261098057842382,-1.909749317133085
v8,feat_gbm,0.5,45,479,0.27537112243617606,0.418341725137149
v8,feat_gbm,0.5,45,480,-2.73680257549268,-2.8689304810445995
v8,feat_gbm,0.5,45,481,-3.1606450008411873,-3.9192950012633494
v8,feat_gbm,0.5,45,482,0.4103053760248082,0.8191907452202399
v8,feat_gbm,0.5,45,483,-2.4198815320168787,-2.7371748494528005
v8,feat_gbm,0.5,45,484,-0.051500612206801855,0.043868991079412875
v8,feat_gbm,0.5,45,485,-2.3325075443777665,-3.9571024828402512
v8,feat_gbm,0.5,45,486,-0.9846307891995592,-0.8286091055291892
v8,feat_gbm,0.5,45,487,1.3103038226317374,1.1086460137612473
v8,feat_gbm,0.5,45,488,-0.691537530739172,-1.0899995989348372
v8,feat_gbm,0.5,45,489,-2.796155280317682,-2.9260181182274523
v8,feat_gbm,0.5,45,490,-0.05291608307550026,0.01778898425240747
v8,feat_gbm,0.5,45,491,-0.3104223183925075,-0.388546054063584
v8,feat_gbm,0.5,45,492,-0.7580862764983505,-0.8483910406321095
v8,feat_gbm,0.5,45,493,-2.4746443155108078,-2.4855190663855797
v8,feat_gbm,0.5,45,494,-0.1641264477553373,-0.6027729178489412
v8,feat_gbm,0.5,45,495,-2.470302892274273,-1.5285925057254015
v8,feat_gbm,0.5,45,496,0.731425608780381,1.0092174422839322
v8,feat_gbm,0.5,45,497,-2.652560722379189,-2.421052301727873
v8,feat_gbm,0.5,45,498,-2.855844408864544,-3.2283141264699093
v8,feat_gbm,0.5,45,499,-3.3900949946598216,-4.907212199848568
v8,feat_gbm,0.5,46,0,-0.2934007244073339,0.03894909458183669
v8,feat_gbm,0.5,46,1,-2.2696835396792583,-2.5052564746229193
v8,feat_gbm,0.5,46,2,0.4681693537484679,0.6287827851917782
v8,feat_gbm,0.5,46,3,-3.348438243125587,-3.3447289283878643
v8,feat_gbm,0.5,46,4,1.075362354485008,0.9694015026406426
v8,feat_gbm,0.5,46,5,-1.9750178016450664,-2.4693709778233526
v8,feat_gbm,0.5,46,6,-0.09661323784532139,-0.2819211013310965
v8,feat_gbm,0.5,46,7,0.6093104534796548,0.5289578846490461
v8,feat_gbm,0.5,46,8,0.44195684278678116,0.032863622186365654
v8,feat_gbm,0.5,46,9,1.0568579213634814,0.9352707853930591
v8,feat_gbm,0.5,46,10,-1.6053257744399776,-1.5987558134683666
v8,feat_gbm,0.5,46,11,-3.234380632324965,-3.2678706438993954
v8,feat_gbm,0.5,46,12,-2.5245706962387304,-2.445380546146449
v8,feat_gbm,0.5,46,13,-0.2607416802794556,-0.4471217519653716
v8,feat_gbm,0.5,46,14,-2.0652100304638594,-1.8343062920535937
v8,feat_gbm,0.5,46,15,-2.1900579559687365,-2.278287047942225
v8,feat_gbm,0.5,46,16,-0.9196903460438572,-1.113015507562239
v8,feat_gbm,0.5,46,17,-1.6198920633629306,-1.149386040828735
v8,feat_gbm,0.5,46,18,-0.08864455014738086,-0.4541092694382234
v8,feat_gbm,0.5,46,19,-2.478655919006367,-2.8798658660471284
v8,feat_gbm,0.5,46,20,-2.8702247219570407,-3.281006200299989
v8,feat_gbm,0.5,46,21,-1.4425075893971582,-0.7889402030111288
v8,feat_gbm,0.5,46,22,-0.34939677059508156,-0.48114593055133975
v8,feat_gbm,0.5,46,23,-3.2495645057890785,-2.8038114998165153
v8,feat_gbm,0.5,46,24,-2.9901211909586416,-2.6726430450531393
v8,feat_gbm,0.5,46,25,-3.1263844215659,-3.141178249464176
v8,feat_gbm,0.5,46,26,-3.259902043967008,-3.8612362310489847
v8,feat_gbm,0.5,46,27,-2.882283659308395,-3.085821277369337
v8,feat_gbm,0.5,46,28,-3.0071310085296994,-2.1153791712035637
v8,feat_gbm,0.5,46,29,-0.4372453997022764,-0.5854112868629942
v8,feat_gbm,0.5,46,30,-0.20399323004994127,0.13849791927417068
v8,feat_gbm,0.5,46,31,-2.9178834372850355,-2.779654184179668
v8,feat_gbm,0.5,46,32,1.2953770229231443,0.9166392391011026
v8,feat_gbm,0.5,46,33,-2.154063518730098,-2.134444297962007
v8,feat_gbm,0.5,46,34,1.3190315619844666,1.1224191581864646
v8,feat_gbm,0.5,46,35,-3.1167722993316844,-2.7514680837461087
v8,feat_gbm,0.5,46,36,0.5348917392622176,0.7493710802437775
v8,feat_gbm,0.5,46,37,-2.091114820310775,-2.157600461660938
v8,feat_gbm,0.5,46,38,-1.4136299728006507,-1.7436371170468024
v8,feat_gbm,0.5,46,39,0.545917077644483,0.632388610685479
v8,feat_gbm,0.5,46,40,-1.9740364692679522,-1.5024753827969588
v8,feat_gbm,0.5,46,41,-2.360082502365047,-2.936018587066778
v8,feat_gbm,0.5,46,42,-0.3161400291578308,-0.06406961406287034
v8,feat_gbm,0.5,46,43,-0.5432982652320373,-0.43711075337934485
v8,feat_gbm,0.5,46,44,0.8348289501473436,0.521724778538647
v8,feat_gbm,0.5,46,45,0.46652243531303617,-0.02881562555915001
v8,feat_gbm,0.5,46,46,-2.477481037947443,-2.6856700943784895
v8,feat_gbm,0.5,46,47,-3.0127480897186465,-3.3419513202228783
v8,feat_gbm,0.5,46,48,-0.30125053854154193,-0.35240032436669677
v8,feat_gbm,0.5,46,49,-3.797493972752411,-4.466027560457086
v8,feat_gbm,0.5,46,50,-0.9024030536073577,-1.2227887404747313
v8,feat_gbm,0.5,46,51,-3.642900831081864,-4.168130875201601
v8,feat_gbm,0.5,46,52,-1.7086539983640014,-2.1825653069440887
v8,feat_gbm,0.5,46,53,-3.086919508526409,-2.816977102698189
v8,feat_gbm,0.5,46,54,-0.6460304920739527,-0.9520374156321785
v8,feat_gbm,0.5,46,55,0.580394859077954,0.800460094219776
v8,feat_gbm,0.5,46,56,0.3072956474592156,0.2782562560211116
v8,feat_gbm,0.5,46,57,-0.2279459279901601,-0.7855200046266205
v8,feat_gbm,0.5,46,58,-3.0777928888691566,-2.837973637743256
v8,feat_gbm,0.5,46,59,-0.199041435807506,0.3653424354755994
v8,feat_gbm,0.5,46,60,-2.329739641694485,-3.145987746693799
v8,feat_gbm,0.5,46,61,-3.0913270944356483,-2.1381844357326614
v8,feat_gbm,0.5,46,62,0.35725463897987475,0.3908315550690521
v8,feat_gbm,0.5,46,63,-3.019748324688147,-3.259739876316779
v8,feat_gbm,0.5,46,64,-2.6181416243537265,-3.799325775609258
v8,feat_gbm,0.5,46,65,0.4929773789993607,0.2842997557356093
v8,feat_gbm,0.5,46,66,0.49611366716655914,0.9099380077885143
v8,feat_gbm,0.5,46,67,0.24514672266257653,0.5741223235018287
v8,feat_gbm,0.5,46,68,1.164881406869137,1.3807263582335993
v8,feat_gbm,0.5,46,69,0.24051593338096938,2.7357387204405055
v8,feat_gbm,0.5,46,70,-0.10074155469110993,-0.3782017485149665
v8,feat_gbm,0.5,46,71,-0.6055251087073107,-0.6946521973220513
v8,feat_gbm,0.5,46,72,-2.9601562682637783,-3.510295151868067
v8,feat_gbm,0.5,46,73,-0.6459242534239059,-0.3643686170400702
v8,feat_gbm,0.5,46,74,1.3304518699537893,1.1835884152793859
v8,feat_gbm,0.5,46,75,0.17017830891414773,-0.38644824542838596
v8,feat_gbm,0.5,46,76,0.6729583500931616,0.7005004452467647
v8,feat_gbm,0.5,46,77,0.04491759464198564,0.3770911051312199
v8,feat_gbm,0.5,46,78,-0.3149483294267597,-0.5374783823521183
v8,feat_gbm,0.5,46,79,-2.590520575778975,-3.2499450611549854
v8,feat_gbm,0.5,46,80,-1.8160035322475563,-1.719925172279684
v8,feat_gbm,0.5,46,81,0.7853235411478878,1.8185710395242058
v8,feat_gbm,0.5,46,82,-1.3404205220640886,-1.0758778979961314
v8,feat_gbm,0.5,46,83,-0.33184290028281915,-0.8033140510569362
v8,feat_gbm,0.5,46,84,-2.061464444507518,-2.0837035815006346
v8,feat_gbm,0.5,46,85,-2.0665458214623436,-1.2430797823904942
v8,feat_gbm,0.5,46,86,0.8465403781909874,0.639317965424242
v8,feat_gbm,0.5,46,87,-0.23434646724054353,-0.02321591952008587
v8,feat_gbm,0.5,46,88,-2.468781076306872,-3.512086916650174
v8,feat_gbm,0.5,46,89,-1.9836172310578424,-1.684363733317816
v8,feat_gbm,0.5,46,90,-3.1794579786996637,-3.5341996208099964
v8,feat_gbm,0.5,46,91,0.603256959327814,1.1574629997660548
v8,feat_gbm,0.5,46,92,-0.9635632093821217,-0.7651863719989663
v8,feat_gbm,0.5,46,93,-2.5320147277937894,-5.7708125015304885
v8,feat_gbm,0.5,46,94,0.1858211579887491,0.07374698385127064
v8,feat_gbm,0.5,46,95,0.3999556090684677,1.201566413592891
v8,feat_gbm,0.5,46,96,1.5016777153994918,1.2655480006709303
v8,feat_gbm,0.5,46,97,-2.9881853219114882,-3.2217777708537843
v8,feat_gbm,0.5,46,98,-1.1435085034261432,-1.2120387208328698
v8,feat_gbm,0.5,46,99,-0.5423037325454168,-0.04015373686183237
v8,feat_gbm,0.5,46,100,-2.7026988462298034,-2.8384481914339785
v8,feat_gbm,0.5,46,101,-3.170066886597938,-3.541068619782685
v8,feat_gbm,0.5,46,102,-3.176125505980326,-4.424727465058162
v8,feat_gbm,0.5,46,103,-0.46077849184998254,-0.7652009130347144
v8,feat_gbm,0.5,46,104,-0.2013562594423537,-0.406664655497914
v8,feat_gbm,0.5,46,105,-2.3193716376420763,-2.8019031633754246
v8,feat_gbm,0.5,46,106,-1.4322861570805958,-1.1978192780958505
v8,feat_gbm,0.5,46,107,-1.1359774111698437,-1.2497822804421463
v8,feat_gbm,0.5,46,108,-0.12019789551374749,-0.2003702404752673
v8,feat_gbm,0.5,46,109,-0.4076501335717138,-0.28745536208379296
v8,feat_gbm,0.5,46,110,0.38190019259149866,0.2838469771831524
v8,feat_gbm,0.5,46,111,0.36959890997915223,0.6579850926301614
v8,feat_gbm,0.5,46,112,-0.05659276484040068,-0.4279263804064609
v8,feat_gbm,0.5,46,113,0.4687151166320779,0.527327823801956
v8,feat_gbm,0.5,46,114,-3.1516403912932507,-3.652947895428966
v8,feat_gbm,0.5,46,115,-0.28014480381996487,-0.04287987221360797
v8,feat_gbm,0.5,46,116,-3.004902817069568,-3.4409421360670214
v8,feat_gbm,0.5,46,117,-2.980594678306967,-2.4284095097884006
v8,feat_gbm,0.5,46,118,-1.5993105285682616,-1.419217075367618
v8,feat_gbm,0.5,46,119,-1.3826934890434894,-1.4944271796191557
v8,feat_gbm,0.5,46,120,-3.1652169304823126,-2.797137626437216
v8,feat_gbm,0.5,46,121,1.2143546988163354,3.1321125804877905
v8,feat_gbm,0.5,46,122,-2.2218667979935027,-3.164895556438051
v8,feat_gbm,0.5,46,123,0.3398224948921642,-0.021234684620174846
v8,feat_gbm,0.5,46,124,-1.4714957863002402,-1.246001114532972
v8,feat_gbm,0.5,46,125,-2.391066864605798,-2.7130193085566443
v8,feat_gbm,0.5,46,126,-1.4360433002878383,-2.0560780011130944
v8,feat_gbm,0.5,46,127,-2.1451745528371333,-1.631222331554067
v8,feat_gbm,0.5,46,128,-1.5912220827665182,-3.477307725783656
v8,feat_gbm,0.5,46,129,0.4594210341065389,1.7007542891568868
v8,feat_gbm,0.5,46,130,-2.1734090766923457,-3.4021624962570822
v8,feat_gbm,0.5,46,131,-3.54831192673819,-3.701149444421242
v8,feat_gbm,0.5,46,132,-0.6320648340193432,-0.4116741376471012
v8,feat_gbm,0.5,46,133,-0.926136500876196,-0.5680375850475197
v8,feat_gbm,0.5,46,134,-2.4718678448937217,-1.4788189923590598
v8,feat_gbm,0.5,46,135,-2.394580620461625,-2.9896549957503007
v8,feat_gbm,0.5,46,136,0.34397957774559645,0.11194117436713467
v8,feat_gbm,0.5,46,137,1.203370910963679,1.7147062893715772
v8,feat_gbm,0.5,46,138,-2.7073395552250514,-1.9709125209383296
v8,feat_gbm,0.5,46,139,-0.3327021327909723,0.19937477723826902
v8,feat_gbm,0.5,46,140,-2.280168390102866,-2.8223726616431475
v8,feat_gbm,0.5,46,141,-0.23660017640175074,-0.12380828599000025
v8,feat_gbm,0.5,46,142,-2.6730642249442944,-2.97521232911642
v8,feat_gbm,0.5,46,143,-1.9424450910555469,-1.9484557479617686
v8,feat_gbm,0.5,46,144,0.2778713756890044,1.244093655886106
v8,feat_gbm,0.5,46,145,-2.2022954086621427,-2.0280859266176816
v8,feat_gbm,0.5,46,146,-2.462586014967636,-2.0754073031653366
v8,feat_gbm,0.5,46,147,0.022369835865635703,-0.11331641159387335
v8,feat_gbm,0.5,46,148,-2.703103710332737,-2.620298039600635
v8,feat_gbm,0.5,46,149,-2.5802564062647697,-3.8395532227602396
v8,feat_gbm,0.5,46,150,-1.2071777379891409,-2.149698272240366
v8,feat_gbm,0.5,46,151,-2.929026679874659,-3.1594376779318036
v8,feat_gbm,0.5,46,152,-2.4788287343485513,-2.7712141114581046
v8,feat_gbm,0.5,46,153,-1.5725158473783116,-1.1483368403810985
v8,feat_gbm,0.5,46,154,-1.4981416187676164,-1.4700676700115773
v8,feat_gbm,0.5,46,155,1.045064838993699,1.4088416749712322
v8,feat_gbm,0.5,46,156,0.42105335399011234,0.7564704220494097
v8,feat_gbm,0.5,46,157,-1.4180623262419516,-1.7148995557963913
v8,feat_gbm,0.5,46,158,-1.3614510129776756,-2.8595355115547196
v8,feat_gbm,0.5,46,159,-1.200838473529227,-0.9922400520728849
v8,feat_gbm,0.5,46,160,2.0240667927441125,1.8585227307534937
v8,feat_gbm,0.5,46,161,-2.614337204100849,-2.477654537850602
v8,feat_gbm,0.5,46,162,-3.1109498073409734,-2.993764039868935
v8,feat_gbm,0.5,46,163,-1.1639584938798082,-1.1722671160336509
v8,feat_gbm,0.5,46,164,-2.252120755687749,-1.6577576086204497
v8,feat_gbm,0.5,46,165,-2.1996770388391833,-2.9770186999323642
v8,feat_gbm,0.5,46,166,-3.21441815570625,-3.2329952824425443
v8,feat_gbm,0.5,46,167,0.019470968213642473,0.19550508612775644
v8,feat_gbm,0.5,46,168,-1.084239685338657,-1.2639642813248737
v8,feat_gbm,0.5,46,169,0.9536891505559073,1.4224064134580066
v8,feat_gbm,0.5,46,170,-1.9000591308136867,-1.5303724784706008
v8,feat_gbm,0.5,46,171,0.2198305203551537,0.6086346650572224
v8,feat_gbm,0.5,46,172,-0.017453851957851065,-0.052232489626048526
v8,feat_gbm,0.5,46,173,-0.35118432411230266,-0.19074605880313256
v8,feat_gbm,0.5,46,174,-2.8606011752497933,-2.7678232596734214
v8,feat_gbm,0.5,46,175,-1.9937763185277524,-1.6557092188829319
v8,feat_gbm,0.5,46,176,0.3909089538281264,0.12081831439914445
v8,feat_gbm,0.5,46,177,0.6666105309959907,3.7031714993021168
v8,feat_gbm,0.5,46,178,-0.17456378917534207,-0.17761292562564054
v8,feat_gbm,0.5,46,179,-0.15694581498646518,0.2295122735959306
v8,feat_gbm,0.5,46,180,-1.3078939803186609,-1.6401012725318311
v8,feat_gbm,0.5,46,181,-2.464598341525939,-3.399461101549646
v8,feat_gbm,0.5,46,182,0.6727380050094679,0.5421608664871393
v8,feat_gbm,0.5,46,183,-3.0167634003622603,-3.7858185839721776
v8,feat_gbm,0.5,46,184,0.42470415948299683,0.4440956773301304
v8,feat_gbm,0.5,46,185,0.02863412689003741,0.5450962365111649
v8,feat_gbm,0.5,46,186,-2.7964396154171833,-3.094441269353033
v8,feat_gbm,0.5,46,187,1.1345747121471963,1.436275522654785
v8,feat_gbm,0.5,46,188,0.08881330426190612,-0.003208414280501246
v8,feat_gbm,0.5,46,189,-1.8610572725654149,-2.0766448721687736
v8,feat_gbm,0.5,46,190,-3.1043425894883643,-2.887011097372245
v8,feat_gbm,0.5,46,191,0.05447171792153061,-0.19564387773269687
v8,feat_gbm,0.5,46,192,-2.256051040980817,-3.39219136175158
v8,feat_gbm,0.5,46,193,-3.9860253191160337,-4.804455114758695
v8,feat_gbm,0.5,46,194,-0.33274464510964813,-0.23230879418151415
v8,feat_gbm,0.5,46,195,1.0424721647092081,0.7768952289284052
v8,feat_gbm,0.5,46,196,-3.0612987017048563,-3.0758975731441707
v8,feat_gbm,0.5,46,197,1.7037417599619078,1.8852948766094535
v8,feat_gbm,0.5,46,198,0.051966770735887895,-0.07474663349946693
v8,feat_gbm,0.5,46,199,1.7084697702690934,0.9295509098669842
v8,feat_gbm,0.5,46,200,0.3773564591515028,0.40408761039079466
v8,feat_gbm,0.5,46,201,-1.529743805195044,-1.0185563947000995
v8,feat_gbm,0.5,46,202,-1.638946316335041,-1.5812541435625456
v8,feat_gbm,0.5,46,203,-2.5958635349341725,-2.9269603411540346
v8,feat_gbm,0.5,46,204,-0.5222491645556432,-0.9368237022381455
v8,feat_gbm,0.5,46,205,-0.8555143930364432,-0.771906247259438
v8,feat_gbm,0.5,46,206,-1.630782935370955,-1.4457766532498904
v8,feat_gbm,0.5,46,207,-2.5199704727483394,-2.4752738768021185
v8,feat_gbm,0.5,46,208,-3.3516870781433594,-2.8789590131308262
v8,feat_gbm,0.5,46,209,-3.12523943188949,-2.6986856152036793
v8,feat_gbm,0.5,46,210,-0.34341996094677046,0.05837096406180189
v8,feat_gbm,0.5,46,211,-1.9780613824200304,-2.2327070274631113
v8,feat_gbm,0.5,46,212,-0.06784287060591107,0.15758807445032513
v8,feat_gbm,0.5,46,213,0.9221402376130559,0.5234750924970406
v8,feat_gbm,0.5,46,214,0.3356422665968161,0.8312555987922697
v8,feat_gbm,0.5,46,215,-1.2376651351204422,-0.7699972654610447
v8,feat_gbm,0.5,46,216,-2.131330346637065,-2.4368834827463726
v8,feat_gbm,0.5,46,217,-3.4685273542697304,-3.7421886443248944
v8,feat_gbm,0.5,46,218,-3.018999808662277,-4.3753265313120195
v8,feat_gbm,0.5,46,219,-0.04582595881986202,0.13181597567614448
v8,feat_gbm,0.5,46,220,-2.4208931491289256,-2.150299196146146
v8,feat_gbm,0.5,46,221,0.2820153246940511,0.4316281043505307
v8,feat_gbm,0.5,46,222,0.8621125456492954,0.20581216265343685
v8,feat_gbm,0.5,46,223,-1.215754346259228,-1.7226779576420432
v8,feat_gbm,0.5,46,224,0.9949050581649821,1.0701061526100661
v8,feat_gbm,0.5,46,225,-3.350278072755255,-2.995983076644188
v8,feat_gbm,0.5,46,226,-0.011434405423914612,-0.39103048890459524
v8,feat_gbm,0.5,46,227,-1.9049132702541853,-2.811377433191803
v8,feat_gbm,0.5,46,228,-0.2568793129813536,0.1103569248772952
v8,feat_gbm,0.5,46,229,0.7760063903778008,1.0926797996732165
v8,feat_gbm,0.5,46,230,-1.9092791732812295,-1.1465469989616057
v8,feat_gbm,0.5,46,231,-3.1616912313816274,-3.7045714701961474
v8,feat_gbm,0.5,46,232,-0.06386094872735762,-0.3205795311611984
v8,feat_gbm,0.5,46,233,-0.39878411370487904,-0.7282288274356463
v8,feat_gbm,0.5,46,234,0.27946484319007375,-0.6143938277881194
v8,feat_gbm,0.5,46,235,-3.792295911340739,-3.717493513170671
v8,feat_gbm,0.5,46,236,-1.6083437258384405,-1.894186438607053
v8,feat_gbm,0.5,46,237,0.12278522071441399,0.19101892391720615
v8,feat_gbm,0.5,46,238,-2.478227701069708,-2.723653519266766
v8,feat_gbm,0.5,46,239,0.2915157027828141,0.28172679866345784
v8,feat_gbm,0.5,46,240,-0.859268273763668,-0.570916259780521
v8,feat_gbm,0.5,46,241,-1.626118115439312,-3.037607674189957
v8,feat_gbm,0.5,46,242,-2.6128358567004972,-2.4824067099880884
v8,feat_gbm,0.5,46,243,0.6456960862194243,1.793244191067856
v8,feat_gbm,0.5,46,244,-2.729187582345112,-2.170563194223024
v8,feat_gbm,0.5,46,245,-3.0653969559297285,-2.5580286375581696
v8,feat_gbm,0.5,46,246,-2.6382311400875826,-3.9013363177662743
v8,feat_gbm,0.5,46,247,-1.073201505425368,-1.2689211715035387
v8,feat_gbm,0.5,46,248,-2.7984228395859874,-2.89795980370705
v8,feat_gbm,0.5,46,249,-1.3258594265539223,-1.149470325468549
v8,feat_gbm,0.5,46,250,-2.126264740085886,-2.1803876537888693
v8,feat_gbm,0.5,46,251,-1.8309332809524668,-1.2010659028736028
v8,feat_gbm,0.5,46,252,-2.4787665641627563,-2.675840590612525
v8,feat_gbm,0.5,46,253,-0.7258370924479823,-0.865421424414132
v8,feat_gbm,0.5,46,254,-0.8382484047272714,-0.45089388998719687
v8,feat_gbm,0.5,46,255,-1.4795398550581211,-1.477655138121315
v8,feat_gbm,0.5,46,256,-2.0532438962162014,-1.9234128661936198
v8,feat_gbm,0.5,46,257,-1.2804029650366453,-0.8895479413744646
v8,feat_gbm,0.5,46,258,-1.453898371243513,-1.284701881398344
v8,feat_gbm,0.5,46,259,0.013961183507515575,0.03791276039075724
v8,feat_gbm,0.5,46,260,-1.9368030052362428,-1.213907680807544
v8,feat_gbm,0.5,46,261,0.01639550677576376,-0.6937064881158975
v8,feat_gbm,0.5,46,262,-2.9419650616558743,-2.500344974429108
v8,feat_gbm,0.5,46,263,-2.9872493403422093,-3.0782877743164985
v8,feat_gbm,0.5,46,264,-3.606490182916475,-3.2702790535172426
v8,feat_gbm,0.5,46,265,-0.358633938978532,-0.15746453031192983
v8,feat_gbm,0.5,46,266,-2.2794882040424653,-1.3930653126164372
v8,feat_gbm,0.5,46,267,-3.3283398133959192,-3.460520174484755
v8,feat_gbm,0.5,46,268,-1.907987686160351,-1.8115923421665279
v8,feat_gbm,0.5,46,269,0.02519944583524301,-0.04785951915829837
v8,feat_gbm,0.5,46,270,-1.2610359274907301,-1.3387838926701625
v8,feat_gbm,0.5,46,271,0.8222842755500033,0.6172482925771328
v8,feat_gbm,0.5,46,272,-0.13985783205663074,0.10718580269537517
v8,feat_gbm,0.5,46,273,-2.424734679167019,-2.4250613993713395
v8,feat_gbm,0.5,46,274,-0.24235869219368603,-0.4656136934058211
v8,feat_gbm,0.5,46,275,-2.5506120446530227,-1.7679071058666047
v8,feat_gbm,0.5,46,276,-0.5146878598887403,-0.15192249005847586
v8,feat_gbm,0.5,46,277,-0.31822741714957825,-0.22686658439221394
v8,feat_gbm,0.5,46,278,-0.8841265458192062,-0.3963273628232521
v8,feat_gbm,0.5,46,279,-2.292906738099758,-2.1916982233579314
v8,feat_gbm,0.5,46,280,0.4573040533727129,0.5138857123822332
v8,feat_gbm,0.5,46,281,0.3536701568391367,0.13501120436460418
v8,feat_gbm,0.5,46,282,0.046370524044747424,-0.35232291748203215
v8,feat_gbm,0.5,46,283,0.2248957208744186,0.33710059568630363
v8,feat_gbm,0.5,46,284,2.1031046993931284,2.2269494594330284
v8,feat_gbm,0.5,46,285,-0.7385417698109162,-0.8523290277873723
v8,feat_gbm,0.5,46,286,0.21278441739686269,0.5032694866056324
v8,feat_gbm,0.5,46,287,-2.765915909690224,-3.0734310124071125
v8,feat_gbm,0.5,46,288,-2.690755055108152,-3.0969464995649485
v8,feat_gbm,0.5,46,289,0.6980476218781676,0.8088909840914691
v8,feat_gbm,0.5,46,290,-1.6774077983248636,-1.710735902712342
v8,feat_gbm,0.5,46,291,0.32899173217765604,-0.24588513525180683
v8,feat_gbm,0.5,46,292,-2.9738150938749985,-2.9910915714149957
v8,feat_gbm,0.5,46,293,0.00546851743844037,0.24397961438558982
v8,feat_gbm,0.5,46,294,0.9060812337004093,0.9827222917401395
v8,feat_gbm,0.5,46,295,0.857467391184426,1.5399914318848642
v8,feat_gbm,0.5,46,296,-2.4494650760271885,-3.028104854063688
v8,feat_gbm,0.5,46,297,-1.3374045614099277,-1.9675880903276046
v8,feat_gbm,0.5,46,298,0.40325319738536664,0.3882116190950413
v8,feat_gbm,0.5,46,299,-0.42108793388942445,-0.4169590587595381
v8,feat_gbm,0.5,46,300,-0.4922362341648205,-0.47104701624968015
v8,feat_gbm,0.5,46,301,-0.3954590259663045,-0.5788171023402015
v8,feat_gbm,0.5,46,302,-3.0210199759818828,-3.325334912618423
v8,feat_gbm,0.5,46,303,-0.2780498271125105,0.27214776974989446
v8,feat_gbm,0.5,46,304,0.19701073782393333,0.2838761456734127
v8,feat_gbm,0.5,46,305,0.7907234037222455,0.98356576927226
v8,feat_gbm,0.5,46,306,-2.130894366159411,-2.324804251846344
v8,feat_gbm,0.5,46,307,-0.08925744711184821,-0.30060412365222405
v8,feat_gbm,0.5,46,308,-3.008734023667023,-3.5706943269006843
v8,feat_gbm,0.5,46,309,0.8151271415665012,0.7657986236992217
v8,feat_gbm,0.5,46,310,-0.22046675246008024,-0.3760212383278314
v8,feat_gbm,0.5,46,311,0.8352318688311412,0.903367601886353
v8,feat_gbm,0.5,46,312,0.4663686448164149,0.2834145554969618
v8,feat_gbm,0.5,46,313,-0.45610261258392965,-0.8750381269167363
v8,feat_gbm,0.5,46,314,-0.7048462415704619,-0.8911054934067958
v8,feat_gbm,0.5,46,315,0.2983338414433462,0.2699623908229132
v8,feat_gbm,0.5,46,316,-3.1480260245714216,-4.034449774534175
v8,feat_gbm,0.5,46,317,0.5743277710150493,0.7302045063515665
v8,feat_gbm,0.5,46,318,-2.76181376866538,-2.5264159394565007
v8,feat_gbm,0.5,46,319,-3.5601624592275822,-3.1280680478747835
v8,feat_gbm,0.5,46,320,0.5619664059934735,-0.623194388118803
v8,feat_gbm,0.5,46,321,-3.7812205050322567,-4.172922463867305
v8,feat_gbm,0.5,46,322,1.1095641998007375,1.0714029341973417
v8,feat_gbm,0.5,46,323,-3.007467547214757,-2.5538050374755565
v8,feat_gbm,0.5,46,324,-1.4153184170359063,-1.5310020975326282
v8,feat_gbm,0.5,46,325,-0.6513864983433607,-0.735749980772127
v8,feat_gbm,0.5,46,326,-0.367818748044853,-0.5010306012352705
v8,feat_gbm,0.5,46,327,-4.029040166752008,-4.393123087746285
v8,feat_gbm,0.5,46,328,-0.15151412441205167,0.6439364857563509
v8,feat_gbm,0.5,46,329,-2.513363125092287,-2.60760252445046
v8,feat_gbm,0.5,46,330,0.6518770893267057,0.46983427811083467
v8,feat_gbm,0.5,46,331,-1.7134378946751894,-1.149354435920189
v8,feat_gbm,0.5,46,332,-1.8696410737615845,-1.0961264399974935
v8,feat_gbm,0.5,46,333,1.0255289565796588,1.4253561556633074
v8,feat_gbm,0.5,46,334,1.2532921952459866,1.0406546288822482
v8,feat_gbm,0.5,46,335,-0.2941617615652311,-0.1286217558512718
v8,feat_gbm,0.5,46,336,-1.682721819670756,-1.7275974260064488
v8,feat_gbm,0.5,46,337,-3.875616244811494,-4.535227665039715
v8,feat_gbm,0.5,46,338,-0.4477759181242297,-1.078833843619319
v8,feat_gbm,0.5,46,339,-2.6974333024182036,-2.035297396751524
v8,feat_gbm,0.5,46,340,0.4324713443816138,0.4788286932125707
v8,feat_gbm,0.5,46,341,-1.284033999697301,-0.4595082096564039
v8,feat_gbm,0.5,46,342,-3.276463419628166,-3.653430804591794
v8,feat_gbm,0.5,46,343,-0.05489673502694318,0.2834522663037432
v8,feat_gbm,0.5,46,344,0.07967272913790975,-0.15984972455285287
v8,feat_gbm,0.5,46,345,-2.7596011375644913,-3.8822970119574354
v8,feat_gbm,0.5,46,346,-2.6963731060307525,-2.5801989990218064
v8,feat_gbm,0.5,46,347,-3.2390933110136313,-3.2622630695286134
v8,feat_gbm,0.5,46,348,-0.3736000689771836,-0.4894561152880944
v8,feat_gbm,0.5,46,349,-2.5848531790991074,-3.0223552414624764
v8,feat_gbm,0.5,46,350,0.6214920632055138,0.4215072765335228
v8,feat_gbm,0.5,46,351,-1.7852471967407828,-1.8152752103400673
v8,feat_gbm,0.5,46,352,0.983636090735705,1.102263670511441
v8,feat_gbm,0.5,46,353,0.799418578440913,1.4454852001466738
v8,feat_gbm,0.5,46,354,-3.323664338270026,-3.6770060333191017
v8,feat_gbm,0.5,46,355,-3.3299824725878415,-5.078652858832153
v8,feat_gbm,0.5,46,356,0.556713408867403,0.7815322159665122
v8,feat_gbm,0.5,46,357,0.5668450886736701,0.6775133790495483
v8,feat_gbm,0.5,46,358,-3.0866797468541396,-3.5163570325540956
v8,feat_gbm,0.5,46,359,-1.15458852604415,-4.157760523739404
v8,feat_gbm,0.5,46,360,-0.7496643744182616,-0.18386357284099003
v8,feat_gbm,0.5,46,361,-3.5271737547216797,-4.477383009144865
v8,feat_gbm,0.5,46,362,0.31483501797900254,0.2909126951240761
v8,feat_gbm,0.5,46,363,-3.3295201999861135,-3.5121531596302606
v8,feat_gbm,0.5,46,364,-0.7819006669645296,-0.0019354464452207268
v8,feat_gbm,0.5,46,365,-3.2585290739660313,-3.264666087597375
v8,feat_gbm,0.5,46,366,-2.3443819749678574,-1.4961090632143375
v8,feat_gbm,0.5,46,367,-0.062436932557816856,-0.10305907560987346
v8,feat_gbm,0.5,46,368,0.20185668584769637,0.24601275195113992
v8,feat_gbm,0.5,46,369,-1.1923584539296013,-1.6400355118163064
v8,feat_gbm,0.5,46,370,-2.1561590873149825,-1.5399226532969161
v8,feat_gbm,0.5,46,371,-0.5597554026408266,-0.3336387161155974
v8,feat_gbm,0.5,46,372,0.11098551181901677,0.3185760540422761
v8,feat_gbm,0.5,46,373,-0.23454940853557943,-0.30756424411789
v8,feat_gbm,0.5,46,374,-3.4642234028718213,-3.551435429619069
v8,feat_gbm,0.5,46,375,0.2620967897538765,-0.12846918127015178
v8,feat_gbm,0.5,46,376,0.5628177568561791,0.43413099611324796
v8,feat_gbm,0.5,46,377,0.7010707983210648,0.8095384731463161
v8,feat_gbm,0.5,46,378,0.39791580647064334,0.20303525329731625
v8,feat_gbm,0.5,46,379,0.2656608793806422,0.524784145223057
v8,feat_gbm,0.5,46,380,0.3970445163869273,0.8722609808312535
v8,feat_gbm,0.5,46,381,0.21016823250237796,1.0190202163897197
v8,feat_gbm,0.5,46,382,0.41716159963453353,1.2715191268303472
v8,feat_gbm,0.5,46,383,-0.04451445107846175,-0.13923746667536385
v8,feat_gbm,0.5,46,384,-0.99878738981576,-1.7983983483294153
v8,feat_gbm,0.5,46,385,0.5678957289375285,0.5606037150840157
v8,feat_gbm,0.5,46,386,0.7333748994926728,0.6003456151224621
v8,feat_gbm,0.5,46,387,0.9470012698326828,1.3071718981356573
v8,feat_gbm,0.5,46,388,-0.0014294969618604905,-0.19457283568776126
v8,feat_gbm,0.5,46,389,-1.3846580980710044,-0.981880356960367
v8,feat_gbm,0.5,46,390,-2.4819871011919847,-2.628024059072158
v8,feat_gbm,0.5,46,391,-2.1445609076831644,-2.479262758098376
v8,feat_gbm,0.5,46,392,-2.2116388321662033,-2.207941629114672
v8,feat_gbm,0.5,46,393,-2.447148973082661,-2.806586620215901
v8,feat_gbm,0.5,46,394,-0.49595277534072424,-0.16842623590390868
v8,feat_gbm,0.5,46,395,0.24473654974465128,0.3596423409999632
v8,feat_gbm,0.5,46,396,-3.139954066200364,-3.117667066362407
v8,feat_gbm,0.5,46,397,0.6817205995113323,0.6134086288650079
v8,feat_gbm,0.5,46,398,0.44619429031447344,0.5049020087080688
v8,feat_gbm,0.5,46,399,-0.93172125122074,-1.0548605918119196
v8,feat_gbm,0.5,46,400,-3.3725986183395142,-2.877676775828332
v8,feat_gbm,0.5,46,401,0.21626027008215482,0.015654415635624343
v8,feat_gbm,0.5,46,402,-0.6907398714767544,-0.7027824676465185
v8,feat_gbm,0.5,46,403,0.20764315991430632,0.6733427913489138
v8,feat_gbm,0.5,46,404,0.18327412944676466,0.03259550049258387
v8,feat_gbm,0.5,46,405,-3.2181355563172405,-3.4179416205706223
v8,feat_gbm,0.5,46,406,-2.2084709947779158,-1.6563158072976616
v8,feat_gbm,0.5,46,407,0.3776751633434302,0.3281041495218151
v8,feat_gbm,0.5,46,408,-1.1156485603019728,-1.498502430121411
v8,feat_gbm,0.5,46,409,-1.1897354068397679,-1.5390850133499359
v8,feat_gbm,0.5,46,410,-2.0253701899377523,-3.8769914364338094
v8,feat_gbm,0.5,46,411,-1.187616893568947,-1.1093409530974205
v8,feat_gbm,0.5,46,412,-2.541159120414636,-2.1356441225652167
v8,feat_gbm,0.5,46,413,0.5292290904380179,0.5613925387002681
v8,feat_gbm,0.5,46,414,-2.594036020104698,-2.672303525149137
v8,feat_gbm,0.5,46,415,0.6926033368739949,0.9887747910888531
v8,feat_gbm,0.5,46,416,-3.3211272571459163,-2.064740642123073
v8,feat_gbm,0.5,46,417,-0.9460520826523054,-0.13534283366780814
v8,feat_gbm,0.5,46,418,0.09510055596797568,0.5266566940316069
v8,feat_gbm,0.5,46,419,-0.6375539524659753,-0.7929716308762645
v8,feat_gbm,0.5,46,420,0.2478504553168783,0.22081989653443584
v8,feat_gbm,0.5,46,421,-3.524770641085356,-3.4911396429773087
v8,feat_gbm,0.5,46,422,-0.17561049360437855,0.4691563032653497
v8,feat_gbm,0.5,46,423,0.016404516399036315,-0.21242164749251408
v8,feat_gbm,0.5,46,424,-3.076502233873237,-2.0235730224261497
v8,feat_gbm,0.5,46,425,-0.3747950009992494,0.1881042769243711
v8,feat_gbm,0.5,46,426,-0.7180924796026568,-0.7546830882020855
v8,feat_gbm,0.5,46,427,-1.670737959277153,-2.004418163271322
v8,feat_gbm,0.5,46,428,0.030637297957581088,0.08108350485015015
v8,feat_gbm,0.5,46,429,-1.6092882057701965,-0.8958783842144782
v8,feat_gbm,0.5,46,430,-1.004933690423273,-0.700178367515834
v8,feat_gbm,0.5,46,431,-2.0052486796928406,-2.026447754843476
v8,feat_gbm,0.5,46,432,-3.3633935677063596,-3.3644112924118934
v8,feat_gbm,0.5,46,433,-2.769863791640449,-2.4777804975332844
v8,feat_gbm,0.5,46,434,-3.4726358683176763,-3.6407879329147783
v8,feat_gbm,0.5,46,435,0.15833141381160062,0.8140524350977956
v8,feat_gbm,0.5,46,436,-0.5682316900281649,-0.6342245759550225
v8,feat_gbm,0.5,46,437,-1.691889713120697,-1.0170271575608654
v8,feat_gbm,0.5,46,438,0.4933258974984113,1.2058566336630974
v8,feat_gbm,0.5,46,439,0.7591114416035536,1.04159183954478
v8,feat_gbm,0.5,46,440,-0.40162785410650714,-0.383754051292973
v8,feat_gbm,0.5,46,441,1.3347293817635504,0.9717849563735496
v8,feat_gbm,0.5,46,442,0.8132582596999964,0.915394257773604
v8,feat_gbm,0.5,46,443,0.06611435019731193,0.17619398118278368
v8,feat_gbm,0.5,46,444,-2.90230461850486,-2.3026142847949007
v8,feat_gbm,0.5,46,445,-0.4012758416880469,-2.156995715227189
v8,feat_gbm,0.5,46,446,-2.191273037045163,-1.9647154613855007
v8,feat_gbm,0.5,46,447,-1.3701727555841012,-1.2167428909736953
v8,feat_gbm,0.5,46,448,-0.8328452096393821,0.371748058948411
v8,feat_gbm,0.5,46,449,-3.026460420679638,-3.354914600670279
v8,feat_gbm,0.5,46,450,-1.4943892558509244,-2.0984010901330774
v8,feat_gbm,0.5,46,451,-1.4681485856943168,-1.8411195968283314
v8,feat_gbm,0.5,46,452,-0.14401561477762714,-0.2866386615093297
v8,feat_gbm,0.5,46,453,-2.2431446548892318,-2.1769502099219324
v8,feat_gbm,0.5,46,454,0.20997095531464255,0.851829112076475
v8,feat_gbm,0.5,46,455,0.18437247490973704,-0.5174982843777256
v8,feat_gbm,0.5,46,456,-2.9888656691803077,-3.7883351795095335
v8,feat_gbm,0.5,46,457,-1.976586158213019,-1.3225504843777425
v8,feat_gbm,0.5,46,458,-0.4079375737092469,-0.6304710111145473
v8,feat_gbm,0.5,46,459,-2.254017764859909,-2.867776928577639
v8,feat_gbm,0.5,46,460,-0.12451426339413772,-0.20106453453544149
v8,feat_gbm,0.5,46,461,0.9710555743051721,0.565413433251147
v8,feat_gbm,0.5,46,462,0.2974550321566155,0.6531860801292728
v8,feat_gbm,0.5,46,463,-3.098896098875951,-3.295531334571209
v8,feat_gbm,0.5,46,464,-1.3898646030086779,-1.118951529136503
v8,feat_gbm,0.5,46,465,-0.0513089333788367,0.08535922256033004
v8,feat_gbm,0.5,46,466,-0.07659074270492046,0.2656879386171551
v8,feat_gbm,0.5,46,467,-1.0334476785012092,-1.0764680911985907
v8,feat_gbm,0.5,46,468,1.9485261692923301,2.2503813782282114
v8,feat_gbm,0.5,46,469,-0.1289602423472164,-0.029700274932011248
v8,feat_gbm,0.5,46,470,-2.1775805098968823,-2.1918010579584375
v8,feat_gbm,0.5,46,471,0.26188156552034253,-0.12537364897776127
v8,feat_gbm,0.5,46,472,-1.3429008267248417,-1.3714574409892777
v8,feat_gbm,0.5,46,473,-1.001361387440239,-1.0216450817816245
v8,feat_gbm,0.5,46,474,-0.9725866313121819,-0.8313233833759152
v8,feat_gbm,0.5,46,475,-2.721131998984038,-3.25243582884057
v8,feat_gbm,0.5,46,476,0.613471266025004,0.8737365575305754
v8,feat_gbm,0.5,46,477,-2.672374192380179,-1.8373017486027088
v8,feat_gbm,0.5,46,478,-1.9095762545803223,-1.909749317133085
v8,feat_gbm,0.5,46,479,0.25213898490872255,0.418341725137149
v8,feat_gbm,0.5,46,480,-2.726092819284515,-2.8689304810445995
v8,feat_gbm,0.5,46,481,-3.2454690712904655,-3.9192950012633494
v8,feat_gbm,0.5,46,482,0.5149572753562142,0.8191907452202399
v8,feat_gbm,0.5,46,483,-2.198954776666174,-2.7371748494528005
v8,feat_gbm,0.5,46,484,-0.11554217678606948,0.043868991079412875
v8,feat_gbm,0.5,46,485,-2.5583130126758697,-3.9571024828402512
v8,feat_gbm,0.5,46,486,-1.1218959234663541,-0.8286091055291892
v8,feat_gbm,0.5,46,487,0.8441865704452886,1.1086460137612473
v8,feat_gbm,0.5,46,488,-0.833938321653944,-1.0899995989348372
v8,feat_gbm,0.5,46,489,-3.0455145847183354,-2.9260181182274523
v8,feat_gbm,0.5,46,490,-0.11961128162148998,0.01778898425240747
v8,feat_gbm,0.5,46,491,-0.29411728064096115,-0.388546054063584
v8,feat_gbm,0.5,46,492,-0.8035904815589044,-0.8483910406321095
v8,feat_gbm,0.5,46,493,-2.472866503935142,-2.4855190663855797
v8,feat_gbm,0.5,46,494,-0.32048300273123065,-0.6027729178489412
v8,feat_gbm,0.5,46,495,-2.4154097306849343,-1.5285925057254015
v8,feat_gbm,0.5,46,496,0.6721888104629856,1.0092174422839322
v8,feat_gbm,0.5,46,497,-2.5829469570278665,-2.421052301727873
v8,feat_gbm,0.5,46,498,-3.2077705005512627,-3.2283141264699093
v8,feat_gbm,0.5,46,499,-3.3689520849238033,-4.907212199848568
v8,feat_gbm,1.0,42,0,-0.46189432243312256,0.03894909458183669
v8,feat_gbm,1.0,42,1,-2.258841579480903,-2.5052564746229193
v8,feat_gbm,1.0,42,2,0.13720093411926348,0.6287827851917782
v8,feat_gbm,1.0,42,3,-3.300258977199602,-3.3447289283878643
v8,feat_gbm,1.0,42,4,1.084832231657642,0.9694015026406426
v8,feat_gbm,1.0,42,5,-1.5747800502380587,-2.4693709778233526
v8,feat_gbm,1.0,42,6,-0.012428304240266332,-0.2819211013310965
v8,feat_gbm,1.0,42,7,0.3738245160550502,0.5289578846490461
v8,feat_gbm,1.0,42,8,0.18865590940766927,0.032863622186365654
v8,feat_gbm,1.0,42,9,0.9212592606367681,0.9352707853930591
v8,feat_gbm,1.0,42,10,-1.5446662648861793,-1.5987558134683666
v8,feat_gbm,1.0,42,11,-3.129801059906495,-3.2678706438993954
v8,feat_gbm,1.0,42,12,-2.6051111402797202,-2.445380546146449
v8,feat_gbm,1.0,42,13,-0.14430923184368308,-0.4471217519653716
v8,feat_gbm,1.0,42,14,-2.027475566411354,-1.8343062920535937
v8,feat_gbm,1.0,42,15,-1.7857802387730626,-2.278287047942225
v8,feat_gbm,1.0,42,16,-1.1154583780037313,-1.113015507562239
v8,feat_gbm,1.0,42,17,-1.6553794192216946,-1.149386040828735
v8,feat_gbm,1.0,42,18,-1.3456102310999198,-0.4541092694382234
v8,feat_gbm,1.0,42,19,-2.4816560005091133,-2.8798658660471284
v8,feat_gbm,1.0,42,20,-3.2409597379716257,-3.281006200299989
v8,feat_gbm,1.0,42,21,-1.594957097332401,-0.7889402030111288
v8,feat_gbm,1.0,42,22,-0.5223324501252892,-0.48114593055133975
v8,feat_gbm,1.0,42,23,-3.500333272886578,-2.8038114998165153
v8,feat_gbm,1.0,42,24,-3.1521539656948443,-2.6726430450531393
v8,feat_gbm,1.0,42,25,-3.239110495130498,-3.141178249464176
v8,feat_gbm,1.0,42,26,-3.340107215765909,-3.8612362310489847
v8,feat_gbm,1.0,42,27,-2.884390899020881,-3.085821277369337
v8,feat_gbm,1.0,42,28,-2.952597181422675,-2.1153791712035637
v8,feat_gbm,1.0,42,29,-0.7828346867955348,-0.5854112868629942
v8,feat_gbm,1.0,42,30,-0.15027932374541567,0.13849791927417068
v8,feat_gbm,1.0,42,31,-2.5165331425539863,-2.779654184179668
v8,feat_gbm,1.0,42,32,1.0593506231233405,0.9166392391011026
v8,feat_gbm,1.0,42,33,-2.1700388487024487,-2.134444297962007
v8,feat_gbm,1.0,42,34,0.5978501168022399,1.1224191581864646
v8,feat_gbm,1.0,42,35,-3.317725611436181,-2.7514680837461087
v8,feat_gbm,1.0,42,36,0.4496820357409727,0.7493710802437775
v8,feat_gbm,1.0,42,37,-1.8182404799124687,-2.157600461660938
v8,feat_gbm,1.0,42,38,-1.2609839200816617,-1.7436371170468024
v8,feat_gbm,1.0,42,39,0.6090719537316284,0.632388610685479
v8,feat_gbm,1.0,42,40,-2.3894810528814334,-1.5024753827969588
v8,feat_gbm,1.0,42,41,-2.9777584835141844,-2.936018587066778
v8,feat_gbm,1.0,42,42,-0.6652654609765642,-0.06406961406287034
v8,feat_gbm,1.0,42,43,-0.6311386318949367,-0.43711075337934485
v8,feat_gbm,1.0,42,44,1.0633513017269562,0.521724778538647
v8,feat_gbm,1.0,42,45,0.5918251296088675,-0.02881562555915001
v8,feat_gbm,1.0,42,46,-2.389402627439733,-2.6856700943784895
v8,feat_gbm,1.0,42,47,-3.08372752521366,-3.3419513202228783
v8,feat_gbm,1.0,42,48,-0.002274936836910855,-0.35240032436669677
v8,feat_gbm,1.0,42,49,-3.4579263851774362,-4.466027560457086
v8,feat_gbm,1.0,42,50,-1.1568206569372033,-1.2227887404747313
v8,feat_gbm,1.0,42,51,-3.529451336917857,-4.168130875201601
v8,feat_gbm,1.0,42,52,-1.4298676291651353,-2.1825653069440887
v8,feat_gbm,1.0,42,53,-2.950304613378361,-2.816977102698189
v8,feat_gbm,1.0,42,54,-0.5989429598037509,-0.9520374156321785
v8,feat_gbm,1.0,42,55,0.5419424776573623,0.800460094219776
v8,feat_gbm,1.0,42,56,0.23732935315352674,0.2782562560211116
v8,feat_gbm,1.0,42,57,-0.36136238358294953,-0.7855200046266205
v8,feat_gbm,1.0,42,58,-3.3299379564081666,-2.837973637743256
v8,feat_gbm,1.0,42,59,-0.2069013331056574,0.3653424354755994
v8,feat_gbm,1.0,42,60,-2.267777963343878,-3.145987746693799
v8,feat_gbm,1.0,42,61,-2.759054060957279,-2.1381844357326614
v8,feat_gbm,1.0,42,62,0.18311742786038557,0.3908315550690521
v8,feat_gbm,1.0,42,63,-3.220459466095636,-3.259739876316779
v8,feat_gbm,1.0,42,64,-2.4417612990736184,-3.799325775609258
v8,feat_gbm,1.0,42,65,0.8280440110008681,0.2842997557356093
v8,feat_gbm,1.0,42,66,0.5144765968021443,0.9099380077885143
v8,feat_gbm,1.0,42,67,0.24592329573167743,0.5741223235018287
v8,feat_gbm,1.0,42,68,1.1070818436372731,1.3807263582335993
v8,feat_gbm,1.0,42,69,0.17286775130356707,2.7357387204405055
v8,feat_gbm,1.0,42,70,0.15499499189975038,-0.3782017485149665
v8,feat_gbm,1.0,42,71,-0.8757289918904392,-0.6946521973220513
v8,feat_gbm,1.0,42,72,-3.4571762284366763,-3.510295151868067
v8,feat_gbm,1.0,42,73,-0.37596902601272864,-0.3643686170400702
v8,feat_gbm,1.0,42,74,1.5639472835944186,1.1835884152793859
v8,feat_gbm,1.0,42,75,-0.058817409797183355,-0.38644824542838596
v8,feat_gbm,1.0,42,76,0.5796887949412846,0.7005004452467647
v8,feat_gbm,1.0,42,77,0.20102623144764467,0.3770911051312199
v8,feat_gbm,1.0,42,78,-0.2433729657226412,-0.5374783823521183
v8,feat_gbm,1.0,42,79,-2.705087958579338,-3.2499450611549854
v8,feat_gbm,1.0,42,80,-1.969646124460406,-1.719925172279684
v8,feat_gbm,1.0,42,81,0.39565323332247093,1.8185710395242058
v8,feat_gbm,1.0,42,82,-1.6230331528477187,-1.0758778979961314
v8,feat_gbm,1.0,42,83,-0.08182297749232041,-0.8033140510569362
v8,feat_gbm,1.0,42,84,-2.0205421627540328,-2.0837035815006346
v8,feat_gbm,1.0,42,85,-2.4553725298746207,-1.2430797823904942
v8,feat_gbm,1.0,42,86,0.9308552775979951,0.639317965424242
v8,feat_gbm,1.0,42,87,-0.4692417920259389,-0.02321591952008587
v8,feat_gbm,1.0,42,88,-2.265023453383209,-3.512086916650174
v8,feat_gbm,1.0,42,89,-1.851504061820726,-1.684363733317816
v8,feat_gbm,1.0,42,90,-3.205989811914743,-3.5341996208099964
v8,feat_gbm,1.0,42,91,0.7903893709447498,1.1574629997660548
v8,feat_gbm,1.0,42,92,-1.1428847209208557,-0.7651863719989663
v8,feat_gbm,1.0,42,93,-2.003132090443479,-5.7708125015304885
v8,feat_gbm,1.0,42,94,0.10424145628237148,0.07374698385127064
v8,feat_gbm,1.0,42,95,-0.4262092147734024,1.201566413592891
v8,feat_gbm,1.0,42,96,1.4329255188339802,1.2655480006709303
v8,feat_gbm,1.0,42,97,-2.9565390121501354,-3.2217777708537843
v8,feat_gbm,1.0,42,98,-1.0368600852132335,-1.2120387208328698
v8,feat_gbm,1.0,42,99,-0.37786597098489655,-0.04015373686183237
v8,feat_gbm,1.0,42,100,-3.4938421722029043,-2.8384481914339785
v8,feat_gbm,1.0,42,101,-3.1490349784299734,-3.541068619782685
v8,feat_gbm,1.0,42,102,-3.3759418940409933,-4.424727465058162
v8,feat_gbm,1.0,42,103,-0.8151658056821453,-0.7652009130347144
v8,feat_gbm,1.0,42,104,-0.27956993974246885,-0.406664655497914
v8,feat_gbm,1.0,42,105,-2.2628327582002994,-2.8019031633754246
v8,feat_gbm,1.0,42,106,-1.4637168264947886,-1.1978192780958505
v8,feat_gbm,1.0,42,107,-1.528067010469975,-1.2497822804421463
v8,feat_gbm,1.0,42,108,-0.029597776529824787,-0.2003702404752673
v8,feat_gbm,1.0,42,109,-1.1901951606739702,-0.28745536208379296
v8,feat_gbm,1.0,42,110,0.4406624091594191,0.2838469771831524
v8,feat_gbm,1.0,42,111,0.0035445524313058975,0.6579850926301614
v8,feat_gbm,1.0,42,112,-0.18108164017330974,-0.4279263804064609
v8,feat_gbm,1.0,42,113,0.17222406626741296,0.527327823801956
v8,feat_gbm,1.0,42,114,-2.897124738846145,-3.652947895428966
v8,feat_gbm,1.0,42,115,-0.309891408403896,-0.04287987221360797
v8,feat_gbm,1.0,42,116,-2.884396435265979,-3.4409421360670214
v8,feat_gbm,1.0,42,117,-2.7743192290002776,-2.4284095097884006
v8,feat_gbm,1.0,42,118,-1.7909266126703887,-1.419217075367618
v8,feat_gbm,1.0,42,119,-0.960054733078342,-1.4944271796191557
v8,feat_gbm,1.0,42,120,-3.4661195326039422,-2.797137626437216
v8,feat_gbm,1.0,42,121,0.7043024136905459,3.1321125804877905
v8,feat_gbm,1.0,42,122,-1.4131442748145786,-3.164895556438051
v8,feat_gbm,1.0,42,123,0.11442414981269605,-0.021234684620174846
v8,feat_gbm,1.0,42,124,-1.8592075472402425,-1.246001114532972
v8,feat_gbm,1.0,42,125,-2.1501851104547036,-2.7130193085566443
v8,feat_gbm,1.0,42,126,-1.225815452877065,-2.0560780011130944
v8,feat_gbm,1.0,42,127,-2.101205695831957,-1.631222331554067
v8,feat_gbm,1.0,42,128,-1.3754481054695422,-3.477307725783656
v8,feat_gbm,1.0,42,129,-0.03937723885275771,1.7007542891568868
v8,feat_gbm,1.0,42,130,-1.7086195640469921,-3.4021624962570822
v8,feat_gbm,1.0,42,131,-3.5068933611826316,-3.701149444421242
v8,feat_gbm,1.0,42,132,-0.9318212564114493,-0.4116741376471012
v8,feat_gbm,1.0,42,133,-0.8518669185699685,-0.5680375850475197
v8,feat_gbm,1.0,42,134,-2.7486823034018193,-1.4788189923590598
v8,feat_gbm,1.0,42,135,-2.6738568319486835,-2.9896549957503007
v8,feat_gbm,1.0,42,136,0.20540538249047646,0.11194117436713467
v8,feat_gbm,1.0,42,137,1.102644645171866,1.7147062893715772
v8,feat_gbm,1.0,42,138,-2.825178003669755,-1.9709125209383296
v8,feat_gbm,1.0,42,139,-0.23391027015041368,0.19937477723826902
v8,feat_gbm,1.0,42,140,-2.298900078421148,-2.8223726616431475
v8,feat_gbm,1.0,42,141,-0.4884933902260845,-0.12380828599000025
v8,feat_gbm,1.0,42,142,-2.0297345421163895,-2.97521232911642
v8,feat_gbm,1.0,42,143,-2.014371832998676,-1.9484557479617686
v8,feat_gbm,1.0,42,144,0.6420167968313345,1.244093655886106
v8,feat_gbm,1.0,42,145,-1.9027163538127168,-2.0280859266176816
v8,feat_gbm,1.0,42,146,-2.6049238758110156,-2.0754073031653366
v8,feat_gbm,1.0,42,147,-0.10495333491744896,-0.11331641159387335
v8,feat_gbm,1.0,42,148,-2.5435816689990647,-2.620298039600635
v8,feat_gbm,1.0,42,149,-3.079065665128291,-3.8395532227602396
v8,feat_gbm,1.0,42,150,-0.7512715100213305,-2.149698272240366
v8,feat_gbm,1.0,42,151,-3.0039269432507587,-3.1594376779318036
v8,feat_gbm,1.0,42,152,-2.1413561783735453,-2.7712141114581046
v8,feat_gbm,1.0,42,153,-1.4614366555805771,-1.1483368403810985
v8,feat_gbm,1.0,42,154,-1.8099097887977085,-1.4700676700115773
v8,feat_gbm,1.0,42,155,0.9551181708038041,1.4088416749712322
v8,feat_gbm,1.0,42,156,0.21212477886256467,0.7564704220494097
v8,feat_gbm,1.0,42,157,-1.3916047620617664,-1.7148995557963913
v8,feat_gbm,1.0,42,158,-1.2582423602517867,-2.8595355115547196
v8,feat_gbm,1.0,42,159,-1.195373293247545,-0.9922400520728849
v8,feat_gbm,1.0,42,160,1.6532960771604333,1.8585227307534937
v8,feat_gbm,1.0,42,161,-3.008985041615059,-2.477654537850602
v8,feat_gbm,1.0,42,162,-3.21803368250722,-2.993764039868935
v8,feat_gbm,1.0,42,163,-1.205283423948873,-1.1722671160336509
v8,feat_gbm,1.0,42,164,-2.488114910919863,-1.6577576086204497
v8,feat_gbm,1.0,42,165,-2.558872905699352,-2.9770186999323642
v8,feat_gbm,1.0,42,166,-3.0056614212311756,-3.2329952824425443
v8,feat_gbm,1.0,42,167,-0.010397945544339753,0.19550508612775644
v8,feat_gbm,1.0,42,168,-1.1380816431377967,-1.2639642813248737
v8,feat_gbm,1.0,42,169,1.3229187844261454,1.4224064134580066
v8,feat_gbm,1.0,42,170,-2.1662816534796514,-1.5303724784706008
v8,feat_gbm,1.0,42,171,0.4217912737976735,0.6086346650572224
v8,feat_gbm,1.0,42,172,-0.12596610251086446,-0.052232489626048526
v8,feat_gbm,1.0,42,173,-0.47917688377713985,-0.19074605880313256
v8,feat_gbm,1.0,42,174,-2.412691512634327,-2.7678232596734214
v8,feat_gbm,1.0,42,175,-2.2252000713010673,-1.6557092188829319
v8,feat_gbm,1.0,42,176,0.5828839577088643,0.12081831439914445
v8,feat_gbm,1.0,42,177,0.08141071511331377,3.7031714993021168
v8,feat_gbm,1.0,42,178,-0.17752099690248552,-0.17761292562564054
v8,feat_gbm,1.0,42,179,0.17767188914556373,0.2295122735959306
v8,feat_gbm,1.0,42,180,-1.381418081208685,-1.6401012725318311
v8,feat_gbm,1.0,42,181,-2.663921766190917,-3.399461101549646
v8,feat_gbm,1.0,42,182,0.36983237711395844,0.5421608664871393
v8,feat_gbm,1.0,42,183,-3.033179010456487,-3.7858185839721776
v8,feat_gbm,1.0,42,184,0.4262679855944014,0.4440956773301304
v8,feat_gbm,1.0,42,185,-0.02696397793209682,0.5450962365111649
v8,feat_gbm,1.0,42,186,-2.769757536134255,-3.094441269353033
v8,feat_gbm,1.0,42,187,0.5842107520037828,1.436275522654785
v8,feat_gbm,1.0,42,188,0.028621895552962354,-0.003208414280501246
v8,feat_gbm,1.0,42,189,-2.281073005815636,-2.0766448721687736
v8,feat_gbm,1.0,42,190,-3.3786010781817333,-2.887011097372245
v8,feat_gbm,1.0,42,191,-0.18908363717034263,-0.19564387773269687
v8,feat_gbm,1.0,42,192,-1.8400381224538604,-3.39219136175158
v8,feat_gbm,1.0,42,193,-3.886956326019008,-4.804455114758695
v8,feat_gbm,1.0,42,194,-0.6151123636958772,-0.23230879418151415
v8,feat_gbm,1.0,42,195,0.7571676882870401,0.7768952289284052
v8,feat_gbm,1.0,42,196,-3.3849133939584175,-3.0758975731441707
v8,feat_gbm,1.0,42,197,1.7004543604574522,1.8852948766094535
v8,feat_gbm,1.0,42,198,-0.044341610237102466,-0.07474663349946693
v8,feat_gbm,1.0,42,199,1.32365908231954,0.9295509098669842
v8,feat_gbm,1.0,42,200,-0.04559125385010877,0.40408761039079466
v8,feat_gbm,1.0,42,201,-1.40677448213377,-1.0185563947000995
v8,feat_gbm,1.0,42,202,-1.5427159362166076,-1.5812541435625456
v8,feat_gbm,1.0,42,203,-1.9272576088762339,-2.9269603411540346
v8,feat_gbm,1.0,42,204,-0.2842436747639537,-0.9368237022381455
v8,feat_gbm,1.0,42,205,-0.8399205814413573,-0.771906247259438
v8,feat_gbm,1.0,42,206,-2.068972090246077,-1.4457766532498904
v8,feat_gbm,1.0,42,207,-2.582794558845828,-2.4752738768021185
v8,feat_gbm,1.0,42,208,-3.414952672590943,-2.8789590131308262
v8,feat_gbm,1.0,42,209,-3.0431304458598585,-2.6986856152036793
v8,feat_gbm,1.0,42,210,0.08723034937842883,0.05837096406180189
v8,feat_gbm,1.0,42,211,-1.9802978320524782,-2.2327070274631113
v8,feat_gbm,1.0,42,212,-0.07265665986611454,0.15758807445032513
v8,feat_gbm,1.0,42,213,0.6852587075857579,0.5234750924970406
v8,feat_gbm,1.0,42,214,0.23811702865383944,0.8312555987922697
v8,feat_gbm,1.0,42,215,-1.896564655667233,-0.7699972654610447
v8,feat_gbm,1.0,42,216,-2.142553688559683,-2.4368834827463726
v8,feat_gbm,1.0,42,217,-3.5687268256422993,-3.7421886443248944
v8,feat_gbm,1.0,42,218,-2.800166325212631,-4.3753265313120195
v8,feat_gbm,1.0,42,219,0.5120492253283084,0.13181597567614448
v8,feat_gbm,1.0,42,220,-2.289129342798097,-2.150299196146146
v8,feat_gbm,1.0,42,221,0.20257760929884946,0.4316281043505307
v8,feat_gbm,1.0,42,222,0.6265862903577228,0.20581216265343685
v8,feat_gbm,1.0,42,223,-1.2201433522427485,-1.7226779576420432
v8,feat_gbm,1.0,42,224,0.6100716455550576,1.0701061526100661
v8,feat_gbm,1.0,42,225,-3.2423168927583577,-2.995983076644188
v8,feat_gbm,1.0,42,226,0.18334214807848742,-0.39103048890459524
v8,feat_gbm,1.0,42,227,-2.2115152113785297,-2.811377433191803
v8,feat_gbm,1.0,42,228,-0.30940715999945845,0.1103569248772952
v8,feat_gbm,1.0,42,229,0.48636681679295474,1.0926797996732165
v8,feat_gbm,1.0,42,230,-1.929517907327558,-1.1465469989616057
v8,feat_gbm,1.0,42,231,-3.419612299102603,-3.7045714701961474
v8,feat_gbm,1.0,42,232,-0.06795354205335026,-0.3205795311611984
v8,feat_gbm,1.0,42,233,-0.042831038096979496,-0.7282288274356463
v8,feat_gbm,1.0,42,234,0.5555640826680075,-0.6143938277881194
v8,feat_gbm,1.0,42,235,-3.5493339396698365,-3.717493513170671
v8,feat_gbm,1.0,42,236,-1.7369889523800226,-1.894186438607053
v8,feat_gbm,1.0,42,237,0.17193364381665271,0.19101892391720615
v8,feat_gbm,1.0,42,238,-2.4218244166369995,-2.723653519266766
v8,feat_gbm,1.0,42,239,0.3879709046313447,0.28172679866345784
v8,feat_gbm,1.0,42,240,-0.8513931955295739,-0.570916259780521
v8,feat_gbm,1.0,42,241,-1.657343811889768,-3.037607674189957
v8,feat_gbm,1.0,42,242,-3.1100732002187055,-2.4824067099880884
v8,feat_gbm,1.0,42,243,0.6748623774711889,1.793244191067856
v8,feat_gbm,1.0,42,244,-2.6986955576208276,-2.170563194223024
v8,feat_gbm,1.0,42,245,-2.9976919866301106,-2.5580286375581696
v8,feat_gbm,1.0,42,246,-2.64262346498942,-3.9013363177662743
v8,feat_gbm,1.0,42,247,-0.8521698811848684,-1.2689211715035387
v8,feat_gbm,1.0,42,248,-2.803729693411855,-2.89795980370705
v8,feat_gbm,1.0,42,249,-1.244553839427128,-1.149470325468549
v8,feat_gbm,1.0,42,250,-1.962295380788907,-2.1803876537888693
v8,feat_gbm,1.0,42,251,-1.8776071753102028,-1.2010659028736028
v8,feat_gbm,1.0,42,252,-2.469176225862636,-2.675840590612525
v8,feat_gbm,1.0,42,253,-1.262703221889646,-0.865421424414132
v8,feat_gbm,1.0,42,254,-1.447801549686153,-0.45089388998719687
v8,feat_gbm,1.0,42,255,-1.7845694281564042,-1.477655138121315
v8,feat_gbm,1.0,42,256,-2.2799038985825923,-1.9234128661936198
v8,feat_gbm,1.0,42,257,-1.942744240628089,-0.8895479413744646
v8,feat_gbm,1.0,42,258,-1.2474293505637577,-1.284701881398344
v8,feat_gbm,1.0,42,259,-0.24183918823656939,0.03791276039075724
v8,feat_gbm,1.0,42,260,-2.56700990285848,-1.213907680807544
v8,feat_gbm,1.0,42,261,0.18660004528142518,-0.6937064881158975
v8,feat_gbm,1.0,42,262,-1.4920301436361334,-2.500344974429108
v8,feat_gbm,1.0,42,263,-3.059662046981137,-3.0782877743164985
v8,feat_gbm,1.0,42,264,-3.797392043242281,-3.2702790535172426
v8,feat_gbm,1.0,42,265,-0.237979935033411,-0.15746453031192983
v8,feat_gbm,1.0,42,266,-1.7542117946629396,-1.3930653126164372
v8,feat_gbm,1.0,42,267,-3.1015513206647727,-3.460520174484755
v8,feat_gbm,1.0,42,268,-2.122437354183855,-1.8115923421665279
v8,feat_gbm,1.0,42,269,-0.10217406633682469,-0.04785951915829837
v8,feat_gbm,1.0,42,270,-1.144621255204233,-1.3387838926701625
v8,feat_gbm,1.0,42,271,0.7247078921375364,0.6172482925771328
v8,feat_gbm,1.0,42,272,-0.045225716384864806,0.10718580269537517
v8,feat_gbm,1.0,42,273,-2.1868801536321234,-2.4250613993713395
v8,feat_gbm,1.0,42,274,-0.3001601978301823,-0.4656136934058211
v8,feat_gbm,1.0,42,275,-2.620720779995934,-1.7679071058666047
v8,feat_gbm,1.0,42,276,-0.9599044829509127,-0.15192249005847586
v8,feat_gbm,1.0,42,277,-0.11020789145759721,-0.22686658439221394
v8,feat_gbm,1.0,42,278,-0.6124924818127822,-0.3963273628232521
v8,feat_gbm,1.0,42,279,-2.5469214766829156,-2.1916982233579314
v8,feat_gbm,1.0,42,280,0.7764779399332404,0.5138857123822332
v8,feat_gbm,1.0,42,281,0.15905630484350816,0.13501120436460418
v8,feat_gbm,1.0,42,282,0.0020159854705084843,-0.35232291748203215
v8,feat_gbm,1.0,42,283,0.4015717475906948,0.33710059568630363
v8,feat_gbm,1.0,42,284,1.9145629785164782,2.2269494594330284
v8,feat_gbm,1.0,42,285,-1.1615697228099913,-0.8523290277873723
v8,feat_gbm,1.0,42,286,0.08487748369600982,0.5032694866056324
v8,feat_gbm,1.0,42,287,-2.8937378492349866,-3.0734310124071125
v8,feat_gbm,1.0,42,288,-2.796604853053153,-3.0969464995649485
v8,feat_gbm,1.0,42,289,0.6079973637180587,0.8088909840914691
v8,feat_gbm,1.0,42,290,-1.8339377020041463,-1.710735902712342
v8,feat_gbm,1.0,42,291,0.3810812035226205,-0.24588513525180683
v8,feat_gbm,1.0,42,292,-2.9627793217068246,-2.9910915714149957
v8,feat_gbm,1.0,42,293,-0.09720877657205829,0.24397961438558982
v8,feat_gbm,1.0,42,294,0.646576357841963,0.9827222917401395
v8,feat_gbm,1.0,42,295,0.8831939884639803,1.5399914318848642
v8,feat_gbm,1.0,42,296,-2.289445606873345,-3.028104854063688
v8,feat_gbm,1.0,42,297,-0.9942233185082869,-1.9675880903276046
v8,feat_gbm,1.0,42,298,0.7199407210847005,0.3882116190950413
v8,feat_gbm,1.0,42,299,-0.613307505909462,-0.4169590587595381
v8,feat_gbm,1.0,42,300,-0.7547352358856547,-0.47104701624968015
v8,feat_gbm,1.0,42,301,-0.5678764170343322,-0.5788171023402015
v8,feat_gbm,1.0,42,302,-2.91702211256962,-3.325334912618423
v8,feat_gbm,1.0,42,303,-0.2643712124831104,0.27214776974989446
v8,feat_gbm,1.0,42,304,0.08775209842008673,0.2838761456734127
v8,feat_gbm,1.0,42,305,0.6830397484183321,0.98356576927226
v8,feat_gbm,1.0,42,306,-2.082318839604657,-2.324804251846344
v8,feat_gbm,1.0,42,307,-0.35310592968239196,-0.30060412365222405
v8,feat_gbm,1.0,42,308,-2.9888793831370846,-3.5706943269006843
v8,feat_gbm,1.0,42,309,0.267871317266037,0.7657986236992217
v8,feat_gbm,1.0,42,310,-0.26116456074820554,-0.3760212383278314
v8,feat_gbm,1.0,42,311,1.0006828911482841,0.903367601886353
v8,feat_gbm,1.0,42,312,0.5569030495926097,0.2834145554969618
v8,feat_gbm,1.0,42,313,0.0026713654014344644,-0.8750381269167363
v8,feat_gbm,1.0,42,314,-0.7414084404905394,-0.8911054934067958
v8,feat_gbm,1.0,42,315,0.27420582928904885,0.2699623908229132
v8,feat_gbm,1.0,42,316,-3.56955783071547,-4.034449774534175
v8,feat_gbm,1.0,42,317,0.42317584248394524,0.7302045063515665
v8,feat_gbm,1.0,42,318,-2.811460651191365,-2.5264159394565007
v8,feat_gbm,1.0,42,319,-3.430665297150145,-3.1280680478747835
v8,feat_gbm,1.0,42,320,0.12319397014677401,-0.623194388118803
v8,feat_gbm,1.0,42,321,-3.7619557594163457,-4.172922463867305
v8,feat_gbm,1.0,42,322,1.2820124133161368,1.0714029341973417
v8,feat_gbm,1.0,42,323,-2.997225693886999,-2.5538050374755565
v8,feat_gbm,1.0,42,324,-1.550785619565936,-1.5310020975326282
v8,feat_gbm,1.0,42,325,-0.4379010770548375,-0.735749980772127
v8,feat_gbm,1.0,42,326,-0.6748982309381443,-0.5010306012352705
v8,feat_gbm,1.0,42,327,-3.9187313980111007,-4.393123087746285
v8,feat_gbm,1.0,42,328,0.14787791965427924,0.6439364857563509
v8,feat_gbm,1.0,42,329,-2.7749860621780624,-2.60760252445046
v8,feat_gbm,1.0,42,330,0.5583614177012277,0.46983427811083467
v8,feat_gbm,1.0,42,331,-1.3445563878592457,-1.149354435920189
v8,feat_gbm,1.0,42,332,-1.754058632577151,-1.0961264399974935
v8,feat_gbm,1.0,42,333,0.8323260718092732,1.4253561556633074
v8,feat_gbm,1.0,42,334,0.9493579621735915,1.0406546288822482
v8,feat_gbm,1.0,42,335,-0.22343046514347545,-0.1286217558512718
v8,feat_gbm,1.0,42,336,-1.8774085526152846,-1.7275974260064488
v8,feat_gbm,1.0,42,337,-3.6955789280174507,-4.535227665039715
v8,feat_gbm,1.0,42,338,0.11030573712963192,-1.078833843619319
v8,feat_gbm,1.0,42,339,-2.8668342577929544,-2.035297396751524
v8,feat_gbm,1.0,42,340,0.3883412105941083,0.4788286932125707
v8,feat_gbm,1.0,42,341,-1.6783048295596559,-0.4595082096564039
v8,feat_gbm,1.0,42,342,-3.1903049610183385,-3.653430804591794
v8,feat_gbm,1.0,42,343,0.441442004640701,0.2834522663037432
v8,feat_gbm,1.0,42,344,-0.11958325390119355,-0.15984972455285287
v8,feat_gbm,1.0,42,345,-2.428849249288214,-3.8822970119574354
v8,feat_gbm,1.0,42,346,-2.6282624614885606,-2.5801989990218064
v8,feat_gbm,1.0,42,347,-3.1935150853596546,-3.2622630695286134
v8,feat_gbm,1.0,42,348,-0.6088862978204895,-0.4894561152880944
v8,feat_gbm,1.0,42,349,-2.315036039931301,-3.0223552414624764
v8,feat_gbm,1.0,42,350,0.6133825303356913,0.4215072765335228
v8,feat_gbm,1.0,42,351,-2.2036454335152955,-1.8152752103400673
v8,feat_gbm,1.0,42,352,0.5682919409389198,1.102263670511441
v8,feat_gbm,1.0,42,353,1.0216097072697896,1.4454852001466738
v8,feat_gbm,1.0,42,354,-3.045656795375267,-3.6770060333191017
v8,feat_gbm,1.0,42,355,-3.680391677722599,-5.078652858832153
v8,feat_gbm,1.0,42,356,0.1108042710339629,0.7815322159665122
v8,feat_gbm,1.0,42,357,0.2525974240491159,0.6775133790495483
v8,feat_gbm,1.0,42,358,-3.0526431340437754,-3.5163570325540956
v8,feat_gbm,1.0,42,359,-1.2981509309600023,-4.157760523739404
v8,feat_gbm,1.0,42,360,-1.0327632762841048,-0.18386357284099003
v8,feat_gbm,1.0,42,361,-3.4002096730532334,-4.477383009144865
v8,feat_gbm,1.0,42,362,-0.08035484009802434,0.2909126951240761
v8,feat_gbm,1.0,42,363,-3.46815492113976,-3.5121531596302606
v8,feat_gbm,1.0,42,364,-0.04741898913651472,-0.0019354464452207268
v8,feat_gbm,1.0,42,365,-2.9798397681985316,-3.264666087597375
v8,feat_gbm,1.0,42,366,-2.5079537696810243,-1.4961090632143375
v8,feat_gbm,1.0,42,367,-0.04753874403426389,-0.10305907560987346
v8,feat_gbm,1.0,42,368,0.052464938161618,0.24601275195113992
v8,feat_gbm,1.0,42,369,-1.4814462109336042,-1.6400355118163064
v8,feat_gbm,1.0,42,370,-2.848434605818123,-1.5399226532969161
v8,feat_gbm,1.0,42,371,-0.6627188373641463,-0.3336387161155974
v8,feat_gbm,1.0,42,372,0.3353224679637013,0.3185760540422761
v8,feat_gbm,1.0,42,373,-0.30061480082720754,-0.30756424411789
v8,feat_gbm,1.0,42,374,-3.4879628163901555,-3.551435429619069
v8,feat_gbm,1.0,42,375,0.28620269263558656,-0.12846918127015178
v8,feat_gbm,1.0,42,376,0.6792859413738815,0.43413099611324796
v8,feat_gbm,1.0,42,377,0.38808716536586796,0.8095384731463161
v8,feat_gbm,1.0,42,378,0.5422414192219727,0.20303525329731625
v8,feat_gbm,1.0,42,379,0.29952664977829807,0.524784145223057
v8,feat_gbm,1.0,42,380,0.15670390802027276,0.8722609808312535
v8,feat_gbm,1.0,42,381,-0.459298366508097,1.0190202163897197
v8,feat_gbm,1.0,42,382,0.18650134617678946,1.2715191268303472
v8,feat_gbm,1.0,42,383,-0.41345690089649034,-0.13923746667536385
v8,feat_gbm,1.0,42,384,-0.6568143343676363,-1.7983983483294153
v8,feat_gbm,1.0,42,385,0.005181370695302471,0.5606037150840157
v8,feat_gbm,1.0,42,386,0.6347046863074866,0.6003456151224621
v8,feat_gbm,1.0,42,387,0.9553464185370403,1.3071718981356573
v8,feat_gbm,1.0,42,388,0.0944411788840808,-0.19457283568776126
v8,feat_gbm,1.0,42,389,-1.256161373792681,-0.981880356960367
v8,feat_gbm,1.0,42,390,-1.8444058192486075,-2.628024059072158
v8,feat_gbm,1.0,42,391,-2.279558252254893,-2.479262758098376
v8,feat_gbm,1.0,42,392,-2.2259557063779805,-2.207941629114672
v8,feat_gbm,1.0,42,393,-1.8295755451783569,-2.806586620215901
v8,feat_gbm,1.0,42,394,-0.34631623230192676,-0.16842623590390868
v8,feat_gbm,1.0,42,395,0.3543261308425393,0.3596423409999632
v8,feat_gbm,1.0,42,396,-2.7698998608581493,-3.117667066362407
v8,feat_gbm,1.0,42,397,0.7710047404778804,0.6134086288650079
v8,feat_gbm,1.0,42,398,0.4522454692594305,0.5049020087080688
v8,feat_gbm,1.0,42,399,-1.1297096910903723,-1.0548605918119196
v8,feat_gbm,1.0,42,400,-3.465526405443197,-2.877676775828332
v8,feat_gbm,1.0,42,401,0.06693570308184663,0.015654415635624343
v8,feat_gbm,1.0,42,402,-0.5628322009983031,-0.7027824676465185
v8,feat_gbm,1.0,42,403,0.42726855321511986,0.6733427913489138
v8,feat_gbm,1.0,42,404,0.06139500471086069,0.03259550049258387
v8,feat_gbm,1.0,42,405,-3.0008455097160547,-3.4179416205706223
v8,feat_gbm,1.0,42,406,-2.313250214502654,-1.6563158072976616
v8,feat_gbm,1.0,42,407,0.14109159797390564,0.3281041495218151
v8,feat_gbm,1.0,42,408,-0.8499675884025386,-1.498502430121411
v8,feat_gbm,1.0,42,409,-1.3817194922491502,-1.5390850133499359
v8,feat_gbm,1.0,42,410,-1.4949873369066131,-3.8769914364338094
v8,feat_gbm,1.0,42,411,-0.7173421755130779,-1.1093409530974205
v8,feat_gbm,1.0,42,412,-2.488127195211407,-2.1356441225652167
v8,feat_gbm,1.0,42,413,0.5716669323841093,0.5613925387002681
v8,feat_gbm,1.0,42,414,-2.608315777518593,-2.672303525149137
v8,feat_gbm,1.0,42,415,0.7865300534856234,0.9887747910888531
v8,feat_gbm,1.0,42,416,-2.760720581008344,-2.064740642123073
v8,feat_gbm,1.0,42,417,-0.7030807626673226,-0.13534283366780814
v8,feat_gbm,1.0,42,418,0.1783217278844566,0.5266566940316069
v8,feat_gbm,1.0,42,419,-0.3978542486685849,-0.7929716308762645
v8,feat_gbm,1.0,42,420,-0.02813162234802027,0.22081989653443584
v8,feat_gbm,1.0,42,421,-3.772046578757208,-3.4911396429773087
v8,feat_gbm,1.0,42,422,-0.1410699666278347,0.4691563032653497
v8,feat_gbm,1.0,42,423,0.004287426323622557,-0.21242164749251408
v8,feat_gbm,1.0,42,424,-3.5711154907296514,-2.0235730224261497
v8,feat_gbm,1.0,42,425,-0.14972304737267914,0.1881042769243711
v8,feat_gbm,1.0,42,426,-0.9690887344828759,-0.7546830882020855
v8,feat_gbm,1.0,42,427,-1.532390041102509,-2.004418163271322
v8,feat_gbm,1.0,42,428,-0.2181805764949941,0.08108350485015015
v8,feat_gbm,1.0,42,429,-1.4827720311627408,-0.8958783842144782
v8,feat_gbm,1.0,42,430,-0.7896351315855632,-0.700178367515834
v8,feat_gbm,1.0,42,431,-2.250714285917811,-2.026447754843476
v8,feat_gbm,1.0,42,432,-3.241235587513393,-3.3644112924118934
v8,feat_gbm,1.0,42,433,-2.8714757798273114,-2.4777804975332844
v8,feat_gbm,1.0,42,434,-3.3853681064706826,-3.6407879329147783
v8,feat_gbm,1.0,42,435,0.40154341335443766,0.8140524350977956
v8,feat_gbm,1.0,42,436,-0.8872022592642906,-0.6342245759550225
v8,feat_gbm,1.0,42,437,-1.0692609180852386,-1.0170271575608654
v8,feat_gbm,1.0,42,438,0.0505766858420736,1.2058566336630974
v8,feat_gbm,1.0,42,439,0.7954987192901438,1.04159183954478
v8,feat_gbm,1.0,42,440,-0.5059716036837916,-0.383754051292973
v8,feat_gbm,1.0,42,441,1.0079278707393171,0.9717849563735496
v8,feat_gbm,1.0,42,442,0.6233685333530318,0.915394257773604
v8,feat_gbm,1.0,42,443,-0.03771403695531285,0.17619398118278368
v8,feat_gbm,1.0,42,444,-2.8765551690734545,-2.3026142847949007
v8,feat_gbm,1.0,42,445,-0.1535227047798108,-2.156995715227189
v8,feat_gbm,1.0,42,446,-2.0091226030730205,-1.9647154613855007
v8,feat_gbm,1.0,42,447,-1.336389323368977,-1.2167428909736953
v8,feat_gbm,1.0,42,448,-0.052500944599372844,0.371748058948411
v8,feat_gbm,1.0,42,449,-2.758337910943571,-3.354914600670279
v8,feat_gbm,1.0,42,450,-1.1580257866374795,-2.0984010901330774
v8,feat_gbm,1.0,42,451,-1.1539189346929624,-1.8411195968283314
v8,feat_gbm,1.0,42,452,-0.22712361117826596,-0.2866386615093297
v8,feat_gbm,1.0,42,453,-2.2242478518730735,-2.1769502099219324
v8,feat_gbm,1.0,42,454,0.049824644500498824,0.851829112076475
v8,feat_gbm,1.0,42,455,0.447611617339374,-0.5174982843777256
v8,feat_gbm,1.0,42,456,-2.7447396041698466,-3.7883351795095335
v8,feat_gbm,1.0,42,457,-3.1382138088070386,-1.3225504843777425
v8,feat_gbm,1.0,42,458,-0.5262751141613425,-0.6304710111145473
v8,feat_gbm,1.0,42,459,-2.3148573630853133,-2.867776928577639
v8,feat_gbm,1.0,42,460,-0.30136399266357994,-0.20106453453544149
v8,feat_gbm,1.0,42,461,0.6355933711711964,0.565413433251147
v8,feat_gbm,1.0,42,462,-0.07553888473797861,0.6531860801292728
v8,feat_gbm,1.0,42,463,-3.098422200403833,-3.295531334571209
v8,feat_gbm,1.0,42,464,-0.8502365764566102,-1.118951529136503
v8,feat_gbm,1.0,42,465,0.017932412598808782,0.08535922256033004
v8,feat_gbm,1.0,42,466,-0.05146046729945114,0.2656879386171551
v8,feat_gbm,1.0,42,467,-1.2814603172861736,-1.0764680911985907
v8,feat_gbm,1.0,42,468,2.0280840725973546,2.2503813782282114
v8,feat_gbm,1.0,42,469,-0.10740829037799296,-0.029700274932011248
v8,feat_gbm,1.0,42,470,-2.4955018560015625,-2.1918010579584375
v8,feat_gbm,1.0,42,471,0.3331732993882837,-0.12537364897776127
v8,feat_gbm,1.0,42,472,-1.1181845518869582,-1.3714574409892777
v8,feat_gbm,1.0,42,473,-0.9063293277030305,-1.0216450817816245
v8,feat_gbm,1.0,42,474,-1.0091346435242547,-0.8313233833759152
v8,feat_gbm,1.0,42,475,-2.6471947037945602,-3.25243582884057
v8,feat_gbm,1.0,42,476,0.5537895926202973,0.8737365575305754
v8,feat_gbm,1.0,42,477,-2.319126859573688,-1.8373017486027088
v8,feat_gbm,1.0,42,478,-1.8483050594822803,-1.909749317133085
v8,feat_gbm,1.0,42,479,0.1209648941011505,0.418341725137149
v8,feat_gbm,1.0,42,480,-2.797378162499203,-2.8689304810445995
v8,feat_gbm,1.0,42,481,-3.2791252744515167,-3.9192950012633494
v8,feat_gbm,1.0,42,482,0.48284053037050656,0.8191907452202399
v8,feat_gbm,1.0,42,483,-2.455745381160069,-2.7371748494528005
v8,feat_gbm,1.0,42,484,0.14121085326100227,0.043868991079412875
v8,feat_gbm,1.0,42,485,-2.4097307062612554,-3.9571024828402512
v8,feat_gbm,1.0,42,486,-2.0152230202909243,-0.8286091055291892
v8,feat_gbm,1.0,42,487,1.2103199877480617,1.1086460137612473
v8,feat_gbm,1.0,42,488,-0.6405163458117009,-1.0899995989348372
v8,feat_gbm,1.0,42,489,-2.0687953799393686,-2.9260181182274523
v8,feat_gbm,1.0,42,490,0.17413139111570555,0.01778898425240747
v8,feat_gbm,1.0,42,491,-0.2720348990457381,-0.388546054063584
v8,feat_gbm,1.0,42,492,-1.3089252942361893,-0.8483910406321095
v8,feat_gbm,1.0,42,493,-2.368766491493905,-2.4855190663855797
v8,feat_gbm,1.0,42,494,-0.2421772853763045,-0.6027729178489412
v8,feat_gbm,1.0,42,495,-3.4640135065664572,-1.5285925057254015
v8,feat_gbm,1.0,42,496,0.5286152312643039,1.0092174422839322
v8,feat_gbm,1.0,42,497,-2.6828780279553075,-2.421052301727873
v8,feat_gbm,1.0,42,498,-3.204061799554374,-3.2283141264699093
v8,feat_gbm,1.0,42,499,-3.438463605141395,-4.907212199848568
v8,feat_gbm,1.0,43,0,-0.34098723910175577,0.03894909458183669
v8,feat_gbm,1.0,43,1,-2.1073718245994573,-2.5052564746229193
v8,feat_gbm,1.0,43,2,0.2615807281622904,0.6287827851917782
v8,feat_gbm,1.0,43,3,-3.1540981868891236,-3.3447289283878643
v8,feat_gbm,1.0,43,4,1.3296731229167955,0.9694015026406426
v8,feat_gbm,1.0,43,5,-1.6490948779417107,-2.4693709778233526
v8,feat_gbm,1.0,43,6,0.0684331106687996,-0.2819211013310965
v8,feat_gbm,1.0,43,7,0.5574788650845527,0.5289578846490461
v8,feat_gbm,1.0,43,8,0.3811709783465682,0.032863622186365654
v8,feat_gbm,1.0,43,9,0.9329181173544023,0.9352707853930591
v8,feat_gbm,1.0,43,10,-1.7496522947431778,-1.5987558134683666
v8,feat_gbm,1.0,43,11,-2.882848979968776,-3.2678706438993954
v8,feat_gbm,1.0,43,12,-2.751836209425575,-2.445380546146449
v8,feat_gbm,1.0,43,13,-0.32222753652980446,-0.4471217519653716
v8,feat_gbm,1.0,43,14,-1.807805643986562,-1.8343062920535937
v8,feat_gbm,1.0,43,15,-1.8864499482930244,-2.278287047942225
v8,feat_gbm,1.0,43,16,-1.1676658937656712,-1.113015507562239
v8,feat_gbm,1.0,43,17,-1.6071691163250366,-1.149386040828735
v8,feat_gbm,1.0,43,18,-1.6966749008399604,-0.4541092694382234
v8,feat_gbm,1.0,43,19,-2.6677650653352183,-2.8798658660471284
v8,feat_gbm,1.0,43,20,-3.2788153474574426,-3.281006200299989
v8,feat_gbm,1.0,43,21,-1.7218265871800305,-0.7889402030111288
v8,feat_gbm,1.0,43,22,-0.352592016045442,-0.48114593055133975
v8,feat_gbm,1.0,43,23,-3.5022762651331245,-2.8038114998165153
v8,feat_gbm,1.0,43,24,-3.464672754336077,-2.6726430450531393
v8,feat_gbm,1.0,43,25,-3.4706847267483956,-3.141178249464176
v8,feat_gbm,1.0,43,26,-3.2931998071191018,-3.8612362310489847
v8,feat_gbm,1.0,43,27,-2.9868205875806297,-3.085821277369337
v8,feat_gbm,1.0,43,28,-3.0054056081934224,-2.1153791712035637
v8,feat_gbm,1.0,43,29,-1.1030378981122209,-0.5854112868629942
v8,feat_gbm,1.0,43,30,-0.2471504901396056,0.13849791927417068
v8,feat_gbm,1.0,43,31,-2.5483673878648565,-2.779654184179668
v8,feat_gbm,1.0,43,32,1.0503666628238355,0.9166392391011026
v8,feat_gbm,1.0,43,33,-2.3366961146244423,-2.134444297962007
v8,feat_gbm,1.0,43,34,1.0717780069957126,1.1224191581864646
v8,feat_gbm,1.0,43,35,-3.4657249910144183,-2.7514680837461087
v8,feat_gbm,1.0,43,36,0.3330476494984325,0.7493710802437775
v8,feat_gbm,1.0,43,37,-1.9417204170344895,-2.157600461660938
v8,feat_gbm,1.0,43,38,-1.4023380998998858,-1.7436371170468024
v8,feat_gbm,1.0,43,39,0.6821339384598188,0.632388610685479
v8,feat_gbm,1.0,43,40,-2.3221772044627342,-1.5024753827969588
v8,feat_gbm,1.0,43,41,-2.6622875167523192,-2.936018587066778
v8,feat_gbm,1.0,43,42,-0.6562872984861748,-0.06406961406287034
v8,feat_gbm,1.0,43,43,-0.5625517214944844,-0.43711075337934485
v8,feat_gbm,1.0,43,44,0.7039315400119096,0.521724778538647
v8,feat_gbm,1.0,43,45,0.5543333583446507,-0.02881562555915001
v8,feat_gbm,1.0,43,46,-2.4522022001161536,-2.6856700943784895
v8,feat_gbm,1.0,43,47,-3.0137217291561065,-3.3419513202228783
v8,feat_gbm,1.0,43,48,-0.11963054515338788,-0.35240032436669677
v8,feat_gbm,1.0,43,49,-3.6704560274886355,-4.466027560457086
v8,feat_gbm,1.0,43,50,-1.0037602171713058,-1.2227887404747313
v8,feat_gbm,1.0,43,51,-3.6358033980771185,-4.168130875201601
v8,feat_gbm,1.0,43,52,-1.4346985944372097,-2.1825653069440887
v8,feat_gbm,1.0,43,53,-3.0560589942562255,-2.816977102698189
v8,feat_gbm,1.0,43,54,-0.5848043997959582,-0.9520374156321785
v8,feat_gbm,1.0,43,55,0.514051634566317,0.800460094219776
v8,feat_gbm,1.0,43,56,0.36015492698966056,0.2782562560211116
v8,feat_gbm,1.0,43,57,-0.07982179907668027,-0.7855200046266205
v8,feat_gbm,1.0,43,58,-3.3983882770353717,-2.837973637743256
v8,feat_gbm,1.0,43,59,0.1058716626346346,0.3653424354755994
v8,feat_gbm,1.0,43,60,-2.247635249811815,-3.145987746693799
v8,feat_gbm,1.0,43,61,-2.8295967981538883,-2.1381844357326614
v8,feat_gbm,1.0,43,62,0.23744997736825965,0.3908315550690521
v8,feat_gbm,1.0,43,63,-3.163391427093917,-3.259739876316779
v8,feat_gbm,1.0,43,64,-2.6464232697451218,-3.799325775609258
v8,feat_gbm,1.0,43,65,0.5412249859404487,0.2842997557356093
v8,feat_gbm,1.0,43,66,0.4025752480395681,0.9099380077885143
v8,feat_gbm,1.0,43,67,0.2669157983651391,0.5741223235018287
v8,feat_gbm,1.0,43,68,0.9582050644709923,1.3807263582335993
v8,feat_gbm,1.0,43,69,0.07411351940418696,2.7357387204405055
v8,feat_gbm,1.0,43,70,-0.08454395950806999,-0.3782017485149665
v8,feat_gbm,1.0,43,71,-0.8061485595556799,-0.6946521973220513
v8,feat_gbm,1.0,43,72,-3.477536151198153,-3.510295151868067
v8,feat_gbm,1.0,43,73,-0.34116644222943304,-0.3643686170400702
v8,feat_gbm,1.0,43,74,1.397528664211769,1.1835884152793859
v8,feat_gbm,1.0,43,75,-0.13617148871250404,-0.38644824542838596
v8,feat_gbm,1.0,43,76,0.5217259662386466,0.7005004452467647
v8,feat_gbm,1.0,43,77,0.23180281761768626,0.3770911051312199
v8,feat_gbm,1.0,43,78,-0.3988651947461341,-0.5374783823521183
v8,feat_gbm,1.0,43,79,-2.780376796781298,-3.2499450611549854
v8,feat_gbm,1.0,43,80,-1.946273773322,-1.719925172279684
v8,feat_gbm,1.0,43,81,0.5843572183784598,1.8185710395242058
v8,feat_gbm,1.0,43,82,-1.5681185306739895,-1.0758778979961314
v8,feat_gbm,1.0,43,83,-0.3114692719479777,-0.8033140510569362
v8,feat_gbm,1.0,43,84,-2.064642063799173,-2.0837035815006346
v8,feat_gbm,1.0,43,85,-2.4442862932239513,-1.2430797823904942
v8,feat_gbm,1.0,43,86,0.8563721139761892,0.639317965424242
v8,feat_gbm,1.0,43,87,-0.4042313203052589,-0.02321591952008587
v8,feat_gbm,1.0,43,88,-2.266920642473374,-3.512086916650174
v8,feat_gbm,1.0,43,89,-1.9054912018827668,-1.684363733317816
v8,feat_gbm,1.0,43,90,-3.184487304949671,-3.5341996208099964
v8,feat_gbm,1.0,43,91,0.6271467077545275,1.1574629997660548
v8,feat_gbm,1.0,43,92,-1.0075545009860698,-0.7651863719989663
v8,feat_gbm,1.0,43,93,-2.294373446752735,-5.7708125015304885
v8,feat_gbm,1.0,43,94,0.18574869489910958,0.07374698385127064
v8,feat_gbm,1.0,43,95,-0.3435043992835982,1.201566413592891
v8,feat_gbm,1.0,43,96,1.719521467926862,1.2655480006709303
v8,feat_gbm,1.0,43,97,-2.9802245477364533,-3.2217777708537843
v8,feat_gbm,1.0,43,98,-1.2338836588470687,-1.2120387208328698
v8,feat_gbm,1.0,43,99,-0.5085197346248698,-0.04015373686183237
v8,feat_gbm,1.0,43,100,-3.6882264372566196,-2.8384481914339785
v8,feat_gbm,1.0,43,101,-3.251262561885924,-3.541068619782685
v8,feat_gbm,1.0,43,102,-3.1952471134797205,-4.424727465058162
v8,feat_gbm,1.0,43,103,-0.7659857568816731,-0.7652009130347144
v8,feat_gbm,1.0,43,104,-0.39883209150089505,-0.406664655497914
v8,feat_gbm,1.0,43,105,-2.4465430187445887,-2.8019031633754246
v8,feat_gbm,1.0,43,106,-1.5674102030820425,-1.1978192780958505
v8,feat_gbm,1.0,43,107,-1.5301505866279497,-1.2497822804421463
v8,feat_gbm,1.0,43,108,-0.1511271608983719,-0.2003702404752673
v8,feat_gbm,1.0,43,109,-1.032545217948392,-0.28745536208379296
v8,feat_gbm,1.0,43,110,0.40898583065051786,0.2838469771831524
v8,feat_gbm,1.0,43,111,0.014485438878409099,0.6579850926301614
v8,feat_gbm,1.0,43,112,-0.1799999807725333,-0.4279263804064609
v8,feat_gbm,1.0,43,113,0.11746009469017694,0.527327823801956
v8,feat_gbm,1.0,43,114,-2.8149975395252405,-3.652947895428966
v8,feat_gbm,1.0,43,115,-0.40457466313860396,-0.04287987221360797
v8,feat_gbm,1.0,43,116,-2.868358021762072,-3.4409421360670214
v8,feat_gbm,1.0,43,117,-3.029264066441333,-2.4284095097884006
v8,feat_gbm,1.0,43,118,-1.9540587427788085,-1.419217075367618
v8,feat_gbm,1.0,43,119,-0.9196154085975459,-1.4944271796191557
v8,feat_gbm,1.0,43,120,-3.398447698167158,-2.797137626437216
v8,feat_gbm,1.0,43,121,1.0596260871494227,3.1321125804877905
v8,feat_gbm,1.0,43,122,-1.5266940046029942,-3.164895556438051
v8,feat_gbm,1.0,43,123,-0.04503791596177146,-0.021234684620174846
v8,feat_gbm,1.0,43,124,-1.7724886436423726,-1.246001114532972
v8,feat_gbm,1.0,43,125,-1.8973730693978192,-2.7130193085566443
v8,feat_gbm,1.0,43,126,-0.9998301026749427,-2.0560780011130944
v8,feat_gbm,1.0,43,127,-2.2929492067172386,-1.631222331554067
v8,feat_gbm,1.0,43,128,-1.2682613328779926,-3.477307725783656
v8,feat_gbm,1.0,43,129,-0.36967532342751547,1.7007542891568868
v8,feat_gbm,1.0,43,130,-1.4549522871286817,-3.4021624962570822
v8,feat_gbm,1.0,43,131,-3.540353832459294,-3.701149444421242
v8,feat_gbm,1.0,43,132,-0.7577667154880905,-0.4116741376471012
v8,feat_gbm,1.0,43,133,-1.321737155735167,-0.5680375850475197
v8,feat_gbm,1.0,43,134,-2.735338624627148,-1.4788189923590598
v8,feat_gbm,1.0,43,135,-2.7905721687918343,-2.9896549957503007
v8,feat_gbm,1.0,43,136,0.05820399151806273,0.11194117436713467
v8,feat_gbm,1.0,43,137,1.115495912435526,1.7147062893715772
v8,feat_gbm,1.0,43,138,-2.718833604680322,-1.9709125209383296
v8,feat_gbm,1.0,43,139,-0.41345983074829884,0.19937477723826902
v8,feat_gbm,1.0,43,140,-2.584810570671919,-2.8223726616431475
v8,feat_gbm,1.0,43,141,-0.37916549254377974,-0.12380828599000025
v8,feat_gbm,1.0,43,142,-2.151349358316479,-2.97521232911642
v8,feat_gbm,1.0,43,143,-1.6864793479081632,-1.9484557479617686
v8,feat_gbm,1.0,43,144,0.6786072970009496,1.244093655886106
v8,feat_gbm,1.0,43,145,-1.9832139815550818,-2.0280859266176816
v8,feat_gbm,1.0,43,146,-2.5548631364896424,-2.0754073031653366
v8,feat_gbm,1.0,43,147,-0.20607257967786263,-0.11331641159387335
v8,feat_gbm,1.0,43,148,-2.7867289909451674,-2.620298039600635
v8,feat_gbm,1.0,43,149,-3.196368821238329,-3.8395532227602396
v8,feat_gbm,1.0,43,150,-0.6800128107708616,-2.149698272240366
v8,feat_gbm,1.0,43,151,-2.97522004021735,-3.1594376779318036
v8,feat_gbm,1.0,43,152,-2.3540034045495632,-2.7712141114581046
v8,feat_gbm,1.0,43,153,-1.8179178792065753,-1.1483368403810985
v8,feat_gbm,1.0,43,154,-1.6844155750370933,-1.4700676700115773
v8,feat_gbm,1.0,43,155,0.539873495562496,1.4088416749712322
v8,feat_gbm,1.0,43,156,0.4944831047004956,0.7564704220494097
v8,feat_gbm,1.0,43,157,-1.3454952736321646,-1.7148995557963913
v8,feat_gbm,1.0,43,158,-1.141470032504558,-2.8595355115547196
v8,feat_gbm,1.0,43,159,-1.2072203853168975,-0.9922400520728849
v8,feat_gbm,1.0,43,160,1.5396973362588824,1.8585227307534937
v8,feat_gbm,1.0,43,161,-3.1079317022595814,-2.477654537850602
v8,feat_gbm,1.0,43,162,-3.2801125737566075,-2.993764039868935
v8,feat_gbm,1.0,43,163,-0.963945424122196,-1.1722671160336509
v8,feat_gbm,1.0,43,164,-2.533561998401476,-1.6577576086204497
v8,feat_gbm,1.0,43,165,-2.6149580692605436,-2.9770186999323642
v8,feat_gbm,1.0,43,166,-2.924202996101698,-3.2329952824425443
v8,feat_gbm,1.0,43,167,-0.14327520801919297,0.19550508612775644
v8,feat_gbm,1.0,43,168,-1.137723819268062,-1.2639642813248737
v8,feat_gbm,1.0,43,169,1.1897260561781895,1.4224064134580066
v8,feat_gbm,1.0,43,170,-2.18517840535505,-1.5303724784706008
v8,feat_gbm,1.0,43,171,0.4851684579352328,0.6086346650572224
v8,feat_gbm,1.0,43,172,-0.04621063175046582,-0.052232489626048526
v8,feat_gbm,1.0,43,173,-0.6655455857036886,-0.19074605880313256
v8,feat_gbm,1.0,43,174,-2.224827762016013,-2.7678232596734214
v8,feat_gbm,1.0,43,175,-2.4483624590126647,-1.6557092188829319
v8,feat_gbm,1.0,43,176,0.4636715250378822,0.12081831439914445
v8,feat_gbm,1.0,43,177,-0.29421058863130445,3.7031714993021168
v8,feat_gbm,1.0,43,178,-0.09870789979659383,-0.17761292562564054
v8,feat_gbm,1.0,43,179,0.15007514598263222,0.2295122735959306
v8,feat_gbm,1.0,43,180,-1.3438130503540362,-1.6401012725318311
v8,feat_gbm,1.0,43,181,-2.6406224242168084,-3.399461101549646
v8,feat_gbm,1.0,43,182,0.22630251681245572,0.5421608664871393
v8,feat_gbm,1.0,43,183,-3.0927220923981604,-3.7858185839721776
v8,feat_gbm,1.0,43,184,0.3056006108852647,0.4440956773301304
v8,feat_gbm,1.0,43,185,-0.07974986053985057,0.5450962365111649
v8,feat_gbm,1.0,43,186,-2.726233908359567,-3.094441269353033
v8,feat_gbm,1.0,43,187,0.7235142986599232,1.436275522654785
v8,feat_gbm,1.0,43,188,0.1716492651119048,-0.003208414280501246
v8,feat_gbm,1.0,43,189,-2.374833647466603,-2.0766448721687736
v8,feat_gbm,1.0,43,190,-2.8660547824732236,-2.887011097372245
v8,feat_gbm,1.0,43,191,-0.07809287591989336,-0.19564387773269687
v8,feat_gbm,1.0,43,192,-1.7406866454485133,-3.39219136175158
v8,feat_gbm,1.0,43,193,-3.860613908565278,-4.804455114758695
v8,feat_gbm,1.0,43,194,-0.5983213833764768,-0.23230879418151415
v8,feat_gbm,1.0,43,195,0.9135320009555687,0.7768952289284052
v8,feat_gbm,1.0,43,196,-3.1720458393497983,-3.0758975731441707
v8,feat_gbm,1.0,43,197,1.559596771628316,1.8852948766094535
v8,feat_gbm,1.0,43,198,-0.08809110095492576,-0.07474663349946693
v8,feat_gbm,1.0,43,199,1.7494346862904155,0.9295509098669842
v8,feat_gbm,1.0,43,200,-0.0031240161664787243,0.40408761039079466
v8,feat_gbm,1.0,43,201,-1.3954699282865972,-1.0185563947000995
v8,feat_gbm,1.0,43,202,-1.7727758710804207,-1.5812541435625456
v8,feat_gbm,1.0,43,203,-2.255416868080526,-2.9269603411540346
v8,feat_gbm,1.0,43,204,-0.22602543994677526,-0.9368237022381455
v8,feat_gbm,1.0,43,205,-0.8574728842778256,-0.771906247259438
v8,feat_gbm,1.0,43,206,-1.6180019250326916,-1.4457766532498904
v8,feat_gbm,1.0,43,207,-2.4917763858416,-2.4752738768021185
v8,feat_gbm,1.0,43,208,-3.6725433383120047,-2.8789590131308262
v8,feat_gbm,1.0,43,209,-3.2371984956124904,-2.6986856152036793
v8,feat_gbm,1.0,43,210,0.29984089264346636,0.05837096406180189
v8,feat_gbm,1.0,43,211,-1.983399042989855,-2.2327070274631113
v8,feat_gbm,1.0,43,212,-0.27903041162052006,0.15758807445032513
v8,feat_gbm,1.0,43,213,0.5766155129883697,0.5234750924970406
v8,feat_gbm,1.0,43,214,0.5743848913164689,0.8312555987922697
v8,feat_gbm,1.0,43,215,-1.8654511525368305,-0.7699972654610447
v8,feat_gbm,1.0,43,216,-2.076688341279169,-2.4368834827463726
v8,feat_gbm,1.0,43,217,-3.663681721607566,-3.7421886443248944
v8,feat_gbm,1.0,43,218,-3.1322864193715207,-4.3753265313120195
v8,feat_gbm,1.0,43,219,0.5424167726103036,0.13181597567614448
v8,feat_gbm,1.0,43,220,-2.378619489732641,-2.150299196146146
v8,feat_gbm,1.0,43,221,0.2220537047161462,0.4316281043505307
v8,feat_gbm,1.0,43,222,0.5286395685261145,0.20581216265343685
v8,feat_gbm,1.0,43,223,-1.1313561401043104,-1.7226779576420432
v8,feat_gbm,1.0,43,224,0.6671281892116556,1.0701061526100661
v8,feat_gbm,1.0,43,225,-3.2742388976865664,-2.995983076644188
v8,feat_gbm,1.0,43,226,0.024001852134212354,-0.39103048890459524
v8,feat_gbm,1.0,43,227,-2.201579208988282,-2.811377433191803
v8,feat_gbm,1.0,43,228,-0.21743461899343827,0.1103569248772952
v8,feat_gbm,1.0,43,229,0.2883550721800938,1.0926797996732165
v8,feat_gbm,1.0,43,230,-2.0966365362404717,-1.1465469989616057
v8,feat_gbm,1.0,43,231,-3.4955855761914116,-3.7045714701961474
v8,feat_gbm,1.0,43,232,0.011400498429026412,-0.3205795311611984
v8,feat_gbm,1.0,43,233,-0.1463477705165299,-0.7282288274356463
v8,feat_gbm,1.0,43,234,0.5988437646694768,-0.6143938277881194
v8,feat_gbm,1.0,43,235,-3.356315268090305,-3.717493513170671
v8,feat_gbm,1.0,43,236,-1.597092891366094,-1.894186438607053
v8,feat_gbm,1.0,43,237,0.15330315731154398,0.19101892391720615
v8,feat_gbm,1.0,43,238,-2.552418979208233,-2.723653519266766
v8,feat_gbm,1.0,43,239,0.2786894081038469,0.28172679866345784
v8,feat_gbm,1.0,43,240,-0.8967269132400073,-0.570916259780521
v8,feat_gbm,1.0,43,241,-1.3657573795357174,-3.037607674189957
v8,feat_gbm,1.0,43,242,-3.2100034885733018,-2.4824067099880884
v8,feat_gbm,1.0,43,243,0.6354332908270135,1.793244191067856
v8,feat_gbm,1.0,43,244,-2.7144931884483885,-2.170563194223024
v8,feat_gbm,1.0,43,245,-3.0522127717272904,-2.5580286375581696
v8,feat_gbm,1.0,43,246,-2.5530267569118132,-3.9013363177662743
v8,feat_gbm,1.0,43,247,-0.965270341901074,-1.2689211715035387
v8,feat_gbm,1.0,43,248,-2.863782053984199,-2.89795980370705
v8,feat_gbm,1.0,43,249,-1.379951161217749,-1.149470325468549
v8,feat_gbm,1.0,43,250,-1.8079376927857,-2.1803876537888693
v8,feat_gbm,1.0,43,251,-1.8719074510993776,-1.2010659028736028
v8,feat_gbm,1.0,43,252,-2.4979940482117926,-2.675840590612525
v8,feat_gbm,1.0,43,253,-1.073062954445591,-0.865421424414132
v8,feat_gbm,1.0,43,254,-1.2615285070677231,-0.45089388998719687
v8,feat_gbm,1.0,43,255,-1.5408884000669183,-1.477655138121315
v8,feat_gbm,1.0,43,256,-2.4098190666717474,-1.9234128661936198
v8,feat_gbm,1.0,43,257,-1.645150765636261,-0.8895479413744646
v8,feat_gbm,1.0,43,258,-0.7841298599617484,-1.284701881398344
v8,feat_gbm,1.0,43,259,-0.17537673594589004,0.03791276039075724
v8,feat_gbm,1.0,43,260,-2.4153128378990942,-1.213907680807544
v8,feat_gbm,1.0,43,261,0.3079489831619706,-0.6937064881158975
v8,feat_gbm,1.0,43,262,-1.227698365519499,-2.500344974429108
v8,feat_gbm,1.0,43,263,-3.2625867518485157,-3.0782877743164985
v8,feat_gbm,1.0,43,264,-3.6897276490928976,-3.2702790535172426
v8,feat_gbm,1.0,43,265,-0.29597894032877925,-0.15746453031192983
v8,feat_gbm,1.0,43,266,-1.8855621253719326,-1.3930653126164372
v8,feat_gbm,1.0,43,267,-3.210755795305094,-3.460520174484755
v8,feat_gbm,1.0,43,268,-2.1395167087927134,-1.8115923421665279
v8,feat_gbm,1.0,43,269,-0.1180878088211936,-0.04785951915829837
v8,feat_gbm,1.0,43,270,-1.2080321933461546,-1.3387838926701625
v8,feat_gbm,1.0,43,271,0.6627743281417697,0.6172482925771328
v8,feat_gbm,1.0,43,272,-0.1765988352724799,0.10718580269537517
v8,feat_gbm,1.0,43,273,-2.169760107804021,-2.4250613993713395
v8,feat_gbm,1.0,43,274,-0.352222606177199,-0.4656136934058211
v8,feat_gbm,1.0,43,275,-2.6091004756391016,-1.7679071058666047
v8,feat_gbm,1.0,43,276,-0.6711355202362788,-0.15192249005847586
v8,feat_gbm,1.0,43,277,-0.22165023318401014,-0.22686658439221394
v8,feat_gbm,1.0,43,278,-0.4811203102217882,-0.3963273628232521
v8,feat_gbm,1.0,43,279,-2.2871869570254906,-2.1916982233579314
v8,feat_gbm,1.0,43,280,0.5596489038849385,0.5138857123822332
v8,feat_gbm,1.0,43,281,0.18228200519938284,0.13501120436460418
v8,feat_gbm,1.0,43,282,-0.00661642665677443,-0.35232291748203215
v8,feat_gbm,1.0,43,283,0.2773364669861337,0.33710059568630363
v8,feat_gbm,1.0,43,284,1.6714514792708686,2.2269494594330284
v8,feat_gbm,1.0,43,285,-1.0401047226935953,-0.8523290277873723
v8,feat_gbm,1.0,43,286,0.15716757280074853,0.5032694866056324
v8,feat_gbm,1.0,43,287,-2.9179357196358855,-3.0734310124071125
v8,feat_gbm,1.0,43,288,-2.7402416535204437,-3.0969464995649485
v8,feat_gbm,1.0,43,289,0.5918214878447642,0.8088909840914691
v8,feat_gbm,1.0,43,290,-1.8355151312242008,-1.710735902712342
v8,feat_gbm,1.0,43,291,0.3285410604787439,-0.24588513525180683
v8,feat_gbm,1.0,43,292,-2.935857570988267,-2.9910915714149957
v8,feat_gbm,1.0,43,293,0.1320457232664371,0.24397961438558982
v8,feat_gbm,1.0,43,294,0.6465671347814156,0.9827222917401395
v8,feat_gbm,1.0,43,295,0.7905648733946178,1.5399914318848642
v8,feat_gbm,1.0,43,296,-2.5959388139288038,-3.028104854063688
v8,feat_gbm,1.0,43,297,-1.1720082692362297,-1.9675880903276046
v8,feat_gbm,1.0,43,298,0.7314686131863651,0.3882116190950413
v8,feat_gbm,1.0,43,299,-0.5081927519084255,-0.4169590587595381
v8,feat_gbm,1.0,43,300,-0.8713119799561472,-0.47104701624968015
v8,feat_gbm,1.0,43,301,-0.5200202976514905,-0.5788171023402015
v8,feat_gbm,1.0,43,302,-2.947350141857915,-3.325334912618423
v8,feat_gbm,1.0,43,303,-0.26918037216976587,0.27214776974989446
v8,feat_gbm,1.0,43,304,0.04543339397176611,0.2838761456734127
v8,feat_gbm,1.0,43,305,0.7415786945652745,0.98356576927226
v8,feat_gbm,1.0,43,306,-2.2031188874486993,-2.324804251846344
v8,feat_gbm,1.0,43,307,-0.27275223203058263,-0.30060412365222405
v8,feat_gbm,1.0,43,308,-2.982868819966411,-3.5706943269006843
v8,feat_gbm,1.0,43,309,0.3480024569248227,0.7657986236992217
v8,feat_gbm,1.0,43,310,-0.2775933803891073,-0.3760212383278314
v8,feat_gbm,1.0,43,311,0.9523061338377142,0.903367601886353
v8,feat_gbm,1.0,43,312,0.6633499459256894,0.2834145554969618
v8,feat_gbm,1.0,43,313,-0.15689951232477076,-0.8750381269167363
v8,feat_gbm,1.0,43,314,-0.6933548516082896,-0.8911054934067958
v8,feat_gbm,1.0,43,315,0.15454592971702985,0.2699623908229132
v8,feat_gbm,1.0,43,316,-3.5733752205617826,-4.034449774534175
v8,feat_gbm,1.0,43,317,0.4064869935881658,0.7302045063515665
v8,feat_gbm,1.0,43,318,-2.81788712001513,-2.5264159394565007
v8,feat_gbm,1.0,43,319,-3.2169561292879907,-3.1280680478747835
v8,feat_gbm,1.0,43,320,0.033961749208114296,-0.623194388118803
v8,feat_gbm,1.0,43,321,-3.341301456774242,-4.172922463867305
v8,feat_gbm,1.0,43,322,1.2193052818455776,1.0714029341973417
v8,feat_gbm,1.0,43,323,-2.968516376161506,-2.5538050374755565
v8,feat_gbm,1.0,43,324,-1.5174819811894478,-1.5310020975326282
v8,feat_gbm,1.0,43,325,-0.5104827075936272,-0.735749980772127
v8,feat_gbm,1.0,43,326,-0.41946459290832544,-0.5010306012352705
v8,feat_gbm,1.0,43,327,-3.858171892461107,-4.393123087746285
v8,feat_gbm,1.0,43,328,-0.4146055456048078,0.6439364857563509
v8,feat_gbm,1.0,43,329,-2.604292706955904,-2.60760252445046
v8,feat_gbm,1.0,43,330,0.7373837409818482,0.46983427811083467
v8,feat_gbm,1.0,43,331,-1.6653870100665467,-1.149354435920189
v8,feat_gbm,1.0,43,332,-1.8210500695305374,-1.0961264399974935
v8,feat_gbm,1.0,43,333,0.60912462971217,1.4253561556633074
v8,feat_gbm,1.0,43,334,0.8714324972406424,1.0406546288822482
v8,feat_gbm,1.0,43,335,-0.06398289006753281,-0.1286217558512718
v8,feat_gbm,1.0,43,336,-1.873946342188402,-1.7275974260064488
v8,feat_gbm,1.0,43,337,-3.670311616620969,-4.535227665039715
v8,feat_gbm,1.0,43,338,-0.09792125839796609,-1.078833843619319
v8,feat_gbm,1.0,43,339,-3.129727267789413,-2.035297396751524
v8,feat_gbm,1.0,43,340,0.3927632154096802,0.4788286932125707
v8,feat_gbm,1.0,43,341,-1.574108622512125,-0.4595082096564039
v8,feat_gbm,1.0,43,342,-3.1688950726643377,-3.653430804591794
v8,feat_gbm,1.0,43,343,0.2243941377042293,0.2834522663037432
v8,feat_gbm,1.0,43,344,-0.08836241673343616,-0.15984972455285287
v8,feat_gbm,1.0,43,345,-2.616462282449085,-3.8822970119574354
v8,feat_gbm,1.0,43,346,-2.49731859669193,-2.5801989990218064
v8,feat_gbm,1.0,43,347,-3.146868023430685,-3.2622630695286134
v8,feat_gbm,1.0,43,348,-0.4895792692187242,-0.4894561152880944
v8,feat_gbm,1.0,43,349,-2.246481605429937,-3.0223552414624764
v8,feat_gbm,1.0,43,350,0.8001923109846907,0.4215072765335228
v8,feat_gbm,1.0,43,351,-2.127928710923613,-1.8152752103400673
v8,feat_gbm,1.0,43,352,1.0767084701574352,1.102263670511441
v8,feat_gbm,1.0,43,353,1.1843623682851627,1.4454852001466738
v8,feat_gbm,1.0,43,354,-3.073414126925111,-3.6770060333191017
v8,feat_gbm,1.0,43,355,-3.5856981030711346,-5.078652858832153
v8,feat_gbm,1.0,43,356,0.21453555295205815,0.7815322159665122
v8,feat_gbm,1.0,43,357,0.25153406908775267,0.6775133790495483
v8,feat_gbm,1.0,43,358,-3.075361196327935,-3.5163570325540956
v8,feat_gbm,1.0,43,359,-1.6214781677314887,-4.157760523739404
v8,feat_gbm,1.0,43,360,-1.0575610505364295,-0.18386357284099003
v8,feat_gbm,1.0,43,361,-3.1487239412074004,-4.477383009144865
v8,feat_gbm,1.0,43,362,-0.15911804391790613,0.2909126951240761
v8,feat_gbm,1.0,43,363,-3.092153090203207,-3.5121531596302606
v8,feat_gbm,1.0,43,364,0.1573622106798465,-0.0019354464452207268
v8,feat_gbm,1.0,43,365,-2.9469766325652054,-3.264666087597375
v8,feat_gbm,1.0,43,366,-2.7776211293099062,-1.4961090632143375
v8,feat_gbm,1.0,43,367,0.05854362090798666,-0.10305907560987346
v8,feat_gbm,1.0,43,368,0.02202519549575872,0.24601275195113992
v8,feat_gbm,1.0,43,369,-1.2066018739655489,-1.6400355118163064
v8,feat_gbm,1.0,43,370,-2.925589130984421,-1.5399226532969161
v8,feat_gbm,1.0,43,371,-0.7224605897966192,-0.3336387161155974
v8,feat_gbm,1.0,43,372,0.1743599867508797,0.3185760540422761
v8,feat_gbm,1.0,43,373,-0.36808646518195626,-0.30756424411789
v8,feat_gbm,1.0,43,374,-3.4823046834587346,-3.551435429619069
v8,feat_gbm,1.0,43,375,0.27447454431784307,-0.12846918127015178
v8,feat_gbm,1.0,43,376,0.6018033349455119,0.43413099611324796
v8,feat_gbm,1.0,43,377,0.492200634173926,0.8095384731463161
v8,feat_gbm,1.0,43,378,0.40816567201836174,0.20303525329731625
v8,feat_gbm,1.0,43,379,0.06695287410349911,0.524784145223057
v8,feat_gbm,1.0,43,380,-0.0133562638528642,0.8722609808312535
v8,feat_gbm,1.0,43,381,-0.7088096097579938,1.0190202163897197
v8,feat_gbm,1.0,43,382,0.3381135024783463,1.2715191268303472
v8,feat_gbm,1.0,43,383,-0.31065961928391483,-0.13923746667536385
v8,feat_gbm,1.0,43,384,-0.7016069900833035,-1.7983983483294153
v8,feat_gbm,1.0,43,385,0.24257960217970984,0.5606037150840157
v8,feat_gbm,1.0,43,386,0.7378385591495994,0.6003456151224621
v8,feat_gbm,1.0,43,387,0.862551119419425,1.3071718981356573
v8,feat_gbm,1.0,43,388,0.059361208629474985,-0.19457283568776126
v8,feat_gbm,1.0,43,389,-1.3945732896085936,-0.981880356960367
v8,feat_gbm,1.0,43,390,-1.5910017546807274,-2.628024059072158
v8,feat_gbm,1.0,43,391,-2.235768659460603,-2.479262758098376
v8,feat_gbm,1.0,43,392,-2.329379448384369,-2.207941629114672
v8,feat_gbm,1.0,43,393,-1.9075967394941724,-2.806586620215901
v8,feat_gbm,1.0,43,394,-0.5142010882919331,-0.16842623590390868
v8,feat_gbm,1.0,43,395,0.33183730430520963,0.3596423409999632
v8,feat_gbm,1.0,43,396,-2.727702633202053,-3.117667066362407
v8,feat_gbm,1.0,43,397,0.847818069544886,0.6134086288650079
v8,feat_gbm,1.0,43,398,0.6566061901444001,0.5049020087080688
v8,feat_gbm,1.0,43,399,-1.3899017755201881,-1.0548605918119196
v8,feat_gbm,1.0,43,400,-3.4117502837918283,-2.877676775828332
v8,feat_gbm,1.0,43,401,0.06531504007638593,0.015654415635624343
v8,feat_gbm,1.0,43,402,-0.501186945895438,-0.7027824676465185
v8,feat_gbm,1.0,43,403,0.485298921142605,0.6733427913489138
v8,feat_gbm,1.0,43,404,0.02319914365857066,0.03259550049258387
v8,feat_gbm,1.0,43,405,-2.791010756953559,-3.4179416205706223
v8,feat_gbm,1.0,43,406,-2.178156864763575,-1.6563158072976616
v8,feat_gbm,1.0,43,407,0.1436260014868722,0.3281041495218151
v8,feat_gbm,1.0,43,408,-0.8274293037787005,-1.498502430121411
v8,feat_gbm,1.0,43,409,-1.2237386051362225,-1.5390850133499359
v8,feat_gbm,1.0,43,410,-1.8426437298043068,-3.8769914364338094
v8,feat_gbm,1.0,43,411,-1.1096453090760996,-1.1093409530974205
v8,feat_gbm,1.0,43,412,-2.523825585048157,-2.1356441225652167
v8,feat_gbm,1.0,43,413,0.3081061481168814,0.5613925387002681
v8,feat_gbm,1.0,43,414,-2.5434367890447653,-2.672303525149137
v8,feat_gbm,1.0,43,415,0.937163391746721,0.9887747910888531
v8,feat_gbm,1.0,43,416,-2.830831092958661,-2.064740642123073
v8,feat_gbm,1.0,43,417,-0.6767087559353361,-0.13534283366780814
v8,feat_gbm,1.0,43,418,-0.09485824526893501,0.5266566940316069
v8,feat_gbm,1.0,43,419,-0.49902833145425557,-0.7929716308762645
v8,feat_gbm,1.0,43,420,-0.3454110296682189,0.22081989653443584
v8,feat_gbm,1.0,43,421,-3.5680993223912973,-3.4911396429773087
v8,feat_gbm,1.0,43,422,-0.3223169579441632,0.4691563032653497
v8,feat_gbm,1.0,43,423,-0.18165051809432334,-0.21242164749251408
v8,feat_gbm,1.0,43,424,-3.2681419849931284,-2.0235730224261497
v8,feat_gbm,1.0,43,425,-0.4139644881579233,0.1881042769243711
v8,feat_gbm,1.0,43,426,-0.7643337733189083,-0.7546830882020855
v8,feat_gbm,1.0,43,427,-1.3127052116008466,-2.004418163271322
v8,feat_gbm,1.0,43,428,-0.10066017168257287,0.08108350485015015
v8,feat_gbm,1.0,43,429,-1.572663216623069,-0.8958783842144782
v8,feat_gbm,1.0,43,430,-0.8856718706927336,-0.700178367515834
v8,feat_gbm,1.0,43,431,-2.1818320063169185,-2.026447754843476
v8,feat_gbm,1.0,43,432,-3.196058173507491,-3.3644112924118934
v8,feat_gbm,1.0,43,433,-2.536728478510012,-2.4777804975332844
v8,feat_gbm,1.0,43,434,-3.3756654723304047,-3.6407879329147783
v8,feat_gbm,1.0,43,435,0.4194745682216482,0.8140524350977956
v8,feat_gbm,1.0,43,436,-0.35739167272465144,-0.6342245759550225
v8,feat_gbm,1.0,43,437,-1.2993575368897141,-1.0170271575608654
v8,feat_gbm,1.0,43,438,0.22409582806428047,1.2058566336630974
v8,feat_gbm,1.0,43,439,0.6988708704452037,1.04159183954478
v8,feat_gbm,1.0,43,440,-0.7076868661641478,-0.383754051292973
v8,feat_gbm,1.0,43,441,1.148348893583512,0.9717849563735496
v8,feat_gbm,1.0,43,442,0.791928671647998,0.915394257773604
v8,feat_gbm,1.0,43,443,-0.24605292795131994,0.17619398118278368
v8,feat_gbm,1.0,43,444,-2.81667676108754,-2.3026142847949007
v8,feat_gbm,1.0,43,445,-0.09595845931704694,-2.156995715227189
v8,feat_gbm,1.0,43,446,-2.087688248144898,-1.9647154613855007
v8,feat_gbm,1.0,43,447,-1.4558370886979193,-1.2167428909736953
v8,feat_gbm,1.0,43,448,-0.08295726283478888,0.371748058948411
v8,feat_gbm,1.0,43,449,-2.7196493507613826,-3.354914600670279
v8,feat_gbm,1.0,43,450,-1.1374442795434474,-2.0984010901330774
v8,feat_gbm,1.0,43,451,-1.0074006152698027,-1.8411195968283314
v8,feat_gbm,1.0,43,452,-0.2467599747948298,-0.2866386615093297
v8,feat_gbm,1.0,43,453,-2.344965327235166,-2.1769502099219324
v8,feat_gbm,1.0,43,454,-0.0749008913524235,0.851829112076475
v8,feat_gbm,1.0,43,455,0.5686475858554302,-0.5174982843777256
v8,feat_gbm,1.0,43,456,-2.7594831961610984,-3.7883351795095335
v8,feat_gbm,1.0,43,457,-2.68153634244255,-1.3225504843777425
v8,feat_gbm,1.0,43,458,-0.5375770307730654,-0.6304710111145473
v8,feat_gbm,1.0,43,459,-2.4201166555019222,-2.867776928577639
v8,feat_gbm,1.0,43,460,-0.14933887309021296,-0.20106453453544149
v8,feat_gbm,1.0,43,461,0.914950891628257,0.565413433251147
v8,feat_gbm,1.0,43,462,-0.08384920186443373,0.6531860801292728
v8,feat_gbm,1.0,43,463,-2.985462449662333,-3.295531334571209
v8,feat_gbm,1.0,43,464,-0.8194440484625293,-1.118951529136503
v8,feat_gbm,1.0,43,465,0.10801106467095616,0.08535922256033004
v8,feat_gbm,1.0,43,466,-0.41856485982484415,0.2656879386171551
v8,feat_gbm,1.0,43,467,-1.3410215413409556,-1.0764680911985907
v8,feat_gbm,1.0,43,468,1.7499555647180287,2.2503813782282114
v8,feat_gbm,1.0,43,469,-0.21896870921929876,-0.029700274932011248
v8,feat_gbm,1.0,43,470,-2.7777415363767664,-2.1918010579584375
v8,feat_gbm,1.0,43,471,0.468269849286768,-0.12537364897776127
v8,feat_gbm,1.0,43,472,-1.2237932382093355,-1.3714574409892777
v8,feat_gbm,1.0,43,473,-0.9034458945664329,-1.0216450817816245
v8,feat_gbm,1.0,43,474,-0.9851645057309864,-0.8313233833759152
v8,feat_gbm,1.0,43,475,-2.1371922289814034,-3.25243582884057
v8,feat_gbm,1.0,43,476,0.5251287874583406,0.8737365575305754
v8,feat_gbm,1.0,43,477,-2.371053235934499,-1.8373017486027088
v8,feat_gbm,1.0,43,478,-1.8645237295659358,-1.909749317133085
v8,feat_gbm,1.0,43,479,0.008414616017381183,0.418341725137149
v8,feat_gbm,1.0,43,480,-3.0131742894804647,-2.8689304810445995
v8,feat_gbm,1.0,43,481,-3.330943190016298,-3.9192950012633494
v8,feat_gbm,1.0,43,482,0.6014693247122525,0.8191907452202399
v8,feat_gbm,1.0,43,483,-2.4996378749065147,-2.7371748494528005
v8,feat_gbm,1.0,43,484,0.027420531228567527,0.043868991079412875
v8,feat_gbm,1.0,43,485,-2.5493449224441767,-3.9571024828402512
v8,feat_gbm,1.0,43,486,-1.8334626867740884,-0.8286091055291892
v8,feat_gbm,1.0,43,487,1.292114125022867,1.1086460137612473
v8,feat_gbm,1.0,43,488,-0.7906680186098862,-1.0899995989348372
v8,feat_gbm,1.0,43,489,-2.207016461643023,-2.9260181182274523
v8,feat_gbm,1.0,43,490,0.035087111042389464,0.01778898425240747
v8,feat_gbm,1.0,43,491,-0.1715310229915694,-0.388546054063584
v8,feat_gbm,1.0,43,492,-1.534635774602012,-0.8483910406321095
v8,feat_gbm,1.0,43,493,-2.3225352472370617,-2.4855190663855797
v8,feat_gbm,1.0,43,494,-0.33651622855311036,-0.6027729178489412
v8,feat_gbm,1.0,43,495,-2.9547188538754536,-1.5285925057254015
v8,feat_gbm,1.0,43,496,0.5830761482273256,1.0092174422839322
v8,feat_gbm,1.0,43,497,-2.573744670462397,-2.421052301727873
v8,feat_gbm,1.0,43,498,-3.3519673538420074,-3.2283141264699093
v8,feat_gbm,1.0,43,499,-3.4723767791166673,-4.907212199848568
v8,feat_gbm,1.0,44,0,-0.22042684917996835,0.03894909458183669
v8,feat_gbm,1.0,44,1,-2.042507332328584,-2.5052564746229193
v8,feat_gbm,1.0,44,2,0.16208722075499366,0.6287827851917782
v8,feat_gbm,1.0,44,3,-3.1523440412927655,-3.3447289283878643
v8,feat_gbm,1.0,44,4,1.0883969349569023,0.9694015026406426
v8,feat_gbm,1.0,44,5,-1.6121533788525018,-2.4693709778233526
v8,feat_gbm,1.0,44,6,0.22383926691404993,-0.2819211013310965
v8,feat_gbm,1.0,44,7,0.6307376498542892,0.5289578846490461
v8,feat_gbm,1.0,44,8,0.40928215422558284,0.032863622186365654
v8,feat_gbm,1.0,44,9,0.9611070983026012,0.9352707853930591
v8,feat_gbm,1.0,44,10,-1.657800680915694,-1.5987558134683666
v8,feat_gbm,1.0,44,11,-2.9069588377739013,-3.2678706438993954
v8,feat_gbm,1.0,44,12,-2.7455814871770454,-2.445380546146449
v8,feat_gbm,1.0,44,13,-0.3479058759228554,-0.4471217519653716
v8,feat_gbm,1.0,44,14,-1.826194552856251,-1.8343062920535937
v8,feat_gbm,1.0,44,15,-1.8851267912994718,-2.278287047942225
v8,feat_gbm,1.0,44,16,-1.4898773041621656,-1.113015507562239
v8,feat_gbm,1.0,44,17,-1.6258928082299549,-1.149386040828735
v8,feat_gbm,1.0,44,18,-1.4643221166931633,-0.4541092694382234
v8,feat_gbm,1.0,44,19,-2.447444883989065,-2.8798658660471284
v8,feat_gbm,1.0,44,20,-3.2073320140004635,-3.281006200299989
v8,feat_gbm,1.0,44,21,-1.9595734170614132,-0.7889402030111288
v8,feat_gbm,1.0,44,22,-0.3246549005926084,-0.48114593055133975
v8,feat_gbm,1.0,44,23,-3.396067270935039,-2.8038114998165153
v8,feat_gbm,1.0,44,24,-3.3726013995540907,-2.6726430450531393
v8,feat_gbm,1.0,44,25,-3.3028888658225717,-3.141178249464176
v8,feat_gbm,1.0,44,26,-3.3345776342585904,-3.8612362310489847
v8,feat_gbm,1.0,44,27,-2.8521421126519604,-3.085821277369337
v8,feat_gbm,1.0,44,28,-2.994126990539042,-2.1153791712035637
v8,feat_gbm,1.0,44,29,-1.284961811356752,-0.5854112868629942
v8,feat_gbm,1.0,44,30,-0.11943649627095958,0.13849791927417068
v8,feat_gbm,1.0,44,31,-2.7767882492459295,-2.779654184179668
v8,feat_gbm,1.0,44,32,1.205963363003324,0.9166392391011026
v8,feat_gbm,1.0,44,33,-2.2495778589535096,-2.134444297962007
v8,feat_gbm,1.0,44,34,0.5812849111332373,1.1224191581864646
v8,feat_gbm,1.0,44,35,-3.3914584360288518,-2.7514680837461087
v8,feat_gbm,1.0,44,36,0.3130928102626586,0.7493710802437775
v8,feat_gbm,1.0,44,37,-1.758819327507663,-2.157600461660938
v8,feat_gbm,1.0,44,38,-1.3483280404155227,-1.7436371170468024
v8,feat_gbm,1.0,44,39,0.6285550988427792,0.632388610685479
v8,feat_gbm,1.0,44,40,-2.3351238911496695,-1.5024753827969588
v8,feat_gbm,1.0,44,41,-2.6473490973555536,-2.936018587066778
v8,feat_gbm,1.0,44,42,-0.7427021614844638,-0.06406961406287034
v8,feat_gbm,1.0,44,43,-0.6447450507798645,-0.43711075337934485
v8,feat_gbm,1.0,44,44,0.7701620797502601,0.521724778538647
v8,feat_gbm,1.0,44,45,0.18832342539953195,-0.02881562555915001
v8,feat_gbm,1.0,44,46,-2.5930332254906383,-2.6856700943784895
v8,feat_gbm,1.0,44,47,-3.081901159663454,-3.3419513202228783
v8,feat_gbm,1.0,44,48,-0.0880237717676669,-0.35240032436669677
v8,feat_gbm,1.0,44,49,-3.5514227436837427,-4.466027560457086
v8,feat_gbm,1.0,44,50,-1.0863787374927734,-1.2227887404747313
v8,feat_gbm,1.0,44,51,-3.5366135143841655,-4.168130875201601
v8,feat_gbm,1.0,44,52,-1.5905594609553935,-2.1825653069440887
v8,feat_gbm,1.0,44,53,-2.985949557737373,-2.816977102698189
v8,feat_gbm,1.0,44,54,-0.44960213249799874,-0.9520374156321785
v8,feat_gbm,1.0,44,55,0.5734490045526136,0.800460094219776
v8,feat_gbm,1.0,44,56,0.38271762627431904,0.2782562560211116
v8,feat_gbm,1.0,44,57,-0.17052711125618358,-0.7855200046266205
v8,feat_gbm,1.0,44,58,-3.4216145603896533,-2.837973637743256
v8,feat_gbm,1.0,44,59,-0.28565815814959,0.3653424354755994
v8,feat_gbm,1.0,44,60,-2.1691536970149707,-3.145987746693799
v8,feat_gbm,1.0,44,61,-2.663151880498388,-2.1381844357326614
v8,feat_gbm,1.0,44,62,0.15454021965008433,0.3908315550690521
v8,feat_gbm,1.0,44,63,-3.0945398827882973,-3.259739876316779
v8,feat_gbm,1.0,44,64,-2.482398470413129,-3.799325775609258
v8,feat_gbm,1.0,44,65,0.4878336583461294,0.2842997557356093
v8,feat_gbm,1.0,44,66,0.5447031915534845,0.9099380077885143
v8,feat_gbm,1.0,44,67,0.2136188766926742,0.5741223235018287
v8,feat_gbm,1.0,44,68,1.2023317278086898,1.3807263582335993
v8,feat_gbm,1.0,44,69,0.2145345411137959,2.7357387204405055
v8,feat_gbm,1.0,44,70,0.10492196096037758,-0.3782017485149665
v8,feat_gbm,1.0,44,71,-1.0295891864849112,-0.6946521973220513
v8,feat_gbm,1.0,44,72,-3.2627919966518193,-3.510295151868067
v8,feat_gbm,1.0,44,73,-0.28181321343377796,-0.3643686170400702
v8,feat_gbm,1.0,44,74,1.392560479636899,1.1835884152793859
v8,feat_gbm,1.0,44,75,-0.03676248412432941,-0.38644824542838596
v8,feat_gbm,1.0,44,76,0.6424264777556762,0.7005004452467647
v8,feat_gbm,1.0,44,77,0.3062212150818254,0.3770911051312199
v8,feat_gbm,1.0,44,78,-0.2521082565357581,-0.5374783823521183
v8,feat_gbm,1.0,44,79,-2.7827420446631987,-3.2499450611549854
v8,feat_gbm,1.0,44,80,-1.82216351133045,-1.719925172279684
v8,feat_gbm,1.0,44,81,0.39253737602244,1.8185710395242058
v8,feat_gbm,1.0,44,82,-1.475318398091576,-1.0758778979961314
v8,feat_gbm,1.0,44,83,-0.17545974550651286,-0.8033140510569362
v8,feat_gbm,1.0,44,84,-2.1291402070527568,-2.0837035815006346
v8,feat_gbm,1.0,44,85,-2.394516031347549,-1.2430797823904942
v8,feat_gbm,1.0,44,86,0.9568986267262035,0.639317965424242
v8,feat_gbm,1.0,44,87,-0.4111002114057838,-0.02321591952008587
v8,feat_gbm,1.0,44,88,-2.108716779983259,-3.512086916650174
v8,feat_gbm,1.0,44,89,-1.7138316412878332,-1.684363733317816
v8,feat_gbm,1.0,44,90,-3.1642541141958347,-3.5341996208099964
v8,feat_gbm,1.0,44,91,0.7519493433575938,1.1574629997660548
v8,feat_gbm,1.0,44,92,-1.1131043134353669,-0.7651863719989663
v8,feat_gbm,1.0,44,93,-3.042785212689213,-5.7708125015304885
v8,feat_gbm,1.0,44,94,-0.15668285241644184,0.07374698385127064
v8,feat_gbm,1.0,44,95,-0.3760004644210172,1.201566413592891
v8,feat_gbm,1.0,44,96,1.443027224165596,1.2655480006709303
v8,feat_gbm,1.0,44,97,-3.0128834984054302,-3.2217777708537843
v8,feat_gbm,1.0,44,98,-1.133258005048561,-1.2120387208328698
v8,feat_gbm,1.0,44,99,-0.43492612826918137,-0.04015373686183237
v8,feat_gbm,1.0,44,100,-3.337328011365805,-2.8384481914339785
v8,feat_gbm,1.0,44,101,-3.188748472637088,-3.541068619782685
v8,feat_gbm,1.0,44,102,-3.2001781732286556,-4.424727465058162
v8,feat_gbm,1.0,44,103,-0.8014643108515228,-0.7652009130347144
v8,feat_gbm,1.0,44,104,-0.5270502964081049,-0.406664655497914
v8,feat_gbm,1.0,44,105,-2.4688334710287254,-2.8019031633754246
v8,feat_gbm,1.0,44,106,-1.6739052074587606,-1.1978192780958505
v8,feat_gbm,1.0,44,107,-1.5235591699617361,-1.2497822804421463
v8,feat_gbm,1.0,44,108,-0.26259156683070206,-0.2003702404752673
v8,feat_gbm,1.0,44,109,-0.8459652036844311,-0.28745536208379296
v8,feat_gbm,1.0,44,110,0.3376217829470118,0.2838469771831524
v8,feat_gbm,1.0,44,111,0.06762617832971503,0.6579850926301614
v8,feat_gbm,1.0,44,112,-0.13840242653445312,-0.4279263804064609
v8,feat_gbm,1.0,44,113,0.22875333215963273,0.527327823801956
v8,feat_gbm,1.0,44,114,-2.8942567950206266,-3.652947895428966
v8,feat_gbm,1.0,44,115,-0.25002148306394495,-0.04287987221360797
v8,feat_gbm,1.0,44,116,-2.881498365780452,-3.4409421360670214
v8,feat_gbm,1.0,44,117,-2.713780906791809,-2.4284095097884006
v8,feat_gbm,1.0,44,118,-2.117914973406434,-1.419217075367618
v8,feat_gbm,1.0,44,119,-0.9419175335867283,-1.4944271796191557
v8,feat_gbm,1.0,44,120,-3.45313520085775,-2.797137626437216
v8,feat_gbm,1.0,44,121,0.5940261530647974,3.1321125804877905
v8,feat_gbm,1.0,44,122,-1.3527185791580119,-3.164895556438051
v8,feat_gbm,1.0,44,123,0.03877715862333181,-0.021234684620174846
v8,feat_gbm,1.0,44,124,-1.8067676728353756,-1.246001114532972
v8,feat_gbm,1.0,44,125,-1.8941403804274237,-2.7130193085566443
v8,feat_gbm,1.0,44,126,-1.2231140167461305,-2.0560780011130944
v8,feat_gbm,1.0,44,127,-2.118487457560758,-1.631222331554067
v8,feat_gbm,1.0,44,128,-1.53447648655174,-3.477307725783656
v8,feat_gbm,1.0,44,129,0.41933521572543647,1.7007542891568868
v8,feat_gbm,1.0,44,130,-1.801272805514052,-3.4021624962570822
v8,feat_gbm,1.0,44,131,-3.600707074970771,-3.701149444421242
v8,feat_gbm,1.0,44,132,-0.36496237161172224,-0.4116741376471012
v8,feat_gbm,1.0,44,133,-1.0315587725754307,-0.5680375850475197
v8,feat_gbm,1.0,44,134,-2.650043337763214,-1.4788189923590598
v8,feat_gbm,1.0,44,135,-2.9226459355940766,-2.9896549957503007
v8,feat_gbm,1.0,44,136,0.010791710697107673,0.11194117436713467
v8,feat_gbm,1.0,44,137,1.1145741702303593,1.7147062893715772
v8,feat_gbm,1.0,44,138,-2.481512651093304,-1.9709125209383296
v8,feat_gbm,1.0,44,139,-0.32513571588369977,0.19937477723826902
v8,feat_gbm,1.0,44,140,-2.438331775271515,-2.8223726616431475
v8,feat_gbm,1.0,44,141,-0.3883666035187341,-0.12380828599000025
v8,feat_gbm,1.0,44,142,-2.347949947865384,-2.97521232911642
v8,feat_gbm,1.0,44,143,-1.8263982124356002,-1.9484557479617686
v8,feat_gbm,1.0,44,144,0.5444667571377557,1.244093655886106
v8,feat_gbm,1.0,44,145,-1.9323320879914876,-2.0280859266176816
v8,feat_gbm,1.0,44,146,-2.4583337853936866,-2.0754073031653366
v8,feat_gbm,1.0,44,147,-0.17490652561326242,-0.11331641159387335
v8,feat_gbm,1.0,44,148,-2.634293497684486,-2.620298039600635
v8,feat_gbm,1.0,44,149,-3.1354326884236516,-3.8395532227602396
v8,feat_gbm,1.0,44,150,-0.8547136034071284,-2.149698272240366
v8,feat_gbm,1.0,44,151,-2.9554405408971403,-3.1594376779318036
v8,feat_gbm,1.0,44,152,-2.165907928485287,-2.7712141114581046
v8,feat_gbm,1.0,44,153,-1.49661181531992,-1.1483368403810985
v8,feat_gbm,1.0,44,154,-1.6583668446574371,-1.4700676700115773
v8,feat_gbm,1.0,44,155,0.7797648740948477,1.4088416749712322
v8,feat_gbm,1.0,44,156,0.4819116728721702,0.7564704220494097
v8,feat_gbm,1.0,44,157,-1.3751945234746952,-1.7148995557963913
v8,feat_gbm,1.0,44,158,-1.3311263244041514,-2.8595355115547196
v8,feat_gbm,1.0,44,159,-1.1712943792497823,-0.9922400520728849
v8,feat_gbm,1.0,44,160,1.6655917354182925,1.8585227307534937
v8,feat_gbm,1.0,44,161,-2.9311752388795793,-2.477654537850602
v8,feat_gbm,1.0,44,162,-3.1987008810576887,-2.993764039868935
v8,feat_gbm,1.0,44,163,-1.033068811974948,-1.1722671160336509
v8,feat_gbm,1.0,44,164,-2.513961554373191,-1.6577576086204497
v8,feat_gbm,1.0,44,165,-2.316250723862069,-2.9770186999323642
v8,feat_gbm,1.0,44,166,-2.778187912165959,-3.2329952824425443
v8,feat_gbm,1.0,44,167,-0.14473185740789607,0.19550508612775644
v8,feat_gbm,1.0,44,168,-1.0459869040944993,-1.2639642813248737
v8,feat_gbm,1.0,44,169,1.1953933394417111,1.4224064134580066
v8,feat_gbm,1.0,44,170,-2.126105816192992,-1.5303724784706008
v8,feat_gbm,1.0,44,171,0.3046893495041191,0.6086346650572224
v8,feat_gbm,1.0,44,172,-0.15946674393001042,-0.052232489626048526
v8,feat_gbm,1.0,44,173,-0.7486880683634275,-0.19074605880313256
v8,feat_gbm,1.0,44,174,-2.457177362530217,-2.7678232596734214
v8,feat_gbm,1.0,44,175,-2.343246154664701,-1.6557092188829319
v8,feat_gbm,1.0,44,176,0.5269935381620124,0.12081831439914445
v8,feat_gbm,1.0,44,177,0.06131425668540468,3.7031714993021168
v8,feat_gbm,1.0,44,178,-0.007163924438716451,-0.17761292562564054
v8,feat_gbm,1.0,44,179,0.19529872849624685,0.2295122735959306
v8,feat_gbm,1.0,44,180,-1.4511056592383866,-1.6401012725318311
v8,feat_gbm,1.0,44,181,-2.5016613283368723,-3.399461101549646
v8,feat_gbm,1.0,44,182,0.4219929528675,0.5421608664871393
v8,feat_gbm,1.0,44,183,-2.864136867471284,-3.7858185839721776
v8,feat_gbm,1.0,44,184,0.22438188635994638,0.4440956773301304
v8,feat_gbm,1.0,44,185,-0.150888286531121,0.5450962365111649
v8,feat_gbm,1.0,44,186,-2.7811759370081623,-3.094441269353033
v8,feat_gbm,1.0,44,187,0.7006392384646251,1.436275522654785
v8,feat_gbm,1.0,44,188,-0.028152303506326238,-0.003208414280501246
v8,feat_gbm,1.0,44,189,-2.3856268738801867,-2.0766448721687736
v8,feat_gbm,1.0,44,190,-3.1953954795376505,-2.887011097372245
v8,feat_gbm,1.0,44,191,-0.3910660789142667,-0.19564387773269687
v8,feat_gbm,1.0,44,192,-1.926011723716572,-3.39219136175158
v8,feat_gbm,1.0,44,193,-3.9871928847160034,-4.804455114758695
v8,feat_gbm,1.0,44,194,-0.5122815855758873,-0.23230879418151415
v8,feat_gbm,1.0,44,195,0.8479144907807922,0.7768952289284052
v8,feat_gbm,1.0,44,196,-3.2787065663156487,-3.0758975731441707
v8,feat_gbm,1.0,44,197,1.655938654138141,1.8852948766094535
v8,feat_gbm,1.0,44,198,-0.008430027317111725,-0.07474663349946693
v8,feat_gbm,1.0,44,199,1.7289369722011318,0.9295509098669842
v8,feat_gbm,1.0,44,200,0.026619699099440397,0.40408761039079466
v8,feat_gbm,1.0,44,201,-1.5056113574063967,-1.0185563947000995
v8,feat_gbm,1.0,44,202,-1.613710470682031,-1.5812541435625456
v8,feat_gbm,1.0,44,203,-2.1023249084613953,-2.9269603411540346
v8,feat_gbm,1.0,44,204,-0.0665344485616707,-0.9368237022381455
v8,feat_gbm,1.0,44,205,-0.8980451896340154,-0.771906247259438
v8,feat_gbm,1.0,44,206,-1.5677000279902928,-1.4457766532498904
v8,feat_gbm,1.0,44,207,-2.5009437502844474,-2.4752738768021185
v8,feat_gbm,1.0,44,208,-3.475876811734418,-2.8789590131308262
v8,feat_gbm,1.0,44,209,-3.0320215943362174,-2.6986856152036793
v8,feat_gbm,1.0,44,210,-0.07363260333264984,0.05837096406180189
v8,feat_gbm,1.0,44,211,-1.8690373884385356,-2.2327070274631113
v8,feat_gbm,1.0,44,212,-0.08181621666671599,0.15758807445032513
v8,feat_gbm,1.0,44,213,0.6436484439699649,0.5234750924970406
v8,feat_gbm,1.0,44,214,0.5863648640514982,0.8312555987922697
v8,feat_gbm,1.0,44,215,-1.9901502471053125,-0.7699972654610447
v8,feat_gbm,1.0,44,216,-2.017458665609126,-2.4368834827463726
v8,feat_gbm,1.0,44,217,-3.592034286865593,-3.7421886443248944
v8,feat_gbm,1.0,44,218,-3.0011028621555,-4.3753265313120195
v8,feat_gbm,1.0,44,219,0.4499842667110773,0.13181597567614448
v8,feat_gbm,1.0,44,220,-2.1737498647659685,-2.150299196146146
v8,feat_gbm,1.0,44,221,0.23296894389726447,0.4316281043505307
v8,feat_gbm,1.0,44,222,0.41047179413656826,0.20581216265343685
v8,feat_gbm,1.0,44,223,-1.158302965794634,-1.7226779576420432
v8,feat_gbm,1.0,44,224,0.7858014645007912,1.0701061526100661
v8,feat_gbm,1.0,44,225,-3.3848010159490283,-2.995983076644188
v8,feat_gbm,1.0,44,226,0.09931206457855314,-0.39103048890459524
v8,feat_gbm,1.0,44,227,-1.9320497027630845,-2.811377433191803
v8,feat_gbm,1.0,44,228,-0.161650024240479,0.1103569248772952
v8,feat_gbm,1.0,44,229,0.4240108289086487,1.0926797996732165
v8,feat_gbm,1.0,44,230,-2.1788821597644046,-1.1465469989616057
v8,feat_gbm,1.0,44,231,-3.572489779892038,-3.7045714701961474
v8,feat_gbm,1.0,44,232,-0.15806587982390824,-0.3205795311611984
v8,feat_gbm,1.0,44,233,-0.09596552433784306,-0.7282288274356463
v8,feat_gbm,1.0,44,234,0.3246642205570758,-0.6143938277881194
v8,feat_gbm,1.0,44,235,-3.8897420019978433,-3.717493513170671
v8,feat_gbm,1.0,44,236,-1.6865208239461127,-1.894186438607053
v8,feat_gbm,1.0,44,237,-0.0182930511055,0.19101892391720615
v8,feat_gbm,1.0,44,238,-2.50719908486097,-2.723653519266766
v8,feat_gbm,1.0,44,239,0.6203081853762545,0.28172679866345784
v8,feat_gbm,1.0,44,240,-0.8246659445994114,-0.570916259780521
v8,feat_gbm,1.0,44,241,-1.2252185497833041,-3.037607674189957
v8,feat_gbm,1.0,44,242,-3.139999291998296,-2.4824067099880884
v8,feat_gbm,1.0,44,243,0.6718886561903404,1.793244191067856
v8,feat_gbm,1.0,44,244,-2.7415916447822752,-2.170563194223024
v8,feat_gbm,1.0,44,245,-2.8723518345770094,-2.5580286375581696
v8,feat_gbm,1.0,44,246,-2.674194847938081,-3.9013363177662743
v8,feat_gbm,1.0,44,247,-0.8776500673042152,-1.2689211715035387
v8,feat_gbm,1.0,44,248,-2.8162682992620107,-2.89795980370705
v8,feat_gbm,1.0,44,249,-0.84918923615009,-1.149470325468549
v8,feat_gbm,1.0,44,250,-1.7789640422277757,-2.1803876537888693
v8,feat_gbm,1.0,44,251,-1.7893881590589045,-1.2010659028736028
v8,feat_gbm,1.0,44,252,-2.410871452108497,-2.675840590612525
v8,feat_gbm,1.0,44,253,-1.0832734397497144,-0.865421424414132
v8,feat_gbm,1.0,44,254,-1.1157540630253286,-0.45089388998719687
v8,feat_gbm,1.0,44,255,-1.4935933699001078,-1.477655138121315
v8,feat_gbm,1.0,44,256,-2.4852135644034754,-1.9234128661936198
v8,feat_gbm,1.0,44,257,-1.7924672298823914,-0.8895479413744646
v8,feat_gbm,1.0,44,258,-1.067503992253302,-1.284701881398344
v8,feat_gbm,1.0,44,259,-0.22357871260531412,0.03791276039075724
v8,feat_gbm,1.0,44,260,-2.2235092033471293,-1.213907680807544
v8,feat_gbm,1.0,44,261,0.10154259691715804,-0.6937064881158975
v8,feat_gbm,1.0,44,262,-1.4403242309670397,-2.500344974429108
v8,feat_gbm,1.0,44,263,-3.109058554301539,-3.0782877743164985
v8,feat_gbm,1.0,44,264,-3.8544627746271107,-3.2702790535172426
v8,feat_gbm,1.0,44,265,-0.12589519891089038,-0.15746453031192983
v8,feat_gbm,1.0,44,266,-1.8004950225655516,-1.3930653126164372
v8,feat_gbm,1.0,44,267,-3.093798371524574,-3.460520174484755
v8,feat_gbm,1.0,44,268,-2.1269300869126706,-1.8115923421665279
v8,feat_gbm,1.0,44,269,-0.0459666226241888,-0.04785951915829837
v8,feat_gbm,1.0,44,270,-1.2159695422120556,-1.3387838926701625
v8,feat_gbm,1.0,44,271,0.7103932936295192,0.6172482925771328
v8,feat_gbm,1.0,44,272,-0.10534233456072754,0.10718580269537517
v8,feat_gbm,1.0,44,273,-2.2734295909871696,-2.4250613993713395
v8,feat_gbm,1.0,44,274,-0.3009903251859452,-0.4656136934058211
v8,feat_gbm,1.0,44,275,-2.734270568800413,-1.7679071058666047
v8,feat_gbm,1.0,44,276,-0.8439944175622599,-0.15192249005847586
v8,feat_gbm,1.0,44,277,-0.24313487771395434,-0.22686658439221394
v8,feat_gbm,1.0,44,278,-0.4840759105228005,-0.3963273628232521
v8,feat_gbm,1.0,44,279,-2.126372131277486,-2.1916982233579314
v8,feat_gbm,1.0,44,280,0.5075744581953424,0.5138857123822332
v8,feat_gbm,1.0,44,281,0.6220568767362721,0.13501120436460418
v8,feat_gbm,1.0,44,282,0.007409673781147447,-0.35232291748203215
v8,feat_gbm,1.0,44,283,0.35257814892109446,0.33710059568630363
v8,feat_gbm,1.0,44,284,1.7842399692741886,2.2269494594330284
v8,feat_gbm,1.0,44,285,-1.2013440534110895,-0.8523290277873723
v8,feat_gbm,1.0,44,286,0.0032206759704151515,0.5032694866056324
v8,feat_gbm,1.0,44,287,-2.7387891580030703,-3.0734310124071125
v8,feat_gbm,1.0,44,288,-2.749299832364005,-3.0969464995649485
v8,feat_gbm,1.0,44,289,0.38623734325162196,0.8088909840914691
v8,feat_gbm,1.0,44,290,-1.8389077783492898,-1.710735902712342
v8,feat_gbm,1.0,44,291,0.2827681150757603,-0.24588513525180683
v8,feat_gbm,1.0,44,292,-3.1500235154645333,-2.9910915714149957
v8,feat_gbm,1.0,44,293,0.021595141618808465,0.24397961438558982
v8,feat_gbm,1.0,44,294,0.48542740697516507,0.9827222917401395
v8,feat_gbm,1.0,44,295,0.7550831348252319,1.5399914318848642
v8,feat_gbm,1.0,44,296,-2.4535342452462006,-3.028104854063688
v8,feat_gbm,1.0,44,297,-0.6829821726922048,-1.9675880903276046
v8,feat_gbm,1.0,44,298,0.7004631934737446,0.3882116190950413
v8,feat_gbm,1.0,44,299,-0.9158755319860004,-0.4169590587595381
v8,feat_gbm,1.0,44,300,-0.7335471839933079,-0.47104701624968015
v8,feat_gbm,1.0,44,301,-0.6456912891059259,-0.5788171023402015
v8,feat_gbm,1.0,44,302,-2.9541809565875745,-3.325334912618423
v8,feat_gbm,1.0,44,303,-0.17350850530059844,0.27214776974989446
v8,feat_gbm,1.0,44,304,-0.00415122132351927,0.2838761456734127
v8,feat_gbm,1.0,44,305,0.7270951515519126,0.98356576927226
v8,feat_gbm,1.0,44,306,-1.864755850577338,-2.324804251846344
v8,feat_gbm,1.0,44,307,-0.34401904421738955,-0.30060412365222405
v8,feat_gbm,1.0,44,308,-3.001685350483965,-3.5706943269006843
v8,feat_gbm,1.0,44,309,0.1474233602597241,0.7657986236992217
v8,feat_gbm,1.0,44,310,-0.1864893697915611,-0.3760212383278314
v8,feat_gbm,1.0,44,311,1.0023780056432519,0.903367601886353
v8,feat_gbm,1.0,44,312,0.6426664205767939,0.2834145554969618
v8,feat_gbm,1.0,44,313,-0.07823774223273346,-0.8750381269167363
v8,feat_gbm,1.0,44,314,-1.0360260852170275,-0.8911054934067958
v8,feat_gbm,1.0,44,315,0.3245767826376805,0.2699623908229132
v8,feat_gbm,1.0,44,316,-3.58260550691978,-4.034449774534175
v8,feat_gbm,1.0,44,317,0.29241266300297475,0.7302045063515665
v8,feat_gbm,1.0,44,318,-2.536642412518386,-2.5264159394565007
v8,feat_gbm,1.0,44,319,-3.334689413778395,-3.1280680478747835
v8,feat_gbm,1.0,44,320,0.1709898342390041,-0.623194388118803
v8,feat_gbm,1.0,44,321,-3.6677148555032004,-4.172922463867305
v8,feat_gbm,1.0,44,322,1.0753939716684104,1.0714029341973417
v8,feat_gbm,1.0,44,323,-2.9069784874288644,-2.5538050374755565
v8,feat_gbm,1.0,44,324,-1.9088849940389847,-1.5310020975326282
v8,feat_gbm,1.0,44,325,-0.4752754997957169,-0.735749980772127
v8,feat_gbm,1.0,44,326,-0.5536063867054427,-0.5010306012352705
v8,feat_gbm,1.0,44,327,-3.9408785007628713,-4.393123087746285
v8,feat_gbm,1.0,44,328,-0.1164974621287306,0.6439364857563509
v8,feat_gbm,1.0,44,329,-2.751043062304828,-2.60760252445046
v8,feat_gbm,1.0,44,330,0.6105880148079642,0.46983427811083467
v8,feat_gbm,1.0,44,331,-1.5365179967419524,-1.149354435920189
v8,feat_gbm,1.0,44,332,-1.7913499715231107,-1.0961264399974935
v8,feat_gbm,1.0,44,333,0.7765536902312908,1.4253561556633074
v8,feat_gbm,1.0,44,334,0.7894731423608193,1.0406546288822482
v8,feat_gbm,1.0,44,335,-0.053079915481471604,-0.1286217558512718
v8,feat_gbm,1.0,44,336,-1.7300583865855972,-1.7275974260064488
v8,feat_gbm,1.0,44,337,-3.8190538004412216,-4.535227665039715
v8,feat_gbm,1.0,44,338,0.11132360278007221,-1.078833843619319
v8,feat_gbm,1.0,44,339,-2.901115830541149,-2.035297396751524
v8,feat_gbm,1.0,44,340,0.417093720529503,0.4788286932125707
v8,feat_gbm,1.0,44,341,-1.6632657921226777,-0.4595082096564039
v8,feat_gbm,1.0,44,342,-3.259395548869216,-3.653430804591794
v8,feat_gbm,1.0,44,343,0.32096922102687225,0.2834522663037432
v8,feat_gbm,1.0,44,344,-0.056514596940591,-0.15984972455285287
v8,feat_gbm,1.0,44,345,-2.495219063459862,-3.8822970119574354
v8,feat_gbm,1.0,44,346,-2.3901097042441695,-2.5801989990218064
v8,feat_gbm,1.0,44,347,-3.106635391738002,-3.2622630695286134
v8,feat_gbm,1.0,44,348,-0.6383323626058588,-0.4894561152880944
v8,feat_gbm,1.0,44,349,-2.084569507565837,-3.0223552414624764
v8,feat_gbm,1.0,44,350,0.6846276978565973,0.4215072765335228
v8,feat_gbm,1.0,44,351,-1.9740585737594896,-1.8152752103400673
v8,feat_gbm,1.0,44,352,0.7898516216929757,1.102263670511441
v8,feat_gbm,1.0,44,353,1.0131027321366814,1.4454852001466738
v8,feat_gbm,1.0,44,354,-3.1092101435739816,-3.6770060333191017
v8,feat_gbm,1.0,44,355,-3.694955494620588,-5.078652858832153
v8,feat_gbm,1.0,44,356,0.1795970489409672,0.7815322159665122
v8,feat_gbm,1.0,44,357,0.33070596271755637,0.6775133790495483
v8,feat_gbm,1.0,44,358,-2.990842735471005,-3.5163570325540956
v8,feat_gbm,1.0,44,359,-1.1226160158396512,-4.157760523739404
v8,feat_gbm,1.0,44,360,-1.001899928127479,-0.18386357284099003
v8,feat_gbm,1.0,44,361,-3.105627813800508,-4.477383009144865
v8,feat_gbm,1.0,44,362,-0.03821367515356565,0.2909126951240761
v8,feat_gbm,1.0,44,363,-3.2688984762126383,-3.5121531596302606
v8,feat_gbm,1.0,44,364,-0.12817322497393563,-0.0019354464452207268
v8,feat_gbm,1.0,44,365,-3.071108766160531,-3.264666087597375
v8,feat_gbm,1.0,44,366,-2.428621705927732,-1.4961090632143375
v8,feat_gbm,1.0,44,367,-0.045948603820624906,-0.10305907560987346
v8,feat_gbm,1.0,44,368,-0.028114943303228526,0.24601275195113992
v8,feat_gbm,1.0,44,369,-1.3189122385560836,-1.6400355118163064
v8,feat_gbm,1.0,44,370,-2.88295894856041,-1.5399226532969161
v8,feat_gbm,1.0,44,371,-0.9043021891318975,-0.3336387161155974
v8,feat_gbm,1.0,44,372,0.17738012246776685,0.3185760540422761
v8,feat_gbm,1.0,44,373,-0.370369818758585,-0.30756424411789
v8,feat_gbm,1.0,44,374,-3.6358648000291485,-3.551435429619069
v8,feat_gbm,1.0,44,375,0.1524210532502706,-0.12846918127015178
v8,feat_gbm,1.0,44,376,0.4264990529967271,0.43413099611324796
v8,feat_gbm,1.0,44,377,0.5540160012754891,0.8095384731463161
v8,feat_gbm,1.0,44,378,0.2922955577533294,0.20303525329731625
v8,feat_gbm,1.0,44,379,0.23001258037849487,0.524784145223057
v8,feat_gbm,1.0,44,380,0.1438699883726531,0.8722609808312535
v8,feat_gbm,1.0,44,381,-0.7277686908697026,1.0190202163897197
v8,feat_gbm,1.0,44,382,0.26408328310926965,1.2715191268303472
v8,feat_gbm,1.0,44,383,-0.28530857450654035,-0.13923746667536385
v8,feat_gbm,1.0,44,384,-0.4872462817322567,-1.7983983483294153
v8,feat_gbm,1.0,44,385,0.0926641536997843,0.5606037150840157
v8,feat_gbm,1.0,44,386,0.5474757871923441,0.6003456151224621
v8,feat_gbm,1.0,44,387,0.8557334421440509,1.3071718981356573
v8,feat_gbm,1.0,44,388,0.15237215636407858,-0.19457283568776126
v8,feat_gbm,1.0,44,389,-1.3017445606893099,-0.981880356960367
v8,feat_gbm,1.0,44,390,-1.5554756979279574,-2.628024059072158
v8,feat_gbm,1.0,44,391,-2.4022246713069384,-2.479262758098376
v8,feat_gbm,1.0,44,392,-2.1789056758228895,-2.207941629114672
v8,feat_gbm,1.0,44,393,-1.8838432601673951,-2.806586620215901
v8,feat_gbm,1.0,44,394,-0.655225222501992,-0.16842623590390868
v8,feat_gbm,1.0,44,395,0.24816519351747882,0.3596423409999632
v8,feat_gbm,1.0,44,396,-2.7180106105114774,-3.117667066362407
v8,feat_gbm,1.0,44,397,0.8553698581447048,0.6134086288650079
v8,feat_gbm,1.0,44,398,0.49032127824196703,0.5049020087080688
v8,feat_gbm,1.0,44,399,-1.1271123049271277,-1.0548605918119196
v8,feat_gbm,1.0,44,400,-3.3484758313027836,-2.877676775828332
v8,feat_gbm,1.0,44,401,0.014903948357087991,0.015654415635624343
v8,feat_gbm,1.0,44,402,-0.4956379587424507,-0.7027824676465185
v8,feat_gbm,1.0,44,403,0.4997307760369695,0.6733427913489138
v8,feat_gbm,1.0,44,404,0.10447097421345704,0.03259550049258387
v8,feat_gbm,1.0,44,405,-2.9366458079971185,-3.4179416205706223
v8,feat_gbm,1.0,44,406,-1.8227521019704316,-1.6563158072976616
v8,feat_gbm,1.0,44,407,0.15489937358236017,0.3281041495218151
v8,feat_gbm,1.0,44,408,-0.8603019592882747,-1.498502430121411
v8,feat_gbm,1.0,44,409,-1.3056604714785243,-1.5390850133499359
v8,feat_gbm,1.0,44,410,-1.5991060520443112,-3.8769914364338094
v8,feat_gbm,1.0,44,411,-0.7131863559517798,-1.1093409530974205
v8,feat_gbm,1.0,44,412,-2.4595106000150495,-2.1356441225652167
v8,feat_gbm,1.0,44,413,0.4585435211699394,0.5613925387002681
v8,feat_gbm,1.0,44,414,-2.5282187189630654,-2.672303525149137
v8,feat_gbm,1.0,44,415,0.8694913319390402,0.9887747910888531
v8,feat_gbm,1.0,44,416,-2.619123405209483,-2.064740642123073
v8,feat_gbm,1.0,44,417,-0.49355874644718406,-0.13534283366780814
v8,feat_gbm,1.0,44,418,0.06611002120364755,0.5266566940316069
v8,feat_gbm,1.0,44,419,-0.44762143095556184,-0.7929716308762645
v8,feat_gbm,1.0,44,420,-0.2805997997704397,0.22081989653443584
v8,feat_gbm,1.0,44,421,-3.7631567193250195,-3.4911396429773087
v8,feat_gbm,1.0,44,422,-0.16762514021525626,0.4691563032653497
v8,feat_gbm,1.0,44,423,-0.0024394994489931156,-0.21242164749251408
v8,feat_gbm,1.0,44,424,-3.519629679140876,-2.0235730224261497
v8,feat_gbm,1.0,44,425,-0.17086324553967247,0.1881042769243711
v8,feat_gbm,1.0,44,426,-1.115143029485064,-0.7546830882020855
v8,feat_gbm,1.0,44,427,-1.3878959546728615,-2.004418163271322
v8,feat_gbm,1.0,44,428,-0.06685588641049285,0.08108350485015015
v8,feat_gbm,1.0,44,429,-1.3887021047491883,-0.8958783842144782
v8,feat_gbm,1.0,44,430,-0.9384310849417391,-0.700178367515834
v8,feat_gbm,1.0,44,431,-2.0868130674088055,-2.026447754843476
v8,feat_gbm,1.0,44,432,-3.3010151722868804,-3.3644112924118934
v8,feat_gbm,1.0,44,433,-2.544292941447717,-2.4777804975332844
v8,feat_gbm,1.0,44,434,-3.4010529065268345,-3.6407879329147783
v8,feat_gbm,1.0,44,435,0.4236819831010013,0.8140524350977956
v8,feat_gbm,1.0,44,436,-0.4830521986684376,-0.6342245759550225
v8,feat_gbm,1.0,44,437,-0.7584363019093141,-1.0170271575608654
v8,feat_gbm,1.0,44,438,0.15986161640333435,1.2058566336630974
v8,feat_gbm,1.0,44,439,0.7776700909567237,1.04159183954478
v8,feat_gbm,1.0,44,440,-0.8748356031729322,-0.383754051292973
v8,feat_gbm,1.0,44,441,1.0022997946991499,0.9717849563735496
v8,feat_gbm,1.0,44,442,0.6569442230730634,0.915394257773604
v8,feat_gbm,1.0,44,443,-0.37233106449593534,0.17619398118278368
v8,feat_gbm,1.0,44,444,-2.840363617554751,-2.3026142847949007
v8,feat_gbm,1.0,44,445,-0.1725491936389966,-2.156995715227189
v8,feat_gbm,1.0,44,446,-2.063785325043346,-1.9647154613855007
v8,feat_gbm,1.0,44,447,-1.5269055948300738,-1.2167428909736953
v8,feat_gbm,1.0,44,448,-0.10535654935772225,0.371748058948411
v8,feat_gbm,1.0,44,449,-2.569983391802046,-3.354914600670279
v8,feat_gbm,1.0,44,450,-1.390201283361938,-2.0984010901330774
v8,feat_gbm,1.0,44,451,-0.8841777612304146,-1.8411195968283314
v8,feat_gbm,1.0,44,452,-0.3044207714200172,-0.2866386615093297
v8,feat_gbm,1.0,44,453,-2.207238531088023,-2.1769502099219324
v8,feat_gbm,1.0,44,454,-0.021480868738733637,0.851829112076475
v8,feat_gbm,1.0,44,455,0.3172420561282376,-0.5174982843777256
v8,feat_gbm,1.0,44,456,-2.6516686295622764,-3.7883351795095335
v8,feat_gbm,1.0,44,457,-2.544297208688006,-1.3225504843777425
v8,feat_gbm,1.0,44,458,-0.4304684106526236,-0.6304710111145473
v8,feat_gbm,1.0,44,459,-2.272972627334081,-2.867776928577639
v8,feat_gbm,1.0,44,460,-0.2426125393032297,-0.20106453453544149
v8,feat_gbm,1.0,44,461,0.28213891762711324,0.565413433251147
v8,feat_gbm,1.0,44,462,0.009771469920206388,0.6531860801292728
v8,feat_gbm,1.0,44,463,-3.0022562957549903,-3.295531334571209
v8,feat_gbm,1.0,44,464,-0.7063050111939714,-1.118951529136503
v8,feat_gbm,1.0,44,465,-0.05523642744919162,0.08535922256033004
v8,feat_gbm,1.0,44,466,-0.7812755783682205,0.2656879386171551
v8,feat_gbm,1.0,44,467,-1.3805401326320903,-1.0764680911985907
v8,feat_gbm,1.0,44,468,1.8891537786985886,2.2503813782282114
v8,feat_gbm,1.0,44,469,-0.1298675960484139,-0.029700274932011248
v8,feat_gbm,1.0,44,470,-2.7032533006477997,-2.1918010579584375
v8,feat_gbm,1.0,44,471,0.32051515532513053,-0.12537364897776127
v8,feat_gbm,1.0,44,472,-1.099047677740903,-1.3714574409892777
v8,feat_gbm,1.0,44,473,-0.9116218404919259,-1.0216450817816245
v8,feat_gbm,1.0,44,474,-0.7269524262679415,-0.8313233833759152
v8,feat_gbm,1.0,44,475,-2.276835377573656,-3.25243582884057
v8,feat_gbm,1.0,44,476,0.5120384960733343,0.8737365575305754
v8,feat_gbm,1.0,44,477,-2.4181982495492593,-1.8373017486027088
v8,feat_gbm,1.0,44,478,-1.9421770497756508,-1.909749317133085
v8,feat_gbm,1.0,44,479,0.15374514326139158,0.418341725137149
v8,feat_gbm,1.0,44,480,-2.7360877407768895,-2.8689304810445995
v8,feat_gbm,1.0,44,481,-3.2173190756455976,-3.9192950012633494
v8,feat_gbm,1.0,44,482,0.39410397658720037,0.8191907452202399
v8,feat_gbm,1.0,44,483,-2.3657385190266678,-2.7371748494528005
v8,feat_gbm,1.0,44,484,0.10447608666485263,0.043868991079412875
v8,feat_gbm,1.0,44,485,-2.2156327469149986,-3.9571024828402512
v8,feat_gbm,1.0,44,486,-1.7976545620962872,-0.8286091055291892
v8,feat_gbm,1.0,44,487,1.1713547465146699,1.1086460137612473
v8,feat_gbm,1.0,44,488,-0.5040223759251071,-1.0899995989348372
v8,feat_gbm,1.0,44,489,-2.290369638283271,-2.9260181182274523
v8,feat_gbm,1.0,44,490,0.06632925739698835,0.01778898425240747
v8,feat_gbm,1.0,44,491,0.039702637653978946,-0.388546054063584
v8,feat_gbm,1.0,44,492,-1.3776892594505181,-0.8483910406321095
v8,feat_gbm,1.0,44,493,-2.427435420924742,-2.4855190663855797
v8,feat_gbm,1.0,44,494,-0.34911578274370375,-0.6027729178489412
v8,feat_gbm,1.0,44,495,-2.9208656421059356,-1.5285925057254015
v8,feat_gbm,1.0,44,496,0.582377560049029,1.0092174422839322
v8,feat_gbm,1.0,44,497,-2.63233050874432,-2.421052301727873
v8,feat_gbm,1.0,44,498,-3.3033344957270647,-3.2283141264699093
v8,feat_gbm,1.0,44,499,-3.40302033919083,-4.907212199848568
v8,feat_gbm,1.0,45,0,-0.3747404017362769,0.03894909458183669
v8,feat_gbm,1.0,45,1,-2.3080969154854447,-2.5052564746229193
v8,feat_gbm,1.0,45,2,0.1928178216980198,0.6287827851917782
v8,feat_gbm,1.0,45,3,-3.257045965972375,-3.3447289283878643
v8,feat_gbm,1.0,45,4,1.089021376917597,0.9694015026406426
v8,feat_gbm,1.0,45,5,-1.8561574148559488,-2.4693709778233526
v8,feat_gbm,1.0,45,6,0.06868657193493707,-0.2819211013310965
v8,feat_gbm,1.0,45,7,0.4652430876483956,0.5289578846490461
v8,feat_gbm,1.0,45,8,0.38625664933456133,0.032863622186365654
v8,feat_gbm,1.0,45,9,0.9272234481612566,0.9352707853930591
v8,feat_gbm,1.0,45,10,-1.8659075608017486,-1.5987558134683666
v8,feat_gbm,1.0,45,11,-3.080773763929014,-3.2678706438993954
v8,feat_gbm,1.0,45,12,-2.8921291789425974,-2.445380546146449
v8,feat_gbm,1.0,45,13,-0.3617358404139514,-0.4471217519653716
v8,feat_gbm,1.0,45,14,-1.8424117654216206,-1.8343062920535937
v8,feat_gbm,1.0,45,15,-1.8883141994410848,-2.278287047942225
v8,feat_gbm,1.0,45,16,-1.057071082011065,-1.113015507562239
v8,feat_gbm,1.0,45,17,-1.561311160704087,-1.149386040828735
v8,feat_gbm,1.0,45,18,-1.4499251833524984,-0.4541092694382234
v8,feat_gbm,1.0,45,19,-2.621047471733711,-2.8798658660471284
v8,feat_gbm,1.0,45,20,-3.0825175173557624,-3.281006200299989
v8,feat_gbm,1.0,45,21,-1.5632697880894624,-0.7889402030111288
v8,feat_gbm,1.0,45,22,-0.2583624864198335,-0.48114593055133975
v8,feat_gbm,1.0,45,23,-3.467591913380912,-2.8038114998165153
v8,feat_gbm,1.0,45,24,-3.2414238482632625,-2.6726430450531393
v8,feat_gbm,1.0,45,25,-2.9742708578869874,-3.141178249464176
v8,feat_gbm,1.0,45,26,-3.3161819953231957,-3.8612362310489847
v8,feat_gbm,1.0,45,27,-2.8039451038125063,-3.085821277369337
v8,feat_gbm,1.0,45,28,-2.96207417253372,-2.1153791712035637
v8,feat_gbm,1.0,45,29,-1.0068026908180576,-0.5854112868629942
v8,feat_gbm,1.0,45,30,-0.10032103564659275,0.13849791927417068
v8,feat_gbm,1.0,45,31,-2.6475671237473475,-2.779654184179668
v8,feat_gbm,1.0,45,32,1.4478817218855016,0.9166392391011026
v8,feat_gbm,1.0,45,33,-2.3478751956103596,-2.134444297962007
v8,feat_gbm,1.0,45,34,0.9817845280375251,1.1224191581864646
v8,feat_gbm,1.0,45,35,-3.392371714567001,-2.7514680837461087
v8,feat_gbm,1.0,45,36,0.3247067521970789,0.7493710802437775
v8,feat_gbm,1.0,45,37,-1.79344807059819,-2.157600461660938
v8,feat_gbm,1.0,45,38,-1.3645127261073786,-1.7436371170468024
v8,feat_gbm,1.0,45,39,0.7491735210749656,0.632388610685479
v8,feat_gbm,1.0,45,40,-2.3742833299272443,-1.5024753827969588
v8,feat_gbm,1.0,45,41,-2.552574652612846,-2.936018587066778
v8,feat_gbm,1.0,45,42,-0.5950655887030496,-0.06406961406287034
v8,feat_gbm,1.0,45,43,-0.456454456714781,-0.43711075337934485
v8,feat_gbm,1.0,45,44,0.7141522550752402,0.521724778538647
v8,feat_gbm,1.0,45,45,0.30135240135664154,-0.02881562555915001
v8,feat_gbm,1.0,45,46,-2.623361522553015,-2.6856700943784895
v8,feat_gbm,1.0,45,47,-2.862463016376956,-3.3419513202228783
v8,feat_gbm,1.0,45,48,-0.25295345433582755,-0.35240032436669677
v8,feat_gbm,1.0,45,49,-3.432218999676288,-4.466027560457086
v8,feat_gbm,1.0,45,50,-1.1177281398412582,-1.2227887404747313
v8,feat_gbm,1.0,45,51,-3.717443886842741,-4.168130875201601
v8,feat_gbm,1.0,45,52,-1.4159105988977034,-2.1825653069440887
v8,feat_gbm,1.0,45,53,-3.2664225009638788,-2.816977102698189
v8,feat_gbm,1.0,45,54,-0.49232775943329504,-0.9520374156321785
v8,feat_gbm,1.0,45,55,0.537122195538241,0.800460094219776
v8,feat_gbm,1.0,45,56,0.35285061794385375,0.2782562560211116
v8,feat_gbm,1.0,45,57,-0.08150071375570143,-0.7855200046266205
v8,feat_gbm,1.0,45,58,-3.189267019704093,-2.837973637743256
v8,feat_gbm,1.0,45,59,-0.027175754440527958,0.3653424354755994
v8,feat_gbm,1.0,45,60,-1.9784964386493291,-3.145987746693799
v8,feat_gbm,1.0,45,61,-2.845817083195738,-2.1381844357326614
v8,feat_gbm,1.0,45,62,0.2659748301279207,0.3908315550690521
v8,feat_gbm,1.0,45,63,-3.0075514173761304,-3.259739876316779
v8,feat_gbm,1.0,45,64,-2.5862123452375956,-3.799325775609258
v8,feat_gbm,1.0,45,65,0.6809234062809635,0.2842997557356093
v8,feat_gbm,1.0,45,66,0.49706327280501966,0.9099380077885143
v8,feat_gbm,1.0,45,67,0.1896504870766896,0.5741223235018287
v8,feat_gbm,1.0,45,68,1.0429147515908592,1.3807263582335993
v8,feat_gbm,1.0,45,69,0.21955370950769765,2.7357387204405055
v8,feat_gbm,1.0,45,70,-0.007425285460276359,-0.3782017485149665
v8,feat_gbm,1.0,45,71,-0.727150303108365,-0.6946521973220513
v8,feat_gbm,1.0,45,72,-3.4671228514291714,-3.510295151868067
v8,feat_gbm,1.0,45,73,-0.3805113481024798,-0.3643686170400702
v8,feat_gbm,1.0,45,74,1.5025348190878174,1.1835884152793859
v8,feat_gbm,1.0,45,75,-0.018149028313278484,-0.38644824542838596
v8,feat_gbm,1.0,45,76,0.5018875617343792,0.7005004452467647
v8,feat_gbm,1.0,45,77,0.3689562598911433,0.3770911051312199
v8,feat_gbm,1.0,45,78,-0.25084392971771274,-0.5374783823521183
v8,feat_gbm,1.0,45,79,-2.7752549370649153,-3.2499450611549854
v8,feat_gbm,1.0,45,80,-1.8716463210811443,-1.719925172279684
v8,feat_gbm,1.0,45,81,0.7027013342982553,1.8185710395242058
v8,feat_gbm,1.0,45,82,-1.4276134104773197,-1.0758778979961314
v8,feat_gbm,1.0,45,83,-0.3539358470983062,-0.8033140510569362
v8,feat_gbm,1.0,45,84,-2.1713639984005564,-2.0837035815006346
v8,feat_gbm,1.0,45,85,-2.5571882100464034,-1.2430797823904942
v8,feat_gbm,1.0,45,86,0.7717410916444063,0.639317965424242
v8,feat_gbm,1.0,45,87,-0.29125652249586825,-0.02321591952008587
v8,feat_gbm,1.0,45,88,-2.244116621799027,-3.512086916650174
v8,feat_gbm,1.0,45,89,-1.5050326075463254,-1.684363733317816
v8,feat_gbm,1.0,45,90,-2.9729192639367232,-3.5341996208099964
v8,feat_gbm,1.0,45,91,0.4834148919165051,1.1574629997660548
v8,feat_gbm,1.0,45,92,-1.0238633931474512,-0.7651863719989663
v8,feat_gbm,1.0,45,93,-2.4500456165725093,-5.7708125015304885
v8,feat_gbm,1.0,45,94,0.0766416396907874,0.07374698385127064
v8,feat_gbm,1.0,45,95,-0.062175681855020246,1.201566413592891
v8,feat_gbm,1.0,45,96,1.6616843833295905,1.2655480006709303
v8,feat_gbm,1.0,45,97,-2.884148778823909,-3.2217777708537843
v8,feat_gbm,1.0,45,98,-1.1384177396213235,-1.2120387208328698
v8,feat_gbm,1.0,45,99,-0.48504235891518827,-0.04015373686183237
v8,feat_gbm,1.0,45,100,-3.3740816419707897,-2.8384481914339785
v8,feat_gbm,1.0,45,101,-3.2795260517698397,-3.541068619782685
v8,feat_gbm,1.0,45,102,-3.069645043725357,-4.424727465058162
v8,feat_gbm,1.0,45,103,-0.6292960202960385,-0.7652009130347144
v8,feat_gbm,1.0,45,104,-0.32311799931395774,-0.406664655497914
v8,feat_gbm,1.0,45,105,-2.1838778273826716,-2.8019031633754246
v8,feat_gbm,1.0,45,106,-1.3107362748272073,-1.1978192780958505
v8,feat_gbm,1.0,45,107,-1.50339317633765,-1.2497822804421463
v8,feat_gbm,1.0,45,108,-0.20744017148389726,-0.2003702404752673
v8,feat_gbm,1.0,45,109,-1.2695659222176634,-0.28745536208379296
v8,feat_gbm,1.0,45,110,0.3423620841343839,0.2838469771831524
v8,feat_gbm,1.0,45,111,0.054932970327835916,0.6579850926301614
v8,feat_gbm,1.0,45,112,-0.16833057319750075,-0.4279263804064609
v8,feat_gbm,1.0,45,113,0.4022204647955366,0.527327823801956
v8,feat_gbm,1.0,45,114,-2.9057791209802284,-3.652947895428966
v8,feat_gbm,1.0,45,115,-0.21950867447225667,-0.04287987221360797
v8,feat_gbm,1.0,45,116,-2.9106013940797277,-3.4409421360670214
v8,feat_gbm,1.0,45,117,-2.7373439904720334,-2.4284095097884006
v8,feat_gbm,1.0,45,118,-1.9428091776244496,-1.419217075367618
v8,feat_gbm,1.0,45,119,-1.00183090802927,-1.4944271796191557
v8,feat_gbm,1.0,45,120,-3.213013913381885,-2.797137626437216
v8,feat_gbm,1.0,45,121,1.003374342704202,3.1321125804877905
v8,feat_gbm,1.0,45,122,-1.338840205996606,-3.164895556438051
v8,feat_gbm,1.0,45,123,0.14995394058081504,-0.021234684620174846
v8,feat_gbm,1.0,45,124,-1.6115137734724867,-1.246001114532972
v8,feat_gbm,1.0,45,125,-1.9939611276631057,-2.7130193085566443
v8,feat_gbm,1.0,45,126,-1.3405327156623932,-2.0560780011130944
v8,feat_gbm,1.0,45,127,-2.304756802611174,-1.631222331554067
v8,feat_gbm,1.0,45,128,-1.3026339062511234,-3.477307725783656
v8,feat_gbm,1.0,45,129,-0.2854413922116571,1.7007542891568868
v8,feat_gbm,1.0,45,130,-1.4099512512204466,-3.4021624962570822
v8,feat_gbm,1.0,45,131,-3.4691341547270977,-3.701149444421242
v8,feat_gbm,1.0,45,132,-1.1035914648579317,-0.4116741376471012
v8,feat_gbm,1.0,45,133,-1.0002990915202947,-0.5680375850475197
v8,feat_gbm,1.0,45,134,-2.770609481005767,-1.4788189923590598
v8,feat_gbm,1.0,45,135,-2.932277808093523,-2.9896549957503007
v8,feat_gbm,1.0,45,136,0.20526384633894734,0.11194117436713467
v8,feat_gbm,1.0,45,137,1.169756339634223,1.7147062893715772
v8,feat_gbm,1.0,45,138,-2.4392249766922545,-1.9709125209383296
v8,feat_gbm,1.0,45,139,-0.2913164275334031,0.19937477723826902
v8,feat_gbm,1.0,45,140,-2.7115603219779927,-2.8223726616431475
v8,feat_gbm,1.0,45,141,-0.15756641338720787,-0.12380828599000025
v8,feat_gbm,1.0,45,142,-2.266007670282892,-2.97521232911642
v8,feat_gbm,1.0,45,143,-1.9042340164754643,-1.9484557479617686
v8,feat_gbm,1.0,45,144,0.4398899382088644,1.244093655886106
v8,feat_gbm,1.0,45,145,-1.7415283944164457,-2.0280859266176816
v8,feat_gbm,1.0,45,146,-2.533539668032273,-2.0754073031653366
v8,feat_gbm,1.0,45,147,-0.2638655411387493,-0.11331641159387335
v8,feat_gbm,1.0,45,148,-2.4717415277348436,-2.620298039600635
v8,feat_gbm,1.0,45,149,-2.959796866365569,-3.8395532227602396
v8,feat_gbm,1.0,45,150,-0.904044198863421,-2.149698272240366
v8,feat_gbm,1.0,45,151,-2.9554137809545824,-3.1594376779318036
v8,feat_gbm,1.0,45,152,-2.197089978664983,-2.7712141114581046
v8,feat_gbm,1.0,45,153,-1.725228921456162,-1.1483368403810985
v8,feat_gbm,1.0,45,154,-1.8416908497202085,-1.4700676700115773
v8,feat_gbm,1.0,45,155,0.6856178769336829,1.4088416749712322
v8,feat_gbm,1.0,45,156,0.47459062714402533,0.7564704220494097
v8,feat_gbm,1.0,45,157,-1.2717740923253869,-1.7148995557963913
v8,feat_gbm,1.0,45,158,-1.504376661586891,-2.8595355115547196
v8,feat_gbm,1.0,45,159,-1.2228611586394122,-0.9922400520728849
v8,feat_gbm,1.0,45,160,1.7989704886305062,1.8585227307534937
v8,feat_gbm,1.0,45,161,-2.823288082705682,-2.477654537850602
v8,feat_gbm,1.0,45,162,-3.344006869970007,-2.993764039868935
v8,feat_gbm,1.0,45,163,-0.9077465357535979,-1.1722671160336509
v8,feat_gbm,1.0,45,164,-2.473117786931768,-1.6577576086204497
v8,feat_gbm,1.0,45,165,-2.4093570301939256,-2.9770186999323642
v8,feat_gbm,1.0,45,166,-2.9529070303961302,-3.2329952824425443
v8,feat_gbm,1.0,45,167,-0.18024076999444935,0.19550508612775644
v8,feat_gbm,1.0,45,168,-1.1156932151125,-1.2639642813248737
v8,feat_gbm,1.0,45,169,1.1964480506055475,1.4224064134580066
v8,feat_gbm,1.0,45,170,-2.2490209153660987,-1.5303724784706008
v8,feat_gbm,1.0,45,171,0.21194553021510043,0.6086346650572224
v8,feat_gbm,1.0,45,172,-0.22652588285106517,-0.052232489626048526
v8,feat_gbm,1.0,45,173,-0.5729817725002004,-0.19074605880313256
v8,feat_gbm,1.0,45,174,-2.5257542497778442,-2.7678232596734214
v8,feat_gbm,1.0,45,175,-2.463696078815448,-1.6557092188829319
v8,feat_gbm,1.0,45,176,0.15767523834835045,0.12081831439914445
v8,feat_gbm,1.0,45,177,0.22703058219889996,3.7031714993021168
v8,feat_gbm,1.0,45,178,0.1239621948650413,-0.17761292562564054
v8,feat_gbm,1.0,45,179,0.06394695821642116,0.2295122735959306
v8,feat_gbm,1.0,45,180,-1.2351940356660909,-1.6401012725318311
v8,feat_gbm,1.0,45,181,-2.625164292921599,-3.399461101549646
v8,feat_gbm,1.0,45,182,0.33809025012446287,0.5421608664871393
v8,feat_gbm,1.0,45,183,-3.0238905917412713,-3.7858185839721776
v8,feat_gbm,1.0,45,184,0.29526866819517344,0.4440956773301304
v8,feat_gbm,1.0,45,185,-0.057388129011217016,0.5450962365111649
v8,feat_gbm,1.0,45,186,-2.777575427480299,-3.094441269353033
v8,feat_gbm,1.0,45,187,0.7850455863496736,1.436275522654785
v8,feat_gbm,1.0,45,188,0.012224343072181532,-0.003208414280501246
v8,feat_gbm,1.0,45,189,-2.141811998148297,-2.0766448721687736
v8,feat_gbm,1.0,45,190,-3.2892368273658956,-2.887011097372245
v8,feat_gbm,1.0,45,191,-0.38488693510868544,-0.19564387773269687
v8,feat_gbm,1.0,45,192,-1.5791397141154442,-3.39219136175158
v8,feat_gbm,1.0,45,193,-4.163319647534102,-4.804455114758695
v8,feat_gbm,1.0,45,194,-0.4545078264146227,-0.23230879418151415
v8,feat_gbm,1.0,45,195,0.8359843893134733,0.7768952289284052
v8,feat_gbm,1.0,45,196,-3.2171795757251354,-3.0758975731441707
v8,feat_gbm,1.0,45,197,1.5251638260294074,1.8852948766094535
v8,feat_gbm,1.0,45,198,-0.03114027070835671,-0.07474663349946693
v8,feat_gbm,1.0,45,199,1.5593045578366747,0.9295509098669842
v8,feat_gbm,1.0,45,200,-0.1088467202207771,0.40408761039079466
v8,feat_gbm,1.0,45,201,-1.4457887195436192,-1.0185563947000995
v8,feat_gbm,1.0,45,202,-1.9437460301647,-1.5812541435625456
v8,feat_gbm,1.0,45,203,-1.7848213720792143,-2.9269603411540346
v8,feat_gbm,1.0,45,204,-0.10488639919128377,-0.9368237022381455
v8,feat_gbm,1.0,45,205,-0.9234286344507918,-0.771906247259438
v8,feat_gbm,1.0,45,206,-1.7674169781085467,-1.4457766532498904
v8,feat_gbm,1.0,45,207,-2.5280793182735697,-2.4752738768021185
v8,feat_gbm,1.0,45,208,-3.3607685005104737,-2.8789590131308262
v8,feat_gbm,1.0,45,209,-3.171494477735699,-2.6986856152036793
v8,feat_gbm,1.0,45,210,0.4403220976211065,0.05837096406180189
v8,feat_gbm,1.0,45,211,-1.9196018236833743,-2.2327070274631113
v8,feat_gbm,1.0,45,212,-0.17028762405256018,0.15758807445032513
v8,feat_gbm,1.0,45,213,0.7296001673153769,0.5234750924970406
v8,feat_gbm,1.0,45,214,0.6998614662638756,0.8312555987922697
v8,feat_gbm,1.0,45,215,-1.865014956592357,-0.7699972654610447
v8,feat_gbm,1.0,45,216,-2.1110134893212122,-2.4368834827463726
v8,feat_gbm,1.0,45,217,-3.5525323798800907,-3.7421886443248944
v8,feat_gbm,1.0,45,218,-3.0498772515352415,-4.3753265313120195
v8,feat_gbm,1.0,45,219,0.4750669723393093,0.13181597567614448
v8,feat_gbm,1.0,45,220,-2.3058060549375266,-2.150299196146146
v8,feat_gbm,1.0,45,221,0.12341424311382516,0.4316281043505307
v8,feat_gbm,1.0,45,222,0.6621275736186297,0.20581216265343685
v8,feat_gbm,1.0,45,223,-1.2062989576460779,-1.7226779576420432
v8,feat_gbm,1.0,45,224,0.704029361597021,1.0701061526100661
v8,feat_gbm,1.0,45,225,-3.2230116713503523,-2.995983076644188
v8,feat_gbm,1.0,45,226,-0.009561084662876992,-0.39103048890459524
v8,feat_gbm,1.0,45,227,-2.0611747908497002,-2.811377433191803
v8,feat_gbm,1.0,45,228,-0.4201917996425616,0.1103569248772952
v8,feat_gbm,1.0,45,229,0.3837288123500061,1.0926797996732165
v8,feat_gbm,1.0,45,230,-1.9858928554081792,-1.1465469989616057
v8,feat_gbm,1.0,45,231,-3.4053379747838575,-3.7045714701961474
v8,feat_gbm,1.0,45,232,-0.1369141335697422,-0.3205795311611984
v8,feat_gbm,1.0,45,233,-0.05177351108009594,-0.7282288274356463
v8,feat_gbm,1.0,45,234,0.46417515545489785,-0.6143938277881194
v8,feat_gbm,1.0,45,235,-3.5001032650816324,-3.717493513170671
v8,feat_gbm,1.0,45,236,-1.4744551410059545,-1.894186438607053
v8,feat_gbm,1.0,45,237,0.22503548646293361,0.19101892391720615
v8,feat_gbm,1.0,45,238,-2.4277130451267555,-2.723653519266766
v8,feat_gbm,1.0,45,239,0.3477360031635606,0.28172679866345784
v8,feat_gbm,1.0,45,240,-0.8742971275616572,-0.570916259780521
v8,feat_gbm,1.0,45,241,-1.4809806604258233,-3.037607674189957
v8,feat_gbm,1.0,45,242,-2.9055687489968856,-2.4824067099880884
v8,feat_gbm,1.0,45,243,0.6117124856472652,1.793244191067856
v8,feat_gbm,1.0,45,244,-2.7084657157156924,-2.170563194223024
v8,feat_gbm,1.0,45,245,-3.0070749120608182,-2.5580286375581696
v8,feat_gbm,1.0,45,246,-2.726164219559597,-3.9013363177662743
v8,feat_gbm,1.0,45,247,-0.8597454223102285,-1.2689211715035387
v8,feat_gbm,1.0,45,248,-2.730877995654051,-2.89795980370705
v8,feat_gbm,1.0,45,249,-1.1070078995919808,-1.149470325468549
v8,feat_gbm,1.0,45,250,-1.9352827182653891,-2.1803876537888693
v8,feat_gbm,1.0,45,251,-2.0171758459038798,-1.2010659028736028
v8,feat_gbm,1.0,45,252,-2.485034372180675,-2.675840590612525
v8,feat_gbm,1.0,45,253,-1.1081571001583808,-0.865421424414132
v8,feat_gbm,1.0,45,254,-1.2528518080133877,-0.45089388998719687
v8,feat_gbm,1.0,45,255,-1.5482021592697166,-1.477655138121315
v8,feat_gbm,1.0,45,256,-2.507423410326161,-1.9234128661936198
v8,feat_gbm,1.0,45,257,-1.5991975670605505,-0.8895479413744646
v8,feat_gbm,1.0,45,258,-1.2927233957721573,-1.284701881398344
v8,feat_gbm,1.0,45,259,-0.2536327466556695,0.03791276039075724
v8,feat_gbm,1.0,45,260,-2.3845218948292066,-1.213907680807544
v8,feat_gbm,1.0,45,261,-0.0596859980935548,-0.6937064881158975
v8,feat_gbm,1.0,45,262,-1.3812995162614272,-2.500344974429108
v8,feat_gbm,1.0,45,263,-3.122142177924177,-3.0782877743164985
v8,feat_gbm,1.0,45,264,-3.8350814205276427,-3.2702790535172426
v8,feat_gbm,1.0,45,265,-0.1479211947986632,-0.15746453031192983
v8,feat_gbm,1.0,45,266,-1.7955130299138613,-1.3930653126164372
v8,feat_gbm,1.0,45,267,-3.1535768362582424,-3.460520174484755
v8,feat_gbm,1.0,45,268,-2.2345596075023644,-1.8115923421665279
v8,feat_gbm,1.0,45,269,-0.04190660145293217,-0.04785951915829837
v8,feat_gbm,1.0,45,270,-1.2334487774450458,-1.3387838926701625
v8,feat_gbm,1.0,45,271,0.6875893685589924,0.6172482925771328
v8,feat_gbm,1.0,45,272,-0.16642601394956077,0.10718580269537517
v8,feat_gbm,1.0,45,273,-2.1863866499990348,-2.4250613993713395
v8,feat_gbm,1.0,45,274,-0.4767927573201907,-0.4656136934058211
v8,feat_gbm,1.0,45,275,-2.362725472604617,-1.7679071058666047
v8,feat_gbm,1.0,45,276,-0.8289179557365187,-0.15192249005847586
v8,feat_gbm,1.0,45,277,-0.3674834555511909,-0.22686658439221394
v8,feat_gbm,1.0,45,278,-0.48856533135860497,-0.3963273628232521
v8,feat_gbm,1.0,45,279,-2.3004704972699703,-2.1916982233579314
v8,feat_gbm,1.0,45,280,0.6671117675916147,0.5138857123822332
v8,feat_gbm,1.0,45,281,0.3908012547540501,0.13501120436460418
v8,feat_gbm,1.0,45,282,0.05074598266049599,-0.35232291748203215
v8,feat_gbm,1.0,45,283,0.3481812300892418,0.33710059568630363
v8,feat_gbm,1.0,45,284,1.975498690219794,2.2269494594330284
v8,feat_gbm,1.0,45,285,-1.1872079859187818,-0.8523290277873723
v8,feat_gbm,1.0,45,286,0.0447643240761902,0.5032694866056324
v8,feat_gbm,1.0,45,287,-2.9705685451580353,-3.0734310124071125
v8,feat_gbm,1.0,45,288,-2.8170417343028205,-3.0969464995649485
v8,feat_gbm,1.0,45,289,0.38669948293483936,0.8088909840914691
v8,feat_gbm,1.0,45,290,-1.638088455582078,-1.710735902712342
v8,feat_gbm,1.0,45,291,0.266206945667869,-0.24588513525180683
v8,feat_gbm,1.0,45,292,-2.928419445943334,-2.9910915714149957
v8,feat_gbm,1.0,45,293,-0.09694953478384173,0.24397961438558982
v8,feat_gbm,1.0,45,294,0.5689510215650173,0.9827222917401395
v8,feat_gbm,1.0,45,295,0.9641064976013826,1.5399914318848642
v8,feat_gbm,1.0,45,296,-2.1476122755121057,-3.028104854063688
v8,feat_gbm,1.0,45,297,-0.7959020984753714,-1.9675880903276046
v8,feat_gbm,1.0,45,298,0.6732844522075565,0.3882116190950413
v8,feat_gbm,1.0,45,299,-0.6140435707893978,-0.4169590587595381
v8,feat_gbm,1.0,45,300,-0.8494788748344373,-0.47104701624968015
v8,feat_gbm,1.0,45,301,-0.5626622192916944,-0.5788171023402015
v8,feat_gbm,1.0,45,302,-2.9136778580594305,-3.325334912618423
v8,feat_gbm,1.0,45,303,-0.026502919692297483,0.27214776974989446
v8,feat_gbm,1.0,45,304,0.08882438463865758,0.2838761456734127
v8,feat_gbm,1.0,45,305,0.8848582014959365,0.98356576927226
v8,feat_gbm,1.0,45,306,-2.097776530417276,-2.324804251846344
v8,feat_gbm,1.0,45,307,-0.28053640017428344,-0.30060412365222405
v8,feat_gbm,1.0,45,308,-2.951783956679403,-3.5706943269006843
v8,feat_gbm,1.0,45,309,0.3547211244626968,0.7657986236992217
v8,feat_gbm,1.0,45,310,-0.24378555751643016,-0.3760212383278314
v8,feat_gbm,1.0,45,311,0.9172009328713235,0.903367601886353
v8,feat_gbm,1.0,45,312,0.671582472247291,0.2834145554969618
v8,feat_gbm,1.0,45,313,-0.14716458036040792,-0.8750381269167363
v8,feat_gbm,1.0,45,314,-0.8823330354408844,-0.8911054934067958
v8,feat_gbm,1.0,45,315,0.3237117011046494,0.2699623908229132
v8,feat_gbm,1.0,45,316,-3.1849212757263112,-4.034449774534175
v8,feat_gbm,1.0,45,317,0.2840330491814284,0.7302045063515665
v8,feat_gbm,1.0,45,318,-2.6317587375279956,-2.5264159394565007
v8,feat_gbm,1.0,45,319,-3.2885735538405845,-3.1280680478747835
v8,feat_gbm,1.0,45,320,0.054886257767981464,-0.623194388118803
v8,feat_gbm,1.0,45,321,-3.8393285944011195,-4.172922463867305
v8,feat_gbm,1.0,45,322,1.1581610227144514,1.0714029341973417
v8,feat_gbm,1.0,45,323,-2.893118236950764,-2.5538050374755565
v8,feat_gbm,1.0,45,324,-1.6691371000987145,-1.5310020975326282
v8,feat_gbm,1.0,45,325,-0.45687524709512356,-0.735749980772127
v8,feat_gbm,1.0,45,326,-0.4245958855927012,-0.5010306012352705
v8,feat_gbm,1.0,45,327,-4.011564740735054,-4.393123087746285
v8,feat_gbm,1.0,45,328,-0.2345156809602386,0.6439364857563509
v8,feat_gbm,1.0,45,329,-2.6651677514807566,-2.60760252445046
v8,feat_gbm,1.0,45,330,0.5307744934627797,0.46983427811083467
v8,feat_gbm,1.0,45,331,-1.5005220080692183,-1.149354435920189
v8,feat_gbm,1.0,45,332,-2.0494487569219597,-1.0961264399974935
v8,feat_gbm,1.0,45,333,0.7813951225919544,1.4253561556633074
v8,feat_gbm,1.0,45,334,1.0456706607518678,1.0406546288822482
v8,feat_gbm,1.0,45,335,-0.05357003768963351,-0.1286217558512718
v8,feat_gbm,1.0,45,336,-1.8913614502016822,-1.7275974260064488
v8,feat_gbm,1.0,45,337,-3.449597923901654,-4.535227665039715
v8,feat_gbm,1.0,45,338,0.1803690955664218,-1.078833843619319
v8,feat_gbm,1.0,45,339,-2.862124342120914,-2.035297396751524
v8,feat_gbm,1.0,45,340,0.3115505370697349,0.4788286932125707
v8,feat_gbm,1.0,45,341,-1.6448232026722098,-0.4595082096564039
v8,feat_gbm,1.0,45,342,-2.985831839205325,-3.653430804591794
v8,feat_gbm,1.0,45,343,0.16827102468007435,0.2834522663037432
v8,feat_gbm,1.0,45,344,-0.14197620987037296,-0.15984972455285287
v8,feat_gbm,1.0,45,345,-2.442926118096351,-3.8822970119574354
v8,feat_gbm,1.0,45,346,-2.5312581266482086,-2.5801989990218064
v8,feat_gbm,1.0,45,347,-3.0472717925354718,-3.2622630695286134
v8,feat_gbm,1.0,45,348,-0.487012932250813,-0.4894561152880944
v8,feat_gbm,1.0,45,349,-2.359839061012628,-3.0223552414624764
v8,feat_gbm,1.0,45,350,0.7109696574220917,0.4215072765335228
v8,feat_gbm,1.0,45,351,-2.0783388673272603,-1.8152752103400673
v8,feat_gbm,1.0,45,352,0.7921867417226355,1.102263670511441
v8,feat_gbm,1.0,45,353,1.0622450619503492,1.4454852001466738
v8,feat_gbm,1.0,45,354,-2.9618292867444937,-3.6770060333191017
v8,feat_gbm,1.0,45,355,-3.2592227055925758,-5.078652858832153
v8,feat_gbm,1.0,45,356,0.28173610816637523,0.7815322159665122
v8,feat_gbm,1.0,45,357,0.4337844408449438,0.6775133790495483
v8,feat_gbm,1.0,45,358,-3.116791595851096,-3.5163570325540956
v8,feat_gbm,1.0,45,359,-1.2409259367962702,-4.157760523739404
v8,feat_gbm,1.0,45,360,-1.035292541522451,-0.18386357284099003
v8,feat_gbm,1.0,45,361,-3.239248204523499,-4.477383009144865
v8,feat_gbm,1.0,45,362,-0.02670174537957053,0.2909126951240761
v8,feat_gbm,1.0,45,363,-3.034636968991487,-3.5121531596302606
v8,feat_gbm,1.0,45,364,-0.3094888461738002,-0.0019354464452207268
v8,feat_gbm,1.0,45,365,-3.185550829954757,-3.264666087597375
v8,feat_gbm,1.0,45,366,-2.7859311422021813,-1.4961090632143375
v8,feat_gbm,1.0,45,367,-0.043378396075326356,-0.10305907560987346
v8,feat_gbm,1.0,45,368,0.039061797675582315,0.24601275195113992
v8,feat_gbm,1.0,45,369,-1.4044158183774382,-1.6400355118163064
v8,feat_gbm,1.0,45,370,-2.7940752732863685,-1.5399226532969161
v8,feat_gbm,1.0,45,371,-0.7014605699215272,-0.3336387161155974
v8,feat_gbm,1.0,45,372,0.2104919907611989,0.3185760540422761
v8,feat_gbm,1.0,45,373,-0.3646050847871201,-0.30756424411789
v8,feat_gbm,1.0,45,374,-3.438314932340005,-3.551435429619069
v8,feat_gbm,1.0,45,375,0.41519620844418215,-0.12846918127015178
v8,feat_gbm,1.0,45,376,0.6783529138656823,0.43413099611324796
v8,feat_gbm,1.0,45,377,0.3732785689833758,0.8095384731463161
v8,feat_gbm,1.0,45,378,0.23211847785444364,0.20303525329731625
v8,feat_gbm,1.0,45,379,0.18771788471513146,0.524784145223057
v8,feat_gbm,1.0,45,380,0.15880307581509334,0.8722609808312535
v8,feat_gbm,1.0,45,381,-0.5573793453432835,1.0190202163897197
v8,feat_gbm,1.0,45,382,0.2900178632603541,1.2715191268303472
v8,feat_gbm,1.0,45,383,-0.20135448342408777,-0.13923746667536385
v8,feat_gbm,1.0,45,384,-0.7200529041102298,-1.7983983483294153
v8,feat_gbm,1.0,45,385,0.3929488641836545,0.5606037150840157
v8,feat_gbm,1.0,45,386,0.5378218520579127,0.6003456151224621
v8,feat_gbm,1.0,45,387,0.8654967208497141,1.3071718981356573
v8,feat_gbm,1.0,45,388,0.09363117730661452,-0.19457283568776126
v8,feat_gbm,1.0,45,389,-1.2672111057479731,-0.981880356960367
v8,feat_gbm,1.0,45,390,-1.8369883671155465,-2.628024059072158
v8,feat_gbm,1.0,45,391,-2.29983869414006,-2.479262758098376
v8,feat_gbm,1.0,45,392,-2.2626589092548297,-2.207941629114672
v8,feat_gbm,1.0,45,393,-2.110582196222763,-2.806586620215901
v8,feat_gbm,1.0,45,394,-0.487374580110875,-0.16842623590390868
v8,feat_gbm,1.0,45,395,0.39202967958984886,0.3596423409999632
v8,feat_gbm,1.0,45,396,-2.550888248907539,-3.117667066362407
v8,feat_gbm,1.0,45,397,1.0628032849906655,0.6134086288650079
v8,feat_gbm,1.0,45,398,0.44318115747120895,0.5049020087080688
v8,feat_gbm,1.0,45,399,-1.2638625431471981,-1.0548605918119196
v8,feat_gbm,1.0,45,400,-3.4627846795084483,-2.877676775828332
v8,feat_gbm,1.0,45,401,0.09346025436528899,0.015654415635624343
v8,feat_gbm,1.0,45,402,-0.5039040592337509,-0.7027824676465185
v8,feat_gbm,1.0,45,403,0.3316552549020858,0.6733427913489138
v8,feat_gbm,1.0,45,404,-0.036744429839998316,0.03259550049258387
v8,feat_gbm,1.0,45,405,-2.914755978526772,-3.4179416205706223
v8,feat_gbm,1.0,45,406,-1.9411948960975898,-1.6563158072976616
v8,feat_gbm,1.0,45,407,0.12812585924355496,0.3281041495218151
v8,feat_gbm,1.0,45,408,-0.7478716868830135,-1.498502430121411
v8,feat_gbm,1.0,45,409,-1.390438112798006,-1.5390850133499359
v8,feat_gbm,1.0,45,410,-1.9760133962995519,-3.8769914364338094
v8,feat_gbm,1.0,45,411,-0.5985667770013375,-1.1093409530974205
v8,feat_gbm,1.0,45,412,-2.5335762649125506,-2.1356441225652167
v8,feat_gbm,1.0,45,413,0.47560118442143234,0.5613925387002681
v8,feat_gbm,1.0,45,414,-2.5716234897366466,-2.672303525149137
v8,feat_gbm,1.0,45,415,0.5667035791249513,0.9887747910888531
v8,feat_gbm,1.0,45,416,-2.9636966984998105,-2.064740642123073
v8,feat_gbm,1.0,45,417,-0.43287495077670846,-0.13534283366780814
v8,feat_gbm,1.0,45,418,0.014290664736394397,0.5266566940316069
v8,feat_gbm,1.0,45,419,-0.6545970260313957,-0.7929716308762645
v8,feat_gbm,1.0,45,420,-0.22143930644310203,0.22081989653443584
v8,feat_gbm,1.0,45,421,-3.8178379193494374,-3.4911396429773087
v8,feat_gbm,1.0,45,422,-0.45529694319861036,0.4691563032653497
v8,feat_gbm,1.0,45,423,0.11915725316247716,-0.21242164749251408
v8,feat_gbm,1.0,45,424,-3.405940453918961,-2.0235730224261497
v8,feat_gbm,1.0,45,425,-0.3600419119277674,0.1881042769243711
v8,feat_gbm,1.0,45,426,-0.843646080484113,-0.7546830882020855
v8,feat_gbm,1.0,45,427,-1.4812942817620218,-2.004418163271322
v8,feat_gbm,1.0,45,428,-0.22908203274904734,0.08108350485015015
v8,feat_gbm,1.0,45,429,-1.4837047127113614,-0.8958783842144782
v8,feat_gbm,1.0,45,430,-1.058834893466059,-0.700178367515834
v8,feat_gbm,1.0,45,431,-2.186656830036641,-2.026447754843476
v8,feat_gbm,1.0,45,432,-3.1545715724060726,-3.3644112924118934
v8,feat_gbm,1.0,45,433,-2.7670518276447327,-2.4777804975332844
v8,feat_gbm,1.0,45,434,-3.40766119043357,-3.6407879329147783
v8,feat_gbm,1.0,45,435,0.4086968097728816,0.8140524350977956
v8,feat_gbm,1.0,45,436,-0.45275005239782884,-0.6342245759550225
v8,feat_gbm,1.0,45,437,-1.48883725056709,-1.0170271575608654
v8,feat_gbm,1.0,45,438,0.007459910383807947,1.2058566336630974
v8,feat_gbm,1.0,45,439,0.7064337144795343,1.04159183954478
v8,feat_gbm,1.0,45,440,-0.6344853288134532,-0.383754051292973
v8,feat_gbm,1.0,45,441,1.0285972497518545,0.9717849563735496
v8,feat_gbm,1.0,45,442,0.6529963512048527,0.915394257773604
v8,feat_gbm,1.0,45,443,-0.06733391963823708,0.17619398118278368
v8,feat_gbm,1.0,45,444,-2.818680056439162,-2.3026142847949007
v8,feat_gbm,1.0,45,445,-0.1819685628837207,-2.156995715227189
v8,feat_gbm,1.0,45,446,-2.0441020614428855,-1.9647154613855007
v8,feat_gbm,1.0,45,447,-1.3796054312426724,-1.2167428909736953
v8,feat_gbm,1.0,45,448,-0.23020327470324048,0.371748058948411
v8,feat_gbm,1.0,45,449,-2.940531789574664,-3.354914600670279
v8,feat_gbm,1.0,45,450,-1.2914116594282508,-2.0984010901330774
v8,feat_gbm,1.0,45,451,-0.8777669337040581,-1.8411195968283314
v8,feat_gbm,1.0,45,452,-0.1987264145436375,-0.2866386615093297
v8,feat_gbm,1.0,45,453,-2.1209214301213772,-2.1769502099219324
v8,feat_gbm,1.0,45,454,-0.07606953177499443,0.851829112076475
v8,feat_gbm,1.0,45,455,0.36794562967533,-0.5174982843777256
v8,feat_gbm,1.0,45,456,-2.8313766276757497,-3.7883351795095335
v8,feat_gbm,1.0,45,457,-2.744957686144364,-1.3225504843777425
v8,feat_gbm,1.0,45,458,-0.4488566990572279,-0.6304710111145473
v8,feat_gbm,1.0,45,459,-2.437539670568921,-2.867776928577639
v8,feat_gbm,1.0,45,460,-0.14647201341752278,-0.20106453453544149
v8,feat_gbm,1.0,45,461,0.8155989125576759,0.565413433251147
v8,feat_gbm,1.0,45,462,-0.0038489921294651633,0.6531860801292728
v8,feat_gbm,1.0,45,463,-3.0531581301466164,-3.295531334571209
v8,feat_gbm,1.0,45,464,-0.8351955700386914,-1.118951529136503
v8,feat_gbm,1.0,45,465,-0.004033931132992403,0.08535922256033004
v8,feat_gbm,1.0,45,466,-0.5200100319635595,0.2656879386171551
v8,feat_gbm,1.0,45,467,-1.2619345112607219,-1.0764680911985907
v8,feat_gbm,1.0,45,468,1.875413276686408,2.2503813782282114
v8,feat_gbm,1.0,45,469,-0.17474973719252163,-0.029700274932011248
v8,feat_gbm,1.0,45,470,-2.7404806066943745,-2.1918010579584375
v8,feat_gbm,1.0,45,471,0.4277857697650834,-0.12537364897776127
v8,feat_gbm,1.0,45,472,-1.2660492840811723,-1.3714574409892777
v8,feat_gbm,1.0,45,473,-0.9469211303951969,-1.0216450817816245
v8,feat_gbm,1.0,45,474,-0.8870147702534262,-0.8313233833759152
v8,feat_gbm,1.0,45,475,-2.515561955302205,-3.25243582884057
v8,feat_gbm,1.0,45,476,0.4975517515035833,0.8737365575305754
v8,feat_gbm,1.0,45,477,-2.593650599187807,-1.8373017486027088
v8,feat_gbm,1.0,45,478,-1.671375003448858,-1.909749317133085
v8,feat_gbm,1.0,45,479,0.25466996234075195,0.418341725137149
v8,feat_gbm,1.0,45,480,-2.9867683459872256,-2.8689304810445995
v8,feat_gbm,1.0,45,481,-3.1485381696824217,-3.9192950012633494
v8,feat_gbm,1.0,45,482,0.4039548145810389,0.8191907452202399
v8,feat_gbm,1.0,45,483,-3.013232515755093,-2.7371748494528005
v8,feat_gbm,1.0,45,484,0.15548780752436217,0.043868991079412875
v8,feat_gbm,1.0,45,485,-2.3926191129045793,-3.9571024828402512
v8,feat_gbm,1.0,45,486,-1.9226334193583337,-0.8286091055291892
v8,feat_gbm,1.0,45,487,1.3087236144880994,1.1086460137612473
v8,feat_gbm,1.0,45,488,-0.711751770201038,-1.0899995989348372
v8,feat_gbm,1.0,45,489,-2.144944876688034,-2.9260181182274523
v8,feat_gbm,1.0,45,490,0.04872046053079572,0.01778898425240747
v8,feat_gbm,1.0,45,491,-0.09265414264621198,-0.388546054063584
v8,feat_gbm,1.0,45,492,-1.264197546989561,-0.8483910406321095
v8,feat_gbm,1.0,45,493,-2.4918130659848257,-2.4855190663855797
v8,feat_gbm,1.0,45,494,-0.19313164415666212,-0.6027729178489412
v8,feat_gbm,1.0,45,495,-3.130660667351414,-1.5285925057254015
v8,feat_gbm,1.0,45,496,0.49160478680076297,1.0092174422839322
v8,feat_gbm,1.0,45,497,-2.6459264262687365,-2.421052301727873
v8,feat_gbm,1.0,45,498,-3.3079377447479352,-3.2283141264699093
v8,feat_gbm,1.0,45,499,-3.508722437966843,-4.907212199848568
v8,feat_gbm,1.0,46,0,-0.12353703431333031,0.03894909458183669
v8,feat_gbm,1.0,46,1,-1.9579315139832496,-2.5052564746229193
v8,feat_gbm,1.0,46,2,0.1187344810178578,0.6287827851917782
v8,feat_gbm,1.0,46,3,-3.2245318101686897,-3.3447289283878643
v8,feat_gbm,1.0,46,4,1.3089994177406954,0.9694015026406426
v8,feat_gbm,1.0,46,5,-1.8286854553695744,-2.4693709778233526
v8,feat_gbm,1.0,46,6,0.14410306329519673,-0.2819211013310965
v8,feat_gbm,1.0,46,7,0.4427665660760462,0.5289578846490461
v8,feat_gbm,1.0,46,8,0.06800254261971571,0.032863622186365654
v8,feat_gbm,1.0,46,9,0.9271836065134924,0.9352707853930591
v8,feat_gbm,1.0,46,10,-1.5222956044508973,-1.5987558134683666
v8,feat_gbm,1.0,46,11,-2.826394737210944,-3.2678706438993954
v8,feat_gbm,1.0,46,12,-2.609820871775127,-2.445380546146449
v8,feat_gbm,1.0,46,13,-0.385580850538399,-0.4471217519653716
v8,feat_gbm,1.0,46,14,-1.6940076196067202,-1.8343062920535937
v8,feat_gbm,1.0,46,15,-1.8495711390429828,-2.278287047942225
v8,feat_gbm,1.0,46,16,-1.2536459559964441,-1.113015507562239
v8,feat_gbm,1.0,46,17,-1.7296528920649454,-1.149386040828735
v8,feat_gbm,1.0,46,18,-1.6467953719009496,-0.4541092694382234
v8,feat_gbm,1.0,46,19,-2.5304316917240284,-2.8798658660471284
v8,feat_gbm,1.0,46,20,-3.325389427471417,-3.281006200299989
v8,feat_gbm,1.0,46,21,-2.072574209533853,-0.7889402030111288
v8,feat_gbm,1.0,46,22,-0.3677948135367329,-0.48114593055133975
v8,feat_gbm,1.0,46,23,-3.4695492748001238,-2.8038114998165153
v8,feat_gbm,1.0,46,24,-3.325962638516765,-2.6726430450531393
v8,feat_gbm,1.0,46,25,-3.0116044511943327,-3.141178249464176
v8,feat_gbm,1.0,46,26,-3.286923185445189,-3.8612362310489847
v8,feat_gbm,1.0,46,27,-2.865852064639041,-3.085821277369337
v8,feat_gbm,1.0,46,28,-3.0581978415773636,-2.1153791712035637
v8,feat_gbm,1.0,46,29,-0.9241472423200267,-0.5854112868629942
v8,feat_gbm,1.0,46,30,-0.013383405735127678,0.13849791927417068
v8,feat_gbm,1.0,46,31,-2.803546312724832,-2.779654184179668
v8,feat_gbm,1.0,46,32,1.3063137232418869,0.9166392391011026
v8,feat_gbm,1.0,46,33,-2.308893138622196,-2.134444297962007
v8,feat_gbm,1.0,46,34,0.8657275589784357,1.1224191581864646
v8,feat_gbm,1.0,46,35,-3.4258611203665,-2.7514680837461087
v8,feat_gbm,1.0,46,36,0.44739455189452304,0.7493710802437775
v8,feat_gbm,1.0,46,37,-1.9150936842960364,-2.157600461660938
v8,feat_gbm,1.0,46,38,-1.3249835454171957,-1.7436371170468024
v8,feat_gbm,1.0,46,39,0.8083697607990589,0.632388610685479
v8,feat_gbm,1.0,46,40,-2.4339170596253044,-1.5024753827969588
v8,feat_gbm,1.0,46,41,-2.5063562647742463,-2.936018587066778
v8,feat_gbm,1.0,46,42,-0.7317799559195608,-0.06406961406287034
v8,feat_gbm,1.0,46,43,-0.5827152432701453,-0.43711075337934485
v8,feat_gbm,1.0,46,44,0.6676882673820191,0.521724778538647
v8,feat_gbm,1.0,46,45,0.38766336912932803,-0.02881562555915001
v8,feat_gbm,1.0,46,46,-2.392315130402703,-2.6856700943784895
v8,feat_gbm,1.0,46,47,-2.9235443302216484,-3.3419513202228783
v8,feat_gbm,1.0,46,48,-0.07248034204525267,-0.35240032436669677
v8,feat_gbm,1.0,46,49,-3.430083897088811,-4.466027560457086
v8,feat_gbm,1.0,46,50,-1.1454543602725715,-1.2227887404747313
v8,feat_gbm,1.0,46,51,-3.5712795559019637,-4.168130875201601
v8,feat_gbm,1.0,46,52,-1.4039633547144272,-2.1825653069440887
v8,feat_gbm,1.0,46,53,-3.0858397092530168,-2.816977102698189
v8,feat_gbm,1.0,46,54,-0.392123958847057,-0.9520374156321785
v8,feat_gbm,1.0,46,55,0.5332511907213564,0.800460094219776
v8,feat_gbm,1.0,46,56,0.18058761391639946,0.2782562560211116
v8,feat_gbm,1.0,46,57,-0.3120185712116766,-0.7855200046266205
v8,feat_gbm,1.0,46,58,-3.3157443366024393,-2.837973637743256
v8,feat_gbm,1.0,46,59,-0.4305201963499761,0.3653424354755994
v8,feat_gbm,1.0,46,60,-2.264725855211796,-3.145987746693799
v8,feat_gbm,1.0,46,61,-2.776247163021185,-2.1381844357326614
v8,feat_gbm,1.0,46,62,0.029436115670426016,0.3908315550690521
v8,feat_gbm,1.0,46,63,-3.048409482217222,-3.259739876316779
v8,feat_gbm,1.0,46,64,-2.730711606776044,-3.799325775609258
v8,feat_gbm,1.0,46,65,0.3991770843726345,0.2842997557356093
v8,feat_gbm,1.0,46,66,0.4380044165424864,0.9099380077885143
v8,feat_gbm,1.0,46,67,0.15936952177560287,0.5741223235018287
v8,feat_gbm,1.0,46,68,1.0857695880989007,1.3807263582335993
v8,feat_gbm,1.0,46,69,0.32495990711742856,2.7357387204405055
v8,feat_gbm,1.0,46,70,0.04462967320862285,-0.3782017485149665
v8,feat_gbm,1.0,46,71,-0.6677291169753815,-0.6946521973220513
v8,feat_gbm,1.0,46,72,-3.602182083240899,-3.510295151868067
v8,feat_gbm,1.0,46,73,-0.3839638781020658,-0.3643686170400702
v8,feat_gbm,1.0,46,74,1.389701306271534,1.1835884152793859
v8,feat_gbm,1.0,46,75,-0.0776766967066974,-0.38644824542838596
v8,feat_gbm,1.0,46,76,0.6740669448730737,0.7005004452467647
v8,feat_gbm,1.0,46,77,0.09334299357839304,0.3770911051312199
v8,feat_gbm,1.0,46,78,-0.1763644190878995,-0.5374783823521183
v8,feat_gbm,1.0,46,79,-2.909745439741062,-3.2499450611549854
v8,feat_gbm,1.0,46,80,-1.9122905020729615,-1.719925172279684
v8,feat_gbm,1.0,46,81,0.4622136375757417,1.8185710395242058
v8,feat_gbm,1.0,46,82,-1.5720721971923435,-1.0758778979961314
v8,feat_gbm,1.0,46,83,-0.24131803825554188,-0.8033140510569362
v8,feat_gbm,1.0,46,84,-2.009299600986921,-2.0837035815006346
v8,feat_gbm,1.0,46,85,-2.692880328710601,-1.2430797823904942
v8,feat_gbm,1.0,46,86,0.6486590807182245,0.639317965424242
v8,feat_gbm,1.0,46,87,-0.511781790361842,-0.02321591952008587
v8,feat_gbm,1.0,46,88,-2.2369026372257785,-3.512086916650174
v8,feat_gbm,1.0,46,89,-1.8334677717431762,-1.684363733317816
v8,feat_gbm,1.0,46,90,-3.1837343763041726,-3.5341996208099964
v8,feat_gbm,1.0,46,91,0.6108447485540314,1.1574629997660548
v8,feat_gbm,1.0,46,92,-1.0698906603205913,-0.7651863719989663
v8,feat_gbm,1.0,46,93,-2.0649013270261065,-5.7708125015304885
v8,feat_gbm,1.0,46,94,-1.5255502176280376e-05,0.07374698385127064
v8,feat_gbm,1.0,46,95,-0.5078297150741916,1.201566413592891
v8,feat_gbm,1.0,46,96,1.613053290088667,1.2655480006709303
v8,feat_gbm,1.0,46,97,-2.93918974361925,-3.2217777708537843
v8,feat_gbm,1.0,46,98,-1.1227706957159251,-1.2120387208328698
v8,feat_gbm,1.0,46,99,-0.45087673825422453,-0.04015373686183237
v8,feat_gbm,1.0,46,100,-3.200465715967412,-2.8384481914339785
v8,feat_gbm,1.0,46,101,-3.154592043293891,-3.541068619782685
v8,feat_gbm,1.0,46,102,-3.317004181149634,-4.424727465058162
v8,feat_gbm,1.0,46,103,-0.7177773218337042,-0.7652009130347144
v8,feat_gbm,1.0,46,104,-0.28406219813046163,-0.406664655497914
v8,feat_gbm,1.0,46,105,-2.3448244649527843,-2.8019031633754246
v8,feat_gbm,1.0,46,106,-1.6346178040717683,-1.1978192780958505
v8,feat_gbm,1.0,46,107,-1.4760924354247327,-1.2497822804421463
v8,feat_gbm,1.0,46,108,-0.21697223482428898,-0.2003702404752673
v8,feat_gbm,1.0,46,109,-1.2249087771754417,-0.28745536208379296
v8,feat_gbm,1.0,46,110,0.4723595327356243,0.2838469771831524
v8,feat_gbm,1.0,46,111,-0.09187450741420645,0.6579850926301614
v8,feat_gbm,1.0,46,112,-0.2191732261428445,-0.4279263804064609
v8,feat_gbm,1.0,46,113,0.17903358664620053,0.527327823801956
v8,feat_gbm,1.0,46,114,-2.8327347451307823,-3.652947895428966
v8,feat_gbm,1.0,46,115,-0.29219212719891513,-0.04287987221360797
v8,feat_gbm,1.0,46,116,-2.9287134061673266,-3.4409421360670214
v8,feat_gbm,1.0,46,117,-2.776210477210238,-2.4284095097884006
v8,feat_gbm,1.0,46,118,-1.8532272942717993,-1.419217075367618
v8,feat_gbm,1.0,46,119,-0.9181645640482572,-1.4944271796191557
v8,feat_gbm,1.0,46,120,-3.430339458698215,-2.797137626437216
v8,feat_gbm,1.0,46,121,0.958007907538892,3.1321125804877905
v8,feat_gbm,1.0,46,122,-1.5025470095862319,-3.164895556438051
v8,feat_gbm,1.0,46,123,0.03842688537885626,-0.021234684620174846
v8,feat_gbm,1.0,46,124,-1.5319375046373829,-1.246001114532972
v8,feat_gbm,1.0,46,125,-1.9118243617633028,-2.7130193085566443
v8,feat_gbm,1.0,46,126,-1.3050780917331846,-2.0560780011130944
v8,feat_gbm,1.0,46,127,-2.2413335095632427,-1.631222331554067
v8,feat_gbm,1.0,46,128,-1.3187394833735115,-3.477307725783656
v8,feat_gbm,1.0,46,129,0.16365998797278572,1.7007542891568868
v8,feat_gbm,1.0,46,130,-1.281888288924067,-3.4021624962570822
v8,feat_gbm,1.0,46,131,-3.433494107107578,-3.701149444421242
v8,feat_gbm,1.0,46,132,-0.4785990172557486,-0.4116741376471012
v8,feat_gbm,1.0,46,133,-1.123164887020126,-0.5680375850475197
v8,feat_gbm,1.0,46,134,-2.606504754360208,-1.4788189923590598
v8,feat_gbm,1.0,46,135,-2.651152535712883,-2.9896549957503007
v8,feat_gbm,1.0,46,136,0.1626632907152515,0.11194117436713467
v8,feat_gbm,1.0,46,137,1.1026788719630232,1.7147062893715772
v8,feat_gbm,1.0,46,138,-2.614561786141713,-1.9709125209383296
v8,feat_gbm,1.0,46,139,-0.20420243843401872,0.19937477723826902
v8,feat_gbm,1.0,46,140,-2.5833467593170036,-2.8223726616431475
v8,feat_gbm,1.0,46,141,-0.37095791083440555,-0.12380828599000025
v8,feat_gbm,1.0,46,142,-2.117283502823437,-2.97521232911642
v8,feat_gbm,1.0,46,143,-1.880707366159366,-1.9484557479617686
v8,feat_gbm,1.0,46,144,0.36729600695442965,1.244093655886106
v8,feat_gbm,1.0,46,145,-2.059871640385005,-2.0280859266176816
v8,feat_gbm,1.0,46,146,-2.527134904431637,-2.0754073031653366
v8,feat_gbm,1.0,46,147,0.019502882647818028,-0.11331641159387335
v8,feat_gbm,1.0,46,148,-2.835178881520219,-2.620298039600635
v8,feat_gbm,1.0,46,149,-3.0260930870382166,-3.8395532227602396
v8,feat_gbm,1.0,46,150,-0.6608972932762128,-2.149698272240366
v8,feat_gbm,1.0,46,151,-3.0307510645612568,-3.1594376779318036
v8,feat_gbm,1.0,46,152,-2.131151134795843,-2.7712141114581046
v8,feat_gbm,1.0,46,153,-1.7309493010336412,-1.1483368403810985
v8,feat_gbm,1.0,46,154,-1.644450853030411,-1.4700676700115773
v8,feat_gbm,1.0,46,155,0.31972986653925956,1.4088416749712322
v8,feat_gbm,1.0,46,156,0.29550570809444454,0.7564704220494097
v8,feat_gbm,1.0,46,157,-1.2762621530309217,-1.7148995557963913
v8,feat_gbm,1.0,46,158,-1.178713585799214,-2.8595355115547196
v8,feat_gbm,1.0,46,159,-1.1887322233980007,-0.9922400520728849
v8,feat_gbm,1.0,46,160,2.068433522043585,1.8585227307534937
v8,feat_gbm,1.0,46,161,-2.9251575939360484,-2.477654537850602
v8,feat_gbm,1.0,46,162,-3.3307134147252473,-2.993764039868935
v8,feat_gbm,1.0,46,163,-1.3340386428027466,-1.1722671160336509
v8,feat_gbm,1.0,46,164,-2.3629093332379365,-1.6577576086204497
v8,feat_gbm,1.0,46,165,-2.4813658641200824,-2.9770186999323642
v8,feat_gbm,1.0,46,166,-2.732670059428883,-3.2329952824425443
v8,feat_gbm,1.0,46,167,-0.1088069647372459,0.19550508612775644
v8,feat_gbm,1.0,46,168,-1.0382623320440414,-1.2639642813248737
v8,feat_gbm,1.0,46,169,1.0942533970287702,1.4224064134580066
v8,feat_gbm,1.0,46,170,-2.196640364166575,-1.5303724784706008
v8,feat_gbm,1.0,46,171,0.10890761287159864,0.6086346650572224
v8,feat_gbm,1.0,46,172,-0.25417524186620766,-0.052232489626048526
v8,feat_gbm,1.0,46,173,-0.6010682216970242,-0.19074605880313256
v8,feat_gbm,1.0,46,174,-2.594903563164868,-2.7678232596734214
v8,feat_gbm,1.0,46,175,-1.963598896603311,-1.6557092188829319
v8,feat_gbm,1.0,46,176,0.28734814235532846,0.12081831439914445
v8,feat_gbm,1.0,46,177,0.10388641499516033,3.7031714993021168
v8,feat_gbm,1.0,46,178,-0.13083477765030213,-0.17761292562564054
v8,feat_gbm,1.0,46,179,0.10861730924547697,0.2295122735959306
v8,feat_gbm,1.0,46,180,-1.2982443538436386,-1.6401012725318311
v8,feat_gbm,1.0,46,181,-2.601444693914753,-3.399461101549646
v8,feat_gbm,1.0,46,182,0.282899625992637,0.5421608664871393
v8,feat_gbm,1.0,46,183,-3.039624441874463,-3.7858185839721776
v8,feat_gbm,1.0,46,184,0.34861392668927227,0.4440956773301304
v8,feat_gbm,1.0,46,185,-0.11930721995476871,0.5450962365111649
v8,feat_gbm,1.0,46,186,-2.770622068891459,-3.094441269353033
v8,feat_gbm,1.0,46,187,0.7946718125721802,1.436275522654785
v8,feat_gbm,1.0,46,188,0.08154616448180853,-0.003208414280501246
v8,feat_gbm,1.0,46,189,-2.2068372398248632,-2.0766448721687736
v8,feat_gbm,1.0,46,190,-3.4043824065000674,-2.887011097372245
v8,feat_gbm,1.0,46,191,-0.2872140613811962,-0.19564387773269687
v8,feat_gbm,1.0,46,192,-1.638406161370842,-3.39219136175158
v8,feat_gbm,1.0,46,193,-4.144584166374357,-4.804455114758695
v8,feat_gbm,1.0,46,194,-0.586783599636378,-0.23230879418151415
v8,feat_gbm,1.0,46,195,0.9104521148414609,0.7768952289284052
v8,feat_gbm,1.0,46,196,-3.3134055574143892,-3.0758975731441707
v8,feat_gbm,1.0,46,197,1.6973186666566669,1.8852948766094535
v8,feat_gbm,1.0,46,198,0.09280242925245696,-0.07474663349946693
v8,feat_gbm,1.0,46,199,1.4513982284938134,0.9295509098669842
v8,feat_gbm,1.0,46,200,-0.024741160074573897,0.40408761039079466
v8,feat_gbm,1.0,46,201,-1.6164559690164895,-1.0185563947000995
v8,feat_gbm,1.0,46,202,-1.7238558942737305,-1.5812541435625456
v8,feat_gbm,1.0,46,203,-1.9288113097939856,-2.9269603411540346
v8,feat_gbm,1.0,46,204,-0.17589563112411902,-0.9368237022381455
v8,feat_gbm,1.0,46,205,-0.9040152032391255,-0.771906247259438
v8,feat_gbm,1.0,46,206,-1.9743698237645404,-1.4457766532498904
v8,feat_gbm,1.0,46,207,-2.391788958546364,-2.4752738768021185
v8,feat_gbm,1.0,46,208,-3.2602758706850663,-2.8789590131308262
v8,feat_gbm,1.0,46,209,-3.1280075970313,-2.6986856152036793
v8,feat_gbm,1.0,46,210,-0.06452367023540088,0.05837096406180189
v8,feat_gbm,1.0,46,211,-1.9487923868225354,-2.2327070274631113
v8,feat_gbm,1.0,46,212,-0.2672550776920153,0.15758807445032513
v8,feat_gbm,1.0,46,213,0.6647993434366242,0.5234750924970406
v8,feat_gbm,1.0,46,214,0.35350283459696086,0.8312555987922697
v8,feat_gbm,1.0,46,215,-1.912764574804785,-0.7699972654610447
v8,feat_gbm,1.0,46,216,-2.0855671431788827,-2.4368834827463726
v8,feat_gbm,1.0,46,217,-3.499297929315463,-3.7421886443248944
v8,feat_gbm,1.0,46,218,-2.8743343653081133,-4.3753265313120195
v8,feat_gbm,1.0,46,219,0.4555221112982688,0.13181597567614448
v8,feat_gbm,1.0,46,220,-2.3276537546926273,-2.150299196146146
v8,feat_gbm,1.0,46,221,0.21575383673588097,0.4316281043505307
v8,feat_gbm,1.0,46,222,0.7086102980278449,0.20581216265343685
v8,feat_gbm,1.0,46,223,-1.279234651272015,-1.7226779576420432
v8,feat_gbm,1.0,46,224,0.4974755839484164,1.0701061526100661
v8,feat_gbm,1.0,46,225,-3.3058935813311323,-2.995983076644188
v8,feat_gbm,1.0,46,226,-0.014720606319912457,-0.39103048890459524
v8,feat_gbm,1.0,46,227,-2.091389979942217,-2.811377433191803
v8,feat_gbm,1.0,46,228,-0.4121851345073872,0.1103569248772952
v8,feat_gbm,1.0,46,229,0.5607324901360644,1.0926797996732165
v8,feat_gbm,1.0,46,230,-2.1729873219791775,-1.1465469989616057
v8,feat_gbm,1.0,46,231,-3.404430374908989,-3.7045714701961474
v8,feat_gbm,1.0,46,232,-0.12023156957563963,-0.3205795311611984
v8,feat_gbm,1.0,46,233,-0.059864124913708926,-0.7282288274356463
v8,feat_gbm,1.0,46,234,0.3704393982727998,-0.6143938277881194
v8,feat_gbm,1.0,46,235,-3.6806914157804873,-3.717493513170671
v8,feat_gbm,1.0,46,236,-1.505627317061176,-1.894186438607053
v8,feat_gbm,1.0,46,237,0.14677557197081315,0.19101892391720615
v8,feat_gbm,1.0,46,238,-2.4902273010112523,-2.723653519266766
v8,feat_gbm,1.0,46,239,0.39581232216374634,0.28172679866345784
v8,feat_gbm,1.0,46,240,-0.8591065147669353,-0.570916259780521
v8,feat_gbm,1.0,46,241,-1.251646297630346,-3.037607674189957
v8,feat_gbm,1.0,46,242,-3.075960413470439,-2.4824067099880884
v8,feat_gbm,1.0,46,243,0.5989663738684528,1.793244191067856
v8,feat_gbm,1.0,46,244,-2.772722238482403,-2.170563194223024
v8,feat_gbm,1.0,46,245,-2.9272552432246672,-2.5580286375581696
v8,feat_gbm,1.0,46,246,-2.6696532007622067,-3.9013363177662743
v8,feat_gbm,1.0,46,247,-0.9373906207592989,-1.2689211715035387
v8,feat_gbm,1.0,46,248,-2.888996373270644,-2.89795980370705
v8,feat_gbm,1.0,46,249,-1.3337114572225308,-1.149470325468549
v8,feat_gbm,1.0,46,250,-1.8410108181661355,-2.1803876537888693
v8,feat_gbm,1.0,46,251,-1.906169430060566,-1.2010659028736028
v8,feat_gbm,1.0,46,252,-2.468864554497584,-2.675840590612525
v8,feat_gbm,1.0,46,253,-1.0727426615617046,-0.865421424414132
v8,feat_gbm,1.0,46,254,-1.5041697212749414,-0.45089388998719687
v8,feat_gbm,1.0,46,255,-1.6787362412648439,-1.477655138121315
v8,feat_gbm,1.0,46,256,-2.705777152861073,-1.9234128661936198
v8,feat_gbm,1.0,46,257,-1.656054835353679,-0.8895479413744646
v8,feat_gbm,1.0,46,258,-1.0862463262071012,-1.284701881398344
v8,feat_gbm,1.0,46,259,-0.21775791307674294,0.03791276039075724
v8,feat_gbm,1.0,46,260,-2.607102605470902,-1.213907680807544
v8,feat_gbm,1.0,46,261,0.0003260527450619879,-0.6937064881158975
v8,feat_gbm,1.0,46,262,-1.035589292497214,-2.500344974429108
v8,feat_gbm,1.0,46,263,-3.1644009600971206,-3.0782877743164985
v8,feat_gbm,1.0,46,264,-3.612920666093357,-3.2702790535172426
v8,feat_gbm,1.0,46,265,-0.05300107396472259,-0.15746453031192983
v8,feat_gbm,1.0,46,266,-1.932810401674186,-1.3930653126164372
v8,feat_gbm,1.0,46,267,-3.2096452820948516,-3.460520174484755
v8,feat_gbm,1.0,46,268,-2.0512374666679447,-1.8115923421665279
v8,feat_gbm,1.0,46,269,-0.011801859908196401,-0.04785951915829837
v8,feat_gbm,1.0,46,270,-1.2478383530848238,-1.3387838926701625
v8,feat_gbm,1.0,46,271,0.7005609335951304,0.6172482925771328
v8,feat_gbm,1.0,46,272,-0.2043884911220518,0.10718580269537517
v8,feat_gbm,1.0,46,273,-2.0847507624854122,-2.4250613993713395
v8,feat_gbm,1.0,46,274,-0.6136330326064512,-0.4656136934058211
v8,feat_gbm,1.0,46,275,-2.610324238054419,-1.7679071058666047
v8,feat_gbm,1.0,46,276,-0.6094480799873705,-0.15192249005847586
v8,feat_gbm,1.0,46,277,-0.36637906955508687,-0.22686658439221394
v8,feat_gbm,1.0,46,278,-0.568319778488914,-0.3963273628232521
v8,feat_gbm,1.0,46,279,-2.4180141230262726,-2.1916982233579314
v8,feat_gbm,1.0,46,280,0.6765168357273765,0.5138857123822332
v8,feat_gbm,1.0,46,281,0.21780538057527488,0.13501120436460418
v8,feat_gbm,1.0,46,282,0.09685432352232906,-0.35232291748203215
v8,feat_gbm,1.0,46,283,0.21384984807303473,0.33710059568630363
v8,feat_gbm,1.0,46,284,1.9065812289556991,2.2269494594330284
v8,feat_gbm,1.0,46,285,-1.182079455157165,-0.8523290277873723
v8,feat_gbm,1.0,46,286,-0.02652313058582312,0.5032694866056324
v8,feat_gbm,1.0,46,287,-2.760242730905574,-3.0734310124071125
v8,feat_gbm,1.0,46,288,-2.8218062155127144,-3.0969464995649485
v8,feat_gbm,1.0,46,289,0.48999503164401437,0.8088909840914691
v8,feat_gbm,1.0,46,290,-1.9178931144967581,-1.710735902712342
v8,feat_gbm,1.0,46,291,0.25070025395215195,-0.24588513525180683
v8,feat_gbm,1.0,46,292,-3.0143305851539273,-2.9910915714149957
v8,feat_gbm,1.0,46,293,-0.025583583506473353,0.24397961438558982
v8,feat_gbm,1.0,46,294,0.6106675080947624,0.9827222917401395
v8,feat_gbm,1.0,46,295,0.8036530937284401,1.5399914318848642
v8,feat_gbm,1.0,46,296,-2.522324398908849,-3.028104854063688
v8,feat_gbm,1.0,46,297,-0.7231879213408557,-1.9675880903276046
v8,feat_gbm,1.0,46,298,0.7542038424245306,0.3882116190950413
v8,feat_gbm,1.0,46,299,-0.5543653604335432,-0.4169590587595381
v8,feat_gbm,1.0,46,300,-0.8647052214181333,-0.47104701624968015
v8,feat_gbm,1.0,46,301,-0.37892682801008715,-0.5788171023402015
v8,feat_gbm,1.0,46,302,-2.987627553184412,-3.325334912618423
v8,feat_gbm,1.0,46,303,-0.09094749593205012,0.27214776974989446
v8,feat_gbm,1.0,46,304,0.015742612994526565,0.2838761456734127
v8,feat_gbm,1.0,46,305,0.8526334724992566,0.98356576927226
v8,feat_gbm,1.0,46,306,-1.9044949888591343,-2.324804251846344
v8,feat_gbm,1.0,46,307,-0.2902108907020126,-0.30060412365222405
v8,feat_gbm,1.0,46,308,-3.0054655351169663,-3.5706943269006843
v8,feat_gbm,1.0,46,309,0.4883653833550583,0.7657986236992217
v8,feat_gbm,1.0,46,310,-0.40347861589983314,-0.3760212383278314
v8,feat_gbm,1.0,46,311,0.934330753281945,0.903367601886353
v8,feat_gbm,1.0,46,312,0.6837281872406512,0.2834145554969618
v8,feat_gbm,1.0,46,313,-0.19815125936990688,-0.8750381269167363
v8,feat_gbm,1.0,46,314,-0.6791438648686846,-0.8911054934067958
v8,feat_gbm,1.0,46,315,0.05933595888853654,0.2699623908229132
v8,feat_gbm,1.0,46,316,-3.222955137270151,-4.034449774534175
v8,feat_gbm,1.0,46,317,0.3311472252549361,0.7302045063515665
v8,feat_gbm,1.0,46,318,-2.2798510447636318,-2.5264159394565007
v8,feat_gbm,1.0,46,319,-3.226922407018001,-3.1280680478747835
v8,feat_gbm,1.0,46,320,0.19338286047758377,-0.623194388118803
v8,feat_gbm,1.0,46,321,-3.6077432428780556,-4.172922463867305
v8,feat_gbm,1.0,46,322,1.1932578078741662,1.0714029341973417
v8,feat_gbm,1.0,46,323,-3.0318839228085444,-2.5538050374755565
v8,feat_gbm,1.0,46,324,-1.7011671602639877,-1.5310020975326282
v8,feat_gbm,1.0,46,325,-0.4435853878593705,-0.735749980772127
v8,feat_gbm,1.0,46,326,-0.46213518094967676,-0.5010306012352705
v8,feat_gbm,1.0,46,327,-4.009038966027018,-4.393123087746285
v8,feat_gbm,1.0,46,328,-0.17195475903529048,0.6439364857563509
v8,feat_gbm,1.0,46,329,-2.647535587750877,-2.60760252445046
v8,feat_gbm,1.0,46,330,0.5806394572645539,0.46983427811083467
v8,feat_gbm,1.0,46,331,-1.5523604020032709,-1.149354435920189
v8,feat_gbm,1.0,46,332,-1.8716233421179513,-1.0961264399974935
v8,feat_gbm,1.0,46,333,0.7468271133841127,1.4253561556633074
v8,feat_gbm,1.0,46,334,0.9127164744973586,1.0406546288822482
v8,feat_gbm,1.0,46,335,-0.15408267186774052,-0.1286217558512718
v8,feat_gbm,1.0,46,336,-1.6510030934091113,-1.7275974260064488
v8,feat_gbm,1.0,46,337,-3.8010240902954657,-4.535227665039715
v8,feat_gbm,1.0,46,338,-0.10515926170873335,-1.078833843619319
v8,feat_gbm,1.0,46,339,-2.894878666296034,-2.035297396751524
v8,feat_gbm,1.0,46,340,0.38912560206390256,0.4788286932125707
v8,feat_gbm,1.0,46,341,-1.4530465011260385,-0.4595082096564039
v8,feat_gbm,1.0,46,342,-3.04282288640834,-3.653430804591794
v8,feat_gbm,1.0,46,343,0.22306176116755444,0.2834522663037432
v8,feat_gbm,1.0,46,344,-0.3314150819317576,-0.15984972455285287
v8,feat_gbm,1.0,46,345,-2.376210651355608,-3.8822970119574354
v8,feat_gbm,1.0,46,346,-2.4694734366359286,-2.5801989990218064
v8,feat_gbm,1.0,46,347,-3.154421975620625,-3.2622630695286134
v8,feat_gbm,1.0,46,348,-0.6681502224363548,-0.4894561152880944
v8,feat_gbm,1.0,46,349,-2.040821771373079,-3.0223552414624764
v8,feat_gbm,1.0,46,350,0.6807660130872253,0.4215072765335228
v8,feat_gbm,1.0,46,351,-1.9534384871201251,-1.8152752103400673
v8,feat_gbm,1.0,46,352,0.8656232165074315,1.102263670511441
v8,feat_gbm,1.0,46,353,1.1139549865197185,1.4454852001466738
v8,feat_gbm,1.0,46,354,-3.136195930490689,-3.6770060333191017
v8,feat_gbm,1.0,46,355,-3.5143353268765547,-5.078652858832153
v8,feat_gbm,1.0,46,356,0.2843242574614226,0.7815322159665122
v8,feat_gbm,1.0,46,357,0.4619445632664263,0.6775133790495483
v8,feat_gbm,1.0,46,358,-3.121610985970591,-3.5163570325540956
v8,feat_gbm,1.0,46,359,-1.4541508454188932,-4.157760523739404
v8,feat_gbm,1.0,46,360,-1.0594349009783262,-0.18386357284099003
v8,feat_gbm,1.0,46,361,-2.920716155392781,-4.477383009144865
v8,feat_gbm,1.0,46,362,-0.09376615535585014,0.2909126951240761
v8,feat_gbm,1.0,46,363,-3.0757332430491315,-3.5121531596302606
v8,feat_gbm,1.0,46,364,-0.017464438487905454,-0.0019354464452207268
v8,feat_gbm,1.0,46,365,-3.019368729341052,-3.264666087597375
v8,feat_gbm,1.0,46,366,-2.433971545219979,-1.4961090632143375
v8,feat_gbm,1.0,46,367,-0.062436932557816856,-0.10305907560987346
v8,feat_gbm,1.0,46,368,-0.16992155036180964,0.24601275195113992
v8,feat_gbm,1.0,46,369,-1.3220425099811108,-1.6400355118163064
v8,feat_gbm,1.0,46,370,-2.780911216399158,-1.5399226532969161
v8,feat_gbm,1.0,46,371,-0.5700552288804617,-0.3336387161155974
v8,feat_gbm,1.0,46,372,0.27378600441477186,0.3185760540422761
v8,feat_gbm,1.0,46,373,-0.33061160973415044,-0.30756424411789
v8,feat_gbm,1.0,46,374,-3.5264531620408994,-3.551435429619069
v8,feat_gbm,1.0,46,375,0.26557902933426053,-0.12846918127015178
v8,feat_gbm,1.0,46,376,0.7220132425017629,0.43413099611324796
v8,feat_gbm,1.0,46,377,0.423664217452223,0.8095384731463161
v8,feat_gbm,1.0,46,378,0.327037290408718,0.20303525329731625
v8,feat_gbm,1.0,46,379,0.08290128684925954,0.524784145223057
v8,feat_gbm,1.0,46,380,0.24187907899300168,0.8722609808312535
v8,feat_gbm,1.0,46,381,-0.48541637025648676,1.0190202163897197
v8,feat_gbm,1.0,46,382,0.2217752290104303,1.2715191268303472
v8,feat_gbm,1.0,46,383,-0.4326163511782083,-0.13923746667536385
v8,feat_gbm,1.0,46,384,-0.5554377145408664,-1.7983983483294153
v8,feat_gbm,1.0,46,385,-0.021283126091749933,0.5606037150840157
v8,feat_gbm,1.0,46,386,0.6812540855318601,0.6003456151224621
v8,feat_gbm,1.0,46,387,0.835159076154479,1.3071718981356573
v8,feat_gbm,1.0,46,388,0.11821956473824859,-0.19457283568776126
v8,feat_gbm,1.0,46,389,-1.3126294692351153,-0.981880356960367
v8,feat_gbm,1.0,46,390,-1.5041137464728922,-2.628024059072158
v8,feat_gbm,1.0,46,391,-2.097285664365046,-2.479262758098376
v8,feat_gbm,1.0,46,392,-2.1849620491519484,-2.207941629114672
v8,feat_gbm,1.0,46,393,-1.9996701568483002,-2.806586620215901
v8,feat_gbm,1.0,46,394,-0.4997993678105627,-0.16842623590390868
v8,feat_gbm,1.0,46,395,0.24473654974465128,0.3596423409999632
v8,feat_gbm,1.0,46,396,-2.768960550924436,-3.117667066362407
v8,feat_gbm,1.0,46,397,0.9334454915835806,0.6134086288650079
v8,feat_gbm,1.0,46,398,0.34024561186924884,0.5049020087080688
v8,feat_gbm,1.0,46,399,-1.3427561401830608,-1.0548605918119196
v8,feat_gbm,1.0,46,400,-3.4926341083800545,-2.877676775828332
v8,feat_gbm,1.0,46,401,0.002679370419513977,0.015654415635624343
v8,feat_gbm,1.0,46,402,-0.48124115697750824,-0.7027824676465185
v8,feat_gbm,1.0,46,403,0.2514415730754708,0.6733427913489138
v8,feat_gbm,1.0,46,404,-0.05824508520555493,0.03259550049258387
v8,feat_gbm,1.0,46,405,-2.8682131123806354,-3.4179416205706223
v8,feat_gbm,1.0,46,406,-2.1980019280420358,-1.6563158072976616
v8,feat_gbm,1.0,46,407,0.028858731524111447,0.3281041495218151
v8,feat_gbm,1.0,46,408,-0.7210306233772149,-1.498502430121411
v8,feat_gbm,1.0,46,409,-1.3503436938267255,-1.5390850133499359
v8,feat_gbm,1.0,46,410,-2.0209319506557875,-3.8769914364338094
v8,feat_gbm,1.0,46,411,-0.857186596673217,-1.1093409530974205
v8,feat_gbm,1.0,46,412,-2.494444342853284,-2.1356441225652167
v8,feat_gbm,1.0,46,413,0.3501763378563563,0.5613925387002681
v8,feat_gbm,1.0,46,414,-2.5321241292322156,-2.672303525149137
v8,feat_gbm,1.0,46,415,0.6071621687717198,0.9887747910888531
v8,feat_gbm,1.0,46,416,-2.8053132278883446,-2.064740642123073
v8,feat_gbm,1.0,46,417,-0.48248877086165115,-0.13534283366780814
v8,feat_gbm,1.0,46,418,-0.058780753361615215,0.5266566940316069
v8,feat_gbm,1.0,46,419,-0.472865273809809,-0.7929716308762645
v8,feat_gbm,1.0,46,420,-0.260305069343207,0.22081989653443584
v8,feat_gbm,1.0,46,421,-3.797215505583113,-3.4911396429773087
v8,feat_gbm,1.0,46,422,-0.2695923102392904,0.4691563032653497
v8,feat_gbm,1.0,46,423,-0.0025354387278894025,-0.21242164749251408
v8,feat_gbm,1.0,46,424,-3.2881788038243043,-2.0235730224261497
v8,feat_gbm,1.0,46,425,-0.2576395076896504,0.1881042769243711
v8,feat_gbm,1.0,46,426,-0.7482269758011875,-0.7546830882020855
v8,feat_gbm,1.0,46,427,-1.319829666650117,-2.004418163271322
v8,feat_gbm,1.0,46,428,-0.16043150760722621,0.08108350485015015
v8,feat_gbm,1.0,46,429,-1.5691099282431977,-0.8958783842144782
v8,feat_gbm,1.0,46,430,-0.940053001828937,-0.700178367515834
v8,feat_gbm,1.0,46,431,-2.232940268881805,-2.026447754843476
v8,feat_gbm,1.0,46,432,-3.1465765552942724,-3.3644112924118934
v8,feat_gbm,1.0,46,433,-2.5974485303470036,-2.4777804975332844
v8,feat_gbm,1.0,46,434,-3.327522625704196,-3.6407879329147783
v8,feat_gbm,1.0,46,435,0.3716787386210187,0.8140524350977956
v8,feat_gbm,1.0,46,436,-0.5466858883376254,-0.6342245759550225
v8,feat_gbm,1.0,46,437,-1.403413679591589,-1.0170271575608654
v8,feat_gbm,1.0,46,438,0.17978316819203508,1.2058566336630974
v8,feat_gbm,1.0,46,439,0.7402903868516771,1.04159183954478
v8,feat_gbm,1.0,46,440,-0.6210570761689417,-0.383754051292973
v8,feat_gbm,1.0,46,441,0.9432329430295557,0.9717849563735496
v8,feat_gbm,1.0,46,442,0.679142691073237,0.915394257773604
v8,feat_gbm,1.0,46,443,-0.23095683026871205,0.17619398118278368
v8,feat_gbm,1.0,46,444,-2.962778414072198,-2.3026142847949007
v8,feat_gbm,1.0,46,445,-0.12408801623967249,-2.156995715227189
v8,feat_gbm,1.0,46,446,-2.0969159515090396,-1.9647154613855007
v8,feat_gbm,1.0,46,447,-1.4637824529341734,-1.2167428909736953
v8,feat_gbm,1.0,46,448,-0.32952234931205565,0.371748058948411
v8,feat_gbm,1.0,46,449,-2.813273461666402,-3.354914600670279
v8,feat_gbm,1.0,46,450,-1.2017090980692144,-2.0984010901330774
v8,feat_gbm,1.0,46,451,-0.9493270616635492,-1.8411195968283314
v8,feat_gbm,1.0,46,452,-0.19976002631127962,-0.2866386615093297
v8,feat_gbm,1.0,46,453,-2.1490827123159004,-2.1769502099219324
v8,feat_gbm,1.0,46,454,0.015124865562222237,0.851829112076475
v8,feat_gbm,1.0,46,455,0.3142407648435004,-0.5174982843777256
v8,feat_gbm,1.0,46,456,-2.848121200424151,-3.7883351795095335
v8,feat_gbm,1.0,46,457,-2.740003277841433,-1.3225504843777425
v8,feat_gbm,1.0,46,458,-0.4445800677113092,-0.6304710111145473
v8,feat_gbm,1.0,46,459,-1.9514126019075573,-2.867776928577639
v8,feat_gbm,1.0,46,460,-0.08788473708951412,-0.20106453453544149
v8,feat_gbm,1.0,46,461,0.7104801166158589,0.565413433251147
v8,feat_gbm,1.0,46,462,-0.12689220452355127,0.6531860801292728
v8,feat_gbm,1.0,46,463,-2.9038302655515054,-3.295531334571209
v8,feat_gbm,1.0,46,464,-0.7125104647096531,-1.118951529136503
v8,feat_gbm,1.0,46,465,-0.05857492774582266,0.08535922256033004
v8,feat_gbm,1.0,46,466,-0.6439602163865128,0.2656879386171551
v8,feat_gbm,1.0,46,467,-1.3391451586577583,-1.0764680911985907
v8,feat_gbm,1.0,46,468,1.856003049604347,2.2503813782282114
v8,feat_gbm,1.0,46,469,0.02875071797401631,-0.029700274932011248
v8,feat_gbm,1.0,46,470,-2.616136307651746,-2.1918010579584375
v8,feat_gbm,1.0,46,471,0.24062766642175057,-0.12537364897776127
v8,feat_gbm,1.0,46,472,-1.0788960885184582,-1.3714574409892777
v8,feat_gbm,1.0,46,473,-0.7744251027512309,-1.0216450817816245
v8,feat_gbm,1.0,46,474,-0.7542379268839865,-0.8313233833759152
v8,feat_gbm,1.0,46,475,-2.171028014945509,-3.25243582884057
v8,feat_gbm,1.0,46,476,0.6615854654129807,0.8737365575305754
v8,feat_gbm,1.0,46,477,-2.434869677365336,-1.8373017486027088
v8,feat_gbm,1.0,46,478,-1.8982327479998038,-1.909749317133085
v8,feat_gbm,1.0,46,479,0.027114529012853873,0.418341725137149
v8,feat_gbm,1.0,46,480,-2.9315808150369254,-2.8689304810445995
v8,feat_gbm,1.0,46,481,-3.1876254992887847,-3.9192950012633494
v8,feat_gbm,1.0,46,482,0.381272975168303,0.8191907452202399
v8,feat_gbm,1.0,46,483,-2.326534845041201,-2.7371748494528005
v8,feat_gbm,1.0,46,484,0.2074615129746622,0.043868991079412875
v8,feat_gbm,1.0,46,485,-2.1130577986433408,-3.9571024828402512
v8,feat_gbm,1.0,46,486,-1.6843637474621642,-0.8286091055291892
v8,feat_gbm,1.0,46,487,0.9404119154600862,1.1086460137612473
v8,feat_gbm,1.0,46,488,-0.7325529800829622,-1.0899995989348372
v8,feat_gbm,1.0,46,489,-2.0368368887430006,-2.9260181182274523
v8,feat_gbm,1.0,46,490,-0.11985405906019747,0.01778898425240747
v8,feat_gbm,1.0,46,491,-0.13912976218107598,-0.388546054063584
v8,feat_gbm,1.0,46,492,-1.2364724996481842,-0.8483910406321095
v8,feat_gbm,1.0,46,493,-2.2469409259928814,-2.4855190663855797
v8,feat_gbm,1.0,46,494,-0.2639757699709686,-0.6027729178489412
v8,feat_gbm,1.0,46,495,-3.275579750205299,-1.5285925057254015
v8,feat_gbm,1.0,46,496,0.5600713843136803,1.0092174422839322
v8,feat_gbm,1.0,46,497,-2.6273930799448095,-2.421052301727873
v8,feat_gbm,1.0,46,498,-3.478943367630009,-3.2283141264699093
v8,feat_gbm,1.0,46,499,-3.6589534950111307,-4.907212199848568
v8,feat_gbm,2.0,42,0,-1.0335513318356815,0.03894909458183669
v8,feat_gbm,2.0,42,1,-2.2615568945489866,-2.5052564746229193
v8,feat_gbm,2.0,42,2,0.16577177935835094,0.6287827851917782
v8,feat_gbm,2.0,42,3,-3.0225643795247596,-3.3447289283878643
v8,feat_gbm,2.0,42,4,1.1358256976068137,0.9694015026406426
v8,feat_gbm,2.0,42,5,-1.3074139369719966,-2.4693709778233526
v8,feat_gbm,2.0,42,6,-0.0396736799740708,-0.2819211013310965
v8,feat_gbm,2.0,42,7,0.08921004351592264,0.5289578846490461
v8,feat_gbm,2.0,42,8,0.04214916748448129,0.032863622186365654
v8,feat_gbm,2.0,42,9,0.6665645793060005,0.9352707853930591
v8,feat_gbm,2.0,42,10,-1.5158855749791496,-1.5987558134683666
v8,feat_gbm,2.0,42,11,-2.4623120316223934,-3.2678706438993954
v8,feat_gbm,2.0,42,12,-2.9102382841324737,-2.445380546146449
v8,feat_gbm,2.0,42,13,-0.7415831616396786,-0.4471217519653716
v8,feat_gbm,2.0,42,14,-1.6979292612532852,-1.8343062920535937
v8,feat_gbm,2.0,42,15,-1.548301254247073,-2.278287047942225
v8,feat_gbm,2.0,42,16,-1.2981501184871542,-1.113015507562239
v8,feat_gbm,2.0,42,17,-1.2698874124762014,-1.149386040828735
v8,feat_gbm,2.0,42,18,-1.0008352558314466,-0.4541092694382234
v8,feat_gbm,2.0,42,19,-2.7957877844452836,-2.8798658660471284
v8,feat_gbm,2.0,42,20,-3.303844931559092,-3.281006200299989
v8,feat_gbm,2.0,42,21,-1.4469731805787913,-0.7889402030111288
v8,feat_gbm,2.0,42,22,-0.6555218102179323,-0.48114593055133975
v8,feat_gbm,2.0,42,23,-3.3164240006191634,-2.8038114998165153
v8,feat_gbm,2.0,42,24,-3.6897355363652395,-2.6726430450531393
v8,feat_gbm,2.0,42,25,-3.1108288147038468,-3.141178249464176
v8,feat_gbm,2.0,42,26,-3.1830883488208883,-3.8612362310489847
v8,feat_gbm,2.0,42,27,-3.1215133183095194,-3.085821277369337
v8,feat_gbm,2.0,42,28,-3.252958062058269,-2.1153791712035637
v8,feat_gbm,2.0,42,29,-0.900476930744052,-0.5854112868629942
v8,feat_gbm,2.0,42,30,-0.20831588872753395,0.13849791927417068
v8,feat_gbm,2.0,42,31,-2.766576875498974,-2.779654184179668
v8,feat_gbm,2.0,42,32,0.4876647097792719,0.9166392391011026
v8,feat_gbm,2.0,42,33,-2.554831047300158,-2.134444297962007
v8,feat_gbm,2.0,42,34,0.4480270960568863,1.1224191581864646
v8,feat_gbm,2.0,42,35,-3.329821054624885,-2.7514680837461087
v8,feat_gbm,2.0,42,36,0.22551295788873854,0.7493710802437775
v8,feat_gbm,2.0,42,37,-1.9863810089926208,-2.157600461660938
v8,feat_gbm,2.0,42,38,-1.2400469008449222,-1.7436371170468024
v8,feat_gbm,2.0,42,39,0.3652926862756257,0.632388610685479
v8,feat_gbm,2.0,42,40,-2.2531475844227637,-1.5024753827969588
v8,feat_gbm,2.0,42,41,-2.589419942413269,-2.936018587066778
v8,feat_gbm,2.0,42,42,-1.1765614763581063,-0.06406961406287034
v8,feat_gbm,2.0,42,43,-0.6496642883315447,-0.43711075337934485
v8,feat_gbm,2.0,42,44,-1.0745459589333426,0.521724778538647
v8,feat_gbm,2.0,42,45,0.32942503432870607,-0.02881562555915001
v8,feat_gbm,2.0,42,46,-2.165472726518091,-2.6856700943784895
v8,feat_gbm,2.0,42,47,-2.8318280032791514,-3.3419513202228783
v8,feat_gbm,2.0,42,48,-0.2849941948592797,-0.35240032436669677
v8,feat_gbm,2.0,42,49,-3.409590699930568,-4.466027560457086
v8,feat_gbm,2.0,42,50,-1.68960670162026,-1.2227887404747313
v8,feat_gbm,2.0,42,51,-3.4463790393754326,-4.168130875201601
v8,feat_gbm,2.0,42,52,-1.216668601865013,-2.1825653069440887
v8,feat_gbm,2.0,42,53,-2.9753462886724282,-2.816977102698189
v8,feat_gbm,2.0,42,54,-0.12452143037477964,-0.9520374156321785
v8,feat_gbm,2.0,42,55,0.4250800162682337,0.800460094219776
v8,feat_gbm,2.0,42,56,0.35731425876198386,0.2782562560211116
v8,feat_gbm,2.0,42,57,-0.42513545475472336,-0.7855200046266205
v8,feat_gbm,2.0,42,58,-3.453384202386269,-2.837973637743256
v8,feat_gbm,2.0,42,59,-1.3054654145154634,0.3653424354755994
v8,feat_gbm,2.0,42,60,-1.6737002441387168,-3.145987746693799
v8,feat_gbm,2.0,42,61,-2.7073096127678378,-2.1381844357326614
v8,feat_gbm,2.0,42,62,-0.4761198275452948,0.3908315550690521
v8,feat_gbm,2.0,42,63,-3.237442529527262,-3.259739876316779
v8,feat_gbm,2.0,42,64,-2.3133644895867493,-3.799325775609258
v8,feat_gbm,2.0,42,65,0.45160105198638845,0.2842997557356093
v8,feat_gbm,2.0,42,66,0.18723166314805367,0.9099380077885143
v8,feat_gbm,2.0,42,67,-0.14710970495993697,0.5741223235018287
v8,feat_gbm,2.0,42,68,1.2653126545175601,1.3807263582335993
v8,feat_gbm,2.0,42,69,-0.2801212097907888,2.7357387204405055
v8,feat_gbm,2.0,42,70,0.17340874379851198,-0.3782017485149665
v8,feat_gbm,2.0,42,71,-0.9682642328859626,-0.6946521973220513
v8,feat_gbm,2.0,42,72,-2.354003091056738,-3.510295151868067
v8,feat_gbm,2.0,42,73,-0.864598383766209,-0.3643686170400702
v8,feat_gbm,2.0,42,74,1.3295032215521647,1.1835884152793859
v8,feat_gbm,2.0,42,75,0.027233538410758918,-0.38644824542838596
v8,feat_gbm,2.0,42,76,0.39687967438132254,0.7005004452467647
v8,feat_gbm,2.0,42,77,0.10302233336113341,0.3770911051312199
v8,feat_gbm,2.0,42,78,-0.08035908156016809,-0.5374783823521183
v8,feat_gbm,2.0,42,79,-2.3034480396666384,-3.2499450611549854
v8,feat_gbm,2.0,42,80,-2.202337591989306,-1.719925172279684
v8,feat_gbm,2.0,42,81,-0.6500264595697585,1.8185710395242058
v8,feat_gbm,2.0,42,82,-1.1625391568953007,-1.0758778979961314
v8,feat_gbm,2.0,42,83,-1.016058543250569,-0.8033140510569362
v8,feat_gbm,2.0,42,84,-1.888764809996775,-2.0837035815006346
v8,feat_gbm,2.0,42,85,-1.96945780266696,-1.2430797823904942
v8,feat_gbm,2.0,42,86,0.1154192070153545,0.639317965424242
v8,feat_gbm,2.0,42,87,-0.3951691626549561,-0.02321591952008587
v8,feat_gbm,2.0,42,88,-2.3164457277061,-3.512086916650174
v8,feat_gbm,2.0,42,89,-1.7892280928548314,-1.684363733317816
v8,feat_gbm,2.0,42,90,-2.8281861350992297,-3.5341996208099964
v8,feat_gbm,2.0,42,91,0.3213950618430171,1.1574629997660548
v8,feat_gbm,2.0,42,92,-1.3741652974969807,-0.7651863719989663
v8,feat_gbm,2.0,42,93,-2.284038662960598,-5.7708125015304885
v8,feat_gbm,2.0,42,94,0.055427068269417165,0.07374698385127064
v8,feat_gbm,2.0,42,95,-1.2469730092921911,1.201566413592891
v8,feat_gbm,2.0,42,96,0.8234982036501559,1.2655480006709303
v8,feat_gbm,2.0,42,97,-2.72358202722004,-3.2217777708537843
v8,feat_gbm,2.0,42,98,-1.535355728471248,-1.2120387208328698
v8,feat_gbm,2.0,42,99,-0.24320067056898717,-0.04015373686183237
v8,feat_gbm,2.0,42,100,-3.559767881793098,-2.8384481914339785
v8,feat_gbm,2.0,42,101,-2.986633559639696,-3.541068619782685
v8,feat_gbm,2.0,42,102,-3.35813724005356,-4.424727465058162
v8,feat_gbm,2.0,42,103,-0.8513872802893131,-0.7652009130347144
v8,feat_gbm,2.0,42,104,-0.7041498912994352,-0.406664655497914
v8,feat_gbm,2.0,42,105,-2.1984857373972653,-2.8019031633754246
v8,feat_gbm,2.0,42,106,-1.5689885498244185,-1.1978192780958505
v8,feat_gbm,2.0,42,107,-1.5859341665990905,-1.2497822804421463
v8,feat_gbm,2.0,42,108,-0.004928185077077524,-0.2003702404752673
v8,feat_gbm,2.0,42,109,-1.1469043380765143,-0.28745536208379296
v8,feat_gbm,2.0,42,110,-0.09620498185515224,0.2838469771831524
v8,feat_gbm,2.0,42,111,-0.6033094853849071,0.6579850926301614
v8,feat_gbm,2.0,42,112,-0.048448951592749125,-0.4279263804064609
v8,feat_gbm,2.0,42,113,-0.21728762927035414,0.527327823801956
v8,feat_gbm,2.0,42,114,-2.4859610226448323,-3.652947895428966
v8,feat_gbm,2.0,42,115,-0.26719712551828234,-0.04287987221360797
v8,feat_gbm,2.0,42,116,-2.752661202255566,-3.4409421360670214
v8,feat_gbm,2.0,42,117,-2.971258688892924,-2.4284095097884006
v8,feat_gbm,2.0,42,118,-2.543751783307992,-1.419217075367618
v8,feat_gbm,2.0,42,119,-0.2872581016537904,-1.4944271796191557
v8,feat_gbm,2.0,42,120,-3.573579097404787,-2.797137626437216
v8,feat_gbm,2.0,42,121,0.07046926577822929,3.1321125804877905
v8,feat_gbm,2.0,42,122,-0.4262465547863904,-3.164895556438051
v8,feat_gbm,2.0,42,123,-0.10596029834949086,-0.021234684620174846
v8,feat_gbm,2.0,42,124,-1.0535332966800663,-1.246001114532972
v8,feat_gbm,2.0,42,125,-0.972128522583971,-2.7130193085566443
v8,feat_gbm,2.0,42,126,-0.8094450549674682,-2.0560780011130944
v8,feat_gbm,2.0,42,127,-2.692057736560671,-1.631222331554067
v8,feat_gbm,2.0,42,128,-0.9377593277798583,-3.477307725783656
v8,feat_gbm,2.0,42,129,-0.38947944232467746,1.7007542891568868
v8,feat_gbm,2.0,42,130,0.013007328566429159,-3.4021624962570822
v8,feat_gbm,2.0,42,131,-2.9741930902911955,-3.701149444421242
v8,feat_gbm,2.0,42,132,-0.41381025010725053,-0.4116741376471012
v8,feat_gbm,2.0,42,133,-1.2469761804630795,-0.5680375850475197
v8,feat_gbm,2.0,42,134,-2.9493150651304805,-1.4788189923590598
v8,feat_gbm,2.0,42,135,-2.6323032404389974,-2.9896549957503007
v8,feat_gbm,2.0,42,136,0.20704475752947823,0.11194117436713467
v8,feat_gbm,2.0,42,137,0.5928903612860459,1.7147062893715772
v8,feat_gbm,2.0,42,138,-2.305922472385016,-1.9709125209383296
v8,feat_gbm,2.0,42,139,-0.15033645972444884,0.19937477723826902
v8,feat_gbm,2.0,42,140,-2.994637626573105,-2.8223726616431475
v8,feat_gbm,2.0,42,141,-0.3446314836382721,-0.12380828599000025
v8,feat_gbm,2.0,42,142,-1.5778912443974764,-2.97521232911642
v8,feat_gbm,2.0,42,143,-2.325533535668421,-1.9484557479617686
v8,feat_gbm,2.0,42,144,0.2085822860509268,1.244093655886106
v8,feat_gbm,2.0,42,145,-2.223054017240533,-2.0280859266176816
v8,feat_gbm,2.0,42,146,-2.7015824291442367,-2.0754073031653366
v8,feat_gbm,2.0,42,147,-0.33043740746114264,-0.11331641159387335
v8,feat_gbm,2.0,42,148,-2.5710006739588893,-2.620298039600635
v8,feat_gbm,2.0,42,149,-3.0233902693804806,-3.8395532227602396
v8,feat_gbm,2.0,42,150,-0.008908839917458174,-2.149698272240366
v8,feat_gbm,2.0,42,151,-3.08861244859627,-3.1594376779318036
v8,feat_gbm,2.0,42,152,-2.3096305098609817,-2.7712141114581046
v8,feat_gbm,2.0,42,153,-0.7405310892140087,-1.1483368403810985
v8,feat_gbm,2.0,42,154,-1.325597672666188,-1.4700676700115773
v8,feat_gbm,2.0,42,155,0.21959330330126015,1.4088416749712322
v8,feat_gbm,2.0,42,156,-0.09218399921725215,0.7564704220494097
v8,feat_gbm,2.0,42,157,-1.1397531181539071,-1.7148995557963913
v8,feat_gbm,2.0,42,158,-0.9776329545659205,-2.8595355115547196
v8,feat_gbm,2.0,42,159,-1.3390963379805465,-0.9922400520728849
v8,feat_gbm,2.0,42,160,1.135657452603404,1.8585227307534937
v8,feat_gbm,2.0,42,161,-3.1735922194553186,-2.477654537850602
v8,feat_gbm,2.0,42,162,-3.144295925064296,-2.993764039868935
v8,feat_gbm,2.0,42,163,-1.2791200396796232,-1.1722671160336509
v8,feat_gbm,2.0,42,164,-2.7404406273602886,-1.6577576086204497
v8,feat_gbm,2.0,42,165,-1.9054557063321969,-2.9770186999323642
v8,feat_gbm,2.0,42,166,-2.066145285255987,-3.2329952824425443
v8,feat_gbm,2.0,42,167,-0.2881588300934941,0.19550508612775644
v8,feat_gbm,2.0,42,168,-1.0444638548081429,-1.2639642813248737
v8,feat_gbm,2.0,42,169,1.2931404477501043,1.4224064134580066
v8,feat_gbm,2.0,42,170,-2.43782901859298,-1.5303724784706008
v8,feat_gbm,2.0,42,171,0.29071324760811107,0.6086346650572224
v8,feat_gbm,2.0,42,172,0.0960920145547138,-0.052232489626048526
v8,feat_gbm,2.0,42,173,-1.9042155339707574,-0.19074605880313256
v8,feat_gbm,2.0,42,174,-2.2303944527565553,-2.7678232596734214
v8,feat_gbm,2.0,42,175,-1.7857402980453583,-1.6557092188829319
v8,feat_gbm,2.0,42,176,0.5584884780239953,0.12081831439914445
v8,feat_gbm,2.0,42,177,-0.35128157721670733,3.7031714993021168
v8,feat_gbm,2.0,42,178,-0.4794361276922021,-0.17761292562564054
v8,feat_gbm,2.0,42,179,0.23518852596624581,0.2295122735959306
v8,feat_gbm,2.0,42,180,-1.5005720702800986,-1.6401012725318311
v8,feat_gbm,2.0,42,181,-3.0444069537736174,-3.399461101549646
v8,feat_gbm,2.0,42,182,0.18109421365300152,0.5421608664871393
v8,feat_gbm,2.0,42,183,-2.6398935951181253,-3.7858185839721776
v8,feat_gbm,2.0,42,184,0.10822011888434145,0.4440956773301304
v8,feat_gbm,2.0,42,185,-0.9513603082782678,0.5450962365111649
v8,feat_gbm,2.0,42,186,-2.6803400387829734,-3.094441269353033
v8,feat_gbm,2.0,42,187,0.27030356928265087,1.436275522654785
v8,feat_gbm,2.0,42,188,-0.10570410842973997,-0.003208414280501246
v8,feat_gbm,2.0,42,189,-2.860039661809296,-2.0766448721687736
v8,feat_gbm,2.0,42,190,-2.2768235465740294,-2.887011097372245
v8,feat_gbm,2.0,42,191,-0.5520259546899047,-0.19564387773269687
v8,feat_gbm,2.0,42,192,-2.593086628438405,-3.39219136175158
v8,feat_gbm,2.0,42,193,-3.8170639933810397,-4.804455114758695
v8,feat_gbm,2.0,42,194,-0.8639422151302057,-0.23230879418151415
v8,feat_gbm,2.0,42,195,1.0461756155810997,0.7768952289284052
v8,feat_gbm,2.0,42,196,-3.3199875727180457,-3.0758975731441707
v8,feat_gbm,2.0,42,197,1.376795298734027,1.8852948766094535
v8,feat_gbm,2.0,42,198,-0.040058499845533876,-0.07474663349946693
v8,feat_gbm,2.0,42,199,1.2823285221069811,0.9295509098669842
v8,feat_gbm,2.0,42,200,-0.017419102427437806,0.40408761039079466
v8,feat_gbm,2.0,42,201,-2.010875624514115,-1.0185563947000995
v8,feat_gbm,2.0,42,202,-1.9785502655515383,-1.5812541435625456
v8,feat_gbm,2.0,42,203,-1.6083744425924074,-2.9269603411540346
v8,feat_gbm,2.0,42,204,-0.2667077480725064,-0.9368237022381455
v8,feat_gbm,2.0,42,205,-1.0039504641731105,-0.771906247259438
v8,feat_gbm,2.0,42,206,-2.4068095703356494,-1.4457766532498904
v8,feat_gbm,2.0,42,207,-2.2476862935077464,-2.4752738768021185
v8,feat_gbm,2.0,42,208,-3.130708172173088,-2.8789590131308262
v8,feat_gbm,2.0,42,209,-3.2492487189935466,-2.6986856152036793
v8,feat_gbm,2.0,42,210,0.503672106644934,0.05837096406180189
v8,feat_gbm,2.0,42,211,-2.3340716888227995,-2.2327070274631113
v8,feat_gbm,2.0,42,212,-0.7569886030521481,0.15758807445032513
v8,feat_gbm,2.0,42,213,0.5583659982155335,0.5234750924970406
v8,feat_gbm,2.0,42,214,0.5152991990935845,0.8312555987922697
v8,feat_gbm,2.0,42,215,-2.4450510388014304,-0.7699972654610447
v8,feat_gbm,2.0,42,216,-2.284637593404219,-2.4368834827463726
v8,feat_gbm,2.0,42,217,-3.2805686907485097,-3.7421886443248944
v8,feat_gbm,2.0,42,218,-2.480222516742618,-4.3753265313120195
v8,feat_gbm,2.0,42,219,-0.32974959540607857,0.13181597567614448
v8,feat_gbm,2.0,42,220,-2.281441944281325,-2.150299196146146
v8,feat_gbm,2.0,42,221,-0.1654127528580589,0.4316281043505307
v8,feat_gbm,2.0,42,222,0.052001123764256856,0.20581216265343685
v8,feat_gbm,2.0,42,223,-0.927539953451298,-1.7226779576420432
v8,feat_gbm,2.0,42,224,0.4372924415107423,1.0701061526100661
v8,feat_gbm,2.0,42,225,-3.2377017391639398,-2.995983076644188
v8,feat_gbm,2.0,42,226,0.1748590611171638,-0.39103048890459524
v8,feat_gbm,2.0,42,227,-2.4769356019703532,-2.811377433191803
v8,feat_gbm,2.0,42,228,-0.5297331747084703,0.1103569248772952
v8,feat_gbm,2.0,42,229,0.19501614162408917,1.0926797996732165
v8,feat_gbm,2.0,42,230,-1.8123787960252618,-1.1465469989616057
v8,feat_gbm,2.0,42,231,-3.4346675270514915,-3.7045714701961474
v8,feat_gbm,2.0,42,232,-0.5711251143034662,-0.3205795311611984
v8,feat_gbm,2.0,42,233,-0.26456556279860227,-0.7282288274356463
v8,feat_gbm,2.0,42,234,-0.0784170084399532,-0.6143938277881194
v8,feat_gbm,2.0,42,235,-3.129173066972547,-3.717493513170671
v8,feat_gbm,2.0,42,236,-1.455402332371578,-1.894186438607053
v8,feat_gbm,2.0,42,237,-0.03164903855913387,0.19101892391720615
v8,feat_gbm,2.0,42,238,-2.460472873219665,-2.723653519266766
v8,feat_gbm,2.0,42,239,0.43716811072171513,0.28172679866345784
v8,feat_gbm,2.0,42,240,-1.1120144551005509,-0.570916259780521
v8,feat_gbm,2.0,42,241,-1.0826353648825642,-3.037607674189957
v8,feat_gbm,2.0,42,242,-3.328466243339097,-2.4824067099880884
v8,feat_gbm,2.0,42,243,-0.10810187308924182,1.793244191067856
v8,feat_gbm,2.0,42,244,-2.698281743457788,-2.170563194223024
v8,feat_gbm,2.0,42,245,-3.092011141293583,-2.5580286375581696
v8,feat_gbm,2.0,42,246,-2.53019717536447,-3.9013363177662743
v8,feat_gbm,2.0,42,247,-1.0116230262273598,-1.2689211715035387
v8,feat_gbm,2.0,42,248,-2.868376214314978,-2.89795980370705
v8,feat_gbm,2.0,42,249,-1.5844529561332898,-1.149470325468549
v8,feat_gbm,2.0,42,250,-1.5077299352404707,-2.1803876537888693
v8,feat_gbm,2.0,42,251,-2.039272813469614,-1.2010659028736028
v8,feat_gbm,2.0,42,252,-2.687570785651414,-2.675840590612525
v8,feat_gbm,2.0,42,253,-1.9194021481380503,-0.865421424414132
v8,feat_gbm,2.0,42,254,-1.3406517660234352,-0.45089388998719687
v8,feat_gbm,2.0,42,255,-2.182117796934657,-1.477655138121315
v8,feat_gbm,2.0,42,256,-2.576718533475441,-1.9234128661936198
v8,feat_gbm,2.0,42,257,-2.121294528846038,-0.8895479413744646
v8,feat_gbm,2.0,42,258,-1.4279625312771536,-1.284701881398344
v8,feat_gbm,2.0,42,259,-0.3228375749107796,0.03791276039075724
v8,feat_gbm,2.0,42,260,-2.080106147533446,-1.213907680807544
v8,feat_gbm,2.0,42,261,-0.30332020208570465,-0.6937064881158975
v8,feat_gbm,2.0,42,262,0.09370524503206759,-2.500344974429108
v8,feat_gbm,2.0,42,263,-2.05844546245263,-3.0782877743164985
v8,feat_gbm,2.0,42,264,-2.989037532409878,-3.2702790535172426
v8,feat_gbm,2.0,42,265,-0.01809321723698169,-0.15746453031192983
v8,feat_gbm,2.0,42,266,-1.8821295071622077,-1.3930653126164372
v8,feat_gbm,2.0,42,267,-2.9204110882784104,-3.460520174484755
v8,feat_gbm,2.0,42,268,-2.2192922006002824,-1.8115923421665279
v8,feat_gbm,2.0,42,269,-0.1257095018698933,-0.04785951915829837
v8,feat_gbm,2.0,42,270,-0.7686630689807028,-1.3387838926701625
v8,feat_gbm,2.0,42,271,0.7041958972956562,0.6172482925771328
v8,feat_gbm,2.0,42,272,-0.45247531324425216,0.10718580269537517
v8,feat_gbm,2.0,42,273,-1.8064064598013072,-2.4250613993713395
v8,feat_gbm,2.0,42,274,-0.6353524150113856,-0.4656136934058211
v8,feat_gbm,2.0,42,275,-2.697093231666159,-1.7679071058666047
v8,feat_gbm,2.0,42,276,-1.3349361467799052,-0.15192249005847586
v8,feat_gbm,2.0,42,277,-0.10880078138298957,-0.22686658439221394
v8,feat_gbm,2.0,42,278,-0.8311640116881259,-0.3963273628232521
v8,feat_gbm,2.0,42,279,-2.3134720723157143,-2.1916982233579314
v8,feat_gbm,2.0,42,280,0.46251233716664686,0.5138857123822332
v8,feat_gbm,2.0,42,281,-0.7550368062037303,0.13501120436460418
v8,feat_gbm,2.0,42,282,0.04988008055076477,-0.35232291748203215
v8,feat_gbm,2.0,42,283,0.3497947309367105,0.33710059568630363
v8,feat_gbm,2.0,42,284,1.1797640524741435,2.2269494594330284
v8,feat_gbm,2.0,42,285,-1.096607602607988,-0.8523290277873723
v8,feat_gbm,2.0,42,286,-0.045663907618745246,0.5032694866056324
v8,feat_gbm,2.0,42,287,-2.239320258977679,-3.0734310124071125
v8,feat_gbm,2.0,42,288,-2.7553457980234364,-3.0969464995649485
v8,feat_gbm,2.0,42,289,0.1586112576716352,0.8088909840914691
v8,feat_gbm,2.0,42,290,-1.781912969584051,-1.710735902712342
v8,feat_gbm,2.0,42,291,0.10659657657515088,-0.24588513525180683
v8,feat_gbm,2.0,42,292,-2.933612016951011,-2.9910915714149957
v8,feat_gbm,2.0,42,293,-0.20579656065401228,0.24397961438558982
v8,feat_gbm,2.0,42,294,0.2640319018365356,0.9827222917401395
v8,feat_gbm,2.0,42,295,0.40157277567392113,1.5399914318848642
v8,feat_gbm,2.0,42,296,-2.2700354586325453,-3.028104854063688
v8,feat_gbm,2.0,42,297,-0.6434597304363461,-1.9675880903276046
v8,feat_gbm,2.0,42,298,0.060193496103013,0.3882116190950413
v8,feat_gbm,2.0,42,299,-1.4613526811914068,-0.4169590587595381
v8,feat_gbm,2.0,42,300,-1.137826169146591,-0.47104701624968015
v8,feat_gbm,2.0,42,301,-1.0139477330106341,-0.5788171023402015
v8,feat_gbm,2.0,42,302,-2.545523638078056,-3.325334912618423
v8,feat_gbm,2.0,42,303,-0.9508556206995443,0.27214776974989446
v8,feat_gbm,2.0,42,304,-0.13576215368095143,0.2838761456734127
v8,feat_gbm,2.0,42,305,0.44824368791926467,0.98356576927226
v8,feat_gbm,2.0,42,306,-2.628234673539093,-2.324804251846344
v8,feat_gbm,2.0,42,307,-0.24630177719807156,-0.30060412365222405
v8,feat_gbm,2.0,42,308,-3.0943484480700048,-3.5706943269006843
v8,feat_gbm,2.0,42,309,-0.31344640229442305,0.7657986236992217
v8,feat_gbm,2.0,42,310,-0.30150989698981806,-0.3760212383278314
v8,feat_gbm,2.0,42,311,0.7826563823558214,0.903367601886353
v8,feat_gbm,2.0,42,312,0.15641609652310395,0.2834145554969618
v8,feat_gbm,2.0,42,313,0.1837894533556276,-0.8750381269167363
v8,feat_gbm,2.0,42,314,-0.28754933354853385,-0.8911054934067958
v8,feat_gbm,2.0,42,315,0.11582577221056567,0.2699623908229132
v8,feat_gbm,2.0,42,316,-2.858865077658248,-4.034449774534175
v8,feat_gbm,2.0,42,317,-0.1145330417244662,0.7302045063515665
v8,feat_gbm,2.0,42,318,-2.3230420203348836,-2.5264159394565007
v8,feat_gbm,2.0,42,319,-3.076766133727744,-3.1280680478747835
v8,feat_gbm,2.0,42,320,0.01584300137550972,-0.623194388118803
v8,feat_gbm,2.0,42,321,-3.338403597495154,-4.172922463867305
v8,feat_gbm,2.0,42,322,1.3881911340890776,1.0714029341973417
v8,feat_gbm,2.0,42,323,-3.3203431834450403,-2.5538050374755565
v8,feat_gbm,2.0,42,324,-1.6604534310681354,-1.5310020975326282
v8,feat_gbm,2.0,42,325,-0.21428128037572128,-0.735749980772127
v8,feat_gbm,2.0,42,326,-0.9192779941863126,-0.5010306012352705
v8,feat_gbm,2.0,42,327,-3.78175403056611,-4.393123087746285
v8,feat_gbm,2.0,42,328,-0.7731263672695802,0.6439364857563509
v8,feat_gbm,2.0,42,329,-2.3673025537433805,-2.60760252445046
v8,feat_gbm,2.0,42,330,0.5634666570856605,0.46983427811083467
v8,feat_gbm,2.0,42,331,-1.822993646839221,-1.149354435920189
v8,feat_gbm,2.0,42,332,-2.1091821182735067,-1.0961264399974935
v8,feat_gbm,2.0,42,333,0.3061711548720048,1.4253561556633074
v8,feat_gbm,2.0,42,334,0.844482154834935,1.0406546288822482
v8,feat_gbm,2.0,42,335,0.27024305561988565,-0.1286217558512718
v8,feat_gbm,2.0,42,336,-1.940411920291659,-1.7275974260064488
v8,feat_gbm,2.0,42,337,-3.4816981940092497,-4.535227665039715
v8,feat_gbm,2.0,42,338,-0.03985035267168125,-1.078833843619319
v8,feat_gbm,2.0,42,339,-3.1119930485383107,-2.035297396751524
v8,feat_gbm,2.0,42,340,0.02479819903624072,0.4788286932125707
v8,feat_gbm,2.0,42,341,-1.8162861386855627,-0.4595082096564039
v8,feat_gbm,2.0,42,342,-3.0469098730523596,-3.653430804591794
v8,feat_gbm,2.0,42,343,0.49171690539392887,0.2834522663037432
v8,feat_gbm,2.0,42,344,-0.03680355610399252,-0.15984972455285287
v8,feat_gbm,2.0,42,345,-1.9145659880438843,-3.8822970119574354
v8,feat_gbm,2.0,42,346,-2.2154592553114116,-2.5801989990218064
v8,feat_gbm,2.0,42,347,-2.980210609287717,-3.2622630695286134
v8,feat_gbm,2.0,42,348,-0.7226450231452252,-0.4894561152880944
v8,feat_gbm,2.0,42,349,-1.5055260618879662,-3.0223552414624764
v8,feat_gbm,2.0,42,350,0.7485981062659535,0.4215072765335228
v8,feat_gbm,2.0,42,351,-1.7415769089963795,-1.8152752103400673
v8,feat_gbm,2.0,42,352,0.552651979847076,1.102263670511441
v8,feat_gbm,2.0,42,353,0.5915229450261605,1.4454852001466738
v8,feat_gbm,2.0,42,354,-2.9583752125810685,-3.6770060333191017
v8,feat_gbm,2.0,42,355,-3.4690766943984195,-5.078652858832153
v8,feat_gbm,2.0,42,356,0.2561190494548572,0.7815322159665122
v8,feat_gbm,2.0,42,357,0.06590872717103889,0.6775133790495483
v8,feat_gbm,2.0,42,358,-2.9939227333835134,-3.5163570325540956
v8,feat_gbm,2.0,42,359,-1.3811918687612088,-4.157760523739404
v8,feat_gbm,2.0,42,360,-0.9863060339063163,-0.18386357284099003
v8,feat_gbm,2.0,42,361,-2.6540107066658627,-4.477383009144865
v8,feat_gbm,2.0,42,362,-0.7001315452578123,0.2909126951240761
v8,feat_gbm,2.0,42,363,-3.384949713916062,-3.5121531596302606
v8,feat_gbm,2.0,42,364,-0.6115866957495385,-0.0019354464452207268
v8,feat_gbm,2.0,42,365,-2.729724135893614,-3.264666087597375
v8,feat_gbm,2.0,42,366,-1.9710171141216817,-1.4961090632143375
v8,feat_gbm,2.0,42,367,0.012655534666106635,-0.10305907560987346
v8,feat_gbm,2.0,42,368,-0.558122217917803,0.24601275195113992
v8,feat_gbm,2.0,42,369,-1.0135740700087812,-1.6400355118163064
v8,feat_gbm,2.0,42,370,-2.9827337856587803,-1.5399226532969161
v8,feat_gbm,2.0,42,371,-0.7508389381755622,-0.3336387161155974
v8,feat_gbm,2.0,42,372,-0.4567688390837718,0.3185760540422761
v8,feat_gbm,2.0,42,373,-0.393813528309008,-0.30756424411789
v8,feat_gbm,2.0,42,374,-3.3535514381347906,-3.551435429619069
v8,feat_gbm,2.0,42,375,0.2511327899948292,-0.12846918127015178
v8,feat_gbm,2.0,42,376,0.6804034037527155,0.43413099611324796
v8,feat_gbm,2.0,42,377,0.005156630586376999,0.8095384731463161
v8,feat_gbm,2.0,42,378,0.12564468312548951,0.20303525329731625
v8,feat_gbm,2.0,42,379,-0.016512116185868696,0.524784145223057
v8,feat_gbm,2.0,42,380,-0.11755333665933877,0.8722609808312535
v8,feat_gbm,2.0,42,381,-0.7427421295037692,1.0190202163897197
v8,feat_gbm,2.0,42,382,0.27293382621575496,1.2715191268303472
v8,feat_gbm,2.0,42,383,-0.7493198664121719,-0.13923746667536385
v8,feat_gbm,2.0,42,384,-1.1430390261537833,-1.7983983483294153
v8,feat_gbm,2.0,42,385,-0.5718342666454853,0.5606037150840157
v8,feat_gbm,2.0,42,386,0.7724970627421819,0.6003456151224621
v8,feat_gbm,2.0,42,387,0.6101034436086733,1.3071718981356573
v8,feat_gbm,2.0,42,388,0.05373237973094351,-0.19457283568776126
v8,feat_gbm,2.0,42,389,-1.8730960805336492,-0.981880356960367
v8,feat_gbm,2.0,42,390,-1.8268239802834871,-2.628024059072158
v8,feat_gbm,2.0,42,391,-2.3159425232274065,-2.479262758098376
v8,feat_gbm,2.0,42,392,-2.1059221375624935,-2.207941629114672
v8,feat_gbm,2.0,42,393,-1.8863255503136682,-2.806586620215901
v8,feat_gbm,2.0,42,394,-0.3332421347010779,-0.16842623590390868
v8,feat_gbm,2.0,42,395,0.25416121000208025,0.3596423409999632
v8,feat_gbm,2.0,42,396,-2.588034855682163,-3.117667066362407
v8,feat_gbm,2.0,42,397,0.673588048621287,0.6134086288650079
v8,feat_gbm,2.0,42,398,0.5579599954092378,0.5049020087080688
v8,feat_gbm,2.0,42,399,-1.753458866816059,-1.0548605918119196
v8,feat_gbm,2.0,42,400,-3.6815298857764867,-2.877676775828332
v8,feat_gbm,2.0,42,401,0.04357300231990273,0.015654415635624343
v8,feat_gbm,2.0,42,402,-0.20762987431227076,-0.7027824676465185
v8,feat_gbm,2.0,42,403,0.46673211208044835,0.6733427913489138
v8,feat_gbm,2.0,42,404,-0.22507242093336086,0.03259550049258387
v8,feat_gbm,2.0,42,405,-2.486607853654584,-3.4179416205706223
v8,feat_gbm,2.0,42,406,-2.462481780556223,-1.6563158072976616
v8,feat_gbm,2.0,42,407,-0.6629861231736541,0.3281041495218151
v8,feat_gbm,2.0,42,408,-0.6247093821890641,-1.498502430121411
v8,feat_gbm,2.0,42,409,-0.9906003237795268,-1.5390850133499359
v8,feat_gbm,2.0,42,410,-0.534325405986134,-3.8769914364338094
v8,feat_gbm,2.0,42,411,-1.3678290218525617,-1.1093409530974205
v8,feat_gbm,2.0,42,412,-2.265327465129187,-2.1356441225652167
v8,feat_gbm,2.0,42,413,-0.06426474358383544,0.5613925387002681
v8,feat_gbm,2.0,42,414,-2.899121915467707,-2.672303525149137
v8,feat_gbm,2.0,42,415,0.6171911255914305,0.9887747910888531
v8,feat_gbm,2.0,42,416,-3.407931669983783,-2.064740642123073
v8,feat_gbm,2.0,42,417,-0.4563615057404623,-0.13534283366780814
v8,feat_gbm,2.0,42,418,0.1456745339594962,0.5266566940316069
v8,feat_gbm,2.0,42,419,-2.211184901929226,-0.7929716308762645
v8,feat_gbm,2.0,42,420,-0.09280110516960795,0.22081989653443584
v8,feat_gbm,2.0,42,421,-3.612801739457799,-3.4911396429773087
v8,feat_gbm,2.0,42,422,-0.8226455332266006,0.4691563032653497
v8,feat_gbm,2.0,42,423,0.0581081646844801,-0.21242164749251408
v8,feat_gbm,2.0,42,424,-2.2914992348829926,-2.0235730224261497
v8,feat_gbm,2.0,42,425,-0.15945361029611224,0.1881042769243711
v8,feat_gbm,2.0,42,426,-0.7759247618119106,-0.7546830882020855
v8,feat_gbm,2.0,42,427,-1.7574700702200112,-2.004418163271322
v8,feat_gbm,2.0,42,428,-0.7773056851594962,0.08108350485015015
v8,feat_gbm,2.0,42,429,-2.4250344287243064,-0.8958783842144782
v8,feat_gbm,2.0,42,430,-1.3864146675479712,-0.700178367515834
v8,feat_gbm,2.0,42,431,-2.010375258143436,-2.026447754843476
v8,feat_gbm,2.0,42,432,-3.3573032059386647,-3.3644112924118934
v8,feat_gbm,2.0,42,433,-2.552233531116171,-2.4777804975332844
v8,feat_gbm,2.0,42,434,-3.012976930102494,-3.6407879329147783
v8,feat_gbm,2.0,42,435,0.2233070919491767,0.8140524350977956
v8,feat_gbm,2.0,42,436,-0.3218576380358294,-0.6342245759550225
v8,feat_gbm,2.0,42,437,-1.1196386678239143,-1.0170271575608654
v8,feat_gbm,2.0,42,438,-1.4891133765850455,1.2058566336630974
v8,feat_gbm,2.0,42,439,0.6027232632388633,1.04159183954478
v8,feat_gbm,2.0,42,440,-0.3139776522808677,-0.383754051292973
v8,feat_gbm,2.0,42,441,0.6611631142132451,0.9717849563735496
v8,feat_gbm,2.0,42,442,0.6343717045618128,0.915394257773604
v8,feat_gbm,2.0,42,443,-0.2890279440351211,0.17619398118278368
v8,feat_gbm,2.0,42,444,-3.0044918915599044,-2.3026142847949007
v8,feat_gbm,2.0,42,445,-0.09227287954574713,-2.156995715227189
v8,feat_gbm,2.0,42,446,-1.9854698961085693,-1.9647154613855007
v8,feat_gbm,2.0,42,447,-1.5860609978145523,-1.2167428909736953
v8,feat_gbm,2.0,42,448,-0.1132845863285348,0.371748058948411
v8,feat_gbm,2.0,42,449,-2.269952145080361,-3.354914600670279
v8,feat_gbm,2.0,42,450,-1.023617755028634,-2.0984010901330774
v8,feat_gbm,2.0,42,451,-0.626046949522449,-1.8411195968283314
v8,feat_gbm,2.0,42,452,0.06722250025820337,-0.2866386615093297
v8,feat_gbm,2.0,42,453,-2.575929071451683,-2.1769502099219324
v8,feat_gbm,2.0,42,454,-0.6864051242483197,0.851829112076475
v8,feat_gbm,2.0,42,455,0.5275421242837657,-0.5174982843777256
v8,feat_gbm,2.0,42,456,-3.5120557081832544,-3.7883351795095335
v8,feat_gbm,2.0,42,457,-2.6990507060996896,-1.3225504843777425
v8,feat_gbm,2.0,42,458,-0.4277531904812536,-0.6304710111145473
v8,feat_gbm,2.0,42,459,-1.0126495550476395,-2.867776928577639
v8,feat_gbm,2.0,42,460,-0.8401876836294572,-0.20106453453544149
v8,feat_gbm,2.0,42,461,-0.053674606376896715,0.565413433251147
v8,feat_gbm,2.0,42,462,-0.6131488242990746,0.6531860801292728
v8,feat_gbm,2.0,42,463,-2.631618238688548,-3.295531334571209
v8,feat_gbm,2.0,42,464,-1.1002759143065282,-1.118951529136503
v8,feat_gbm,2.0,42,465,-0.168338598338892,0.08535922256033004
v8,feat_gbm,2.0,42,466,-0.3193676699236293,0.2656879386171551
v8,feat_gbm,2.0,42,467,-1.1743837683344758,-1.0764680911985907
v8,feat_gbm,2.0,42,468,1.5094441539092667,2.2503813782282114
v8,feat_gbm,2.0,42,469,-0.028719095753540758,-0.029700274932011248
v8,feat_gbm,2.0,42,470,-3.0789555398862234,-2.1918010579584375
v8,feat_gbm,2.0,42,471,-0.8627490563354295,-0.12537364897776127
v8,feat_gbm,2.0,42,472,-0.8575806461134501,-1.3714574409892777
v8,feat_gbm,2.0,42,473,-0.8235252781560753,-1.0216450817816245
v8,feat_gbm,2.0,42,474,-0.48577123247776927,-0.8313233833759152
v8,feat_gbm,2.0,42,475,-1.8646017783408548,-3.25243582884057
v8,feat_gbm,2.0,42,476,0.27333844035877175,0.8737365575305754
v8,feat_gbm,2.0,42,477,-2.4704730117495974,-1.8373017486027088
v8,feat_gbm,2.0,42,478,-2.1844344549655927,-1.909749317133085
v8,feat_gbm,2.0,42,479,-0.23297234031955863,0.418341725137149
v8,feat_gbm,2.0,42,480,-2.7815587597988167,-2.8689304810445995
v8,feat_gbm,2.0,42,481,-3.4503471698295725,-3.9192950012633494
v8,feat_gbm,2.0,42,482,0.7262811726085053,0.8191907452202399
v8,feat_gbm,2.0,42,483,-2.732370535281495,-2.7371748494528005
v8,feat_gbm,2.0,42,484,0.23985764384419164,0.043868991079412875
v8,feat_gbm,2.0,42,485,-2.0925877154010504,-3.9571024828402512
v8,feat_gbm,2.0,42,486,-1.6576934560614414,-0.8286091055291892
v8,feat_gbm,2.0,42,487,0.6261884940800979,1.1086460137612473
v8,feat_gbm,2.0,42,488,-0.5595777921371958,-1.0899995989348372
v8,feat_gbm,2.0,42,489,-1.9001608655796431,-2.9260181182274523
v8,feat_gbm,2.0,42,490,-0.460372430383748,0.01778898425240747
v8,feat_gbm,2.0,42,491,0.18395184173113868,-0.388546054063584
v8,feat_gbm,2.0,42,492,-1.8323457515424837,-0.8483910406321095
v8,feat_gbm,2.0,42,493,-2.376346058867586,-2.4855190663855797
v8,feat_gbm,2.0,42,494,-0.2609243860807412,-0.6027729178489412
v8,feat_gbm,2.0,42,495,-3.932227880982461,-1.5285925057254015
v8,feat_gbm,2.0,42,496,0.41632985045141535,1.0092174422839322
v8,feat_gbm,2.0,42,497,-2.6252917576669645,-2.421052301727873
v8,feat_gbm,2.0,42,498,-3.4770566721481884,-3.2283141264699093
v8,feat_gbm,2.0,42,499,-3.8356670889314324,-4.907212199848568
v8,feat_gbm,2.0,43,0,-1.142353536172167,0.03894909458183669
v8,feat_gbm,2.0,43,1,-2.288209588166397,-2.5052564746229193
v8,feat_gbm,2.0,43,2,0.07970744233852937,0.6287827851917782
v8,feat_gbm,2.0,43,3,-2.900524353812324,-3.3447289283878643
v8,feat_gbm,2.0,43,4,1.3097356656719974,0.9694015026406426
v8,feat_gbm,2.0,43,5,-1.5882280742635477,-2.4693709778233526
v8,feat_gbm,2.0,43,6,0.04102858695243556,-0.2819211013310965
v8,feat_gbm,2.0,43,7,-0.045311869125827804,0.5289578846490461
v8,feat_gbm,2.0,43,8,0.06424000893817924,0.032863622186365654
v8,feat_gbm,2.0,43,9,0.528868534579102,0.9352707853930591
v8,feat_gbm,2.0,43,10,-1.5524866781473057,-1.5987558134683666
v8,feat_gbm,2.0,43,11,-2.4381744522112485,-3.2678706438993954
v8,feat_gbm,2.0,43,12,-2.9104959182045858,-2.445380546146449
v8,feat_gbm,2.0,43,13,-0.5700102823183822,-0.4471217519653716
v8,feat_gbm,2.0,43,14,-1.4298622364040332,-1.8343062920535937
v8,feat_gbm,2.0,43,15,-1.4525565236348212,-2.278287047942225
v8,feat_gbm,2.0,43,16,-1.2189039872719707,-1.113015507562239
v8,feat_gbm,2.0,43,17,-1.2212111551354998,-1.149386040828735
v8,feat_gbm,2.0,43,18,-1.3075851156517184,-0.4541092694382234
v8,feat_gbm,2.0,43,19,-2.851374835394707,-2.8798658660471284
v8,feat_gbm,2.0,43,20,-3.2177345421565735,-3.281006200299989
v8,feat_gbm,2.0,43,21,-1.5488488385400738,-0.7889402030111288
v8,feat_gbm,2.0,43,22,-0.8737621959392425,-0.48114593055133975
v8,feat_gbm,2.0,43,23,-3.1644958081164116,-2.8038114998165153
v8,feat_gbm,2.0,43,24,-3.6683958809853916,-2.6726430450531393
v8,feat_gbm,2.0,43,25,-3.290713795040699,-3.141178249464176
v8,feat_gbm,2.0,43,26,-3.191880978790903,-3.8612362310489847
v8,feat_gbm,2.0,43,27,-3.1048519237041723,-3.085821277369337
v8,feat_gbm,2.0,43,28,-3.319891696026599,-2.1153791712035637
v8,feat_gbm,2.0,43,29,-1.0946628881587472,-0.5854112868629942
v8,feat_gbm,2.0,43,30,-0.14287786941407785,0.13849791927417068
v8,feat_gbm,2.0,43,31,-2.92978221231336,-2.779654184179668
v8,feat_gbm,2.0,43,32,0.7684287525825039,0.9166392391011026
v8,feat_gbm,2.0,43,33,-2.578690003027053,-2.134444297962007
v8,feat_gbm,2.0,43,34,0.04608497851740303,1.1224191581864646
v8,feat_gbm,2.0,43,35,-3.2368110941243455,-2.7514680837461087
v8,feat_gbm,2.0,43,36,0.4128744071891482,0.7493710802437775
v8,feat_gbm,2.0,43,37,-2.055885856863101,-2.157600461660938
v8,feat_gbm,2.0,43,38,-1.3250252912071452,-1.7436371170468024
v8,feat_gbm,2.0,43,39,0.10191271773623711,0.632388610685479
v8,feat_gbm,2.0,43,40,-2.2027488835177826,-1.5024753827969588
v8,feat_gbm,2.0,43,41,-2.493412655011825,-2.936018587066778
v8,feat_gbm,2.0,43,42,-1.2095094169324279,-0.06406961406287034
v8,feat_gbm,2.0,43,43,-0.354227669993137,-0.43711075337934485
v8,feat_gbm,2.0,43,44,-0.7283426081567583,0.521724778538647
v8,feat_gbm,2.0,43,45,0.5763420088078014,-0.02881562555915001
v8,feat_gbm,2.0,43,46,-2.1892267515117543,-2.6856700943784895
v8,feat_gbm,2.0,43,47,-3.074197544140082,-3.3419513202228783
v8,feat_gbm,2.0,43,48,-0.2566052914622322,-0.35240032436669677
v8,feat_gbm,2.0,43,49,-3.594781066930912,-4.466027560457086
v8,feat_gbm,2.0,43,50,-1.7369222245259357,-1.2227887404747313
v8,feat_gbm,2.0,43,51,-3.464435100554222,-4.168130875201601
v8,feat_gbm,2.0,43,52,-1.3343262541836025,-2.1825653069440887
v8,feat_gbm,2.0,43,53,-3.045745664404266,-2.816977102698189
v8,feat_gbm,2.0,43,54,-0.11058916756571674,-0.9520374156321785
v8,feat_gbm,2.0,43,55,0.5603982646610729,0.800460094219776
v8,feat_gbm,2.0,43,56,0.3582460456125841,0.2782562560211116
v8,feat_gbm,2.0,43,57,-0.32155042966528596,-0.7855200046266205
v8,feat_gbm,2.0,43,58,-3.4498490710225314,-2.837973637743256
v8,feat_gbm,2.0,43,59,-0.91755428976169,0.3653424354755994
v8,feat_gbm,2.0,43,60,-1.3404030887796092,-3.145987746693799
v8,feat_gbm,2.0,43,61,-2.7912116995299834,-2.1381844357326614
v8,feat_gbm,2.0,43,62,-0.3547760989226887,0.3908315550690521
v8,feat_gbm,2.0,43,63,-3.198617537312073,-3.259739876316779
v8,feat_gbm,2.0,43,64,-2.167589318850668,-3.799325775609258
v8,feat_gbm,2.0,43,65,0.7720697533448379,0.2842997557356093
v8,feat_gbm,2.0,43,66,0.08613064820339417,0.9099380077885143
v8,feat_gbm,2.0,43,67,0.12131887508422895,0.5741223235018287
v8,feat_gbm,2.0,43,68,1.0220484950939157,1.3807263582335993
v8,feat_gbm,2.0,43,69,-0.1589616315592974,2.7357387204405055
v8,feat_gbm,2.0,43,70,0.18295391791199114,-0.3782017485149665
v8,feat_gbm,2.0,43,71,-1.0670744522297166,-0.6946521973220513
v8,feat_gbm,2.0,43,72,-2.619082023422472,-3.510295151868067
v8,feat_gbm,2.0,43,73,-0.7625072405675949,-0.3643686170400702
v8,feat_gbm,2.0,43,74,1.3322654578563913,1.1835884152793859
v8,feat_gbm,2.0,43,75,0.04229550053468599,-0.38644824542838596
v8,feat_gbm,2.0,43,76,0.4728057867081169,0.7005004452467647
v8,feat_gbm,2.0,43,77,0.4001487492726464,0.3770911051312199
v8,feat_gbm,2.0,43,78,-0.21098748815791252,-0.5374783823521183
v8,feat_gbm,2.0,43,79,-2.399132657959205,-3.2499450611549854
v8,feat_gbm,2.0,43,80,-2.256833238246626,-1.719925172279684
v8,feat_gbm,2.0,43,81,-0.41241429148564424,1.8185710395242058
v8,feat_gbm,2.0,43,82,-0.6449957837331626,-1.0758778979961314
v8,feat_gbm,2.0,43,83,-0.83706591961689,-0.8033140510569362
v8,feat_gbm,2.0,43,84,-1.8641397769371884,-2.0837035815006346
v8,feat_gbm,2.0,43,85,-2.139673473194723,-1.2430797823904942
v8,feat_gbm,2.0,43,86,0.2825200509865083,0.639317965424242
v8,feat_gbm,2.0,43,87,-0.507803578990035,-0.02321591952008587
v8,feat_gbm,2.0,43,88,-2.3253759223499992,-3.512086916650174
v8,feat_gbm,2.0,43,89,-1.608354565299856,-1.684363733317816
v8,feat_gbm,2.0,43,90,-2.7688718770534697,-3.5341996208099964
v8,feat_gbm,2.0,43,91,0.24612619622469845,1.1574629997660548
v8,feat_gbm,2.0,43,92,-1.2525971311524682,-0.7651863719989663
v8,feat_gbm,2.0,43,93,-2.0797388322689896,-5.7708125015304885
v8,feat_gbm,2.0,43,94,0.09046051436320271,0.07374698385127064
v8,feat_gbm,2.0,43,95,-1.2901730396741213,1.201566413592891
v8,feat_gbm,2.0,43,96,0.8613912865025428,1.2655480006709303
v8,feat_gbm,2.0,43,97,-2.610794816002329,-3.2217777708537843
v8,feat_gbm,2.0,43,98,-1.5863031672111418,-1.2120387208328698
v8,feat_gbm,2.0,43,99,-0.4272429957723591,-0.04015373686183237
v8,feat_gbm,2.0,43,100,-3.5974328059812417,-2.8384481914339785
v8,feat_gbm,2.0,43,101,-3.011583899977053,-3.541068619782685
v8,feat_gbm,2.0,43,102,-3.140706397623805,-4.424727465058162
v8,feat_gbm,2.0,43,103,-0.8898517938279535,-0.7652009130347144
v8,feat_gbm,2.0,43,104,-0.6454627893278678,-0.406664655497914
v8,feat_gbm,2.0,43,105,-2.367623886827668,-2.8019031633754246
v8,feat_gbm,2.0,43,106,-1.4877346277264816,-1.1978192780958505
v8,feat_gbm,2.0,43,107,-1.6972505543784193,-1.2497822804421463
v8,feat_gbm,2.0,43,108,0.09920740420811576,-0.2003702404752673
v8,feat_gbm,2.0,43,109,-1.342711911118705,-0.28745536208379296
v8,feat_gbm,2.0,43,110,0.06476293833383605,0.2838469771831524
v8,feat_gbm,2.0,43,111,-0.5892388689152518,0.6579850926301614
v8,feat_gbm,2.0,43,112,-0.062063650072478424,-0.4279263804064609
v8,feat_gbm,2.0,43,113,-0.003338840348923692,0.527327823801956
v8,feat_gbm,2.0,43,114,-2.433685061367005,-3.652947895428966
v8,feat_gbm,2.0,43,115,-0.3291465571793322,-0.04287987221360797
v8,feat_gbm,2.0,43,116,-2.7098025389976756,-3.4409421360670214
v8,feat_gbm,2.0,43,117,-2.8578945166438303,-2.4284095097884006
v8,feat_gbm,2.0,43,118,-2.612728807294075,-1.419217075367618
v8,feat_gbm,2.0,43,119,-0.6283418556725293,-1.4944271796191557
v8,feat_gbm,2.0,43,120,-3.41534483519259,-2.797137626437216
v8,feat_gbm,2.0,43,121,0.3480715622091343,3.1321125804877905
v8,feat_gbm,2.0,43,122,-1.0713249000018494,-3.164895556438051
v8,feat_gbm,2.0,43,123,-0.0047348908173764975,-0.021234684620174846
v8,feat_gbm,2.0,43,124,-1.4514195113584771,-1.246001114532972
v8,feat_gbm,2.0,43,125,-1.3513328418538497,-2.7130193085566443
v8,feat_gbm,2.0,43,126,-0.6824036370720838,-2.0560780011130944
v8,feat_gbm,2.0,43,127,-2.9547606002686675,-1.631222331554067
v8,feat_gbm,2.0,43,128,-0.8215365893211871,-3.477307725783656
v8,feat_gbm,2.0,43,129,-0.8405032992383191,1.7007542891568868
v8,feat_gbm,2.0,43,130,0.28038528333440016,-3.4021624962570822
v8,feat_gbm,2.0,43,131,-3.1325017685895093,-3.701149444421242
v8,feat_gbm,2.0,43,132,-0.1384177164959919,-0.4116741376471012
v8,feat_gbm,2.0,43,133,-1.1827911490228986,-0.5680375850475197
v8,feat_gbm,2.0,43,134,-2.8241884461083195,-1.4788189923590598
v8,feat_gbm,2.0,43,135,-2.678050296062835,-2.9896549957503007
v8,feat_gbm,2.0,43,136,0.22500218207006736,0.11194117436713467
v8,feat_gbm,2.0,43,137,0.4214032631412708,1.7147062893715772
v8,feat_gbm,2.0,43,138,-2.8058274270846173,-1.9709125209383296
v8,feat_gbm,2.0,43,139,-0.34244773099762216,0.19937477723826902
v8,feat_gbm,2.0,43,140,-2.954491236324262,-2.8223726616431475
v8,feat_gbm,2.0,43,141,-0.1937671396625944,-0.12380828599000025
v8,feat_gbm,2.0,43,142,-1.805481490925343,-2.97521232911642
v8,feat_gbm,2.0,43,143,-1.8657242705346833,-1.9484557479617686
v8,feat_gbm,2.0,43,144,-0.568275382390024,1.244093655886106
v8,feat_gbm,2.0,43,145,-2.231641384053702,-2.0280859266176816
v8,feat_gbm,2.0,43,146,-2.6567361214386924,-2.0754073031653366
v8,feat_gbm,2.0,43,147,-0.38894757319622664,-0.11331641159387335
v8,feat_gbm,2.0,43,148,-2.6237669970353634,-2.620298039600635
v8,feat_gbm,2.0,43,149,-3.243151326978058,-3.8395532227602396
v8,feat_gbm,2.0,43,150,-3.9001901885305466e-05,-2.149698272240366
v8,feat_gbm,2.0,43,151,-3.1031080933791286,-3.1594376779318036
v8,feat_gbm,2.0,43,152,-2.296006597803944,-2.7712141114581046
v8,feat_gbm,2.0,43,153,-0.5800834405314668,-1.1483368403810985
v8,feat_gbm,2.0,43,154,-1.3901334698387207,-1.4700676700115773
v8,feat_gbm,2.0,43,155,-0.2130087014791114,1.4088416749712322
v8,feat_gbm,2.0,43,156,0.36048209392222835,0.7564704220494097
v8,feat_gbm,2.0,43,157,-1.2757974193433115,-1.7148995557963913
v8,feat_gbm,2.0,43,158,-1.1900100753280238,-2.8595355115547196
v8,feat_gbm,2.0,43,159,-1.3966384273902692,-0.9922400520728849
v8,feat_gbm,2.0,43,160,1.2640161761573154,1.8585227307534937
v8,feat_gbm,2.0,43,161,-3.2268571794578005,-2.477654537850602
v8,feat_gbm,2.0,43,162,-3.288925399451979,-2.993764039868935
v8,feat_gbm,2.0,43,163,-1.346011657128302,-1.1722671160336509
v8,feat_gbm,2.0,43,164,-2.934409722192073,-1.6577576086204497
v8,feat_gbm,2.0,43,165,-1.758397895457316,-2.9770186999323642
v8,feat_gbm,2.0,43,166,-2.1000479739199993,-3.2329952824425443
v8,feat_gbm,2.0,43,167,-0.2030250480696899,0.19550508612775644
v8,feat_gbm,2.0,43,168,-1.0290376767747422,-1.2639642813248737
v8,feat_gbm,2.0,43,169,1.0782986725524821,1.4224064134580066
v8,feat_gbm,2.0,43,170,-2.488008319568515,-1.5303724784706008
v8,feat_gbm,2.0,43,171,-0.020647247014079138,0.6086346650572224
v8,feat_gbm,2.0,43,172,-0.30933246781204843,-0.052232489626048526
v8,feat_gbm,2.0,43,173,-2.035966866891765,-0.19074605880313256
v8,feat_gbm,2.0,43,174,-2.3548277919222005,-2.7678232596734214
v8,feat_gbm,2.0,43,175,-2.1458962316906494,-1.6557092188829319
v8,feat_gbm,2.0,43,176,0.6500898779361042,0.12081831439914445
v8,feat_gbm,2.0,43,177,-0.4437350055189682,3.7031714993021168
v8,feat_gbm,2.0,43,178,0.15716666200438562,-0.17761292562564054
v8,feat_gbm,2.0,43,179,-0.012532550665282525,0.2295122735959306
v8,feat_gbm,2.0,43,180,-1.503400319721125,-1.6401012725318311
v8,feat_gbm,2.0,43,181,-2.850871985240799,-3.399461101549646
v8,feat_gbm,2.0,43,182,0.022577545646399085,0.5421608664871393
v8,feat_gbm,2.0,43,183,-2.3511197793088208,-3.7858185839721776
v8,feat_gbm,2.0,43,184,-0.10683558578609434,0.4440956773301304
v8,feat_gbm,2.0,43,185,-0.5376793072919152,0.5450962365111649
v8,feat_gbm,2.0,43,186,-2.594893038424072,-3.094441269353033
v8,feat_gbm,2.0,43,187,0.1571652121451893,1.436275522654785
v8,feat_gbm,2.0,43,188,-0.053456020020212484,-0.003208414280501246
v8,feat_gbm,2.0,43,189,-2.7691115854060278,-2.0766448721687736
v8,feat_gbm,2.0,43,190,-2.282331288539743,-2.887011097372245
v8,feat_gbm,2.0,43,191,-0.22470293325257581,-0.19564387773269687
v8,feat_gbm,2.0,43,192,-2.4556120652517186,-3.39219136175158
v8,feat_gbm,2.0,43,193,-3.945984908802457,-4.804455114758695
v8,feat_gbm,2.0,43,194,-0.9955261259915509,-0.23230879418151415
v8,feat_gbm,2.0,43,195,0.8888639769185027,0.7768952289284052
v8,feat_gbm,2.0,43,196,-3.29486567721902,-3.0758975731441707
v8,feat_gbm,2.0,43,197,1.1561627180255725,1.8852948766094535
v8,feat_gbm,2.0,43,198,0.045945069214265596,-0.07474663349946693
v8,feat_gbm,2.0,43,199,1.4921826633933684,0.9295509098669842
v8,feat_gbm,2.0,43,200,-0.27300771996007156,0.40408761039079466
v8,feat_gbm,2.0,43,201,-2.400188407912784,-1.0185563947000995
v8,feat_gbm,2.0,43,202,-2.0678711024461487,-1.5812541435625456
v8,feat_gbm,2.0,43,203,-1.3042346850022457,-2.9269603411540346
v8,feat_gbm,2.0,43,204,-0.3518224795447612,-0.9368237022381455
v8,feat_gbm,2.0,43,205,-0.7283107419866229,-0.771906247259438
v8,feat_gbm,2.0,43,206,-2.8376409144851062,-1.4457766532498904
v8,feat_gbm,2.0,43,207,-2.264154199571095,-2.4752738768021185
v8,feat_gbm,2.0,43,208,-3.280219600250617,-2.8789590131308262
v8,feat_gbm,2.0,43,209,-3.0695498320377843,-2.6986856152036793
v8,feat_gbm,2.0,43,210,0.6864975958147644,0.05837096406180189
v8,feat_gbm,2.0,43,211,-2.0993769507918594,-2.2327070274631113
v8,feat_gbm,2.0,43,212,-0.5780997010525389,0.15758807445032513
v8,feat_gbm,2.0,43,213,0.7143978893991214,0.5234750924970406
v8,feat_gbm,2.0,43,214,0.4400979101216289,0.8312555987922697
v8,feat_gbm,2.0,43,215,-2.5560113622376863,-0.7699972654610447
v8,feat_gbm,2.0,43,216,-2.3449966182526643,-2.4368834827463726
v8,feat_gbm,2.0,43,217,-3.428430863618361,-3.7421886443248944
v8,feat_gbm,2.0,43,218,-2.704115904826007,-4.3753265313120195
v8,feat_gbm,2.0,43,219,-0.03463277777868707,0.13181597567614448
v8,feat_gbm,2.0,43,220,-2.3595486400917873,-2.150299196146146
v8,feat_gbm,2.0,43,221,-0.4736689181216123,0.4316281043505307
v8,feat_gbm,2.0,43,222,0.14390496121789634,0.20581216265343685
v8,feat_gbm,2.0,43,223,-0.6785925043248099,-1.7226779576420432
v8,feat_gbm,2.0,43,224,0.45770485236256325,1.0701061526100661
v8,feat_gbm,2.0,43,225,-3.2356511738423555,-2.995983076644188
v8,feat_gbm,2.0,43,226,0.09655701124204508,-0.39103048890459524
v8,feat_gbm,2.0,43,227,-2.2618538445846412,-2.811377433191803
v8,feat_gbm,2.0,43,228,-0.08110795961537026,0.1103569248772952
v8,feat_gbm,2.0,43,229,0.23938550163810207,1.0926797996732165
v8,feat_gbm,2.0,43,230,-1.7601669051336957,-1.1465469989616057
v8,feat_gbm,2.0,43,231,-3.5794517103085237,-3.7045714701961474
v8,feat_gbm,2.0,43,232,-0.5874150598240826,-0.3205795311611984
v8,feat_gbm,2.0,43,233,-0.09227140388849198,-0.7282288274356463
v8,feat_gbm,2.0,43,234,0.1280102522233124,-0.6143938277881194
v8,feat_gbm,2.0,43,235,-3.365833392337814,-3.717493513170671
v8,feat_gbm,2.0,43,236,-1.4347762337046686,-1.894186438607053
v8,feat_gbm,2.0,43,237,-0.18033934268246013,0.19101892391720615
v8,feat_gbm,2.0,43,238,-2.6027549999605335,-2.723653519266766
v8,feat_gbm,2.0,43,239,0.3767642848508375,0.28172679866345784
v8,feat_gbm,2.0,43,240,-1.0510417128073057,-0.570916259780521
v8,feat_gbm,2.0,43,241,-1.050806813323676,-3.037607674189957
v8,feat_gbm,2.0,43,242,-3.4088215534802226,-2.4824067099880884
v8,feat_gbm,2.0,43,243,-0.19684877731625106,1.793244191067856
v8,feat_gbm,2.0,43,244,-2.6290810201964123,-2.170563194223024
v8,feat_gbm,2.0,43,245,-3.0096329251614944,-2.5580286375581696
v8,feat_gbm,2.0,43,246,-2.5106571629162318,-3.9013363177662743
v8,feat_gbm,2.0,43,247,-1.1941143423127583,-1.2689211715035387
v8,feat_gbm,2.0,43,248,-2.8862264294482154,-2.89795980370705
v8,feat_gbm,2.0,43,249,-1.7725094085857165,-1.149470325468549
v8,feat_gbm,2.0,43,250,-1.5019018292741457,-2.1803876537888693
v8,feat_gbm,2.0,43,251,-2.26843832604278,-1.2010659028736028
v8,feat_gbm,2.0,43,252,-2.7866852662633006,-2.675840590612525
v8,feat_gbm,2.0,43,253,-1.6719723335006624,-0.865421424414132
v8,feat_gbm,2.0,43,254,-1.3553646861671558,-0.45089388998719687
v8,feat_gbm,2.0,43,255,-2.5801653521746437,-1.477655138121315
v8,feat_gbm,2.0,43,256,-2.6111986566991314,-1.9234128661936198
v8,feat_gbm,2.0,43,257,-2.276073155641776,-0.8895479413744646
v8,feat_gbm,2.0,43,258,-1.2718527038635652,-1.284701881398344
v8,feat_gbm,2.0,43,259,-0.22694946452700615,0.03791276039075724
v8,feat_gbm,2.0,43,260,-1.916490056179677,-1.213907680807544
v8,feat_gbm,2.0,43,261,0.06560992753294355,-0.6937064881158975
v8,feat_gbm,2.0,43,262,0.04951591851857412,-2.500344974429108
v8,feat_gbm,2.0,43,263,-2.7598402807051725,-3.0782877743164985
v8,feat_gbm,2.0,43,264,-2.7013119912507313,-3.2702790535172426
v8,feat_gbm,2.0,43,265,-0.2763926710490322,-0.15746453031192983
v8,feat_gbm,2.0,43,266,-2.139290707418563,-1.3930653126164372
v8,feat_gbm,2.0,43,267,-2.891530031278795,-3.460520174484755
v8,feat_gbm,2.0,43,268,-1.9144460075346592,-1.8115923421665279
v8,feat_gbm,2.0,43,269,-0.11747778543870294,-0.04785951915829837
v8,feat_gbm,2.0,43,270,-0.6628149786497796,-1.3387838926701625
v8,feat_gbm,2.0,43,271,0.6600473410528918,0.6172482925771328
v8,feat_gbm,2.0,43,272,-0.6604293093588076,0.10718580269537517
v8,feat_gbm,2.0,43,273,-1.7661368938121949,-2.4250613993713395
v8,feat_gbm,2.0,43,274,-0.47430373080436317,-0.4656136934058211
v8,feat_gbm,2.0,43,275,-2.5791481461484627,-1.7679071058666047
v8,feat_gbm,2.0,43,276,-0.7645873672164302,-0.15192249005847586
v8,feat_gbm,2.0,43,277,-0.12299155791766955,-0.22686658439221394
v8,feat_gbm,2.0,43,278,-0.5460491302122127,-0.3963273628232521
v8,feat_gbm,2.0,43,279,-2.0750441128316948,-2.1916982233579314
v8,feat_gbm,2.0,43,280,0.6756122882413282,0.5138857123822332
v8,feat_gbm,2.0,43,281,-0.6157331773419861,0.13501120436460418
v8,feat_gbm,2.0,43,282,-0.019992856287434448,-0.35232291748203215
v8,feat_gbm,2.0,43,283,0.2110072776892061,0.33710059568630363
v8,feat_gbm,2.0,43,284,1.2595287091271057,2.2269494594330284
v8,feat_gbm,2.0,43,285,-0.9904032577851448,-0.8523290277873723
v8,feat_gbm,2.0,43,286,-0.0021023718579808795,0.5032694866056324
v8,feat_gbm,2.0,43,287,-2.1867567989534784,-3.0734310124071125
v8,feat_gbm,2.0,43,288,-2.6278034597196536,-3.0969464995649485
v8,feat_gbm,2.0,43,289,0.24427944778915556,0.8088909840914691
v8,feat_gbm,2.0,43,290,-1.7167751976920769,-1.710735902712342
v8,feat_gbm,2.0,43,291,-0.06966151391203135,-0.24588513525180683
v8,feat_gbm,2.0,43,292,-2.8044332853010507,-2.9910915714149957
v8,feat_gbm,2.0,43,293,-0.0011688621229348653,0.24397961438558982
v8,feat_gbm,2.0,43,294,0.08049458720668032,0.9827222917401395
v8,feat_gbm,2.0,43,295,0.5472734669957442,1.5399914318848642
v8,feat_gbm,2.0,43,296,-2.3217955799742236,-3.028104854063688
v8,feat_gbm,2.0,43,297,-0.576126611473963,-1.9675880903276046
v8,feat_gbm,2.0,43,298,0.19182104496739996,0.3882116190950413
v8,feat_gbm,2.0,43,299,-1.7302132526095064,-0.4169590587595381
v8,feat_gbm,2.0,43,300,-1.0728774996633976,-0.47104701624968015
v8,feat_gbm,2.0,43,301,-1.2018444164850859,-0.5788171023402015
v8,feat_gbm,2.0,43,302,-2.3335383352207666,-3.325334912618423
v8,feat_gbm,2.0,43,303,-0.9089176906014083,0.27214776974989446
v8,feat_gbm,2.0,43,304,0.15513110145030876,0.2838761456734127
v8,feat_gbm,2.0,43,305,0.6115032023586524,0.98356576927226
v8,feat_gbm,2.0,43,306,-2.558790721644644,-2.324804251846344
v8,feat_gbm,2.0,43,307,0.10151416551682717,-0.30060412365222405
v8,feat_gbm,2.0,43,308,-3.0285133596454914,-3.5706943269006843
v8,feat_gbm,2.0,43,309,-0.43300874310665227,0.7657986236992217
v8,feat_gbm,2.0,43,310,-0.28015084417816755,-0.3760212383278314
v8,feat_gbm,2.0,43,311,1.0285113009623088,0.903367601886353
v8,feat_gbm,2.0,43,312,0.07711693976379073,0.2834145554969618
v8,feat_gbm,2.0,43,313,0.041998722765494226,-0.8750381269167363
v8,feat_gbm,2.0,43,314,-0.5615970513067181,-0.8911054934067958
v8,feat_gbm,2.0,43,315,0.1346639995073053,0.2699623908229132
v8,feat_gbm,2.0,43,316,-2.8434496357135757,-4.034449774534175
v8,feat_gbm,2.0,43,317,0.02273825492332765,0.7302045063515665
v8,feat_gbm,2.0,43,318,-2.172905679988672,-2.5264159394565007
v8,feat_gbm,2.0,43,319,-3.2110546388050833,-3.1280680478747835
v8,feat_gbm,2.0,43,320,0.06775318585181414,-0.623194388118803
v8,feat_gbm,2.0,43,321,-3.8867388863212957,-4.172922463867305
v8,feat_gbm,2.0,43,322,1.2645009145190051,1.0714029341973417
v8,feat_gbm,2.0,43,323,-2.907472593345914,-2.5538050374755565
v8,feat_gbm,2.0,43,324,-1.7232813637212985,-1.5310020975326282
v8,feat_gbm,2.0,43,325,-0.16659761094255102,-0.735749980772127
v8,feat_gbm,2.0,43,326,-0.50055532580529,-0.5010306012352705
v8,feat_gbm,2.0,43,327,-4.0168756608147715,-4.393123087746285
v8,feat_gbm,2.0,43,328,-0.7004215342540296,0.6439364857563509
v8,feat_gbm,2.0,43,329,-2.423581332853442,-2.60760252445046
v8,feat_gbm,2.0,43,330,0.5851543109466466,0.46983427811083467
v8,feat_gbm,2.0,43,331,-1.9149309758180741,-1.149354435920189
v8,feat_gbm,2.0,43,332,-2.136157448650199,-1.0961264399974935
v8,feat_gbm,2.0,43,333,0.2572488106409551,1.4253561556633074
v8,feat_gbm,2.0,43,334,0.8866032829154755,1.0406546288822482
v8,feat_gbm,2.0,43,335,0.3840948311997741,-0.1286217558512718
v8,feat_gbm,2.0,43,336,-1.918334196207051,-1.7275974260064488
v8,feat_gbm,2.0,43,337,-3.659709542555567,-4.535227665039715
v8,feat_gbm,2.0,43,338,-0.23911690760815976,-1.078833843619319
v8,feat_gbm,2.0,43,339,-3.1686585801049003,-2.035297396751524
v8,feat_gbm,2.0,43,340,0.08473645113295396,0.4788286932125707
v8,feat_gbm,2.0,43,341,-1.6595463533126922,-0.4595082096564039
v8,feat_gbm,2.0,43,342,-3.180198993450967,-3.653430804591794
v8,feat_gbm,2.0,43,343,0.19776293774271933,0.2834522663037432
v8,feat_gbm,2.0,43,344,-0.12933943429823508,-0.15984972455285287
v8,feat_gbm,2.0,43,345,-1.8139779309594553,-3.8822970119574354
v8,feat_gbm,2.0,43,346,-2.0547457295469806,-2.5801989990218064
v8,feat_gbm,2.0,43,347,-2.8909319288846835,-3.2622630695286134
v8,feat_gbm,2.0,43,348,-0.6608907864350447,-0.4894561152880944
v8,feat_gbm,2.0,43,349,-1.5543567726713006,-3.0223552414624764
v8,feat_gbm,2.0,43,350,0.8176022693505474,0.4215072765335228
v8,feat_gbm,2.0,43,351,-1.4681717207449831,-1.8152752103400673
v8,feat_gbm,2.0,43,352,0.5676100774929226,1.102263670511441
v8,feat_gbm,2.0,43,353,0.736235173682066,1.4454852001466738
v8,feat_gbm,2.0,43,354,-3.0195240989310115,-3.6770060333191017
v8,feat_gbm,2.0,43,355,-3.5893947257605427,-5.078652858832153
v8,feat_gbm,2.0,43,356,0.08867129873767449,0.7815322159665122
v8,feat_gbm,2.0,43,357,-0.14282721908447613,0.6775133790495483
v8,feat_gbm,2.0,43,358,-3.110203470381267,-3.5163570325540956
v8,feat_gbm,2.0,43,359,-1.6052100079666627,-4.157760523739404
v8,feat_gbm,2.0,43,360,-1.1511090556934276,-0.18386357284099003
v8,feat_gbm,2.0,43,361,-3.0268745462657987,-4.477383009144865
v8,feat_gbm,2.0,43,362,-0.6304214950845098,0.2909126951240761
v8,feat_gbm,2.0,43,363,-3.4377575092688115,-3.5121531596302606
v8,feat_gbm,2.0,43,364,-0.3773003682244417,-0.0019354464452207268
v8,feat_gbm,2.0,43,365,-3.2283443699298493,-3.264666087597375
v8,feat_gbm,2.0,43,366,-1.8947011384153019,-1.4961090632143375
v8,feat_gbm,2.0,43,367,0.1252188355317885,-0.10305907560987346
v8,feat_gbm,2.0,43,368,-0.2692569064902566,0.24601275195113992
v8,feat_gbm,2.0,43,369,-1.1978730625643568,-1.6400355118163064
v8,feat_gbm,2.0,43,370,-3.0355479572888613,-1.5399226532969161
v8,feat_gbm,2.0,43,371,-0.9193236062865662,-0.3336387161155974
v8,feat_gbm,2.0,43,372,-0.5166305590492875,0.3185760540422761
v8,feat_gbm,2.0,43,373,-0.5275085201075959,-0.30756424411789
v8,feat_gbm,2.0,43,374,-3.361265685247431,-3.551435429619069
v8,feat_gbm,2.0,43,375,0.2560622563970215,-0.12846918127015178
v8,feat_gbm,2.0,43,376,0.48414057211050543,0.43413099611324796
v8,feat_gbm,2.0,43,377,0.17517537929980131,0.8095384731463161
v8,feat_gbm,2.0,43,378,0.42055061154895695,0.20303525329731625
v8,feat_gbm,2.0,43,379,0.1979998531705752,0.524784145223057
v8,feat_gbm,2.0,43,380,-0.14382354867708524,0.8722609808312535
v8,feat_gbm,2.0,43,381,-0.8301964969590976,1.0190202163897197
v8,feat_gbm,2.0,43,382,0.14583237334591714,1.2715191268303472
v8,feat_gbm,2.0,43,383,-0.694712645044264,-0.13923746667536385
v8,feat_gbm,2.0,43,384,-1.6532784462905865,-1.7983983483294153
v8,feat_gbm,2.0,43,385,-0.48553366577804025,0.5606037150840157
v8,feat_gbm,2.0,43,386,0.9389945953826229,0.6003456151224621
v8,feat_gbm,2.0,43,387,0.5985699254235289,1.3071718981356573
v8,feat_gbm,2.0,43,388,0.14116699737294214,-0.19457283568776126
v8,feat_gbm,2.0,43,389,-1.8759815024809723,-0.981880356960367
v8,feat_gbm,2.0,43,390,-1.8798274740268492,-2.628024059072158
v8,feat_gbm,2.0,43,391,-2.261645862661646,-2.479262758098376
v8,feat_gbm,2.0,43,392,-2.1670606616155728,-2.207941629114672
v8,feat_gbm,2.0,43,393,-2.037819642222257,-2.806586620215901
v8,feat_gbm,2.0,43,394,-0.5846380286412468,-0.16842623590390868
v8,feat_gbm,2.0,43,395,0.40386984822733885,0.3596423409999632
v8,feat_gbm,2.0,43,396,-2.6773208898433123,-3.117667066362407
v8,feat_gbm,2.0,43,397,0.6090623303018218,0.6134086288650079
v8,feat_gbm,2.0,43,398,0.5737515017846696,0.5049020087080688
v8,feat_gbm,2.0,43,399,-1.8888041255806605,-1.0548605918119196
v8,feat_gbm,2.0,43,400,-3.5245571280980608,-2.877676775828332
v8,feat_gbm,2.0,43,401,-0.2239545909850361,0.015654415635624343
v8,feat_gbm,2.0,43,402,-0.1634623906596657,-0.7027824676465185
v8,feat_gbm,2.0,43,403,0.390373827151559,0.6733427913489138
v8,feat_gbm,2.0,43,404,-0.3126733871593742,0.03259550049258387
v8,feat_gbm,2.0,43,405,-2.6620403048455765,-3.4179416205706223
v8,feat_gbm,2.0,43,406,-2.65061108508886,-1.6563158072976616
v8,feat_gbm,2.0,43,407,-0.6587541790596193,0.3281041495218151
v8,feat_gbm,2.0,43,408,-0.6776418688393587,-1.498502430121411
v8,feat_gbm,2.0,43,409,-0.7956860552613807,-1.5390850133499359
v8,feat_gbm,2.0,43,410,-0.7280425477347894,-3.8769914364338094
v8,feat_gbm,2.0,43,411,-1.1085502709712234,-1.1093409530974205
v8,feat_gbm,2.0,43,412,-2.5095832172025694,-2.1356441225652167
v8,feat_gbm,2.0,43,413,0.07835381978069188,0.5613925387002681
v8,feat_gbm,2.0,43,414,-2.8151784051939024,-2.672303525149137
v8,feat_gbm,2.0,43,415,0.37137028973666664,0.9887747910888531
v8,feat_gbm,2.0,43,416,-3.382790387072414,-2.064740642123073
v8,feat_gbm,2.0,43,417,-0.21126604607240648,-0.13534283366780814
v8,feat_gbm,2.0,43,418,0.09678478233127936,0.5266566940316069
v8,feat_gbm,2.0,43,419,-2.2396546723201967,-0.7929716308762645
v8,feat_gbm,2.0,43,420,-0.26593661190316326,0.22081989653443584
v8,feat_gbm,2.0,43,421,-3.4427530900372623,-3.4911396429773087
v8,feat_gbm,2.0,43,422,-0.5529479566304885,0.4691563032653497
v8,feat_gbm,2.0,43,423,0.18093413849989495,-0.21242164749251408
v8,feat_gbm,2.0,43,424,-2.4489972249871776,-2.0235730224261497
v8,feat_gbm,2.0,43,425,-0.1570308017575548,0.1881042769243711
v8,feat_gbm,2.0,43,426,-0.94061117140314,-0.7546830882020855
v8,feat_gbm,2.0,43,427,-1.5314230357962966,-2.004418163271322
v8,feat_gbm,2.0,43,428,-0.715325340082054,0.08108350485015015
v8,feat_gbm,2.0,43,429,-2.3900419730966407,-0.8958783842144782
v8,feat_gbm,2.0,43,430,-1.4331152036086063,-0.700178367515834
v8,feat_gbm,2.0,43,431,-2.028316866711747,-2.026447754843476
v8,feat_gbm,2.0,43,432,-3.3305751918207775,-3.3644112924118934
v8,feat_gbm,2.0,43,433,-2.5099185973160467,-2.4777804975332844
v8,feat_gbm,2.0,43,434,-3.068980907021302,-3.6407879329147783
v8,feat_gbm,2.0,43,435,0.0034002385520749013,0.8140524350977956
v8,feat_gbm,2.0,43,436,-0.39314204742175596,-0.6342245759550225
v8,feat_gbm,2.0,43,437,-1.3120535412310952,-1.0170271575608654
v8,feat_gbm,2.0,43,438,-1.433942858855014,1.2058566336630974
v8,feat_gbm,2.0,43,439,0.6117137805550101,1.04159183954478
v8,feat_gbm,2.0,43,440,-0.43635489442925923,-0.383754051292973
v8,feat_gbm,2.0,43,441,0.727950233999587,0.9717849563735496
v8,feat_gbm,2.0,43,442,0.7101047206876795,0.915394257773604
v8,feat_gbm,2.0,43,443,-0.38104022467881254,0.17619398118278368
v8,feat_gbm,2.0,43,444,-2.898508107930394,-2.3026142847949007
v8,feat_gbm,2.0,43,445,0.020970096945810198,-2.156995715227189
v8,feat_gbm,2.0,43,446,-1.8753140721214379,-1.9647154613855007
v8,feat_gbm,2.0,43,447,-1.663733732185652,-1.2167428909736953
v8,feat_gbm,2.0,43,448,-0.2582637691034604,0.371748058948411
v8,feat_gbm,2.0,43,449,-2.3106080255557173,-3.354914600670279
v8,feat_gbm,2.0,43,450,-1.0555809101612086,-2.0984010901330774
v8,feat_gbm,2.0,43,451,-0.6998257799673936,-1.8411195968283314
v8,feat_gbm,2.0,43,452,-0.10746634891699687,-0.2866386615093297
v8,feat_gbm,2.0,43,453,-2.6032543090584928,-2.1769502099219324
v8,feat_gbm,2.0,43,454,-0.8034804383276271,0.851829112076475
v8,feat_gbm,2.0,43,455,0.49571701623439196,-0.5174982843777256
v8,feat_gbm,2.0,43,456,-3.4422982120162464,-3.7883351795095335
v8,feat_gbm,2.0,43,457,-2.6841813050258665,-1.3225504843777425
v8,feat_gbm,2.0,43,458,-0.5616500620408997,-0.6304710111145473
v8,feat_gbm,2.0,43,459,-0.5160237164036231,-2.867776928577639
v8,feat_gbm,2.0,43,460,-0.574840582297198,-0.20106453453544149
v8,feat_gbm,2.0,43,461,0.17538217902144784,0.565413433251147
v8,feat_gbm,2.0,43,462,-0.6309004247005916,0.6531860801292728
v8,feat_gbm,2.0,43,463,-2.5859182324427152,-3.295531334571209
v8,feat_gbm,2.0,43,464,-1.0488855724951067,-1.118951529136503
v8,feat_gbm,2.0,43,465,-0.020405317380723865,0.08535922256033004
v8,feat_gbm,2.0,43,466,-0.39634907412845544,0.2656879386171551
v8,feat_gbm,2.0,43,467,-1.068985711611997,-1.0764680911985907
v8,feat_gbm,2.0,43,468,1.5138247817044543,2.2503813782282114
v8,feat_gbm,2.0,43,469,-0.0030185581770813255,-0.029700274932011248
v8,feat_gbm,2.0,43,470,-3.239807714978992,-2.1918010579584375
v8,feat_gbm,2.0,43,471,-0.699759560642352,-0.12537364897776127
v8,feat_gbm,2.0,43,472,-1.0780855405181793,-1.3714574409892777
v8,feat_gbm,2.0,43,473,-0.9826891836947574,-1.0216450817816245
v8,feat_gbm,2.0,43,474,-0.7122399243257879,-0.8313233833759152
v8,feat_gbm,2.0,43,475,-1.600875869530159,-3.25243582884057
v8,feat_gbm,2.0,43,476,0.1090347122615959,0.8737365575305754
v8,feat_gbm,2.0,43,477,-2.9543687832154784,-1.8373017486027088
v8,feat_gbm,2.0,43,478,-2.0853393881915467,-1.909749317133085
v8,feat_gbm,2.0,43,479,0.05393284795980509,0.418341725137149
v8,feat_gbm,2.0,43,480,-3.13825122447427,-2.8689304810445995
v8,feat_gbm,2.0,43,481,-3.449513026956303,-3.9192950012633494
v8,feat_gbm,2.0,43,482,0.6542031959746711,0.8191907452202399
v8,feat_gbm,2.0,43,483,-2.4892877396237276,-2.7371748494528005
v8,feat_gbm,2.0,43,484,0.389281046617151,0.043868991079412875
v8,feat_gbm,2.0,43,485,-2.071179375014837,-3.9571024828402512
v8,feat_gbm,2.0,43,486,-1.6641291229583686,-0.8286091055291892
v8,feat_gbm,2.0,43,487,0.6327673589695327,1.1086460137612473
v8,feat_gbm,2.0,43,488,-0.8492898233092018,-1.0899995989348372
v8,feat_gbm,2.0,43,489,-1.916454621762406,-2.9260181182274523
v8,feat_gbm,2.0,43,490,-0.23378467384142274,0.01778898425240747
v8,feat_gbm,2.0,43,491,0.3270527959194666,-0.388546054063584
v8,feat_gbm,2.0,43,492,-1.8020417668018238,-0.8483910406321095
v8,feat_gbm,2.0,43,493,-2.368414584257416,-2.4855190663855797
v8,feat_gbm,2.0,43,494,-0.14850481075127622,-0.6027729178489412
v8,feat_gbm,2.0,43,495,-3.87677897041816,-1.5285925057254015
v8,feat_gbm,2.0,43,496,0.2718157901670184,1.0092174422839322
v8,feat_gbm,2.0,43,497,-2.549319701627924,-2.421052301727873
v8,feat_gbm,2.0,43,498,-3.3859788285980175,-3.2283141264699093
v8,feat_gbm,2.0,43,499,-3.9702077946136933,-4.907212199848568
v8,feat_gbm,2.0,44,0,-0.9395474872637815,0.03894909458183669
v8,feat_gbm,2.0,44,1,-2.013053147965955,-2.5052564746229193
v8,feat_gbm,2.0,44,2,0.04683834985237365,0.6287827851917782
v8,feat_gbm,2.0,44,3,-2.8823294116143816,-3.3447289283878643
v8,feat_gbm,2.0,44,4,1.2029813288064037,0.9694015026406426
v8,feat_gbm,2.0,44,5,-1.157202905713455,-2.4693709778233526
v8,feat_gbm,2.0,44,6,-0.02155718243813333,-0.2819211013310965
v8,feat_gbm,2.0,44,7,-0.10974942079147462,0.5289578846490461
v8,feat_gbm,2.0,44,8,0.2653717885711029,0.032863622186365654
v8,feat_gbm,2.0,44,9,0.49003544125748766,0.9352707853930591
v8,feat_gbm,2.0,44,10,-1.571842988384488,-1.5987558134683666
v8,feat_gbm,2.0,44,11,-2.47685909654462,-3.2678706438993954
v8,feat_gbm,2.0,44,12,-2.7964868907809857,-2.445380546146449
v8,feat_gbm,2.0,44,13,-0.7575518730625695,-0.4471217519653716
v8,feat_gbm,2.0,44,14,-1.3246187293399836,-1.8343062920535937
v8,feat_gbm,2.0,44,15,-1.7310090936091762,-2.278287047942225
v8,feat_gbm,2.0,44,16,-1.4347857227478213,-1.113015507562239
v8,feat_gbm,2.0,44,17,-1.1283783358482653,-1.149386040828735
v8,feat_gbm,2.0,44,18,-1.1009283741593832,-0.4541092694382234
v8,feat_gbm,2.0,44,19,-2.6709161549397153,-2.8798658660471284
v8,feat_gbm,2.0,44,20,-3.202539522808482,-3.281006200299989
v8,feat_gbm,2.0,44,21,-1.5094372151680893,-0.7889402030111288
v8,feat_gbm,2.0,44,22,-0.8979776571972343,-0.48114593055133975
v8,feat_gbm,2.0,44,23,-3.2742043016190716,-2.8038114998165153
v8,feat_gbm,2.0,44,24,-3.788431151865073,-2.6726430450531393
v8,feat_gbm,2.0,44,25,-3.3156866296561134,-3.141178249464176
v8,feat_gbm,2.0,44,26,-3.0923039831223043,-3.8612362310489847
v8,feat_gbm,2.0,44,27,-3.10215173332661,-3.085821277369337
v8,feat_gbm,2.0,44,28,-3.1504531913202602,-2.1153791712035637
v8,feat_gbm,2.0,44,29,-0.5575812675532941,-0.5854112868629942
v8,feat_gbm,2.0,44,30,-0.12977930284815567,0.13849791927417068
v8,feat_gbm,2.0,44,31,-2.8162452759116996,-2.779654184179668
v8,feat_gbm,2.0,44,32,0.47641302251593043,0.9166392391011026
v8,feat_gbm,2.0,44,33,-2.6643285363318876,-2.134444297962007
v8,feat_gbm,2.0,44,34,0.3564722810430111,1.1224191581864646
v8,feat_gbm,2.0,44,35,-3.188553660355098,-2.7514680837461087
v8,feat_gbm,2.0,44,36,0.2743352006777377,0.7493710802437775
v8,feat_gbm,2.0,44,37,-1.881555380702684,-2.157600461660938
v8,feat_gbm,2.0,44,38,-1.5130677014852703,-1.7436371170468024
v8,feat_gbm,2.0,44,39,0.21883002638154497,0.632388610685479
v8,feat_gbm,2.0,44,40,-2.2022432740859648,-1.5024753827969588
v8,feat_gbm,2.0,44,41,-2.270170431315151,-2.936018587066778
v8,feat_gbm,2.0,44,42,-1.1477310239261165,-0.06406961406287034
v8,feat_gbm,2.0,44,43,-0.4694257593702911,-0.43711075337934485
v8,feat_gbm,2.0,44,44,-0.9854979694350338,0.521724778538647
v8,feat_gbm,2.0,44,45,0.15539001571974695,-0.02881562555915001
v8,feat_gbm,2.0,44,46,-2.4531965756395446,-2.6856700943784895
v8,feat_gbm,2.0,44,47,-2.9419938143590825,-3.3419513202228783
v8,feat_gbm,2.0,44,48,-0.2550243213012438,-0.35240032436669677
v8,feat_gbm,2.0,44,49,-3.436212128168027,-4.466027560457086
v8,feat_gbm,2.0,44,50,-1.8421083665046463,-1.2227887404747313
v8,feat_gbm,2.0,44,51,-3.4367154317772295,-4.168130875201601
v8,feat_gbm,2.0,44,52,-1.3520698125029764,-2.1825653069440887
v8,feat_gbm,2.0,44,53,-3.140981610427003,-2.816977102698189
v8,feat_gbm,2.0,44,54,-0.11678217624884735,-0.9520374156321785
v8,feat_gbm,2.0,44,55,0.7115782900323754,0.800460094219776
v8,feat_gbm,2.0,44,56,0.31439963128146853,0.2782562560211116
v8,feat_gbm,2.0,44,57,-0.39404859974902284,-0.7855200046266205
v8,feat_gbm,2.0,44,58,-3.4776268948681115,-2.837973637743256
v8,feat_gbm,2.0,44,59,-1.0423010055623974,0.3653424354755994
v8,feat_gbm,2.0,44,60,-1.493559333078135,-3.145987746693799
v8,feat_gbm,2.0,44,61,-2.908341388760364,-2.1381844357326614
v8,feat_gbm,2.0,44,62,-0.29613066914843983,0.3908315550690521
v8,feat_gbm,2.0,44,63,-3.031638248187067,-3.259739876316779
v8,feat_gbm,2.0,44,64,-2.274618915631054,-3.799325775609258
v8,feat_gbm,2.0,44,65,0.5017370317297343,0.2842997557356093
v8,feat_gbm,2.0,44,66,0.42700812198157784,0.9099380077885143
v8,feat_gbm,2.0,44,67,-0.14825239042180435,0.5741223235018287
v8,feat_gbm,2.0,44,68,1.061982016149145,1.3807263582335993
v8,feat_gbm,2.0,44,69,-0.131957486766259,2.7357387204405055
v8,feat_gbm,2.0,44,70,0.20184594985411458,-0.3782017485149665
v8,feat_gbm,2.0,44,71,-1.2426868125556716,-0.6946521973220513
v8,feat_gbm,2.0,44,72,-2.3678625556518664,-3.510295151868067
v8,feat_gbm,2.0,44,73,-0.6819878995986687,-0.3643686170400702
v8,feat_gbm,2.0,44,74,1.3582771283586437,1.1835884152793859
v8,feat_gbm,2.0,44,75,0.16393486774320135,-0.38644824542838596
v8,feat_gbm,2.0,44,76,0.6170772819494562,0.7005004452467647
v8,feat_gbm,2.0,44,77,0.2657190454872446,0.3770911051312199
v8,feat_gbm,2.0,44,78,0.00917104111907056,-0.5374783823521183
v8,feat_gbm,2.0,44,79,-2.330340053274227,-3.2499450611549854
v8,feat_gbm,2.0,44,80,-2.06341078981449,-1.719925172279684
v8,feat_gbm,2.0,44,81,-0.3720721607180113,1.8185710395242058
v8,feat_gbm,2.0,44,82,-0.5181720302938352,-1.0758778979961314
v8,feat_gbm,2.0,44,83,-0.9627602612449437,-0.8033140510569362
v8,feat_gbm,2.0,44,84,-1.9803596954698715,-2.0837035815006346
v8,feat_gbm,2.0,44,85,-1.8331620429553752,-1.2430797823904942
v8,feat_gbm,2.0,44,86,0.21839427567812905,0.639317965424242
v8,feat_gbm,2.0,44,87,-0.5067099868775844,-0.02321591952008587
v8,feat_gbm,2.0,44,88,-2.1921701833184373,-3.512086916650174
v8,feat_gbm,2.0,44,89,-1.583849885185459,-1.684363733317816
v8,feat_gbm,2.0,44,90,-2.790148779309647,-3.5341996208099964
v8,feat_gbm,2.0,44,91,0.4233048771258641,1.1574629997660548
v8,feat_gbm,2.0,44,92,-1.4647546302276009,-0.7651863719989663
v8,feat_gbm,2.0,44,93,-2.608744282894923,-5.7708125015304885
v8,feat_gbm,2.0,44,94,0.054202550750850904,0.07374698385127064
v8,feat_gbm,2.0,44,95,-1.0484663824922715,1.201566413592891
v8,feat_gbm,2.0,44,96,1.036923105603989,1.2655480006709303
v8,feat_gbm,2.0,44,97,-2.4813243249215406,-3.2217777708537843
v8,feat_gbm,2.0,44,98,-1.4133920179202881,-1.2120387208328698
v8,feat_gbm,2.0,44,99,-0.1711692657682733,-0.04015373686183237
v8,feat_gbm,2.0,44,100,-3.7203195218159926,-2.8384481914339785
v8,feat_gbm,2.0,44,101,-2.9250650740321764,-3.541068619782685
v8,feat_gbm,2.0,44,102,-3.249674690744275,-4.424727465058162
v8,feat_gbm,2.0,44,103,-0.892929211248996,-0.7652009130347144
v8,feat_gbm,2.0,44,104,-0.7103214213119103,-0.406664655497914
v8,feat_gbm,2.0,44,105,-2.3592683697738455,-2.8019031633754246
v8,feat_gbm,2.0,44,106,-1.5462616886676583,-1.1978192780958505
v8,feat_gbm,2.0,44,107,-1.8599912223635784,-1.2497822804421463
v8,feat_gbm,2.0,44,108,-0.051821417418236246,-0.2003702404752673
v8,feat_gbm,2.0,44,109,-0.9603884032550186,-0.28745536208379296
v8,feat_gbm,2.0,44,110,-0.17700410701892128,0.2838469771831524
v8,feat_gbm,2.0,44,111,-0.6846242492385628,0.6579850926301614
v8,feat_gbm,2.0,44,112,0.13011465910427275,-0.4279263804064609
v8,feat_gbm,2.0,44,113,-0.032702433953517296,0.527327823801956
v8,feat_gbm,2.0,44,114,-2.4481837741627133,-3.652947895428966
v8,feat_gbm,2.0,44,115,-0.16249468578973517,-0.04287987221360797
v8,feat_gbm,2.0,44,116,-2.8326901106929023,-3.4409421360670214
v8,feat_gbm,2.0,44,117,-2.7051575590722585,-2.4284095097884006
v8,feat_gbm,2.0,44,118,-2.5776467340857807,-1.419217075367618
v8,feat_gbm,2.0,44,119,-0.3765802416421331,-1.4944271796191557
v8,feat_gbm,2.0,44,120,-3.623666618876253,-2.797137626437216
v8,feat_gbm,2.0,44,121,-0.09032368691035635,3.1321125804877905
v8,feat_gbm,2.0,44,122,-0.8351794767848302,-3.164895556438051
v8,feat_gbm,2.0,44,123,0.3058603218596085,-0.021234684620174846
v8,feat_gbm,2.0,44,124,-1.1071434638610265,-1.246001114532972
v8,feat_gbm,2.0,44,125,-1.0737197972900672,-2.7130193085566443
v8,feat_gbm,2.0,44,126,-0.7202762875962675,-2.0560780011130944
v8,feat_gbm,2.0,44,127,-2.484103482714357,-1.631222331554067
v8,feat_gbm,2.0,44,128,-0.8874963916094085,-3.477307725783656
v8,feat_gbm,2.0,44,129,-0.009030936557711366,1.7007542891568868
v8,feat_gbm,2.0,44,130,0.12687881903701728,-3.4021624962570822
v8,feat_gbm,2.0,44,131,-3.0940678279478706,-3.701149444421242
v8,feat_gbm,2.0,44,132,-0.03736053271397987,-0.4116741376471012
v8,feat_gbm,2.0,44,133,-1.1019376840477688,-0.5680375850475197
v8,feat_gbm,2.0,44,134,-2.916618284726806,-1.4788189923590598
v8,feat_gbm,2.0,44,135,-2.545586443469478,-2.9896549957503007
v8,feat_gbm,2.0,44,136,0.16137985519199485,0.11194117436713467
v8,feat_gbm,2.0,44,137,0.4366409182177138,1.7147062893715772
v8,feat_gbm,2.0,44,138,-2.0349658079466826,-1.9709125209383296
v8,feat_gbm,2.0,44,139,-0.2414925244601256,0.19937477723826902
v8,feat_gbm,2.0,44,140,-2.866424070653662,-2.8223726616431475
v8,feat_gbm,2.0,44,141,-0.27242765505304495,-0.12380828599000025
v8,feat_gbm,2.0,44,142,-1.7754324651250228,-2.97521232911642
v8,feat_gbm,2.0,44,143,-2.0863805643099322,-1.9484557479617686
v8,feat_gbm,2.0,44,144,-0.46535635512960083,1.244093655886106
v8,feat_gbm,2.0,44,145,-2.1705671965288844,-2.0280859266176816
v8,feat_gbm,2.0,44,146,-2.6007873506867565,-2.0754073031653366
v8,feat_gbm,2.0,44,147,-0.12576854337130025,-0.11331641159387335
v8,feat_gbm,2.0,44,148,-2.464785927229079,-2.620298039600635
v8,feat_gbm,2.0,44,149,-3.2762263016564686,-3.8395532227602396
v8,feat_gbm,2.0,44,150,0.0525383833328579,-2.149698272240366
v8,feat_gbm,2.0,44,151,-3.065419773148268,-3.1594376779318036
v8,feat_gbm,2.0,44,152,-2.408489829762175,-2.7712141114581046
v8,feat_gbm,2.0,44,153,-0.505382461736399,-1.1483368403810985
v8,feat_gbm,2.0,44,154,-1.1462167234358074,-1.4700676700115773
v8,feat_gbm,2.0,44,155,-0.42529599644839966,1.4088416749712322
v8,feat_gbm,2.0,44,156,0.18176846875202554,0.7564704220494097
v8,feat_gbm,2.0,44,157,-1.1138862166789172,-1.7148995557963913
v8,feat_gbm,2.0,44,158,-0.8564583724952936,-2.8595355115547196
v8,feat_gbm,2.0,44,159,-1.2618886346119078,-0.9922400520728849
v8,feat_gbm,2.0,44,160,1.109167697841901,1.8585227307534937
v8,feat_gbm,2.0,44,161,-3.141660326179507,-2.477654537850602
v8,feat_gbm,2.0,44,162,-3.1630602503577476,-2.993764039868935
v8,feat_gbm,2.0,44,163,-1.1663433893854747,-1.1722671160336509
v8,feat_gbm,2.0,44,164,-2.7235517510857075,-1.6577576086204497
v8,feat_gbm,2.0,44,165,-1.7925277137197702,-2.9770186999323642
v8,feat_gbm,2.0,44,166,-2.129363713427914,-3.2329952824425443
v8,feat_gbm,2.0,44,167,-0.22435889038580173,0.19550508612775644
v8,feat_gbm,2.0,44,168,-1.0317552672938943,-1.2639642813248737
v8,feat_gbm,2.0,44,169,1.1939203719616744,1.4224064134580066
v8,feat_gbm,2.0,44,170,-2.430684834798876,-1.5303724784706008
v8,feat_gbm,2.0,44,171,0.3557897072492917,0.6086346650572224
v8,feat_gbm,2.0,44,172,0.23889284877540348,-0.052232489626048526
v8,feat_gbm,2.0,44,173,-1.968570869996154,-0.19074605880313256
v8,feat_gbm,2.0,44,174,-2.349819199429069,-2.7678232596734214
v8,feat_gbm,2.0,44,175,-2.2326014685115316,-1.6557092188829319
v8,feat_gbm,2.0,44,176,0.6563769440694341,0.12081831439914445
v8,feat_gbm,2.0,44,177,-0.03887129259963173,3.7031714993021168
v8,feat_gbm,2.0,44,178,-0.28745297678916726,-0.17761292562564054
v8,feat_gbm,2.0,44,179,0.26041298507101274,0.2295122735959306
v8,feat_gbm,2.0,44,180,-1.503538363234758,-1.6401012725318311
v8,feat_gbm,2.0,44,181,-2.759851587477266,-3.399461101549646
v8,feat_gbm,2.0,44,182,0.17406154598588977,0.5421608664871393
v8,feat_gbm,2.0,44,183,-2.5848505626815443,-3.7858185839721776
v8,feat_gbm,2.0,44,184,-0.06115840363192044,0.4440956773301304
v8,feat_gbm,2.0,44,185,-0.5609260543998765,0.5450962365111649
v8,feat_gbm,2.0,44,186,-2.6763336814267458,-3.094441269353033
v8,feat_gbm,2.0,44,187,0.21059648240352957,1.436275522654785
v8,feat_gbm,2.0,44,188,-0.18916829534960983,-0.003208414280501246
v8,feat_gbm,2.0,44,189,-2.9280157464142755,-2.0766448721687736
v8,feat_gbm,2.0,44,190,-2.4645323436919404,-2.887011097372245
v8,feat_gbm,2.0,44,191,-0.560516738121707,-0.19564387773269687
v8,feat_gbm,2.0,44,192,-2.164253820743345,-3.39219136175158
v8,feat_gbm,2.0,44,193,-4.092204393446818,-4.804455114758695
v8,feat_gbm,2.0,44,194,-1.0369079507434658,-0.23230879418151415
v8,feat_gbm,2.0,44,195,0.7903067436556542,0.7768952289284052
v8,feat_gbm,2.0,44,196,-3.532927856090406,-3.0758975731441707
v8,feat_gbm,2.0,44,197,1.3699209188089383,1.8852948766094535
v8,feat_gbm,2.0,44,198,0.12075043224405471,-0.07474663349946693
v8,feat_gbm,2.0,44,199,1.5966021127755543,0.9295509098669842
v8,feat_gbm,2.0,44,200,-0.12469379376920081,0.40408761039079466
v8,feat_gbm,2.0,44,201,-2.150866940767854,-1.0185563947000995
v8,feat_gbm,2.0,44,202,-1.8310046315477932,-1.5812541435625456
v8,feat_gbm,2.0,44,203,-1.1627002282618086,-2.9269603411540346
v8,feat_gbm,2.0,44,204,-0.20030364212544113,-0.9368237022381455
v8,feat_gbm,2.0,44,205,-1.0212690694331858,-0.771906247259438
v8,feat_gbm,2.0,44,206,-2.634882791603998,-1.4457766532498904
v8,feat_gbm,2.0,44,207,-2.368002236045599,-2.4752738768021185
v8,feat_gbm,2.0,44,208,-3.1945353149430034,-2.8789590131308262
v8,feat_gbm,2.0,44,209,-3.1712685786969814,-2.6986856152036793
v8,feat_gbm,2.0,44,210,0.12336233569353805,0.05837096406180189
v8,feat_gbm,2.0,44,211,-2.303855407367968,-2.2327070274631113
v8,feat_gbm,2.0,44,212,-0.503770352220042,0.15758807445032513
v8,feat_gbm,2.0,44,213,0.7033562933827457,0.5234750924970406
v8,feat_gbm,2.0,44,214,0.6439100755681568,0.8312555987922697
v8,feat_gbm,2.0,44,215,-2.3872758395694333,-0.7699972654610447
v8,feat_gbm,2.0,44,216,-2.076571043880586,-2.4368834827463726
v8,feat_gbm,2.0,44,217,-3.3544888843160385,-3.7421886443248944
v8,feat_gbm,2.0,44,218,-2.509670224975457,-4.3753265313120195
v8,feat_gbm,2.0,44,219,-0.26348239460936956,0.13181597567614448
v8,feat_gbm,2.0,44,220,-2.256011602754292,-2.150299196146146
v8,feat_gbm,2.0,44,221,-0.3199763885251091,0.4316281043505307
v8,feat_gbm,2.0,44,222,0.048825134791311176,0.20581216265343685
v8,feat_gbm,2.0,44,223,-0.6199129484362756,-1.7226779576420432
v8,feat_gbm,2.0,44,224,0.39539203691058783,1.0701061526100661
v8,feat_gbm,2.0,44,225,-3.0294784640027728,-2.995983076644188
v8,feat_gbm,2.0,44,226,0.044147568889891756,-0.39103048890459524
v8,feat_gbm,2.0,44,227,-2.0227807438436147,-2.811377433191803
v8,feat_gbm,2.0,44,228,-0.1907866607535868,0.1103569248772952
v8,feat_gbm,2.0,44,229,0.25194391892690216,1.0926797996732165
v8,feat_gbm,2.0,44,230,-1.7787614711067328,-1.1465469989616057
v8,feat_gbm,2.0,44,231,-3.594967067939713,-3.7045714701961474
v8,feat_gbm,2.0,44,232,-0.45494077248697135,-0.3205795311611984
v8,feat_gbm,2.0,44,233,0.12095688879472319,-0.7282288274356463
v8,feat_gbm,2.0,44,234,-0.14891766296458533,-0.6143938277881194
v8,feat_gbm,2.0,44,235,-3.512800857629696,-3.717493513170671
v8,feat_gbm,2.0,44,236,-1.5691334612754775,-1.894186438607053
v8,feat_gbm,2.0,44,237,-0.15467001881744669,0.19101892391720615
v8,feat_gbm,2.0,44,238,-2.646158131002536,-2.723653519266766
v8,feat_gbm,2.0,44,239,0.7135289866291885,0.28172679866345784
v8,feat_gbm,2.0,44,240,-0.9594069076341466,-0.570916259780521
v8,feat_gbm,2.0,44,241,-0.7140315506853844,-3.037607674189957
v8,feat_gbm,2.0,44,242,-3.2527931758158535,-2.4824067099880884
v8,feat_gbm,2.0,44,243,0.006480973711332309,1.793244191067856
v8,feat_gbm,2.0,44,244,-2.6394372052458253,-2.170563194223024
v8,feat_gbm,2.0,44,245,-3.039549800710605,-2.5580286375581696
v8,feat_gbm,2.0,44,246,-2.485305352476289,-3.9013363177662743
v8,feat_gbm,2.0,44,247,-1.2812448507518175,-1.2689211715035387
v8,feat_gbm,2.0,44,248,-2.834451924949441,-2.89795980370705
v8,feat_gbm,2.0,44,249,-1.5554339965834152,-1.149470325468549
v8,feat_gbm,2.0,44,250,-1.538330796840701,-2.1803876537888693
v8,feat_gbm,2.0,44,251,-2.236414906215239,-1.2010659028736028
v8,feat_gbm,2.0,44,252,-2.593633107351973,-2.675840590612525
v8,feat_gbm,2.0,44,253,-1.3817911537067433,-0.865421424414132
v8,feat_gbm,2.0,44,254,-1.333410439538165,-0.45089388998719687
v8,feat_gbm,2.0,44,255,-2.4678919968753275,-1.477655138121315
v8,feat_gbm,2.0,44,256,-2.446512348579169,-1.9234128661936198
v8,feat_gbm,2.0,44,257,-2.006084171327089,-0.8895479413744646
v8,feat_gbm,2.0,44,258,-1.266670278370134,-1.284701881398344
v8,feat_gbm,2.0,44,259,-0.29960010343181437,0.03791276039075724
v8,feat_gbm,2.0,44,260,-1.9285445254672038,-1.213907680807544
v8,feat_gbm,2.0,44,261,-0.10443619083452411,-0.6937064881158975
v8,feat_gbm,2.0,44,262,0.2014049316401394,-2.500344974429108
v8,feat_gbm,2.0,44,263,-2.4211593368709585,-3.0782877743164985
v8,feat_gbm,2.0,44,264,-2.9618676806535302,-3.2702790535172426
v8,feat_gbm,2.0,44,265,-0.16121124242926843,-0.15746453031192983
v8,feat_gbm,2.0,44,266,-1.9867684617368742,-1.3930653126164372
v8,feat_gbm,2.0,44,267,-2.9800751090894773,-3.460520174484755
v8,feat_gbm,2.0,44,268,-1.9935976767955605,-1.8115923421665279
v8,feat_gbm,2.0,44,269,0.10566926140003538,-0.04785951915829837
v8,feat_gbm,2.0,44,270,-0.554450538497064,-1.3387838926701625
v8,feat_gbm,2.0,44,271,0.7755408156462191,0.6172482925771328
v8,feat_gbm,2.0,44,272,-0.8434344964733486,0.10718580269537517
v8,feat_gbm,2.0,44,273,-1.6831166015248666,-2.4250613993713395
v8,feat_gbm,2.0,44,274,-0.9523044564178554,-0.4656136934058211
v8,feat_gbm,2.0,44,275,-2.3943118489757533,-1.7679071058666047
v8,feat_gbm,2.0,44,276,-1.093057994718746,-0.15192249005847586
v8,feat_gbm,2.0,44,277,-0.21131388919088487,-0.22686658439221394
v8,feat_gbm,2.0,44,278,-0.5468821226226452,-0.3963273628232521
v8,feat_gbm,2.0,44,279,-1.7557843032079765,-2.1916982233579314
v8,feat_gbm,2.0,44,280,0.6116113080985588,0.5138857123822332
v8,feat_gbm,2.0,44,281,-0.4149736913428065,0.13501120436460418
v8,feat_gbm,2.0,44,282,0.07512081435637169,-0.35232291748203215
v8,feat_gbm,2.0,44,283,0.2826254076946398,0.33710059568630363
v8,feat_gbm,2.0,44,284,1.0421020598162112,2.2269494594330284
v8,feat_gbm,2.0,44,285,-1.0737835005918062,-0.8523290277873723
v8,feat_gbm,2.0,44,286,-0.0283125153126463,0.5032694866056324
v8,feat_gbm,2.0,44,287,-2.0266096677305243,-3.0734310124071125
v8,feat_gbm,2.0,44,288,-2.685249991377015,-3.0969464995649485
v8,feat_gbm,2.0,44,289,-0.014666460705547342,0.8088909840914691
v8,feat_gbm,2.0,44,290,-1.864301066566945,-1.710735902712342
v8,feat_gbm,2.0,44,291,-0.06240985076185596,-0.24588513525180683
v8,feat_gbm,2.0,44,292,-2.811311504387599,-2.9910915714149957
v8,feat_gbm,2.0,44,293,0.018269961450260833,0.24397961438558982
v8,feat_gbm,2.0,44,294,0.17355101529870365,0.9827222917401395
v8,feat_gbm,2.0,44,295,0.5686469185981693,1.5399914318848642
v8,feat_gbm,2.0,44,296,-2.474982851895659,-3.028104854063688
v8,feat_gbm,2.0,44,297,-0.6000975003154351,-1.9675880903276046
v8,feat_gbm,2.0,44,298,0.10602966445898042,0.3882116190950413
v8,feat_gbm,2.0,44,299,-1.515013913017932,-0.4169590587595381
v8,feat_gbm,2.0,44,300,-0.8931447840854525,-0.47104701624968015
v8,feat_gbm,2.0,44,301,-1.1390235583948667,-0.5788171023402015
v8,feat_gbm,2.0,44,302,-2.45727247964225,-3.325334912618423
v8,feat_gbm,2.0,44,303,-0.6832354383830618,0.27214776974989446
v8,feat_gbm,2.0,44,304,-0.1519632669533931,0.2838761456734127
v8,feat_gbm,2.0,44,305,0.4865588260491523,0.98356576927226
v8,feat_gbm,2.0,44,306,-2.4277423003465652,-2.324804251846344
v8,feat_gbm,2.0,44,307,-0.1101211599274477,-0.30060412365222405
v8,feat_gbm,2.0,44,308,-2.9899600907703068,-3.5706943269006843
v8,feat_gbm,2.0,44,309,-0.6451703760130344,0.7657986236992217
v8,feat_gbm,2.0,44,310,-0.32364479717696315,-0.3760212383278314
v8,feat_gbm,2.0,44,311,0.7988393176935226,0.903367601886353
v8,feat_gbm,2.0,44,312,0.2835978305999674,0.2834145554969618
v8,feat_gbm,2.0,44,313,0.09951591099576869,-0.8750381269167363
v8,feat_gbm,2.0,44,314,-0.7090144215975052,-0.8911054934067958
v8,feat_gbm,2.0,44,315,0.16724722467065947,0.2699623908229132
v8,feat_gbm,2.0,44,316,-2.9108364400927393,-4.034449774534175
v8,feat_gbm,2.0,44,317,-0.033590128558003786,0.7302045063515665
v8,feat_gbm,2.0,44,318,-2.026124983094953,-2.5264159394565007
v8,feat_gbm,2.0,44,319,-3.2079322705121935,-3.1280680478747835
v8,feat_gbm,2.0,44,320,-0.03177046870304062,-0.623194388118803
v8,feat_gbm,2.0,44,321,-3.623943495368411,-4.172922463867305
v8,feat_gbm,2.0,44,322,1.1414448428701096,1.0714029341973417
v8,feat_gbm,2.0,44,323,-2.8502911042718666,-2.5538050374755565
v8,feat_gbm,2.0,44,324,-1.8719249611416011,-1.5310020975326282
v8,feat_gbm,2.0,44,325,-0.1802718188931752,-0.735749980772127
v8,feat_gbm,2.0,44,326,-0.741196336172301,-0.5010306012352705
v8,feat_gbm,2.0,44,327,-4.005284337411616,-4.393123087746285
v8,feat_gbm,2.0,44,328,-0.7997026699847886,0.6439364857563509
v8,feat_gbm,2.0,44,329,-2.383318287480478,-2.60760252445046
v8,feat_gbm,2.0,44,330,0.591438896610908,0.46983427811083467
v8,feat_gbm,2.0,44,331,-2.0322722306461283,-1.149354435920189
v8,feat_gbm,2.0,44,332,-1.959534425443264,-1.0961264399974935
v8,feat_gbm,2.0,44,333,0.34550261856266024,1.4253561556633074
v8,feat_gbm,2.0,44,334,1.0355747911042419,1.0406546288822482
v8,feat_gbm,2.0,44,335,0.2362177620026748,-0.1286217558512718
v8,feat_gbm,2.0,44,336,-1.8641167712117659,-1.7275974260064488
v8,feat_gbm,2.0,44,337,-3.8186794573633995,-4.535227665039715
v8,feat_gbm,2.0,44,338,-0.23985350408054087,-1.078833843619319
v8,feat_gbm,2.0,44,339,-2.8950054189626866,-2.035297396751524
v8,feat_gbm,2.0,44,340,0.07376854786277334,0.4788286932125707
v8,feat_gbm,2.0,44,341,-1.710831336257995,-0.4595082096564039
v8,feat_gbm,2.0,44,342,-3.0450858667120904,-3.653430804591794
v8,feat_gbm,2.0,44,343,0.4538801015767251,0.2834522663037432
v8,feat_gbm,2.0,44,344,-0.08557681692537807,-0.15984972455285287
v8,feat_gbm,2.0,44,345,-1.9850154900580408,-3.8822970119574354
v8,feat_gbm,2.0,44,346,-2.2282552325910188,-2.5801989990218064
v8,feat_gbm,2.0,44,347,-2.970320011705994,-3.2622630695286134
v8,feat_gbm,2.0,44,348,-0.7268938661217044,-0.4894561152880944
v8,feat_gbm,2.0,44,349,-1.469582978347733,-3.0223552414624764
v8,feat_gbm,2.0,44,350,0.6234300963120576,0.4215072765335228
v8,feat_gbm,2.0,44,351,-1.7066804514050051,-1.8152752103400673
v8,feat_gbm,2.0,44,352,0.7139607533521521,1.102263670511441
v8,feat_gbm,2.0,44,353,0.5450995698414302,1.4454852001466738
v8,feat_gbm,2.0,44,354,-2.9084416872092196,-3.6770060333191017
v8,feat_gbm,2.0,44,355,-3.538661197322819,-5.078652858832153
v8,feat_gbm,2.0,44,356,0.12148303357008686,0.7815322159665122
v8,feat_gbm,2.0,44,357,0.005816788220103317,0.6775133790495483
v8,feat_gbm,2.0,44,358,-2.9909218141085296,-3.5163570325540956
v8,feat_gbm,2.0,44,359,-1.2972666664050045,-4.157760523739404
v8,feat_gbm,2.0,44,360,-0.9904663374261178,-0.18386357284099003
v8,feat_gbm,2.0,44,361,-2.8868641478024895,-4.477383009144865
v8,feat_gbm,2.0,44,362,-0.8049192890577594,0.2909126951240761
v8,feat_gbm,2.0,44,363,-3.5404680113835014,-3.5121531596302606
v8,feat_gbm,2.0,44,364,-0.13936217659258465,-0.0019354464452207268
v8,feat_gbm,2.0,44,365,-2.8007630398342163,-3.264666087597375
v8,feat_gbm,2.0,44,366,-1.80569087375075,-1.4961090632143375
v8,feat_gbm,2.0,44,367,-0.02896339498865736,-0.10305907560987346
v8,feat_gbm,2.0,44,368,-0.470046525451294,0.24601275195113992
v8,feat_gbm,2.0,44,369,-0.8087522309554388,-1.6400355118163064
v8,feat_gbm,2.0,44,370,-3.0285613988091926,-1.5399226532969161
v8,feat_gbm,2.0,44,371,-0.6647808264282388,-0.3336387161155974
v8,feat_gbm,2.0,44,372,-0.5582286599737779,0.3185760540422761
v8,feat_gbm,2.0,44,373,-0.4696632962517123,-0.30756424411789
v8,feat_gbm,2.0,44,374,-3.390863658174167,-3.551435429619069
v8,feat_gbm,2.0,44,375,0.26402099807313933,-0.12846918127015178
v8,feat_gbm,2.0,44,376,0.6268862975699072,0.43413099611324796
v8,feat_gbm,2.0,44,377,0.17991961348318256,0.8095384731463161
v8,feat_gbm,2.0,44,378,0.3918457346335353,0.20303525329731625
v8,feat_gbm,2.0,44,379,-0.12275231254060362,0.524784145223057
v8,feat_gbm,2.0,44,380,-0.07052683413495413,0.8722609808312535
v8,feat_gbm,2.0,44,381,-1.1377652841104373,1.0190202163897197
v8,feat_gbm,2.0,44,382,0.21693492171450815,1.2715191268303472
v8,feat_gbm,2.0,44,383,-0.7549522937058039,-0.13923746667536385
v8,feat_gbm,2.0,44,384,-1.1778817488622562,-1.7983983483294153
v8,feat_gbm,2.0,44,385,-0.5071331156932489,0.5606037150840157
v8,feat_gbm,2.0,44,386,0.9992600787669919,0.6003456151224621
v8,feat_gbm,2.0,44,387,0.592744841316836,1.3071718981356573
v8,feat_gbm,2.0,44,388,0.16257372499274808,-0.19457283568776126
v8,feat_gbm,2.0,44,389,-1.8423732717406458,-0.981880356960367
v8,feat_gbm,2.0,44,390,-1.9052254248795768,-2.628024059072158
v8,feat_gbm,2.0,44,391,-2.3243864168564135,-2.479262758098376
v8,feat_gbm,2.0,44,392,-2.325212165621565,-2.207941629114672
v8,feat_gbm,2.0,44,393,-2.0212604900946256,-2.806586620215901
v8,feat_gbm,2.0,44,394,-0.15349074483753947,-0.16842623590390868
v8,feat_gbm,2.0,44,395,0.24816519351747882,0.3596423409999632
v8,feat_gbm,2.0,44,396,-2.625284875799899,-3.117667066362407
v8,feat_gbm,2.0,44,397,0.8153788542655099,0.6134086288650079
v8,feat_gbm,2.0,44,398,0.5582519183263891,0.5049020087080688
v8,feat_gbm,2.0,44,399,-1.9548059059597638,-1.0548605918119196
v8,feat_gbm,2.0,44,400,-3.702235049758293,-2.877676775828332
v8,feat_gbm,2.0,44,401,0.19494649181758042,0.015654415635624343
v8,feat_gbm,2.0,44,402,-0.14446738095370698,-0.7027824676465185
v8,feat_gbm,2.0,44,403,0.5116753688227282,0.6733427913489138
v8,feat_gbm,2.0,44,404,-0.3196044134492372,0.03259550049258387
v8,feat_gbm,2.0,44,405,-2.485568521928454,-3.4179416205706223
v8,feat_gbm,2.0,44,406,-2.4385197361290993,-1.6563158072976616
v8,feat_gbm,2.0,44,407,-1.087031382812116,0.3281041495218151
v8,feat_gbm,2.0,44,408,-0.6924118765242068,-1.498502430121411
v8,feat_gbm,2.0,44,409,-0.902728541508217,-1.5390850133499359
v8,feat_gbm,2.0,44,410,-0.6032426126949539,-3.8769914364338094
v8,feat_gbm,2.0,44,411,-0.6376093919331864,-1.1093409530974205
v8,feat_gbm,2.0,44,412,-2.4035515418261424,-2.1356441225652167
v8,feat_gbm,2.0,44,413,-0.07147062996221523,0.5613925387002681
v8,feat_gbm,2.0,44,414,-2.8140630746618696,-2.672303525149137
v8,feat_gbm,2.0,44,415,0.35938126840725493,0.9887747910888531
v8,feat_gbm,2.0,44,416,-3.5123106945185794,-2.064740642123073
v8,feat_gbm,2.0,44,417,-0.45365864244994236,-0.13534283366780814
v8,feat_gbm,2.0,44,418,0.25963501000461203,0.5266566940316069
v8,feat_gbm,2.0,44,419,-2.341990611872399,-0.7929716308762645
v8,feat_gbm,2.0,44,420,-0.24829252009818567,0.22081989653443584
v8,feat_gbm,2.0,44,421,-3.450626192887591,-3.4911396429773087
v8,feat_gbm,2.0,44,422,-0.6286281169301702,0.4691563032653497
v8,feat_gbm,2.0,44,423,0.054902183538146555,-0.21242164749251408
v8,feat_gbm,2.0,44,424,-2.495705181609584,-2.0235730224261497
v8,feat_gbm,2.0,44,425,-0.14641209268995253,0.1881042769243711
v8,feat_gbm,2.0,44,426,-0.6526658145226252,-0.7546830882020855
v8,feat_gbm,2.0,44,427,-1.2061424132128564,-2.004418163271322
v8,feat_gbm,2.0,44,428,-0.6337008545790247,0.08108350485015015
v8,feat_gbm,2.0,44,429,-2.729945145577973,-0.8958783842144782
v8,feat_gbm,2.0,44,430,-1.4567105092981987,-0.700178367515834
v8,feat_gbm,2.0,44,431,-2.082827149014116,-2.026447754843476
v8,feat_gbm,2.0,44,432,-3.3297686629099,-3.3644112924118934
v8,feat_gbm,2.0,44,433,-2.5025987351402414,-2.4777804975332844
v8,feat_gbm,2.0,44,434,-3.0388428104088945,-3.6407879329147783
v8,feat_gbm,2.0,44,435,0.17727672642130932,0.8140524350977956
v8,feat_gbm,2.0,44,436,-0.18872592643342231,-0.6342245759550225
v8,feat_gbm,2.0,44,437,-0.9196306674274377,-1.0170271575608654
v8,feat_gbm,2.0,44,438,-1.4649687984616058,1.2058566336630974
v8,feat_gbm,2.0,44,439,0.4197303147723811,1.04159183954478
v8,feat_gbm,2.0,44,440,-0.36429727064005674,-0.383754051292973
v8,feat_gbm,2.0,44,441,0.5536535669571401,0.9717849563735496
v8,feat_gbm,2.0,44,442,0.752852085356779,0.915394257773604
v8,feat_gbm,2.0,44,443,-0.7482561257518069,0.17619398118278368
v8,feat_gbm,2.0,44,444,-2.99999069633977,-2.3026142847949007
v8,feat_gbm,2.0,44,445,-0.007696313025903437,-2.156995715227189
v8,feat_gbm,2.0,44,446,-1.9195481731355584,-1.9647154613855007
v8,feat_gbm,2.0,44,447,-1.6745394151509632,-1.2167428909736953
v8,feat_gbm,2.0,44,448,-0.17701493466582613,0.371748058948411
v8,feat_gbm,2.0,44,449,-2.0532258927375735,-3.354914600670279
v8,feat_gbm,2.0,44,450,-0.8700945145594661,-2.0984010901330774
v8,feat_gbm,2.0,44,451,-0.40416993786826044,-1.8411195968283314
v8,feat_gbm,2.0,44,452,0.03814210566979227,-0.2866386615093297
v8,feat_gbm,2.0,44,453,-2.774727022597328,-2.1769502099219324
v8,feat_gbm,2.0,44,454,-0.8951884884832418,0.851829112076475
v8,feat_gbm,2.0,44,455,0.5880499416893084,-0.5174982843777256
v8,feat_gbm,2.0,44,456,-3.537673906289142,-3.7883351795095335
v8,feat_gbm,2.0,44,457,-2.480953378499498,-1.3225504843777425
v8,feat_gbm,2.0,44,458,-0.49928983988856046,-0.6304710111145473
v8,feat_gbm,2.0,44,459,-0.39680367908069597,-2.867776928577639
v8,feat_gbm,2.0,44,460,-0.5515644984643514,-0.20106453453544149
v8,feat_gbm,2.0,44,461,-0.3563247083548004,0.565413433251147
v8,feat_gbm,2.0,44,462,-0.7000027239856219,0.6531860801292728
v8,feat_gbm,2.0,44,463,-2.4253597166284853,-3.295531334571209
v8,feat_gbm,2.0,44,464,-0.956651704621207,-1.118951529136503
v8,feat_gbm,2.0,44,465,-0.26676027350080267,0.08535922256033004
v8,feat_gbm,2.0,44,466,-0.36188257300282445,0.2656879386171551
v8,feat_gbm,2.0,44,467,-1.0876640152643042,-1.0764680911985907
v8,feat_gbm,2.0,44,468,1.3266295401845356,2.2503813782282114
v8,feat_gbm,2.0,44,469,0.010139389785229776,-0.029700274932011248
v8,feat_gbm,2.0,44,470,-3.0718226301949887,-2.1918010579584375
v8,feat_gbm,2.0,44,471,-0.3675918148618568,-0.12537364897776127
v8,feat_gbm,2.0,44,472,-0.5209913680823163,-1.3714574409892777
v8,feat_gbm,2.0,44,473,-0.5841436595853335,-1.0216450817816245
v8,feat_gbm,2.0,44,474,-0.4512533253087279,-0.8313233833759152
v8,feat_gbm,2.0,44,475,-1.7767742765175094,-3.25243582884057
v8,feat_gbm,2.0,44,476,0.16337500825172127,0.8737365575305754
v8,feat_gbm,2.0,44,477,-2.5600157370180665,-1.8373017486027088
v8,feat_gbm,2.0,44,478,-2.1265660234972086,-1.909749317133085
v8,feat_gbm,2.0,44,479,-0.1404440375232623,0.418341725137149
v8,feat_gbm,2.0,44,480,-2.9275510626123737,-2.8689304810445995
v8,feat_gbm,2.0,44,481,-3.279166496410841,-3.9192950012633494
v8,feat_gbm,2.0,44,482,0.6561966623461742,0.8191907452202399
v8,feat_gbm,2.0,44,483,-2.5606275397407012,-2.7371748494528005
v8,feat_gbm,2.0,44,484,0.21054921738631305,0.043868991079412875
v8,feat_gbm,2.0,44,485,-1.9443379118297088,-3.9571024828402512
v8,feat_gbm,2.0,44,486,-1.6826182833274632,-0.8286091055291892
v8,feat_gbm,2.0,44,487,0.6865126052982761,1.1086460137612473
v8,feat_gbm,2.0,44,488,-0.45196222379812295,-1.0899995989348372
v8,feat_gbm,2.0,44,489,-1.8933051467324207,-2.9260181182274523
v8,feat_gbm,2.0,44,490,-0.3523312215245935,0.01778898425240747
v8,feat_gbm,2.0,44,491,0.1649706923355007,-0.388546054063584
v8,feat_gbm,2.0,44,492,-1.809550477408488,-0.8483910406321095
v8,feat_gbm,2.0,44,493,-2.349631764536414,-2.4855190663855797
v8,feat_gbm,2.0,44,494,-0.2495004998608008,-0.6027729178489412
v8,feat_gbm,2.0,44,495,-3.782565419261591,-1.5285925057254015
v8,feat_gbm,2.0,44,496,0.284406164746911,1.0092174422839322
v8,feat_gbm,2.0,44,497,-2.68406213788369,-2.421052301727873
v8,feat_gbm,2.0,44,498,-3.3265073439085957,-3.2283141264699093
v8,feat_gbm,2.0,44,499,-3.8621464395280376,-4.907212199848568
v8,feat_gbm,2.0,45,0,-0.9555836997946161,0.03894909458183669
v8,feat_gbm,2.0,45,1,-2.382090685874549,-2.5052564746229193
v8,feat_gbm,2.0,45,2,0.1725368091902842,0.6287827851917782
v8,feat_gbm,2.0,45,3,-2.934099780753357,-3.3447289283878643
v8,feat_gbm,2.0,45,4,1.2143414068914233,0.9694015026406426
v8,feat_gbm,2.0,45,5,-1.0449031770085104,-2.4693709778233526
v8,feat_gbm,2.0,45,6,-0.0019248672605282659,-0.2819211013310965
v8,feat_gbm,2.0,45,7,0.19958162350788425,0.5289578846490461
v8,feat_gbm,2.0,45,8,0.21486623126105206,0.032863622186365654
v8,feat_gbm,2.0,45,9,0.5909244533642399,0.9352707853930591
v8,feat_gbm,2.0,45,10,-1.569522567237195,-1.5987558134683666
v8,feat_gbm,2.0,45,11,-2.4630819575435394,-3.2678706438993954
v8,feat_gbm,2.0,45,12,-2.668662617475096,-2.445380546146449
v8,feat_gbm,2.0,45,13,-0.7745894136139845,-0.4471217519653716
v8,feat_gbm,2.0,45,14,-1.3438498835747286,-1.8343062920535937
v8,feat_gbm,2.0,45,15,-1.4694728612991959,-2.278287047942225
v8,feat_gbm,2.0,45,16,-1.32999550186856,-1.113015507562239
v8,feat_gbm,2.0,45,17,-1.0111573901767863,-1.149386040828735
v8,feat_gbm,2.0,45,18,-1.3739621224828515,-0.4541092694382234
v8,feat_gbm,2.0,45,19,-2.7633277814874564,-2.8798658660471284
v8,feat_gbm,2.0,45,20,-3.2241527446153766,-3.281006200299989
v8,feat_gbm,2.0,45,21,-1.3657018279210238,-0.7889402030111288
v8,feat_gbm,2.0,45,22,-0.6471982888775286,-0.48114593055133975
v8,feat_gbm,2.0,45,23,-3.4107770019589223,-2.8038114998165153
v8,feat_gbm,2.0,45,24,-3.6716782027131254,-2.6726430450531393
v8,feat_gbm,2.0,45,25,-3.2997698473985966,-3.141178249464176
v8,feat_gbm,2.0,45,26,-3.077816217340666,-3.8612362310489847
v8,feat_gbm,2.0,45,27,-3.1884718684266025,-3.085821277369337
v8,feat_gbm,2.0,45,28,-3.054746493822938,-2.1153791712035637
v8,feat_gbm,2.0,45,29,-1.4087869938384658,-0.5854112868629942
v8,feat_gbm,2.0,45,30,-0.09557589547171086,0.13849791927417068
v8,feat_gbm,2.0,45,31,-2.9420989388150014,-2.779654184179668
v8,feat_gbm,2.0,45,32,0.9337540869192718,0.9166392391011026
v8,feat_gbm,2.0,45,33,-2.5923620206853237,-2.134444297962007
v8,feat_gbm,2.0,45,34,-0.09055891593602446,1.1224191581864646
v8,feat_gbm,2.0,45,35,-3.1783663068792407,-2.7514680837461087
v8,feat_gbm,2.0,45,36,0.3099567019938713,0.7493710802437775
v8,feat_gbm,2.0,45,37,-2.027941732129081,-2.157600461660938
v8,feat_gbm,2.0,45,38,-1.4003611042887005,-1.7436371170468024
v8,feat_gbm,2.0,45,39,0.21523675414669527,0.632388610685479
v8,feat_gbm,2.0,45,40,-2.117569930207247,-1.5024753827969588
v8,feat_gbm,2.0,45,41,-2.6285704033500337,-2.936018587066778
v8,feat_gbm,2.0,45,42,-1.3069738647161468,-0.06406961406287034
v8,feat_gbm,2.0,45,43,-0.41724091398562246,-0.43711075337934485
v8,feat_gbm,2.0,45,44,-1.3862020949044718,0.521724778538647
v8,feat_gbm,2.0,45,45,0.2093806631493103,-0.02881562555915001
v8,feat_gbm,2.0,45,46,-2.3141496708147553,-2.6856700943784895
v8,feat_gbm,2.0,45,47,-2.9694417402662916,-3.3419513202228783
v8,feat_gbm,2.0,45,48,-0.20375067838352712,-0.35240032436669677
v8,feat_gbm,2.0,45,49,-3.525134723161259,-4.466027560457086
v8,feat_gbm,2.0,45,50,-1.5767216124803334,-1.2227887404747313
v8,feat_gbm,2.0,45,51,-3.3826681005371717,-4.168130875201601
v8,feat_gbm,2.0,45,52,-1.1896545176286435,-2.1825653069440887
v8,feat_gbm,2.0,45,53,-3.0607750571227,-2.816977102698189
v8,feat_gbm,2.0,45,54,-0.12552181583406524,-0.9520374156321785
v8,feat_gbm,2.0,45,55,0.5138573701074169,0.800460094219776
v8,feat_gbm,2.0,45,56,0.352334250209176,0.2782562560211116
v8,feat_gbm,2.0,45,57,-0.45983046282087103,-0.7855200046266205
v8,feat_gbm,2.0,45,58,-3.281891556217022,-2.837973637743256
v8,feat_gbm,2.0,45,59,-1.4306375144826218,0.3653424354755994
v8,feat_gbm,2.0,45,60,-1.6035997166033085,-3.145987746693799
v8,feat_gbm,2.0,45,61,-2.8995392299920812,-2.1381844357326614
v8,feat_gbm,2.0,45,62,-0.25333087467025034,0.3908315550690521
v8,feat_gbm,2.0,45,63,-3.0309962956838716,-3.259739876316779
v8,feat_gbm,2.0,45,64,-2.36868798717446,-3.799325775609258
v8,feat_gbm,2.0,45,65,0.3400267240502055,0.2842997557356093
v8,feat_gbm,2.0,45,66,0.1968253161706458,0.9099380077885143
v8,feat_gbm,2.0,45,67,-0.13283577137538527,0.5741223235018287
v8,feat_gbm,2.0,45,68,1.1198286802483268,1.3807263582335993
v8,feat_gbm,2.0,45,69,-0.0378170856236307,2.7357387204405055
v8,feat_gbm,2.0,45,70,0.1572558226266677,-0.3782017485149665
v8,feat_gbm,2.0,45,71,-1.0238427867892457,-0.6946521973220513
v8,feat_gbm,2.0,45,72,-2.3064585531840422,-3.510295151868067
v8,feat_gbm,2.0,45,73,-0.7762579898659552,-0.3643686170400702
v8,feat_gbm,2.0,45,74,1.0072988240729739,1.1835884152793859
v8,feat_gbm,2.0,45,75,0.08570926143942226,-0.38644824542838596
v8,feat_gbm,2.0,45,76,0.47295465619483185,0.7005004452467647
v8,feat_gbm,2.0,45,77,0.39245498907408594,0.3770911051312199
v8,feat_gbm,2.0,45,78,0.08151825295414364,-0.5374783823521183
v8,feat_gbm,2.0,45,79,-2.5461502731131294,-3.2499450611549854
v8,feat_gbm,2.0,45,80,-2.2433991897660475,-1.719925172279684
v8,feat_gbm,2.0,45,81,-0.46935739853257885,1.8185710395242058
v8,feat_gbm,2.0,45,82,-0.6844359335489023,-1.0758778979961314
v8,feat_gbm,2.0,45,83,-1.2371009720820167,-0.8033140510569362
v8,feat_gbm,2.0,45,84,-2.0528609199353958,-2.0837035815006346
v8,feat_gbm,2.0,45,85,-2.0093131814209917,-1.2430797823904942
v8,feat_gbm,2.0,45,86,0.07084889152205816,0.639317965424242
v8,feat_gbm,2.0,45,87,-0.3337281262638181,-0.02321591952008587
v8,feat_gbm,2.0,45,88,-2.272475329560553,-3.512086916650174
v8,feat_gbm,2.0,45,89,-1.6088136555870767,-1.684363733317816
v8,feat_gbm,2.0,45,90,-2.769417859213448,-3.5341996208099964
v8,feat_gbm,2.0,45,91,0.189496477901822,1.1574629997660548
v8,feat_gbm,2.0,45,92,-1.2595998888615627,-0.7651863719989663
v8,feat_gbm,2.0,45,93,-2.347832792616765,-5.7708125015304885
v8,feat_gbm,2.0,45,94,-0.07727236111196945,0.07374698385127064
v8,feat_gbm,2.0,45,95,-0.9963466226563691,1.201566413592891
v8,feat_gbm,2.0,45,96,0.9112665349602762,1.2655480006709303
v8,feat_gbm,2.0,45,97,-2.6405670997321686,-3.2217777708537843
v8,feat_gbm,2.0,45,98,-1.5771178107291721,-1.2120387208328698
v8,feat_gbm,2.0,45,99,-0.3361451482034606,-0.04015373686183237
v8,feat_gbm,2.0,45,100,-3.5083110246031097,-2.8384481914339785
v8,feat_gbm,2.0,45,101,-3.008962246041728,-3.541068619782685
v8,feat_gbm,2.0,45,102,-3.0905291830677384,-4.424727465058162
v8,feat_gbm,2.0,45,103,-0.9209294505063559,-0.7652009130347144
v8,feat_gbm,2.0,45,104,-0.42712857070398846,-0.406664655497914
v8,feat_gbm,2.0,45,105,-1.975506351505462,-2.8019031633754246
v8,feat_gbm,2.0,45,106,-1.475439189641677,-1.1978192780958505
v8,feat_gbm,2.0,45,107,-1.7175808545949092,-1.2497822804421463
v8,feat_gbm,2.0,45,108,0.18262763958794448,-0.2003702404752673
v8,feat_gbm,2.0,45,109,-0.9977547327152796,-0.28745536208379296
v8,feat_gbm,2.0,45,110,-0.2840634017937752,0.2838469771831524
v8,feat_gbm,2.0,45,111,-0.5346074228107707,0.6579850926301614
v8,feat_gbm,2.0,45,112,0.003635863272386951,-0.4279263804064609
v8,feat_gbm,2.0,45,113,-0.005041102427587379,0.527327823801956
v8,feat_gbm,2.0,45,114,-2.61679144720651,-3.652947895428966
v8,feat_gbm,2.0,45,115,-0.5719135363534272,-0.04287987221360797
v8,feat_gbm,2.0,45,116,-2.8237617293229262,-3.4409421360670214
v8,feat_gbm,2.0,45,117,-2.8762797643784954,-2.4284095097884006
v8,feat_gbm,2.0,45,118,-2.4414138914971937,-1.419217075367618
v8,feat_gbm,2.0,45,119,-0.34765171194193534,-1.4944271796191557
v8,feat_gbm,2.0,45,120,-3.414120698946389,-2.797137626437216
v8,feat_gbm,2.0,45,121,0.05778563389518191,3.1321125804877905
v8,feat_gbm,2.0,45,122,-0.6624696512951245,-3.164895556438051
v8,feat_gbm,2.0,45,123,-0.08909902498466929,-0.021234684620174846
v8,feat_gbm,2.0,45,124,-1.5675510760944553,-1.246001114532972
v8,feat_gbm,2.0,45,125,-1.1582920212228527,-2.7130193085566443
v8,feat_gbm,2.0,45,126,-0.5881528282451466,-2.0560780011130944
v8,feat_gbm,2.0,45,127,-2.7355002356220997,-1.631222331554067
v8,feat_gbm,2.0,45,128,-0.7359898900131553,-3.477307725783656
v8,feat_gbm,2.0,45,129,-0.6445920246762618,1.7007542891568868
v8,feat_gbm,2.0,45,130,0.180434844983821,-3.4021624962570822
v8,feat_gbm,2.0,45,131,-3.062369497239743,-3.701149444421242
v8,feat_gbm,2.0,45,132,-0.7305330769151902,-0.4116741376471012
v8,feat_gbm,2.0,45,133,-0.9013141483111107,-0.5680375850475197
v8,feat_gbm,2.0,45,134,-2.8721020493154894,-1.4788189923590598
v8,feat_gbm,2.0,45,135,-2.5039874107300557,-2.9896549957503007
v8,feat_gbm,2.0,45,136,0.2515281930820719,0.11194117436713467
v8,feat_gbm,2.0,45,137,0.5864901820526032,1.7147062893715772
v8,feat_gbm,2.0,45,138,-2.6361479176136537,-1.9709125209383296
v8,feat_gbm,2.0,45,139,-0.3055052666962864,0.19937477723826902
v8,feat_gbm,2.0,45,140,-3.076072160945537,-2.8223726616431475
v8,feat_gbm,2.0,45,141,-0.22789777325588295,-0.12380828599000025
v8,feat_gbm,2.0,45,142,-1.868226807942632,-2.97521232911642
v8,feat_gbm,2.0,45,143,-2.357820204776226,-1.9484557479617686
v8,feat_gbm,2.0,45,144,0.18019583677247453,1.244093655886106
v8,feat_gbm,2.0,45,145,-2.19254554159477,-2.0280859266176816
v8,feat_gbm,2.0,45,146,-2.7096889729842033,-2.0754073031653366
v8,feat_gbm,2.0,45,147,-0.12246475670438989,-0.11331641159387335
v8,feat_gbm,2.0,45,148,-2.473477366903728,-2.620298039600635
v8,feat_gbm,2.0,45,149,-2.9338870200592355,-3.8395532227602396
v8,feat_gbm,2.0,45,150,0.054098648274192876,-2.149698272240366
v8,feat_gbm,2.0,45,151,-2.898527927483515,-3.1594376779318036
v8,feat_gbm,2.0,45,152,-2.161482342668019,-2.7712141114581046
v8,feat_gbm,2.0,45,153,-0.78309056814361,-1.1483368403810985
v8,feat_gbm,2.0,45,154,-1.0806706255425302,-1.4700676700115773
v8,feat_gbm,2.0,45,155,-0.055122103163185734,1.4088416749712322
v8,feat_gbm,2.0,45,156,0.35647907868929407,0.7564704220494097
v8,feat_gbm,2.0,45,157,-1.1474722459796467,-1.7148995557963913
v8,feat_gbm,2.0,45,158,-0.7012195070699548,-2.8595355115547196
v8,feat_gbm,2.0,45,159,-1.3160113588052453,-0.9922400520728849
v8,feat_gbm,2.0,45,160,1.0342193396261072,1.8585227307534937
v8,feat_gbm,2.0,45,161,-3.0800820728595006,-2.477654537850602
v8,feat_gbm,2.0,45,162,-3.2972998520238868,-2.993764039868935
v8,feat_gbm,2.0,45,163,-1.3112887048619366,-1.1722671160336509
v8,feat_gbm,2.0,45,164,-2.7498874154680837,-1.6577576086204497
v8,feat_gbm,2.0,45,165,-1.6920734048212953,-2.9770186999323642
v8,feat_gbm,2.0,45,166,-2.14810203468074,-3.2329952824425443
v8,feat_gbm,2.0,45,167,-0.2197980528236148,0.19550508612775644
v8,feat_gbm,2.0,45,168,-1.2172783739736934,-1.2639642813248737
v8,feat_gbm,2.0,45,169,0.9458200532652669,1.4224064134580066
v8,feat_gbm,2.0,45,170,-2.434555979684924,-1.5303724784706008
v8,feat_gbm,2.0,45,171,-0.2579670300660197,0.6086346650572224
v8,feat_gbm,2.0,45,172,-0.05137465085051185,-0.052232489626048526
v8,feat_gbm,2.0,45,173,-1.740416129954445,-0.19074605880313256
v8,feat_gbm,2.0,45,174,-2.682686110223011,-2.7678232596734214
v8,feat_gbm,2.0,45,175,-1.8470446691918545,-1.6557092188829319
v8,feat_gbm,2.0,45,176,0.4426161346307705,0.12081831439914445
v8,feat_gbm,2.0,45,177,-0.3883252340416611,3.7031714993021168
v8,feat_gbm,2.0,45,178,-0.6919151040483278,-0.17761292562564054
v8,feat_gbm,2.0,45,179,0.1914817558176312,0.2295122735959306
v8,feat_gbm,2.0,45,180,-1.354185567167685,-1.6401012725318311
v8,feat_gbm,2.0,45,181,-2.9910098756552523,-3.399461101549646
v8,feat_gbm,2.0,45,182,0.4292904785660093,0.5421608664871393
v8,feat_gbm,2.0,45,183,-2.371211771342254,-3.7858185839721776
v8,feat_gbm,2.0,45,184,-0.14625197800754333,0.4440956773301304
v8,feat_gbm,2.0,45,185,-0.47763176297421206,0.5450962365111649
v8,feat_gbm,2.0,45,186,-2.5381471144004064,-3.094441269353033
v8,feat_gbm,2.0,45,187,0.1130162979418383,1.436275522654785
v8,feat_gbm,2.0,45,188,-0.04426526826144218,-0.003208414280501246
v8,feat_gbm,2.0,45,189,-2.7084066285600317,-2.0766448721687736
v8,feat_gbm,2.0,45,190,-2.4805936824395207,-2.887011097372245
v8,feat_gbm,2.0,45,191,-0.2728865768839671,-0.19564387773269687
v8,feat_gbm,2.0,45,192,-2.185490654796563,-3.39219136175158
v8,feat_gbm,2.0,45,193,-4.118798125141929,-4.804455114758695
v8,feat_gbm,2.0,45,194,-1.182891110360852,-0.23230879418151415
v8,feat_gbm,2.0,45,195,0.9565403090714825,0.7768952289284052
v8,feat_gbm,2.0,45,196,-3.5566617058461634,-3.0758975731441707
v8,feat_gbm,2.0,45,197,1.4177180880170732,1.8852948766094535
v8,feat_gbm,2.0,45,198,0.07647545193529552,-0.07474663349946693
v8,feat_gbm,2.0,45,199,1.119357101380406,0.9295509098669842
v8,feat_gbm,2.0,45,200,-0.013166096257277035,0.40408761039079466
v8,feat_gbm,2.0,45,201,-2.296814819551633,-1.0185563947000995
v8,feat_gbm,2.0,45,202,-2.043204133189592,-1.5812541435625456
v8,feat_gbm,2.0,45,203,-1.6761308046933456,-2.9269603411540346
v8,feat_gbm,2.0,45,204,-0.15951169523672565,-0.9368237022381455
v8,feat_gbm,2.0,45,205,-0.7667107787794865,-0.771906247259438
v8,feat_gbm,2.0,45,206,-2.7537962626161865,-1.4457766532498904
v8,feat_gbm,2.0,45,207,-2.1532872737208564,-2.4752738768021185
v8,feat_gbm,2.0,45,208,-3.0698326863623846,-2.8789590131308262
v8,feat_gbm,2.0,45,209,-3.169331227859857,-2.6986856152036793
v8,feat_gbm,2.0,45,210,0.43413360793756134,0.05837096406180189
v8,feat_gbm,2.0,45,211,-2.137188478120569,-2.2327070274631113
v8,feat_gbm,2.0,45,212,-0.7612340210198866,0.15758807445032513
v8,feat_gbm,2.0,45,213,0.6620102435782558,0.5234750924970406
v8,feat_gbm,2.0,45,214,0.9410815383550521,0.8312555987922697
v8,feat_gbm,2.0,45,215,-2.540683041775507,-0.7699972654610447
v8,feat_gbm,2.0,45,216,-2.218308299293325,-2.4368834827463726
v8,feat_gbm,2.0,45,217,-3.240765555003064,-3.7421886443248944
v8,feat_gbm,2.0,45,218,-2.6128238279866896,-4.3753265313120195
v8,feat_gbm,2.0,45,219,-0.22039392242256448,0.13181597567614448
v8,feat_gbm,2.0,45,220,-2.3676305451284385,-2.150299196146146
v8,feat_gbm,2.0,45,221,-0.2537799626335597,0.4316281043505307
v8,feat_gbm,2.0,45,222,0.2560161672321828,0.20581216265343685
v8,feat_gbm,2.0,45,223,-0.4028759111717335,-1.7226779576420432
v8,feat_gbm,2.0,45,224,0.39282935417426684,1.0701061526100661
v8,feat_gbm,2.0,45,225,-3.2836022067450523,-2.995983076644188
v8,feat_gbm,2.0,45,226,0.15494712272561226,-0.39103048890459524
v8,feat_gbm,2.0,45,227,-2.2570322712206923,-2.811377433191803
v8,feat_gbm,2.0,45,228,-0.47113566374683813,0.1103569248772952
v8,feat_gbm,2.0,45,229,0.4405826033406191,1.0926797996732165
v8,feat_gbm,2.0,45,230,-1.9535732382980797,-1.1465469989616057
v8,feat_gbm,2.0,45,231,-3.5366072738845404,-3.7045714701961474
v8,feat_gbm,2.0,45,232,-0.42393151131481177,-0.3205795311611984
v8,feat_gbm,2.0,45,233,0.016764622353295285,-0.7282288274356463
v8,feat_gbm,2.0,45,234,-0.004533654323518394,-0.6143938277881194
v8,feat_gbm,2.0,45,235,-3.238056590189692,-3.717493513170671
v8,feat_gbm,2.0,45,236,-1.4190240488254138,-1.894186438607053
v8,feat_gbm,2.0,45,237,-0.2518316214072086,0.19101892391720615
v8,feat_gbm,2.0,45,238,-2.5600443806959516,-2.723653519266766
v8,feat_gbm,2.0,45,239,0.41057047113303413,0.28172679866345784
v8,feat_gbm,2.0,45,240,-1.002522131596293,-0.570916259780521
v8,feat_gbm,2.0,45,241,-1.0594025017690174,-3.037607674189957
v8,feat_gbm,2.0,45,242,-3.267439404963641,-2.4824067099880884
v8,feat_gbm,2.0,45,243,-0.0558397708739127,1.793244191067856
v8,feat_gbm,2.0,45,244,-2.7451135014551116,-2.170563194223024
v8,feat_gbm,2.0,45,245,-3.1377236552361247,-2.5580286375581696
v8,feat_gbm,2.0,45,246,-2.5513583175087886,-3.9013363177662743
v8,feat_gbm,2.0,45,247,-1.0466224940061502,-1.2689211715035387
v8,feat_gbm,2.0,45,248,-2.84719195803219,-2.89795980370705
v8,feat_gbm,2.0,45,249,-1.4951531292440798,-1.149470325468549
v8,feat_gbm,2.0,45,250,-1.5722781393829552,-2.1803876537888693
v8,feat_gbm,2.0,45,251,-2.082633324312535,-1.2010659028736028
v8,feat_gbm,2.0,45,252,-2.7362874438596476,-2.675840590612525
v8,feat_gbm,2.0,45,253,-1.5099013756097603,-0.865421424414132
v8,feat_gbm,2.0,45,254,-0.9481171648606196,-0.45089388998719687
v8,feat_gbm,2.0,45,255,-2.457884348829972,-1.477655138121315
v8,feat_gbm,2.0,45,256,-2.6651128445277417,-1.9234128661936198
v8,feat_gbm,2.0,45,257,-2.3547005257653177,-0.8895479413744646
v8,feat_gbm,2.0,45,258,-1.2214841881772138,-1.284701881398344
v8,feat_gbm,2.0,45,259,-0.2887937944654465,0.03791276039075724
v8,feat_gbm,2.0,45,260,-1.9052826997330652,-1.213907680807544
v8,feat_gbm,2.0,45,261,-0.1852798602352591,-0.6937064881158975
v8,feat_gbm,2.0,45,262,0.17717051168732906,-2.500344974429108
v8,feat_gbm,2.0,45,263,-2.490059788547616,-3.0782877743164985
v8,feat_gbm,2.0,45,264,-3.0292861582185138,-3.2702790535172426
v8,feat_gbm,2.0,45,265,-0.14338785576280524,-0.15746453031192983
v8,feat_gbm,2.0,45,266,-2.049995038391272,-1.3930653126164372
v8,feat_gbm,2.0,45,267,-2.978261166774924,-3.460520174484755
v8,feat_gbm,2.0,45,268,-1.990339127970443,-1.8115923421665279
v8,feat_gbm,2.0,45,269,-0.2043529316672753,-0.04785951915829837
v8,feat_gbm,2.0,45,270,-0.5578714378527402,-1.3387838926701625
v8,feat_gbm,2.0,45,271,0.689195918189983,0.6172482925771328
v8,feat_gbm,2.0,45,272,-0.9859304844765421,0.10718580269537517
v8,feat_gbm,2.0,45,273,-1.8688567596622965,-2.4250613993713395
v8,feat_gbm,2.0,45,274,-1.0430291805919827,-0.4656136934058211
v8,feat_gbm,2.0,45,275,-2.6652575932342737,-1.7679071058666047
v8,feat_gbm,2.0,45,276,-1.0539533711525368,-0.15192249005847586
v8,feat_gbm,2.0,45,277,-0.30568447987739233,-0.22686658439221394
v8,feat_gbm,2.0,45,278,-0.4018060621263471,-0.3963273628232521
v8,feat_gbm,2.0,45,279,-1.9897792671790357,-2.1916982233579314
v8,feat_gbm,2.0,45,280,0.6030112945022033,0.5138857123822332
v8,feat_gbm,2.0,45,281,-0.9465095724614854,0.13501120436460418
v8,feat_gbm,2.0,45,282,0.10943524871306887,-0.35232291748203215
v8,feat_gbm,2.0,45,283,0.36680642571571265,0.33710059568630363
v8,feat_gbm,2.0,45,284,1.4941188445496665,2.2269494594330284
v8,feat_gbm,2.0,45,285,-0.9915322869638892,-0.8523290277873723
v8,feat_gbm,2.0,45,286,-0.001560674662377368,0.5032694866056324
v8,feat_gbm,2.0,45,287,-2.061938053706155,-3.0734310124071125
v8,feat_gbm,2.0,45,288,-2.711795654828745,-3.0969464995649485
v8,feat_gbm,2.0,45,289,0.1215545978367709,0.8088909840914691
v8,feat_gbm,2.0,45,290,-1.8454037576376845,-1.710735902712342
v8,feat_gbm,2.0,45,291,-0.03774433172478418,-0.24588513525180683
v8,feat_gbm,2.0,45,292,-2.8930146197167965,-2.9910915714149957
v8,feat_gbm,2.0,45,293,-0.02100846978369196,0.24397961438558982
v8,feat_gbm,2.0,45,294,0.2628503335484778,0.9827222917401395
v8,feat_gbm,2.0,45,295,0.47859000658987016,1.5399914318848642
v8,feat_gbm,2.0,45,296,-2.083782648639909,-3.028104854063688
v8,feat_gbm,2.0,45,297,-0.3991295469117243,-1.9675880903276046
v8,feat_gbm,2.0,45,298,-0.03873968081436401,0.3882116190950413
v8,feat_gbm,2.0,45,299,-1.53199288515888,-0.4169590587595381
v8,feat_gbm,2.0,45,300,-0.9311310448814445,-0.47104701624968015
v8,feat_gbm,2.0,45,301,-0.9500547105847246,-0.5788171023402015
v8,feat_gbm,2.0,45,302,-2.592199085676086,-3.325334912618423
v8,feat_gbm,2.0,45,303,-0.5958849409539002,0.27214776974989446
v8,feat_gbm,2.0,45,304,-0.07832755276301406,0.2838761456734127
v8,feat_gbm,2.0,45,305,0.48906312502862825,0.98356576927226
v8,feat_gbm,2.0,45,306,-2.6814329488626356,-2.324804251846344
v8,feat_gbm,2.0,45,307,-0.08320992002135608,-0.30060412365222405
v8,feat_gbm,2.0,45,308,-3.0022064278449743,-3.5706943269006843
v8,feat_gbm,2.0,45,309,-0.3419696357294883,0.7657986236992217
v8,feat_gbm,2.0,45,310,-0.3426762637757717,-0.3760212383278314
v8,feat_gbm,2.0,45,311,0.7400969447520949,0.903367601886353
v8,feat_gbm,2.0,45,312,0.15831255850008266,0.2834145554969618
v8,feat_gbm,2.0,45,313,0.025725777598297323,-0.8750381269167363
v8,feat_gbm,2.0,45,314,-0.5996712610385249,-0.8911054934067958
v8,feat_gbm,2.0,45,315,0.09928433685705852,0.2699623908229132
v8,feat_gbm,2.0,45,316,-3.2424894108624995,-4.034449774534175
v8,feat_gbm,2.0,45,317,-0.10608620346874616,0.7302045063515665
v8,feat_gbm,2.0,45,318,-2.1199027977688747,-2.5264159394565007
v8,feat_gbm,2.0,45,319,-3.002857941138115,-3.1280680478747835
v8,feat_gbm,2.0,45,320,0.036523582705066275,-0.623194388118803
v8,feat_gbm,2.0,45,321,-3.498395830629605,-4.172922463867305
v8,feat_gbm,2.0,45,322,1.3146393400610723,1.0714029341973417
v8,feat_gbm,2.0,45,323,-2.766828449295614,-2.5538050374755565
v8,feat_gbm,2.0,45,324,-1.6949517298997399,-1.5310020975326282
v8,feat_gbm,2.0,45,325,-0.22965944032778204,-0.735749980772127
v8,feat_gbm,2.0,45,326,-0.6012704220412208,-0.5010306012352705
v8,feat_gbm,2.0,45,327,-3.955284245295047,-4.393123087746285
v8,feat_gbm,2.0,45,328,-1.025319229276394,0.6439364857563509
v8,feat_gbm,2.0,45,329,-2.507172896510441,-2.60760252445046
v8,feat_gbm,2.0,45,330,0.4515563292000599,0.46983427811083467
v8,feat_gbm,2.0,45,331,-2.089923660346651,-1.149354435920189
v8,feat_gbm,2.0,45,332,-2.159648643267898,-1.0961264399974935
v8,feat_gbm,2.0,45,333,0.028177334118011706,1.4253561556633074
v8,feat_gbm,2.0,45,334,0.8976353134265277,1.0406546288822482
v8,feat_gbm,2.0,45,335,0.4674488889915579,-0.1286217558512718
v8,feat_gbm,2.0,45,336,-1.9212480528437508,-1.7275974260064488
v8,feat_gbm,2.0,45,337,-3.8596504710925776,-4.535227665039715
v8,feat_gbm,2.0,45,338,-0.11319143916864069,-1.078833843619319
v8,feat_gbm,2.0,45,339,-2.7723579180400595,-2.035297396751524
v8,feat_gbm,2.0,45,340,0.0007894102767725453,0.4788286932125707
v8,feat_gbm,2.0,45,341,-1.711347075445286,-0.4595082096564039
v8,feat_gbm,2.0,45,342,-3.119461905304081,-3.653430804591794
v8,feat_gbm,2.0,45,343,0.414697352583206,0.2834522663037432
v8,feat_gbm,2.0,45,344,-0.1038658220103693,-0.15984972455285287
v8,feat_gbm,2.0,45,345,-2.0199450501203247,-3.8822970119574354
v8,feat_gbm,2.0,45,346,-2.313719736350954,-2.5801989990218064
v8,feat_gbm,2.0,45,347,-3.0043239260771477,-3.2622630695286134
v8,feat_gbm,2.0,45,348,-0.7571620585435002,-0.4894561152880944
v8,feat_gbm,2.0,45,349,-1.7918321065840692,-3.0223552414624764
v8,feat_gbm,2.0,45,350,0.6666004886333683,0.4215072765335228
v8,feat_gbm,2.0,45,351,-1.613686119895824,-1.8152752103400673
v8,feat_gbm,2.0,45,352,0.4198619593707795,1.102263670511441
v8,feat_gbm,2.0,45,353,0.3712471216409262,1.4454852001466738
v8,feat_gbm,2.0,45,354,-2.8504182644389866,-3.6770060333191017
v8,feat_gbm,2.0,45,355,-3.574470194339071,-5.078652858832153
v8,feat_gbm,2.0,45,356,0.032524601593521385,0.7815322159665122
v8,feat_gbm,2.0,45,357,-0.07689732462355373,0.6775133790495483
v8,feat_gbm,2.0,45,358,-3.036362406366455,-3.5163570325540956
v8,feat_gbm,2.0,45,359,-1.2627812535583003,-4.157760523739404
v8,feat_gbm,2.0,45,360,-1.1268037117549863,-0.18386357284099003
v8,feat_gbm,2.0,45,361,-3.142108635552626,-4.477383009144865
v8,feat_gbm,2.0,45,362,-0.5874055623449622,0.2909126951240761
v8,feat_gbm,2.0,45,363,-3.4907689511508897,-3.5121531596302606
v8,feat_gbm,2.0,45,364,-0.5769286596864555,-0.0019354464452207268
v8,feat_gbm,2.0,45,365,-2.855896496165101,-3.264666087597375
v8,feat_gbm,2.0,45,366,-2.0640413941455695,-1.4961090632143375
v8,feat_gbm,2.0,45,367,-0.011741437276208844,-0.10305907560987346
v8,feat_gbm,2.0,45,368,-0.4419014202551011,0.24601275195113992
v8,feat_gbm,2.0,45,369,-0.7447660710013795,-1.6400355118163064
v8,feat_gbm,2.0,45,370,-3.065208146342962,-1.5399226532969161
v8,feat_gbm,2.0,45,371,-0.948294253884245,-0.3336387161155974
v8,feat_gbm,2.0,45,372,-0.43653463353243077,0.3185760540422761
v8,feat_gbm,2.0,45,373,-0.39019228645752935,-0.30756424411789
v8,feat_gbm,2.0,45,374,-3.157163811044784,-3.551435429619069
v8,feat_gbm,2.0,45,375,0.45305253964152936,-0.12846918127015178
v8,feat_gbm,2.0,45,376,0.6709075616374487,0.43413099611324796
v8,feat_gbm,2.0,45,377,0.09499608138788357,0.8095384731463161
v8,feat_gbm,2.0,45,378,0.1648286872517414,0.20303525329731625
v8,feat_gbm,2.0,45,379,0.21579494253594622,0.524784145223057
v8,feat_gbm,2.0,45,380,-0.17396358590266076,0.8722609808312535
v8,feat_gbm,2.0,45,381,-1.0652590345733328,1.0190202163897197
v8,feat_gbm,2.0,45,382,0.2234135391225602,1.2715191268303472
v8,feat_gbm,2.0,45,383,-0.7653956893486316,-0.13923746667536385
v8,feat_gbm,2.0,45,384,-1.2979240157791596,-1.7983983483294153
v8,feat_gbm,2.0,45,385,-0.33979927077255684,0.5606037150840157
v8,feat_gbm,2.0,45,386,1.0181634121181686,0.6003456151224621
v8,feat_gbm,2.0,45,387,0.5339212104797756,1.3071718981356573
v8,feat_gbm,2.0,45,388,0.16515995315348633,-0.19457283568776126
v8,feat_gbm,2.0,45,389,-2.11931829577293,-0.981880356960367
v8,feat_gbm,2.0,45,390,-1.7372277097808326,-2.628024059072158
v8,feat_gbm,2.0,45,391,-2.334012254275915,-2.479262758098376
v8,feat_gbm,2.0,45,392,-2.0996601292829173,-2.207941629114672
v8,feat_gbm,2.0,45,393,-2.0243523838545125,-2.806586620215901
v8,feat_gbm,2.0,45,394,-0.6382465699297823,-0.16842623590390868
v8,feat_gbm,2.0,45,395,0.3948887034843385,0.3596423409999632
v8,feat_gbm,2.0,45,396,-2.5691047768329063,-3.117667066362407
v8,feat_gbm,2.0,45,397,0.7464278906845658,0.6134086288650079
v8,feat_gbm,2.0,45,398,0.36500137561940343,0.5049020087080688
v8,feat_gbm,2.0,45,399,-1.7343367967325993,-1.0548605918119196
v8,feat_gbm,2.0,45,400,-3.5796660797786557,-2.877676775828332
v8,feat_gbm,2.0,45,401,0.0145308453626359,0.015654415635624343
v8,feat_gbm,2.0,45,402,-0.25459301604465595,-0.7027824676465185
v8,feat_gbm,2.0,45,403,0.42756302848667876,0.6733427913489138
v8,feat_gbm,2.0,45,404,-0.2017780970960261,0.03259550049258387
v8,feat_gbm,2.0,45,405,-2.598933469106412,-3.4179416205706223
v8,feat_gbm,2.0,45,406,-2.338782209302009,-1.6563158072976616
v8,feat_gbm,2.0,45,407,-0.596974178535106,0.3281041495218151
v8,feat_gbm,2.0,45,408,-0.518842135699553,-1.498502430121411
v8,feat_gbm,2.0,45,409,-0.8263751298336205,-1.5390850133499359
v8,feat_gbm,2.0,45,410,-1.0738443473360857,-3.8769914364338094
v8,feat_gbm,2.0,45,411,-0.9939453871400092,-1.1093409530974205
v8,feat_gbm,2.0,45,412,-2.3529849292686045,-2.1356441225652167
v8,feat_gbm,2.0,45,413,-0.07292807982956337,0.5613925387002681
v8,feat_gbm,2.0,45,414,-2.8947066424473453,-2.672303525149137
v8,feat_gbm,2.0,45,415,0.26185833883343185,0.9887747910888531
v8,feat_gbm,2.0,45,416,-3.125796629783407,-2.064740642123073
v8,feat_gbm,2.0,45,417,-0.3120730487725838,-0.13534283366780814
v8,feat_gbm,2.0,45,418,-0.03010390599626522,0.5266566940316069
v8,feat_gbm,2.0,45,419,-2.2320623595039026,-0.7929716308762645
v8,feat_gbm,2.0,45,420,-0.013444494473820966,0.22081989653443584
v8,feat_gbm,2.0,45,421,-3.803028904342562,-3.4911396429773087
v8,feat_gbm,2.0,45,422,-0.622432238659502,0.4691563032653497
v8,feat_gbm,2.0,45,423,0.08281621149021509,-0.21242164749251408
v8,feat_gbm,2.0,45,424,-2.541491933295282,-2.0235730224261497
v8,feat_gbm,2.0,45,425,-0.2916159514791933,0.1881042769243711
v8,feat_gbm,2.0,45,426,-0.6958584770183625,-0.7546830882020855
v8,feat_gbm,2.0,45,427,-1.7297378305219153,-2.004418163271322
v8,feat_gbm,2.0,45,428,-0.7733318318763767,0.08108350485015015
v8,feat_gbm,2.0,45,429,-2.277096831038406,-0.8958783842144782
v8,feat_gbm,2.0,45,430,-1.3561912554354119,-0.700178367515834
v8,feat_gbm,2.0,45,431,-1.936652550800963,-2.026447754843476
v8,feat_gbm,2.0,45,432,-3.244155369777829,-3.3644112924118934
v8,feat_gbm,2.0,45,433,-2.5184940637467217,-2.4777804975332844
v8,feat_gbm,2.0,45,434,-3.0245760957608527,-3.6407879329147783
v8,feat_gbm,2.0,45,435,0.06713671214131782,0.8140524350977956
v8,feat_gbm,2.0,45,436,-0.27682370401328993,-0.6342245759550225
v8,feat_gbm,2.0,45,437,-1.738675643046717,-1.0170271575608654
v8,feat_gbm,2.0,45,438,-1.2694515320597246,1.2058566336630974
v8,feat_gbm,2.0,45,439,0.6511934116224587,1.04159183954478
v8,feat_gbm,2.0,45,440,-0.23452513572423425,-0.383754051292973
v8,feat_gbm,2.0,45,441,0.645961023274842,0.9717849563735496
v8,feat_gbm,2.0,45,442,0.7105488996332777,0.915394257773604
v8,feat_gbm,2.0,45,443,-0.4411588814616479,0.17619398118278368
v8,feat_gbm,2.0,45,444,-2.8332878731705953,-2.3026142847949007
v8,feat_gbm,2.0,45,445,0.1398379562463481,-2.156995715227189
v8,feat_gbm,2.0,45,446,-2.22029300045143,-1.9647154613855007
v8,feat_gbm,2.0,45,447,-1.6943465174090957,-1.2167428909736953
v8,feat_gbm,2.0,45,448,-0.1127451912015016,0.371748058948411
v8,feat_gbm,2.0,45,449,-2.4431750234076173,-3.354914600670279
v8,feat_gbm,2.0,45,450,-0.9504700174019216,-2.0984010901330774
v8,feat_gbm,2.0,45,451,-0.21260752847661685,-1.8411195968283314
v8,feat_gbm,2.0,45,452,-0.0777832515812222,-0.2866386615093297
v8,feat_gbm,2.0,45,453,-2.333285636808593,-2.1769502099219324
v8,feat_gbm,2.0,45,454,-0.47328641210068945,0.851829112076475
v8,feat_gbm,2.0,45,455,0.512003867354641,-0.5174982843777256
v8,feat_gbm,2.0,45,456,-3.5801537813676028,-3.7883351795095335
v8,feat_gbm,2.0,45,457,-3.0683334456157776,-1.3225504843777425
v8,feat_gbm,2.0,45,458,-0.526484836784711,-0.6304710111145473
v8,feat_gbm,2.0,45,459,-0.9443732670505454,-2.867776928577639
v8,feat_gbm,2.0,45,460,-0.5126403119654699,-0.20106453453544149
v8,feat_gbm,2.0,45,461,-0.10731441666876156,0.565413433251147
v8,feat_gbm,2.0,45,462,-0.5920480751731751,0.6531860801292728
v8,feat_gbm,2.0,45,463,-2.1815078572263076,-3.295531334571209
v8,feat_gbm,2.0,45,464,-1.1741273300046358,-1.118951529136503
v8,feat_gbm,2.0,45,465,-0.2453965211202201,0.08535922256033004
v8,feat_gbm,2.0,45,466,-0.2923604069236587,0.2656879386171551
v8,feat_gbm,2.0,45,467,-0.9917643265898728,-1.0764680911985907
v8,feat_gbm,2.0,45,468,1.0640309841790538,2.2503813782282114
v8,feat_gbm,2.0,45,469,0.06724288188035618,-0.029700274932011248
v8,feat_gbm,2.0,45,470,-2.913963606794394,-2.1918010579584375
v8,feat_gbm,2.0,45,471,-0.9816737098735316,-0.12537364897776127
v8,feat_gbm,2.0,45,472,-0.7973486543686326,-1.3714574409892777
v8,feat_gbm,2.0,45,473,-1.2861158617323916,-1.0216450817816245
v8,feat_gbm,2.0,45,474,-0.647171680534905,-0.8313233833759152
v8,feat_gbm,2.0,45,475,-1.951503623437112,-3.25243582884057
v8,feat_gbm,2.0,45,476,0.11528253255845017,0.8737365575305754
v8,feat_gbm,2.0,45,477,-2.7348156770525387,-1.8373017486027088
v8,feat_gbm,2.0,45,478,-2.233256997667718,-1.909749317133085
v8,feat_gbm,2.0,45,479,-0.18132685053122197,0.418341725137149
v8,feat_gbm,2.0,45,480,-2.9886139763612976,-2.8689304810445995
v8,feat_gbm,2.0,45,481,-3.207977190050599,-3.9192950012633494
v8,feat_gbm,2.0,45,482,0.6075194180283457,0.8191907452202399
v8,feat_gbm,2.0,45,483,-2.924196053740383,-2.7371748494528005
v8,feat_gbm,2.0,45,484,0.3683560306087381,0.043868991079412875
v8,feat_gbm,2.0,45,485,-2.0344492050088196,-3.9571024828402512
v8,feat_gbm,2.0,45,486,-1.594027153051053,-0.8286091055291892
v8,feat_gbm,2.0,45,487,0.6442647553017392,1.1086460137612473
v8,feat_gbm,2.0,45,488,-0.6591562235613857,-1.0899995989348372
v8,feat_gbm,2.0,45,489,-2.088801074405703,-2.9260181182274523
v8,feat_gbm,2.0,45,490,-0.05528454443281151,0.01778898425240747
v8,feat_gbm,2.0,45,491,0.34724387445620375,-0.388546054063584
v8,feat_gbm,2.0,45,492,-2.004483903005735,-0.8483910406321095
v8,feat_gbm,2.0,45,493,-2.4375667278529094,-2.4855190663855797
v8,feat_gbm,2.0,45,494,-0.25776740597614767,-0.6027729178489412
v8,feat_gbm,2.0,45,495,-4.047319871645786,-1.5285925057254015
v8,feat_gbm,2.0,45,496,0.334164127538583,1.0092174422839322
v8,feat_gbm,2.0,45,497,-2.738178192169918,-2.421052301727873
v8,feat_gbm,2.0,45,498,-3.239383806072391,-3.2283141264699093
v8,feat_gbm,2.0,45,499,-4.174460084056253,-4.907212199848568
v8,feat_gbm,2.0,46,0,-0.9243269079802965,0.03894909458183669
v8,feat_gbm,2.0,46,1,-2.366341232868142,-2.5052564746229193
v8,feat_gbm,2.0,46,2,0.0036302386134542566,0.6287827851917782
v8,feat_gbm,2.0,46,3,-3.2285385344478046,-3.3447289283878643
v8,feat_gbm,2.0,46,4,1.1528532168553567,0.9694015026406426
v8,feat_gbm,2.0,46,5,-0.9303825731360787,-2.4693709778233526
v8,feat_gbm,2.0,46,6,-0.05807964729384931,-0.2819211013310965
v8,feat_gbm,2.0,46,7,-0.0016400516479104165,0.5289578846490461
v8,feat_gbm,2.0,46,8,0.026409226879040536,0.032863622186365654
v8,feat_gbm,2.0,46,9,0.6137314531986933,0.9352707853930591
v8,feat_gbm,2.0,46,10,-1.693655748130961,-1.5987558134683666
v8,feat_gbm,2.0,46,11,-2.3740261045566604,-3.2678706438993954
v8,feat_gbm,2.0,46,12,-2.9242010778526586,-2.445380546146449
v8,feat_gbm,2.0,46,13,-0.5777375160599523,-0.4471217519653716
v8,feat_gbm,2.0,46,14,-1.2653239072740736,-1.8343062920535937
v8,feat_gbm,2.0,46,15,-1.479411001938909,-2.278287047942225
v8,feat_gbm,2.0,46,16,-1.2841584324092652,-1.113015507562239
v8,feat_gbm,2.0,46,17,-1.3865339312497231,-1.149386040828735
v8,feat_gbm,2.0,46,18,-1.2118066113217356,-0.4541092694382234
v8,feat_gbm,2.0,46,19,-2.631229903174322,-2.8798658660471284
v8,feat_gbm,2.0,46,20,-3.396687839173635,-3.281006200299989
v8,feat_gbm,2.0,46,21,-1.569488715854597,-0.7889402030111288
v8,feat_gbm,2.0,46,22,-0.5946761281610102,-0.48114593055133975
v8,feat_gbm,2.0,46,23,-3.298064074507094,-2.8038114998165153
v8,feat_gbm,2.0,46,24,-3.8004532047542576,-2.6726430450531393
v8,feat_gbm,2.0,46,25,-3.0797538783286935,-3.141178249464176
v8,feat_gbm,2.0,46,26,-3.1636416021381493,-3.8612362310489847
v8,feat_gbm,2.0,46,27,-3.2007128974506887,-3.085821277369337
v8,feat_gbm,2.0,46,28,-3.158947752911965,-2.1153791712035637
v8,feat_gbm,2.0,46,29,-0.8284089397550196,-0.5854112868629942
v8,feat_gbm,2.0,46,30,-0.07668050875585897,0.13849791927417068
v8,feat_gbm,2.0,46,31,-2.8451038462051343,-2.779654184179668
v8,feat_gbm,2.0,46,32,0.4634760960484787,0.9166392391011026
v8,feat_gbm,2.0,46,33,-2.5943350468813247,-2.134444297962007
v8,feat_gbm,2.0,46,34,-0.11896634153122446,1.1224191581864646
v8,feat_gbm,2.0,46,35,-3.0399706106310784,-2.7514680837461087
v8,feat_gbm,2.0,46,36,0.176265549940991,0.7493710802437775
v8,feat_gbm,2.0,46,37,-1.9594757784795047,-2.157600461660938
v8,feat_gbm,2.0,46,38,-1.2188828604128024,-1.7436371170468024
v8,feat_gbm,2.0,46,39,0.3517913008240505,0.632388610685479
v8,feat_gbm,2.0,46,40,-2.2670350605624283,-1.5024753827969588
v8,feat_gbm,2.0,46,41,-2.2966132696436685,-2.936018587066778
v8,feat_gbm,2.0,46,42,-1.1392503272291936,-0.06406961406287034
v8,feat_gbm,2.0,46,43,-0.2910199278290933,-0.43711075337934485
v8,feat_gbm,2.0,46,44,-0.8449516902439503,0.521724778538647
v8,feat_gbm,2.0,46,45,0.3328112366956043,-0.02881562555915001
v8,feat_gbm,2.0,46,46,-2.140641576279152,-2.6856700943784895
v8,feat_gbm,2.0,46,47,-2.7574890206499263,-3.3419513202228783
v8,feat_gbm,2.0,46,48,-0.1613123932744385,-0.35240032436669677
v8,feat_gbm,2.0,46,49,-3.5800570128001503,-4.466027560457086
v8,feat_gbm,2.0,46,50,-1.6861131338775932,-1.2227887404747313
v8,feat_gbm,2.0,46,51,-3.463081306299106,-4.168130875201601
v8,feat_gbm,2.0,46,52,-1.2718359197695102,-2.1825653069440887
v8,feat_gbm,2.0,46,53,-3.370621790324314,-2.816977102698189
v8,feat_gbm,2.0,46,54,-0.04108218268679752,-0.9520374156321785
v8,feat_gbm,2.0,46,55,0.41965026205077355,0.800460094219776
v8,feat_gbm,2.0,46,56,0.18888065873886853,0.2782562560211116
v8,feat_gbm,2.0,46,57,-0.4094147932001185,-0.7855200046266205
v8,feat_gbm,2.0,46,58,-3.414273257601204,-2.837973637743256
v8,feat_gbm,2.0,46,59,-1.5078221025172953,0.3653424354755994
v8,feat_gbm,2.0,46,60,-1.8409359438901045,-3.145987746693799
v8,feat_gbm,2.0,46,61,-3.0413551299897206,-2.1381844357326614
v8,feat_gbm,2.0,46,62,-0.17026291348469635,0.3908315550690521
v8,feat_gbm,2.0,46,63,-3.232681027806718,-3.259739876316779
v8,feat_gbm,2.0,46,64,-2.1680875806943174,-3.799325775609258
v8,feat_gbm,2.0,46,65,0.38511921270919475,0.2842997557356093
v8,feat_gbm,2.0,46,66,0.09612013979156817,0.9099380077885143
v8,feat_gbm,2.0,46,67,0.045274296143058695,0.5741223235018287
v8,feat_gbm,2.0,46,68,1.0771178760091538,1.3807263582335993
v8,feat_gbm,2.0,46,69,-0.08670952982636279,2.7357387204405055
v8,feat_gbm,2.0,46,70,0.16997581483866966,-0.3782017485149665
v8,feat_gbm,2.0,46,71,-0.9349889978649154,-0.6946521973220513
v8,feat_gbm,2.0,46,72,-2.502708598552889,-3.510295151868067
v8,feat_gbm,2.0,46,73,-0.9102917048332205,-0.3643686170400702
v8,feat_gbm,2.0,46,74,1.272727241736382,1.1835884152793859
v8,feat_gbm,2.0,46,75,0.2714371956229962,-0.38644824542838596
v8,feat_gbm,2.0,46,76,0.3687704800387738,0.7005004452467647
v8,feat_gbm,2.0,46,77,-0.01990528741339913,0.3770911051312199
v8,feat_gbm,2.0,46,78,-0.06896547420635812,-0.5374783823521183
v8,feat_gbm,2.0,46,79,-2.4568833591188426,-3.2499450611549854
v8,feat_gbm,2.0,46,80,-2.181035850876089,-1.719925172279684
v8,feat_gbm,2.0,46,81,-0.23483458048469777,1.8185710395242058
v8,feat_gbm,2.0,46,82,-1.3120872483012886,-1.0758778979961314
v8,feat_gbm,2.0,46,83,-0.9508476387089352,-0.8033140510569362
v8,feat_gbm,2.0,46,84,-1.8650550264646963,-2.0837035815006346
v8,feat_gbm,2.0,46,85,-2.2777531463300753,-1.2430797823904942
v8,feat_gbm,2.0,46,86,0.18103375684163137,0.639317965424242
v8,feat_gbm,2.0,46,87,-0.43235069648974683,-0.02321591952008587
v8,feat_gbm,2.0,46,88,-2.27443913801722,-3.512086916650174
v8,feat_gbm,2.0,46,89,-1.6434664451214873,-1.684363733317816
v8,feat_gbm,2.0,46,90,-2.7581446434464763,-3.5341996208099964
v8,feat_gbm,2.0,46,91,0.38064484316232816,1.1574629997660548
v8,feat_gbm,2.0,46,92,-1.4863704261010675,-0.7651863719989663
v8,feat_gbm,2.0,46,93,-1.8628736610205023,-5.7708125015304885
v8,feat_gbm,2.0,46,94,-0.009751001260689732,0.07374698385127064
v8,feat_gbm,2.0,46,95,-1.1171280419781937,1.201566413592891
v8,feat_gbm,2.0,46,96,1.043048261067856,1.2655480006709303
v8,feat_gbm,2.0,46,97,-2.8569536741944783,-3.2217777708537843
v8,feat_gbm,2.0,46,98,-1.9823848842665939,-1.2120387208328698
v8,feat_gbm,2.0,46,99,-0.23310387269366378,-0.04015373686183237
v8,feat_gbm,2.0,46,100,-3.3024905153573507,-2.8384481914339785
v8,feat_gbm,2.0,46,101,-2.9296997472452775,-3.541068619782685
v8,feat_gbm,2.0,46,102,-3.194075718521414,-4.424727465058162
v8,feat_gbm,2.0,46,103,-0.934678391472374,-0.7652009130347144
v8,feat_gbm,2.0,46,104,-0.5698231879399704,-0.406664655497914
v8,feat_gbm,2.0,46,105,-2.0576096734977387,-2.8019031633754246
v8,feat_gbm,2.0,46,106,-1.4837016643621783,-1.1978192780958505
v8,feat_gbm,2.0,46,107,-1.8388658415729489,-1.2497822804421463
v8,feat_gbm,2.0,46,108,0.006832193406783881,-0.2003702404752673
v8,feat_gbm,2.0,46,109,-1.2980971503978338,-0.28745536208379296
v8,feat_gbm,2.0,46,110,-0.052604268692925935,0.2838469771831524
v8,feat_gbm,2.0,46,111,-0.5947566307187684,0.6579850926301614
v8,feat_gbm,2.0,46,112,0.08122417538522839,-0.4279263804064609
v8,feat_gbm,2.0,46,113,0.060068842176363685,0.527327823801956
v8,feat_gbm,2.0,46,114,-2.5441703630775603,-3.652947895428966
v8,feat_gbm,2.0,46,115,-0.36672361476647203,-0.04287987221360797
v8,feat_gbm,2.0,46,116,-2.7534941740513674,-3.4409421360670214
v8,feat_gbm,2.0,46,117,-2.9185839613918034,-2.4284095097884006
v8,feat_gbm,2.0,46,118,-2.615361276955408,-1.419217075367618
v8,feat_gbm,2.0,46,119,-0.7079269166519927,-1.4944271796191557
v8,feat_gbm,2.0,46,120,-3.468115143708328,-2.797137626437216
v8,feat_gbm,2.0,46,121,0.09496611506522303,3.1321125804877905
v8,feat_gbm,2.0,46,122,-1.114501197775502,-3.164895556438051
v8,feat_gbm,2.0,46,123,0.11986759225537558,-0.021234684620174846
v8,feat_gbm,2.0,46,124,-0.9068177287165826,-1.246001114532972
v8,feat_gbm,2.0,46,125,-0.9350492723227208,-2.7130193085566443
v8,feat_gbm,2.0,46,126,-0.6080285503494641,-2.0560780011130944
v8,feat_gbm,2.0,46,127,-2.9422924061874496,-1.631222331554067
v8,feat_gbm,2.0,46,128,-0.7844955485657228,-3.477307725783656
v8,feat_gbm,2.0,46,129,-0.5072422122808992,1.7007542891568868
v8,feat_gbm,2.0,46,130,0.03740404828219304,-3.4021624962570822
v8,feat_gbm,2.0,46,131,-3.0817172419408503,-3.701149444421242
v8,feat_gbm,2.0,46,132,-0.5126930842765983,-0.4116741376471012
v8,feat_gbm,2.0,46,133,-0.47516187530791376,-0.5680375850475197
v8,feat_gbm,2.0,46,134,-2.8230264849643603,-1.4788189923590598
v8,feat_gbm,2.0,46,135,-2.201046019925577,-2.9896549957503007
v8,feat_gbm,2.0,46,136,0.3449356558360425,0.11194117436713467
v8,feat_gbm,2.0,46,137,0.8009930033976946,1.7147062893715772
v8,feat_gbm,2.0,46,138,-2.606405223915642,-1.9709125209383296
v8,feat_gbm,2.0,46,139,-0.31590624044432025,0.19937477723826902
v8,feat_gbm,2.0,46,140,-2.892365241311272,-2.8223726616431475
v8,feat_gbm,2.0,46,141,-0.1398568920014333,-0.12380828599000025
v8,feat_gbm,2.0,46,142,-1.6683356395849889,-2.97521232911642
v8,feat_gbm,2.0,46,143,-2.05276616423059,-1.9484557479617686
v8,feat_gbm,2.0,46,144,-0.2824612815610825,1.244093655886106
v8,feat_gbm,2.0,46,145,-2.0849893589380204,-2.0280859266176816
v8,feat_gbm,2.0,46,146,-2.710035270239668,-2.0754073031653366
v8,feat_gbm,2.0,46,147,-0.14535830490894452,-0.11331641159387335
v8,feat_gbm,2.0,46,148,-2.609379380873908,-2.620298039600635
v8,feat_gbm,2.0,46,149,-3.1490342463865955,-3.8395532227602396
v8,feat_gbm,2.0,46,150,-0.03439313154569419,-2.149698272240366
v8,feat_gbm,2.0,46,151,-3.111233436916763,-3.1594376779318036
v8,feat_gbm,2.0,46,152,-2.0805794767179577,-2.7712141114581046
v8,feat_gbm,2.0,46,153,-0.6344156507630492,-1.1483368403810985
v8,feat_gbm,2.0,46,154,-1.1338321482664357,-1.4700676700115773
v8,feat_gbm,2.0,46,155,-0.42634513049945266,1.4088416749712322
v8,feat_gbm,2.0,46,156,-0.43170971756057347,0.7564704220494097
v8,feat_gbm,2.0,46,157,-1.1498365558660617,-1.7148995557963913
v8,feat_gbm,2.0,46,158,-1.0044170304181284,-2.8595355115547196
v8,feat_gbm,2.0,46,159,-1.2511690831093454,-0.9922400520728849
v8,feat_gbm,2.0,46,160,1.3319518895463822,1.8585227307534937
v8,feat_gbm,2.0,46,161,-3.3945826324126656,-2.477654537850602
v8,feat_gbm,2.0,46,162,-3.236174370958228,-2.993764039868935
v8,feat_gbm,2.0,46,163,-1.4099765588357942,-1.1722671160336509
v8,feat_gbm,2.0,46,164,-2.740582110761629,-1.6577576086204497
v8,feat_gbm,2.0,46,165,-1.6643693968753253,-2.9770186999323642
v8,feat_gbm,2.0,46,166,-2.2473714461808343,-3.2329952824425443
v8,feat_gbm,2.0,46,167,-0.20155075488924323,0.19550508612775644
v8,feat_gbm,2.0,46,168,-1.143753245665031,-1.2639642813248737
v8,feat_gbm,2.0,46,169,0.8516228609355698,1.4224064134580066
v8,feat_gbm,2.0,46,170,-2.591994746229484,-1.5303724784706008
v8,feat_gbm,2.0,46,171,0.025614436674995626,0.6086346650572224
v8,feat_gbm,2.0,46,172,0.10070480386006544,-0.052232489626048526
v8,feat_gbm,2.0,46,173,-1.558517005408748,-0.19074605880313256
v8,feat_gbm,2.0,46,174,-2.5233507430685376,-2.7678232596734214
v8,feat_gbm,2.0,46,175,-2.3511551867515297,-1.6557092188829319
v8,feat_gbm,2.0,46,176,0.6263221172394761,0.12081831439914445
v8,feat_gbm,2.0,46,177,-0.6514811269491627,3.7031714993021168
v8,feat_gbm,2.0,46,178,-0.6190685335750509,-0.17761292562564054
v8,feat_gbm,2.0,46,179,0.2203167881976861,0.2295122735959306
v8,feat_gbm,2.0,46,180,-1.2686765505831576,-1.6401012725318311
v8,feat_gbm,2.0,46,181,-2.8256431083558566,-3.399461101549646
v8,feat_gbm,2.0,46,182,0.19883771124400662,0.5421608664871393
v8,feat_gbm,2.0,46,183,-2.6195265366136957,-3.7858185839721776
v8,feat_gbm,2.0,46,184,-0.2313355984962204,0.4440956773301304
v8,feat_gbm,2.0,46,185,-0.48571078378990407,0.5450962365111649
v8,feat_gbm,2.0,46,186,-2.641673640329265,-3.094441269353033
v8,feat_gbm,2.0,46,187,0.09120892445329137,1.436275522654785
v8,feat_gbm,2.0,46,188,-0.1571551967976118,-0.003208414280501246
v8,feat_gbm,2.0,46,189,-2.7953948203866466,-2.0766448721687736
v8,feat_gbm,2.0,46,190,-2.1470630221121514,-2.887011097372245
v8,feat_gbm,2.0,46,191,-0.2968628176476878,-0.19564387773269687
v8,feat_gbm,2.0,46,192,-2.2104971648414264,-3.39219136175158
v8,feat_gbm,2.0,46,193,-4.04808419990803,-4.804455114758695
v8,feat_gbm,2.0,46,194,-1.1719869894392814,-0.23230879418151415
v8,feat_gbm,2.0,46,195,0.7762646668722883,0.7768952289284052
v8,feat_gbm,2.0,46,196,-3.41664440240918,-3.0758975731441707
v8,feat_gbm,2.0,46,197,1.3031617986621782,1.8852948766094535
v8,feat_gbm,2.0,46,198,0.13428507890589084,-0.07474663349946693
v8,feat_gbm,2.0,46,199,1.5167891277887577,0.9295509098669842
v8,feat_gbm,2.0,46,200,0.08589123486877648,0.40408761039079466
v8,feat_gbm,2.0,46,201,-2.230420485887741,-1.0185563947000995
v8,feat_gbm,2.0,46,202,-1.911335979848169,-1.5812541435625456
v8,feat_gbm,2.0,46,203,-1.3227512794448881,-2.9269603411540346
v8,feat_gbm,2.0,46,204,-0.3471555331628578,-0.9368237022381455
v8,feat_gbm,2.0,46,205,-0.8112452433479358,-0.771906247259438
v8,feat_gbm,2.0,46,206,-2.8338730039778555,-1.4457766532498904
v8,feat_gbm,2.0,46,207,-2.395640402696407,-2.4752738768021185
v8,feat_gbm,2.0,46,208,-3.0762573223980967,-2.8789590131308262
v8,feat_gbm,2.0,46,209,-3.1727724051945017,-2.6986856152036793
v8,feat_gbm,2.0,46,210,0.2393020332165745,0.05837096406180189
v8,feat_gbm,2.0,46,211,-2.362877189878778,-2.2327070274631113
v8,feat_gbm,2.0,46,212,-0.624946792157574,0.15758807445032513
v8,feat_gbm,2.0,46,213,0.7638961251569071,0.5234750924970406
v8,feat_gbm,2.0,46,214,0.6295893966215931,0.8312555987922697
v8,feat_gbm,2.0,46,215,-2.5599910584494867,-0.7699972654610447
v8,feat_gbm,2.0,46,216,-2.3139331577191604,-2.4368834827463726
v8,feat_gbm,2.0,46,217,-3.2294531789735426,-3.7421886443248944
v8,feat_gbm,2.0,46,218,-2.4025973540800614,-4.3753265313120195
v8,feat_gbm,2.0,46,219,-0.2235192429764337,0.13181597567614448
v8,feat_gbm,2.0,46,220,-2.7106332743265433,-2.150299196146146
v8,feat_gbm,2.0,46,221,-0.4496544917462368,0.4316281043505307
v8,feat_gbm,2.0,46,222,0.27504863493255927,0.20581216265343685
v8,feat_gbm,2.0,46,223,-0.5710953545949445,-1.7226779576420432
v8,feat_gbm,2.0,46,224,0.31803920863679974,1.0701061526100661
v8,feat_gbm,2.0,46,225,-3.1322195920446876,-2.995983076644188
v8,feat_gbm,2.0,46,226,0.21370926434300547,-0.39103048890459524
v8,feat_gbm,2.0,46,227,-2.0452645722929335,-2.811377433191803
v8,feat_gbm,2.0,46,228,-0.5257764536706031,0.1103569248772952
v8,feat_gbm,2.0,46,229,0.1961367589951294,1.0926797996732165
v8,feat_gbm,2.0,46,230,-1.7129604481413319,-1.1465469989616057
v8,feat_gbm,2.0,46,231,-3.628716442881465,-3.7045714701961474
v8,feat_gbm,2.0,46,232,-0.43362676180299237,-0.3205795311611984
v8,feat_gbm,2.0,46,233,0.12460364115424193,-0.7282288274356463
v8,feat_gbm,2.0,46,234,0.08763927979336422,-0.6143938277881194
v8,feat_gbm,2.0,46,235,-3.2509989648338857,-3.717493513170671
v8,feat_gbm,2.0,46,236,-1.4314681806094516,-1.894186438607053
v8,feat_gbm,2.0,46,237,-0.09976704873949452,0.19101892391720615
v8,feat_gbm,2.0,46,238,-2.6713922341801424,-2.723653519266766
v8,feat_gbm,2.0,46,239,0.4359665491302691,0.28172679866345784
v8,feat_gbm,2.0,46,240,-1.1670465517493553,-0.570916259780521
v8,feat_gbm,2.0,46,241,-0.7002991996188357,-3.037607674189957
v8,feat_gbm,2.0,46,242,-3.320253036652077,-2.4824067099880884
v8,feat_gbm,2.0,46,243,-0.05599340022189052,1.793244191067856
v8,feat_gbm,2.0,46,244,-2.798958092202622,-2.170563194223024
v8,feat_gbm,2.0,46,245,-3.0537382591671225,-2.5580286375581696
v8,feat_gbm,2.0,46,246,-2.6060457583100174,-3.9013363177662743
v8,feat_gbm,2.0,46,247,-1.1870474484997686,-1.2689211715035387
v8,feat_gbm,2.0,46,248,-2.9629184834743825,-2.89795980370705
v8,feat_gbm,2.0,46,249,-1.4860808403223327,-1.149470325468549
v8,feat_gbm,2.0,46,250,-1.6099450140278904,-2.1803876537888693
v8,feat_gbm,2.0,46,251,-2.071161165389551,-1.2010659028736028
v8,feat_gbm,2.0,46,252,-2.441141170086119,-2.675840590612525
v8,feat_gbm,2.0,46,253,-1.8905452574460395,-0.865421424414132
v8,feat_gbm,2.0,46,254,-1.496586395827108,-0.45089388998719687
v8,feat_gbm,2.0,46,255,-2.4532387474163935,-1.477655138121315
v8,feat_gbm,2.0,46,256,-2.746630399404276,-1.9234128661936198
v8,feat_gbm,2.0,46,257,-2.038884525970219,-0.8895479413744646
v8,feat_gbm,2.0,46,258,-0.990846941545371,-1.284701881398344
v8,feat_gbm,2.0,46,259,-0.24107516382036448,0.03791276039075724
v8,feat_gbm,2.0,46,260,-1.6542359618780695,-1.213907680807544
v8,feat_gbm,2.0,46,261,-0.30214368903253014,-0.6937064881158975
v8,feat_gbm,2.0,46,262,0.10725555796137826,-2.500344974429108
v8,feat_gbm,2.0,46,263,-2.588426030072589,-3.0782877743164985
v8,feat_gbm,2.0,46,264,-3.102977089735891,-3.2702790535172426
v8,feat_gbm,2.0,46,265,-0.18850552904220957,-0.15746453031192983
v8,feat_gbm,2.0,46,266,-2.052622516028227,-1.3930653126164372
v8,feat_gbm,2.0,46,267,-2.9376038177037804,-3.460520174484755
v8,feat_gbm,2.0,46,268,-2.0574656533439075,-1.8115923421665279
v8,feat_gbm,2.0,46,269,-0.04015330711276472,-0.04785951915829837
v8,feat_gbm,2.0,46,270,-0.499650404247856,-1.3387838926701625
v8,feat_gbm,2.0,46,271,0.5671220629157772,0.6172482925771328
v8,feat_gbm,2.0,46,272,-0.6088849747914408,0.10718580269537517
v8,feat_gbm,2.0,46,273,-1.8384641253101113,-2.4250613993713395
v8,feat_gbm,2.0,46,274,-0.9446418908845077,-0.4656136934058211
v8,feat_gbm,2.0,46,275,-2.4929378908749027,-1.7679071058666047
v8,feat_gbm,2.0,46,276,-1.1387393343003163,-0.15192249005847586
v8,feat_gbm,2.0,46,277,-0.33856919336905544,-0.22686658439221394
v8,feat_gbm,2.0,46,278,-0.881233126019282,-0.3963273628232521
v8,feat_gbm,2.0,46,279,-1.915451267835652,-2.1916982233579314
v8,feat_gbm,2.0,46,280,0.346297730193445,0.5138857123822332
v8,feat_gbm,2.0,46,281,-0.5350599528398653,0.13501120436460418
v8,feat_gbm,2.0,46,282,0.04080544748747832,-0.35232291748203215
v8,feat_gbm,2.0,46,283,0.19830949929264693,0.33710059568630363
v8,feat_gbm,2.0,46,284,1.0229971906511068,2.2269494594330284
v8,feat_gbm,2.0,46,285,-1.046621864666747,-0.8523290277873723
v8,feat_gbm,2.0,46,286,-0.061236427596062924,0.5032694866056324
v8,feat_gbm,2.0,46,287,-1.9700672581124348,-3.0734310124071125
v8,feat_gbm,2.0,46,288,-2.715865620105645,-3.0969464995649485
v8,feat_gbm,2.0,46,289,0.18456911736762596,0.8088909840914691
v8,feat_gbm,2.0,46,290,-1.9177987200181368,-1.710735902712342
v8,feat_gbm,2.0,46,291,-0.07200000358764796,-0.24588513525180683
v8,feat_gbm,2.0,46,292,-2.7565034786562252,-2.9910915714149957
v8,feat_gbm,2.0,46,293,-0.13215356360403624,0.24397961438558982
v8,feat_gbm,2.0,46,294,0.1850417652518697,0.9827222917401395
v8,feat_gbm,2.0,46,295,0.4259340566774996,1.5399914318848642
v8,feat_gbm,2.0,46,296,-2.405257132027844,-3.028104854063688
v8,feat_gbm,2.0,46,297,-0.5063597067335732,-1.9675880903276046
v8,feat_gbm,2.0,46,298,0.3767062701349607,0.3882116190950413
v8,feat_gbm,2.0,46,299,-1.5616353816873918,-0.4169590587595381
v8,feat_gbm,2.0,46,300,-1.0463760738278145,-0.47104701624968015
v8,feat_gbm,2.0,46,301,-1.149999923955956,-0.5788171023402015
v8,feat_gbm,2.0,46,302,-2.3990172668484937,-3.325334912618423
v8,feat_gbm,2.0,46,303,-0.8531069467120366,0.27214776974989446
v8,feat_gbm,2.0,46,304,-0.20807304364128681,0.2838761456734127
v8,feat_gbm,2.0,46,305,0.47332228905202267,0.98356576927226
v8,feat_gbm,2.0,46,306,-2.833723988227109,-2.324804251846344
v8,feat_gbm,2.0,46,307,-0.07815769283979958,-0.30060412365222405
v8,feat_gbm,2.0,46,308,-2.8479808505852735,-3.5706943269006843
v8,feat_gbm,2.0,46,309,-0.23047288874060523,0.7657986236992217
v8,feat_gbm,2.0,46,310,-0.35394792354163346,-0.3760212383278314
v8,feat_gbm,2.0,46,311,1.0948655031983234,0.903367601886353
v8,feat_gbm,2.0,46,312,0.22406692636363937,0.2834145554969618
v8,feat_gbm,2.0,46,313,0.053685879535616564,-0.8750381269167363
v8,feat_gbm,2.0,46,314,-0.6937613431927541,-0.8911054934067958
v8,feat_gbm,2.0,46,315,0.1500676264280308,0.2699623908229132
v8,feat_gbm,2.0,46,316,-3.152206565287855,-4.034449774534175
v8,feat_gbm,2.0,46,317,-0.30537390358199656,0.7302045063515665
v8,feat_gbm,2.0,46,318,-2.026782758778635,-2.5264159394565007
v8,feat_gbm,2.0,46,319,-3.1777272216702643,-3.1280680478747835
v8,feat_gbm,2.0,46,320,0.061360285532503674,-0.623194388118803
v8,feat_gbm,2.0,46,321,-3.6977591826156395,-4.172922463867305
v8,feat_gbm,2.0,46,322,1.380985124120155,1.0714029341973417
v8,feat_gbm,2.0,46,323,-3.0395108077971273,-2.5538050374755565
v8,feat_gbm,2.0,46,324,-1.7670189506455667,-1.5310020975326282
v8,feat_gbm,2.0,46,325,-0.2051324783161357,-0.735749980772127
v8,feat_gbm,2.0,46,326,-0.47047075299453056,-0.5010306012352705
v8,feat_gbm,2.0,46,327,-4.0037941763284985,-4.393123087746285
v8,feat_gbm,2.0,46,328,-1.0648860562044267,0.6439364857563509
v8,feat_gbm,2.0,46,329,-2.510644397045871,-2.60760252445046
v8,feat_gbm,2.0,46,330,0.4570222573056071,0.46983427811083467
v8,feat_gbm,2.0,46,331,-1.9365950495121786,-1.149354435920189
v8,feat_gbm,2.0,46,332,-2.0912445816385543,-1.0961264399974935
v8,feat_gbm,2.0,46,333,0.16942317057009165,1.4253561556633074
v8,feat_gbm,2.0,46,334,0.9869108952871181,1.0406546288822482
v8,feat_gbm,2.0,46,335,0.32328426472030625,-0.1286217558512718
v8,feat_gbm,2.0,46,336,-1.7188766662611044,-1.7275974260064488
v8,feat_gbm,2.0,46,337,-3.789271121613451,-4.535227665039715
v8,feat_gbm,2.0,46,338,-0.05275470418976542,-1.078833843619319
v8,feat_gbm,2.0,46,339,-2.947650018792555,-2.035297396751524
v8,feat_gbm,2.0,46,340,-0.11194673162872275,0.4788286932125707
v8,feat_gbm,2.0,46,341,-1.814891025389179,-0.4595082096564039
v8,feat_gbm,2.0,46,342,-3.2065318612986973,-3.653430804591794
v8,feat_gbm,2.0,46,343,0.4052479151956584,0.2834522663037432
v8,feat_gbm,2.0,46,344,-0.059074470486674496,-0.15984972455285287
v8,feat_gbm,2.0,46,345,-1.798058671860955,-3.8822970119574354
v8,feat_gbm,2.0,46,346,-2.1472967085287693,-2.5801989990218064
v8,feat_gbm,2.0,46,347,-2.813764446711196,-3.2622630695286134
v8,feat_gbm,2.0,46,348,-0.6268095753237436,-0.4894561152880944
v8,feat_gbm,2.0,46,349,-1.9815917798875564,-3.0223552414624764
v8,feat_gbm,2.0,46,350,0.710319488669995,0.4215072765335228
v8,feat_gbm,2.0,46,351,-1.268627298109367,-1.8152752103400673
v8,feat_gbm,2.0,46,352,0.5629445113733367,1.102263670511441
v8,feat_gbm,2.0,46,353,0.3489949330603185,1.4454852001466738
v8,feat_gbm,2.0,46,354,-2.948107392830349,-3.6770060333191017
v8,feat_gbm,2.0,46,355,-3.54402066384775,-5.078652858832153
v8,feat_gbm,2.0,46,356,0.020371802146835965,0.7815322159665122
v8,feat_gbm,2.0,46,357,-0.03298064004186599,0.6775133790495483
v8,feat_gbm,2.0,46,358,-3.0907900677397144,-3.5163570325540956
v8,feat_gbm,2.0,46,359,-1.245269400058105,-4.157760523739404
v8,feat_gbm,2.0,46,360,-1.1613093992935388,-0.18386357284099003
v8,feat_gbm,2.0,46,361,-2.715400814355306,-4.477383009144865
v8,feat_gbm,2.0,46,362,-0.7117546196619116,0.2909126951240761
v8,feat_gbm,2.0,46,363,-3.7497464995817347,-3.5121531596302606
v8,feat_gbm,2.0,46,364,-0.5220781390385351,-0.0019354464452207268
v8,feat_gbm,2.0,46,365,-3.119027172201553,-3.264666087597375
v8,feat_gbm,2.0,46,366,-1.719141389387033,-1.4961090632143375
v8,feat_gbm,2.0,46,367,-0.0733532764604815,-0.10305907560987346
v8,feat_gbm,2.0,46,368,-0.5600853638054183,0.24601275195113992
v8,feat_gbm,2.0,46,369,-0.818219294953259,-1.6400355118163064
v8,feat_gbm,2.0,46,370,-3.0224625694914034,-1.5399226532969161
v8,feat_gbm,2.0,46,371,-0.9348873860114177,-0.3336387161155974
v8,feat_gbm,2.0,46,372,-0.621150909422413,0.3185760540422761
v8,feat_gbm,2.0,46,373,-0.5130048525257124,-0.30756424411789
v8,feat_gbm,2.0,46,374,-3.335379296647917,-3.551435429619069
v8,feat_gbm,2.0,46,375,0.283270626277564,-0.12846918127015178
v8,feat_gbm,2.0,46,376,0.5296412712437513,0.43413099611324796
v8,feat_gbm,2.0,46,377,0.13089525404279465,0.8095384731463161
v8,feat_gbm,2.0,46,378,0.24509456636432492,0.20303525329731625
v8,feat_gbm,2.0,46,379,0.10268082411217248,0.524784145223057
v8,feat_gbm,2.0,46,380,-0.029350711446261533,0.8722609808312535
v8,feat_gbm,2.0,46,381,-0.9514081843042705,1.0190202163897197
v8,feat_gbm,2.0,46,382,0.17111772646753592,1.2715191268303472
v8,feat_gbm,2.0,46,383,-0.8897179467296988,-0.13923746667536385
v8,feat_gbm,2.0,46,384,-1.2662325450553593,-1.7983983483294153
v8,feat_gbm,2.0,46,385,-0.5067847215490672,0.5606037150840157
v8,feat_gbm,2.0,46,386,0.8560092208971231,0.6003456151224621
v8,feat_gbm,2.0,46,387,0.32751354332773297,1.3071718981356573
v8,feat_gbm,2.0,46,388,0.021855898900466242,-0.19457283568776126
v8,feat_gbm,2.0,46,389,-1.9346872726703974,-0.981880356960367
v8,feat_gbm,2.0,46,390,-1.8446434313255475,-2.628024059072158
v8,feat_gbm,2.0,46,391,-2.230611442183404,-2.479262758098376
v8,feat_gbm,2.0,46,392,-2.1542224878511362,-2.207941629114672
v8,feat_gbm,2.0,46,393,-1.9443677411655147,-2.806586620215901
v8,feat_gbm,2.0,46,394,-0.3066112449824844,-0.16842623590390868
v8,feat_gbm,2.0,46,395,0.25322354433436045,0.3596423409999632
v8,feat_gbm,2.0,46,396,-2.483435796161227,-3.117667066362407
v8,feat_gbm,2.0,46,397,0.9346168580303142,0.6134086288650079
v8,feat_gbm,2.0,46,398,0.37559244233459294,0.5049020087080688
v8,feat_gbm,2.0,46,399,-1.9120016846911092,-1.0548605918119196
v8,feat_gbm,2.0,46,400,-3.5282190080812366,-2.877676775828332
v8,feat_gbm,2.0,46,401,-0.03987440367169332,0.015654415635624343
v8,feat_gbm,2.0,46,402,-0.10288289651027707,-0.7027824676465185
v8,feat_gbm,2.0,46,403,0.22189226537495546,0.6733427913489138
v8,feat_gbm,2.0,46,404,-0.23507659188506666,0.03259550049258387
v8,feat_gbm,2.0,46,405,-2.5473571023778354,-3.4179416205706223
v8,feat_gbm,2.0,46,406,-2.6522141298588497,-1.6563158072976616
v8,feat_gbm,2.0,46,407,-0.48288024776465305,0.3281041495218151
v8,feat_gbm,2.0,46,408,-0.4870881891015491,-1.498502430121411
v8,feat_gbm,2.0,46,409,-0.988603038304539,-1.5390850133499359
v8,feat_gbm,2.0,46,410,-1.1545220870685102,-3.8769914364338094
v8,feat_gbm,2.0,46,411,-1.132574867796684,-1.1093409530974205
v8,feat_gbm,2.0,46,412,-2.3500121140791093,-2.1356441225652167
v8,feat_gbm,2.0,46,413,-0.21149194757550552,0.5613925387002681
v8,feat_gbm,2.0,46,414,-2.76403792677766,-2.672303525149137
v8,feat_gbm,2.0,46,415,0.2747673357702204,0.9887747910888531
v8,feat_gbm,2.0,46,416,-3.249258683892528,-2.064740642123073
v8,feat_gbm,2.0,46,417,-0.36725962795994765,-0.13534283366780814
v8,feat_gbm,2.0,46,418,0.15465179533145448,0.5266566940316069
v8,feat_gbm,2.0,46,419,-1.7184523755677172,-0.7929716308762645
v8,feat_gbm,2.0,46,420,-0.042819607224563676,0.22081989653443584
v8,feat_gbm,2.0,46,421,-3.616597122053709,-3.4911396429773087
v8,feat_gbm,2.0,46,422,-0.35914180133941054,0.4691563032653497
v8,feat_gbm,2.0,46,423,0.013857600064078787,-0.21242164749251408
v8,feat_gbm,2.0,46,424,-2.2994605183342616,-2.0235730224261497
v8,feat_gbm,2.0,46,425,-0.17122285903008636,0.1881042769243711
v8,feat_gbm,2.0,46,426,-0.561777770453127,-0.7546830882020855
v8,feat_gbm,2.0,46,427,-1.364188064435806,-2.004418163271322
v8,feat_gbm,2.0,46,428,-0.7331416944183963,0.08108350485015015
v8,feat_gbm,2.0,46,429,-2.195372269367513,-0.8958783842144782
v8,feat_gbm,2.0,46,430,-1.4905388945252867,-0.700178367515834
v8,feat_gbm,2.0,46,431,-1.8506759721095507,-2.026447754843476
v8,feat_gbm,2.0,46,432,-3.4610912325081147,-3.3644112924118934
v8,feat_gbm,2.0,46,433,-2.374106271934867,-2.4777804975332844
v8,feat_gbm,2.0,46,434,-3.080925153749546,-3.6407879329147783
v8,feat_gbm,2.0,46,435,0.13661149864550237,0.8140524350977956
v8,feat_gbm,2.0,46,436,-0.5122681956236351,-0.6342245759550225
v8,feat_gbm,2.0,46,437,-1.1758494645858255,-1.0170271575608654
v8,feat_gbm,2.0,46,438,-1.3425341935890305,1.2058566336630974
v8,feat_gbm,2.0,46,439,0.7370781546699791,1.04159183954478
v8,feat_gbm,2.0,46,440,-0.2651042194124634,-0.383754051292973
v8,feat_gbm,2.0,46,441,0.6880730507363632,0.9717849563735496
v8,feat_gbm,2.0,46,442,0.622492724791758,0.915394257773604
v8,feat_gbm,2.0,46,443,-0.6473321629702171,0.17619398118278368
v8,feat_gbm,2.0,46,444,-2.9738418917343927,-2.3026142847949007
v8,feat_gbm,2.0,46,445,0.13697399851959316,-2.156995715227189
v8,feat_gbm,2.0,46,446,-2.0769961315417995,-1.9647154613855007
v8,feat_gbm,2.0,46,447,-1.5919942642488845,-1.2167428909736953
v8,feat_gbm,2.0,46,448,-0.2351755705609252,0.371748058948411
v8,feat_gbm,2.0,46,449,-2.2491192335261734,-3.354914600670279
v8,feat_gbm,2.0,46,450,-0.9556423641591025,-2.0984010901330774
v8,feat_gbm,2.0,46,451,-0.3646006526966994,-1.8411195968283314
v8,feat_gbm,2.0,46,452,0.01656132864047272,-0.2866386615093297
v8,feat_gbm,2.0,46,453,-2.4375696268852707,-2.1769502099219324
v8,feat_gbm,2.0,46,454,-0.7637290997911244,0.851829112076475
v8,feat_gbm,2.0,46,455,0.5044873178797766,-0.5174982843777256
v8,feat_gbm,2.0,46,456,-3.614422015770172,-3.7883351795095335
v8,feat_gbm,2.0,46,457,-2.826601638479109,-1.3225504843777425
v8,feat_gbm,2.0,46,458,-0.37070349991343,-0.6304710111145473
v8,feat_gbm,2.0,46,459,-0.5888606148528461,-2.867776928577639
v8,feat_gbm,2.0,46,460,-0.4150838775899953,-0.20106453453544149
v8,feat_gbm,2.0,46,461,0.023706127713490656,0.565413433251147
v8,feat_gbm,2.0,46,462,-0.708645352059767,0.6531860801292728
v8,feat_gbm,2.0,46,463,-2.699061665612585,-3.295531334571209
v8,feat_gbm,2.0,46,464,-1.3176781806890552,-1.118951529136503
v8,feat_gbm,2.0,46,465,-0.16952412250060397,0.08535922256033004
v8,feat_gbm,2.0,46,466,-0.6071933201931411,0.2656879386171551
v8,feat_gbm,2.0,46,467,-1.1269228918897802,-1.0764680911985907
v8,feat_gbm,2.0,46,468,1.1262319598128092,2.2503813782282114
v8,feat_gbm,2.0,46,469,-0.05342605202363845,-0.029700274932011248
v8,feat_gbm,2.0,46,470,-3.2856583184715067,-2.1918010579584375
v8,feat_gbm,2.0,46,471,-0.5800109512558356,-0.12537364897776127
v8,feat_gbm,2.0,46,472,-0.47411908770869987,-1.3714574409892777
v8,feat_gbm,2.0,46,473,-0.8877443265443286,-1.0216450817816245
v8,feat_gbm,2.0,46,474,-0.4290534346795503,-0.8313233833759152
v8,feat_gbm,2.0,46,475,-1.5031080433542516,-3.25243582884057
v8,feat_gbm,2.0,46,476,0.17347116566116413,0.8737365575305754
v8,feat_gbm,2.0,46,477,-2.6988904497261377,-1.8373017486027088
v8,feat_gbm,2.0,46,478,-2.1105774305834633,-1.909749317133085
v8,feat_gbm,2.0,46,479,-0.2330004386924792,0.418341725137149
v8,feat_gbm,2.0,46,480,-3.0244415712920856,-2.8689304810445995
v8,feat_gbm,2.0,46,481,-3.3764665323543186,-3.9192950012633494
v8,feat_gbm,2.0,46,482,0.571820428631648,0.8191907452202399
v8,feat_gbm,2.0,46,483,-2.57126193010347,-2.7371748494528005
v8,feat_gbm,2.0,46,484,0.5500762132696433,0.043868991079412875
v8,feat_gbm,2.0,46,485,-2.100632409070385,-3.9571024828402512
v8,feat_gbm,2.0,46,486,-1.661989670198293,-0.8286091055291892
v8,feat_gbm,2.0,46,487,0.1846342750197151,1.1086460137612473
v8,feat_gbm,2.0,46,488,-0.6791886000699725,-1.0899995989348372
v8,feat_gbm,2.0,46,489,-1.8299330469999189,-2.9260181182274523
v8,feat_gbm,2.0,46,490,-0.36889674323632227,0.01778898425240747
v8,feat_gbm,2.0,46,491,0.03956073595137713,-0.388546054063584
v8,feat_gbm,2.0,46,492,-1.6407623258661497,-0.8483910406321095
v8,feat_gbm,2.0,46,493,-2.2883237326436916,-2.4855190663855797
v8,feat_gbm,2.0,46,494,-0.1011818923115221,-0.6027729178489412
v8,feat_gbm,2.0,46,495,-3.6918738968592506,-1.5285925057254015
v8,feat_gbm,2.0,46,496,0.2510620648765374,1.0092174422839322
v8,feat_gbm,2.0,46,497,-2.5166501012916758,-2.421052301727873
v8,feat_gbm,2.0,46,498,-3.2317174918256253,-3.2283141264699093
v8,feat_gbm,2.0,46,499,-4.111283876135919,-4.907212199848568
v8,feat_gbm,4.0,42,0,-0.7193377983920902,0.03894909458183669
v8,feat_gbm,4.0,42,1,-2.3886903565765656,-2.5052564746229193
v8,feat_gbm,4.0,42,2,-0.2806346736477425,0.6287827851917782
v8,feat_gbm,4.0,42,3,-2.7558412276561555,-3.3447289283878643
v8,feat_gbm,4.0,42,4,0.8896853248009632,0.9694015026406426
v8,feat_gbm,4.0,42,5,-0.5446092596141409,-2.4693709778233526
v8,feat_gbm,4.0,42,6,-0.13969923059826572,-0.2819211013310965
v8,feat_gbm,4.0,42,7,-0.03837036432989369,0.5289578846490461
v8,feat_gbm,4.0,42,8,0.09089661943394839,0.032863622186365654
v8,feat_gbm,4.0,42,9,0.07588586534771069,0.9352707853930591
v8,feat_gbm,4.0,42,10,-1.2194855767329746,-1.5987558134683666
v8,feat_gbm,4.0,42,11,-1.9547576826741386,-3.2678706438993954
v8,feat_gbm,4.0,42,12,-1.737796301245391,-2.445380546146449
v8,feat_gbm,4.0,42,13,-0.933724707780918,-0.4471217519653716
v8,feat_gbm,4.0,42,14,-0.9421443997631306,-1.8343062920535937
v8,feat_gbm,4.0,42,15,-1.3675828950735456,-2.278287047942225
v8,feat_gbm,4.0,42,16,-1.2202917619980678,-1.113015507562239
v8,feat_gbm,4.0,42,17,-0.9324760028226069,-1.149386040828735
v8,feat_gbm,4.0,42,18,-1.4907329326565073,-0.4541092694382234
v8,feat_gbm,4.0,42,19,-2.6937677191366567,-2.8798658660471284
v8,feat_gbm,4.0,42,20,-3.4639435264338134,-3.281006200299989
v8,feat_gbm,4.0,42,21,-2.7946949317637495,-0.7889402030111288
v8,feat_gbm,4.0,42,22,-0.5106328605330351,-0.48114593055133975
v8,feat_gbm,4.0,42,23,-2.944884167166158,-2.8038114998165153
v8,feat_gbm,4.0,42,24,-3.5276603638211474,-2.6726430450531393
v8,feat_gbm,4.0,42,25,-2.512148363554387,-3.141178249464176
v8,feat_gbm,4.0,42,26,-3.005850591602115,-3.8612362310489847
v8,feat_gbm,4.0,42,27,-1.8785896296209363,-3.085821277369337
v8,feat_gbm,4.0,42,28,-3.06950038894136,-2.1153791712035637
v8,feat_gbm,4.0,42,29,-1.6821418982695588,-0.5854112868629942
v8,feat_gbm,4.0,42,30,-0.43320028357265594,0.13849791927417068
v8,feat_gbm,4.0,42,31,-1.5237020983874066,-2.779654184179668
v8,feat_gbm,4.0,42,32,0.6241121158857191,0.9166392391011026
v8,feat_gbm,4.0,42,33,-2.66097058334143,-2.134444297962007
v8,feat_gbm,4.0,42,34,0.24153810823747648,1.1224191581864646
v8,feat_gbm,4.0,42,35,-3.2571976570029135,-2.7514680837461087
v8,feat_gbm,4.0,42,36,-1.501969638516449,0.7493710802437775
v8,feat_gbm,4.0,42,37,-1.5850456645846727,-2.157600461660938
v8,feat_gbm,4.0,42,38,-1.338997746053011,-1.7436371170468024
v8,feat_gbm,4.0,42,39,-0.0045657181682692205,0.632388610685479
v8,feat_gbm,4.0,42,40,-2.7651118417182605,-1.5024753827969588
v8,feat_gbm,4.0,42,41,-1.9698676204327135,-2.936018587066778
v8,feat_gbm,4.0,42,42,-1.6003684721235645,-0.06406961406287034
v8,feat_gbm,4.0,42,43,-0.6713878851088624,-0.43711075337934485
v8,feat_gbm,4.0,42,44,-1.3865937526805348,0.521724778538647
v8,feat_gbm,4.0,42,45,0.34230340969403444,-0.02881562555915001
v8,feat_gbm,4.0,42,46,-2.1750152269447667,-2.6856700943784895
v8,feat_gbm,4.0,42,47,-2.1432040763538915,-3.3419513202228783
v8,feat_gbm,4.0,42,48,-0.043141488036567616,-0.35240032436669677
v8,feat_gbm,4.0,42,49,-3.3768773534749257,-4.466027560457086
v8,feat_gbm,4.0,42,50,-2.588303219542298,-1.2227887404747313
v8,feat_gbm,4.0,42,51,-3.1749242669069258,-4.168130875201601
v8,feat_gbm,4.0,42,52,-0.7321500680262795,-2.1825653069440887
v8,feat_gbm,4.0,42,53,-2.3108478686027603,-2.816977102698189
v8,feat_gbm,4.0,42,54,0.04283773852880661,-0.9520374156321785
v8,feat_gbm,4.0,42,55,0.712119395987258,0.800460094219776
v8,feat_gbm,4.0,42,56,0.44500748535762535,0.2782562560211116
v8,feat_gbm,4.0,42,57,-0.09439285598926234,-0.7855200046266205
v8,feat_gbm,4.0,42,58,-3.57238913045734,-2.837973637743256
v8,feat_gbm,4.0,42,59,-2.7731009740628747,0.3653424354755994
v8,feat_gbm,4.0,42,60,-0.8667853438519109,-3.145987746693799
v8,feat_gbm,4.0,42,61,-2.6461608635762377,-2.1381844357326614
v8,feat_gbm,4.0,42,62,-2.2239029320127197,0.3908315550690521
v8,feat_gbm,4.0,42,63,-3.1268356332807046,-3.259739876316779
v8,feat_gbm,4.0,42,64,-2.4703116452548066,-3.799325775609258
v8,feat_gbm,4.0,42,65,-2.40591679107625,0.2842997557356093
v8,feat_gbm,4.0,42,66,0.29996090032896416,0.9099380077885143
v8,feat_gbm,4.0,42,67,0.07344495282891825,0.5741223235018287
v8,feat_gbm,4.0,42,68,0.31699065467727844,1.3807263582335993
v8,feat_gbm,4.0,42,69,-0.3212656502196428,2.7357387204405055
v8,feat_gbm,4.0,42,70,0.24205907911851784,-0.3782017485149665
v8,feat_gbm,4.0,42,71,-1.4276847488208149,-0.6946521973220513
v8,feat_gbm,4.0,42,72,-2.157861249272982,-3.510295151868067
v8,feat_gbm,4.0,42,73,-1.2615127085134188,-0.3643686170400702
v8,feat_gbm,4.0,42,74,0.6966306580168123,1.1835884152793859
v8,feat_gbm,4.0,42,75,-0.23072047152022182,-0.38644824542838596
v8,feat_gbm,4.0,42,76,-0.6475410701157469,0.7005004452467647
v8,feat_gbm,4.0,42,77,-1.2940889123829682,0.3770911051312199
v8,feat_gbm,4.0,42,78,-0.37242154868716576,-0.5374783823521183
v8,feat_gbm,4.0,42,79,-3.1672257493891482,-3.2499450611549854
v8,feat_gbm,4.0,42,80,-2.3724714222010013,-1.719925172279684
v8,feat_gbm,4.0,42,81,0.41865304407030723,1.8185710395242058
v8,feat_gbm,4.0,42,82,-0.7725579901723424,-1.0758778979961314
v8,feat_gbm,4.0,42,83,-1.2393558002432303,-0.8033140510569362
v8,feat_gbm,4.0,42,84,-1.8497855858672028,-2.0837035815006346
v8,feat_gbm,4.0,42,85,-2.669306707895377,-1.2430797823904942
v8,feat_gbm,4.0,42,86,0.15317155937918964,0.639317965424242
v8,feat_gbm,4.0,42,87,-0.8467631312583523,-0.02321591952008587
v8,feat_gbm,4.0,42,88,-2.3813702595656663,-3.512086916650174
v8,feat_gbm,4.0,42,89,-1.889958695969666,-1.684363733317816
v8,feat_gbm,4.0,42,90,-2.2852699829063328,-3.5341996208099964
v8,feat_gbm,4.0,42,91,0.5672571374322555,1.1574629997660548
v8,feat_gbm,4.0,42,92,-1.362077226119462,-0.7651863719989663
v8,feat_gbm,4.0,42,93,-2.6103290486773427,-5.7708125015304885
v8,feat_gbm,4.0,42,94,-0.0926563424792762,0.07374698385127064
v8,feat_gbm,4.0,42,95,-1.878050690972141,1.201566413592891
v8,feat_gbm,4.0,42,96,-1.183538925742461,1.2655480006709303
v8,feat_gbm,4.0,42,97,-2.3596427217526443,-3.2217777708537843
v8,feat_gbm,4.0,42,98,-1.9636327937813918,-1.2120387208328698
v8,feat_gbm,4.0,42,99,0.10284758041903813,-0.04015373686183237
v8,feat_gbm,4.0,42,100,-3.0615521705433686,-2.8384481914339785
v8,feat_gbm,4.0,42,101,-3.135501534684926,-3.541068619782685
v8,feat_gbm,4.0,42,102,-2.3864671176181598,-4.424727465058162
v8,feat_gbm,4.0,42,103,-1.0041359388145776,-0.7652009130347144
v8,feat_gbm,4.0,42,104,-1.047236351246622,-0.406664655497914
v8,feat_gbm,4.0,42,105,-2.3728027610306444,-2.8019031633754246
v8,feat_gbm,4.0,42,106,-2.583332569131108,-1.1978192780958505
v8,feat_gbm,4.0,42,107,-1.808561341824237,-1.2497822804421463
v8,feat_gbm,4.0,42,108,-0.5524653311356393,-0.2003702404752673
v8,feat_gbm,4.0,42,109,-1.8120077496046667,-0.28745536208379296
v8,feat_gbm,4.0,42,110,-0.27803549737916755,0.2838469771831524
v8,feat_gbm,4.0,42,111,-0.9597329810953207,0.6579850926301614
v8,feat_gbm,4.0,42,112,0.36597895514658985,-0.4279263804064609
v8,feat_gbm,4.0,42,113,0.0487128541504432,0.527327823801956
v8,feat_gbm,4.0,42,114,-2.2042535559674383,-3.652947895428966
v8,feat_gbm,4.0,42,115,-1.3534061787897231,-0.04287987221360797
v8,feat_gbm,4.0,42,116,-2.589314432260263,-3.4409421360670214
v8,feat_gbm,4.0,42,117,-2.7821521880302282,-2.4284095097884006
v8,feat_gbm,4.0,42,118,-2.649182955833339,-1.419217075367618
v8,feat_gbm,4.0,42,119,-0.2507968996976006,-1.4944271796191557
v8,feat_gbm,4.0,42,120,-2.9955376148377604,-2.797137626437216
v8,feat_gbm,4.0,42,121,-0.06352687462088137,3.1321125804877905
v8,feat_gbm,4.0,42,122,0.14757116677590434,-3.164895556438051
v8,feat_gbm,4.0,42,123,-0.1102432586198823,-0.021234684620174846
v8,feat_gbm,4.0,42,124,-1.0800150283421475,-1.246001114532972
v8,feat_gbm,4.0,42,125,-1.346658877729385,-2.7130193085566443
v8,feat_gbm,4.0,42,126,-0.2385987042600773,-2.0560780011130944
v8,feat_gbm,4.0,42,127,-3.126729905356904,-1.631222331554067
v8,feat_gbm,4.0,42,128,-0.4681644965131945,-3.477307725783656
v8,feat_gbm,4.0,42,129,-0.9162194929531341,1.7007542891568868
v8,feat_gbm,4.0,42,130,-0.8555457620467832,-3.4021624962570822
v8,feat_gbm,4.0,42,131,-2.952508863012805,-3.701149444421242
v8,feat_gbm,4.0,42,132,-1.0515795181635192,-0.4116741376471012
v8,feat_gbm,4.0,42,133,-0.6840709766236857,-0.5680375850475197
v8,feat_gbm,4.0,42,134,-2.390740017435162,-1.4788189923590598
v8,feat_gbm,4.0,42,135,-1.3712441640236899,-2.9896549957503007
v8,feat_gbm,4.0,42,136,-0.07029084318084919,0.11194117436713467
v8,feat_gbm,4.0,42,137,0.10306247552577043,1.7147062893715772
v8,feat_gbm,4.0,42,138,-1.8217566009414092,-1.9709125209383296
v8,feat_gbm,4.0,42,139,-1.1915796076299092,0.19937477723826902
v8,feat_gbm,4.0,42,140,-3.3066918822886024,-2.8223726616431475
v8,feat_gbm,4.0,42,141,-0.4701527759497178,-0.12380828599000025
v8,feat_gbm,4.0,42,142,-1.2089194920599002,-2.97521232911642
v8,feat_gbm,4.0,42,143,-2.4489487084541857,-1.9484557479617686
v8,feat_gbm,4.0,42,144,0.07408748009869741,1.244093655886106
v8,feat_gbm,4.0,42,145,-1.3715413379487038,-2.0280859266176816
v8,feat_gbm,4.0,42,146,-2.8680231180335007,-2.0754073031653366
v8,feat_gbm,4.0,42,147,-0.198038472815789,-0.11331641159387335
v8,feat_gbm,4.0,42,148,-2.920664857454749,-2.620298039600635
v8,feat_gbm,4.0,42,149,-2.25382322146776,-3.8395532227602396
v8,feat_gbm,4.0,42,150,0.2940362762594674,-2.149698272240366
v8,feat_gbm,4.0,42,151,-3.464879699345758,-3.1594376779318036
v8,feat_gbm,4.0,42,152,-1.322477620062496,-2.7712141114581046
v8,feat_gbm,4.0,42,153,-0.8755886190650695,-1.1483368403810985
v8,feat_gbm,4.0,42,154,-0.9098617092467928,-1.4700676700115773
v8,feat_gbm,4.0,42,155,-0.19478080743648585,1.4088416749712322
v8,feat_gbm,4.0,42,156,-0.8991236660765565,0.7564704220494097
v8,feat_gbm,4.0,42,157,-1.773842847027113,-1.7148995557963913
v8,feat_gbm,4.0,42,158,-0.8129709411533335,-2.8595355115547196
v8,feat_gbm,4.0,42,159,-1.519912178423686,-0.9922400520728849
v8,feat_gbm,4.0,42,160,0.3491109112623453,1.8585227307534937
v8,feat_gbm,4.0,42,161,-3.261561532865909,-2.477654537850602
v8,feat_gbm,4.0,42,162,-3.5575550051871834,-2.993764039868935
v8,feat_gbm,4.0,42,163,-3.192219988846688,-1.1722671160336509
v8,feat_gbm,4.0,42,164,-2.9907591203965653,-1.6577576086204497
v8,feat_gbm,4.0,42,165,-1.5863139350449167,-2.9770186999323642
v8,feat_gbm,4.0,42,166,-2.24663955463338,-3.2329952824425443
v8,feat_gbm,4.0,42,167,-0.2783204949074559,0.19550508612775644
v8,feat_gbm,4.0,42,168,-1.1690070602754914,-1.2639642813248737
v8,feat_gbm,4.0,42,169,-0.574777104832791,1.4224064134580066
v8,feat_gbm,4.0,42,170,-2.568014597774431,-1.5303724784706008
v8,feat_gbm,4.0,42,171,0.7416750591760777,0.6086346650572224
v8,feat_gbm,4.0,42,172,-0.3865524290199684,-0.052232489626048526
v8,feat_gbm,4.0,42,173,-1.4771573142711443,-0.19074605880313256
v8,feat_gbm,4.0,42,174,-2.0437562170204138,-2.7678232596734214
v8,feat_gbm,4.0,42,175,-1.8797232803526862,-1.6557092188829319
v8,feat_gbm,4.0,42,176,0.5607091762763293,0.12081831439914445
v8,feat_gbm,4.0,42,177,-0.692245561586137,3.7031714993021168
v8,feat_gbm,4.0,42,178,-0.5684075323825469,-0.17761292562564054
v8,feat_gbm,4.0,42,179,0.004257311179476856,0.2295122735959306
v8,feat_gbm,4.0,42,180,-1.7259792667565659,-1.6401012725318311
v8,feat_gbm,4.0,42,181,-2.992486945853999,-3.399461101549646
v8,feat_gbm,4.0,42,182,0.43876357177740144,0.5421608664871393
v8,feat_gbm,4.0,42,183,-1.8840155178449542,-3.7858185839721776
v8,feat_gbm,4.0,42,184,-0.08654056365889391,0.4440956773301304
v8,feat_gbm,4.0,42,185,-1.658641451383994,0.5450962365111649
v8,feat_gbm,4.0,42,186,-2.521893153943252,-3.094441269353033
v8,feat_gbm,4.0,42,187,-0.04494960540880572,1.436275522654785
v8,feat_gbm,4.0,42,188,-0.646861951374932,-0.003208414280501246
v8,feat_gbm,4.0,42,189,-2.812115848499223,-2.0766448721687736
v8,feat_gbm,4.0,42,190,-2.04625634299409,-2.887011097372245
v8,feat_gbm,4.0,42,191,-0.344397298753978,-0.19564387773269687
v8,feat_gbm,4.0,42,192,-1.3066986617534513,-3.39219136175158
v8,feat_gbm,4.0,42,193,-3.6457156922796803,-4.804455114758695
v8,feat_gbm,4.0,42,194,-1.9824104929322077,-0.23230879418151415
v8,feat_gbm,4.0,42,195,0.9282058513945065,0.7768952289284052
v8,feat_gbm,4.0,42,196,-2.912387374432458,-3.0758975731441707
v8,feat_gbm,4.0,42,197,1.2379875705958783,1.8852948766094535
v8,feat_gbm,4.0,42,198,0.16044723157093108,-0.07474663349946693
v8,feat_gbm,4.0,42,199,0.7650519650419857,0.9295509098669842
v8,feat_gbm,4.0,42,200,-0.19800300057896722,0.40408761039079466
v8,feat_gbm,4.0,42,201,-2.1132306698177805,-1.0185563947000995
v8,feat_gbm,4.0,42,202,-2.7596462841341856,-1.5812541435625456
v8,feat_gbm,4.0,42,203,-2.6998061337599224,-2.9269603411540346
v8,feat_gbm,4.0,42,204,-0.11584804798356299,-0.9368237022381455
v8,feat_gbm,4.0,42,205,-1.4553491276196024,-0.771906247259438
v8,feat_gbm,4.0,42,206,-1.6793052181838328,-1.4457766532498904
v8,feat_gbm,4.0,42,207,-2.7472922291938553,-2.4752738768021185
v8,feat_gbm,4.0,42,208,-0.8755654733696762,-2.8789590131308262
v8,feat_gbm,4.0,42,209,-1.9130864003714896,-2.6986856152036793
v8,feat_gbm,4.0,42,210,-0.06306679091332525,0.05837096406180189
v8,feat_gbm,4.0,42,211,-3.1383144576707025,-2.2327070274631113
v8,feat_gbm,4.0,42,212,-1.6684156731153374,0.15758807445032513
v8,feat_gbm,4.0,42,213,0.3778593295769942,0.5234750924970406
v8,feat_gbm,4.0,42,214,0.3274192980812804,0.8312555987922697
v8,feat_gbm,4.0,42,215,-2.6373721263243026,-0.7699972654610447
v8,feat_gbm,4.0,42,216,-3.023545291653381,-2.4368834827463726
v8,feat_gbm,4.0,42,217,-3.0833701650767447,-3.7421886443248944
v8,feat_gbm,4.0,42,218,-1.8325629237446532,-4.3753265313120195
v8,feat_gbm,4.0,42,219,-0.10833912723093005,0.13181597567614448
v8,feat_gbm,4.0,42,220,-1.7486624282250411,-2.150299196146146
v8,feat_gbm,4.0,42,221,-1.299971128261786,0.4316281043505307
v8,feat_gbm,4.0,42,222,0.18970978079530298,0.20581216265343685
v8,feat_gbm,4.0,42,223,-0.6444349399076262,-1.7226779576420432
v8,feat_gbm,4.0,42,224,-0.03773416597230424,1.0701061526100661
v8,feat_gbm,4.0,42,225,-2.8147436160565333,-2.995983076644188
v8,feat_gbm,4.0,42,226,0.13460223499243654,-0.39103048890459524
v8,feat_gbm,4.0,42,227,-2.9358193763330847,-2.811377433191803
v8,feat_gbm,4.0,42,228,0.09086314229924553,0.1103569248772952
v8,feat_gbm,4.0,42,229,0.7148387629578549,1.0926797996732165
v8,feat_gbm,4.0,42,230,-2.6699140626144224,-1.1465469989616057
v8,feat_gbm,4.0,42,231,-3.2369439277390426,-3.7045714701961474
v8,feat_gbm,4.0,42,232,-1.1706427003477662,-0.3205795311611984
v8,feat_gbm,4.0,42,233,-0.0978634979626257,-0.7282288274356463
v8,feat_gbm,4.0,42,234,-0.7578436089108042,-0.6143938277881194
v8,feat_gbm,4.0,42,235,-3.2890214728492517,-3.717493513170671
v8,feat_gbm,4.0,42,236,-1.5608417486306634,-1.894186438607053
v8,feat_gbm,4.0,42,237,-0.17969503434667794,0.19101892391720615
v8,feat_gbm,4.0,42,238,-2.59012659515372,-2.723653519266766
v8,feat_gbm,4.0,42,239,-0.0328995709666574,0.28172679866345784
v8,feat_gbm,4.0,42,240,-1.8135643767646152,-0.570916259780521
v8,feat_gbm,4.0,42,241,-1.014491308207319,-3.037607674189957
v8,feat_gbm,4.0,42,242,-3.2123768138641897,-2.4824067099880884
v8,feat_gbm,4.0,42,243,-2.579690118174067,1.793244191067856
v8,feat_gbm,4.0,42,244,-2.1566908525573876,-2.170563194223024
v8,feat_gbm,4.0,42,245,-3.2148958654033355,-2.5580286375581696
v8,feat_gbm,4.0,42,246,-2.285083254747425,-3.9013363177662743
v8,feat_gbm,4.0,42,247,-1.3773575339455373,-1.2689211715035387
v8,feat_gbm,4.0,42,248,-3.0390356203977062,-2.89795980370705
v8,feat_gbm,4.0,42,249,-1.33912390131529,-1.149470325468549
v8,feat_gbm,4.0,42,250,-1.2018776896866634,-2.1803876537888693
v8,feat_gbm,4.0,42,251,-1.3054312560046701,-1.2010659028736028
v8,feat_gbm,4.0,42,252,-2.291089721137796,-2.675840590612525
v8,feat_gbm,4.0,42,253,-2.263033860538684,-0.865421424414132
v8,feat_gbm,4.0,42,254,-2.0124385463049457,-0.45089388998719687
v8,feat_gbm,4.0,42,255,-3.0624994170714444,-1.477655138121315
v8,feat_gbm,4.0,42,256,-3.048808046672308,-1.9234128661936198
v8,feat_gbm,4.0,42,257,-3.1670557657406078,-0.8895479413744646
v8,feat_gbm,4.0,42,258,-2.7281203580585047,-1.284701881398344
v8,feat_gbm,4.0,42,259,-0.3541296335261688,0.03791276039075724
v8,feat_gbm,4.0,42,260,-1.8284775888854852,-1.213907680807544
v8,feat_gbm,4.0,42,261,-0.4618378350635224,-0.6937064881158975
v8,feat_gbm,4.0,42,262,0.48241384852891367,-2.500344974429108
v8,feat_gbm,4.0,42,263,-2.4024891208910195,-3.0782877743164985
v8,feat_gbm,4.0,42,264,-2.8597541613996396,-3.2702790535172426
v8,feat_gbm,4.0,42,265,-1.5639363155918278,-0.15746453031192983
v8,feat_gbm,4.0,42,266,-2.6207932208180007,-1.3930653126164372
v8,feat_gbm,4.0,42,267,-2.633715814658509,-3.460520174484755
v8,feat_gbm,4.0,42,268,-2.3777831879800604,-1.8115923421665279
v8,feat_gbm,4.0,42,269,1.1161635236494496,-0.04785951915829837
v8,feat_gbm,4.0,42,270,-0.6805869921156991,-1.3387838926701625
v8,feat_gbm,4.0,42,271,0.09268637535887769,0.6172482925771328
v8,feat_gbm,4.0,42,272,-1.08018199463355,0.10718580269537517
v8,feat_gbm,4.0,42,273,-1.6999665627285576,-2.4250613993713395
v8,feat_gbm,4.0,42,274,-1.7254243732031758,-0.4656136934058211
v8,feat_gbm,4.0,42,275,-3.0276072730283743,-1.7679071058666047
v8,feat_gbm,4.0,42,276,-1.1119901683014433,-0.15192249005847586
v8,feat_gbm,4.0,42,277,-0.06262436663314629,-0.22686658439221394
v8,feat_gbm,4.0,42,278,-1.1460617091164969,-0.3963273628232521
v8,feat_gbm,4.0,42,279,-1.5421955406174936,-2.1916982233579314
v8,feat_gbm,4.0,42,280,-1.7032571545683366,0.5138857123822332
v8,feat_gbm,4.0,42,281,0.13965363883948304,0.13501120436460418
v8,feat_gbm,4.0,42,282,0.07903067237539257,-0.35232291748203215
v8,feat_gbm,4.0,42,283,0.5493965592087091,0.33710059568630363
v8,feat_gbm,4.0,42,284,-0.5893202476284298,2.2269494594330284
v8,feat_gbm,4.0,42,285,-2.0417368181527342,-0.8523290277873723
v8,feat_gbm,4.0,42,286,-0.4587303808093063,0.5032694866056324
v8,feat_gbm,4.0,42,287,-1.978493337428905,-3.0734310124071125
v8,feat_gbm,4.0,42,288,-3.006821195025235,-3.0969464995649485
v8,feat_gbm,4.0,42,289,-0.15782651039798037,0.8088909840914691
v8,feat_gbm,4.0,42,290,-2.578184710149503,-1.710735902712342
v8,feat_gbm,4.0,42,291,0.07224109534230379,-0.24588513525180683
v8,feat_gbm,4.0,42,292,-2.9260455589968037,-2.9910915714149957
v8,feat_gbm,4.0,42,293,0.12770738508308674,0.24397961438558982
v8,feat_gbm,4.0,42,294,-0.821785913696272,0.9827222917401395
v8,feat_gbm,4.0,42,295,0.7082677078081174,1.5399914318848642
v8,feat_gbm,4.0,42,296,-2.1317867519673643,-3.028104854063688
v8,feat_gbm,4.0,42,297,-0.2556724526742319,-1.9675880903276046
v8,feat_gbm,4.0,42,298,-0.14967062795819447,0.3882116190950413
v8,feat_gbm,4.0,42,299,-2.415325239158987,-0.4169590587595381
v8,feat_gbm,4.0,42,300,-1.666833626905298,-0.47104701624968015
v8,feat_gbm,4.0,42,301,-1.415787262421645,-0.5788171023402015
v8,feat_gbm,4.0,42,302,-1.6374712192363459,-3.325334912618423
v8,feat_gbm,4.0,42,303,-1.5425401293389258,0.27214776974989446
v8,feat_gbm,4.0,42,304,-0.44235475172366046,0.2838761456734127
v8,feat_gbm,4.0,42,305,0.3551900873755722,0.98356576927226
v8,feat_gbm,4.0,42,306,-3.0908457892575454,-2.324804251846344
v8,feat_gbm,4.0,42,307,-0.03623470911046714,-0.30060412365222405
v8,feat_gbm,4.0,42,308,-3.309025691477761,-3.5706943269006843
v8,feat_gbm,4.0,42,309,-0.48008224855761056,0.7657986236992217
v8,feat_gbm,4.0,42,310,-0.8471285717725218,-0.3760212383278314
v8,feat_gbm,4.0,42,311,0.5322313342939947,0.903367601886353
v8,feat_gbm,4.0,42,312,-0.4820320563478155,0.2834145554969618
v8,feat_gbm,4.0,42,313,0.15406243305393064,-0.8750381269167363
v8,feat_gbm,4.0,42,314,0.010110804780980033,-0.8911054934067958
v8,feat_gbm,4.0,42,315,0.24500010033058706,0.2699623908229132
v8,feat_gbm,4.0,42,316,-3.0285997831259834,-4.034449774534175
v8,feat_gbm,4.0,42,317,-1.1891165095869953,0.7302045063515665
v8,feat_gbm,4.0,42,318,-2.0970141017756134,-2.5264159394565007
v8,feat_gbm,4.0,42,319,-2.5603948719444367,-3.1280680478747835
v8,feat_gbm,4.0,42,320,-0.2959221315851857,-0.623194388118803
v8,feat_gbm,4.0,42,321,-2.3900830166665674,-4.172922463867305
v8,feat_gbm,4.0,42,322,0.9723328457923922,1.0714029341973417
v8,feat_gbm,4.0,42,323,0.38524903359102225,-2.5538050374755565
v8,feat_gbm,4.0,42,324,-1.8043154611085344,-1.5310020975326282
v8,feat_gbm,4.0,42,325,-0.18972853742516974,-0.735749980772127
v8,feat_gbm,4.0,42,326,-0.3930170311172428,-0.5010306012352705
v8,feat_gbm,4.0,42,327,-3.6158939271372628,-4.393123087746285
v8,feat_gbm,4.0,42,328,-1.3637167295002188,0.6439364857563509
v8,feat_gbm,4.0,42,329,-2.246220315110179,-2.60760252445046
v8,feat_gbm,4.0,42,330,0.30811300660981716,0.46983427811083467
v8,feat_gbm,4.0,42,331,-2.7083514480048487,-1.149354435920189
v8,feat_gbm,4.0,42,332,-2.809884934095416,-1.0961264399974935
v8,feat_gbm,4.0,42,333,0.3095555038246895,1.4253561556633074
v8,feat_gbm,4.0,42,334,0.6223662047457015,1.0406546288822482
v8,feat_gbm,4.0,42,335,-0.5763918910483268,-0.1286217558512718
v8,feat_gbm,4.0,42,336,-2.3608536400363085,-1.7275974260064488
v8,feat_gbm,4.0,42,337,-3.3604523439843788,-4.535227665039715
v8,feat_gbm,4.0,42,338,-0.031412829017825675,-1.078833843619319
v8,feat_gbm,4.0,42,339,-2.8951987028705295,-2.035297396751524
v8,feat_gbm,4.0,42,340,-0.4878294954660498,0.4788286932125707
v8,feat_gbm,4.0,42,341,0.17283926125361193,-0.4595082096564039
v8,feat_gbm,4.0,42,342,-3.0461914248827306,-3.653430804591794
v8,feat_gbm,4.0,42,343,0.3504358700425067,0.2834522663037432
v8,feat_gbm,4.0,42,344,0.2624547356609851,-0.15984972455285287
v8,feat_gbm,4.0,42,345,-2.5738997435056,-3.8822970119574354
v8,feat_gbm,4.0,42,346,-2.3930885126852917,-2.5801989990218064
v8,feat_gbm,4.0,42,347,-2.4850988603865654,-3.2622630695286134
v8,feat_gbm,4.0,42,348,-0.6985619358231973,-0.4894561152880944
v8,feat_gbm,4.0,42,349,-1.2770656389611583,-3.0223552414624764
v8,feat_gbm,4.0,42,350,0.3635593602646724,0.4215072765335228
v8,feat_gbm,4.0,42,351,-1.5146905721659938,-1.8152752103400673
v8,feat_gbm,4.0,42,352,0.36031239981928437,1.102263670511441
v8,feat_gbm,4.0,42,353,-0.3018561017653074,1.4454852001466738
v8,feat_gbm,4.0,42,354,-2.73586626506985,-3.6770060333191017
v8,feat_gbm,4.0,42,355,-3.2821833293308202,-5.078652858832153
v8,feat_gbm,4.0,42,356,0.04453970188112516,0.7815322159665122
v8,feat_gbm,4.0,42,357,-1.190810590266913,0.6775133790495483
v8,feat_gbm,4.0,42,358,-3.1601552405397153,-3.5163570325540956
v8,feat_gbm,4.0,42,359,-1.5821021038597285,-4.157760523739404
v8,feat_gbm,4.0,42,360,-1.347213970228232,-0.18386357284099003
v8,feat_gbm,4.0,42,361,-1.9791792015176002,-4.477383009144865
v8,feat_gbm,4.0,42,362,-1.1991928951653616,0.2909126951240761
v8,feat_gbm,4.0,42,363,-2.1280601146399802,-3.5121531596302606
v8,feat_gbm,4.0,42,364,-1.3206202784235714,-0.0019354464452207268
v8,feat_gbm,4.0,42,365,-2.3076016747137453,-3.264666087597375
v8,feat_gbm,4.0,42,366,-1.616751930265043,-1.4961090632143375
v8,feat_gbm,4.0,42,367,-0.11452404947181404,-0.10305907560987346
v8,feat_gbm,4.0,42,368,-1.0221761333426047,0.24601275195113992
v8,feat_gbm,4.0,42,369,-1.6140506962339671,-1.6400355118163064
v8,feat_gbm,4.0,42,370,-1.3422336584834735,-1.5399226532969161
v8,feat_gbm,4.0,42,371,-0.5412059596679997,-0.3336387161155974
v8,feat_gbm,4.0,42,372,-1.995158390914697,0.3185760540422761
v8,feat_gbm,4.0,42,373,-0.6167182446010328,-0.30756424411789
v8,feat_gbm,4.0,42,374,-3.2290635362302464,-3.551435429619069
v8,feat_gbm,4.0,42,375,0.5608602560401948,-0.12846918127015178
v8,feat_gbm,4.0,42,376,0.3927295826414909,0.43413099611324796
v8,feat_gbm,4.0,42,377,-0.7539198107453225,0.8095384731463161
v8,feat_gbm,4.0,42,378,-0.1151145001079426,0.20303525329731625
v8,feat_gbm,4.0,42,379,-0.019102438321372733,0.524784145223057
v8,feat_gbm,4.0,42,380,-0.07058921025040317,0.8722609808312535
v8,feat_gbm,4.0,42,381,-0.22180370654183715,1.0190202163897197
v8,feat_gbm,4.0,42,382,-0.5535326998477575,1.2715191268303472
v8,feat_gbm,4.0,42,383,-2.5452125451205343,-0.13923746667536385
v8,feat_gbm,4.0,42,384,-2.5930633358841235,-1.7983983483294153
v8,feat_gbm,4.0,42,385,-0.5841513187127324,0.5606037150840157
v8,feat_gbm,4.0,42,386,0.611988131286232,0.6003456151224621
v8,feat_gbm,4.0,42,387,-0.5044037210157077,1.3071718981356573
v8,feat_gbm,4.0,42,388,-1.3418436989565434,-0.19457283568776126
v8,feat_gbm,4.0,42,389,-2.8438220262487306,-0.981880356960367
v8,feat_gbm,4.0,42,390,-1.0698310532016915,-2.628024059072158
v8,feat_gbm,4.0,42,391,-2.2679351286220237,-2.479262758098376
v8,feat_gbm,4.0,42,392,-2.8750958926847736,-2.207941629114672
v8,feat_gbm,4.0,42,393,-1.613875340407046,-2.806586620215901
v8,feat_gbm,4.0,42,394,-2.8964050302013016,-0.16842623590390868
v8,feat_gbm,4.0,42,395,0.08358292238101404,0.3596423409999632
v8,feat_gbm,4.0,42,396,-2.843701655835452,-3.117667066362407
v8,feat_gbm,4.0,42,397,0.4937680579217645,0.6134086288650079
v8,feat_gbm,4.0,42,398,0.6119202789317615,0.5049020087080688
v8,feat_gbm,4.0,42,399,-2.5064204693861902,-1.0548605918119196
v8,feat_gbm,4.0,42,400,-3.448350465531484,-2.877676775828332
v8,feat_gbm,4.0,42,401,0.7253739546513549,0.015654415635624343
v8,feat_gbm,4.0,42,402,-0.1435674544406494,-0.7027824676465185
v8,feat_gbm,4.0,42,403,0.5924486108192942,0.6733427913489138
v8,feat_gbm,4.0,42,404,-0.9797174719045422,0.03259550049258387
v8,feat_gbm,4.0,42,405,-2.61589179327625,-3.4179416205706223
v8,feat_gbm,4.0,42,406,-3.3160081289526513,-1.6563158072976616
v8,feat_gbm,4.0,42,407,-1.5405088480896814,0.3281041495218151
v8,feat_gbm,4.0,42,408,-0.8807837306249129,-1.498502430121411
v8,feat_gbm,4.0,42,409,-0.647856937452206,-1.5390850133499359
v8,feat_gbm,4.0,42,410,-0.6734786374523185,-3.8769914364338094
v8,feat_gbm,4.0,42,411,-0.6569864496443039,-1.1093409530974205
v8,feat_gbm,4.0,42,412,-2.8832660856615013,-2.1356441225652167
v8,feat_gbm,4.0,42,413,-0.2923855677467615,0.5613925387002681
v8,feat_gbm,4.0,42,414,-2.8571132364803193,-2.672303525149137
v8,feat_gbm,4.0,42,415,0.43630617119068704,0.9887747910888531
v8,feat_gbm,4.0,42,416,-3.5943521173401813,-2.064740642123073
v8,feat_gbm,4.0,42,417,-0.7024783404524672,-0.13534283366780814
v8,feat_gbm,4.0,42,418,-0.17965035124353415,0.5266566940316069
v8,feat_gbm,4.0,42,419,-0.22050354931289542,-0.7929716308762645
v8,feat_gbm,4.0,42,420,-0.07295638434877084,0.22081989653443584
v8,feat_gbm,4.0,42,421,-2.5421967825775287,-3.4911396429773087
v8,feat_gbm,4.0,42,422,-1.3293997923627554,0.4691563032653497
v8,feat_gbm,4.0,42,423,-0.2179414174240346,-0.21242164749251408
v8,feat_gbm,4.0,42,424,-2.6965806051000327,-2.0235730224261497
v8,feat_gbm,4.0,42,425,-0.1415845957312307,0.1881042769243711
v8,feat_gbm,4.0,42,426,-0.9212656563273306,-0.7546830882020855
v8,feat_gbm,4.0,42,427,-2.9378175905129327,-2.004418163271322
v8,feat_gbm,4.0,42,428,-0.8704573098103303,0.08108350485015015
v8,feat_gbm,4.0,42,429,-2.2378073899432627,-0.8958783842144782
v8,feat_gbm,4.0,42,430,-1.614268035597091,-0.700178367515834
v8,feat_gbm,4.0,42,431,-1.5721363393493477,-2.026447754843476
v8,feat_gbm,4.0,42,432,-3.0928698543351727,-3.3644112924118934
v8,feat_gbm,4.0,42,433,-2.7562104951565254,-2.4777804975332844
v8,feat_gbm,4.0,42,434,-2.9806975833078657,-3.6407879329147783
v8,feat_gbm,4.0,42,435,-0.15709337160371523,0.8140524350977956
v8,feat_gbm,4.0,42,436,-0.4654405781038569,-0.6342245759550225
v8,feat_gbm,4.0,42,437,-3.0276533163831347,-1.0170271575608654
v8,feat_gbm,4.0,42,438,-2.650465755425401,1.2058566336630974
v8,feat_gbm,4.0,42,439,0.17236748964032794,1.04159183954478
v8,feat_gbm,4.0,42,440,-1.8722184061206752,-0.383754051292973
v8,feat_gbm,4.0,42,441,0.10833821319898125,0.9717849563735496
v8,feat_gbm,4.0,42,442,0.04078704933517801,0.915394257773604
v8,feat_gbm,4.0,42,443,-0.6829335968465988,0.17619398118278368
v8,feat_gbm,4.0,42,444,-2.345369531304942,-2.3026142847949007
v8,feat_gbm,4.0,42,445,-0.4023901846614652,-2.156995715227189
v8,feat_gbm,4.0,42,446,-2.5594309929155563,-1.9647154613855007
v8,feat_gbm,4.0,42,447,-1.68452639864658,-1.2167428909736953
v8,feat_gbm,4.0,42,448,-0.6056630873197001,0.371748058948411
v8,feat_gbm,4.0,42,449,-1.6540361429604138,-3.354914600670279
v8,feat_gbm,4.0,42,450,-0.721952478259741,-2.0984010901330774
v8,feat_gbm,4.0,42,451,-1.3533084184567397,-1.8411195968283314
v8,feat_gbm,4.0,42,452,0.20635265361046035,-0.2866386615093297
v8,feat_gbm,4.0,42,453,-2.53028917598803,-2.1769502099219324
v8,feat_gbm,4.0,42,454,-1.437641551648013,0.851829112076475
v8,feat_gbm,4.0,42,455,0.7938950403975154,-0.5174982843777256
v8,feat_gbm,4.0,42,456,-2.885392914163671,-3.7883351795095335
v8,feat_gbm,4.0,42,457,-3.6398324336706387,-1.3225504843777425
v8,feat_gbm,4.0,42,458,-0.18421428991775665,-0.6304710111145473
v8,feat_gbm,4.0,42,459,-1.3747749166128014,-2.867776928577639
v8,feat_gbm,4.0,42,460,-0.859705028628181,-0.20106453453544149
v8,feat_gbm,4.0,42,461,0.10610416220857759,0.565413433251147
v8,feat_gbm,4.0,42,462,-2.0575323593040964,0.6531860801292728
v8,feat_gbm,4.0,42,463,-3.1446722366265525,-3.295531334571209
v8,feat_gbm,4.0,42,464,-1.1290814179553936,-1.118951529136503
v8,feat_gbm,4.0,42,465,-0.43614852351539335,0.08535922256033004
v8,feat_gbm,4.0,42,466,0.2944001502249511,0.2656879386171551
v8,feat_gbm,4.0,42,467,-1.17391411937562,-1.0764680911985907
v8,feat_gbm,4.0,42,468,-0.6976610762439546,2.2503813782282114
v8,feat_gbm,4.0,42,469,-0.23867277490200775,-0.029700274932011248
v8,feat_gbm,4.0,42,470,-3.0587040730929997,-2.1918010579584375
v8,feat_gbm,4.0,42,471,-1.6515581245343964,-0.12537364897776127
v8,feat_gbm,4.0,42,472,-0.4163227607219107,-1.3714574409892777
v8,feat_gbm,4.0,42,473,-1.8170233046540851,-1.0216450817816245
v8,feat_gbm,4.0,42,474,-0.926617434411264,-0.8313233833759152
v8,feat_gbm,4.0,42,475,-0.8394503217376955,-3.25243582884057
v8,feat_gbm,4.0,42,476,0.14826401455556876,0.8737365575305754
v8,feat_gbm,4.0,42,477,-3.466659821703499,-1.8373017486027088
v8,feat_gbm,4.0,42,478,-2.9062367681060284,-1.909749317133085
v8,feat_gbm,4.0,42,479,-0.47097006057143254,0.418341725137149
v8,feat_gbm,4.0,42,480,-3.0106733079351344,-2.8689304810445995
v8,feat_gbm,4.0,42,481,-3.733197260745318,-3.9192950012633494
v8,feat_gbm,4.0,42,482,0.6188903217279279,0.8191907452202399
v8,feat_gbm,4.0,42,483,-2.8133931310531795,-2.7371748494528005
v8,feat_gbm,4.0,42,484,0.5332596102606679,0.043868991079412875
v8,feat_gbm,4.0,42,485,-1.2106171326620763,-3.9571024828402512
v8,feat_gbm,4.0,42,486,-2.3717529837270677,-0.8286091055291892
v8,feat_gbm,4.0,42,487,1.0101748790221319,1.1086460137612473
v8,feat_gbm,4.0,42,488,-1.416312248239581,-1.0899995989348372
v8,feat_gbm,4.0,42,489,-1.4452355079031713,-2.9260181182274523
v8,feat_gbm,4.0,42,490,-1.2393137061968484,0.01778898425240747
v8,feat_gbm,4.0,42,491,0.18277486656247025,-0.388546054063584
v8,feat_gbm,4.0,42,492,-2.7362814670318687,-0.8483910406321095
v8,feat_gbm,4.0,42,493,-2.114398797272701,-2.4855190663855797
v8,feat_gbm,4.0,42,494,-0.33258276380444,-0.6027729178489412
v8,feat_gbm,4.0,42,495,-3.766124668948357,-1.5285925057254015
v8,feat_gbm,4.0,42,496,0.14373599950909033,1.0092174422839322
v8,feat_gbm,4.0,42,497,-2.502030269386349,-2.421052301727873
v8,feat_gbm,4.0,42,498,-2.973399791274992,-3.2283141264699093
v8,feat_gbm,4.0,42,499,-2.9071309096200766,-4.907212199848568
v8,feat_gbm,4.0,43,0,-1.0798417272172123,0.03894909458183669
v8,feat_gbm,4.0,43,1,-2.5390154126216915,-2.5052564746229193
v8,feat_gbm,4.0,43,2,-0.30453409860892733,0.6287827851917782
v8,feat_gbm,4.0,43,3,-2.5552094731616193,-3.3447289283878643
v8,feat_gbm,4.0,43,4,1.029397971795996,0.9694015026406426
v8,feat_gbm,4.0,43,5,-0.5119210525952945,-2.4693709778233526
v8,feat_gbm,4.0,43,6,-0.3274113863576927,-0.2819211013310965
v8,feat_gbm,4.0,43,7,-0.03653409219786786,0.5289578846490461
v8,feat_gbm,4.0,43,8,0.1642894209644659,0.032863622186365654
v8,feat_gbm,4.0,43,9,0.2985024005125494,0.9352707853930591
v8,feat_gbm,4.0,43,10,-1.3612138316661013,-1.5987558134683666
v8,feat_gbm,4.0,43,11,-1.9873311991853488,-3.2678706438993954
v8,feat_gbm,4.0,43,12,-1.6344455887325542,-2.445380546146449
v8,feat_gbm,4.0,43,13,-1.0847905946792735,-0.4471217519653716
v8,feat_gbm,4.0,43,14,-0.8373772777019176,-1.8343062920535937
v8,feat_gbm,4.0,43,15,-1.500150403892445,-2.278287047942225
v8,feat_gbm,4.0,43,16,-1.154827137845564,-1.113015507562239
v8,feat_gbm,4.0,43,17,-1.4588457750302386,-1.149386040828735
v8,feat_gbm,4.0,43,18,-1.6377323905772248,-0.4541092694382234
v8,feat_gbm,4.0,43,19,-2.5708791126376256,-2.8798658660471284
v8,feat_gbm,4.0,43,20,-3.5039177020795793,-3.281006200299989
v8,feat_gbm,4.0,43,21,-2.732406390917201,-0.7889402030111288
v8,feat_gbm,4.0,43,22,-0.3246187383897193,-0.48114593055133975
v8,feat_gbm,4.0,43,23,-3.0552292201374565,-2.8038114998165153
v8,feat_gbm,4.0,43,24,-3.621970782120581,-2.6726430450531393
v8,feat_gbm,4.0,43,25,-2.6726676330233348,-3.141178249464176
v8,feat_gbm,4.0,43,26,-2.950924579730427,-3.8612362310489847
v8,feat_gbm,4.0,43,27,-2.1721209916239133,-3.085821277369337
v8,feat_gbm,4.0,43,28,-3.3496575899910543,-2.1153791712035637
v8,feat_gbm,4.0,43,29,-1.679083610041676,-0.5854112868629942
v8,feat_gbm,4.0,43,30,0.032318632788140525,0.13849791927417068
v8,feat_gbm,4.0,43,31,-1.4764007351238382,-2.779654184179668
v8,feat_gbm,4.0,43,32,0.7033033253863994,0.9166392391011026
v8,feat_gbm,4.0,43,33,-2.7199765514959164,-2.134444297962007
v8,feat_gbm,4.0,43,34,0.0941771095629535,1.1224191581864646
v8,feat_gbm,4.0,43,35,-3.4545878986390344,-2.7514680837461087
v8,feat_gbm,4.0,43,36,-1.294604882569115,0.7493710802437775
v8,feat_gbm,4.0,43,37,-2.0953128966895265,-2.157600461660938
v8,feat_gbm,4.0,43,38,-1.4698568681791035,-1.7436371170468024
v8,feat_gbm,4.0,43,39,-0.018242672663569853,0.632388610685479
v8,feat_gbm,4.0,43,40,-2.720585345434212,-1.5024753827969588
v8,feat_gbm,4.0,43,41,-2.37711444524052,-2.936018587066778
v8,feat_gbm,4.0,43,42,-1.3971297562534906,-0.06406961406287034
v8,feat_gbm,4.0,43,43,-0.2939320423355409,-0.43711075337934485
v8,feat_gbm,4.0,43,44,-1.2630117690790184,0.521724778538647
v8,feat_gbm,4.0,43,45,0.4720269094779842,-0.02881562555915001
v8,feat_gbm,4.0,43,46,-2.3332065089581757,-2.6856700943784895
v8,feat_gbm,4.0,43,47,-2.437019514732108,-3.3419513202228783
v8,feat_gbm,4.0,43,48,-0.029652633219501477,-0.35240032436669677
v8,feat_gbm,4.0,43,49,-3.6623472329665057,-4.466027560457086
v8,feat_gbm,4.0,43,50,-2.5630842408861936,-1.2227887404747313
v8,feat_gbm,4.0,43,51,-3.2655365785487738,-4.168130875201601
v8,feat_gbm,4.0,43,52,-0.4754649724957047,-2.1825653069440887
v8,feat_gbm,4.0,43,53,-2.236163087602505,-2.816977102698189
v8,feat_gbm,4.0,43,54,0.11452311710774322,-0.9520374156321785
v8,feat_gbm,4.0,43,55,0.721474352241943,0.800460094219776
v8,feat_gbm,4.0,43,56,0.3642176029005061,0.2782562560211116
v8,feat_gbm,4.0,43,57,0.21777374412546116,-0.7855200046266205
v8,feat_gbm,4.0,43,58,-3.5661316748571292,-2.837973637743256
v8,feat_gbm,4.0,43,59,-2.025644725523063,0.3653424354755994
v8,feat_gbm,4.0,43,60,-1.1826549660179348,-3.145987746693799
v8,feat_gbm,4.0,43,61,-2.8653319775260053,-2.1381844357326614
v8,feat_gbm,4.0,43,62,-1.7915803140641442,0.3908315550690521
v8,feat_gbm,4.0,43,63,-3.0377118421634695,-3.259739876316779
v8,feat_gbm,4.0,43,64,-2.3304680938018145,-3.799325775609258
v8,feat_gbm,4.0,43,65,-2.0206110838203695,0.2842997557356093
v8,feat_gbm,4.0,43,66,0.4925570451579477,0.9099380077885143
v8,feat_gbm,4.0,43,67,-0.0006764021455561719,0.5741223235018287
v8,feat_gbm,4.0,43,68,0.16995456314339252,1.3807263582335993
v8,feat_gbm,4.0,43,69,-0.18460647284887277,2.7357387204405055
v8,feat_gbm,4.0,43,70,0.19873863813867212,-0.3782017485149665
v8,feat_gbm,4.0,43,71,-1.7868647867889325,-0.6946521973220513
v8,feat_gbm,4.0,43,72,-2.530385264630794,-3.510295151868067
v8,feat_gbm,4.0,43,73,-1.0624630109837545,-0.3643686170400702
v8,feat_gbm,4.0,43,74,0.6042737809419353,1.1835884152793859
v8,feat_gbm,4.0,43,75,-0.10879425944685557,-0.38644824542838596
v8,feat_gbm,4.0,43,76,-0.3758366118539665,0.7005004452467647
v8,feat_gbm,4.0,43,77,-1.0632114585275487,0.3770911051312199
v8,feat_gbm,4.0,43,78,-0.33519837079828907,-0.5374783823521183
v8,feat_gbm,4.0,43,79,-3.2195750137577055,-3.2499450611549854
v8,feat_gbm,4.0,43,80,-2.365188411563051,-1.719925172279684
v8,feat_gbm,4.0,43,81,-0.07734088994503202,1.8185710395242058
v8,feat_gbm,4.0,43,82,-0.9014021918776054,-1.0758778979961314
v8,feat_gbm,4.0,43,83,-1.121671611460067,-0.8033140510569362
v8,feat_gbm,4.0,43,84,-1.9221637116455474,-2.0837035815006346
v8,feat_gbm,4.0,43,85,-2.836637173079068,-1.2430797823904942
v8,feat_gbm,4.0,43,86,0.34476767077136733,0.639317965424242
v8,feat_gbm,4.0,43,87,-1.072079167025562,-0.02321591952008587
v8,feat_gbm,4.0,43,88,-2.539874248876268,-3.512086916650174
v8,feat_gbm,4.0,43,89,-1.611731711890882,-1.684363733317816
v8,feat_gbm,4.0,43,90,-2.3630147941758124,-3.5341996208099964
v8,feat_gbm,4.0,43,91,0.5638941477171616,1.1574629997660548
v8,feat_gbm,4.0,43,92,-1.2672962727448736,-0.7651863719989663
v8,feat_gbm,4.0,43,93,-2.1382291125813477,-5.7708125015304885
v8,feat_gbm,4.0,43,94,-0.11398625951234388,0.07374698385127064
v8,feat_gbm,4.0,43,95,-2.2034021684263383,1.201566413592891
v8,feat_gbm,4.0,43,96,-1.8183783089755396,1.2655480006709303
v8,feat_gbm,4.0,43,97,-2.0999787589363277,-3.2217777708537843
v8,feat_gbm,4.0,43,98,-1.7270791841851472,-1.2120387208328698
v8,feat_gbm,4.0,43,99,-0.13495740538523276,-0.04015373686183237
v8,feat_gbm,4.0,43,100,-3.4133446356138863,-2.8384481914339785
v8,feat_gbm,4.0,43,101,-2.906257286216906,-3.541068619782685
v8,feat_gbm,4.0,43,102,-2.4025369129401115,-4.424727465058162
v8,feat_gbm,4.0,43,103,-0.931482961997615,-0.7652009130347144
v8,feat_gbm,4.0,43,104,-1.5844354907097136,-0.406664655497914
v8,feat_gbm,4.0,43,105,-2.4717851154820836,-2.8019031633754246
v8,feat_gbm,4.0,43,106,-2.536876608112053,-1.1978192780958505
v8,feat_gbm,4.0,43,107,-1.7876916554229172,-1.2497822804421463
v8,feat_gbm,4.0,43,108,-0.45314391427858125,-0.2003702404752673
v8,feat_gbm,4.0,43,109,-2.330380959824851,-0.28745536208379296
v8,feat_gbm,4.0,43,110,-0.21191550829691808,0.2838469771831524
v8,feat_gbm,4.0,43,111,-1.0840681036369304,0.6579850926301614
v8,feat_gbm,4.0,43,112,0.5060161285015411,-0.4279263804064609
v8,feat_gbm,4.0,43,113,0.09477319770759049,0.527327823801956
v8,feat_gbm,4.0,43,114,-2.4606233774305744,-3.652947895428966
v8,feat_gbm,4.0,43,115,-1.1976868331750206,-0.04287987221360797
v8,feat_gbm,4.0,43,116,-2.437337051021645,-3.4409421360670214
v8,feat_gbm,4.0,43,117,-2.717896023210042,-2.4284095097884006
v8,feat_gbm,4.0,43,118,-2.616865780172067,-1.419217075367618
v8,feat_gbm,4.0,43,119,-0.3085796954404833,-1.4944271796191557
v8,feat_gbm,4.0,43,120,-3.381757753300868,-2.797137626437216
v8,feat_gbm,4.0,43,121,0.27142244249659303,3.1321125804877905
v8,feat_gbm,4.0,43,122,-0.307806022957267,-3.164895556438051
v8,feat_gbm,4.0,43,123,0.12070765537288183,-0.021234684620174846
v8,feat_gbm,4.0,43,124,-1.5814244924823433,-1.246001114532972
v8,feat_gbm,4.0,43,125,-2.2111362600977866,-2.7130193085566443
v8,feat_gbm,4.0,43,126,0.02797389284180029,-2.0560780011130944
v8,feat_gbm,4.0,43,127,-3.258587838817703,-1.631222331554067
v8,feat_gbm,4.0,43,128,-0.482224759618028,-3.477307725783656
v8,feat_gbm,4.0,43,129,-1.2450229567163962,1.7007542891568868
v8,feat_gbm,4.0,43,130,-0.992369391627776,-3.4021624962570822
v8,feat_gbm,4.0,43,131,-3.3297760035028126,-3.701149444421242
v8,feat_gbm,4.0,43,132,-1.754736493099096,-0.4116741376471012
v8,feat_gbm,4.0,43,133,-1.5438667373085078,-0.5680375850475197
v8,feat_gbm,4.0,43,134,-2.208503833776116,-1.4788189923590598
v8,feat_gbm,4.0,43,135,-1.7024568513481986,-2.9896549957503007
v8,feat_gbm,4.0,43,136,-0.06366457794846053,0.11194117436713467
v8,feat_gbm,4.0,43,137,-0.14750880689028728,1.7147062893715772
v8,feat_gbm,4.0,43,138,-1.7574803526215022,-1.9709125209383296
v8,feat_gbm,4.0,43,139,-1.342153868334427,0.19937477723826902
v8,feat_gbm,4.0,43,140,-3.543696091529512,-2.8223726616431475
v8,feat_gbm,4.0,43,141,-0.3509738478899109,-0.12380828599000025
v8,feat_gbm,4.0,43,142,-1.5081037690511852,-2.97521232911642
v8,feat_gbm,4.0,43,143,-2.3656323905641186,-1.9484557479617686
v8,feat_gbm,4.0,43,144,-0.35379746302228854,1.244093655886106
v8,feat_gbm,4.0,43,145,-0.5605025456441739,-2.0280859266176816
v8,feat_gbm,4.0,43,146,-2.8719477635666926,-2.0754073031653366
v8,feat_gbm,4.0,43,147,0.053870357846555805,-0.11331641159387335
v8,feat_gbm,4.0,43,148,-3.1603807494643568,-2.620298039600635
v8,feat_gbm,4.0,43,149,-2.796160300874828,-3.8395532227602396
v8,feat_gbm,4.0,43,150,0.17572513713439145,-2.149698272240366
v8,feat_gbm,4.0,43,151,-3.142775924172877,-3.1594376779318036
v8,feat_gbm,4.0,43,152,-1.2420154839089954,-2.7712141114581046
v8,feat_gbm,4.0,43,153,-0.8934303707421591,-1.1483368403810985
v8,feat_gbm,4.0,43,154,-0.9684735055617391,-1.4700676700115773
v8,feat_gbm,4.0,43,155,-0.02670097868463311,1.4088416749712322
v8,feat_gbm,4.0,43,156,-0.40968430046191523,0.7564704220494097
v8,feat_gbm,4.0,43,157,-1.74427535787067,-1.7148995557963913
v8,feat_gbm,4.0,43,158,-0.31087890442699023,-2.8595355115547196
v8,feat_gbm,4.0,43,159,-1.6386997630412559,-0.9922400520728849
v8,feat_gbm,4.0,43,160,0.4744713674818254,1.8585227307534937
v8,feat_gbm,4.0,43,161,-3.2674598354868034,-2.477654537850602
v8,feat_gbm,4.0,43,162,-3.5251826633161683,-2.993764039868935
v8,feat_gbm,4.0,43,163,-3.161267850561695,-1.1722671160336509
v8,feat_gbm,4.0,43,164,-3.0840045580192488,-1.6577576086204497
v8,feat_gbm,4.0,43,165,-1.301618870559911,-2.9770186999323642
v8,feat_gbm,4.0,43,166,-2.198541950807865,-3.2329952824425443
v8,feat_gbm,4.0,43,167,-0.6558509210879595,0.19550508612775644
v8,feat_gbm,4.0,43,168,-1.1713855088114684,-1.2639642813248737
v8,feat_gbm,4.0,43,169,-0.3419677806549865,1.4224064134580066
v8,feat_gbm,4.0,43,170,-2.6558655673059013,-1.5303724784706008
v8,feat_gbm,4.0,43,171,0.6481096657565077,0.6086346650572224
v8,feat_gbm,4.0,43,172,-0.33293884854059186,-0.052232489626048526
v8,feat_gbm,4.0,43,173,-1.061838242269504,-0.19074605880313256
v8,feat_gbm,4.0,43,174,-2.2401995783120867,-2.7678232596734214
v8,feat_gbm,4.0,43,175,-1.4277709034845747,-1.6557092188829319
v8,feat_gbm,4.0,43,176,0.5102045403816265,0.12081831439914445
v8,feat_gbm,4.0,43,177,-0.5813033648526998,3.7031714993021168
v8,feat_gbm,4.0,43,178,-0.837532480463892,-0.17761292562564054
v8,feat_gbm,4.0,43,179,-0.03033012937287141,0.2295122735959306
v8,feat_gbm,4.0,43,180,-1.7239279880350658,-1.6401012725318311
v8,feat_gbm,4.0,43,181,-3.1234872358621373,-3.399461101549646
v8,feat_gbm,4.0,43,182,0.7244807382040608,0.5421608664871393
v8,feat_gbm,4.0,43,183,-1.4378708340702488,-3.7858185839721776
v8,feat_gbm,4.0,43,184,0.12187482846690584,0.4440956773301304
v8,feat_gbm,4.0,43,185,-1.607950127324091,0.5450962365111649
v8,feat_gbm,4.0,43,186,-2.6678677281509073,-3.094441269353033
v8,feat_gbm,4.0,43,187,-0.24802984460217556,1.436275522654785
v8,feat_gbm,4.0,43,188,-0.5690296652944878,-0.003208414280501246
v8,feat_gbm,4.0,43,189,-2.762198365574883,-2.0766448721687736
v8,feat_gbm,4.0,43,190,-1.6873675584962151,-2.887011097372245
v8,feat_gbm,4.0,43,191,-0.48898101223561335,-0.19564387773269687
v8,feat_gbm,4.0,43,192,-1.1156010861324492,-3.39219136175158
v8,feat_gbm,4.0,43,193,-3.900167287408258,-4.804455114758695
v8,feat_gbm,4.0,43,194,-2.7179239916123543,-0.23230879418151415
v8,feat_gbm,4.0,43,195,0.8853523859783887,0.7768952289284052
v8,feat_gbm,4.0,43,196,-3.0489901181965258,-3.0758975731441707
v8,feat_gbm,4.0,43,197,1.1756235327530302,1.8852948766094535
v8,feat_gbm,4.0,43,198,-0.009667853864090628,-0.07474663349946693
v8,feat_gbm,4.0,43,199,1.0254128425730387,0.9295509098669842
v8,feat_gbm,4.0,43,200,-0.12527089648863873,0.40408761039079466
v8,feat_gbm,4.0,43,201,-2.2910496536648552,-1.0185563947000995
v8,feat_gbm,4.0,43,202,-2.619056625473037,-1.5812541435625456
v8,feat_gbm,4.0,43,203,-2.764912270841032,-2.9269603411540346
v8,feat_gbm,4.0,43,204,-0.03362798568439336,-0.9368237022381455
v8,feat_gbm,4.0,43,205,-1.4379916405270896,-0.771906247259438
v8,feat_gbm,4.0,43,206,-1.5793251381492626,-1.4457766532498904
v8,feat_gbm,4.0,43,207,-2.7150086012272903,-2.4752738768021185
v8,feat_gbm,4.0,43,208,-0.6922749772027299,-2.8789590131308262
v8,feat_gbm,4.0,43,209,-2.0607711113701392,-2.6986856152036793
v8,feat_gbm,4.0,43,210,0.1373868122982697,0.05837096406180189
v8,feat_gbm,4.0,43,211,-3.406466230968053,-2.2327070274631113
v8,feat_gbm,4.0,43,212,-1.8252505510169579,0.15758807445032513
v8,feat_gbm,4.0,43,213,0.4209400828313718,0.5234750924970406
v8,feat_gbm,4.0,43,214,0.26206754866644116,0.8312555987922697
v8,feat_gbm,4.0,43,215,-2.632647972531309,-0.7699972654610447
v8,feat_gbm,4.0,43,216,-3.1193444804806782,-2.4368834827463726
v8,feat_gbm,4.0,43,217,-3.193246792475483,-3.7421886443248944
v8,feat_gbm,4.0,43,218,-1.8334097609234474,-4.3753265313120195
v8,feat_gbm,4.0,43,219,-0.35340057352645005,0.13181597567614448
v8,feat_gbm,4.0,43,220,-1.9178249680439365,-2.150299196146146
v8,feat_gbm,4.0,43,221,-1.3924032875850871,0.4316281043505307
v8,feat_gbm,4.0,43,222,0.03999772597029288,0.20581216265343685
v8,feat_gbm,4.0,43,223,-0.8303127007702232,-1.7226779576420432
v8,feat_gbm,4.0,43,224,-0.05920867003545826,1.0701061526100661
v8,feat_gbm,4.0,43,225,-3.166885290908678,-2.995983076644188
v8,feat_gbm,4.0,43,226,0.08132824661194339,-0.39103048890459524
v8,feat_gbm,4.0,43,227,-2.9034268817096165,-2.811377433191803
v8,feat_gbm,4.0,43,228,-0.025915522576835763,0.1103569248772952
v8,feat_gbm,4.0,43,229,0.7893832619370761,1.0926797996732165
v8,feat_gbm,4.0,43,230,-2.8671276828641634,-1.1465469989616057
v8,feat_gbm,4.0,43,231,-3.4534546191579145,-3.7045714701961474
v8,feat_gbm,4.0,43,232,-1.6707818202217133,-0.3205795311611984
v8,feat_gbm,4.0,43,233,0.10248980791094524,-0.7282288274356463
v8,feat_gbm,4.0,43,234,-0.44677542325022745,-0.6143938277881194
v8,feat_gbm,4.0,43,235,-3.418917019732757,-3.717493513170671
v8,feat_gbm,4.0,43,236,-1.1541644541914902,-1.894186438607053
v8,feat_gbm,4.0,43,237,-0.26990859730999345,0.19101892391720615
v8,feat_gbm,4.0,43,238,-2.650531980488797,-2.723653519266766
v8,feat_gbm,4.0,43,239,-0.5139455032941239,0.28172679866345784
v8,feat_gbm,4.0,43,240,-1.5853336280590344,-0.570916259780521
v8,feat_gbm,4.0,43,241,-0.6898694381776185,-3.037607674189957
v8,feat_gbm,4.0,43,242,-3.060249452694939,-2.4824067099880884
v8,feat_gbm,4.0,43,243,-2.715530290945583,1.793244191067856
v8,feat_gbm,4.0,43,244,-2.3257381440408276,-2.170563194223024
v8,feat_gbm,4.0,43,245,-3.48923884590101,-2.5580286375581696
v8,feat_gbm,4.0,43,246,-2.2944042177374415,-3.9013363177662743
v8,feat_gbm,4.0,43,247,-1.632214544006212,-1.2689211715035387
v8,feat_gbm,4.0,43,248,-3.0287050782478313,-2.89795980370705
v8,feat_gbm,4.0,43,249,-2.2193397174133462,-1.149470325468549
v8,feat_gbm,4.0,43,250,-1.5535805708610162,-2.1803876537888693
v8,feat_gbm,4.0,43,251,-1.171739987733705,-1.2010659028736028
v8,feat_gbm,4.0,43,252,-2.078977319768521,-2.675840590612525
v8,feat_gbm,4.0,43,253,-2.2318532653361913,-0.865421424414132
v8,feat_gbm,4.0,43,254,-2.1362474560366778,-0.45089388998719687
v8,feat_gbm,4.0,43,255,-3.2121512214991808,-1.477655138121315
v8,feat_gbm,4.0,43,256,-2.938192474306313,-1.9234128661936198
v8,feat_gbm,4.0,43,257,-3.201210376678526,-0.8895479413744646
v8,feat_gbm,4.0,43,258,-2.798146627717182,-1.284701881398344
v8,feat_gbm,4.0,43,259,-0.14425088148112,0.03791276039075724
v8,feat_gbm,4.0,43,260,-2.5412123355829297,-1.213907680807544
v8,feat_gbm,4.0,43,261,-0.12395321497868467,-0.6937064881158975
v8,feat_gbm,4.0,43,262,0.7075819299977131,-2.500344974429108
v8,feat_gbm,4.0,43,263,-2.5166936820993344,-3.0782877743164985
v8,feat_gbm,4.0,43,264,-2.905077023575083,-3.2702790535172426
v8,feat_gbm,4.0,43,265,-1.7600337101697159,-0.15746453031192983
v8,feat_gbm,4.0,43,266,-2.527787253485547,-1.3930653126164372
v8,feat_gbm,4.0,43,267,-2.6508222552446177,-3.460520174484755
v8,feat_gbm,4.0,43,268,-2.525669942460655,-1.8115923421665279
v8,feat_gbm,4.0,43,269,1.1208411035182517,-0.04785951915829837
v8,feat_gbm,4.0,43,270,-0.7500397638113778,-1.3387838926701625
v8,feat_gbm,4.0,43,271,0.028759494845564927,0.6172482925771328
v8,feat_gbm,4.0,43,272,-1.2017802689560901,0.10718580269537517
v8,feat_gbm,4.0,43,273,-1.9568322572567087,-2.4250613993713395
v8,feat_gbm,4.0,43,274,-2.251518599143202,-0.4656136934058211
v8,feat_gbm,4.0,43,275,-3.3003079528127626,-1.7679071058666047
v8,feat_gbm,4.0,43,276,-0.7590535294856886,-0.15192249005847586
v8,feat_gbm,4.0,43,277,-0.32167690418615386,-0.22686658439221394
v8,feat_gbm,4.0,43,278,-0.5285914563757469,-0.3963273628232521
v8,feat_gbm,4.0,43,279,-1.4026199956754348,-2.1916982233579314
v8,feat_gbm,4.0,43,280,-1.5711571863020097,0.5138857123822332
v8,feat_gbm,4.0,43,281,-0.04352193607973694,0.13501120436460418
v8,feat_gbm,4.0,43,282,-0.0012180643335762181,-0.35232291748203215
v8,feat_gbm,4.0,43,283,0.4942989972281179,0.33710059568630363
v8,feat_gbm,4.0,43,284,-0.47567830621475643,2.2269494594330284
v8,feat_gbm,4.0,43,285,-2.284698826288759,-0.8523290277873723
v8,feat_gbm,4.0,43,286,-0.570784578974907,0.5032694866056324
v8,feat_gbm,4.0,43,287,-1.993167356850602,-3.0734310124071125
v8,feat_gbm,4.0,43,288,-2.8416083435668895,-3.0969464995649485
v8,feat_gbm,4.0,43,289,0.004910328707321321,0.8088909840914691
v8,feat_gbm,4.0,43,290,-2.4289292173543635,-1.710735902712342
v8,feat_gbm,4.0,43,291,-0.06927767878043357,-0.24588513525180683
v8,feat_gbm,4.0,43,292,-2.912222400148779,-2.9910915714149957
v8,feat_gbm,4.0,43,293,-0.18838868775096915,0.24397961438558982
v8,feat_gbm,4.0,43,294,-0.7156011522774437,0.9827222917401395
v8,feat_gbm,4.0,43,295,0.7136256293148295,1.5399914318848642
v8,feat_gbm,4.0,43,296,-2.3315907896810555,-3.028104854063688
v8,feat_gbm,4.0,43,297,-1.0605158009909101,-1.9675880903276046
v8,feat_gbm,4.0,43,298,-0.23119981536436754,0.3882116190950413
v8,feat_gbm,4.0,43,299,-2.102296396980172,-0.4169590587595381
v8,feat_gbm,4.0,43,300,-1.758404523873449,-0.47104701624968015
v8,feat_gbm,4.0,43,301,-1.4464792422345543,-0.5788171023402015
v8,feat_gbm,4.0,43,302,-1.4587749882803616,-3.325334912618423
v8,feat_gbm,4.0,43,303,-1.644809958245445,0.27214776974989446
v8,feat_gbm,4.0,43,304,-0.5263056283224673,0.2838761456734127
v8,feat_gbm,4.0,43,305,0.22107991021030185,0.98356576927226
v8,feat_gbm,4.0,43,306,-3.0323686366099856,-2.324804251846344
v8,feat_gbm,4.0,43,307,-0.06581769173154414,-0.30060412365222405
v8,feat_gbm,4.0,43,308,-3.0923564264508903,-3.5706943269006843
v8,feat_gbm,4.0,43,309,-0.7238213008888064,0.7657986236992217
v8,feat_gbm,4.0,43,310,-0.7429935667443984,-0.3760212383278314
v8,feat_gbm,4.0,43,311,0.6069253446936239,0.903367601886353
v8,feat_gbm,4.0,43,312,-0.23011536243978367,0.2834145554969618
v8,feat_gbm,4.0,43,313,0.08688111145041,-0.8750381269167363
v8,feat_gbm,4.0,43,314,-0.004532886367277954,-0.8911054934067958
v8,feat_gbm,4.0,43,315,0.26079598221244826,0.2699623908229132
v8,feat_gbm,4.0,43,316,-3.3133368212687793,-4.034449774534175
v8,feat_gbm,4.0,43,317,-1.0492491248613414,0.7302045063515665
v8,feat_gbm,4.0,43,318,-2.039136609446565,-2.5264159394565007
v8,feat_gbm,4.0,43,319,-2.4742002182958283,-3.1280680478747835
v8,feat_gbm,4.0,43,320,-0.662943855573503,-0.623194388118803
v8,feat_gbm,4.0,43,321,-2.7009249766636114,-4.172922463867305
v8,feat_gbm,4.0,43,322,1.0833090239797265,1.0714029341973417
v8,feat_gbm,4.0,43,323,0.2420944940065696,-2.5538050374755565
v8,feat_gbm,4.0,43,324,-1.9919583976185822,-1.5310020975326282
v8,feat_gbm,4.0,43,325,-0.1456092063111482,-0.735749980772127
v8,feat_gbm,4.0,43,326,-0.6071084521943382,-0.5010306012352705
v8,feat_gbm,4.0,43,327,-3.6282471407890546,-4.393123087746285
v8,feat_gbm,4.0,43,328,-1.141924699157792,0.6439364857563509
v8,feat_gbm,4.0,43,329,-2.303395932688304,-2.60760252445046
v8,feat_gbm,4.0,43,330,0.3350688802305292,0.46983427811083467
v8,feat_gbm,4.0,43,331,-2.740140820031886,-1.149354435920189
v8,feat_gbm,4.0,43,332,-2.876834514925428,-1.0961264399974935
v8,feat_gbm,4.0,43,333,0.10912817126048038,1.4253561556633074
v8,feat_gbm,4.0,43,334,0.36394645138299647,1.0406546288822482
v8,feat_gbm,4.0,43,335,-0.32049315887737034,-0.1286217558512718
v8,feat_gbm,4.0,43,336,-2.4397790898820224,-1.7275974260064488
v8,feat_gbm,4.0,43,337,-3.566861051015447,-4.535227665039715
v8,feat_gbm,4.0,43,338,-0.04139573450081072,-1.078833843619319
v8,feat_gbm,4.0,43,339,-2.7414233551682163,-2.035297396751524
v8,feat_gbm,4.0,43,340,-0.49345359574137604,0.4788286932125707
v8,feat_gbm,4.0,43,341,0.5094354212092495,-0.4595082096564039
v8,feat_gbm,4.0,43,342,-3.084338448453,-3.653430804591794
v8,feat_gbm,4.0,43,343,0.29144335348974537,0.2834522663037432
v8,feat_gbm,4.0,43,344,0.6828040871898619,-0.15984972455285287
v8,feat_gbm,4.0,43,345,-2.21262166670769,-3.8822970119574354
v8,feat_gbm,4.0,43,346,-2.394154650490097,-2.5801989990218064
v8,feat_gbm,4.0,43,347,-2.6345548803299748,-3.2622630695286134
v8,feat_gbm,4.0,43,348,-0.5593047006016743,-0.4894561152880944
v8,feat_gbm,4.0,43,349,-1.1559475455268078,-3.0223552414624764
v8,feat_gbm,4.0,43,350,0.3479280755455949,0.4215072765335228
v8,feat_gbm,4.0,43,351,-1.6897561374283703,-1.8152752103400673
v8,feat_gbm,4.0,43,352,0.39812268173568166,1.102263670511441
v8,feat_gbm,4.0,43,353,0.02930791339256532,1.4454852001466738
v8,feat_gbm,4.0,43,354,-2.969277060223911,-3.6770060333191017
v8,feat_gbm,4.0,43,355,-3.359105466584319,-5.078652858832153
v8,feat_gbm,4.0,43,356,-0.005060277142965937,0.7815322159665122
v8,feat_gbm,4.0,43,357,-1.2672295798549154,0.6775133790495483
v8,feat_gbm,4.0,43,358,-3.2519266407668415,-3.5163570325540956
v8,feat_gbm,4.0,43,359,-1.5199299679290539,-4.157760523739404
v8,feat_gbm,4.0,43,360,-1.2881948330813877,-0.18386357284099003
v8,feat_gbm,4.0,43,361,-1.6706091515424675,-4.477383009144865
v8,feat_gbm,4.0,43,362,-1.2389674328914018,0.2909126951240761
v8,feat_gbm,4.0,43,363,-2.100927546802118,-3.5121531596302606
v8,feat_gbm,4.0,43,364,-1.771704013808468,-0.0019354464452207268
v8,feat_gbm,4.0,43,365,-2.0795412396509674,-3.264666087597375
v8,feat_gbm,4.0,43,366,-1.5417407665017675,-1.4961090632143375
v8,feat_gbm,4.0,43,367,-0.002406031810991409,-0.10305907560987346
v8,feat_gbm,4.0,43,368,-0.8856358194038197,0.24601275195113992
v8,feat_gbm,4.0,43,369,-1.4982743822038236,-1.6400355118163064
v8,feat_gbm,4.0,43,370,-1.6813811614860117,-1.5399226532969161
v8,feat_gbm,4.0,43,371,-0.2905692892185182,-0.3336387161155974
v8,feat_gbm,4.0,43,372,-2.085484688986417,0.3185760540422761
v8,feat_gbm,4.0,43,373,-0.802023006929625,-0.30756424411789
v8,feat_gbm,4.0,43,374,-3.2873399043308806,-3.551435429619069
v8,feat_gbm,4.0,43,375,0.6017016679090486,-0.12846918127015178
v8,feat_gbm,4.0,43,376,0.04727763475648225,0.43413099611324796
v8,feat_gbm,4.0,43,377,-0.6649895159538133,0.8095384731463161
v8,feat_gbm,4.0,43,378,-0.23333912257796832,0.20303525329731625
v8,feat_gbm,4.0,43,379,0.27659468348667116,0.524784145223057
v8,feat_gbm,4.0,43,380,-0.18621243680359753,0.8722609808312535
v8,feat_gbm,4.0,43,381,-0.7227274963408764,1.0190202163897197
v8,feat_gbm,4.0,43,382,-0.7408688768276591,1.2715191268303472
v8,feat_gbm,4.0,43,383,-2.5582298429630805,-0.13923746667536385
v8,feat_gbm,4.0,43,384,-2.7883234014223035,-1.7983983483294153
v8,feat_gbm,4.0,43,385,-0.5580838978578699,0.5606037150840157
v8,feat_gbm,4.0,43,386,0.6694424759073114,0.6003456151224621
v8,feat_gbm,4.0,43,387,-0.5950451500531353,1.3071718981356573
v8,feat_gbm,4.0,43,388,-1.4750896681286143,-0.19457283568776126
v8,feat_gbm,4.0,43,389,-3.2231819943438103,-0.981880356960367
v8,feat_gbm,4.0,43,390,-1.308198006430566,-2.628024059072158
v8,feat_gbm,4.0,43,391,-2.3005980394328507,-2.479262758098376
v8,feat_gbm,4.0,43,392,-2.639546581775767,-2.207941629114672
v8,feat_gbm,4.0,43,393,-2.1704576456808775,-2.806586620215901
v8,feat_gbm,4.0,43,394,-3.1966057866456583,-0.16842623590390868
v8,feat_gbm,4.0,43,395,0.30457003730470833,0.3596423409999632
v8,feat_gbm,4.0,43,396,-2.875122095135519,-3.117667066362407
v8,feat_gbm,4.0,43,397,0.6743749901088569,0.6134086288650079
v8,feat_gbm,4.0,43,398,0.5491566510796001,0.5049020087080688
v8,feat_gbm,4.0,43,399,-2.532698395030564,-1.0548605918119196
v8,feat_gbm,4.0,43,400,-3.5417719857547376,-2.877676775828332
v8,feat_gbm,4.0,43,401,0.8709762720216737,0.015654415635624343
v8,feat_gbm,4.0,43,402,-0.12315158408871736,-0.7027824676465185
v8,feat_gbm,4.0,43,403,0.6088452961901685,0.6733427913489138
v8,feat_gbm,4.0,43,404,-0.6692474761199846,0.03259550049258387
v8,feat_gbm,4.0,43,405,-2.571011862180119,-3.4179416205706223
v8,feat_gbm,4.0,43,406,-3.4169425765235957,-1.6563158072976616
v8,feat_gbm,4.0,43,407,-1.4076817357746565,0.3281041495218151
v8,feat_gbm,4.0,43,408,-0.7784227245233666,-1.498502430121411
v8,feat_gbm,4.0,43,409,-1.442808839377196,-1.5390850133499359
v8,feat_gbm,4.0,43,410,-0.9391161240609768,-3.8769914364338094
v8,feat_gbm,4.0,43,411,-1.4142609321964603,-1.1093409530974205
v8,feat_gbm,4.0,43,412,-2.754172070335672,-2.1356441225652167
v8,feat_gbm,4.0,43,413,-0.2930804336694161,0.5613925387002681
v8,feat_gbm,4.0,43,414,-2.718422685161478,-2.672303525149137
v8,feat_gbm,4.0,43,415,0.2554703619379956,0.9887747910888531
v8,feat_gbm,4.0,43,416,-3.5639652051576984,-2.064740642123073
v8,feat_gbm,4.0,43,417,-0.9522799567120431,-0.13534283366780814
v8,feat_gbm,4.0,43,418,-0.09390022618465994,0.5266566940316069
v8,feat_gbm,4.0,43,419,-0.7916576146967196,-0.7929716308762645
v8,feat_gbm,4.0,43,420,0.02388369141584254,0.22081989653443584
v8,feat_gbm,4.0,43,421,-2.6998787202062258,-3.4911396429773087
v8,feat_gbm,4.0,43,422,-1.528333047740533,0.4691563032653497
v8,feat_gbm,4.0,43,423,-0.1363419480885192,-0.21242164749251408
v8,feat_gbm,4.0,43,424,-2.7808706851128524,-2.0235730224261497
v8,feat_gbm,4.0,43,425,-0.3999617095579966,0.1881042769243711
v8,feat_gbm,4.0,43,426,-1.1553177907216563,-0.7546830882020855
v8,feat_gbm,4.0,43,427,-3.2778879686882174,-2.004418163271322
v8,feat_gbm,4.0,43,428,-0.8387175597048218,0.08108350485015015
v8,feat_gbm,4.0,43,429,-2.107905871026249,-0.8958783842144782
v8,feat_gbm,4.0,43,430,-1.3775188241977414,-0.700178367515834
v8,feat_gbm,4.0,43,431,-1.8225954565230278,-2.026447754843476
v8,feat_gbm,4.0,43,432,-3.066370771716135,-3.3644112924118934
v8,feat_gbm,4.0,43,433,-2.8406363745217997,-2.4777804975332844
v8,feat_gbm,4.0,43,434,-2.988446506026713,-3.6407879329147783
v8,feat_gbm,4.0,43,435,-0.3687402642421486,0.8140524350977956
v8,feat_gbm,4.0,43,436,-0.3409483988207286,-0.6342245759550225
v8,feat_gbm,4.0,43,437,-3.1849733801564,-1.0170271575608654
v8,feat_gbm,4.0,43,438,-2.566734720420325,1.2058566336630974
v8,feat_gbm,4.0,43,439,0.27587667000724536,1.04159183954478
v8,feat_gbm,4.0,43,440,-1.4248047314541938,-0.383754051292973
v8,feat_gbm,4.0,43,441,0.49216344846323834,0.9717849563735496
v8,feat_gbm,4.0,43,442,0.07220713890122817,0.915394257773604
v8,feat_gbm,4.0,43,443,-0.9908390786956816,0.17619398118278368
v8,feat_gbm,4.0,43,444,-2.3001027990516527,-2.3026142847949007
v8,feat_gbm,4.0,43,445,-0.7233637351783362,-2.156995715227189
v8,feat_gbm,4.0,43,446,-2.4718463581207786,-1.9647154613855007
v8,feat_gbm,4.0,43,447,-1.8697890882699042,-1.2167428909736953
v8,feat_gbm,4.0,43,448,-0.5135940383800095,0.371748058948411
v8,feat_gbm,4.0,43,449,-1.737846950090665,-3.354914600670279
v8,feat_gbm,4.0,43,450,-0.5817073898269821,-2.0984010901330774
v8,feat_gbm,4.0,43,451,-2.2193397174133462,-1.8411195968283314
v8,feat_gbm,4.0,43,452,0.19222518094336086,-0.2866386615093297
v8,feat_gbm,4.0,43,453,-2.579422694473989,-2.1769502099219324
v8,feat_gbm,4.0,43,454,-1.151247533953692,0.851829112076475
v8,feat_gbm,4.0,43,455,1.0570743896258796,-0.5174982843777256
v8,feat_gbm,4.0,43,456,-2.845772602375888,-3.7883351795095335
v8,feat_gbm,4.0,43,457,-3.4932032987575106,-1.3225504843777425
v8,feat_gbm,4.0,43,458,-0.41696298809591714,-0.6304710111145473
v8,feat_gbm,4.0,43,459,-1.389480333425169,-2.867776928577639
v8,feat_gbm,4.0,43,460,-0.6930991971844889,-0.20106453453544149
v8,feat_gbm,4.0,43,461,-0.2570148871234918,0.565413433251147
v8,feat_gbm,4.0,43,462,-2.1661630284649993,0.6531860801292728
v8,feat_gbm,4.0,43,463,-3.3051523843284483,-3.295531334571209
v8,feat_gbm,4.0,43,464,-1.0484525352178082,-1.118951529136503
v8,feat_gbm,4.0,43,465,-0.5402782458713845,0.08535922256033004
v8,feat_gbm,4.0,43,466,0.36891675634209975,0.2656879386171551
v8,feat_gbm,4.0,43,467,-0.8862634626366368,-1.0764680911985907
v8,feat_gbm,4.0,43,468,-0.24454162884901,2.2503813782282114
v8,feat_gbm,4.0,43,469,-0.33214847025542654,-0.029700274932011248
v8,feat_gbm,4.0,43,470,-3.2643753532688864,-2.1918010579584375
v8,feat_gbm,4.0,43,471,-1.3848832104571736,-0.12537364897776127
v8,feat_gbm,4.0,43,472,-0.5482066104369742,-1.3714574409892777
v8,feat_gbm,4.0,43,473,-1.658036421056894,-1.0216450817816245
v8,feat_gbm,4.0,43,474,-1.0454828612286817,-0.8313233833759152
v8,feat_gbm,4.0,43,475,-1.1451049629484356,-3.25243582884057
v8,feat_gbm,4.0,43,476,0.06879374431404754,0.8737365575305754
v8,feat_gbm,4.0,43,477,-3.5074636400761934,-1.8373017486027088
v8,feat_gbm,4.0,43,478,-2.951850462988429,-1.909749317133085
v8,feat_gbm,4.0,43,479,-0.4527256656619799,0.418341725137149
v8,feat_gbm,4.0,43,480,-3.1347911540361078,-2.8689304810445995
v8,feat_gbm,4.0,43,481,-3.8042910435672597,-3.9192950012633494
v8,feat_gbm,4.0,43,482,0.5598403677384097,0.8191907452202399
v8,feat_gbm,4.0,43,483,-2.6801749141409297,-2.7371748494528005
v8,feat_gbm,4.0,43,484,0.35388992056943913,0.043868991079412875
v8,feat_gbm,4.0,43,485,-0.9669899300297832,-3.9571024828402512
v8,feat_gbm,4.0,43,486,-2.7725288668053727,-0.8286091055291892
v8,feat_gbm,4.0,43,487,0.8184550164686915,1.1086460137612473
v8,feat_gbm,4.0,43,488,-1.552748923282825,-1.0899995989348372
v8,feat_gbm,4.0,43,489,-1.6206785472807217,-2.9260181182274523
v8,feat_gbm,4.0,43,490,-0.7505388968952179,0.01778898425240747
v8,feat_gbm,4.0,43,491,0.16956046590961904,-0.388546054063584
v8,feat_gbm,4.0,43,492,-2.864084453939271,-0.8483910406321095
v8,feat_gbm,4.0,43,493,-2.0060269763864635,-2.4855190663855797
v8,feat_gbm,4.0,43,494,-0.16856526987337267,-0.6027729178489412
v8,feat_gbm,4.0,43,495,-3.8381097813313065,-1.5285925057254015
v8,feat_gbm,4.0,43,496,0.13000595976336274,1.0092174422839322
v8,feat_gbm,4.0,43,497,-2.5308008028088946,-2.421052301727873
v8,feat_gbm,4.0,43,498,-3.138470832460075,-3.2283141264699093
v8,feat_gbm,4.0,43,499,-2.7710180967754936,-4.907212199848568
v8,feat_gbm,4.0,44,0,-0.8070167833429398,0.03894909458183669
v8,feat_gbm,4.0,44,1,-2.2320840295764874,-2.5052564746229193
v8,feat_gbm,4.0,44,2,-0.1879078999744396,0.6287827851917782
v8,feat_gbm,4.0,44,3,-2.7975059930128574,-3.3447289283878643
v8,feat_gbm,4.0,44,4,1.1888170093785613,0.9694015026406426
v8,feat_gbm,4.0,44,5,-0.7029110899514361,-2.4693709778233526
v8,feat_gbm,4.0,44,6,-0.299858840980156,-0.2819211013310965
v8,feat_gbm,4.0,44,7,0.11563740454925928,0.5289578846490461
v8,feat_gbm,4.0,44,8,0.06078506894689035,0.032863622186365654
v8,feat_gbm,4.0,44,9,-0.016851094932184327,0.9352707853930591
v8,feat_gbm,4.0,44,10,-1.0469627856400396,-1.5987558134683666
v8,feat_gbm,4.0,44,11,-1.8544419533174452,-3.2678706438993954
v8,feat_gbm,4.0,44,12,-1.2053834105972066,-2.445380546146449
v8,feat_gbm,4.0,44,13,-0.9980154687870221,-0.4471217519653716
v8,feat_gbm,4.0,44,14,-1.2778840343332922,-1.8343062920535937
v8,feat_gbm,4.0,44,15,-1.5338695073084454,-2.278287047942225
v8,feat_gbm,4.0,44,16,-1.2472034982937914,-1.113015507562239
v8,feat_gbm,4.0,44,17,-1.0899657784660564,-1.149386040828735
v8,feat_gbm,4.0,44,18,-1.5919954154101161,-0.4541092694382234
v8,feat_gbm,4.0,44,19,-2.547922847485989,-2.8798658660471284
v8,feat_gbm,4.0,44,20,-3.4999932731684837,-3.281006200299989
v8,feat_gbm,4.0,44,21,-2.7169891306879865,-0.7889402030111288
v8,feat_gbm,4.0,44,22,-0.017519492081004256,-0.48114593055133975
v8,feat_gbm,4.0,44,23,-2.9948085976142877,-2.8038114998165153
v8,feat_gbm,4.0,44,24,-3.6661383335948377,-2.6726430450531393
v8,feat_gbm,4.0,44,25,-2.986939295116251,-3.141178249464176
v8,feat_gbm,4.0,44,26,-2.94105097539285,-3.8612362310489847
v8,feat_gbm,4.0,44,27,-1.876231230534283,-3.085821277369337
v8,feat_gbm,4.0,44,28,-3.1757354744190724,-2.1153791712035637
v8,feat_gbm,4.0,44,29,-1.4904899715284765,-0.5854112868629942
v8,feat_gbm,4.0,44,30,-0.14723528201362973,0.13849791927417068
v8,feat_gbm,4.0,44,31,-1.023247540203963,-2.779654184179668
v8,feat_gbm,4.0,44,32,0.685525702175598,0.9166392391011026
v8,feat_gbm,4.0,44,33,-2.5523956078028363,-2.134444297962007
v8,feat_gbm,4.0,44,34,0.2656089774267257,1.1224191581864646
v8,feat_gbm,4.0,44,35,-3.355052030215375,-2.7514680837461087
v8,feat_gbm,4.0,44,36,-1.1616070839774877,0.7493710802437775
v8,feat_gbm,4.0,44,37,-1.6096497274019785,-2.157600461660938
v8,feat_gbm,4.0,44,38,-1.8159709997498448,-1.7436371170468024
v8,feat_gbm,4.0,44,39,0.16315581970932905,0.632388610685479
v8,feat_gbm,4.0,44,40,-2.6052319829928714,-1.5024753827969588
v8,feat_gbm,4.0,44,41,-2.2544064491181173,-2.936018587066778
v8,feat_gbm,4.0,44,42,-1.330800322875195,-0.06406961406287034
v8,feat_gbm,4.0,44,43,-0.48927549432157436,-0.43711075337934485
v8,feat_gbm,4.0,44,44,-1.4664220921511402,0.521724778538647
v8,feat_gbm,4.0,44,45,0.492184918773177,-0.02881562555915001
v8,feat_gbm,4.0,44,46,-2.1865524896585233,-2.6856700943784895
v8,feat_gbm,4.0,44,47,-2.2109021797408226,-3.3419513202228783
v8,feat_gbm,4.0,44,48,-0.08529713553773889,-0.35240032436669677
v8,feat_gbm,4.0,44,49,-3.5882692374908856,-4.466027560457086
v8,feat_gbm,4.0,44,50,-2.413856213184112,-1.2227887404747313
v8,feat_gbm,4.0,44,51,-3.109633595442065,-4.168130875201601
v8,feat_gbm,4.0,44,52,-0.6180692463023999,-2.1825653069440887
v8,feat_gbm,4.0,44,53,-2.545421701078307,-2.816977102698189
v8,feat_gbm,4.0,44,54,-0.02773316028783418,-0.9520374156321785
v8,feat_gbm,4.0,44,55,0.8435826811315935,0.800460094219776
v8,feat_gbm,4.0,44,56,0.4367121649968327,0.2782562560211116
v8,feat_gbm,4.0,44,57,-0.2669449128864869,-0.7855200046266205
v8,feat_gbm,4.0,44,58,-3.4946061621773343,-2.837973637743256
v8,feat_gbm,4.0,44,59,-2.535776020110436,0.3653424354755994
v8,feat_gbm,4.0,44,60,-0.9238803404562662,-3.145987746693799
v8,feat_gbm,4.0,44,61,-2.9113657123570915,-2.1381844357326614
v8,feat_gbm,4.0,44,62,-2.4070169779394615,0.3908315550690521
v8,feat_gbm,4.0,44,63,-2.915917970287978,-3.259739876316779
v8,feat_gbm,4.0,44,64,-2.372992976146926,-3.799325775609258
v8,feat_gbm,4.0,44,65,-2.339767948969728,0.2842997557356093
v8,feat_gbm,4.0,44,66,0.5703606619022115,0.9099380077885143
v8,feat_gbm,4.0,44,67,-0.10393985256789165,0.5741223235018287
v8,feat_gbm,4.0,44,68,0.25365841181791215,1.3807263582335993
v8,feat_gbm,4.0,44,69,-0.34388071515627205,2.7357387204405055
v8,feat_gbm,4.0,44,70,0.24934997502789327,-0.3782017485149665
v8,feat_gbm,4.0,44,71,-1.521898880202564,-0.6946521973220513
v8,feat_gbm,4.0,44,72,-2.443845189024666,-3.510295151868067
v8,feat_gbm,4.0,44,73,-1.0967396451508105,-0.3643686170400702
v8,feat_gbm,4.0,44,74,1.091999408259473,1.1835884152793859
v8,feat_gbm,4.0,44,75,-0.15268812430959106,-0.38644824542838596
v8,feat_gbm,4.0,44,76,-0.8173040041915632,0.7005004452467647
v8,feat_gbm,4.0,44,77,-0.35696892103286193,0.3770911051312199
v8,feat_gbm,4.0,44,78,-0.2764761388525252,-0.5374783823521183
v8,feat_gbm,4.0,44,79,-3.1757611929882708,-3.2499450611549854
v8,feat_gbm,4.0,44,80,-2.410885547328168,-1.719925172279684
v8,feat_gbm,4.0,44,81,0.40744909790320866,1.8185710395242058
v8,feat_gbm,4.0,44,82,-0.3059361206000059,-1.0758778979961314
v8,feat_gbm,4.0,44,83,-0.9304166434754786,-0.8033140510569362
v8,feat_gbm,4.0,44,84,-1.9652014991706275,-2.0837035815006346
v8,feat_gbm,4.0,44,85,-2.4166783117139787,-1.2430797823904942
v8,feat_gbm,4.0,44,86,0.497006994924714,0.639317965424242
v8,feat_gbm,4.0,44,87,-1.1949590943310742,-0.02321591952008587
v8,feat_gbm,4.0,44,88,-2.259506958004722,-3.512086916650174
v8,feat_gbm,4.0,44,89,-1.499938575692315,-1.684363733317816
v8,feat_gbm,4.0,44,90,-2.521023264036459,-3.5341996208099964
v8,feat_gbm,4.0,44,91,0.7656462534127805,1.1574629997660548
v8,feat_gbm,4.0,44,92,-1.2698604076700197,-0.7651863719989663
v8,feat_gbm,4.0,44,93,-2.0213569799469617,-5.7708125015304885
v8,feat_gbm,4.0,44,94,-0.20494792737510845,0.07374698385127064
v8,feat_gbm,4.0,44,95,-2.2763937634178735,1.201566413592891
v8,feat_gbm,4.0,44,96,-1.9323364458202763,1.2655480006709303
v8,feat_gbm,4.0,44,97,-2.46161332873895,-3.2217777708537843
v8,feat_gbm,4.0,44,98,-1.9425426996879325,-1.2120387208328698
v8,feat_gbm,4.0,44,99,-0.24895689366357263,-0.04015373686183237
v8,feat_gbm,4.0,44,100,-3.3954844517243803,-2.8384481914339785
v8,feat_gbm,4.0,44,101,-3.045378287813568,-3.541068619782685
v8,feat_gbm,4.0,44,102,-2.3554115411489636,-4.424727465058162
v8,feat_gbm,4.0,44,103,-1.0623867542121546,-0.7652009130347144
v8,feat_gbm,4.0,44,104,-1.5399056438162708,-0.406664655497914
v8,feat_gbm,4.0,44,105,-2.247727099154911,-2.8019031633754246
v8,feat_gbm,4.0,44,106,-2.6687576663121693,-1.1978192780958505
v8,feat_gbm,4.0,44,107,-1.933594278209861,-1.2497822804421463
v8,feat_gbm,4.0,44,108,-0.43506905270551055,-0.2003702404752673
v8,feat_gbm,4.0,44,109,-1.6323750263188264,-0.28745536208379296
v8,feat_gbm,4.0,44,110,-0.21038841315666115,0.2838469771831524
v8,feat_gbm,4.0,44,111,-0.9841694255545232,0.6579850926301614
v8,feat_gbm,4.0,44,112,0.21012437428788297,-0.4279263804064609
v8,feat_gbm,4.0,44,113,-0.03216418518838326,0.527327823801956
v8,feat_gbm,4.0,44,114,-2.2832916386424222,-3.652947895428966
v8,feat_gbm,4.0,44,115,-1.086482508930378,-0.04287987221360797
v8,feat_gbm,4.0,44,116,-2.4877090698937887,-3.4409421360670214
v8,feat_gbm,4.0,44,117,-2.79855065128417,-2.4284095097884006
v8,feat_gbm,4.0,44,118,-2.743553156800039,-1.419217075367618
v8,feat_gbm,4.0,44,119,0.13599478966269526,-1.4944271796191557
v8,feat_gbm,4.0,44,120,-3.158696105476828,-2.797137626437216
v8,feat_gbm,4.0,44,121,-0.21535351495924387,3.1321125804877905
v8,feat_gbm,4.0,44,122,-0.5098067110155224,-3.164895556438051
v8,feat_gbm,4.0,44,123,0.04901137273666111,-0.021234684620174846
v8,feat_gbm,4.0,44,124,-2.0239253088028577,-1.246001114532972
v8,feat_gbm,4.0,44,125,-2.4207190166081114,-2.7130193085566443
v8,feat_gbm,4.0,44,126,-0.07293868200536369,-2.0560780011130944
v8,feat_gbm,4.0,44,127,-3.11352225116106,-1.631222331554067
v8,feat_gbm,4.0,44,128,-1.2060187520901813,-3.477307725783656
v8,feat_gbm,4.0,44,129,-0.7778560634666118,1.7007542891568868
v8,feat_gbm,4.0,44,130,-0.8922313947621628,-3.4021624962570822
v8,feat_gbm,4.0,44,131,-3.010042603691073,-3.701149444421242
v8,feat_gbm,4.0,44,132,-2.0294786147542783,-0.4116741376471012
v8,feat_gbm,4.0,44,133,-1.8117243512237315,-0.5680375850475197
v8,feat_gbm,4.0,44,134,-2.1933484685896136,-1.4788189923590598
v8,feat_gbm,4.0,44,135,-1.9276215232437677,-2.9896549957503007
v8,feat_gbm,4.0,44,136,-0.000556321691762431,0.11194117436713467
v8,feat_gbm,4.0,44,137,-0.2305705732643034,1.7147062893715772
v8,feat_gbm,4.0,44,138,-1.7331458980622885,-1.9709125209383296
v8,feat_gbm,4.0,44,139,-1.2197920517220855,0.19937477723826902
v8,feat_gbm,4.0,44,140,-3.3347614152987326,-2.8223726616431475
v8,feat_gbm,4.0,44,141,-0.36866827187099743,-0.12380828599000025
v8,feat_gbm,4.0,44,142,-1.2845418841777936,-2.97521232911642
v8,feat_gbm,4.0,44,143,-2.184553229336478,-1.9484557479617686
v8,feat_gbm,4.0,44,144,-0.09921522839219826,1.244093655886106
v8,feat_gbm,4.0,44,145,-0.48879598510801575,-2.0280859266176816
v8,feat_gbm,4.0,44,146,-2.9457026790564367,-2.0754073031653366
v8,feat_gbm,4.0,44,147,-0.26159708384921593,-0.11331641159387335
v8,feat_gbm,4.0,44,148,-2.5567050107125677,-2.620298039600635
v8,feat_gbm,4.0,44,149,-2.1162893371307634,-3.8395532227602396
v8,feat_gbm,4.0,44,150,0.22022297914508138,-2.149698272240366
v8,feat_gbm,4.0,44,151,-3.0776190930020277,-3.1594376779318036
v8,feat_gbm,4.0,44,152,-0.892148246358924,-2.7712141114581046
v8,feat_gbm,4.0,44,153,-0.8962442548546964,-1.1483368403810985
v8,feat_gbm,4.0,44,154,-1.0014361337284667,-1.4700676700115773
v8,feat_gbm,4.0,44,155,-0.3031883047993083,1.4088416749712322
v8,feat_gbm,4.0,44,156,-0.603904938711328,0.7564704220494097
v8,feat_gbm,4.0,44,157,-1.508663444866398,-1.7148995557963913
v8,feat_gbm,4.0,44,158,-0.7941489761793455,-2.8595355115547196
v8,feat_gbm,4.0,44,159,-1.5256679959038781,-0.9922400520728849
v8,feat_gbm,4.0,44,160,0.3749558378718868,1.8585227307534937
v8,feat_gbm,4.0,44,161,-3.242234184930703,-2.477654537850602
v8,feat_gbm,4.0,44,162,-3.6187989051596694,-2.993764039868935
v8,feat_gbm,4.0,44,163,-2.8318740964431193,-1.1722671160336509
v8,feat_gbm,4.0,44,164,-2.768859608666837,-1.6577576086204497
v8,feat_gbm,4.0,44,165,-1.1155545332175798,-2.9770186999323642
v8,feat_gbm,4.0,44,166,-2.278850324293609,-3.2329952824425443
v8,feat_gbm,4.0,44,167,-0.2106418945816297,0.19550508612775644
v8,feat_gbm,4.0,44,168,-1.2988429651232467,-1.2639642813248737
v8,feat_gbm,4.0,44,169,-0.7282276111262991,1.4224064134580066
v8,feat_gbm,4.0,44,170,-2.5057975255846987,-1.5303724784706008
v8,feat_gbm,4.0,44,171,1.0170805406008847,0.6086346650572224
v8,feat_gbm,4.0,44,172,-0.5627252564618294,-0.052232489626048526
v8,feat_gbm,4.0,44,173,-1.2728335705912985,-0.19074605880313256
v8,feat_gbm,4.0,44,174,-2.1343237994511597,-2.7678232596734214
v8,feat_gbm,4.0,44,175,-1.4963711928405898,-1.6557092188829319
v8,feat_gbm,4.0,44,176,0.5209773868152133,0.12081831439914445
v8,feat_gbm,4.0,44,177,-0.24448672159080526,3.7031714993021168
v8,feat_gbm,4.0,44,178,-0.13954858593045819,-0.17761292562564054
v8,feat_gbm,4.0,44,179,0.16814024226952726,0.2295122735959306
v8,feat_gbm,4.0,44,180,-1.8772366885056968,-1.6401012725318311
v8,feat_gbm,4.0,44,181,-3.1722364866404233,-3.399461101549646
v8,feat_gbm,4.0,44,182,0.7174726257950335,0.5421608664871393
v8,feat_gbm,4.0,44,183,-1.0201923062064326,-3.7858185839721776
v8,feat_gbm,4.0,44,184,-0.2173819836787767,0.4440956773301304
v8,feat_gbm,4.0,44,185,-1.4775708551454392,0.5450962365111649
v8,feat_gbm,4.0,44,186,-2.640922177052372,-3.094441269353033
v8,feat_gbm,4.0,44,187,-0.07127540537713717,1.436275522654785
v8,feat_gbm,4.0,44,188,-0.6810016181480095,-0.003208414280501246
v8,feat_gbm,4.0,44,189,-2.7869668922032926,-2.0766448721687736
v8,feat_gbm,4.0,44,190,-2.061909192426622,-2.887011097372245
v8,feat_gbm,4.0,44,191,-0.22870726809566932,-0.19564387773269687
v8,feat_gbm,4.0,44,192,-0.9702718250290806,-3.39219136175158
v8,feat_gbm,4.0,44,193,-3.860951610521043,-4.804455114758695
v8,feat_gbm,4.0,44,194,-2.3724950235319273,-0.23230879418151415
v8,feat_gbm,4.0,44,195,0.891312540118378,0.7768952289284052
v8,feat_gbm,4.0,44,196,-2.949899935486651,-3.0758975731441707
v8,feat_gbm,4.0,44,197,1.0786967917278512,1.8852948766094535
v8,feat_gbm,4.0,44,198,0.08449816222339972,-0.07474663349946693
v8,feat_gbm,4.0,44,199,0.6615257349879231,0.9295509098669842
v8,feat_gbm,4.0,44,200,0.020577783442609864,0.40408761039079466
v8,feat_gbm,4.0,44,201,-2.400748698628939,-1.0185563947000995
v8,feat_gbm,4.0,44,202,-2.3979297030152025,-1.5812541435625456
v8,feat_gbm,4.0,44,203,-2.4179086799512604,-2.9269603411540346
v8,feat_gbm,4.0,44,204,-0.12513409303813236,-0.9368237022381455
v8,feat_gbm,4.0,44,205,-1.6105163851505735,-0.771906247259438
v8,feat_gbm,4.0,44,206,-1.4543416926700536,-1.4457766532498904
v8,feat_gbm,4.0,44,207,-2.5128425678268553,-2.4752738768021185
v8,feat_gbm,4.0,44,208,-0.4998030721564765,-2.8789590131308262
v8,feat_gbm,4.0,44,209,-2.149727221277974,-2.6986856152036793
v8,feat_gbm,4.0,44,210,0.21678283070670581,0.05837096406180189
v8,feat_gbm,4.0,44,211,-2.964128517605161,-2.2327070274631113
v8,feat_gbm,4.0,44,212,-1.5011932628303621,0.15758807445032513
v8,feat_gbm,4.0,44,213,0.45666604322192705,0.5234750924970406
v8,feat_gbm,4.0,44,214,0.30450565457263634,0.8312555987922697
v8,feat_gbm,4.0,44,215,-2.541777984827237,-0.7699972654610447
v8,feat_gbm,4.0,44,216,-2.870545245118371,-2.4368834827463726
v8,feat_gbm,4.0,44,217,-3.1311465081821943,-3.7421886443248944
v8,feat_gbm,4.0,44,218,-1.695037135243269,-4.3753265313120195
v8,feat_gbm,4.0,44,219,-1.2650456946626611,0.13181597567614448
v8,feat_gbm,4.0,44,220,-1.9090785767667497,-2.150299196146146
v8,feat_gbm,4.0,44,221,-1.284508914137104,0.4316281043505307
v8,feat_gbm,4.0,44,222,-0.26425810683303064,0.20581216265343685
v8,feat_gbm,4.0,44,223,-0.5506483920358539,-1.7226779576420432
v8,feat_gbm,4.0,44,224,-0.014412876628427105,1.0701061526100661
v8,feat_gbm,4.0,44,225,-2.9294919504196906,-2.995983076644188
v8,feat_gbm,4.0,44,226,0.05127873284467346,-0.39103048890459524
v8,feat_gbm,4.0,44,227,-2.9708312376340267,-2.811377433191803
v8,feat_gbm,4.0,44,228,0.3784482035916188,0.1103569248772952
v8,feat_gbm,4.0,44,229,0.9073473684805624,1.0926797996732165
v8,feat_gbm,4.0,44,230,-2.7278671297761723,-1.1465469989616057
v8,feat_gbm,4.0,44,231,-3.4102854261484294,-3.7045714701961474
v8,feat_gbm,4.0,44,232,-1.3543055204371468,-0.3205795311611984
v8,feat_gbm,4.0,44,233,0.2149445545701889,-0.7282288274356463
v8,feat_gbm,4.0,44,234,-0.5250306896433374,-0.6143938277881194
v8,feat_gbm,4.0,44,235,-3.419239502627361,-3.717493513170671
v8,feat_gbm,4.0,44,236,-1.0723479877602833,-1.894186438607053
v8,feat_gbm,4.0,44,237,0.06762245816556785,0.19101892391720615
v8,feat_gbm,4.0,44,238,-2.6212364985024377,-2.723653519266766
v8,feat_gbm,4.0,44,239,0.13269956946232803,0.28172679866345784
v8,feat_gbm,4.0,44,240,-1.4371883146865854,-0.570916259780521
v8,feat_gbm,4.0,44,241,-0.9798439711169215,-3.037607674189957
v8,feat_gbm,4.0,44,242,-3.018351594514229,-2.4824067099880884
v8,feat_gbm,4.0,44,243,-2.6618484048142714,1.793244191067856
v8,feat_gbm,4.0,44,244,-2.232583097760466,-2.170563194223024
v8,feat_gbm,4.0,44,245,-3.453678073219168,-2.5580286375581696
v8,feat_gbm,4.0,44,246,-2.1775287310541525,-3.9013363177662743
v8,feat_gbm,4.0,44,247,-1.5959649502523474,-1.2689211715035387
v8,feat_gbm,4.0,44,248,-2.7986760651030886,-2.89795980370705
v8,feat_gbm,4.0,44,249,-2.2692277629566995,-1.149470325468549
v8,feat_gbm,4.0,44,250,-1.4678731476026383,-2.1803876537888693
v8,feat_gbm,4.0,44,251,-1.2375012186038135,-1.2010659028736028
v8,feat_gbm,4.0,44,252,-2.2765637172413364,-2.675840590612525
v8,feat_gbm,4.0,44,253,-1.8020994772124037,-0.865421424414132
v8,feat_gbm,4.0,44,254,-1.791624185635578,-0.45089388998719687
v8,feat_gbm,4.0,44,255,-3.0212446896795644,-1.477655138121315
v8,feat_gbm,4.0,44,256,-2.967649520136173,-1.9234128661936198
v8,feat_gbm,4.0,44,257,-3.206324017384063,-0.8895479413744646
v8,feat_gbm,4.0,44,258,-2.6711256344996466,-1.284701881398344
v8,feat_gbm,4.0,44,259,-0.43085388279263226,0.03791276039075724
v8,feat_gbm,4.0,44,260,-2.7353001496890004,-1.213907680807544
v8,feat_gbm,4.0,44,261,-0.3583769349308949,-0.6937064881158975
v8,feat_gbm,4.0,44,262,0.5736625250180605,-2.500344974429108
v8,feat_gbm,4.0,44,263,-2.37016978607644,-3.0782877743164985
v8,feat_gbm,4.0,44,264,-2.936965432865927,-3.2702790535172426
v8,feat_gbm,4.0,44,265,-1.2838429128139395,-0.15746453031192983
v8,feat_gbm,4.0,44,266,-2.426558898684639,-1.3930653126164372
v8,feat_gbm,4.0,44,267,-2.7105407587472685,-3.460520174484755
v8,feat_gbm,4.0,44,268,-2.299586286646115,-1.8115923421665279
v8,feat_gbm,4.0,44,269,1.0661327021520015,-0.04785951915829837
v8,feat_gbm,4.0,44,270,-0.7073902905385991,-1.3387838926701625
v8,feat_gbm,4.0,44,271,0.0431946311581657,0.6172482925771328
v8,feat_gbm,4.0,44,272,-1.406847739623169,0.10718580269537517
v8,feat_gbm,4.0,44,273,-1.6278346109071273,-2.4250613993713395
v8,feat_gbm,4.0,44,274,-1.8189209018930876,-0.4656136934058211
v8,feat_gbm,4.0,44,275,-3.1103524107135745,-1.7679071058666047
v8,feat_gbm,4.0,44,276,-0.5395469763221823,-0.15192249005847586
v8,feat_gbm,4.0,44,277,-0.2127469033690714,-0.22686658439221394
v8,feat_gbm,4.0,44,278,-0.11411230401014608,-0.3963273628232521
v8,feat_gbm,4.0,44,279,-1.0361918934209846,-2.1916982233579314
v8,feat_gbm,4.0,44,280,-1.6094934577445512,0.5138857123822332
v8,feat_gbm,4.0,44,281,0.1465843969179699,0.13501120436460418
v8,feat_gbm,4.0,44,282,-0.11601041624061678,-0.35232291748203215
v8,feat_gbm,4.0,44,283,0.6984113227472414,0.33710059568630363
v8,feat_gbm,4.0,44,284,-0.1829114796341938,2.2269494594330284
v8,feat_gbm,4.0,44,285,-2.107434090936032,-0.8523290277873723
v8,feat_gbm,4.0,44,286,-0.4566552736622419,0.5032694866056324
v8,feat_gbm,4.0,44,287,-1.9536111722326674,-3.0734310124071125
v8,feat_gbm,4.0,44,288,-2.8515664431262997,-3.0969464995649485
v8,feat_gbm,4.0,44,289,-0.14787443491777078,0.8088909840914691
v8,feat_gbm,4.0,44,290,-2.3167955757285466,-1.710735902712342
v8,feat_gbm,4.0,44,291,-0.232885364511929,-0.24588513525180683
v8,feat_gbm,4.0,44,292,-2.6433459282404037,-2.9910915714149957
v8,feat_gbm,4.0,44,293,-0.04980205739608823,0.24397961438558982
v8,feat_gbm,4.0,44,294,-0.45765418954116,0.9827222917401395
v8,feat_gbm,4.0,44,295,0.7970795245017175,1.5399914318848642
v8,feat_gbm,4.0,44,296,-1.9419053753117905,-3.028104854063688
v8,feat_gbm,4.0,44,297,-0.6383053255001003,-1.9675880903276046
v8,feat_gbm,4.0,44,298,-0.06967412015726368,0.3882116190950413
v8,feat_gbm,4.0,44,299,-2.0398129118126467,-0.4169590587595381
v8,feat_gbm,4.0,44,300,-1.8375750634119883,-0.47104701624968015
v8,feat_gbm,4.0,44,301,-1.557165981908267,-0.5788171023402015
v8,feat_gbm,4.0,44,302,-1.5660671246012672,-3.325334912618423
v8,feat_gbm,4.0,44,303,-1.1423278578523002,0.27214776974989446
v8,feat_gbm,4.0,44,304,-0.4236719464435055,0.2838761456734127
v8,feat_gbm,4.0,44,305,0.26315448776317507,0.98356576927226
v8,feat_gbm,4.0,44,306,-3.0839581194818577,-2.324804251846344
v8,feat_gbm,4.0,44,307,-0.15539211016812812,-0.30060412365222405
v8,feat_gbm,4.0,44,308,-2.9171166262607917,-3.5706943269006843
v8,feat_gbm,4.0,44,309,-0.9868751603209729,0.7657986236992217
v8,feat_gbm,4.0,44,310,-0.8535322239876231,-0.3760212383278314
v8,feat_gbm,4.0,44,311,1.0636137812465538,0.903367601886353
v8,feat_gbm,4.0,44,312,-0.2089867546075623,0.2834145554969618
v8,feat_gbm,4.0,44,313,0.12571629833193615,-0.8750381269167363
v8,feat_gbm,4.0,44,314,0.1379623486152728,-0.8911054934067958
v8,feat_gbm,4.0,44,315,0.24182207126581615,0.2699623908229132
v8,feat_gbm,4.0,44,316,-3.207954876002671,-4.034449774534175
v8,feat_gbm,4.0,44,317,-1.106292443443459,0.7302045063515665
v8,feat_gbm,4.0,44,318,-1.8578340927119092,-2.5264159394565007
v8,feat_gbm,4.0,44,319,-2.955952636882072,-3.1280680478747835
v8,feat_gbm,4.0,44,320,-0.9445687873192309,-0.623194388118803
v8,feat_gbm,4.0,44,321,-2.5809482023355157,-4.172922463867305
v8,feat_gbm,4.0,44,322,0.8029018584667862,1.0714029341973417
v8,feat_gbm,4.0,44,323,0.12576193523268275,-2.5538050374755565
v8,feat_gbm,4.0,44,324,-1.8278758682832983,-1.5310020975326282
v8,feat_gbm,4.0,44,325,-0.24491013481242996,-0.735749980772127
v8,feat_gbm,4.0,44,326,-0.6878585580564097,-0.5010306012352705
v8,feat_gbm,4.0,44,327,-3.677537968741232,-4.393123087746285
v8,feat_gbm,4.0,44,328,-1.1561251735481624,0.6439364857563509
v8,feat_gbm,4.0,44,329,-2.430338542121708,-2.60760252445046
v8,feat_gbm,4.0,44,330,0.03957202696206852,0.46983427811083467
v8,feat_gbm,4.0,44,331,-2.584579999531591,-1.149354435920189
v8,feat_gbm,4.0,44,332,-2.8236027513159576,-1.0961264399974935
v8,feat_gbm,4.0,44,333,0.13898579782221962,1.4253561556633074
v8,feat_gbm,4.0,44,334,0.6829958246230073,1.0406546288822482
v8,feat_gbm,4.0,44,335,-0.9399236367624652,-0.1286217558512718
v8,feat_gbm,4.0,44,336,-2.2639811629883475,-1.7275974260064488
v8,feat_gbm,4.0,44,337,-3.4567023273445168,-4.535227665039715
v8,feat_gbm,4.0,44,338,-0.11247337888092805,-1.078833843619319
v8,feat_gbm,4.0,44,339,-2.764436237723852,-2.035297396751524
v8,feat_gbm,4.0,44,340,-0.4309432064711709,0.4788286932125707
v8,feat_gbm,4.0,44,341,0.49510125524596255,-0.4595082096564039
v8,feat_gbm,4.0,44,342,-2.9286995641151647,-3.653430804591794
v8,feat_gbm,4.0,44,343,0.6032112469833385,0.2834522663037432
v8,feat_gbm,4.0,44,344,0.34513186001234614,-0.15984972455285287
v8,feat_gbm,4.0,44,345,-2.4684452899408007,-3.8822970119574354
v8,feat_gbm,4.0,44,346,-2.42898947358881,-2.5801989990218064
v8,feat_gbm,4.0,44,347,-2.6585327544693005,-3.2622630695286134
v8,feat_gbm,4.0,44,348,-0.44589124292327276,-0.4894561152880944
v8,feat_gbm,4.0,44,349,-1.2471306289225705,-3.0223552414624764
v8,feat_gbm,4.0,44,350,0.3991953334073365,0.4215072765335228
v8,feat_gbm,4.0,44,351,-1.5599756217292287,-1.8152752103400673
v8,feat_gbm,4.0,44,352,0.30541096605948775,1.102263670511441
v8,feat_gbm,4.0,44,353,-0.32893115004077494,1.4454852001466738
v8,feat_gbm,4.0,44,354,-2.911532195204104,-3.6770060333191017
v8,feat_gbm,4.0,44,355,-3.2554767225667076,-5.078652858832153
v8,feat_gbm,4.0,44,356,-0.05251150189933139,0.7815322159665122
v8,feat_gbm,4.0,44,357,-1.2708175738429122,0.6775133790495483
v8,feat_gbm,4.0,44,358,-3.148619411573883,-3.5163570325540956
v8,feat_gbm,4.0,44,359,-1.4918490950432708,-4.157760523739404
v8,feat_gbm,4.0,44,360,-1.2708823581014466,-0.18386357284099003
v8,feat_gbm,4.0,44,361,-1.3876385936961608,-4.477383009144865
v8,feat_gbm,4.0,44,362,-1.4589932781465622,0.2909126951240761
v8,feat_gbm,4.0,44,363,-2.100153703522528,-3.5121531596302606
v8,feat_gbm,4.0,44,364,-1.684175277651342,-0.0019354464452207268
v8,feat_gbm,4.0,44,365,-1.5598911657413614,-3.264666087597375
v8,feat_gbm,4.0,44,366,-1.4729920765468094,-1.4961090632143375
v8,feat_gbm,4.0,44,367,-0.04516398749749682,-0.10305907560987346
v8,feat_gbm,4.0,44,368,-1.2522371205948701,0.24601275195113992
v8,feat_gbm,4.0,44,369,-1.0658074821386596,-1.6400355118163064
v8,feat_gbm,4.0,44,370,-1.7183001720244757,-1.5399226532969161
v8,feat_gbm,4.0,44,371,-0.3013801806375566,-0.3336387161155974
v8,feat_gbm,4.0,44,372,-1.959034260182822,0.3185760540422761
v8,feat_gbm,4.0,44,373,-0.8361507508184403,-0.30756424411789
v8,feat_gbm,4.0,44,374,-3.189132864979189,-3.551435429619069
v8,feat_gbm,4.0,44,375,0.7302829251597031,-0.12846918127015178
v8,feat_gbm,4.0,44,376,0.20737834353615017,0.43413099611324796
v8,feat_gbm,4.0,44,377,-0.8216669179375745,0.8095384731463161
v8,feat_gbm,4.0,44,378,0.026294980033141978,0.20303525329731625
v8,feat_gbm,4.0,44,379,0.015350684229355958,0.524784145223057
v8,feat_gbm,4.0,44,380,-0.015591044710629866,0.8722609808312535
v8,feat_gbm,4.0,44,381,-0.8949549793206756,1.0190202163897197
v8,feat_gbm,4.0,44,382,-0.6804461419875302,1.2715191268303472
v8,feat_gbm,4.0,44,383,-2.5663420102914714,-0.13923746667536385
v8,feat_gbm,4.0,44,384,-2.388007016199708,-1.7983983483294153
v8,feat_gbm,4.0,44,385,-0.5337935997579019,0.5606037150840157
v8,feat_gbm,4.0,44,386,0.571270502912928,0.6003456151224621
v8,feat_gbm,4.0,44,387,-0.20758871700347423,1.3071718981356573
v8,feat_gbm,4.0,44,388,-1.1904719204731598,-0.19457283568776126
v8,feat_gbm,4.0,44,389,-3.116881843343731,-0.981880356960367
v8,feat_gbm,4.0,44,390,-0.8058740698444716,-2.628024059072158
v8,feat_gbm,4.0,44,391,-2.282049057695122,-2.479262758098376
v8,feat_gbm,4.0,44,392,-2.976296870444947,-2.207941629114672
v8,feat_gbm,4.0,44,393,-1.9240398926044548,-2.806586620215901
v8,feat_gbm,4.0,44,394,-2.9877905784727306,-0.16842623590390868
v8,feat_gbm,4.0,44,395,0.17123645000888582,0.3596423409999632
v8,feat_gbm,4.0,44,396,-2.6098200104615823,-3.117667066362407
v8,feat_gbm,4.0,44,397,0.6678996665787035,0.6134086288650079
v8,feat_gbm,4.0,44,398,0.5623193538201562,0.5049020087080688
v8,feat_gbm,4.0,44,399,-2.622209077629845,-1.0548605918119196
v8,feat_gbm,4.0,44,400,-3.557313819638918,-2.877676775828332
v8,feat_gbm,4.0,44,401,1.0648326838364106,0.015654415635624343
v8,feat_gbm,4.0,44,402,-0.22450877718316836,-0.7027824676465185
v8,feat_gbm,4.0,44,403,0.9632399113809526,0.6733427913489138
v8,feat_gbm,4.0,44,404,-0.6612713946001726,0.03259550049258387
v8,feat_gbm,4.0,44,405,-2.5927616511876685,-3.4179416205706223
v8,feat_gbm,4.0,44,406,-3.4289079609575537,-1.6563158072976616
v8,feat_gbm,4.0,44,407,-1.4417804869177198,0.3281041495218151
v8,feat_gbm,4.0,44,408,-1.0763592656194898,-1.498502430121411
v8,feat_gbm,4.0,44,409,-1.7918884489276496,-1.5390850133499359
v8,feat_gbm,4.0,44,410,-0.7539449279295891,-3.8769914364338094
v8,feat_gbm,4.0,44,411,-1.787849076707589,-1.1093409530974205
v8,feat_gbm,4.0,44,412,-2.591597578837862,-2.1356441225652167
v8,feat_gbm,4.0,44,413,-0.2566945586589966,0.5613925387002681
v8,feat_gbm,4.0,44,414,-2.381880576540014,-2.672303525149137
v8,feat_gbm,4.0,44,415,0.41171361961706765,0.9887747910888531
v8,feat_gbm,4.0,44,416,-3.8927980720041275,-2.064740642123073
v8,feat_gbm,4.0,44,417,-1.9861449595447536,-0.13534283366780814
v8,feat_gbm,4.0,44,418,-0.1659921921730298,0.5266566940316069
v8,feat_gbm,4.0,44,419,-0.8132024908993813,-0.7929716308762645
v8,feat_gbm,4.0,44,420,0.04417962227615147,0.22081989653443584
v8,feat_gbm,4.0,44,421,-2.690773325458399,-3.4911396429773087
v8,feat_gbm,4.0,44,422,-1.3535202679403968,0.4691563032653497
v8,feat_gbm,4.0,44,423,-0.2912577465619316,-0.21242164749251408
v8,feat_gbm,4.0,44,424,-2.7681535142865834,-2.0235730224261497
v8,feat_gbm,4.0,44,425,-0.19699287611148938,0.1881042769243711
v8,feat_gbm,4.0,44,426,-0.9245175762448101,-0.7546830882020855
v8,feat_gbm,4.0,44,427,-2.846418867383836,-2.004418163271322
v8,feat_gbm,4.0,44,428,-0.9475008757956493,0.08108350485015015
v8,feat_gbm,4.0,44,429,-2.1238145857199933,-0.8958783842144782
v8,feat_gbm,4.0,44,430,-1.3295232155913537,-0.700178367515834
v8,feat_gbm,4.0,44,431,-1.7022556915730076,-2.026447754843476
v8,feat_gbm,4.0,44,432,-3.2096681437602226,-3.3644112924118934
v8,feat_gbm,4.0,44,433,-2.8058757458578176,-2.4777804975332844
v8,feat_gbm,4.0,44,434,-3.0447775424102264,-3.6407879329147783
v8,feat_gbm,4.0,44,435,0.014782963068767425,0.8140524350977956
v8,feat_gbm,4.0,44,436,-0.1796881324070399,-0.6342245759550225
v8,feat_gbm,4.0,44,437,-3.010780803589239,-1.0170271575608654
v8,feat_gbm,4.0,44,438,-2.3715335968230113,1.2058566336630974
v8,feat_gbm,4.0,44,439,0.12018231282329293,1.04159183954478
v8,feat_gbm,4.0,44,440,-1.4451471358328114,-0.383754051292973
v8,feat_gbm,4.0,44,441,0.25973932143963574,0.9717849563735496
v8,feat_gbm,4.0,44,442,0.3024969411056683,0.915394257773604
v8,feat_gbm,4.0,44,443,-2.038760513704788,0.17619398118278368
v8,feat_gbm,4.0,44,444,-2.3139777293939283,-2.3026142847949007
v8,feat_gbm,4.0,44,445,-0.07842234588464869,-2.156995715227189
v8,feat_gbm,4.0,44,446,-2.326691465835783,-1.9647154613855007
v8,feat_gbm,4.0,44,447,-1.751674430559345,-1.2167428909736953
v8,feat_gbm,4.0,44,448,-0.8229842615855166,0.371748058948411
v8,feat_gbm,4.0,44,449,-1.6891883950027153,-3.354914600670279
v8,feat_gbm,4.0,44,450,-0.79045517526701,-2.0984010901330774
v8,feat_gbm,4.0,44,451,-2.3670419698584224,-1.8411195968283314
v8,feat_gbm,4.0,44,452,0.30626916354354183,-0.2866386615093297
v8,feat_gbm,4.0,44,453,-2.239857514204604,-2.1769502099219324
v8,feat_gbm,4.0,44,454,-1.4246436626008192,0.851829112076475
v8,feat_gbm,4.0,44,455,0.874227816066227,-0.5174982843777256
v8,feat_gbm,4.0,44,456,-2.980383768385659,-3.7883351795095335
v8,feat_gbm,4.0,44,457,-3.4272073949130197,-1.3225504843777425
v8,feat_gbm,4.0,44,458,-0.26825384804143754,-0.6304710111145473
v8,feat_gbm,4.0,44,459,-1.1474575102080358,-2.867776928577639
v8,feat_gbm,4.0,44,460,-1.3401649085072942,-0.20106453453544149
v8,feat_gbm,4.0,44,461,-0.013284922278109727,0.565413433251147
v8,feat_gbm,4.0,44,462,-2.1138306141321332,0.6531860801292728
v8,feat_gbm,4.0,44,463,-2.976413253117245,-3.295531334571209
v8,feat_gbm,4.0,44,464,-0.9135073876491145,-1.118951529136503
v8,feat_gbm,4.0,44,465,-0.5176110199004561,0.08535922256033004
v8,feat_gbm,4.0,44,466,0.3141745009332516,0.2656879386171551
v8,feat_gbm,4.0,44,467,-1.1328408691744896,-1.0764680911985907
v8,feat_gbm,4.0,44,468,-0.6854525932306839,2.2503813782282114
v8,feat_gbm,4.0,44,469,-0.5058062341012174,-0.029700274932011248
v8,feat_gbm,4.0,44,470,-3.075587853368298,-2.1918010579584375
v8,feat_gbm,4.0,44,471,-1.3638014551867657,-0.12537364897776127
v8,feat_gbm,4.0,44,472,-0.5376574967307937,-1.3714574409892777
v8,feat_gbm,4.0,44,473,-2.3167505643199413,-1.0216450817816245
v8,feat_gbm,4.0,44,474,-1.1740272620501708,-0.8313233833759152
v8,feat_gbm,4.0,44,475,-0.6931510668871432,-3.25243582884057
v8,feat_gbm,4.0,44,476,0.03099627469035882,0.8737365575305754
v8,feat_gbm,4.0,44,477,-3.4464674993063786,-1.8373017486027088
v8,feat_gbm,4.0,44,478,-2.941308006376571,-1.909749317133085
v8,feat_gbm,4.0,44,479,-0.5118247248792516,0.418341725137149
v8,feat_gbm,4.0,44,480,-2.931659985218004,-2.8689304810445995
v8,feat_gbm,4.0,44,481,-4.135548485834,-3.9192950012633494
v8,feat_gbm,4.0,44,482,0.8146627286262588,0.8191907452202399
v8,feat_gbm,4.0,44,483,-2.674736177957929,-2.7371748494528005
v8,feat_gbm,4.0,44,484,0.325771041045554,0.043868991079412875
v8,feat_gbm,4.0,44,485,-1.0666724410663142,-3.9571024828402512
v8,feat_gbm,4.0,44,486,-2.6505815120927845,-0.8286091055291892
v8,feat_gbm,4.0,44,487,0.9662973095256032,1.1086460137612473
v8,feat_gbm,4.0,44,488,-1.2013769024719265,-1.0899995989348372
v8,feat_gbm,4.0,44,489,-1.625500000766372,-2.9260181182274523
v8,feat_gbm,4.0,44,490,-0.5451090114782803,0.01778898425240747
v8,feat_gbm,4.0,44,491,0.24306485715542095,-0.388546054063584
v8,feat_gbm,4.0,44,492,-2.87889554845909,-0.8483910406321095
v8,feat_gbm,4.0,44,493,-2.1382154331249392,-2.4855190663855797
v8,feat_gbm,4.0,44,494,-0.2560181422202411,-0.6027729178489412
v8,feat_gbm,4.0,44,495,-3.9198382119055104,-1.5285925057254015
v8,feat_gbm,4.0,44,496,0.0976582242565511,1.0092174422839322
v8,feat_gbm,4.0,44,497,-2.6177148116448716,-2.421052301727873
v8,feat_gbm,4.0,44,498,-2.9543529657985013,-3.2283141264699093
v8,feat_gbm,4.0,44,499,-2.8625461599884208,-4.907212199848568
v8,feat_gbm,4.0,45,0,-0.5805205898855289,0.03894909458183669
v8,feat_gbm,4.0,45,1,-2.4760919223051436,-2.5052564746229193
v8,feat_gbm,4.0,45,2,-0.4196786551525924,0.6287827851917782
v8,feat_gbm,4.0,45,3,-2.7336899724394543,-3.3447289283878643
v8,feat_gbm,4.0,45,4,0.9949853430968972,0.9694015026406426
v8,feat_gbm,4.0,45,5,-0.9268161801637687,-2.4693709778233526
v8,feat_gbm,4.0,45,6,-0.2321354219979632,-0.2819211013310965
v8,feat_gbm,4.0,45,7,-0.10945730221480733,0.5289578846490461
v8,feat_gbm,4.0,45,8,0.08802671900585415,0.032863622186365654
v8,feat_gbm,4.0,45,9,0.014688610933175719,0.9352707853930591
v8,feat_gbm,4.0,45,10,-1.2031344279657012,-1.5987558134683666
v8,feat_gbm,4.0,45,11,-2.055561870475547,-3.2678706438993954
v8,feat_gbm,4.0,45,12,-1.6665491884237937,-2.445380546146449
v8,feat_gbm,4.0,45,13,-1.0055380222490697,-0.4471217519653716
v8,feat_gbm,4.0,45,14,-1.2929767955724687,-1.8343062920535937
v8,feat_gbm,4.0,45,15,-1.394718656413835,-2.278287047942225
v8,feat_gbm,4.0,45,16,-1.1122121300864931,-1.113015507562239
v8,feat_gbm,4.0,45,17,-2.033997949792779,-1.149386040828735
v8,feat_gbm,4.0,45,18,-1.5371666189304587,-0.4541092694382234
v8,feat_gbm,4.0,45,19,-2.4451578828739358,-2.8798658660471284
v8,feat_gbm,4.0,45,20,-3.623304699444954,-3.281006200299989
v8,feat_gbm,4.0,45,21,-2.660390351082265,-0.7889402030111288
v8,feat_gbm,4.0,45,22,-0.6059938265142855,-0.48114593055133975
v8,feat_gbm,4.0,45,23,-3.1642283829338225,-2.8038114998165153
v8,feat_gbm,4.0,45,24,-3.8397459494780612,-2.6726430450531393
v8,feat_gbm,4.0,45,25,-2.7744502169358967,-3.141178249464176
v8,feat_gbm,4.0,45,26,-2.931671104589871,-3.8612362310489847
v8,feat_gbm,4.0,45,27,-2.2346383288947385,-3.085821277369337
v8,feat_gbm,4.0,45,28,-3.1212957306728506,-2.1153791712035637
v8,feat_gbm,4.0,45,29,-1.9307831577979684,-0.5854112868629942
v8,feat_gbm,4.0,45,30,-0.07344204613741785,0.13849791927417068
v8,feat_gbm,4.0,45,31,-1.731597760929226,-2.779654184179668
v8,feat_gbm,4.0,45,32,0.09861395053223707,0.9166392391011026
v8,feat_gbm,4.0,45,33,-2.6437281278771088,-2.134444297962007
v8,feat_gbm,4.0,45,34,0.2592881640450697,1.1224191581864646
v8,feat_gbm,4.0,45,35,-3.310055853955688,-2.7514680837461087
v8,feat_gbm,4.0,45,36,-1.8731148579184933,0.7493710802437775
v8,feat_gbm,4.0,45,37,-1.9203500758640946,-2.157600461660938
v8,feat_gbm,4.0,45,38,-1.6228307337935086,-1.7436371170468024
v8,feat_gbm,4.0,45,39,0.039479533217889454,0.632388610685479
v8,feat_gbm,4.0,45,40,-2.408116122736019,-1.5024753827969588
v8,feat_gbm,4.0,45,41,-2.270277513870023,-2.936018587066778
v8,feat_gbm,4.0,45,42,-1.6297330286677645,-0.06406961406287034
v8,feat_gbm,4.0,45,43,-0.3446979819599605,-0.43711075337934485
v8,feat_gbm,4.0,45,44,-1.0699982218736805,0.521724778538647
v8,feat_gbm,4.0,45,45,0.13596272237797202,-0.02881562555915001
v8,feat_gbm,4.0,45,46,-2.2464810290990274,-2.6856700943784895
v8,feat_gbm,4.0,45,47,-1.9101270736708653,-3.3419513202228783
v8,feat_gbm,4.0,45,48,-0.08875782344155989,-0.35240032436669677
v8,feat_gbm,4.0,45,49,-3.327981665423845,-4.466027560457086
v8,feat_gbm,4.0,45,50,-2.5504393921308606,-1.2227887404747313
v8,feat_gbm,4.0,45,51,-3.3309474751473958,-4.168130875201601
v8,feat_gbm,4.0,45,52,-0.5195081182583217,-2.1825653069440887
v8,feat_gbm,4.0,45,53,-2.714792123099374,-2.816977102698189
v8,feat_gbm,4.0,45,54,0.00398332685077179,-0.9520374156321785
v8,feat_gbm,4.0,45,55,0.6744998604396464,0.800460094219776
v8,feat_gbm,4.0,45,56,0.6101095537856156,0.2782562560211116
v8,feat_gbm,4.0,45,57,-0.3519597621474721,-0.7855200046266205
v8,feat_gbm,4.0,45,58,-3.5634075661243263,-2.837973637743256
v8,feat_gbm,4.0,45,59,-2.414103217886915,0.3653424354755994
v8,feat_gbm,4.0,45,60,-1.78285538141499,-3.145987746693799
v8,feat_gbm,4.0,45,61,-2.599192948853037,-2.1381844357326614
v8,feat_gbm,4.0,45,62,-2.187661927655623,0.3908315550690521
v8,feat_gbm,4.0,45,63,-2.681698019997618,-3.259739876316779
v8,feat_gbm,4.0,45,64,-2.3738902928989294,-3.799325775609258
v8,feat_gbm,4.0,45,65,-2.4956548506435325,0.2842997557356093
v8,feat_gbm,4.0,45,66,0.25515699959907767,0.9099380077885143
v8,feat_gbm,4.0,45,67,0.005757174542176293,0.5741223235018287
v8,feat_gbm,4.0,45,68,0.11110437552027816,1.3807263582335993
v8,feat_gbm,4.0,45,69,-0.2839612313702234,2.7357387204405055
v8,feat_gbm,4.0,45,70,0.27037894687099157,-0.3782017485149665
v8,feat_gbm,4.0,45,71,-1.642156776399043,-0.6946521973220513
v8,feat_gbm,4.0,45,72,-2.3411126080726397,-3.510295151868067
v8,feat_gbm,4.0,45,73,-1.453278697093905,-0.3643686170400702
v8,feat_gbm,4.0,45,74,0.2330353287039701,1.1835884152793859
v8,feat_gbm,4.0,45,75,-0.1149985731673762,-0.38644824542838596
v8,feat_gbm,4.0,45,76,-0.5827155967432617,0.7005004452467647
v8,feat_gbm,4.0,45,77,-1.0397806108579914,0.3770911051312199
v8,feat_gbm,4.0,45,78,-0.35209753576536656,-0.5374783823521183
v8,feat_gbm,4.0,45,79,-2.901955242829896,-3.2499450611549854
v8,feat_gbm,4.0,45,80,-2.4728703886008536,-1.719925172279684
v8,feat_gbm,4.0,45,81,0.009986952171349497,1.8185710395242058
v8,feat_gbm,4.0,45,82,-0.8619023512841515,-1.0758778979961314
v8,feat_gbm,4.0,45,83,-1.027333593367272,-0.8033140510569362
v8,feat_gbm,4.0,45,84,-2.1862203699537255,-2.0837035815006346
v8,feat_gbm,4.0,45,85,-2.81358389870013,-1.2430797823904942
v8,feat_gbm,4.0,45,86,0.2870689020242557,0.639317965424242
v8,feat_gbm,4.0,45,87,-0.857333477273269,-0.02321591952008587
v8,feat_gbm,4.0,45,88,-2.260550300127617,-3.512086916650174
v8,feat_gbm,4.0,45,89,-1.5416517225322626,-1.684363733317816
v8,feat_gbm,4.0,45,90,-2.2707884501430255,-3.5341996208099964
v8,feat_gbm,4.0,45,91,0.6159610174649819,1.1574629997660548
v8,feat_gbm,4.0,45,92,-1.411642946971622,-0.7651863719989663
v8,feat_gbm,4.0,45,93,-1.990952116445689,-5.7708125015304885
v8,feat_gbm,4.0,45,94,-0.2512410897678195,0.07374698385127064
v8,feat_gbm,4.0,45,95,-1.8636893679988253,1.201566413592891
v8,feat_gbm,4.0,45,96,-2.0749228046057717,1.2655480006709303
v8,feat_gbm,4.0,45,97,-2.347173111480304,-3.2217777708537843
v8,feat_gbm,4.0,45,98,-1.7857896796158,-1.2120387208328698
v8,feat_gbm,4.0,45,99,-0.13245622912609162,-0.04015373686183237
v8,feat_gbm,4.0,45,100,-3.352530175824082,-2.8384481914339785
v8,feat_gbm,4.0,45,101,-3.0775412356452234,-3.541068619782685
v8,feat_gbm,4.0,45,102,-2.356349030824474,-4.424727465058162
v8,feat_gbm,4.0,45,103,-0.9732366095578571,-0.7652009130347144
v8,feat_gbm,4.0,45,104,-1.051697642447512,-0.406664655497914
v8,feat_gbm,4.0,45,105,-2.1334473976752513,-2.8019031633754246
v8,feat_gbm,4.0,45,106,-2.5415587444155268,-1.1978192780958505
v8,feat_gbm,4.0,45,107,-1.8300867667500664,-1.2497822804421463
v8,feat_gbm,4.0,45,108,-0.5344522109448522,-0.2003702404752673
v8,feat_gbm,4.0,45,109,-2.5047169199013064,-0.28745536208379296
v8,feat_gbm,4.0,45,110,-0.23975904291257658,0.2838469771831524
v8,feat_gbm,4.0,45,111,-1.0364156948060503,0.6579850926301614
v8,feat_gbm,4.0,45,112,0.2518259200063944,-0.4279263804064609
v8,feat_gbm,4.0,45,113,0.052025061516155255,0.527327823801956
v8,feat_gbm,4.0,45,114,-2.4873574783486347,-3.652947895428966
v8,feat_gbm,4.0,45,115,-1.4523597266444772,-0.04287987221360797
v8,feat_gbm,4.0,45,116,-2.5180842170097275,-3.4409421360670214
v8,feat_gbm,4.0,45,117,-3.0274156759448054,-2.4284095097884006
v8,feat_gbm,4.0,45,118,-2.745605782535587,-1.419217075367618
v8,feat_gbm,4.0,45,119,-0.3571344741531991,-1.4944271796191557
v8,feat_gbm,4.0,45,120,-2.9951524555745,-2.797137626437216
v8,feat_gbm,4.0,45,121,0.05933538572301231,3.1321125804877905
v8,feat_gbm,4.0,45,122,-0.1732243730357105,-3.164895556438051
v8,feat_gbm,4.0,45,123,-0.27641435486639776,-0.021234684620174846
v8,feat_gbm,4.0,45,124,-1.7971841970471154,-1.246001114532972
v8,feat_gbm,4.0,45,125,-2.4292153141172155,-2.7130193085566443
v8,feat_gbm,4.0,45,126,-0.3762751542621734,-2.0560780011130944
v8,feat_gbm,4.0,45,127,-3.034720565017595,-1.631222331554067
v8,feat_gbm,4.0,45,128,-1.1755785699872094,-3.477307725783656
v8,feat_gbm,4.0,45,129,-1.2644360773098737,1.7007542891568868
v8,feat_gbm,4.0,45,130,-0.5188445500025785,-3.4021624962570822
v8,feat_gbm,4.0,45,131,-3.1660991378957353,-3.701149444421242
v8,feat_gbm,4.0,45,132,-2.114872774861897,-0.4116741376471012
v8,feat_gbm,4.0,45,133,-1.4888198265326167,-0.5680375850475197
v8,feat_gbm,4.0,45,134,-2.1643606671279647,-1.4788189923590598
v8,feat_gbm,4.0,45,135,-1.733971261814347,-2.9896549957503007
v8,feat_gbm,4.0,45,136,-0.06745881982699625,0.11194117436713467
v8,feat_gbm,4.0,45,137,-0.15682849848825853,1.7147062893715772
v8,feat_gbm,4.0,45,138,-2.0590024758697494,-1.9709125209383296
v8,feat_gbm,4.0,45,139,-1.205516702812586,0.19937477723826902
v8,feat_gbm,4.0,45,140,-3.0617237403901716,-2.8223726616431475
v8,feat_gbm,4.0,45,141,-0.32446997616788015,-0.12380828599000025
v8,feat_gbm,4.0,45,142,-1.2080416802197058,-2.97521232911642
v8,feat_gbm,4.0,45,143,-2.602680977100977,-1.9484557479617686
v8,feat_gbm,4.0,45,144,0.022435926392980015,1.244093655886106
v8,feat_gbm,4.0,45,145,-1.0234937375074795,-2.0280859266176816
v8,feat_gbm,4.0,45,146,-2.9039184656819206,-2.0754073031653366
v8,feat_gbm,4.0,45,147,0.10729905729918822,-0.11331641159387335
v8,feat_gbm,4.0,45,148,-2.827953312756691,-2.620298039600635
v8,feat_gbm,4.0,45,149,-2.4121910688111656,-3.8395532227602396
v8,feat_gbm,4.0,45,150,0.44640407187418946,-2.149698272240366
v8,feat_gbm,4.0,45,151,-3.3132282127185606,-3.1594376779318036
v8,feat_gbm,4.0,45,152,-1.0650159723766484,-2.7712141114581046
v8,feat_gbm,4.0,45,153,-1.2247901481104333,-1.1483368403810985
v8,feat_gbm,4.0,45,154,-0.9288657844064585,-1.4700676700115773
v8,feat_gbm,4.0,45,155,0.08435533861222644,1.4088416749712322
v8,feat_gbm,4.0,45,156,-0.8526178680326071,0.7564704220494097
v8,feat_gbm,4.0,45,157,-1.7807978249108045,-1.7148995557963913
v8,feat_gbm,4.0,45,158,-0.828082683023512,-2.8595355115547196
v8,feat_gbm,4.0,45,159,-1.6208901964628601,-0.9922400520728849
v8,feat_gbm,4.0,45,160,0.41647547504507826,1.8585227307534937
v8,feat_gbm,4.0,45,161,-3.1207460456080027,-2.477654537850602
v8,feat_gbm,4.0,45,162,-3.717068583669392,-2.993764039868935
v8,feat_gbm,4.0,45,163,-3.20836697829854,-1.1722671160336509
v8,feat_gbm,4.0,45,164,-2.912496973681019,-1.6577576086204497
v8,feat_gbm,4.0,45,165,-1.2631545100415755,-2.9770186999323642
v8,feat_gbm,4.0,45,166,-2.1116487253420613,-3.2329952824425443
v8,feat_gbm,4.0,45,167,-0.436454802604578,0.19550508612775644
v8,feat_gbm,4.0,45,168,-1.2949884761502486,-1.2639642813248737
v8,feat_gbm,4.0,45,169,0.042578124029015396,1.4224064134580066
v8,feat_gbm,4.0,45,170,-2.4663907425876865,-1.5303724784706008
v8,feat_gbm,4.0,45,171,0.9652341247349796,0.6086346650572224
v8,feat_gbm,4.0,45,172,-0.30085533874472614,-0.052232489626048526
v8,feat_gbm,4.0,45,173,-0.8891825152455181,-0.19074605880313256
v8,feat_gbm,4.0,45,174,-2.1255653628813405,-2.7678232596734214
v8,feat_gbm,4.0,45,175,-1.9724783995094382,-1.6557092188829319
v8,feat_gbm,4.0,45,176,0.3750818506793332,0.12081831439914445
v8,feat_gbm,4.0,45,177,-0.4928300584454579,3.7031714993021168
v8,feat_gbm,4.0,45,178,-1.0029181107306966,-0.17761292562564054
v8,feat_gbm,4.0,45,179,0.006198853203797732,0.2295122735959306
v8,feat_gbm,4.0,45,180,-1.8411024686110968,-1.6401012725318311
v8,feat_gbm,4.0,45,181,-3.177267405124959,-3.399461101549646
v8,feat_gbm,4.0,45,182,0.6429686950867967,0.5421608664871393
v8,feat_gbm,4.0,45,183,-1.7543589712453647,-3.7858185839721776
v8,feat_gbm,4.0,45,184,0.003629819649619599,0.4440956773301304
v8,feat_gbm,4.0,45,185,-1.7000379046345666,0.5450962365111649
v8,feat_gbm,4.0,45,186,-2.6553453164942384,-3.094441269353033
v8,feat_gbm,4.0,45,187,0.04358238135846331,1.436275522654785
v8,feat_gbm,4.0,45,188,-0.5951946630719879,-0.003208414280501246
v8,feat_gbm,4.0,45,189,-2.836196242523589,-2.0766448721687736
v8,feat_gbm,4.0,45,190,-1.886725604320707,-2.887011097372245
v8,feat_gbm,4.0,45,191,-0.23640295908434347,-0.19564387773269687
v8,feat_gbm,4.0,45,192,-1.2390583923822187,-3.39219136175158
v8,feat_gbm,4.0,45,193,-3.856653519432851,-4.804455114758695
v8,feat_gbm,4.0,45,194,-2.3811963125416704,-0.23230879418151415
v8,feat_gbm,4.0,45,195,0.8549458162127822,0.7768952289284052
v8,feat_gbm,4.0,45,196,-2.7824786153969137,-3.0758975731441707
v8,feat_gbm,4.0,45,197,1.1570622234205328,1.8852948766094535
v8,feat_gbm,4.0,45,198,0.05025507236914646,-0.07474663349946693
v8,feat_gbm,4.0,45,199,0.8133043911311715,0.9295509098669842
v8,feat_gbm,4.0,45,200,-0.13352538560741328,0.40408761039079466
v8,feat_gbm,4.0,45,201,-2.2359141687539568,-1.0185563947000995
v8,feat_gbm,4.0,45,202,-2.7361824630024203,-1.5812541435625456
v8,feat_gbm,4.0,45,203,-2.3796320706733893,-2.9269603411540346
v8,feat_gbm,4.0,45,204,-0.14311976752617986,-0.9368237022381455
v8,feat_gbm,4.0,45,205,-1.4032916672150526,-0.771906247259438
v8,feat_gbm,4.0,45,206,-1.9047447025218227,-1.4457766532498904
v8,feat_gbm,4.0,45,207,-2.68858833735091,-2.4752738768021185
v8,feat_gbm,4.0,45,208,-0.820880074072658,-2.8789590131308262
v8,feat_gbm,4.0,45,209,-1.71913661530387,-2.6986856152036793
v8,feat_gbm,4.0,45,210,-0.25865211763858464,0.05837096406180189
v8,feat_gbm,4.0,45,211,-2.911619554965793,-2.2327070274631113
v8,feat_gbm,4.0,45,212,-1.9290778900865364,0.15758807445032513
v8,feat_gbm,4.0,45,213,0.3900866329339385,0.5234750924970406
v8,feat_gbm,4.0,45,214,0.5808348307851976,0.8312555987922697
v8,feat_gbm,4.0,45,215,-2.546957384533543,-0.7699972654610447
v8,feat_gbm,4.0,45,216,-2.619998059399934,-2.4368834827463726
v8,feat_gbm,4.0,45,217,-3.0045640805776896,-3.7421886443248944
v8,feat_gbm,4.0,45,218,-1.603387815196786,-4.3753265313120195
v8,feat_gbm,4.0,45,219,-0.15112351341287658,0.13181597567614448
v8,feat_gbm,4.0,45,220,-1.80263083023207,-2.150299196146146
v8,feat_gbm,4.0,45,221,-1.3221395743408377,0.4316281043505307
v8,feat_gbm,4.0,45,222,0.31377410433388225,0.20581216265343685
v8,feat_gbm,4.0,45,223,-1.0314461650607996,-1.7226779576420432
v8,feat_gbm,4.0,45,224,0.06204452014503305,1.0701061526100661
v8,feat_gbm,4.0,45,225,-2.7348080727822923,-2.995983076644188
v8,feat_gbm,4.0,45,226,0.0768263601166426,-0.39103048890459524
v8,feat_gbm,4.0,45,227,-2.7084085350064666,-2.811377433191803
v8,feat_gbm,4.0,45,228,0.22370669552059427,0.1103569248772952
v8,feat_gbm,4.0,45,229,0.833087403878845,1.0926797996732165
v8,feat_gbm,4.0,45,230,-2.9003572131146367,-1.1465469989616057
v8,feat_gbm,4.0,45,231,-3.2948172547883656,-3.7045714701961474
v8,feat_gbm,4.0,45,232,-1.3471296754668645,-0.3205795311611984
v8,feat_gbm,4.0,45,233,0.11431580648385176,-0.7282288274356463
v8,feat_gbm,4.0,45,234,-0.34952159357754675,-0.6143938277881194
v8,feat_gbm,4.0,45,235,-3.1269352051402657,-3.717493513170671
v8,feat_gbm,4.0,45,236,-1.1060818497539149,-1.894186438607053
v8,feat_gbm,4.0,45,237,-0.0067251551424168405,0.19101892391720615
v8,feat_gbm,4.0,45,238,-2.7068559370152636,-2.723653519266766
v8,feat_gbm,4.0,45,239,-0.08205690623123751,0.28172679866345784
v8,feat_gbm,4.0,45,240,-1.1317388565605395,-0.570916259780521
v8,feat_gbm,4.0,45,241,-1.103305744752086,-3.037607674189957
v8,feat_gbm,4.0,45,242,-3.1216594304551837,-2.4824067099880884
v8,feat_gbm,4.0,45,243,-2.3917212425644636,1.793244191067856
v8,feat_gbm,4.0,45,244,-2.189319420261416,-2.170563194223024
v8,feat_gbm,4.0,45,245,-3.278001920858226,-2.5580286375581696
v8,feat_gbm,4.0,45,246,-2.158446016676327,-3.9013363177662743
v8,feat_gbm,4.0,45,247,-1.7279115784428598,-1.2689211715035387
v8,feat_gbm,4.0,45,248,-3.029714472272236,-2.89795980370705
v8,feat_gbm,4.0,45,249,-2.159280591629725,-1.149470325468549
v8,feat_gbm,4.0,45,250,-1.4814130079193175,-2.1803876537888693
v8,feat_gbm,4.0,45,251,-0.7670058366182422,-1.2010659028736028
v8,feat_gbm,4.0,45,252,-2.237013355294148,-2.675840590612525
v8,feat_gbm,4.0,45,253,-2.3725862076797246,-0.865421424414132
v8,feat_gbm,4.0,45,254,-2.6501865166852374,-0.45089388998719687
v8,feat_gbm,4.0,45,255,-3.1098372150458657,-1.477655138121315
v8,feat_gbm,4.0,45,256,-3.0443991748227357,-1.9234128661936198
v8,feat_gbm,4.0,45,257,-3.0184948144300714,-0.8895479413744646
v8,feat_gbm,4.0,45,258,-2.731828282184712,-1.284701881398344
v8,feat_gbm,4.0,45,259,-0.21725132691499796,0.03791276039075724
v8,feat_gbm,4.0,45,260,-2.594209183393736,-1.213907680807544
v8,feat_gbm,4.0,45,261,-0.566726989084865,-0.6937064881158975
v8,feat_gbm,4.0,45,262,0.6233295768598189,-2.500344974429108
v8,feat_gbm,4.0,45,263,-2.293880859741937,-3.0782877743164985
v8,feat_gbm,4.0,45,264,-2.926467965065106,-3.2702790535172426
v8,feat_gbm,4.0,45,265,-1.1815574283776287,-0.15746453031192983
v8,feat_gbm,4.0,45,266,-2.367122049912963,-1.3930653126164372
v8,feat_gbm,4.0,45,267,-2.7578911237812025,-3.460520174484755
v8,feat_gbm,4.0,45,268,-2.2440114897948713,-1.8115923421665279
v8,feat_gbm,4.0,45,269,0.9751708052903667,-0.04785951915829837
v8,feat_gbm,4.0,45,270,-0.7342266387749816,-1.3387838926701625
v8,feat_gbm,4.0,45,271,0.09539853050141126,0.6172482925771328
v8,feat_gbm,4.0,45,272,-1.1978678567963357,0.10718580269537517
v8,feat_gbm,4.0,45,273,-1.8216370339852956,-2.4250613993713395
v8,feat_gbm,4.0,45,274,-1.7182142630801194,-0.4656136934058211
v8,feat_gbm,4.0,45,275,-3.2960423757948787,-1.7679071058666047
v8,feat_gbm,4.0,45,276,-0.6397236759119466,-0.15192249005847586
v8,feat_gbm,4.0,45,277,-0.5165413861218004,-0.22686658439221394
v8,feat_gbm,4.0,45,278,-0.6136892836768442,-0.3963273628232521
v8,feat_gbm,4.0,45,279,-1.22514465974489,-2.1916982233579314
v8,feat_gbm,4.0,45,280,-1.7041765231686943,0.5138857123822332
v8,feat_gbm,4.0,45,281,0.46689758288419636,0.13501120436460418
v8,feat_gbm,4.0,45,282,-0.013932755583185226,-0.35232291748203215
v8,feat_gbm,4.0,45,283,0.47806041477706285,0.33710059568630363
v8,feat_gbm,4.0,45,284,-0.7205908412081117,2.2269494594330284
v8,feat_gbm,4.0,45,285,-1.8394929436817118,-0.8523290277873723
v8,feat_gbm,4.0,45,286,-0.4308905526777495,0.5032694866056324
v8,feat_gbm,4.0,45,287,-2.119820220280391,-3.0734310124071125
v8,feat_gbm,4.0,45,288,-2.8276801497382227,-3.0969464995649485
v8,feat_gbm,4.0,45,289,-0.19874394828173636,0.8088909840914691
v8,feat_gbm,4.0,45,290,-2.6023592349883193,-1.710735902712342
v8,feat_gbm,4.0,45,291,-0.11907920210177586,-0.24588513525180683
v8,feat_gbm,4.0,45,292,-2.7578538446389183,-2.9910915714149957
v8,feat_gbm,4.0,45,293,-0.03019061689674832,0.24397961438558982
v8,feat_gbm,4.0,45,294,-0.7375799763440731,0.9827222917401395
v8,feat_gbm,4.0,45,295,0.6729972255302575,1.5399914318848642
v8,feat_gbm,4.0,45,296,-1.6960624618792903,-3.028104854063688
v8,feat_gbm,4.0,45,297,-0.5525415127170628,-1.9675880903276046
v8,feat_gbm,4.0,45,298,-0.10862624483664081,0.3882116190950413
v8,feat_gbm,4.0,45,299,-1.7025321003407548,-0.4169590587595381
v8,feat_gbm,4.0,45,300,-1.7564716391864013,-0.47104701624968015
v8,feat_gbm,4.0,45,301,-1.4422287690280513,-0.5788171023402015
v8,feat_gbm,4.0,45,302,-1.9320568036269725,-3.325334912618423
v8,feat_gbm,4.0,45,303,-1.6550600021291724,0.27214776974989446
v8,feat_gbm,4.0,45,304,-0.5894196707830865,0.2838761456734127
v8,feat_gbm,4.0,45,305,0.16529685816442216,0.98356576927226
v8,feat_gbm,4.0,45,306,-3.325457322156226,-2.324804251846344
v8,feat_gbm,4.0,45,307,-0.20303330490710528,-0.30060412365222405
v8,feat_gbm,4.0,45,308,-3.125403307579952,-3.5706943269006843
v8,feat_gbm,4.0,45,309,-0.9434421896463856,0.7657986236992217
v8,feat_gbm,4.0,45,310,-0.6457081184498007,-0.3760212383278314
v8,feat_gbm,4.0,45,311,0.7647555909719287,0.903367601886353
v8,feat_gbm,4.0,45,312,-0.11488329632596689,0.2834145554969618
v8,feat_gbm,4.0,45,313,0.008463354284486208,-0.8750381269167363
v8,feat_gbm,4.0,45,314,0.018725513858065253,-0.8911054934067958
v8,feat_gbm,4.0,45,315,0.21440781072166745,0.2699623908229132
v8,feat_gbm,4.0,45,316,-3.3729870430710287,-4.034449774534175
v8,feat_gbm,4.0,45,317,-1.0711466087826802,0.7302045063515665
v8,feat_gbm,4.0,45,318,-2.0640114881377416,-2.5264159394565007
v8,feat_gbm,4.0,45,319,-2.1317724567941454,-3.1280680478747835
v8,feat_gbm,4.0,45,320,-0.7394451832857947,-0.623194388118803
v8,feat_gbm,4.0,45,321,-2.600981873533195,-4.172922463867305
v8,feat_gbm,4.0,45,322,0.821351625722562,1.0714029341973417
v8,feat_gbm,4.0,45,323,0.39654624378819625,-2.5538050374755565
v8,feat_gbm,4.0,45,324,-1.7045949122297952,-1.5310020975326282
v8,feat_gbm,4.0,45,325,-0.19450692927845714,-0.735749980772127
v8,feat_gbm,4.0,45,326,-0.5927208377683307,-0.5010306012352705
v8,feat_gbm,4.0,45,327,-3.8119401512881117,-4.393123087746285
v8,feat_gbm,4.0,45,328,-1.2960045089836034,0.6439364857563509
v8,feat_gbm,4.0,45,329,-2.440924557036854,-2.60760252445046
v8,feat_gbm,4.0,45,330,0.08443200618355304,0.46983427811083467
v8,feat_gbm,4.0,45,331,-2.652940578553523,-1.149354435920189
v8,feat_gbm,4.0,45,332,-2.7215717158327304,-1.0961264399974935
v8,feat_gbm,4.0,45,333,0.12379449866590667,1.4253561556633074
v8,feat_gbm,4.0,45,334,0.6812850099965382,1.0406546288822482
v8,feat_gbm,4.0,45,335,-0.541477334509417,-0.1286217558512718
v8,feat_gbm,4.0,45,336,-2.283303832089835,-1.7275974260064488
v8,feat_gbm,4.0,45,337,-3.2016200512461483,-4.535227665039715
v8,feat_gbm,4.0,45,338,-0.10553051530904056,-1.078833843619319
v8,feat_gbm,4.0,45,339,-2.9407570080381817,-2.035297396751524
v8,feat_gbm,4.0,45,340,-0.32504015757178817,0.4788286932125707
v8,feat_gbm,4.0,45,341,0.188294689308781,-0.4595082096564039
v8,feat_gbm,4.0,45,342,-3.0358149170402027,-3.653430804591794
v8,feat_gbm,4.0,45,343,0.6001237259767274,0.2834522663037432
v8,feat_gbm,4.0,45,344,0.3333857617260846,-0.15984972455285287
v8,feat_gbm,4.0,45,345,-2.2437683003829463,-3.8822970119574354
v8,feat_gbm,4.0,45,346,-2.4967506573219986,-2.5801989990218064
v8,feat_gbm,4.0,45,347,-2.7373293534140193,-3.2622630695286134
v8,feat_gbm,4.0,45,348,-0.46329787208288425,-0.4894561152880944
v8,feat_gbm,4.0,45,349,-1.3777888295711869,-3.0223552414624764
v8,feat_gbm,4.0,45,350,0.37677890997264923,0.4215072765335228
v8,feat_gbm,4.0,45,351,-1.7271659255002831,-1.8152752103400673
v8,feat_gbm,4.0,45,352,0.15443074473244842,1.102263670511441
v8,feat_gbm,4.0,45,353,-0.4092156412537066,1.4454852001466738
v8,feat_gbm,4.0,45,354,-2.8911530761961237,-3.6770060333191017
v8,feat_gbm,4.0,45,355,-3.404135988232853,-5.078652858832153
v8,feat_gbm,4.0,45,356,0.10493263255663679,0.7815322159665122
v8,feat_gbm,4.0,45,357,-1.0699865725397124,0.6775133790495483
v8,feat_gbm,4.0,45,358,-3.1226606256718132,-3.5163570325540956
v8,feat_gbm,4.0,45,359,-1.327974891291106,-4.157760523739404
v8,feat_gbm,4.0,45,360,-1.1740780309733234,-0.18386357284099003
v8,feat_gbm,4.0,45,361,-1.9671588474802275,-4.477383009144865
v8,feat_gbm,4.0,45,362,-1.2059860146935362,0.2909126951240761
v8,feat_gbm,4.0,45,363,-2.2928360799802556,-3.5121531596302606
v8,feat_gbm,4.0,45,364,-2.276820862705826,-0.0019354464452207268
v8,feat_gbm,4.0,45,365,-2.475385416945307,-3.264666087597375
v8,feat_gbm,4.0,45,366,-1.5876952800608635,-1.4961090632143375
v8,feat_gbm,4.0,45,367,0.03924366669051397,-0.10305907560987346
v8,feat_gbm,4.0,45,368,-0.7788815845900658,0.24601275195113992
v8,feat_gbm,4.0,45,369,-1.5304003342362738,-1.6400355118163064
v8,feat_gbm,4.0,45,370,-1.4491243554877562,-1.5399226532969161
v8,feat_gbm,4.0,45,371,-0.5256734245909914,-0.3336387161155974
v8,feat_gbm,4.0,45,372,-1.7417866046983927,0.3185760540422761
v8,feat_gbm,4.0,45,373,-0.7798479123734048,-0.30756424411789
v8,feat_gbm,4.0,45,374,-3.159774456072705,-3.551435429619069
v8,feat_gbm,4.0,45,375,0.7173483161007137,-0.12846918127015178
v8,feat_gbm,4.0,45,376,0.2583164023630756,0.43413099611324796
v8,feat_gbm,4.0,45,377,-0.8236356030799674,0.8095384731463161
v8,feat_gbm,4.0,45,378,-0.2735990121216743,0.20303525329731625
v8,feat_gbm,4.0,45,379,-0.014512630406716184,0.524784145223057
v8,feat_gbm,4.0,45,380,-0.11316591626048265,0.8722609808312535
v8,feat_gbm,4.0,45,381,-0.8121433133642854,1.0190202163897197
v8,feat_gbm,4.0,45,382,-0.6313226425750311,1.2715191268303472
v8,feat_gbm,4.0,45,383,-2.2030448734924173,-0.13923746667536385
v8,feat_gbm,4.0,45,384,-2.4673193079263838,-1.7983983483294153
v8,feat_gbm,4.0,45,385,-0.4169739953757956,0.5606037150840157
v8,feat_gbm,4.0,45,386,0.612993451716001,0.6003456151224621
v8,feat_gbm,4.0,45,387,-0.6299178178166858,1.3071718981356573
v8,feat_gbm,4.0,45,388,-1.545594926034788,-0.19457283568776126
v8,feat_gbm,4.0,45,389,-3.0412348178599116,-0.981880356960367
v8,feat_gbm,4.0,45,390,-1.181028253380487,-2.628024059072158
v8,feat_gbm,4.0,45,391,-2.1348682856483476,-2.479262758098376
v8,feat_gbm,4.0,45,392,-2.7515296076344864,-2.207941629114672
v8,feat_gbm,4.0,45,393,-2.0905784167905224,-2.806586620215901
v8,feat_gbm,4.0,45,394,-2.952748489266966,-0.16842623590390868
v8,feat_gbm,4.0,45,395,0.3144576167398388,0.3596423409999632
v8,feat_gbm,4.0,45,396,-2.738977369007179,-3.117667066362407
v8,feat_gbm,4.0,45,397,0.6596580349781656,0.6134086288650079
v8,feat_gbm,4.0,45,398,0.48367853974277925,0.5049020087080688
v8,feat_gbm,4.0,45,399,-2.5243678746244536,-1.0548605918119196
v8,feat_gbm,4.0,45,400,-3.421376550789608,-2.877676775828332
v8,feat_gbm,4.0,45,401,0.9702910938064186,0.015654415635624343
v8,feat_gbm,4.0,45,402,-0.23482899076796798,-0.7027824676465185
v8,feat_gbm,4.0,45,403,0.4918977701936414,0.6733427913489138
v8,feat_gbm,4.0,45,404,-0.9581305865809208,0.03259550049258387
v8,feat_gbm,4.0,45,405,-2.645250753573441,-3.4179416205706223
v8,feat_gbm,4.0,45,406,-3.4639357382567217,-1.6563158072976616
v8,feat_gbm,4.0,45,407,-1.2544895013940882,0.3281041495218151
v8,feat_gbm,4.0,45,408,-0.9485742327756108,-1.498502430121411
v8,feat_gbm,4.0,45,409,-1.7539394603776233,-1.5390850133499359
v8,feat_gbm,4.0,45,410,-0.9741773140374448,-3.8769914364338094
v8,feat_gbm,4.0,45,411,-1.5430657077437169,-1.1093409530974205
v8,feat_gbm,4.0,45,412,-2.7199215924440048,-2.1356441225652167
v8,feat_gbm,4.0,45,413,-0.3781501082699351,0.5613925387002681
v8,feat_gbm,4.0,45,414,-2.5895808789536043,-2.672303525149137
v8,feat_gbm,4.0,45,415,-0.009453224983532496,0.9887747910888531
v8,feat_gbm,4.0,45,416,-3.673451722534449,-2.064740642123073
v8,feat_gbm,4.0,45,417,-0.683372221086818,-0.13534283366780814
v8,feat_gbm,4.0,45,418,-0.29486412521148936,0.5266566940316069
v8,feat_gbm,4.0,45,419,-0.3172892293660267,-0.7929716308762645
v8,feat_gbm,4.0,45,420,-0.1451916575944075,0.22081989653443584
v8,feat_gbm,4.0,45,421,-2.699039008001357,-3.4911396429773087
v8,feat_gbm,4.0,45,422,-0.9641840578319819,0.4691563032653497
v8,feat_gbm,4.0,45,423,-0.2691431939349165,-0.21242164749251408
v8,feat_gbm,4.0,45,424,-2.799303270081227,-2.0235730224261497
v8,feat_gbm,4.0,45,425,-0.2913696630773014,0.1881042769243711
v8,feat_gbm,4.0,45,426,-0.8885957142730057,-0.7546830882020855
v8,feat_gbm,4.0,45,427,-2.875447480994995,-2.004418163271322
v8,feat_gbm,4.0,45,428,-1.2235003673751832,0.08108350485015015
v8,feat_gbm,4.0,45,429,-2.078874579278225,-0.8958783842144782
v8,feat_gbm,4.0,45,430,-1.3183372289836943,-0.700178367515834
v8,feat_gbm,4.0,45,431,-1.7589105699351002,-2.026447754843476
v8,feat_gbm,4.0,45,432,-3.1781762821520796,-3.3644112924118934
v8,feat_gbm,4.0,45,433,-2.8978391602460296,-2.4777804975332844
v8,feat_gbm,4.0,45,434,-3.040721975207327,-3.6407879329147783
v8,feat_gbm,4.0,45,435,-0.006272642429227699,0.8140524350977956
v8,feat_gbm,4.0,45,436,-0.5389021403858169,-0.6342245759550225
v8,feat_gbm,4.0,45,437,-3.0319786649782796,-1.0170271575608654
v8,feat_gbm,4.0,45,438,-2.5099299432745314,1.2058566336630974
v8,feat_gbm,4.0,45,439,0.186904732051076,1.04159183954478
v8,feat_gbm,4.0,45,440,-1.4354675712304927,-0.383754051292973
v8,feat_gbm,4.0,45,441,0.07266901462361533,0.9717849563735496
v8,feat_gbm,4.0,45,442,0.03516406808207822,0.915394257773604
v8,feat_gbm,4.0,45,443,-0.6548364394206387,0.17619398118278368
v8,feat_gbm,4.0,45,444,-2.3148736489256176,-2.3026142847949007
v8,feat_gbm,4.0,45,445,-0.6638509999880418,-2.156995715227189
v8,feat_gbm,4.0,45,446,-2.3250132363814284,-1.9647154613855007
v8,feat_gbm,4.0,45,447,-1.9760629286789946,-1.2167428909736953
v8,feat_gbm,4.0,45,448,-0.6997062619781089,0.371748058948411
v8,feat_gbm,4.0,45,449,-1.7271049466507808,-3.354914600670279
v8,feat_gbm,4.0,45,450,-0.7290065088991502,-2.0984010901330774
v8,feat_gbm,4.0,45,451,-2.424400225474732,-1.8411195968283314
v8,feat_gbm,4.0,45,452,0.2715921215515408,-0.2866386615093297
v8,feat_gbm,4.0,45,453,-2.3028710970793234,-2.1769502099219324
v8,feat_gbm,4.0,45,454,-1.5585775174959362,0.851829112076475
v8,feat_gbm,4.0,45,455,0.7758355957329782,-0.5174982843777256
v8,feat_gbm,4.0,45,456,-3.084715685637437,-3.7883351795095335
v8,feat_gbm,4.0,45,457,-3.35520326106226,-1.3225504843777425
v8,feat_gbm,4.0,45,458,-0.4222614160947294,-0.6304710111145473
v8,feat_gbm,4.0,45,459,-1.738270632450651,-2.867776928577639
v8,feat_gbm,4.0,45,460,-1.0712238288921585,-0.20106453453544149
v8,feat_gbm,4.0,45,461,-0.311645048289838,0.565413433251147
v8,feat_gbm,4.0,45,462,-2.021335476211915,0.6531860801292728
v8,feat_gbm,4.0,45,463,-3.039611942207837,-3.295531334571209
v8,feat_gbm,4.0,45,464,-1.1133835738235363,-1.118951529136503
v8,feat_gbm,4.0,45,465,-0.4726181687624758,0.08535922256033004
v8,feat_gbm,4.0,45,466,-0.024003688259232204,0.2656879386171551
v8,feat_gbm,4.0,45,467,-0.9346504168340588,-1.0764680911985907
v8,feat_gbm,4.0,45,468,-0.9182947551314076,2.2503813782282114
v8,feat_gbm,4.0,45,469,-0.09043173587439916,-0.029700274932011248
v8,feat_gbm,4.0,45,470,-2.7282177691126246,-2.1918010579584375
v8,feat_gbm,4.0,45,471,-1.331366115061237,-0.12537364897776127
v8,feat_gbm,4.0,45,472,-0.44445634412185175,-1.3714574409892777
v8,feat_gbm,4.0,45,473,-2.280472519641317,-1.0216450817816245
v8,feat_gbm,4.0,45,474,-1.282387762332086,-0.8313233833759152
v8,feat_gbm,4.0,45,475,-1.192384509716215,-3.25243582884057
v8,feat_gbm,4.0,45,476,0.06540537177313491,0.8737365575305754
v8,feat_gbm,4.0,45,477,-3.5179128365942844,-1.8373017486027088
v8,feat_gbm,4.0,45,478,-2.974984712294593,-1.909749317133085
v8,feat_gbm,4.0,45,479,-0.509557757536283,0.418341725137149
v8,feat_gbm,4.0,45,480,-3.1059720249288,-2.8689304810445995
v8,feat_gbm,4.0,45,481,-4.092079885667076,-3.9192950012633494
v8,feat_gbm,4.0,45,482,0.723140599275904,0.8191907452202399
v8,feat_gbm,4.0,45,483,-2.4748646484534036,-2.7371748494528005
v8,feat_gbm,4.0,45,484,0.5637797893815163,0.043868991079412875
v8,feat_gbm,4.0,45,485,-1.0677952825701196,-3.9571024828402512
v8,feat_gbm,4.0,45,486,-2.6466329944754587,-0.8286091055291892
v8,feat_gbm,4.0,45,487,0.555968275328616,1.1086460137612473
v8,feat_gbm,4.0,45,488,-1.3818876165186609,-1.0899995989348372
v8,feat_gbm,4.0,45,489,-1.6524183883150194,-2.9260181182274523
v8,feat_gbm,4.0,45,490,-0.8713486605889609,0.01778898425240747
v8,feat_gbm,4.0,45,491,0.2565032542691016,-0.388546054063584
v8,feat_gbm,4.0,45,492,-2.862323996006104,-0.8483910406321095
v8,feat_gbm,4.0,45,493,-2.019478627500242,-2.4855190663855797
v8,feat_gbm,4.0,45,494,-0.21849806496098506,-0.6027729178489412
v8,feat_gbm,4.0,45,495,-3.7699054241964123,-1.5285925057254015
v8,feat_gbm,4.0,45,496,0.09339611090774386,1.0092174422839322
v8,feat_gbm,4.0,45,497,-2.6027393537239907,-2.421052301727873
v8,feat_gbm,4.0,45,498,-2.9513047192826303,-3.2283141264699093
v8,feat_gbm,4.0,45,499,-2.9614357291256255,-4.907212199848568
v8,feat_gbm,4.0,46,0,-1.0300656525143972,0.03894909458183669
v8,feat_gbm,4.0,46,1,-2.666476896210152,-2.5052564746229193
v8,feat_gbm,4.0,46,2,-0.22361341071528518,0.6287827851917782
v8,feat_gbm,4.0,46,3,-2.5539368502547632,-3.3447289283878643
v8,feat_gbm,4.0,46,4,0.8315733541686054,0.9694015026406426
v8,feat_gbm,4.0,46,5,-0.6640741615453699,-2.4693709778233526
v8,feat_gbm,4.0,46,6,-0.40945519861479984,-0.2819211013310965
v8,feat_gbm,4.0,46,7,0.11405934062032236,0.5289578846490461
v8,feat_gbm,4.0,46,8,0.08523371428335398,0.032863622186365654
v8,feat_gbm,4.0,46,9,0.20168230386477912,0.9352707853930591
v8,feat_gbm,4.0,46,10,-1.1618174624047901,-1.5987558134683666
v8,feat_gbm,4.0,46,11,-1.980319979529179,-3.2678706438993954
v8,feat_gbm,4.0,46,12,-1.3708602025024732,-2.445380546146449
v8,feat_gbm,4.0,46,13,-0.9775720843792299,-0.4471217519653716
v8,feat_gbm,4.0,46,14,-0.7363463146822631,-1.8343062920535937
v8,feat_gbm,4.0,46,15,-1.458294791264963,-2.278287047942225
v8,feat_gbm,4.0,46,16,-1.0889750107851,-1.113015507562239
v8,feat_gbm,4.0,46,17,-1.1025924752829246,-1.149386040828735
v8,feat_gbm,4.0,46,18,-1.4770128900325892,-0.4541092694382234
v8,feat_gbm,4.0,46,19,-2.5214219722815687,-2.8798658660471284
v8,feat_gbm,4.0,46,20,-3.7823420496721796,-3.281006200299989
v8,feat_gbm,4.0,46,21,-2.755828926464723,-0.7889402030111288
v8,feat_gbm,4.0,46,22,-0.3298327334124114,-0.48114593055133975
v8,feat_gbm,4.0,46,23,-2.964635911698041,-2.8038114998165153
v8,feat_gbm,4.0,46,24,-3.7415928129097256,-2.6726430450531393
v8,feat_gbm,4.0,46,25,-2.5924391041174273,-3.141178249464176
v8,feat_gbm,4.0,46,26,-2.841918431508123,-3.8612362310489847
v8,feat_gbm,4.0,46,27,-2.0789832047007053,-3.085821277369337
v8,feat_gbm,4.0,46,28,-3.217450223098206,-2.1153791712035637
v8,feat_gbm,4.0,46,29,-1.7179037103498591,-0.5854112868629942
v8,feat_gbm,4.0,46,30,-0.0812885622181577,0.13849791927417068
v8,feat_gbm,4.0,46,31,-1.4560394298187223,-2.779654184179668
v8,feat_gbm,4.0,46,32,0.6924595082512618,0.9166392391011026
v8,feat_gbm,4.0,46,33,-2.599259527722107,-2.134444297962007
v8,feat_gbm,4.0,46,34,-0.2106688596290855,1.1224191581864646
v8,feat_gbm,4.0,46,35,-3.402049376831735,-2.7514680837461087
v8,feat_gbm,4.0,46,36,-1.240602565449735,0.7493710802437775
v8,feat_gbm,4.0,46,37,-1.776268387977475,-2.157600461660938
v8,feat_gbm,4.0,46,38,-1.604824158490838,-1.7436371170468024
v8,feat_gbm,4.0,46,39,0.07920272575096125,0.632388610685479
v8,feat_gbm,4.0,46,40,-2.584732703063076,-1.5024753827969588
v8,feat_gbm,4.0,46,41,-2.1849575371933105,-2.936018587066778
v8,feat_gbm,4.0,46,42,-1.5185357415516365,-0.06406961406287034
v8,feat_gbm,4.0,46,43,-0.5039405704168335,-0.43711075337934485
v8,feat_gbm,4.0,46,44,-1.1398936688151147,0.521724778538647
v8,feat_gbm,4.0,46,45,0.2802136864426075,-0.02881562555915001
v8,feat_gbm,4.0,46,46,-2.2230710797192152,-2.6856700943784895
v8,feat_gbm,4.0,46,47,-2.3044816185358163,-3.3419513202228783
v8,feat_gbm,4.0,46,48,0.09213060457585627,-0.35240032436669677
v8,feat_gbm,4.0,46,49,-3.869928726064999,-4.466027560457086
v8,feat_gbm,4.0,46,50,-2.46608513156212,-1.2227887404747313
v8,feat_gbm,4.0,46,51,-3.2626804233061115,-4.168130875201601
v8,feat_gbm,4.0,46,52,-0.5632533567349388,-2.1825653069440887
v8,feat_gbm,4.0,46,53,-2.464017204145219,-2.816977102698189
v8,feat_gbm,4.0,46,54,0.1084880433430827,-0.9520374156321785
v8,feat_gbm,4.0,46,55,0.746411720765242,0.800460094219776
v8,feat_gbm,4.0,46,56,0.307244144370462,0.2782562560211116
v8,feat_gbm,4.0,46,57,-0.4857790210922434,-0.7855200046266205
v8,feat_gbm,4.0,46,58,-3.3642891617486903,-2.837973637743256
v8,feat_gbm,4.0,46,59,-2.606044859496393,0.3653424354755994
v8,feat_gbm,4.0,46,60,-0.7505300874487244,-3.145987746693799
v8,feat_gbm,4.0,46,61,-2.9202210330845473,-2.1381844357326614
v8,feat_gbm,4.0,46,62,-2.5958532393289047,0.3908315550690521
v8,feat_gbm,4.0,46,63,-3.0764659459146415,-3.259739876316779
v8,feat_gbm,4.0,46,64,-2.408551138489769,-3.799325775609258
v8,feat_gbm,4.0,46,65,-2.3214053898193807,0.2842997557356093
v8,feat_gbm,4.0,46,66,0.6435706503474957,0.9099380077885143
v8,feat_gbm,4.0,46,67,0.06729029476247131,0.5741223235018287
v8,feat_gbm,4.0,46,68,0.0687623556178701,1.3807263582335993
v8,feat_gbm,4.0,46,69,-0.12866262694013772,2.7357387204405055
v8,feat_gbm,4.0,46,70,0.28718694080431545,-0.3782017485149665
v8,feat_gbm,4.0,46,71,-1.4974996088837593,-0.6946521973220513
v8,feat_gbm,4.0,46,72,-2.4565297689530454,-3.510295151868067
v8,feat_gbm,4.0,46,73,-1.2012576464780897,-0.3643686170400702
v8,feat_gbm,4.0,46,74,0.726923349072146,1.1835884152793859
v8,feat_gbm,4.0,46,75,-0.21533677368657064,-0.38644824542838596
v8,feat_gbm,4.0,46,76,-0.8358038972640672,0.7005004452467647
v8,feat_gbm,4.0,46,77,-1.0404791907422941,0.3770911051312199
v8,feat_gbm,4.0,46,78,-0.3888930606673226,-0.5374783823521183
v8,feat_gbm,4.0,46,79,-2.890464541853696,-3.2499450611549854
v8,feat_gbm,4.0,46,80,-2.466629149642077,-1.719925172279684
v8,feat_gbm,4.0,46,81,-0.046788242922853066,1.8185710395242058
v8,feat_gbm,4.0,46,82,-0.7573832327586107,-1.0758778979961314
v8,feat_gbm,4.0,46,83,-1.0597007273904526,-0.8033140510569362
v8,feat_gbm,4.0,46,84,-1.9640819631635653,-2.0837035815006346
v8,feat_gbm,4.0,46,85,-2.8353528836201116,-1.2430797823904942
v8,feat_gbm,4.0,46,86,0.3495821717760263,0.639317965424242
v8,feat_gbm,4.0,46,87,-1.0437664050557673,-0.02321591952008587
v8,feat_gbm,4.0,46,88,-2.2620377550882655,-3.512086916650174
v8,feat_gbm,4.0,46,89,-1.531011990569832,-1.684363733317816
v8,feat_gbm,4.0,46,90,-2.161278962247634,-3.5341996208099964
v8,feat_gbm,4.0,46,91,0.5298924968347817,1.1574629997660548
v8,feat_gbm,4.0,46,92,-1.53723750367125,-0.7651863719989663
v8,feat_gbm,4.0,46,93,-2.3649713314843246,-5.7708125015304885
v8,feat_gbm,4.0,46,94,-0.17994707659414164,0.07374698385127064
v8,feat_gbm,4.0,46,95,-2.0271586243466038,1.201566413592891
v8,feat_gbm,4.0,46,96,-1.0567376221564349,1.2655480006709303
v8,feat_gbm,4.0,46,97,-2.308708538102645,-3.2217777708537843
v8,feat_gbm,4.0,46,98,-1.9800586717292206,-1.2120387208328698
v8,feat_gbm,4.0,46,99,-0.4056098908557613,-0.04015373686183237
v8,feat_gbm,4.0,46,100,-3.3221474598992375,-2.8384481914339785
v8,feat_gbm,4.0,46,101,-3.1348826245377657,-3.541068619782685
v8,feat_gbm,4.0,46,102,-2.7232500983795984,-4.424727465058162
v8,feat_gbm,4.0,46,103,-0.9874602069022754,-0.7652009130347144
v8,feat_gbm,4.0,46,104,-1.3836885347328927,-0.406664655497914
v8,feat_gbm,4.0,46,105,-2.3029100343211506,-2.8019031633754246
v8,feat_gbm,4.0,46,106,-2.6329340462889554,-1.1978192780958505
v8,feat_gbm,4.0,46,107,-1.9317265022991434,-1.2497822804421463
v8,feat_gbm,4.0,46,108,-0.46891410350812607,-0.2003702404752673
v8,feat_gbm,4.0,46,109,-1.706032657025446,-0.28745536208379296
v8,feat_gbm,4.0,46,110,-0.06642738365528777,0.2838469771831524
v8,feat_gbm,4.0,46,111,-1.0180876124203988,0.6579850926301614
v8,feat_gbm,4.0,46,112,0.15606086672178268,-0.4279263804064609
v8,feat_gbm,4.0,46,113,0.11550772105817368,0.527327823801956
v8,feat_gbm,4.0,46,114,-2.3036802912263075,-3.652947895428966
v8,feat_gbm,4.0,46,115,-1.4213243255471544,-0.04287987221360797
v8,feat_gbm,4.0,46,116,-2.501276332004938,-3.4409421360670214
v8,feat_gbm,4.0,46,117,-2.7601646562608493,-2.4284095097884006
v8,feat_gbm,4.0,46,118,-2.8559739700349267,-1.419217075367618
v8,feat_gbm,4.0,46,119,-0.09711722328756346,-1.4944271796191557
v8,feat_gbm,4.0,46,120,-3.3486342308582664,-2.797137626437216
v8,feat_gbm,4.0,46,121,0.09283900602727081,3.1321125804877905
v8,feat_gbm,4.0,46,122,-0.2365957826578997,-3.164895556438051
v8,feat_gbm,4.0,46,123,-0.5408287615602412,-0.021234684620174846
v8,feat_gbm,4.0,46,124,-1.2897732349301196,-1.246001114532972
v8,feat_gbm,4.0,46,125,-1.7714381797616872,-2.7130193085566443
v8,feat_gbm,4.0,46,126,-0.03651736397938516,-2.0560780011130944
v8,feat_gbm,4.0,46,127,-3.195341996196703,-1.631222331554067
v8,feat_gbm,4.0,46,128,-1.1789551925336572,-3.477307725783656
v8,feat_gbm,4.0,46,129,-1.259991138189251,1.7007542891568868
v8,feat_gbm,4.0,46,130,-1.0686922761678745,-3.4021624962570822
v8,feat_gbm,4.0,46,131,-3.3846193375287807,-3.701149444421242
v8,feat_gbm,4.0,46,132,-0.7918393846578928,-0.4116741376471012
v8,feat_gbm,4.0,46,133,-0.8336295889860114,-0.5680375850475197
v8,feat_gbm,4.0,46,134,-2.1612714561481696,-1.4788189923590598
v8,feat_gbm,4.0,46,135,-2.0907177977172675,-2.9896549957503007
v8,feat_gbm,4.0,46,136,0.08314342065596723,0.11194117436713467
v8,feat_gbm,4.0,46,137,0.3693264859397216,1.7147062893715772
v8,feat_gbm,4.0,46,138,-2.012080643108725,-1.9709125209383296
v8,feat_gbm,4.0,46,139,-1.0311893687449807,0.19937477723826902
v8,feat_gbm,4.0,46,140,-3.061950379046865,-2.8223726616431475
v8,feat_gbm,4.0,46,141,-0.412547973512833,-0.12380828599000025
v8,feat_gbm,4.0,46,142,-1.3420903888925213,-2.97521232911642
v8,feat_gbm,4.0,46,143,-2.3613741999888433,-1.9484557479617686
v8,feat_gbm,4.0,46,144,-0.1419193515203346,1.244093655886106
v8,feat_gbm,4.0,46,145,-1.1509661515629506,-2.0280859266176816
v8,feat_gbm,4.0,46,146,-3.0244991341197496,-2.0754073031653366
v8,feat_gbm,4.0,46,147,0.05283531877188518,-0.11331641159387335
v8,feat_gbm,4.0,46,148,-2.5716063186688753,-2.620298039600635
v8,feat_gbm,4.0,46,149,-2.480627682169494,-3.8395532227602396
v8,feat_gbm,4.0,46,150,0.23046216790957028,-2.149698272240366
v8,feat_gbm,4.0,46,151,-3.3975908300947446,-3.1594376779318036
v8,feat_gbm,4.0,46,152,-1.0625259575704942,-2.7712141114581046
v8,feat_gbm,4.0,46,153,-0.7762148640165811,-1.1483368403810985
v8,feat_gbm,4.0,46,154,-0.4541409608677171,-1.4700676700115773
v8,feat_gbm,4.0,46,155,-0.1680065747883684,1.4088416749712322
v8,feat_gbm,4.0,46,156,-0.5826555203570855,0.7564704220494097
v8,feat_gbm,4.0,46,157,-1.8480616292608862,-1.7148995557963913
v8,feat_gbm,4.0,46,158,-0.8578712597775989,-2.8595355115547196
v8,feat_gbm,4.0,46,159,-1.6439243783067912,-0.9922400520728849
v8,feat_gbm,4.0,46,160,0.40314430411857494,1.8585227307534937
v8,feat_gbm,4.0,46,161,-3.282244387835043,-2.477654537850602
v8,feat_gbm,4.0,46,162,-3.6147449447851314,-2.993764039868935
v8,feat_gbm,4.0,46,163,-2.8801683086050063,-1.1722671160336509
v8,feat_gbm,4.0,46,164,-2.8534571485256324,-1.6577576086204497
v8,feat_gbm,4.0,46,165,-1.3399222304185365,-2.9770186999323642
v8,feat_gbm,4.0,46,166,-2.360956881932556,-3.2329952824425443
v8,feat_gbm,4.0,46,167,-0.3994991695179478,0.19550508612775644
v8,feat_gbm,4.0,46,168,-1.2658976056059503,-1.2639642813248737
v8,feat_gbm,4.0,46,169,-0.47495340297988176,1.4224064134580066
v8,feat_gbm,4.0,46,170,-2.6102276530023305,-1.5303724784706008
v8,feat_gbm,4.0,46,171,0.2831566273440374,0.6086346650572224
v8,feat_gbm,4.0,46,172,-0.28813091384182565,-0.052232489626048526
v8,feat_gbm,4.0,46,173,-1.5649716554317248,-0.19074605880313256
v8,feat_gbm,4.0,46,174,-2.442439555905156,-2.7678232596734214
v8,feat_gbm,4.0,46,175,-1.4569668304042547,-1.6557092188829319
v8,feat_gbm,4.0,46,176,0.5547451069935282,0.12081831439914445
v8,feat_gbm,4.0,46,177,-0.7050463436381835,3.7031714993021168
v8,feat_gbm,4.0,46,178,-0.295574665868054,-0.17761292562564054
v8,feat_gbm,4.0,46,179,-0.18466226127571625,0.2295122735959306
v8,feat_gbm,4.0,46,180,-1.7086257012194481,-1.6401012725318311
v8,feat_gbm,4.0,46,181,-3.314115053731657,-3.399461101549646
v8,feat_gbm,4.0,46,182,0.9072693297165243,0.5421608664871393
v8,feat_gbm,4.0,46,183,-1.820058493598581,-3.7858185839721776
v8,feat_gbm,4.0,46,184,0.004054839258936745,0.4440956773301304
v8,feat_gbm,4.0,46,185,-1.6170503511584176,0.5450962365111649
v8,feat_gbm,4.0,46,186,-2.780072659107753,-3.094441269353033
v8,feat_gbm,4.0,46,187,0.05651953472763484,1.436275522654785
v8,feat_gbm,4.0,46,188,-0.7068300895397427,-0.003208414280501246
v8,feat_gbm,4.0,46,189,-2.90885958077376,-2.0766448721687736
v8,feat_gbm,4.0,46,190,-2.0440653455007927,-2.887011097372245
v8,feat_gbm,4.0,46,191,-0.5510977794946685,-0.19564387773269687
v8,feat_gbm,4.0,46,192,-1.1143970764956117,-3.39219136175158
v8,feat_gbm,4.0,46,193,-3.8833549968860184,-4.804455114758695
v8,feat_gbm,4.0,46,194,-2.398829966496898,-0.23230879418151415
v8,feat_gbm,4.0,46,195,0.8222237355657664,0.7768952289284052
v8,feat_gbm,4.0,46,196,-3.1185647619226566,-3.0758975731441707
v8,feat_gbm,4.0,46,197,1.0543491825488842,1.8852948766094535
v8,feat_gbm,4.0,46,198,0.06154268134892653,-0.07474663349946693
v8,feat_gbm,4.0,46,199,0.7515844564056557,0.9295509098669842
v8,feat_gbm,4.0,46,200,0.12093804688826425,0.40408761039079466
v8,feat_gbm,4.0,46,201,-2.325803779901818,-1.0185563947000995
v8,feat_gbm,4.0,46,202,-2.893163579795032,-1.5812541435625456
v8,feat_gbm,4.0,46,203,-2.6372005158550973,-2.9269603411540346
v8,feat_gbm,4.0,46,204,-0.06125079488854055,-0.9368237022381455
v8,feat_gbm,4.0,46,205,-1.3823036644886104,-0.771906247259438
v8,feat_gbm,4.0,46,206,-1.7588643839722446,-1.4457766532498904
v8,feat_gbm,4.0,46,207,-2.953073018691933,-2.4752738768021185
v8,feat_gbm,4.0,46,208,-0.7513125169041774,-2.8789590131308262
v8,feat_gbm,4.0,46,209,-2.1621281610896403,-2.6986856152036793
v8,feat_gbm,4.0,46,210,0.5480697126881049,0.05837096406180189
v8,feat_gbm,4.0,46,211,-3.362363906872854,-2.2327070274631113
v8,feat_gbm,4.0,46,212,-2.044503556738073,0.15758807445032513
v8,feat_gbm,4.0,46,213,0.7777530619804235,0.5234750924970406
v8,feat_gbm,4.0,46,214,0.29027627656110894,0.8312555987922697
v8,feat_gbm,4.0,46,215,-2.543704616475361,-0.7699972654610447
v8,feat_gbm,4.0,46,216,-2.9707073481291166,-2.4368834827463726
v8,feat_gbm,4.0,46,217,-3.0742478574615077,-3.7421886443248944
v8,feat_gbm,4.0,46,218,-1.9023573274851773,-4.3753265313120195
v8,feat_gbm,4.0,46,219,-0.902248961811951,0.13181597567614448
v8,feat_gbm,4.0,46,220,-2.1447656739848866,-2.150299196146146
v8,feat_gbm,4.0,46,221,-1.5096958526395352,0.4316281043505307
v8,feat_gbm,4.0,46,222,0.15803894502151958,0.20581216265343685
v8,feat_gbm,4.0,46,223,-0.39300361706663145,-1.7226779576420432
v8,feat_gbm,4.0,46,224,0.0011022687721338117,1.0701061526100661
v8,feat_gbm,4.0,46,225,-3.0590671549491204,-2.995983076644188
v8,feat_gbm,4.0,46,226,0.1744366457485399,-0.39103048890459524
v8,feat_gbm,4.0,46,227,-2.9701465709410972,-2.811377433191803
v8,feat_gbm,4.0,46,228,0.003690679626391517,0.1103569248772952
v8,feat_gbm,4.0,46,229,1.0529527645708323,1.0926797996732165
v8,feat_gbm,4.0,46,230,-2.8698537119770307,-1.1465469989616057
v8,feat_gbm,4.0,46,231,-3.3309530247244847,-3.7045714701961474
v8,feat_gbm,4.0,46,232,-1.307725295613269,-0.3205795311611984
v8,feat_gbm,4.0,46,233,-0.09465194973551637,-0.7282288274356463
v8,feat_gbm,4.0,46,234,-0.46648087887613915,-0.6143938277881194
v8,feat_gbm,4.0,46,235,-3.3146298077880147,-3.717493513170671
v8,feat_gbm,4.0,46,236,-0.5975275526983408,-1.894186438607053
v8,feat_gbm,4.0,46,237,-0.18416263745724004,0.19101892391720615
v8,feat_gbm,4.0,46,238,-2.5795136373177856,-2.723653519266766
v8,feat_gbm,4.0,46,239,0.10281023177112152,0.28172679866345784
v8,feat_gbm,4.0,46,240,-1.8101186374377847,-0.570916259780521
v8,feat_gbm,4.0,46,241,-0.4466612379240322,-3.037607674189957
v8,feat_gbm,4.0,46,242,-2.9956437474034545,-2.4824067099880884
v8,feat_gbm,4.0,46,243,-1.996960258163863,1.793244191067856
v8,feat_gbm,4.0,46,244,-2.505226834502017,-2.170563194223024
v8,feat_gbm,4.0,46,245,-3.490154955234036,-2.5580286375581696
v8,feat_gbm,4.0,46,246,-2.0974107144315024,-3.9013363177662743
v8,feat_gbm,4.0,46,247,-1.6456062465864985,-1.2689211715035387
v8,feat_gbm,4.0,46,248,-2.8523344456464232,-2.89795980370705
v8,feat_gbm,4.0,46,249,-1.6390443554559453,-1.149470325468549
v8,feat_gbm,4.0,46,250,-1.6973582883762754,-2.1803876537888693
v8,feat_gbm,4.0,46,251,-1.2048798915010248,-1.2010659028736028
v8,feat_gbm,4.0,46,252,-2.548476602527587,-2.675840590612525
v8,feat_gbm,4.0,46,253,-2.422357272003118,-0.865421424414132
v8,feat_gbm,4.0,46,254,-2.1746206147909066,-0.45089388998719687
v8,feat_gbm,4.0,46,255,-2.9172508533345685,-1.477655138121315
v8,feat_gbm,4.0,46,256,-3.365050517466084,-1.9234128661936198
v8,feat_gbm,4.0,46,257,-3.1157227453676795,-0.8895479413744646
v8,feat_gbm,4.0,46,258,-2.6789917621595767,-1.284701881398344
v8,feat_gbm,4.0,46,259,-0.2932994715392875,0.03791276039075724
v8,feat_gbm,4.0,46,260,-2.0501072608389954,-1.213907680807544
v8,feat_gbm,4.0,46,261,-0.40476460367002975,-0.6937064881158975
v8,feat_gbm,4.0,46,262,0.303614007031887,-2.500344974429108
v8,feat_gbm,4.0,46,263,-2.341555051383521,-3.0782877743164985
v8,feat_gbm,4.0,46,264,-2.859272335230672,-3.2702790535172426
v8,feat_gbm,4.0,46,265,-1.6179770821730532,-0.15746453031192983
v8,feat_gbm,4.0,46,266,-2.4752292739069377,-1.3930653126164372
v8,feat_gbm,4.0,46,267,-2.7539306041040206,-3.460520174484755
v8,feat_gbm,4.0,46,268,-2.3772565478374745,-1.8115923421665279
v8,feat_gbm,4.0,46,269,1.1540828878903229,-0.04785951915829837
v8,feat_gbm,4.0,46,270,-0.8468810038001011,-1.3387838926701625
v8,feat_gbm,4.0,46,271,-0.03474105447732825,0.6172482925771328
v8,feat_gbm,4.0,46,272,-1.2574043310598573,0.10718580269537517
v8,feat_gbm,4.0,46,273,-1.6450749833556433,-2.4250613993713395
v8,feat_gbm,4.0,46,274,-1.7677178881991316,-0.4656136934058211
v8,feat_gbm,4.0,46,275,-3.395519264987236,-1.7679071058666047
v8,feat_gbm,4.0,46,276,-1.0168526950275671,-0.15192249005847586
v8,feat_gbm,4.0,46,277,-0.34032681439265833,-0.22686658439221394
v8,feat_gbm,4.0,46,278,-0.8721820279752279,-0.3963273628232521
v8,feat_gbm,4.0,46,279,-1.243231556925152,-2.1916982233579314
v8,feat_gbm,4.0,46,280,-1.682598677374945,0.5138857123822332
v8,feat_gbm,4.0,46,281,0.0914698305914368,0.13501120436460418
v8,feat_gbm,4.0,46,282,-0.14379260981138917,-0.35232291748203215
v8,feat_gbm,4.0,46,283,0.6370236697691107,0.33710059568630363
v8,feat_gbm,4.0,46,284,-0.53614203376568,2.2269494594330284
v8,feat_gbm,4.0,46,285,-2.0178908356351877,-0.8523290277873723
v8,feat_gbm,4.0,46,286,-0.429264067562395,0.5032694866056324
v8,feat_gbm,4.0,46,287,-2.1091358297475153,-3.0734310124071125
v8,feat_gbm,4.0,46,288,-2.930499721918971,-3.0969464995649485
v8,feat_gbm,4.0,46,289,-0.11954126365531188,0.8088909840914691
v8,feat_gbm,4.0,46,290,-2.41937535932987,-1.710735902712342
v8,feat_gbm,4.0,46,291,-0.1587156385842719,-0.24588513525180683
v8,feat_gbm,4.0,46,292,-2.5629740161098127,-2.9910915714149957
v8,feat_gbm,4.0,46,293,-0.07604541539180534,0.24397961438558982
v8,feat_gbm,4.0,46,294,-0.7477066279565471,0.9827222917401395
v8,feat_gbm,4.0,46,295,0.923597124497291,1.5399914318848642
v8,feat_gbm,4.0,46,296,-1.9164730388876563,-3.028104854063688
v8,feat_gbm,4.0,46,297,-1.0055673162927634,-1.9675880903276046
v8,feat_gbm,4.0,46,298,-0.2098142696681451,0.3882116190950413
v8,feat_gbm,4.0,46,299,-1.5050987779215415,-0.4169590587595381
v8,feat_gbm,4.0,46,300,-1.7940142182463206,-0.47104701624968015
v8,feat_gbm,4.0,46,301,-1.604079140864086,-0.5788171023402015
v8,feat_gbm,4.0,46,302,-1.6434422414446832,-3.325334912618423
v8,feat_gbm,4.0,46,303,-1.4531171249264503,0.27214776974989446
v8,feat_gbm,4.0,46,304,-0.45541329120388846,0.2838761456734127
v8,feat_gbm,4.0,46,305,0.43200956484261693,0.98356576927226
v8,feat_gbm,4.0,46,306,-3.217151381786403,-2.324804251846344
v8,feat_gbm,4.0,46,307,-0.23948238664156116,-0.30060412365222405
v8,feat_gbm,4.0,46,308,-3.149761503841055,-3.5706943269006843
v8,feat_gbm,4.0,46,309,-0.6305271833849421,0.7657986236992217
v8,feat_gbm,4.0,46,310,-0.9220987939649308,-0.3760212383278314
v8,feat_gbm,4.0,46,311,0.8245193497404175,0.903367601886353
v8,feat_gbm,4.0,46,312,-0.09325360299512811,0.2834145554969618
v8,feat_gbm,4.0,46,313,0.15718361651006285,-0.8750381269167363
v8,feat_gbm,4.0,46,314,-0.04409826804904616,-0.8911054934067958
v8,feat_gbm,4.0,46,315,0.25573726238009076,0.2699623908229132
v8,feat_gbm,4.0,46,316,-3.3659584950369132,-4.034449774534175
v8,feat_gbm,4.0,46,317,-1.0904557450769552,0.7302045063515665
v8,feat_gbm,4.0,46,318,-2.076890970755353,-2.5264159394565007
v8,feat_gbm,4.0,46,319,-2.1701473866005614,-3.1280680478747835
v8,feat_gbm,4.0,46,320,-0.758955600319872,-0.623194388118803
v8,feat_gbm,4.0,46,321,-2.7653857338319945,-4.172922463867305
v8,feat_gbm,4.0,46,322,1.036192471367441,1.0714029341973417
v8,feat_gbm,4.0,46,323,0.33351439203207817,-2.5538050374755565
v8,feat_gbm,4.0,46,324,-1.78414201064367,-1.5310020975326282
v8,feat_gbm,4.0,46,325,-0.0667128527648159,-0.735749980772127
v8,feat_gbm,4.0,46,326,-0.6808382745188514,-0.5010306012352705
v8,feat_gbm,4.0,46,327,-3.6740586912030717,-4.393123087746285
v8,feat_gbm,4.0,46,328,-0.5803700913259378,0.6439364857563509
v8,feat_gbm,4.0,46,329,-2.364660777149442,-2.60760252445046
v8,feat_gbm,4.0,46,330,0.26149051035173226,0.46983427811083467
v8,feat_gbm,4.0,46,331,-2.802278001537557,-1.149354435920189
v8,feat_gbm,4.0,46,332,-2.817254972493255,-1.0961264399974935
v8,feat_gbm,4.0,46,333,0.19024785632891256,1.4253561556633074
v8,feat_gbm,4.0,46,334,0.5891384636032433,1.0406546288822482
v8,feat_gbm,4.0,46,335,-0.42441082279772635,-0.1286217558512718
v8,feat_gbm,4.0,46,336,-2.297722895513779,-1.7275974260064488
v8,feat_gbm,4.0,46,337,-3.4781415424438697,-4.535227665039715
v8,feat_gbm,4.0,46,338,-0.3045399066999734,-1.078833843619319
v8,feat_gbm,4.0,46,339,-2.9110071887802524,-2.035297396751524
v8,feat_gbm,4.0,46,340,-0.5500374502462498,0.4788286932125707
v8,feat_gbm,4.0,46,341,0.3558055908086702,-0.4595082096564039
v8,feat_gbm,4.0,46,342,-3.26901235075509,-3.653430804591794
v8,feat_gbm,4.0,46,343,0.45760335857984885,0.2834522663037432
v8,feat_gbm,4.0,46,344,0.34078651262047494,-0.15984972455285287
v8,feat_gbm,4.0,46,345,-2.1680000561810178,-3.8822970119574354
v8,feat_gbm,4.0,46,346,-2.498066306414463,-2.5801989990218064
v8,feat_gbm,4.0,46,347,-2.7839740552760674,-3.2622630695286134
v8,feat_gbm,4.0,46,348,-0.48672243184671293,-0.4894561152880944
v8,feat_gbm,4.0,46,349,-1.1221645162407898,-3.0223552414624764
v8,feat_gbm,4.0,46,350,0.5862706186530313,0.4215072765335228
v8,feat_gbm,4.0,46,351,-1.545124547068345,-1.8152752103400673
v8,feat_gbm,4.0,46,352,0.12760511603375332,1.102263670511441
v8,feat_gbm,4.0,46,353,-0.33274605264936297,1.4454852001466738
v8,feat_gbm,4.0,46,354,-2.9475912374825923,-3.6770060333191017
v8,feat_gbm,4.0,46,355,-3.2507219359111605,-5.078652858832153
v8,feat_gbm,4.0,46,356,-0.20917159479992822,0.7815322159665122
v8,feat_gbm,4.0,46,357,-1.236672848657169,0.6775133790495483
v8,feat_gbm,4.0,46,358,-3.0638219804714124,-3.5163570325540956
v8,feat_gbm,4.0,46,359,-1.3986254748370346,-4.157760523739404
v8,feat_gbm,4.0,46,360,-1.1986406638655014,-0.18386357284099003
v8,feat_gbm,4.0,46,361,-1.6089791483377676,-4.477383009144865
v8,feat_gbm,4.0,46,362,-1.2116051487672626,0.2909126951240761
v8,feat_gbm,4.0,46,363,-2.205878661382629,-3.5121531596302606
v8,feat_gbm,4.0,46,364,-1.5696245984112485,-0.0019354464452207268
v8,feat_gbm,4.0,46,365,-2.0361668516079385,-3.264666087597375
v8,feat_gbm,4.0,46,366,-1.226905825447104,-1.4961090632143375
v8,feat_gbm,4.0,46,367,-0.024913693046488144,-0.10305907560987346
v8,feat_gbm,4.0,46,368,-0.9542288997377638,0.24601275195113992
v8,feat_gbm,4.0,46,369,-1.5093047345613964,-1.6400355118163064
v8,feat_gbm,4.0,46,370,-1.638961034387674,-1.5399226532969161
v8,feat_gbm,4.0,46,371,-0.5895387416074169,-0.3336387161155974
v8,feat_gbm,4.0,46,372,-1.9409551700958843,0.3185760540422761
v8,feat_gbm,4.0,46,373,-0.9101094674568991,-0.30756424411789
v8,feat_gbm,4.0,46,374,-3.148865580039717,-3.551435429619069
v8,feat_gbm,4.0,46,375,1.001340950663069,-0.12846918127015178
v8,feat_gbm,4.0,46,376,0.3875708672250949,0.43413099611324796
v8,feat_gbm,4.0,46,377,-0.737389259634161,0.8095384731463161
v8,feat_gbm,4.0,46,378,0.20633410461951476,0.20303525329731625
v8,feat_gbm,4.0,46,379,0.055182682473435024,0.524784145223057
v8,feat_gbm,4.0,46,380,0.02143534991536977,0.8722609808312535
v8,feat_gbm,4.0,46,381,-0.5997390062493464,1.0190202163897197
v8,feat_gbm,4.0,46,382,-0.7945026368933052,1.2715191268303472
v8,feat_gbm,4.0,46,383,-2.7527348755099275,-0.13923746667536385
v8,feat_gbm,4.0,46,384,-2.608797396146288,-1.7983983483294153
v8,feat_gbm,4.0,46,385,-0.4630348209295178,0.5606037150840157
v8,feat_gbm,4.0,46,386,0.8019876523081929,0.6003456151224621
v8,feat_gbm,4.0,46,387,-0.7283547673332876,1.3071718981356573
v8,feat_gbm,4.0,46,388,-1.2268616326644073,-0.19457283568776126
v8,feat_gbm,4.0,46,389,-2.993157153224642,-0.981880356960367
v8,feat_gbm,4.0,46,390,-0.9361032197545484,-2.628024059072158
v8,feat_gbm,4.0,46,391,-2.372398982112839,-2.479262758098376
v8,feat_gbm,4.0,46,392,-2.724958273269653,-2.207941629114672
v8,feat_gbm,4.0,46,393,-2.3600510415043248,-2.806586620215901
v8,feat_gbm,4.0,46,394,-2.3188188992860996,-0.16842623590390868
v8,feat_gbm,4.0,46,395,0.2566069384502644,0.3596423409999632
v8,feat_gbm,4.0,46,396,-2.3040680196918344,-3.117667066362407
v8,feat_gbm,4.0,46,397,0.6746921483141323,0.6134086288650079
v8,feat_gbm,4.0,46,398,0.36729781870959616,0.5049020087080688
v8,feat_gbm,4.0,46,399,-2.4336558213281276,-1.0548605918119196
v8,feat_gbm,4.0,46,400,-3.4355032900697284,-2.877676775828332
v8,feat_gbm,4.0,46,401,0.7131311230257837,0.015654415635624343
v8,feat_gbm,4.0,46,402,-0.18440584359465023,-0.7027824676465185
v8,feat_gbm,4.0,46,403,0.52794849698425,0.6733427913489138
v8,feat_gbm,4.0,46,404,-0.7938472252134452,0.03259550049258387
v8,feat_gbm,4.0,46,405,-2.4896572692886063,-3.4179416205706223
v8,feat_gbm,4.0,46,406,-3.497908596979567,-1.6563158072976616
v8,feat_gbm,4.0,46,407,-1.433608496177172,0.3281041495218151
v8,feat_gbm,4.0,46,408,-0.6095438081578869,-1.498502430121411
v8,feat_gbm,4.0,46,409,-0.9624473839196548,-1.5390850133499359
v8,feat_gbm,4.0,46,410,-1.1335929003336291,-3.8769914364338094
v8,feat_gbm,4.0,46,411,-0.9878578127169629,-1.1093409530974205
v8,feat_gbm,4.0,46,412,-2.8532924137158684,-2.1356441225652167
v8,feat_gbm,4.0,46,413,-0.3451851901766018,0.5613925387002681
v8,feat_gbm,4.0,46,414,-2.556887470592503,-2.672303525149137
v8,feat_gbm,4.0,46,415,0.4444771649605687,0.9887747910888531
v8,feat_gbm,4.0,46,416,-3.6954320560867457,-2.064740642123073
v8,feat_gbm,4.0,46,417,-1.2498317605411384,-0.13534283366780814
v8,feat_gbm,4.0,46,418,-0.08718405787530131,0.5266566940316069
v8,feat_gbm,4.0,46,419,-0.257384916263881,-0.7929716308762645
v8,feat_gbm,4.0,46,420,-0.06935801786337595,0.22081989653443584
v8,feat_gbm,4.0,46,421,-2.841316804774345,-3.4911396429773087
v8,feat_gbm,4.0,46,422,-1.2501871935809654,0.4691563032653497
v8,feat_gbm,4.0,46,423,-0.2953445578795991,-0.21242164749251408
v8,feat_gbm,4.0,46,424,-2.7779413175236627,-2.0235730224261497
v8,feat_gbm,4.0,46,425,-0.41616531494588893,0.1881042769243711
v8,feat_gbm,4.0,46,426,-0.9873555350391257,-0.7546830882020855
v8,feat_gbm,4.0,46,427,-3.016558921335566,-2.004418163271322
v8,feat_gbm,4.0,46,428,-0.8203202990830446,0.08108350485015015
v8,feat_gbm,4.0,46,429,-2.2593486254740704,-0.8958783842144782
v8,feat_gbm,4.0,46,430,-1.4085386119650338,-0.700178367515834
v8,feat_gbm,4.0,46,431,-1.646471715556448,-2.026447754843476
v8,feat_gbm,4.0,46,432,-3.239931272600944,-3.3644112924118934
v8,feat_gbm,4.0,46,433,-3.1050372656917773,-2.4777804975332844
v8,feat_gbm,4.0,46,434,-2.9935059258909007,-3.6407879329147783
v8,feat_gbm,4.0,46,435,-0.0881247834024741,0.8140524350977956
v8,feat_gbm,4.0,46,436,-0.5074572841406587,-0.6342245759550225
v8,feat_gbm,4.0,46,437,-3.0136280113068166,-1.0170271575608654
v8,feat_gbm,4.0,46,438,-2.4278573661950555,1.2058566336630974
v8,feat_gbm,4.0,46,439,0.3167830472363936,1.04159183954478
v8,feat_gbm,4.0,46,440,-1.1735874062970308,-0.383754051292973
v8,feat_gbm,4.0,46,441,-0.025706256367022756,0.9717849563735496
v8,feat_gbm,4.0,46,442,0.22944777568293084,0.915394257773604
v8,feat_gbm,4.0,46,443,-1.370811098634374,0.17619398118278368
v8,feat_gbm,4.0,46,444,-2.4409449374213765,-2.3026142847949007
v8,feat_gbm,4.0,46,445,-0.34009076601531407,-2.156995715227189
v8,feat_gbm,4.0,46,446,-2.431179219883049,-1.9647154613855007
v8,feat_gbm,4.0,46,447,-1.8510992497883907,-1.2167428909736953
v8,feat_gbm,4.0,46,448,-0.6396152939667643,0.371748058948411
v8,feat_gbm,4.0,46,449,-1.6589632697506997,-3.354914600670279
v8,feat_gbm,4.0,46,450,-0.6784011208997119,-2.0984010901330774
v8,feat_gbm,4.0,46,451,-1.8053411786802387,-1.8411195968283314
v8,feat_gbm,4.0,46,452,0.18858737880079976,-0.2866386615093297
v8,feat_gbm,4.0,46,453,-2.454741873662056,-2.1769502099219324
v8,feat_gbm,4.0,46,454,-1.2384485174342634,0.851829112076475
v8,feat_gbm,4.0,46,455,0.8090141997595336,-0.5174982843777256
v8,feat_gbm,4.0,46,456,-3.2817128035481895,-3.7883351795095335
v8,feat_gbm,4.0,46,457,-3.316472397500392,-1.3225504843777425
v8,feat_gbm,4.0,46,458,-0.637543852040795,-0.6304710111145473
v8,feat_gbm,4.0,46,459,-1.3022439132007346,-2.867776928577639
v8,feat_gbm,4.0,46,460,-1.09009026061153,-0.20106453453544149
v8,feat_gbm,4.0,46,461,0.2334343642240107,0.565413433251147
v8,feat_gbm,4.0,46,462,-2.17388575554316,0.6531860801292728
v8,feat_gbm,4.0,46,463,-3.159181062119015,-3.295531334571209
v8,feat_gbm,4.0,46,464,-0.919067741304859,-1.118951529136503
v8,feat_gbm,4.0,46,465,-0.4269764721627787,0.08535922256033004
v8,feat_gbm,4.0,46,466,0.35842201081917563,0.2656879386171551
v8,feat_gbm,4.0,46,467,-0.8909901065718452,-1.0764680911985907
v8,feat_gbm,4.0,46,468,-0.7108919700495728,2.2503813782282114
v8,feat_gbm,4.0,46,469,-0.24884245189169577,-0.029700274932011248
v8,feat_gbm,4.0,46,470,-3.0177475325331207,-2.1918010579584375
v8,feat_gbm,4.0,46,471,-1.40588186784188,-0.12537364897776127
v8,feat_gbm,4.0,46,472,-0.6308058341296748,-1.3714574409892777
v8,feat_gbm,4.0,46,473,-1.8958953558796479,-1.0216450817816245
v8,feat_gbm,4.0,46,474,-1.2934929295288766,-0.8313233833759152
v8,feat_gbm,4.0,46,475,-0.6334427403090277,-3.25243582884057
v8,feat_gbm,4.0,46,476,0.13431575146686792,0.8737365575305754
v8,feat_gbm,4.0,46,477,-3.480685891466267,-1.8373017486027088
v8,feat_gbm,4.0,46,478,-2.9069911684774477,-1.909749317133085
v8,feat_gbm,4.0,46,479,-0.3377945029942793,0.418341725137149
v8,feat_gbm,4.0,46,480,-3.15604335579368,-2.8689304810445995
v8,feat_gbm,4.0,46,481,-4.22444212558613,-3.9192950012633494
v8,feat_gbm,4.0,46,482,0.6433381462447076,0.8191907452202399
v8,feat_gbm,4.0,46,483,-2.4375999277509286,-2.7371748494528005
v8,feat_gbm,4.0,46,484,0.4735957870217549,0.043868991079412875
v8,feat_gbm,4.0,46,485,-1.2959493674568814,-3.9571024828402512
v8,feat_gbm,4.0,46,486,-2.848828467663245,-0.8286091055291892
v8,feat_gbm,4.0,46,487,1.1684593258011158,1.1086460137612473
v8,feat_gbm,4.0,46,488,-1.7353311352043401,-1.0899995989348372
v8,feat_gbm,4.0,46,489,-1.5123968725571966,-2.9260181182274523
v8,feat_gbm,4.0,46,490,-1.1870144765529074,0.01778898425240747
v8,feat_gbm,4.0,46,491,0.16527512914775339,-0.388546054063584
v8,feat_gbm,4.0,46,492,-2.9591248846826756,-0.8483910406321095
v8,feat_gbm,4.0,46,493,-2.044492288633636,-2.4855190663855797
v8,feat_gbm,4.0,46,494,-0.21814911702584297,-0.6027729178489412
v8,feat_gbm,4.0,46,495,-3.7090470790471777,-1.5285925057254015
v8,feat_gbm,4.0,46,496,0.1927490838725795,1.0092174422839322
v8,feat_gbm,4.0,46,497,-2.4435892695413606,-2.421052301727873
v8,feat_gbm,4.0,46,498,-3.072466739887332,-3.2283141264699093
v8,feat_gbm,4.0,46,499,-3.28311820315336,-4.907212199848568
