idx,ok,reason,p0_omega0,p1_Gamma_soft,p2_Gamma_ac,p3_Gamma_op,p4_cp_width,p5_energy_offset,p6_res_sigma,p7_bg_intercept,p8_bg_slope,p9_scale
0,True,,3.7919541195287834,1.8302132311200252,0.4383704425078807,2.3056683763752424,0.0500000403859794,0.4040656030326069,0.6703415687569838,0.021375783496997,-0.0004478198097077,1.1371117612185864
3,True,,3.8882932041962417,1.612838968593331,0.6587606658098,0.0500000000554238,11.999999964343308,-0.1277841793279927,0.7528730518843438,0.0146754198758425,0.0003475454343638,0.9272451764486296
6,True,,10.035000378929809,1.1486192060796718,0.3378086177254805,5.511604657895292,10.135660556575823,-0.3173471339160844,0.9623497412972548,0.0237084936586527,0.0001752729319645,0.9614740403836536
10,True,,11.579967154381944,7.152474348006557,0.0328939140954395,19.999999999993907,1.5851440168204434,0.1407756777151702,1.4148849921683666,0.0449185692718749,-0.0006543419851256,1.249919386501141
13,True,,6.448336708661434,0.7947224380107881,0.0200000000000297,6.069403811901753,11.940250000000008,-0.2016844974857752,0.636873566184092,0.135111949862408,-0.0054317223997218,0.8154144998740505
16,True,,4.7334852498066855,1.1739324810569909,0.02,4.819721942531376,11.482380211831243,0.2482773994781159,1.0251311405691177,0.301421004999124,0.0212363780873082,0.7071789025685805
20,True,,4.923138589431496,7.70594870815918,1.329881128114225,0.0500000000070485,7.550509333720301,0.3702076677121877,0.9923482096570052,0.034218351973936,-3.576540005392432e-05,1.1092963030059175
23,True,,9.490757776274544,0.5872741693836965,0.8994288419835028,0.05,5.3630382492065705,0.2912029680362123,0.0001005375091631,0.1435907248361596,-0.0049381870453031,0.9901513301049674
26,True,,7.617824716248475,3.3032176674015994,0.8025838949005046,4.9303598930202766,10.554303595312122,0.2017922201046746,0.0279817009379034,0.1568174029527097,0.0116012597908294,1.0000836391661283
30,True,,5.415330997230651,3.1447838607942193,0.0975034457068682,4.981902834971168,10.009044103202518,-0.1915245429518211,0.9501841901470728,0.1129371849331493,-0.0087908706391093,0.9108919097092932
33,True,,14.49422696192114,21.619767273032956,0.7648516413078441,0.0500000067010488,2.7406934338789384,0.1219649101065381,0.1580045410601953,0.0357167727928255,0.0007532466253388,1.4197269343134509
36,True,,4.437118335869153,5.808100671689971,1.1287917483683,0.0500000942497141,2.223135648048153,-0.4895303464117422,0.1648432131648205,0.0676090681336533,0.0008335085143017,1.427752391641972
40,True,,2.4159321084125183,4.936731577455987,0.0452674484350871,4.938312555976263,0.6794219932181951,-0.2906753691997444,0.8860128956615643,0.183322878713196,-5.6027626091161555e-06,0.5865806979000381
43,True,,4.295652520229169,0.2598259645195354,1.2021283174321946,0.0500000000000008,0.05,0.0037933997326977,0.7429452022246883,0.0030274468121716,7.0044532048311465e-06,1.0274423350550237
46,True,,3.328150429655125,4.616017311887969,0.517949874238682,5.562816826131634,0.0502989010963319,-0.0833563455728982,0.537571392074428,0.0433167207024962,-0.0031717768223736,0.8690383199865009
50,True,,5.674003130836008,6.389890899011597,1.3467932212072768,0.05,5.550285060133035,0.3324540707945342,0.1511006868211783,0.0588737134305284,-0.006261176677643,1.198465166261752
53,True,,4.871078977727176,3.724738842686003,0.2497228941487974,4.933242922737263,11.982876933195936,-0.2833768943488144,0.7080461766443609,0.1253788308881059,-0.0098509190634756,0.8731660411663856
56,True,,4.770415059074358,1.299662793189532,0.529941114486532,16.738255316132673,9.724878230890262,-0.263898732878303,1.0485071271812374,0.0293772450554442,-0.0004570516673292,1.0132313312576522
60,True,,3.776044962314572,4.704766975013648,0.6045010660300516,0.0500000000001945,0.0500000000026858,0.1750942465707468,0.4092224886924776,0.0201552260517604,-0.0002729096732703,1.1111420731121466
63,False,Gamma_at_bound,8.72865973624501,0.0240244831182894,0.7263418133928667,5.6929608330889625,2.4178959287921704,-0.169435605366875,0.6588504290062327,0.1104976303137759,-0.0106488464561926,0.9757349732845052
66,True,,4.411813321188382,7.014131890526432,0.8890888419866778,0.0500000000483835,2.853150981708202,0.0323142422759463,0.7159378055267509,0.0057386437210238,0.0001393711838845,1.03066636462576
70,True,,8.507701952211965,0.4670131584285824,0.0200000000001622,5.734142410051185,0.1097500000000322,-0.1795114256478642,1.0953276543561432,0.1426975654117264,-0.0027456122959639,0.8428320048512418
73,True,,5.603077961483452,3.966017790464885,0.796675443470246,0.0500000000000027,11.999999988395125,-0.2717322723725393,1.0543610884333057,0.2835081117097031,-0.0187951686586735,0.8281704385230241
76,True,,3.8781570394986296,4.0381675110985755,0.6203851846106008,0.0500000000044688,0.0500000000000109,-0.0326762054738336,0.6187194555368473,0.1663233609268032,0.0004176426050393,1.1088495000142875
80,True,,7.225683235810873,1.7205679430378864,0.266074191843804,7.665118802058998,1.9243342253269908,0.4544398661397912,1.049401649277378,0.0663087436576486,-0.0042133204125897,0.8318176893373912
83,True,,4.163499893000791,7.863907948374406,0.4129610637195881,0.0500000000003272,0.0500000000000049,-0.0151145870583467,0.4586243114362454,0.0140711588354525,-0.0010918514384944,0.9802197531679188
86,True,,4.677681394249823,3.7398027723603646,0.731603186661925,7.370001778271259,11.071640302355643,-0.4724511652141287,1.153850778735375,0.0077394428900422,-0.0004468602327251,0.9999838282862036
90,True,,2.052913680855369,1.3678193557564735,0.02,5.532363752322259,0.0764211642606265,0.2041989375739136,0.7598763865175342,0.4678493904116548,-0.0365138748492548,0.4167837606166499
93,True,,14.314702861550504,2.8239657008576717,0.8717457924210811,4.871165392159622,11.768318516163996,0.3425601793192439,0.5505685654756338,0.0480747179123045,0.0139377319224239,1.8393262126848693
96,True,,2.364436867628342,2.192085023567208,0.02,5.277282922406591,0.0767458040458986,-0.2010876683165417,0.6187743184923631,0.4594794385713557,0.0117035422716875,0.4989972291418048
100,True,,3.594447833241343,0.1193212024459573,1.0279371995128068,4.741856752894835,11.99941809211795,-0.354174306233596,0.6037054725851316,0.1097560976782894,0.0092679721495997,0.9219429950295018
103,True,,4.091771625420546,3.818886437215668,0.7560418028818713,0.0500000000000091,0.05,0.3807121410439391,0.7869502258613101,0.0056993626864077,-0.0005294824293477,1.0329890042157612
106,True,,12.467809472689966,10.394686620303442,0.7441130260581039,0.0500000000000112,7.192545984223149,0.3937195101326227,0.6197428818715189,0.0479393091351091,-0.0008511032775446,1.6598228665145205
110,True,,4.410288210204485,7.009290980196809,0.9439697346184336,0.05,5.218809773886683,0.4308752348011719,1.011469181119715,0.0137440416209354,-0.0001465386263218,1.1035186069720924
113,True,,6.20217581599532,3.2514962619761,0.0200000013736056,16.99897805203572,4.408976076185472,0.3010172311944188,0.8067192547802621,0.0115329146770689,-0.0004900831939022,0.9437054066418864
116,True,,11.953641539182826,1.990743647388457,0.02,3.521917390686304,8.640859508448195,0.3751554579158169,1.0571661324721633,0.021944581482002,0.0077612862431877,1.4626044837376009
120,True,,3.732840832036259,9.470276367874652,0.3445644113308383,0.0500000000007755,7.363183800145795,0.0111914111746225,0.5969218967786472,0.0009301229325779,0.0001209049676564,1.0283867668810942
123,True,,4.510771971380538,4.381479527267889,0.4907751548882942,0.05,0.05,0.4332552712987032,0.4526659735703888,1.949169649519467e-19,0.000261209211064,1.024432625651741
126,True,,4.932458120717784,6.423370826181704,0.8031957803101014,1.17945699708092,8.454098312099303,-0.2610192662123768,0.6636967864526538,0.3213980751765972,0.0186451722270368,0.9207203199921472
130,True,,3.932724248428908,2.436519810104116,0.7542616044354442,3.935287972492408,0.0500010917137901,-0.2159474051518297,0.6652171156416106,0.0363855434490065,-0.0002426596589606,1.1407221284002451
133,True,,4.290109699293329,5.2960832001334435,0.7299043989256611,0.0500000000000001,0.05,0.4333438953032843,0.3325128071236937,0.0017778789650745,0.0001846142926249,1.0324423593261176
136,True,,3.3147065720453877,3.7038912851405503,0.02,4.920789827460625,2.192506924357353,0.4518754871471266,0.9707761041407564,0.264716235989211,-0.0182665975273072,0.6171219098783818
140,True,,3.7427585410769018,1.4336396040114243,0.9198843005811358,5.164411031278985,0.0500849788457246,0.236085829385327,0.5858272952929335,0.0386764586820271,0.0044723047124688,1.1049722914402962
143,True,,5.258676517207616,3.756027079420212,0.6522106208122498,0.0500000000028847,0.0500000000004066,-0.3630738455388259,0.6340801897744494,0.3312200400205752,0.0265213706812737,0.8480320051432667
146,True,,3.5692243572473283,3.3993949891876474,0.3782183251659901,5.247405538221826,2.4993390041235113,0.1677790572368996,0.5202196299840904,0.0693983467709625,0.0054329624980079,0.9260220353550096
150,True,,5.369377645401357,3.7584178571398983,0.7941083932142324,0.05,0.05,-0.1332145412208835,0.1455511004773106,0.0084272777933442,0.0002929783855598,1.0849696483821978
153,True,,6.683356317183463,4.469843778192816,0.7542280627229403,0.0500000000000009,1.0127628290803925,0.0151380929381073,0.8577303243149883,6.6705031965981754e-18,0.0008298546704863,1.1065198416948927
156,True,,4.235405833014402,6.183756280776284,1.1615416829591052,0.0500000000000013,0.050000000000062,0.2544838551735945,0.3025853767961,0.0347226823189573,-0.0002605287606456,1.1899669909531387
160,True,,5.704278373108464,3.3735652733376753,0.399580118853918,0.0500000000078819,11.99999999999726,0.2338459633856757,1.174508332775171,0.0323469634204075,-0.0014991640702073,0.9399717070056184
163,True,,10.063284016576825,1.7851443450764464,0.2379624370748504,5.118654870172053,5.095264358601981,0.4472205261532371,0.7994793230490721,0.0404129989807248,-0.0022655957746827,1.0411009781667642
166,True,,6.483459436041467,1.179550050891069,0.6438891451800688,7.640374178336629,0.8387963588688194,-0.2823212437483832,1.0223605784754397,0.0025218227977468,-0.0010028956686331,0.9551547063265904
170,True,,6.052414882066838,1.9504905998513025,0.2361918867692956,7.3751702593324815,9.797373521647817,0.2458071433695919,0.2593767213259438,0.030194067198597,-2.838193233546808e-05,0.9735990508288396
173,True,,9.562872577947957,1.2312728669446769,0.4006434960041934,7.689126262133074,9.427873415486536,-0.2753905947502243,0.5801082157070514,0.0143190816800732,0.0004233429838052,0.9843925684367136
176,True,,4.606898617751565,9.996744417975378,0.8164143618331877,0.0500000000000403,8.527204890256968,0.2789984355230745,0.3294652054093751,0.0165036732010329,0.0022157673265711,1.206079288464031
180,True,,3.613924467002492,7.186323766785511,0.3478988196734053,5.618009383476978,0.056322883316342,-0.3950437748014427,0.39109800897009,0.0234416242391728,-0.0020158507092618,0.9378446710079638
183,True,,10.190736557175049,0.9335193881566098,0.3091259749102425,0.0500000000000011,1.630225280123791,0.2930156559238511,0.4453098701577293,0.0075435396834314,0.0004371975608207,0.9921769675717635
186,True,,9.108560416529889,0.5400191283897724,1.0241446267375078,5.775198423566203,10.396121350099408,-0.2314241086093922,0.8874824766800081,0.0942554307447796,-0.0075795246863818,0.8212609233376963
190,True,,3.403656921461714,16.4596436761791,0.02,4.9180524961684915,0.8251088822006566,-0.3777216780982821,1.0386278195733682,0.184403809908556,-0.0146997361541661,0.6795433143360565
193,True,,3.749650653952337,4.552657593408841,0.9744184963678334,0.0500080017806495,0.0967308967292558,-0.0661458533122231,0.1746394851124715,0.041725447058311,0.003629481622914,1.036043910442993
196,True,,9.93678665160529,1.4416643473522677,0.6022315866406146,0.05,1.8987258674973173,0.0918708576680135,0.5197412447862847,0.0220672759307768,9.211044645623336e-05,0.9790905034660626
200,True,,5.573458577446521,4.1989706101714415,0.4307156264190051,0.0500000000003479,0.0500000000000004,-0.0178211411165719,0.8707639485222362,0.1318892832330985,-0.0086145280118768,0.931317161703396
203,True,,7.117002609377959,5.815272119887314,0.0713980944947117,3.930771256415544,11.363873223690256,0.0628200706206773,0.682382873297966,0.4039038962538572,0.0326290485531938,0.7397064754918816
206,True,,5.492215958234294,1.2233863944399077,0.3847159753510138,8.476615964994142,10.114837124696727,-0.2137346746989478,0.4258617196532142,0.0237350435548311,-0.0003887938046437,0.9570951621410222
210,True,,2.858263841142639,1.8176439070419088,0.0571725890276259,3.4484660154719906,0.0747666117438699,0.4127945852875684,1.1231586880237618,0.3076943818323276,-0.0204302435283254,0.5902310496864155
213,True,,7.97713099429966,2.472042417987165,0.0200000000000012,6.37397408165249,6.132176501059239,-0.3002490228023378,0.9132100512168712,0.2387895588117396,0.0170684902553334,0.6710293334172837
216,True,,3.697720193631049,6.226738335255577,0.4784642874677234,0.0500000001409038,7.602493716382592,-0.0035988084891214,0.8524016768215026,0.0359215088473817,-0.0037333176285561,1.040127440610747
220,True,,7.700746229832413,1.5550099214053037,0.0332076218821604,5.634200270238057,4.982889015707258,-0.2287746184274042,1.257078777425244,0.4498842648539264,0.0353994228298201,0.6853380671256184
223,True,,6.0133835529344255,2.380268114411873,0.5537451919935014,0.0500000000000281,11.999999988572576,0.2918640507023646,0.6596456734753063,0.016463044477062,-0.0005144742959155,0.9971959427501476
226,True,,3.7649720131941153,3.907049923281439,0.6952161078996362,0.0500001136862735,0.0500320162595895,-0.2912451218946525,0.0691850299321574,0.0545872249133059,-0.0001508860944049,1.1537232788575205
230,True,,3.852111720327736,4.122139809895722,0.5269832133170126,6.273800051045334,11.71041015890394,-0.1737103434882496,0.3607686347503143,0.0195209705121029,-0.0016965069460333,0.9402690676424736
233,True,,9.774464953929993,1.069774452858287,0.6832571636845588,0.05,3.5195915247163727,-0.306604791122072,0.000750328148557,0.0733716301406443,0.0005240737058543,0.938184209985322
236,True,,4.11611247235815,5.106442671363387,1.1611861667824743,0.0500000000216517,0.0500000000078687,0.2903726775840995,0.8833669349239753,0.0103111571537703,9.846166034531656e-05,1.1021262838023849
240,True,,4.513000703590946,8.991017586362364,1.620914405290662,0.0500000000000362,5.263359644141315,-0.070524451759293,0.0364253884307494,0.0212533376647374,-0.0002407232632332,1.696836791074381
243,True,,4.499158733808653,1.995396195924529,0.7613523827164133,4.043500087240453,0.0501897345282074,-0.2855087614604876,0.3753631481715831,0.0870669858185396,-0.0076750441883376,0.9671140964803928
246,True,,5.196008962914519,8.75312730114439,1.0934791870432996,0.0500000000000037,0.0500000000000043,-0.0808398400787191,0.7428934829177088,0.0302511307322086,-0.0013297500562323,1.4013860759949477
250,True,,4.631171946994957,2.4528903286708506,0.6348755471556836,0.0500000000002601,0.05,0.1275710632242768,0.7030773097334508,0.0059506796335563,-0.0001599768951677,1.070887858064404
253,True,,3.0000425333123544,2.432867697212897,0.02,0.8740829325279075,11.998263669977336,-0.2016054932969232,0.9613045779927646,0.2056499439729547,-0.0077059365718673,0.6453419182146852
256,True,,10.71278452196037,0.7535773765175203,0.0362941866623178,5.345859003706697,10.982253859984466,0.0470599427185824,0.9115380648560196,0.0501600841407612,-0.0004399605802012,1.0251319715427836
260,True,,7.616531634451928,1.5183685508925584,0.631833802959485,6.654562235842976,10.986076568672464,-0.0151805104822178,0.3028464369719766,0.0136067883800345,0.0009068770155307,0.9545724318144166
263,True,,5.46948153314485,7.591733975297063,0.8030210122465606,0.0500000000000312,2.8264460283025556,-0.1799289671644807,0.7689945971261437,0.0245179794384215,-0.0002271253208927,1.0688769063594183
266,True,,10.619254783152073,0.9297390286553676,0.1881357190966018,0.05,11.999346713931416,-0.4745563618412397,0.4156768268295409,0.0133263414853281,0.000384137734376,0.9799099262613076
270,True,,2.6901526399569664,9.62004082765674,0.0535384924508644,5.231003321998854,0.6408640885418496,-0.3373234614646815,0.7804336308895194,0.0773869361815435,-0.0026473399182167,0.6685186197013387
273,True,,5.632293167901341,0.5295571062520189,0.6288345254059877,10.60509597839638,11.81841002106678,0.4098491789209427,0.7412211022018759,0.005498715061092,-0.0002006158180269,0.979657199313255
276,True,,3.630918624804532,1.758798428670876,0.4458800250551868,0.05,9.702927514436809,-0.3209946052555449,0.3348844495733654,0.0442236248940853,-0.0001061081286507,1.0060370610486709
280,True,,14.229069010044563,2.8940128107044156,1.1425208680096322,6.5067046313288195,6.247894792674227,0.3673107127957323,0.0140041627398444,0.0664563999881616,0.0184087341794238,2.006021702209665
283,True,,4.822640847997507,2.969582197756459,1.1747987441280068,1.4459063714192084,0.0500000427488512,-0.0421417898122084,0.544490102501399,0.3346094571250088,-0.0266960342180697,0.9304618345899954
287,True,,4.4719498843402725,2.5081591924423856,0.8481898245498873,0.0500000000002777,0.05,-0.1303044281906671,0.8933001973093374,1.8235263757097056e-15,-0.0002458679464493,1.1110325039297697
290,True,,7.514485826461746,1.262520182435251,0.0749801326031261,6.386225258941782,8.084632158546084,-0.1183995396151403,1.3118414476173,0.2105805291060122,-0.0136576404308839,0.7636556371295664
293,True,,4.572209656347731,2.679401027410956,0.2441723746041303,4.154574950306723,0.0501381347994874,0.4191116699939878,0.4333036977419454,0.2634636274967367,-0.0090225697603459,0.9053104535297476
297,True,,5.734726011627076,2.6496928980955454,0.0200000000000043,5.644399771190028,11.999456283571998,0.0491322011028089,0.4607912396687011,0.1473902680712192,0.012824995844961,0.8488419293723074
300,True,,4.788533516584061,2.747441224653496,0.9181651025073794,19.999999999999996,3.538510762927338,-0.1681516443898446,0.0248770838277962,0.0162505307615702,-0.0001702313184454,1.1171010128060506
303,True,,4.838841217329621,1.535390524671181,0.4109859650460069,13.20411067682264,11.97465601115908,-0.3131989714744527,0.6816156983783009,0.01712990568535,-0.0016118589751126,0.967894641683727
307,True,,4.9936649872115355,1.7947221074996544,0.6573763634447827,0.0500000000000541,0.0500000000001333,-0.0046408118598093,0.3872567185545748,0.0268372677916519,-0.0018073245072863,1.0229122171757987
310,False,Gamma_at_bound,2.6287443787528204,39.99998650424213,0.02,4.705008625135715,7.844315414838149,0.2454072092807371,1.336682588629006,0.1743326945995686,-0.0007482046704749,0.4449661010598286
313,True,,3.860836111159931,3.3824138564240473,1.096358011453376,2.929864525506278,0.0500011286177919,0.0791042782717307,0.7352630433364672,0.049762385341092,0.0029575096052515,1.160756601494355
317,True,,9.083952149970251,6.184619951770708,0.7288639821305696,0.0500000000108739,6.386918444340564,-0.3104897672604007,0.708120893433173,0.0095365724385153,0.0004019620770571,0.9999869161406452
320,True,,8.456961676102848,4.082196473874083,0.0784458245003773,2.969677150353051,0.1097500000000208,-0.2420832623020287,0.6649370074061036,0.1668804999119926,0.0071277362823654,0.870348570385696
323,True,,5.606490600213692,5.857311183196781,0.0516903273838254,0.0500000002314013,11.861390548709656,0.1152954675892865,0.8954597446965883,1.0167590330750312e-37,0.000279279332529,1.018815160374116
327,True,,5.248477372581341,35.62934606156169,0.02,5.456593686810795,0.414235267674867,0.1766001461753636,0.7450904136613068,0.2736845419349293,-0.0252312476882631,0.8520738429662568
330,True,,4.288971056354081,3.0757028809161873,0.5431111248963926,0.050000000000036,0.05,-0.0232903397539401,0.6899198026377616,1.8784769071548864e-16,0.0001411127201041,1.0207970144496776
333,True,,3.3538453773433923,4.88670700751194,0.8377586355559067,3.6721228140446978,1.0832357008078386,-0.419828905057713,0.886403541709419,1.1564201226217784e-19,-0.0001948302516659,0.9808544638335012
337,True,,4.430115873587149,6.599332645296219,1.6233759028193764,0.0500000000000462,0.0500000000006392,-0.4827816216345431,0.4843645035134633,0.0388142742769484,0.0045561218363936,1.406370613832543
340,False,no_convergence,2.4468287844495635,19.91186619666461,0.0200000000000004,3.2471271230528393,0.5564675243229532,-0.161011504054171,1.3231426763052283,0.349494682264047,0.0298702927618813,0.495262123268852
343,True,,3.87421732385188,4.972573956949186,1.3707143388807606,0.0500000001447602,7.051249614455926,-0.2411715638970026,0.2269510120934952,0.0063112528488983,-0.0002196117667655,1.4217403463467686
347,True,,3.435820886405266,2.8807357190165197,0.6614548693530844,0.0500000002702559,11.999999999999998,-0.2627013408195877,0.8787001508589116,0.0059914602434815,3.4132706015239426e-05,0.9517357819648898
350,True,,4.3405942700035345,0.9740360204542629,0.9364984989895596,0.05,0.0500000000004294,0.2984263787414947,0.4244281118746508,0.0153967248352695,-0.0001178200719515,1.0437291073779935
353,True,,12.191189349103182,1.2548147844637298,0.248418431683468,4.481309215254632,6.4670215610362565,0.1500599417519365,1.2651881539680452,0.0418110189036069,0.0061570051623903,1.1107942607126202
357,True,,9.484950077509149,3.027178868059664,0.3476238794076035,0.0500000000129,3.5829964610069545,-0.1436798619101385,0.7494157475741072,1.0106695957058213e-22,-5.673528064274686e-05,1.1590452135743894
360,True,,3.3666754530152003,20.439140613807627,0.02,5.2773435063375205,0.4845332932628768,-0.121136794793109,0.8913898308658844,0.1964922257323132,0.0174512045320731,0.717975940483696
363,True,,5.1436272851740075,4.737971462431328,0.7079004857141176,2.0404324668985043,4.402349812388279,0.0746515903640149,0.6610388344507918,0.2000724777222394,0.0150527511737316,0.8423279431139831
367,False,Gamma_at_bound,5.130213692301745,39.99999999999999,0.02,5.090864598821745,0.3556996786313596,0.1949917576508542,1.1923642608498417,0.3935543754736598,0.0320172999794791,0.5604015348154123
370,True,,11.544575582610008,2.0650356882552683,1.01718220844205,6.144830584218266,10.047984783620048,0.2936179758572577,0.0007396930752988,0.0416711780715604,-0.0080216431069119,1.1256535852357703
373,True,,6.638827612979355,5.5102714424119945,0.6896435655771356,3.21070808333086,8.382055198757053,0.420937291687795,0.6171577186388207,0.0751045443809278,0.0011379715989776,0.9796358988111082
377,True,,3.769479829547019,6.6252602996311545,1.6203048691610071,0.0500000000000006,4.825034791700236,0.210628710766942,0.4434395607132342,0.0074760129948786,-0.0002597433142026,1.3210978471071095
380,True,,5.666260298544787,5.067683975239375,0.4602423381325357,0.050000000000024,6.345694865998261,-0.4459130026258935,0.1924117199727888,0.2200858475621035,0.0026797433305466,1.013530139030201
383,True,,3.2667352507801453,2.4609743306927387,0.02,2.340036755790486,11.999617857753936,0.449782941039033,1.1091668580983316,0.1535830405463433,-0.0098927294620323,0.7277748580468897
387,True,,12.193308346060036,6.391983449272579,0.4759046969897398,19.99999999819175,0.072956149052983,0.5563717872749506,0.9704471119573383,0.0092419637456052,0.0002677907765544,1.1916844767384176
390,True,,5.83975164078974,2.970063713269084,0.8681904629939596,0.0500000000000314,0.05,0.4279317321332272,0.3855545594065002,3.843882120968406e-16,0.0003677254185919,1.043778252512756
393,False,omega0_at_bound,14.999999999999998,3.154707672813482,0.0330503273192074,0.0500008624204156,4.485287741738216,0.3571635664017681,1.3416981328846749,0.0589732179943515,0.0121713138936336,1.7584244079050508
397,True,,10.473164115270205,8.95496950098884,0.5265645014092856,9.469117368328536,9.03686672372869,-0.2978697510266923,0.4437104989273506,0.0560143620072347,-0.000140318037199,0.9836556607578968
400,False,Gamma_at_bound,6.083529788525126,39.99999226560142,0.02,5.59498397459971,0.3556792239745991,-0.3508992782405362,0.6884386275898547,0.31416084682329,0.0316204039145393,0.9745567659365068
403,True,,5.550176683190225,3.627321275104477,0.6387487710867337,0.0500000000001203,6.1431995675632285,-0.3933371533915121,1.1210708662160258,0.0613812730874193,-0.0009515105437358,1.0149695721821872
407,True,,4.9999605953175505,15.526252210226913,0.02,5.493026996999522,1.02082943917019,-0.4536396551184879,0.7026647359851124,0.4549518080677478,0.0416713721291658,0.7696139680203831
410,True,,3.148152375993467,2.210196652043376,0.0315579005858193,4.839374862011458,0.2530209573010888,-0.1308131573648913,0.9140907631311874,0.1364664490458166,-0.0103954242906356,0.8330437914236648
413,True,,11.70764747230378,1.3332069198803007,0.6773664536436683,17.629605156102347,10.733577391347437,-0.2282536317701949,0.7750184588814797,0.0261460674689092,3.1079180701067836e-05,0.9198469944347976
417,True,,3.7622116061256152,7.338862400832067,0.5151775648428062,0.6478435729032582,5.317961620965536,0.3036877422307324,0.9522264843556176,0.0043433352282434,4.345182132797288e-05,1.0323815090759925
420,True,,4.571228856057654,2.8301533504743226,0.4696417890858591,8.904421618354856,1.3564742408205417,-0.3809051359277172,1.2184096828099056,0.0920164615879408,-0.0045464631884695,0.9223364108939672
423,True,,9.011829346750991,1.595578593607114,0.2539099168808608,6.059736754253293,2.703937209489097,0.1542164778545636,0.3723771861126377,0.1915616241296347,-0.0170612128815897,0.7451889452828953
427,True,,3.4508874063766437,7.123307607891914,0.7038554324253091,2.057729922532119,0.0500000000000014,-0.3417584594990859,0.385921029788157,7.831240144471261e-17,-9.633784546750964e-05,0.9830832759467336
430,True,,3.465297087519654,5.639302617613045,0.0329960568887133,5.416309893866548,1.3106665062280811,0.1274167765579404,0.6017779731274543,0.2948755834834053,-0.0034636199309802,0.7453514747406541
433,True,,10.400861939878965,3.705161517564599,0.46303257093319,0.0500000000182257,10.872401131080306,0.3392911977054396,1.008894416147758,4.6359706079245615e-18,0.0009313021743618,1.0711961913413175
437,True,,3.543186047460907,1.463349578422848,0.1918910818062148,4.200460877055938,0.0500491222827266,-0.1446897864935901,0.5521278082032814,0.1362812212582014,-0.0080166685694633,0.8179430832131918
440,True,,7.021252551899927,4.839216103760333,0.1954825847788746,0.050000000000002,6.009569701890987,-0.3044084231002538,0.2533801832092459,0.1308525738934458,0.0109919509866863,1.169154138752769
443,True,,3.889110109459162,6.191477322411471,0.9282123746290778,0.0500000123299359,0.4515830367874832,0.0884570871198863,0.1693836427142857,0.0404899233440527,-4.584180565029771e-05,1.2713255143660556
447,True,,3.75463449540017,4.871147241142076,0.4702174023698321,0.0500000000278591,0.0500000001250654,0.4091041022170056,0.4116357443556713,0.0052240178941294,0.0001621638508519,1.0418989691288287
450,True,,6.697373263130966,1.1903490565967092,0.4606973394392333,1.0549315049191892,1.878031445013295,0.3898444717523113,0.9411900882211702,0.0167238064720704,0.0017171148369038,1.0226563472402566
453,True,,10.040254065736482,1.9152855641121016,1.7264056734647948,0.0500008510241154,0.2292069459866846,-0.1966270836685872,0.1679352533359285,0.0529885993772996,0.0013294179269172,0.9456244857813776
457,True,,11.186443420447668,2.3543677296997645,0.2223965298986901,4.9314928528605515,3.3808551750891227,-0.0180631990659836,0.5860397469077301,0.0491149074242555,0.0018762611297577,1.2264136322348254
460,True,,3.979895236564881,5.202413664784213,0.02,5.480811950965189,1.5527543590901938,0.2003499344396691,0.5188847101307129,0.0611003022257888,-0.0029125848227064,1.011059725158011
463,True,,3.612312439425996,4.896335100425751,0.5840816135447061,0.0500000000436507,0.4015395956176256,0.0358322438760651,0.7728953751698078,0.00829482851056,-5.395150736277403e-05,1.0452090480631884
467,True,,3.797434278849898,8.31321542056432,0.9474215954787596,0.05,5.381576788651342,-0.3379311058603577,0.5789685477705382,0.0154001346551308,3.824084270286774e-05,1.144476180070835
470,True,,3.782895443053535,1.5680632869296964,0.4411686496342452,0.0500000000007072,11.99999999999953,-0.1341591804575435,1.0561423897532949,0.0100831930107146,0.0002190325204094,0.9579723727004418
473,True,,9.748371813824775,2.7574148130090057,0.4790004582676401,3.462949310646529,7.342962640609411,0.2006411251645525,0.8622167788711274,0.0031991374034517,0.0001521257264115,1.0007634673792036
477,True,,4.802705154979312,8.163699174645924,0.748209767032363,0.0500000000000075,0.05,-0.3635901307978696,0.6718323622649972,0.020674534151223,0.0015521338533545,0.9726629414983148
480,True,,13.368902576500004,19.221543834290287,0.5739990775550136,19.99999999975565,7.662942660077695,-0.0844361073025099,0.1132377987285901,0.0538713178103444,-0.0003584994055165,1.633132139739501
483,True,,5.344674924792812,2.3133450685125476,0.6820048391253536,0.05000000000003,0.0500000000184627,0.4570082547329669,0.5810555921585578,0.0761780576678315,-0.0010472815151113,1.092908795453794
487,True,,7.046132912324155,2.6118497499976785,0.5748171315443682,0.0500000000000001,10.46226943405438,-0.2117179198813202,0.6710595225582888,8.392021834916258e-19,0.0004956051521579,1.0316535046282846
490,True,,4.724226599192516,8.113115051517111,0.715665118876033,0.0500064305808208,0.0856833624365679,-0.0313377868709245,0.0178870513411839,0.1379668888386959,-0.0065030823192923,1.1715261134695607
493,True,,3.7431555633482496,3.5395495589022743,0.5941891236076444,0.0500000007697497,0.0649193231953385,-0.1587808435199404,0.3300727037117654,0.0009565849784104,-1.296669978853078e-05,1.0091406601837176
497,True,,13.8444102969245,3.4842748227300513,0.726546321229536,4.018723351400709,3.731042826678809,-0.2399496994831776,0.5052316902968857,0.0243049971724917,-0.0114549026105847,1.5496761199340745
500,True,,4.062845730365034,4.286978312003505,0.9458914141528668,0.0500000000000852,0.050000000000259,0.4231261395735837,0.5056770259617797,0.0016542429154111,4.028786236079252e-05,1.1105838197939857
503,True,,4.132113413370963,5.045254591989791,0.6069563571661751,0.0500000000000011,0.0500000000000123,0.3838765837222437,0.4441675538075764,0.0156544918599795,-0.0001744050651983,1.0286883799506867
507,True,,5.814503204384538,6.243353219442352,0.3585976084123643,3.713916770287672,7.69668305243559,0.0391717508715946,0.5525122892915448,0.1531743600152238,-0.0022220392108047,0.820413801598633
510,False,Gamma_at_bound,8.706716893704526,0.0200000000013353,0.930295448952049,5.616655984406622,5.275645524987162,0.4028317136674443,1.1014032974718762,0.1011753342983155,-0.0100742181264004,0.9439580416325344
513,True,,5.871910546334679,1.503138753162874,0.8568691137721206,0.0500000000736693,0.05,-0.4384464380354863,0.2759176993760552,0.0006917139878264,1.2583611795461798e-05,1.0387548141314442
517,True,,3.3944390495122327,5.216622598708841,0.5913980096467286,7.056848679567367,1.302315552702715,-0.0686140371532452,0.6292269620639807,0.019967556311952,-0.0016833681872792,0.9315688980894296
520,True,,3.961449617494294,3.752913514672389,1.0118858663095007,0.0500000000040255,0.0500000000000019,-0.2837152278051822,0.581316288939224,0.0032524694289634,-6.58954292992955e-06,1.0637912905651716
523,True,,3.183220100957943,2.7421613616820726,0.02,5.88714741663423,1.501143356502379,0.0492366199669407,0.8901020443952194,0.2213591744746808,-0.0153023447793011,0.6327092950804278
527,True,,3.640558994915959,0.957642868970672,0.5242054163251354,0.05,0.05,0.2833062699282058,0.7201106899760418,1.3582568178408194e-20,-2.3453790096051613e-05,1.028511544571198
530,True,,10.234636157008756,0.1792436464849876,0.6256303740524451,0.05,11.999894259517802,-0.0680574582180424,0.76533670447123,0.0099797277475905,0.0002760732539937,0.9653965531340476
533,True,,4.550715274748957,0.8572630671526731,0.02,3.152517784648583,10.427358673770575,-0.3521644319510872,1.348516749750975,0.3973027474256702,-0.0277395963345902,0.6688868511163462
537,True,,5.047448308512804,2.583036276284796,0.5375045634262965,0.0500000000003033,5.640687740018222,0.3859011838591136,0.9507405460029926,0.0096112542507328,-0.0005974593108824,1.0158988568970486
540,True,,5.766339028646951,1.5851863976255416,0.1894096545869461,5.217003501343072,11.9989572251782,-0.0808448145020823,0.6938142331293332,0.2283100984070704,0.0189721423844645,0.8197729625663416
543,False,Gamma_at_bound,3.9919021813770166,39.99999999999999,0.02,5.514342135158744,0.1350372846349577,0.3943879550035037,0.9023388385697808,0.2870480458335309,0.0273979933628209,0.6697519538189486
547,True,,3.7793684605787448,3.621158843238195,0.5846794257964579,0.050000000006111,0.0500000000745404,-0.3904370766925119,0.8490064128794269,0.0194489663207137,0.0027108559744057,1.0938703315901956
550,True,,5.562408431751231,6.34243737511113,0.4763348765505011,0.0500000000002203,0.0500000000000026,0.2113772411610891,0.8979117036500599,0.0199844538345856,0.0002789796793363,1.151274302402461
553,True,,2.976647663417466,2.887571872672413,0.02,5.493362892722063,1.787268924442539,-0.5017202311363589,0.6605908554010128,0.1794918042166761,-0.0053092057960576,0.5951674008963472
557,True,,3.4876455817884153,3.671753537356417,0.2210510544491838,5.910443537012145,1.7901801201318193,-0.4133470720106834,0.3120853027185726,0.062518541227173,-0.0033779160894651,0.8307264153185482
560,True,,3.8329961529779233,5.8339800935027135,1.089454018957505,19.999999999999982,0.0500000000012242,-0.1077829250901692,0.4200432705029182,0.0057833734606798,-1.8118954370253495e-05,1.1776030955018528
563,True,,3.7049759903079784,2.970793715992281,0.6800675727687435,4.220275823201202,0.0500084352229681,0.4811412577149371,0.1791052234642233,0.0767727835437647,-0.0058125432051769,1.0469850978216142
567,True,,3.084265340613865,24.114654049974472,0.02,5.36109335650774,0.5863915942725514,-0.251884656392621,0.8124499362670335,0.1602409305975632,0.0143492696741769,0.6896230852222264
570,True,,5.17744533343137,1.6875115743946991,0.6196605202313641,19.999999998561336,0.0500000000348859,0.114794851398577,0.9996613946826036,0.0172515527403126,-0.0007566337691233,1.0190397606306392
574,True,,8.152772695146378,1.404068182937126,0.0200000000001527,5.944949030640728,4.965374589099174,-0.2004897600349943,1.094756882396861,0.2217548866333315,0.0172042084698274,0.6998379914083147
577,True,,6.56383298165303,2.4959300044098103,0.0200000000000006,5.844279901742842,11.99141511017982,-0.2019942152909205,0.435435343645947,0.3208590078185589,0.0274660793351558,0.7094245587072845
580,True,,3.697159605935069,4.905490435997453,0.6751610882396384,0.0500000000000184,0.05000000000038,-0.1085224373902476,0.4073630034075144,0.010793938276917,3.859109059817291e-05,1.0922400124900573
584,True,,10.02293138893464,1.3635152802387565,1.0323691126898322,19.999999999999996,4.135179332989584,-0.419129108256037,0.0003324112044907,0.1044228554969867,0.0004290567963553,0.913316593520742
587,True,,4.409343887932628,3.169557038761309,0.6888307371621738,0.0500000000004974,0.050000000000071,0.0771082283692145,0.6669863269553679,0.042743700398862,-0.0006608721666383,1.1338864851587396
590,True,,5.71335366268233,16.884507204521675,0.0200000000267513,4.954560715214235,2.276169057502529,-0.0534211218031188,1.0467816991776016,0.4023214359120217,0.0336306633386272,0.7055367546755529
594,True,,4.3813225744417466,7.935545286081829,1.0295560869449594,0.0500000045485132,11.999988574970276,-0.4069512904091948,0.4512356673246568,1.3288228929186965e-13,0.0005044627238003,1.209902871899284
597,True,,10.046177964614706,1.9843954557379064,0.8579674006016765,19.999999999999996,0.0507141794262189,0.3376424127819885,0.387147137621909,0.0725597686593447,0.0014423781535293,0.8454942676680277
600,True,,5.045920184643076,1.9633177523892484,0.6863962983262232,0.0500000000000052,0.05,-0.1844268584291355,0.3567235738920064,8.858928835948117e-17,5.267515432735756e-05,1.041725385544054
604,True,,10.161141970116464,0.4236807847960487,0.3157823433746378,6.596470800980169,4.193425575912823,-0.2701321278081015,0.9044118141336716,1.0093914052026211e-26,-6.166512683476516e-05,0.9926942131282592
607,True,,10.434228022521143,4.574513401354661,0.7877956341731313,0.05,11.470110967377014,-0.0454886658835212,0.7466525946810785,0.0518792353781143,-0.0054346526639063,1.179928415447694
610,True,,10.256808493886174,0.8310844122490774,0.98560015582016,5.9691540183432785,6.090582571564841,0.4964863880174913,0.3237804254195346,0.0240512023871447,0.0040126183218999,1.0390196153450268
614,True,,3.829209440062276,9.121447060051688,0.8140215447352701,0.0500000000000067,4.993235854405225,-0.0823192235336193,0.2841407120628024,0.0340529109824101,0.0001919713657105,1.1278999852586855
617,True,,5.9215412502677545,4.5016426757351455,0.6251375042935395,0.05,10.063608974175418,0.3844890394193468,0.0009189812682827,0.0029744530278681,0.0004809137811408,1.0344263261566091
620,True,,2.429663144823064,6.34720167434728,0.02,5.495654733686579,0.6451226312943659,-0.1009731680184815,0.6132848825943905,0.126511926000392,-0.0035161484827738,0.5807061897345063
624,True,,7.453758622791383,1.384553710014098,0.02,5.84263117746446,0.109750000000008,0.3997823769981553,1.2965202016032662,0.3069052938244383,0.0232275272841991,0.6722412508991811
627,True,,4.188110783544903,2.303661024621243,0.491086613420966,0.0500000000000002,0.05,0.3566097570161536,0.8214128313108067,0.0061403079382362,-0.0002395193645017,1.0708113413331648
630,True,,8.375351708448337,5.004468526054064,0.4444885370334898,16.31422309997438,4.621085486499257,-0.2829203504867577,0.6594458853038162,0.0143582129916778,0.0009723606147886,1.111148980416001
634,True,,5.599696484281525,24.395136637878903,0.02,5.494678939015481,0.7070798740502793,-0.1254862451415948,0.6604750723503434,0.1143945163458205,-0.0118571296135645,1.1332263421589932
637,True,,9.946523258066325,3.693532462798206,0.6195205207026867,15.403502013556546,2.469987579519473,0.1258687458920631,0.8948662634816787,3.7940157562852806e-12,0.0001871227910055,0.9828862318395216
640,True,,3.529527251375839,7.49492903026513,0.2884443812713956,5.215324454131918,0.871556696769244,0.0450620265864429,0.3479121633944909,0.0373727081796657,0.0031304315140918,0.9695162142755032
644,True,,5.927367907972133,4.455509723464745,0.7935351798068673,1.3101540458795713,1.6394756408391875,0.2677120997908408,0.4132358299245309,0.0387147755605756,0.0024877829305279,1.0852417644455985
647,True,,4.214120646528401,2.219174715449715,0.2275645077775066,13.741046287398142,11.992005096138149,-0.3352525660016731,0.6856777479062109,0.027169424524041,0.0025592041727338,1.0400917449433764
650,True,,3.7514881185728743,2.1378708540173132,1.239914700096321,0.0500000000009972,11.405085272670238,-0.1007572318415453,0.4730638082136188,0.0096388906949202,0.0007619456355427,0.9705621808915712
654,True,,3.46106921151465,2.5218824075308213,0.8102535094006494,0.05,8.904734201789232,-0.1518232700729783,0.3059047993597875,0.0169655178458907,-3.7980975985594467e-07,1.0315040902636077
657,True,,3.812417507496325,1.4983980523461742,0.4799021730125026,4.410714531221353,0.0500000085343484,-0.0763411346810704,0.5591980521423134,0.0156978314423558,0.001554762690246,0.9778411362049684
660,True,,9.716372198455923,1.402210793087876,0.8241548917433089,19.999999999999996,1.7527796198694503,0.3051563222152036,0.0007798365041292,0.0529364869037622,-0.0016642553235464,0.9085828397264544
664,True,,5.325179478314692,2.777976992527304,0.4358910033571579,4.115073700195118,1.5190852659247185,0.3744467880465228,0.6604212616230523,0.1869600819292798,-0.0132260740759772,0.8505087108673155
667,True,,3.903459168575045,2.713820431863717,0.2904500269179542,0.0500000000000011,11.999999999996026,-0.4050842402621583,0.8634290148240797,0.1506064871242526,0.0119572518727511,0.8628215478331213
670,True,,4.574713850842214,6.179099680857053,0.8086990168333482,0.0500000000000054,0.0500000000009081,-0.4260006919893602,0.4762036597284134,0.0141710818687096,0.0001545239980419,1.122736845242225
674,True,,13.69104202202904,4.734063708630149,0.9338558617029652,3.1209913271266423,2.4185311524549022,-0.0845544371654299,0.4255519347638878,0.1012258613901447,-0.0020367690788223,1.508655715203743
677,False,Gamma_at_bound,2.988114902363736,39.99999017446606,0.020923202712038,5.332032267274478,0.6465839415063876,0.3861169649189629,0.9218064830887048,0.2575174261673555,-0.0137827013437816,0.5226686649389952
680,True,,2.9782399031869353,3.0727007727566464,0.02,5.898082720868863,1.3912704531909,-0.0529871779286334,0.4508216085761903,0.4352114541897348,0.0369554357247836,0.4871512906316166
684,False,Gamma_at_bound,2.8260310656321472,39.99999690266878,0.02,5.483200009039854,0.1497250437816116,-0.0497429582785208,0.977584223275418,0.3739464932056257,-0.0340303414262536,0.4502404605132242
687,True,,11.547636786512957,1.565236702361489,0.1586922336732717,4.0031655437652365,2.3040193745022406,-0.3423427051572056,0.7216619355206944,0.0861863183474534,-0.0085288084215953,0.9759739774544056
690,True,,3.280933343656432,1.7400770260234912,0.4596654740821154,19.99999999995745,11.999999999996955,-0.3842329352370386,0.8924657374256931,0.1952486363107794,0.0104071653432303,0.8964615147873477
694,True,,5.4864980949413455,2.8021364070552406,0.9734250233203796,0.05,0.05,0.3106407975152929,0.6015415198747481,0.1403847691974257,0.0012324147339643,0.9950403065449436
697,True,,5.849182326123744,3.8700130139861506,0.4680970996854137,0.0500000003176564,8.904354253174116,0.3645115220369152,0.3874924567277375,0.0067935520664289,-0.0005512116328079,0.9642363358090996
700,True,,4.087788690352431,2.7240347661952624,0.8727320906178963,2.2158545018495763,0.0500000000234741,-0.4408113710712661,0.9409157504981116,0.0008449316477566,-0.0002031952416023,1.1876155790815
704,False,Gamma_at_bound,2.717996956315317,39.999998689184736,0.02,5.179247900050214,0.2344118368310977,-0.2460058603605552,1.0677447305088632,0.2317691088421157,-0.0194895921617654,0.5270252102137076
707,True,,3.6848923193146264,4.6614848654890695,0.9827901927070074,0.0500000011646496,0.05,-0.0703882062137009,0.9239019381888188,9.994653293690323e-05,9.132874112278404e-05,1.035715710705128
710,True,,2.7143794134207653,9.37518996556903,0.5104174228737975,5.7686806158382655,11.996652191366769,-0.2952636839870214,0.4064874612641725,0.1208793229124209,-0.0025931673719217,0.6838541672180691
714,True,,3.7964990576866393,6.880257067992569,0.7174395656105326,0.0500000000000319,4.857058011627766,0.3345451819631456,0.2481202872366542,0.00475851562169,0.0009499762237068,1.170744562591633
717,False,omega0_at_bound,14.999999999999998,0.7234154023591114,0.0225774364479423,13.923571152213398,4.312321192657296,0.4699178610118835,1.6819322524421845,0.10086775672245,0.026087317998108,2.168558474726938
720,True,,6.880823005266899,3.7156871855577074,0.7229236096042093,0.0500000000003229,11.522556567651865,0.4458902981092766,0.8278034801414247,0.0168586619718543,-0.0007321422935623,0.9606880517504078
724,True,,3.904891564489554,3.848005070726199,0.453578814662756,0.0500000000000283,0.0500000000000051,0.083714104566881,0.4505541562386106,0.0085876024665531,-0.0002624747706219,1.0334111313989556
727,True,,9.282016396632129,0.8993438258922646,0.475452248308343,6.835995267451639,7.799378890102954,-0.0786098676660006,1.1283189115033423,0.0025765752611248,-0.000354512012526,0.9552743695014728
730,False,omega0_at_bound,14.999999999999998,18.127088155477303,0.9584603173079626,9.494550369693297,2.771590343373443,0.0066549286177047,0.5860760504411846,0.0307654897855888,-0.0015637068840613,1.7690552736884375
734,True,,5.818195710769937,8.948500686931542,0.4702733486256804,0.05,3.3505207085087427,0.1485971487332691,0.57136608358976,0.2324843176461714,-0.009692869574652,0.972815706119456
737,True,,3.0538358974079003,2.800632899315366,0.02,5.643516321341608,1.433009327986307,-0.0518628444598263,0.7757263962080871,0.1280681736341058,0.0015733821863617,0.7509415127467405
740,True,,4.889743928289391,2.0877376961729532,0.5484509650535994,4.848118348473513,7.177724348144862,-0.1618295849849251,0.2411592035547294,0.0792993108288137,0.0066842188095802,0.9303793494914828
744,True,,8.545344612945957,0.7680425037873455,0.0350850073346564,5.480906924563443,5.158861230370902,-0.3940174521654126,1.274720099384821,0.158038388028186,-0.0118867481703344,0.83102516177651
747,True,,4.727215160027294,2.381073954789154,0.5893210080205146,7.82251614153638,11.98954681957317,-0.4875846924728963,1.0165447137206294,0.0126943656736217,-0.0026640241403698,1.1413088160852585
750,True,,11.042553314143271,4.9775046493540405,0.3983702081379482,19.999999999999435,11.999975048435964,0.2467509859298292,1.253143957032734,0.0039834474514523,-0.000245479011153,1.1142480543706654
754,False,omega0_at_bound,14.999999999999998,4.25358506864743,1.1763436579982751,0.05,0.0505676180537264,-0.4349176353362207,0.4296427172302795,0.0663698860362715,-0.0140715138312291,1.5496466908913755
757,True,,3.493527279832624,6.364475036491055,0.3175526301883728,5.34029366893652,1.191670071887749,0.1381470055920185,0.5640274526913404,0.0695136387253602,5.430317483388287e-05,0.8164807267571392
760,False,Gamma_at_bound,3.480107040769544,39.99999999999451,0.02,4.911639518371257,0.1895732139253237,-0.0513353164276218,1.2641541995474153,0.2190963256163029,0.0183032121505795,0.6417662721523489
764,True,,3.85634669603681,5.614749539332435,0.7202270443882522,0.0500000000000277,0.0500000000000543,0.02331863769877,0.475475738761245,0.0148206037998726,7.304928126635474e-06,1.122493066689742
767,True,,3.964003410355363,3.577997633485568,0.9023338650411684,0.0500000000000055,0.0500000000000061,-0.0157740584726665,0.5159010179532227,0.0227485945600837,-0.0002032895701248,1.270531971914686
770,True,,3.749632433166573,3.1131412821556097,0.7907229988972068,0.050000000007525,11.999999999993635,0.0379646335388612,0.4968619955707646,0.0084259276223392,1.217095729193159e-05,0.992831275212084
774,False,omega0_at_bound,14.999999989688815,4.146776167248237,0.8620744221644875,0.05,11.99866906550873,-0.0001489680200897,0.6131164778759537,5.193726312955312e-13,-0.0141154339917685,2.304368865030084
777,True,,9.060509837871288,2.733434249447893,0.6039011245310576,0.426915376420303,11.377918169672968,-0.429718022038045,0.736635561505027,0.0111623164957724,0.0019409326155997,1.0475417856133915
780,True,,14.245588429519486,2.022270797019552,0.425384246775054,4.038601133928044,8.701829002236993,-0.4416041608463234,1.0321489212898196,0.0860600337932722,-0.028792871053062,1.860443028184895
784,True,,9.859701248515162,3.6939802612104207,0.3513276415964402,0.0500000000136815,11.991394667051082,0.1770720309386768,0.9437501966127502,8.212571842518425e-22,0.0004589708394164,1.0933623986799366
787,True,,4.026435164495644,5.271516478770364,0.5559501739938737,5.766274857325842,0.411261996746647,-0.0038154974136891,0.4675459502030418,0.0179213290055566,-0.0016729711061288,0.9445970920102498
790,True,,5.157583021410825,6.541630112412462,0.6586445195748779,0.0500000000000549,11.99697385130366,0.0854127309072774,0.4486941027841775,0.007885003196416,5.427007918966662e-05,1.0309592979436333
794,True,,4.133460554213782,5.032113068111854,0.7224468116862082,0.0500001229554061,0.0500336592509889,0.1860262993131401,0.064051572297,0.0440137495687901,-0.0002828818733533,1.0969120147150278
797,True,,3.4463995630791504,2.768663702468339,0.3403070986508502,3.756915083229941,0.0507650752413655,-0.1604462919824895,0.5856109704343374,0.1994933684684109,0.0006571856202701,0.7877430108841915
800,False,Gamma_at_bound,3.4297949358800284,39.99999999999999,0.02,5.569439915952094,0.1513805166425795,0.3461965395680565,0.8680521157219174,0.3895023273306827,-0.0356572086755954,0.5076322027802611
804,True,,3.656849669010053,0.2669693821330268,0.8140987775788315,3.079900082860587,0.050000013282946,0.1935377394219112,0.6024568019565558,0.1455912988388241,0.006699046069584,0.9996955881711796
807,True,,5.778521654742577,7.586685888103638,0.6265239183454269,0.0500000000000005,5.279569139164537,-0.0246231270630615,0.3806945722542169,0.0023107277450085,4.4644253404786915e-05,1.034839312755815
810,True,,13.954916960256964,3.514219021213045,1.42950665634143,6.106013012772263,8.241591859927263,0.4688080638445099,0.0114806372986694,0.047866454859559,-0.0234933702478515,1.9389228892186048
814,True,,4.589997687538446,9.996202735407152,0.7093726785689807,0.0500000048483303,3.4986988275930795,0.4750634428262688,0.7517036865883273,3.65190532129369e-14,0.000210723744904,1.0328865532438254
817,True,,3.8816525577562753,2.779138718289184,0.02,4.610714723348428,11.456490424366788,0.1975923991961959,1.031279982065461,0.4400816404071643,-0.0287722535116268,0.5433920492119092
820,True,,5.583577593476885,4.68539183081808,0.5526111806397861,12.421172558526914,9.689292696912409,-0.0307663224045823,0.8043305472567273,0.1638091584724482,-0.0074134722898016,0.9435785131009968
824,True,,12.434754160322075,1.2505317449861588,0.02,2.8918687959469183,3.063009840146949,0.5297035949587252,1.1744632536372217,0.1805867485905979,-0.0373255299425381,1.8724767340756656
827,True,,9.337099301287608,1.3647036124399223,0.4261636754892156,0.05,6.284072507579778,0.0423055317859858,0.1144424869880185,0.1192902862846286,-0.0086756998069724,0.9762337469046884
830,True,,9.3975239810393,1.8976965268429655,0.6074417696468913,6.346361017770124,6.522729059589705,-0.1303590709151441,0.2029766288925981,0.0502181940260986,-0.0036825914632567,0.817247273551739
834,True,,3.6913279004298674,3.818154042486836,0.6226876637631812,4.863681192718807,2.189214596634496,-0.057962132737744,0.4713164784604972,0.1087864166173889,0.0080203754444233,0.95145534829932
837,True,,12.559985955988529,4.174040026168878,0.7699355320494244,3.0120290926183335,6.770602040771303,-0.2931075236440191,0.974678281090847,0.0425688895353251,0.0070542596014236,1.2918852488959325
840,True,,4.065558660756033,7.245682716574414,0.1653047877417827,3.87687113492733,2.621472326581592,-0.3134307246618392,0.990549332482036,0.1608627579492039,-0.0100217174785713,0.6267181171327662
844,True,,7.290135288914912,1.150856131592057,0.02,6.110011629384482,0.1103853607978257,0.0990810025103608,0.7934480351692755,0.3215938343438559,0.0276936913826317,0.6763151026496851
847,True,,4.600374767274051,5.021765779908733,0.838660997334682,0.0500000000004776,1.566052397236574,0.302061043219913,0.4732913303309458,0.0029485268512219,-0.0001412839184612,1.0324897661111687
850,True,,4.036463748652511,9.821424740693455,0.02,4.838469286716814,0.943742061919002,-0.2003937873272424,0.9967322374907424,0.1427575994913087,-0.0104817000970295,0.714764130802326
854,True,,3.819306127216502,11.812635799113508,0.0524842972288672,1.5638906492492175,0.5905479732668311,0.4159643420710733,1.2827505289592018,0.1228501897434375,0.0007419775170721,0.97825014220733
857,True,,3.7164330366044673,2.852952487814276,0.516926367743928,0.0500000000000001,8.272774013427995,0.3179922244817599,0.6900926477652619,0.0044303741079637,-5.032189087477617e-05,0.9954734260717722
861,True,,8.591027825740921,1.8497951273999709,0.7427553129286475,0.0500000000001727,9.9511329994332,-0.4224399116602453,0.3838745215645645,0.0249776434458179,-0.0006185566029998,0.9867498073242248
864,True,,6.575306062582551,4.631153880136754,0.610312307584806,0.0500000000314303,6.413967370208718,0.0101431283394571,0.3471724475001443,0.0166523980079229,0.0017873185200288,1.0205641289787764
867,False,Gamma_at_bound,10.567443348391103,0.0200000000000001,0.9879020313139012,19.999999999999996,3.1621709127716247,-0.3905426313811975,0.5132515235266556,0.0350353001747949,5.206990522449452e-06,0.9909122524766072
871,True,,4.12523535147318,3.134258643483916,0.4912854238949782,3.971468672216888,9.990772466251183,-0.2789173231626452,0.9756432621321348,3.2166224638118675e-15,-0.0001008208988725,0.9956030839754496
874,True,,5.068907559002338,4.576064966626262,0.5304987911270079,9.971394815986397,11.99999736212084,0.1804663927296952,0.8923532419440998,0.0001484057467702,-0.0006194336991931,0.958659043187707
877,True,,9.464050168750935,1.583875238171693,0.9866995866005414,4.505541307250809,11.940249999999985,0.1987056204140583,0.5478788670998086,0.1899583730016294,-0.0133011749916646,0.9797141212583944
881,True,,5.061207523310627,3.8901214460245934,0.7688468017285746,0.0500000000011071,0.0500000000000157,0.0620511520623909,0.5914309334202792,0.0253229456791294,1.955473103920807e-05,1.1033934440422428
884,True,,6.154549943078222,4.894606601280832,0.6558766951960945,0.0500000000038116,8.9742059884605,-0.3884535319647572,0.606359231867012,0.1205680021360379,0.0112727474426872,1.015800274770037
887,True,,4.262148224292235,8.765536371169503,0.02,5.212944638362752,1.007553059368275,-0.4998346430089586,0.8548735896105785,0.4267972535373041,-0.0346923367867998,0.5796523220402663
891,True,,9.949792437451183,0.4443194147583141,0.5940015007906846,0.05,11.99974528932162,0.2579652110995311,1.0816671611241584,0.0216319868873125,9.852038066224172e-05,0.9666538178990624
894,True,,9.90845139173897,4.334051446455485,0.5664159920408905,0.0500000000080408,5.271868522856441,-0.5041315255492278,1.1881397955805546,2.8634166262138625e-14,-0.0007660097641423,1.041462647203385
897,True,,3.3129373135474,1.6542384680359885,0.02,4.977744411875788,0.0506184445540353,-0.5022518483244597,0.8036458905088825,0.5099108281209681,-0.0372393332004833,0.5220756722437933
901,True,,3.90471613093309,1.6973404300037234,0.6676295111930766,4.565936834971654,0.0500595271862586,-0.1173600524520129,0.8066997848314117,0.0364825334996751,-0.000413844433553,1.1781850770433813
904,True,,4.077899135664319,5.80121336598865,0.703012370736942,0.0500000000000011,0.6025810072280535,-0.0208752377856032,0.7017187910124111,0.0125487748919297,3.413919605429397e-05,1.1326056620335534
907,True,,10.995146216313124,1.6437633565161156,0.6311950084265212,8.252626801575724,3.792820072023877,-0.4232885502708349,0.7919835746010582,0.033695885808221,0.0036503112958751,1.0074727208804646
911,True,,4.672335955433962,3.3676875907725483,0.6038888728919016,0.0500000000000001,0.0500000000002872,0.3191443899038874,0.9106179171491312,0.0696995132369535,-0.0066852022656152,1.2426495368357815
914,False,omega0_at_bound,14.999999999998332,3.6743028758743743,0.8120925322365947,0.0500000000000002,7.905559295855087,0.2793322983333265,1.130930678854522,0.145741679280359,-0.0070816706637617,1.724220661231323
917,True,,7.792091268727688,0.4932368020468443,0.0304621059751354,5.1341114197966755,0.1097500000000393,0.433648125803583,1.4491290028056574,0.2935803004004494,0.0237214241743193,0.719821533951176
921,True,,8.231001929706654,5.219394026096287,0.5404000874454644,4.461476255290533,8.938721384587597,0.3771211516479717,0.4041489765963871,0.0856270416685922,0.0085829789846064,0.99888042173881
924,True,,10.324677933863637,2.118506611398076,0.9925664012537828,0.0500000000000003,11.999942094166688,-0.0885314304271949,0.2248202291364961,0.0297955240687567,0.0003062988439739,0.932515947719484
927,True,,5.084495175661981,1.5189986858631788,1.0845288953200671,0.0500000000081286,0.0500000084476995,-0.488327545673568,0.2620742891485896,0.0377417809283272,-0.000139353521998,1.0452307865914992
931,True,,5.61181263007069,2.3152495663907087,0.1439303970216308,4.13194641572305,8.47742613335317,-0.0641224260333764,0.6583235618296587,0.3011483363705362,0.0060542435723513,0.6950687550329632
934,True,,4.02301874737115,6.273515480066172,1.226779932673472,0.05,0.800188441441382,-0.34467087540146,0.1350329241995421,0.0178577723442595,3.37057512346989e-05,1.160252092121159
937,True,,3.978130898477529,8.737489610189952,0.0245421933890272,5.433629006639492,7.569238805911731,-0.1726386532755578,0.742879166330463,0.2456742659921603,0.0215637792825303,0.7336620669155086
941,False,Gamma_at_bound,3.0441044892470974,39.99999963379528,0.02,5.572423593131618,10.85638066238282,-0.2005854509727409,0.8403896164800672,0.2313727269173429,-0.0211112329037058,0.5415943377115522
944,True,,10.195009229720233,0.8340512262214524,0.4467929531668741,8.080039002624408,7.723224482564737,-0.2625464582282896,0.95978052911265,0.0046585874151267,6.235855605868808e-05,0.9808815630676252
947,True,,3.0085228930695953,3.00056443253315,0.3756251383860663,0.0500000000000568,0.8987693121214574,-0.4674756332786018,0.992661737219771,0.1617055142897696,-0.0020674781034562,0.7583588186331153
951,True,,3.4515750438374204,5.407832457892078,0.4035954603530252,6.364492344046969,0.0500013104523237,-0.1110340380315623,0.1585431047902077,0.0088604228189187,-0.0004838461545658,0.9873302548797024
954,True,,3.8292541832961646,30.400375332873015,0.02,4.843725697536462,0.4874175028135758,0.2272395230579547,1.1510178171496352,0.1419320620711402,0.0123817984753656,0.8251147714135689
957,True,,8.461234692244924,1.8156912929532296,0.3818382002980983,5.905774465021286,4.6378184142789225,0.5748872950034702,0.7514719723421812,0.4906795936930188,-0.0363491006488285,0.6332059533045153
961,True,,3.9852422091469735,5.654622015579867,0.8572248153128118,0.05,6.241669041943436,-0.4124761215593054,0.0001059730839596,0.0489693257511749,0.0055067976102089,1.159334148443714
964,True,,3.208486682889178,6.522663972460915,0.02,5.396634554400667,0.8220233496411742,-0.3507005770509303,0.6925895554133793,0.0448877899366014,-0.0019758243842671,0.855811936261656
967,True,,3.268566369960783,3.04606836356085,0.5391686437866332,3.5479117359076575,1.542434022855458,-0.4003227047547911,0.703697539656507,0.1067415671527032,-0.0025482176009888,0.8284249012746653
971,True,,5.771546521155896,5.066720170749922,0.428218998377127,5.120890402078367,11.850858890162696,-0.4140835483477594,0.4464061704038222,0.3373686105774353,0.0272795367307713,0.7864533883363312
974,True,,2.8345321499892435,5.75423974065573,0.02,5.318399588188845,0.7529638266460765,-0.0495214367231427,0.5675754876225613,0.2417755982554207,-0.0188827556416504,0.6505789449191777
977,True,,4.114517208133603,2.6250438141879,0.4126275450297579,0.0500000008574028,0.050469762031108,-0.0296055189910187,0.1250891484055298,0.0005526304140434,-2.2870746256296483e-05,1.0946717962427006
981,True,,7.097840640492693,1.5841796674098945,0.02,6.045100563727897,11.94025,0.2488576038015201,0.9325843545501944,0.1712986899137948,-0.0116183299454114,0.7603909931962474
984,True,,4.240549201431242,5.758513391456564,1.4514585508568798,0.0500000624620058,4.938704415281538,-0.0104621721766843,0.2863083883630908,0.0474722168455781,-0.0001607039934947,1.4676670226117388
987,True,,3.671104958673961,0.4654945087421304,0.6051177902093822,4.1965162392744935,11.737512638633971,0.3957343305614662,0.9518243908715196,0.2146700111076339,0.018352224285795,0.8171869803304183
991,True,,4.763014433494774,2.642794078574524,0.6598796856321194,0.05,0.05,0.4116894994063872,0.4226179898757738,0.0001649698404816,-0.0005652853438848,1.139322297706591
994,True,,5.523576076048043,5.433896343752982,0.7425670278771554,0.0500000000001997,11.999976986471967,-0.3780144423536571,0.5184182873424217,0.0285301623563192,-0.0004739144078936,1.0528829348781952
997,False,omega0_at_bound,14.999999999999986,2.9488827430456,0.7101988871717592,0.0500000000000844,6.974723934364625,0.139625451046587,0.7227872791194405,0.19229526784746,0.0027114021361915,1.9675039025023413
1001,True,,7.728284976552723,3.821277803794596,0.031358872586582,4.720594149178931,9.900199143039387,0.3294453660560714,0.6642482152052201,0.1248506671834734,0.0109546881939849,0.9902503799168446
1004,True,,6.335229534351782,3.357202106831885,0.2359574507619045,3.8164142181913094,1.75371706667994,-0.2958977167021923,0.8779502506991081,0.2650470283166024,-0.0193768164976445,0.7689325891838731
1007,True,,4.240458262004397,6.241683154590366,1.2760219106510813,0.05,0.0500000000000007,0.3687487117573376,1.015847890308253,0.0117031897037598,-0.0002393254214039,1.1193412742519342
1011,True,,3.991177728125172,6.127785414717241,0.3098920796112774,6.153250100357578,1.332226867031717,-0.4441984273297826,0.246521277014637,0.1059248181545565,0.0091187442677044,0.9013014290280804
1014,True,,5.876270273365068,4.3306976358304725,0.9042286272620514,2.084057151251726,11.999994147496588,0.3402373720442574,0.5674090187631494,1.961790518878664e-12,0.0002164464466058,1.009191135230611
1017,False,omega0_at_bound,14.999999999999345,6.056571140798859,1.0399851861864786,0.05,7.630626460853963,-0.3434503992382354,0.7919263840574599,9.66585105159071e-22,0.0041520438870064,1.601217931886988
1021,True,,2.6348722578993864,2.366273246644547,0.02,5.415910440823462,0.0535223892575361,-0.1505464350650746,0.4924669313312293,0.3530841299608713,0.0181730979928496,0.609150982414253
1024,True,,10.567978113989389,1.0490883835760532,0.5917037417112887,5.194309426840657,7.3408068834887885,0.2760415800742462,1.0036820894781249,0.1073499884660986,0.0013662735246447,0.9837169832293732
1027,True,,10.457915690149887,1.2674975482868072,0.5124270459875981,0.05,10.822624419890635,0.1210520076368614,0.000584223354259,0.0254254648955064,-0.0028531909789884,1.0480487204097118
1031,True,,3.920873439164701,6.466057228313487,0.9420381794756548,0.0500039354629372,0.4179138332020122,-0.3041005935076742,0.0207351642521011,0.0765091308483478,3.708784666638243e-05,1.3381847927560275
1034,False,Gamma_at_bound,3.861731386458339,39.99999999999999,0.02,5.187980359494283,0.0992012024107732,-0.3513056265477274,1.293880055000864,0.2380518040176657,-0.0182844893076875,0.5608267255635966
1037,True,,5.978885306750791,8.651560260943874,0.4758387109217747,0.0500000000001161,5.923660574796818,0.4490036949318477,0.2741978186687498,0.00261727971746,0.0003691898106419,1.0072897720182434
1041,True,,5.656763898805373,3.5156213500754805,1.155362562581959,19.99999999999923,0.05,-0.2863751618113435,0.2168343079467313,1.1724736177148554e-18,-4.513399956366736e-05,1.0672145689251171
1044,True,,4.307062663551639,3.101016834471983,1.2465289727948738,0.0500000099832531,0.0509370753923548,-0.2487146096542933,0.7465777968043493,2.6623029686214733e-11,-0.0002759750868401,1.111329757710776
1047,True,,10.508878546650166,1.4640299857170085,0.3609474623148225,5.516143055709009,3.581176661941641,-0.0470099047123195,0.7201658839095835,0.0582388490992061,-0.0035541064859486,0.9800009522321722
1051,True,,3.810323230202117,3.9187818163645254,1.1437100753449876,0.0500000000004558,0.0500000000012687,-0.3481265752227103,0.6482970205677633,0.0398439706177068,-0.0001761553196142,1.238175337606228
1054,True,,10.926240415031454,6.21738638809455,0.7279654873827809,0.05,2.234728086952075,-0.1983244623822713,0.4244494032162058,0.0276587081493054,3.57612446971259e-05,1.2590906252853369
1057,True,,3.586412470506447,4.2208541207616985,0.1477817682991016,0.0500000000000047,11.78291089497651,0.4281872641812368,0.4224048001613907,0.0045097991777445,-0.0002819860082236,0.993747018582492
1061,True,,3.4391621202801974,2.395451307999334,0.5638864333794491,0.0500000000001531,0.05,0.4261785869672786,0.7457139451515489,0.0388865786918932,-0.0025952920378626,0.9644349724523344
1064,True,,3.403936896241228,8.011749864538944,0.5590066595374524,0.0500000000000094,5.498346989398358,0.11700482731264,0.8311656981289063,0.0004777832672055,7.194821010488891e-05,1.068372276900717
1067,True,,5.7758741902540365,6.8023759867185545,0.178412021919968,3.388991906737816,3.333279491520314,-0.0500003395733317,1.0798194737589517,0.3444956848967202,0.0231832690838726,0.7070137282848368
1071,True,,5.151178012637129,8.22308882308101,0.2224349994620102,5.521645375878115,1.6868752684970445,0.3169728032733202,0.3132231198952354,0.0967306885873579,-0.000836309783455,0.8535059099943821
1074,True,,2.6425728242932585,2.0125547818792713,0.02,5.329238318636513,0.0547769145266232,-0.0472979610072995,0.720620198993819,0.3370754210236782,-0.0263021233339946,0.6103080005858309
1077,True,,3.875740160080287,5.740973035755659,1.0580469825711525,0.05,0.1032268336554663,0.127444983153036,0.3602931259180404,0.0122607860881728,-0.0001683404192288,1.3581849434576156
1081,True,,5.496180532860604,0.9763770754020172,0.0200000000000008,5.739262073193682,11.295572211410754,0.1986521186442149,0.9800679772562922,0.1766544956953157,0.0125046895504731,0.7910198725191049
1084,True,,6.61122240387307,5.3081758804433665,0.49121537818742,3.146125487422473,3.466746939391382,0.4650324531736679,0.9531586708257048,0.0505669860713836,0.0055891616920407,0.9996875834682416
1087,True,,5.539661912479319,3.7803826603521906,0.977830572971621,0.0500000000000002,0.05,0.0482241093419917,0.4313955304596911,0.0408166438494172,-0.0037352386987882,1.1515649467456774
1091,True,,3.712781678609352,3.5810782197083024,0.6707288177896988,0.0500000000001109,0.0500000000000005,0.0633605435177079,1.022014495153694,7.873735873691205e-17,-0.0003917102362554,1.0505154622474304
1094,True,,3.1945655926744108,2.9367586801784777,0.1570517062723255,5.585920019322695,11.1704809556629,-0.2653995744744638,0.6536169175346348,0.0795574743653535,0.0009938241159342,0.7174522111633291
1097,True,,5.994342676211112,1.132767887185259,0.7382947928401868,0.05,2.478143720603129,0.1752776231569595,0.8031275822391704,4.582123391407671e-27,0.0001982628700523,1.0254181847134134
1101,True,,8.79172838101154,2.0606372547049525,1.7717445742706683,0.05,11.944207810936325,-0.2405229062917076,0.0009053718629686,0.0972487096982003,0.0098118087949312,1.2501637472267697
1104,True,,3.080082285957398,2.206388447343745,1.2348524801712228,5.637534103028596,0.0500059396802772,-0.1848072027184208,0.0162520038837897,0.4259841402624969,-0.0153930525882066,0.6295229389666288
1107,True,,3.54797231998609,1.6999597265077075,0.923978394195119,0.050000000043556,4.072927659692981,0.1794699642346765,0.7785297750473705,0.0490363465632259,-0.002037703742493,0.91815190237059
1111,True,,3.4847197844208684,0.1291885563159011,1.1481513202330134,4.281928602886583,11.973965465583902,-0.2935400524119179,0.9828956954076516,0.2198180969297622,-0.017454238214335,0.7548376280083007
1114,True,,5.016175550643189,1.8829297973776664,0.4448792232923921,0.0500000010145958,0.0500000000759024,0.3758036954356319,0.2738144056793216,0.0628626980523603,0.0010779089667538,1.1326122513199302
1117,False,no_convergence,2.4320031036589627,18.891889656849205,0.0200000000000001,10.632297012079734,0.3458227210041007,-0.0120944636305281,0.8149327690876313,0.1890338775879804,0.0160810064705395,0.6016355057997262
1121,False,Gamma_at_bound,2.3552917036128975,39.99999497364235,0.02,5.548066013770946,0.0552072753005878,-0.3920222631514706,0.9752833081333148,0.281431662611526,-0.0253040715882875,0.4137633018087721
1124,True,,4.6115991426849305,2.5660474798668305,0.5274003930161455,0.0500000131726903,0.05,0.4778602233513882,0.7434835213214659,0.0040472594297196,3.63295598918468e-05,0.9973975960043756
1127,True,,10.29677670685019,0.5559626827841588,0.6718073643952421,4.624656407705096,8.83903876342451,-0.0698268240571293,0.790067728227621,0.001941299258747,-0.0004583205226454,1.0033634426306035
1131,True,,2.4997891572622475,5.403157654403697,0.02,4.828282828190428,11.629270126164226,-0.4900318101766771,0.838630572006493,0.2370285714567273,-0.0182432847974476,0.5663136574230447
1134,True,,4.600444840895609,4.253743430546927,0.9894122542998302,0.0500000000002889,0.0500000000002338,-0.3809065402912321,0.5691267264896465,0.0149380754763278,-7.01780210351713e-05,1.1511000414909074
1137,True,,10.817101669026528,2.0784945108517876,0.8949006480786786,0.05,4.486807842785007,-0.4405050311580547,0.5491690062240501,0.2123324161795171,-0.0121297188224745,1.0143284778698451
1141,True,,11.440344049988967,0.5006905158666102,0.6881981915004504,0.0500000022382135,0.0511702709000179,0.2458104099697447,0.5593302612708658,0.1104440182745341,0.0016123426976039,0.8970268090367167
1144,False,Gamma_at_bound,3.98032456740919,39.99999658674229,0.02,5.125721772646126,0.2415036051387795,0.0007430020535749,1.1883889511994596,0.2755981943159488,-0.0248779900424339,0.742528184980195
1148,False,Gamma_at_bound,3.1100915665148623,39.999999999889326,0.02,5.019622348532375,0.4171032234533761,0.0452901620999233,1.1484451223671897,0.2867215925518874,-0.018703360770222,0.5481407682955152
1151,False,Gamma_at_bound,8.113025862275569,0.0200000000239639,0.0258469863957879,4.8865795896212685,2.698043891930186,0.4665738948885505,1.5170694622351395,0.3274901330683824,-0.0301015972613593,0.7895222363650582
1154,True,,10.44833478183315,1.2810020540582794,0.829830513616819,0.05,0.2541017741090465,0.3200831905145275,0.975351355446058,0.0165932522834941,0.0001977134242244,0.9814191994735462
1158,True,,7.890891793586888,5.636485823643701,0.9290902830421418,5.47545655030509,11.674304359917944,-0.3054039759394341,0.9686277019214504,1.6043415478357885e-39,6.048157499520904e-05,0.9850731980164272
1161,True,,3.508418861579985,8.55604460707328,0.3296657532580771,3.3640338470372786,0.6886360723365997,0.0362139531857298,0.9853204695163116,0.0045086305734429,0.0002826222293104,0.9884689128790816
1164,True,,3.8188737406599698,15.670582066444062,0.3369351831085423,4.534460270252968,0.0502656807593772,0.262015685227788,0.8751828606134158,0.2896500781169212,-0.0065014533682344,1.0110364846848707
1168,True,,3.5523883400312326,1.7186512162632497,0.907656040951852,3.75278027795442,0.0500596334665125,0.077288355075855,0.8733560041456632,0.0181585161980044,0.001472915849758,1.0183523031399502
1171,True,,10.011485924421352,1.0308683435571695,0.787530123231357,0.05,0.0501785189610508,0.3827872998631945,0.8641423839146176,0.0308010369558143,0.0002201137411189,0.9909020578421408
1174,True,,3.7147787333965874,5.7230414427377605,0.2923427142628173,5.197627426636818,0.0517139775465469,0.081165513310993,0.7206097452059936,0.1171203301851635,-0.0093274271207663,0.8375312092586247
1178,True,,3.494549442669731,15.174750158119236,0.02,5.506806970713239,0.5540494068150985,0.0992054597733801,0.707175690323537,0.1382845069607602,0.0125484547039927,0.7212745217929365
1181,True,,4.140301673476207,1.8703892238008024,0.8316728620121951,19.999999999999957,0.05,0.0722820728897421,1.111977840705777,0.0034357272668343,4.973596759689772e-05,0.9749987909414828
1184,True,,4.037945342617384,3.4816562490323717,0.1555116133610448,5.499253374346041,10.605218411968906,-0.0170440644216184,0.5731445132095707,0.141438049025848,-0.0038981303102958,0.8105212514358179
1188,True,,3.913299081388889,7.368942188108168,0.0634736398777306,4.422319207230034,1.0933253366018765,0.3549568394314865,0.9078116394593578,0.1692935995784052,-0.0031789384423211,0.7864466729538604
1191,True,,3.520026790776292,4.983384026696901,0.1452448138677769,5.450097845450591,1.1699124871549014,-0.2803319922946038,0.6909894361045689,0.1005353795272718,0.0078825353702327,0.7808371130150759
1194,True,,4.809922063507609,3.8858009814246497,0.1535461460293057,0.0500000000022542,0.0500000000000096,-0.0578685827188112,0.3089616575446351,0.0035486708470353,0.0002277412474234,1.051434967885399
1198,True,,4.863131336699365,1.2248207215718947,0.5924985859366108,0.0500000000495859,8.666059450196407,0.3041837758320596,0.9694084377896056,0.0628712662693741,-0.0015848901000376,0.9730546365490998
1201,True,,7.774252161190572,4.571927591747567,0.5187800079694724,13.572841333615893,2.521466674279,0.0082905545151048,1.0246021043941973,0.0491302836814852,0.0021320870042765,0.9173984868230282
1204,True,,3.699412905131083,7.494336167421913,0.7331097323742123,0.05,0.8200643341903812,-0.342759114854679,0.7964672450822344,6.448242955267732e-40,0.0003910045779489,1.1163216388962367
1208,True,,10.778823582729382,1.98620925082232,0.2338475759595221,4.737058676641968,11.203159582726142,-0.4429455008724797,1.2400111108496363,0.1849865080491135,0.0094716084918025,0.9847396094334048
1211,True,,5.7236069754916254,5.551380880782455,0.1298371577594906,0.0500000000474165,11.999999046882904,-0.3038831238690824,1.1496141389407406,0.5582354660318956,0.0391677421658276,0.6777033135787794
1214,True,,4.911993229123513,0.4355812804904683,0.4622269926007632,0.0500000000000003,0.0500000000000939,-0.1847766812183055,0.4940756036266177,0.0048683405117318,-8.528443741125781e-05,1.076658473238709
1218,True,,3.988805438130568,2.604150202687884,1.1577165673383707,0.0500000000000017,0.0500000000195899,0.240732838395775,0.6672678967699788,0.0326084966114147,-0.0002887046066246,1.1006292039305394
1221,True,,3.645663330315146,9.570410183145851,0.02,5.212524745794717,1.386926338703702,0.0399730421834259,1.143333667304453,0.3078061501888046,0.0250070250506755,0.6318889579998281
1224,True,,8.375153633534758,5.390606358943644,0.7010754075048806,0.05,2.1116765006907,-0.3482840596303529,0.548626308333978,0.1045815799280891,0.004250326146567,0.9386902254209166
1228,True,,3.7132656948795058,3.636933475014656,0.6291157704534408,0.0500000000000044,5.167844806798184,0.4027028862949933,0.8841156592237139,0.0080930380782499,-3.9152409320510145e-05,1.013953158670646
1231,True,,4.000996488400252,5.8376475468235185,0.4750364257196315,4.780655886132732,1.7938264081133986,0.2306754286247527,0.4812313984017473,0.0609752835676891,-0.000650085541283,0.908314966878372
1234,False,omega0_at_bound,14.999999998620218,2.8499135181800868,0.9056603549079368,2.3546145330026085,9.560386664390313,-0.1611864290221701,0.7693637609671966,0.0633949390924306,0.0149868521635231,1.990799555334056
1238,True,,11.43777344832681,1.6916679327606157,0.5380521296346729,4.252551210504986,4.883298037178413,0.2188175871392089,0.5628007663772263,0.0198639850815982,-0.0014730327170542,0.9386973255978076
1241,True,,3.855467753284407,8.807123175288535,0.02,5.327406531684361,0.9715510972878196,-0.19826377116824,0.799703094301381,0.3695896055807608,-0.0314833921055655,0.6122528765995622
1244,True,,4.675188908990172,6.493160047765397,0.8700123739094585,0.05,0.0500000000000039,0.2574530468496373,1.0015699958450108,0.0280030665815742,3.109637940010692e-05,1.1478526830202402
1248,True,,3.507970746628613,20.622329471383715,0.02,5.452069579680128,0.4919973657797342,-0.0510733979699732,0.7491288734208172,0.1461924099968023,0.0130475361728739,0.7017308433526881
1251,True,,2.811455323953739,2.893022780186714,0.02,5.4498743174956195,1.106118301028539,-0.20120919282228,1.0080166513225643,0.0947944594924865,-0.004619927248882,0.7313086592160742
1254,True,,4.341178086653793,5.224815581181888,0.582953831160674,0.050000000000008,0.0500000000001685,-0.0151719942598147,0.2409213036643584,0.0184537843064277,9.109816945120354e-06,1.0459801736347032
1258,True,,8.666342600082656,6.114404934958487,0.5833355318236825,0.05,3.0811679643752043,-0.4036957131350595,0.2180816074954858,0.0807746546609413,0.0082688008031956,1.1216717051798604
1261,True,,4.697039916383337,3.957083457058459,0.5476152598430954,0.0500000000080276,11.119361431162876,0.1068883900063293,0.9842774754324816,0.0877894632503082,-0.0065435045948681,1.006528594614212
1264,False,Gamma_at_bound,5.039670908009959,39.99998774750289,0.02,5.441592565756459,0.3257581138971112,0.3432224828518299,0.847184017920088,0.3989200729389855,0.037793232361981,0.712508017705214
1268,True,,3.266122967083373,1.7913333874886208,0.137524310007516,3.242251856463947,0.0500258692056162,0.2882137102054126,0.9570412332652743,0.3324497021689785,-0.0228584589496917,0.6384957827620756
1271,True,,3.583844929192572,0.8046005883988945,0.0540215813405127,0.05,0.0500000000000074,0.1337108111721986,0.076683717804832,0.1486044595927869,0.0017019168005149,1.1137076462657152
1274,True,,5.893972392061492,2.018413688640166,0.6455863866152188,3.23820795552347,11.9282425919789,0.0486628827569928,0.7597437078748761,0.2140897424557331,-0.0148092147451229,0.864135316929033
1278,True,,9.994392307985487,3.787615028617278,0.6236576074126329,0.05,7.91680641928674,-0.133287631326616,1.0879781327610836,1.5175511388182597e-21,3.725582966875176e-05,1.0330502468322982
1281,True,,6.474737046497442,1.3411529859323454,0.2310521002370364,6.088533326458028,0.4943623345584026,0.0616006769541947,0.5594109627935021,0.1816204612159589,0.0155560847327007,0.8186050216117715
1284,True,,4.67368212561567,2.2825600406972115,0.4658288909530313,12.745373248718517,0.1097500000000002,0.169540481890256,0.8911357752778606,0.0134471334629564,0.0001789024841346,0.9522767227129374
1288,True,,4.2473661131984075,5.714526885954399,1.047542259797618,0.0500000000000093,0.0500000000000246,-0.1753320772782795,0.3355022658192884,0.0748782143864836,-0.006390129883873,1.151013791812017
1291,True,,4.53037299248269,7.559649317364024,0.0281933949669466,4.995113146189934,1.53918732868056,0.2798202910603377,0.7983062703785282,0.2595223733651819,0.0131260971503829,0.6777221394284304
1294,True,,5.896315634764189,2.356308175713,1.0244731416879218,0.05,1.4895522258338871,-0.2717835775945403,0.8711952323388468,0.0785801435935487,-0.0067700314764871,1.0297272074749213
1298,True,,4.830563918118687,3.3654160378622944,0.4868142749190144,0.0500000000006873,0.0500000000000258,-0.1889803352505811,0.7081475034512347,0.0116576185538752,8.805639715773252e-05,1.0396069040175857
1301,False,Gamma_at_bound,3.6418772655754834,39.99999999971521,0.02,5.714568507949821,0.4572968939462415,0.3514244014312934,0.7267105702477167,0.3834947707533687,-0.036104227418203,0.5860108803790718
1304,True,,3.752316583515532,3.208219857677302,0.7046149501640384,19.999999999999996,0.05,-0.0032522769244072,0.1766800600770124,0.0127338789174582,-0.0018464481628286,1.156410849931616
1308,True,,10.64639601493709,0.0781796671880723,0.6312386218164948,0.0500000000009922,5.601894669680872,0.4653688814031921,0.2505202047042092,0.0022289419205235,1.024566857999987e-05,0.9966353811497588
1311,True,,3.8729611994242785,2.144775559726155,0.782133024865298,3.3251300079178714,0.0500004615029696,-0.0314522712776696,0.9570744973410384,0.006308799271475,-0.0002975365980362,1.0848816506308376
1314,True,,9.52688595088089,3.9717383491816047,0.4514561829314124,0.0500000004140627,11.999896339466396,-0.4792672108482839,0.5434695522261616,6.025167693167416e-14,-9.491434121346592e-05,1.1854016648477856
1318,True,,3.4750178180485265,4.74149121117004,0.4594792520155788,0.05,0.0500000000077068,-0.1508279867085974,0.0255783066831561,0.0506984015028723,-0.0037989860780768,1.042617505878864
1321,False,omega0_at_bound,14.999999861947735,13.61806042399917,1.003590898805178,9.032557585440813,1.4863071376490526,-0.425381375609912,0.7539424846718814,0.0175098459539838,-0.0017092336793708,1.6271914069769784
1324,True,,2.8016821938674985,1.65464795396606,0.02,5.707694051007385,0.0541503967848299,0.399511102668011,0.6248165827101206,0.3199520298437587,-0.0231152667621103,0.5755402919879783
1328,True,,9.099892420048322,5.748920912454268,0.2628190227644284,3.526916163489247,8.245151600602725,0.0826401491157741,0.5487039224767778,0.3350519293333666,0.0273801678609208,0.7541065277893663
1331,True,,4.583368611618335,5.454768104828274,1.010144314329868,0.0500477407931259,0.0987275766410694,-0.1281710733397586,0.0516806275456216,0.0800642111356668,-0.0001669730734127,1.245836954456287
1334,True,,5.109738171721997,6.6979921814209735,1.142948086715684,0.0500000008124916,0.0500008587959112,-0.0647646381787867,0.2120619645320386,1.1667281283100942e-14,-0.0010516898363828,1.3517872904770885
1338,True,,4.223072946395055,6.108052670720829,1.331786835540424,0.0500283446554504,11.729592219886342,0.1953641536457948,0.1167235356181405,0.021779747716169,-0.0001992434963282,1.3287625184812053
1341,True,,3.8928464073847135,3.49239728179225,0.6577175425146434,0.05,0.05,0.4973401018866458,0.2601392574687244,1.1532866887269931e-19,0.000113739149009,1.04044372964258
1344,False,Gamma_at_bound,4.315042852044214,39.99999844289396,0.02,5.536782340091402,0.0575405708346286,-0.3504941706530128,0.878074860277528,0.3361539009886118,0.0318771334508674,0.6443564814161996
1348,True,,4.079247767461452,3.864809698178578,0.3449913005727836,9.482225174403393,8.85284019526847,0.318985559946361,0.3790517456077611,0.0062334703047518,-0.0006331431592809,0.9759777146005648
1351,True,,4.28276500749075,3.413247756439515,0.5677170462398619,4.4145753204870495,0.2641275617993994,0.4018667488162881,0.2112960950313333,0.0819398223210358,-0.0065631409146457,0.951601589945796
1354,False,Gamma_at_bound,4.533360785832919,39.99819018096722,0.02,4.9903437823729435,0.4092067331514294,-0.1008448895973194,1.1517353453097825,0.2720825100720759,-0.0245495170139055,0.7671303433586844
1358,True,,3.8397156651961337,3.918024910543059,0.8196255165717155,0.0500000000000063,0.05,-0.3554197456540037,0.4014362601348569,0.0026820457346725,8.240406574194591e-05,1.073548524802606
1361,True,,6.280500122462375,0.6339799943823822,0.1218442697362615,3.6888870279624832,3.2013261277895877,0.0126105403833483,1.0185107952655548,0.1327584071800981,0.0116485343640207,0.8915763186569569
1364,True,,5.50090399088092,4.690098292356429,1.0883463754284304,0.0500000001476174,0.0500000000146683,-0.0048163827173553,0.3706243370838399,0.0067378458568261,0.0002756344587859,1.1227598490060156
1368,True,,5.398534897101443,3.448923905030621,0.7196703619707345,0.0500009289322771,0.0500001751115133,0.3969476258190302,0.0144075465243391,0.0179745553974406,0.0002440146303349,1.0461051891638704
1371,True,,4.636427427765549,2.204782484639606,0.7000828290942375,0.0500000000001315,0.05,-0.4073427038895723,0.7377217035690391,0.0045451949997802,-3.386841431331171e-05,1.0413466995109395
1374,True,,5.635377251884641,30.800076808697927,0.02,4.690407630895278,0.6665699972928106,-0.0747137205855219,1.315416338539467,0.1862215089317724,-0.0147536969734454,0.8567915959716353
1378,True,,4.3075750614138055,5.080607398860601,0.4150885530164651,2.422542201954121,11.999999999998762,0.1583009330946606,0.6942627030291955,7.556087866612773e-14,-0.0002069874608947,0.9823579143436676
1381,True,,6.4658844296317675,7.477117563538004,0.7864116321718545,0.0500000032797531,0.0500286136421994,-0.0132858987240687,0.4239409465880869,0.0198166891742029,0.0003880326378962,0.9936470153388316
1384,True,,10.19109910687212,4.469240111172605,0.5147291447057117,4.534412456108331,11.39553698311778,0.1939409814977616,0.9108724282357572,0.0356665267063237,0.0037308356173345,0.9901311712764124
1388,True,,2.5527459025303187,1.4144958483693113,0.3287061392067754,4.176109930659262,0.0509816518846211,0.6681775084727207,0.95136451867913,0.2950165721677166,0.0236779412587352,0.5768893494538117
1391,True,,8.413161644268236,1.557828105900943,0.3856194110547105,6.151801588814074,5.3033607999425465,0.0508406547018646,0.8644946609264678,0.153573896434583,-0.0109764161412594,0.785824799355153
1394,True,,3.6689821167934302,7.197890538398865,1.2780774082497577,0.0500011296317956,0.1153484108043287,-0.2228179025394683,0.020304774748561,0.0137165790841042,-6.833482399247833e-05,1.403176838624843
1398,True,,3.1629906471636384,18.08709023147335,0.02,4.790450163561215,0.292245286939328,-0.3750819468883208,1.052992635395762,0.3380601810117862,-0.0118983399697365,0.6569279683179678
1401,True,,4.337689130753032,3.454525725470603,0.1498348605191572,0.2301364250239615,11.999999998610503,-0.053272929650554,1.2161112906884537,0.3048553217187962,-0.0204312383396206,0.7330785976478197
1404,True,,4.45098147256348,8.926164782009353,0.6899175787973971,2.452378376069818,0.0500000012738986,0.0358726651589413,0.1800277989935703,3.2042503389258017e-17,4.82616713645092e-05,1.0079903226459237
1408,True,,5.788743309008271,1.02673526817187,0.5669109400606032,5.0782675750205,9.120472107184844,0.1589417049225495,0.856234335292885,0.1735485115812873,0.0054907367114036,0.8988951752340477
1411,True,,3.78346053975202,6.059833841731139,0.7166731082809893,0.0500000000000003,4.88146792475532,-0.3764089883337148,0.3487633420809972,0.0107341327345474,-2.133711649049502e-05,1.0745664943888955
1414,True,,9.458787839148282,1.189087138508919,0.3304347348572631,5.651088302873379,4.689449836990501,-0.0224887488213033,0.751055139189911,0.004112149284083,-0.0011019197578004,1.0054350582790037
1418,True,,4.680523562583666,1.7571757250797406,0.547449005758593,0.0500014603379824,0.0522100009371423,0.2024015359717225,0.7263816220091064,0.1734803873496829,-0.0135787389275019,0.9954058061096952
1421,True,,3.1735057898702856,6.121199004592488,0.744850294503853,5.497167329418416,0.0503451033514173,0.3464113600246651,0.4678142577027893,0.1117325059083417,0.005013763221815,0.910066769229468
1424,True,,5.200618130024194,8.835473793353943,0.0504941432450031,5.464667996820085,2.491046254000044,0.0657888585316366,0.5104882297397547,0.2227310253976085,0.0195124698079308,0.8242399485352123
1428,True,,4.125742151023621,6.427658744312024,0.5898462119688147,0.05,4.5241685952835455,-0.3603367278522422,0.7352490833706926,0.0139715630816146,-1.7409280596616897e-05,1.068331509832653
1431,True,,9.887501752747568,1.3407083485916622,0.6286698636752193,0.05,4.440022592947904,0.014523975411255,0.5233574024538998,0.0237292121400413,0.0002320401660563,0.9331012533339188
1435,True,,4.775976180585473,2.2780781290176595,0.2243894967421283,0.0500000000010591,0.0500000000018918,0.4374820554721696,0.5044248505310266,2.4963905390919983e-14,0.0001064673603302,1.0223582217678806
1438,True,,4.166247274113296,1.8686316616246952,0.2867202205655174,0.0500000000015133,11.99999999989218,0.3970397639207382,0.4378486993565484,0.0208391356452061,0.0002840181959493,0.938147703059501
1441,True,,9.61548526185102,1.2784731142777914,1.3385107781727152,0.05,11.998056316300596,-0.1207448440768012,0.0003863328742907,0.1325298234597828,0.0011775919848513,0.8438139046318792
1445,True,,7.448143378316798,3.653199502867592,0.5167921901339424,4.033448889128033,0.8869957354257378,0.1046789383893174,0.4283120666549346,0.0468045654802142,0.0042149124719188,0.9563731340128174
1448,True,,3.985426115676012,3.927279191272656,0.625448138747824,0.0500000000000001,10.899232895856658,-0.0049222369145972,0.3264975396517812,0.0191410062983105,-0.0002815402835469,1.0151534600554968
1451,True,,3.715945647969287,4.217232882643856,0.0941627274061178,19.999999999999996,0.05,-0.394928499966255,0.5432037918416529,0.0058638054604744,6.762849311988582e-05,1.053137777387152
1455,True,,5.0605772956213855,2.015074851537954,0.0846041771332291,2.454171462719735,3.6718704276521903,-0.1234871751748951,0.5503971498269555,0.2418397282403814,-0.0188691014155989,0.8694101963594689
1458,True,,4.802874663825308,2.392193212214645,0.5980015712582104,0.0500000000000085,11.999999999999996,-0.3290260180670114,0.3891686428659505,0.0071785522759191,-3.258039922857639e-05,0.9892729422516164
1461,True,,3.671597781273432,3.931184830229232,0.9695156944905238,0.0500000000004938,0.0500000000000208,0.2360110896239561,0.7917888248264834,0.0211844009425312,-0.0002312817956855,1.121224455454223
1465,True,,4.619271136879631,0.971975058949693,0.6780498445260554,0.0500000000043268,11.999999999998805,0.4629878610297052,0.4904577948139648,0.003007416947117,-5.793793631845443e-05,0.9965220400626508
1468,True,,3.908391240336262,5.793493529540197,0.0452871808712479,5.397735391927521,11.37313810146954,-0.1327515277800662,0.5619424405087529,0.3363564831555982,0.0116465890866304,0.7741838035764094
1471,True,,10.197922612110531,0.8942243834506147,0.5289643492251972,5.9891649116913035,0.109749999999996,-0.1581494571652356,0.7744307958094473,0.0028919254033183,-0.0005719344975961,0.982763894532942
1475,True,,5.657064244907142,2.529079960461696,0.5875221102881151,10.32912970317213,2.021305420389457,0.0387698106493454,0.5573553448092817,0.2598857473887852,0.0168091260255791,0.9386477392634526
1478,True,,8.569289047853372,0.6203779806005749,0.0200000003531161,5.340270751586799,1.5133665240866614,0.4483593020591453,1.325017450872216,0.2153604962169479,0.019255111971127,0.7403336468790408
1481,True,,4.827820389384058,0.6638143347701201,0.02,5.897885415266313,11.995883308237431,-0.0528419062193025,1.0882675908227355,0.1923471286859525,-0.0144181380237468,0.7622755180306874
1485,True,,4.441870055464589,1.3549525747058069,0.3911755126047935,14.720488050694804,11.860395990230932,-0.1238283512649683,1.1889564970131905,0.0457114731476932,0.0068750344255532,1.0740821614993157
1488,True,,13.542446986789225,2.086895796999073,0.0243138970698354,0.0779557625758071,6.056486385065631,0.0467352477563861,1.7528341415076014,0.0897271541940134,-0.0222376498191393,1.474463812510865
1491,True,,5.707848385364203,5.382065094372701,0.8812400601977287,0.0500000000164084,0.050026191353897,0.0912355320045436,0.3649745075722023,0.0176034568244859,0.0017293647586205,1.0681915031554674
1495,True,,3.8369913771263855,0.6152210635158869,0.5351007412050256,19.899431135451017,11.999639557830845,0.1754847215083326,0.4985217923917159,0.0656577283029395,0.005266150828452,0.8593930381502455
1498,True,,8.853686247811137,2.2871994844745283,0.0359680064525916,4.648677252425156,4.976509594540962,-0.0195376637266464,0.4921341026194942,0.4117714648187544,-0.0304588141074808,0.5481598609195915
1501,True,,5.923472569527581,1.2535765016832705,0.470748115009609,5.269713196753248,11.941513005131153,-0.1062812585610631,0.6089554191833484,0.2710385630397299,-0.0205076193044815,0.7970497840407659
1505,True,,10.136121866472829,1.6172538092511752,0.9237184447028336,0.05,10.75122705047285,-0.0642428782985941,0.379936595363098,0.1608385356267196,0.0127204629870027,0.9241373550475136
1508,True,,9.638310181048976,0.8786824750488026,0.7321979587602988,0.0500004779076524,11.999965229942458,0.4274916563645637,0.5950080949332714,0.0055042277576836,0.0003060998561983,0.9894198048835702
1511,True,,5.013469196046652,1.9748297582940628,0.3394085273758024,3.1582146309386485,11.607341454791417,0.0632222008055227,0.5913045309184065,0.3073553300453794,-0.022748334172922,0.7925891078243708
1515,True,,3.755887925013456,3.849499397170231,0.02,5.6626945070904355,1.8404255893940176,0.349208891294966,0.7014920049425347,0.3951071013750805,-0.0308031556615568,0.6059110982465487
1518,True,,14.393636870216804,1.288678911675727,0.0383854778882029,5.23966954090973,2.867852633930685,0.2314936596137275,0.1968886463366645,0.2699829688908445,-0.0258858901618282,0.9376646059427448
1521,True,,4.131713721829588,7.001463776596786,0.2319823714669302,0.05000000000778,0.0500000000027158,0.1714664326363716,0.4152762325702743,0.129944358846561,-0.0106863829898075,1.0742326305333731
1525,True,,14.871417014277547,4.479491191939092,0.9118732197164044,6.93958747908476,5.435908108460034,0.2142295431220799,0.0226399047386253,0.1536719030330376,0.0091311728873002,1.280154670768327
1528,True,,3.82306921845666,1.5090998218312308,0.0915986368300784,0.0500000000001414,11.99999999998038,-0.3275649205410725,0.987835935915713,0.2435277145281433,-0.0116860538566345,0.7042729165610886
1531,True,,3.968535461428107,12.449419730393794,0.02,4.924640335524481,0.7170459503859412,0.3488465764490335,1.1125629379688613,0.1030985119761773,0.008428106477824,0.7955335113385148
1535,False,no_convergence,2.3223027811667127,1.6452908401809525,0.0200000000000393,4.9603557854629035,0.6243236131973009,0.0394698401980404,1.0380057779910377,0.4923712466572291,0.0388728133722716,0.4540356934535802
1538,True,,4.958006349222493,2.181768601754388,1.1830658336020103,0.0500000000069033,0.0500000000000315,-0.1691066795871564,0.8480875351960478,0.0681134242737344,0.0028112144702585,1.033158434348925
1541,True,,6.37584424660227,0.5777301265754878,0.1348209273539234,4.395122356642556,11.7936897118938,0.5000632744892987,1.1833194427525509,0.3251555203618364,0.0090658609068054,0.7915046627715175
1545,True,,7.557853870789043,1.6735347823965503,0.022845406175043,6.413413303155699,11.27234116201882,-0.0148984822178229,1.1253148567486542,0.4732529399248721,0.0353508308142142,0.5874644436194337
1548,True,,5.3158715679074735,4.381287863676103,0.2737860671779839,0.0500000000000584,1.61433024117337,-0.0859215106875022,0.4115365379844731,0.0058003258618395,-0.0001078804792825,1.0005551475682737
1551,True,,5.361796417438227,6.287803296665301,0.8072546310512018,0.050000000000097,0.0500000000006818,0.3399693460920311,0.7260330763463072,3.770731441738195e-16,0.0005421244651928,1.065562533950645
1555,True,,4.409175424742603,3.562282633582434,0.4576338098607024,0.0500000000164708,0.0500000000210214,-0.1994780832175865,0.7503980646735952,0.2156768422405836,0.017278359369095,0.8586032186181
1558,True,,3.610716455134604,4.25904445450045,0.4156022963686707,0.0500000000073753,0.050000000000004,-0.3133012678069906,0.232094674775226,0.0026470435145794,1.7895394258527068e-05,1.019888942548404
1561,True,,4.120802352174365,6.459738514077786,0.8284702275855665,0.050000000031315,11.999854070756053,0.4166622874584793,0.5410854554465248,0.0269243874750492,-0.0002042472602313,1.1585844695666745
1565,True,,4.5975063529433005,7.063005376224657,0.6569763881518503,5.255309534235151,6.090634967877529,-0.0982816262363215,0.9333060966302968,5.569128143808544e-24,0.0011348642442883,1.0937698869356316
1568,True,,4.681364797079296,4.686028890733128,0.6999064711334377,0.05,0.05,-0.0272495468100999,0.8272752196078041,1.1532707472680482e-22,4.24511522926884e-05,1.0349408244474545
1571,True,,10.81938772351839,4.651449168280539,0.2462358270395391,0.05,0.0506137832698652,0.3727204923677164,1.1530971866646018,2.9420175904131983e-17,-0.0001128631739447,1.1439362344080883
1575,True,,5.43617837898958,4.426648580349135,0.7099393361443777,19.999999999999996,0.05,-0.4084670205106774,0.3518585291160211,0.0043331383482602,-0.0010965809184533,1.0134039493899831
1578,True,,3.628023624184607,1.2814456011489292,0.02,5.372895028346792,10.663049300776828,0.2977596270967185,0.5947029329610954,0.3627463016507494,0.0052427695101634,0.6971098412958977
1581,True,,5.320628681691442,20.47052072567574,0.0200000000000181,5.667351023527734,11.40294615493793,0.3987777087972352,0.5136826065928277,0.2851270879991425,0.0270298817165779,0.7589322636443687
1585,True,,12.412569364026506,2.0078967592876937,0.02,3.1984580571024055,2.603273493855707,0.4303786261549435,1.3354595229152744,0.0340238370682536,-0.0150907766257346,1.517093762291487
1588,True,,3.778649492816669,5.288585316365558,0.5889520194082267,5.985401140759467,1.3641033870005124,0.3015093433389437,0.7749899540847279,0.0441583990982002,0.00392423703762,0.962574413472834
1591,True,,2.70727237765501,1.5257200253976084,0.02,5.205539132056517,0.0551509690970701,-0.349958500267931,0.7732333509296458,0.4605231998443987,-0.0354612883657499,0.5025776259445928
1595,True,,3.9686113398923974,2.9561629866934593,0.7414367989546162,0.0500000004289232,0.0500000001577314,0.3024139808781356,0.279196504656941,0.0111958025760897,-0.0002202886419262,1.121601725719258
1598,True,,5.919531798911027,0.8987860086949919,0.02,6.0424488155179015,11.999303865679089,-0.002683242511653,0.9348183034460864,0.3926184756944984,0.0320402289018563,0.6888269107114318
1601,True,,3.5490584074589475,1.7411956642172337,0.9525494147403476,1.3861874659750026,0.0500000000023368,0.0259745556933371,0.825254946900222,5.561554490647541e-16,-7.102871877875646e-05,1.0129840824371432
1605,False,Gamma_at_bound,6.092380786671782,39.99999508665684,0.02,5.4123634272634735,2.612632795305854,-0.19987958384783,0.9350490741043752,0.3425070748175104,-0.0300965981498318,0.7222740788208597
1608,True,,3.4846598594979397,2.6356322634484624,0.4980898366386995,0.0500000000003649,11.99999999999175,0.0086168110892315,0.6025059822252584,0.0108635829247957,1.9954489747065987e-05,0.935150807585501
1611,True,,3.743272305925653,1.7974159289593452,0.720765370466974,5.776523311293911,0.050005650146872,0.51018104623391,0.000539250110247,0.0178263463508986,-0.000685013795351,1.075991219773928
1615,True,,10.161501015014242,3.506831612083275,0.5030942100021072,0.0500000000000199,7.977889899480919,-0.2722720654998393,0.9570482531288452,0.0095484084910687,-0.0013109012687447,1.0867075803723405
1618,True,,3.662282990968857,5.4202517894957865,0.7974958158522358,0.0500000001333416,4.552946126505692,-0.334409377363356,0.2992670048936717,0.0017074600008348,0.0001096680292076,1.049168906244082
1621,True,,3.693405292137859,5.925481990189637,0.7127317247150975,0.05,0.05,0.1651409845565133,0.1453986312685354,0.0017682602085569,0.0001133562106291,1.0491621192592766
1625,True,,4.517091217877804,2.9656182050060687,0.5678604989263505,0.0500000026331877,0.0500000011248803,0.0907825379060037,1.0045821154358716,0.1408772060881058,-0.0119041241720787,1.024796435592534
1628,True,,4.231365133807443,4.45831480568789,0.5465820337316568,0.05,0.0500000000000737,-0.1574057691925276,0.5747006476860602,0.0811022151686285,0.0059839013707924,0.9917901346592212
1631,True,,3.6404676519122297,4.407181976736406,0.7728652031553385,0.0500000000007885,4.3141966960145774,0.1555744013256264,0.6143841949045411,0.0016325702076163,8.993445814201733e-05,1.0315669270128118
1635,True,,6.352810784770894,4.60715263108584,0.7740253504871237,0.05,4.140829430120103,0.2030708301603178,0.5714556802421802,7.616715027202008e-21,0.0006840657287401,1.0427032779626837
1638,True,,3.773037698981065,3.1071378717130247,0.5641202161564308,0.0500000013896924,0.0500000000000002,0.0567313064916284,0.2903433612501454,0.005736397204432,-3.592040835203466e-06,1.0162937830859964
1641,True,,7.270060904671451,0.4572326813091274,0.2110819078798259,5.535589088371412,2.108121139098857,0.0579667982929949,1.1047531749262376,0.2474329134932657,-0.0177572347479238,0.7490945628180867
1645,True,,6.260881286677559,2.0061350737374957,0.3302741049115592,6.367763914753224,10.897457737309397,0.1700476935722308,0.522465035821098,0.1125327283184846,-0.0074718753361005,0.8460248530745832
1648,True,,3.247505464379198,29.535021875975517,0.02,5.244570975106966,0.6221331230593008,-0.0509683221768764,0.8264677065024096,0.3721277451345356,0.0115501631260578,0.6802302683941511
1651,False,Gamma_at_bound,11.666503574138243,0.0200007723722518,0.3453656335658759,5.556071718836637,1.5712799099404429,-0.228188435985925,1.967169780088752,0.0744528334234947,-0.0312855076377177,1.493536059762916
1655,True,,5.915789532185579,1.3523074799107326,0.5781598427928817,6.812375175029441,11.988201474048088,0.3230835163033366,0.7855909013396478,0.031921772871828,0.00256620264811,0.961148241991431
1658,True,,3.4020137098657988,1.1249141424522415,0.02,5.093860398475202,11.79008606966512,-0.4537358006789097,0.792564591159013,0.4224123972151521,0.0315401031781829,0.5879632887781047
1661,True,,14.893541548907658,1.3855107429778442,0.4383904574826253,7.97139473339939,3.5976447915969656,0.415574489712376,1.33224980321454,0.0857088544652467,0.0181325181238518,1.9428456598334487
1665,True,,2.89878948685229,14.28480095828363,0.02,4.852441942737694,0.4831121155230012,-0.0226441430820989,1.0546395057839082,0.2529739208402787,-0.0004100174967407,0.6284737625429094
1668,True,,5.753396609413191,2.6425778348579607,0.8713229192873555,0.0500000000000548,0.0500000000096108,0.4562927700685665,0.6030820425168353,0.0070994766421175,-0.0003222156747067,1.1233196759142157
1671,True,,4.507253526150243,2.4717593150946024,0.8011915058096639,5.687991520070666,0.05,-0.4047477602280521,0.7054846627019715,0.0198728889529329,-0.0001959964214979,1.0650326602999134
1675,True,,4.422042765427477,8.083818105572963,0.780921530428976,0.0500000006098694,0.0500016547109876,0.0895415209722014,0.5202331554596508,0.003571992300106,-0.0004879141476898,1.0583686376691537
1678,True,,11.408592083823976,1.4012026676633769,0.02,4.82364824951805,7.563428747534453,0.3762040322645358,0.938894626302012,0.0629240635269745,-0.0158639146730025,1.3444879723941638
1681,True,,10.335809910732888,1.300405232411069,0.7048785155382197,0.05,6.493704248218041,0.2669494783952175,0.0007932527036391,0.0815030523028747,0.0002049423122113,1.018994360726875
1685,True,,4.45635085410369,4.76489087480746,0.7594145350568023,0.0500000000016363,0.0500000000168387,-0.3396622480802087,0.3611883317309822,0.0107065295648897,2.796367674189926e-05,1.0619375054674296
1688,True,,10.308919716701508,1.6722713406756402,0.3192457920404337,5.267607954309396,1.9014977745333423,0.2236063137214479,0.5861910602880759,0.2734944760032384,0.0098727056865187,0.9804380834157016
1691,True,,14.833188052142413,3.7143267152801336,1.3918297959253678,6.882433120509405,1.210491771014991,0.2744443662285301,0.0149186437398199,0.122170502180627,-0.0274743374881802,1.8299731154048016
1695,True,,3.717333826328791,4.404085622510537,1.252546926257491,0.0500000000000004,0.0500000001548078,0.1778039652260617,0.7694466739060556,0.0429009568782907,0.0027826800322863,1.119904070939591
1698,True,,12.246150324297057,7.82861562806558,0.2584897875127409,19.999999999999957,0.7804858376104207,0.4727017845747064,1.2307231037198032,0.0082645254972467,-0.0005081093527417,1.3871199013589337
1701,True,,10.07383393510504,1.4872732876141366,1.237987141906193,0.05,3.426636922960835,-0.2926767059605334,0.0009310918737767,0.0785518226353361,-0.0032623333275773,0.978449630594847
1705,True,,6.7415416993870005,3.191188147300525,0.333624427629122,0.0500000000002827,2.7852134437924327,0.1287306090286978,0.7293291421535429,0.0059483234515157,-0.0025033044042845,1.1849167911455014
1708,True,,9.093388760345016,0.4489250208305348,1.0143282583972542,5.738437683327477,8.429694108742305,-0.0337675951622402,1.0408682281187245,0.0537815450346548,0.0041581650910102,0.8830615711220844
1711,True,,3.3066685979787427,1.597313460200089,0.02,1.213889424030202,0.0500000000000416,-0.0265818342420122,1.2252329312779948,0.487571370430905,-0.0340638651337806,0.6162351012079544
1715,True,,4.491303152018168,7.461563621655978,0.9180134880341648,0.0500000000013789,8.446977903782424,0.007381293305765,0.5750707704061894,0.1340673842463893,0.0123345053783145,1.0234948683569434
1718,True,,8.984852070127275,4.279700198215337,0.7839350066515813,0.0500000000076401,5.055927477555777,-0.3522982160603885,0.5588050491125018,1.1733295981724078e-17,0.0004198600498305,1.1057618423776954
1722,True,,13.912325944277947,1.6547969663387307,0.0288657820209628,3.989011386624578,7.99362140727071,0.3953185976387319,1.215136855714539,0.1498334684987072,-0.0306267432455729,1.9068710396088315
1725,True,,3.890137466458917,4.812334715275352,1.031701958878536,19.99999998416453,0.0530517724623497,-0.09706152142353,0.1908698669322365,3.51049550256401e-22,-0.0003789496543567,1.2752268607180213
1728,True,,10.082271713245373,1.243515823636712,0.8531448256006237,0.05,7.045325368585629,-0.3564362406777029,1.0070789857612428,0.0291043176508837,-4.092321830017596e-05,0.9787981954279572
1732,True,,3.871429257128362,2.644412365763373,0.3307307421714641,14.721950812068394,11.820458729172923,-0.4233729704014804,1.060710395754868,0.0159483598903378,-8.605837934792165e-05,0.9828826105420468
1735,True,,3.858876936269248,4.354031472412673,0.1946003631199742,5.80963501134459,4.137974045734459,-0.5072298763012383,0.6307297148527927,0.0482915554398448,-0.0043152401956854,0.9193105875095088
1738,True,,4.074898544295009,5.887527474074034,0.2619217866314063,1.010936937689186,1.417097927273525,0.3776567296944166,1.06288465681131,0.0482312948409464,-0.0029516268140586,0.8934179976306343
1742,True,,4.619000196859227,12.332065631663228,0.0200000000000001,5.462714348702683,0.9369961823009316,0.351068384391026,0.6694254220744165,0.3500603575955606,-0.0311324370280851,0.778915193551146
1745,True,,8.478656626264296,3.518349789615788,0.61550070002994,0.05,9.485263020300753,0.4084361367877978,0.9981162536483864,2.266048148821782e-21,0.0007705703876482,1.035228379140427
1748,True,,8.463121331567656,4.193219906611197,0.8977070982190597,0.05,7.042009494228523,0.3075015058900864,0.9465060343576582,5.8681941277105115e-18,0.0003397168528983,1.1321139403309168
1752,True,,5.178791481679881,4.76283415238293,0.2466987449828177,2.1851803313184757,11.104428249626611,-0.4718927548870011,0.8017697069836812,0.3751996661099061,0.0273542939097887,0.7296098756784193
1755,True,,3.776125273477758,1.2444683991840435,0.686883299054576,3.0654560793714856,2.804226381170687,-0.4641256998013414,0.8422360439840819,0.2824902844677313,-0.0214215727581197,0.8455365572215
1758,True,,9.131738025506971,3.267770104468247,0.6076458858419589,0.0500000000000681,3.0898671478721034,-0.0555049865689991,0.3920818196189697,0.0287782040973526,-0.0006797999018988,1.0530498625143008
1762,True,,5.070478294469362,4.571431822666567,0.4595253137072106,3.740619047129509,9.41403352389214,-0.4154351711204885,0.6442108705367308,0.2090402673472755,-0.0170174855623146,0.9552333011894556
1765,True,,3.662561945669879,5.065297931877564,0.9307901137931234,0.0500000000405526,0.057421574741265,0.3523898051084354,0.0664428982470048,0.0158495411232615,-0.0002131739893685,1.1683997561661887
1768,True,,6.428083265131251,5.864358332324542,0.8909198470797468,0.0500000000000007,10.420330330431032,-0.0944045967064463,0.3134885223441997,0.0227005196701051,0.0004626069634518,1.1464913807896435
1772,True,,11.61896135183385,1.3660668945996828,0.6981381800380602,6.171232640399566,7.405637660848071,-0.0261893166507374,0.2979554165273342,0.0244190632664667,0.001415511576504,1.0146520955625369
1775,True,,2.9055203267630976,2.6483617658774827,0.1445939753312525,0.05,11.999999999047574,-0.234196971200686,1.0343356962864405,0.2064092694761504,0.00576259541208,0.6879919297860717
1778,True,,4.452709545441951,3.355146004570825,0.2339114812978426,4.1855536802914735,0.1097499999999535,0.0022463381651596,0.8968375471705949,0.2352034712855129,-0.0177618690886557,0.7601435246505478
1782,False,omega0_at_bound,14.999999999998412,6.1577150745732805,1.1704138622834817,0.5942105929193078,6.712341054548577,-0.1650758910505244,0.3988563474953545,0.0201999709754381,0.0070152463840712,1.6873382747846108
1785,True,,5.948651528505305,5.528454387914061,0.5030924286230354,2.8486751040913187,4.59204512408431,0.2033037770217647,0.7152061212991387,0.0595959930808626,0.006106891046725,1.0076455134772928
1788,True,,3.627358741995998,3.357400999427598,0.5977369456381582,0.050000000147069,0.5451928140273193,-0.2407872421291974,0.5536824482642425,0.0087206408435311,3.562951231459296e-05,1.0024104109646337
1792,True,,5.71362154540897,2.76882360283713,0.7338856994675043,0.0500000003120268,0.0500000000135316,-0.1439599964663956,0.2312393243223132,0.0154676824146558,0.0009001461735239,1.0622917350464138
1795,True,,5.753108618326858,0.6299662108791907,0.02,5.921518414050184,11.680587089197036,-0.1026177051159182,1.101962332711444,0.3065836408524486,0.0222665814761921,0.6983533293936761
1798,True,,2.2382148440269813,1.528434980738804,0.02,5.605635747433372,0.0653992090746952,0.2458983587682602,0.7897073683024929,0.4957718512999716,0.0380472742473348,0.3522305560875479
1802,True,,3.638161133896211,1.4979350037370365,0.02,7.435167296772598,11.537742615628076,-0.5546219732424206,1.1624471870416346,0.1849199008522362,0.0140901479634732,0.8481271494789446
1805,True,,10.567887427089516,4.032958009447686,0.4652339999872566,0.0500008312869124,6.471732554343853,0.4726227476163949,0.621621915661208,0.0737051999441063,0.0063776766260379,1.1670022661285542
1808,True,,2.466757332694986,2.800454291722776,0.02,5.985949851422969,0.9499037897416048,0.2967887356871157,0.4965695139945772,0.2201523049963609,0.0189608812003024,0.5367695012487917
1812,True,,7.7770490145865905,5.514100246086614,0.7389426034415894,0.05,6.066450576860331,-0.0152854965142031,0.4615209106790486,3.1746667681083693e-21,0.0005520248481866,1.0544927319921684
1815,True,,10.274790863721352,1.757706560592652,1.0794799086324531,0.05,9.84698836297914,0.0843857958139214,0.171932537011066,0.0185965631153406,-0.0004239274080897,1.0004207675761256
1818,True,,11.11699453749648,1.1979799590678262,0.6379794520161514,0.0500000000000101,6.650179661138072,0.4629827904177642,0.419795459150445,0.0643043322357637,0.0046155540337366,0.9355645362369884
1822,True,,3.0170185912970577,9.309700073441004,0.02,5.470557740537413,0.582664107498104,0.4997250422678303,0.6192994880642255,0.2939403426498228,0.0116462904328407,0.7640091121680648
1825,True,,3.956495681019152,22.68721992419402,0.02,4.931250495369059,0.56260388798508,-0.0793706894111176,1.131895682144778,0.2036480290335867,-0.0182929397706973,0.9306278615257428
1828,False,omega0_at_bound,14.999999999999998,2.4639917670118683,1.1427403218150645,0.05,6.1318335766308465,0.2376574625240643,1.1679447005054155,0.0628325226180779,0.0183616692704789,1.997722604064272
1832,True,,3.1272584009782407,2.3383797086508404,0.3418619343603037,5.655107325117811,0.0501371331256274,-0.0494890327414529,0.3736099968349071,0.1032524705804383,0.0081767439284809,0.80570083589437
1835,True,,11.393474790134974,0.5599307938241308,0.312291641159178,0.050000000003373,11.99990668267936,0.0182312808484306,0.7871786755700293,0.0356095508705251,0.0007500045614981,0.9316619026889306
1838,True,,7.299885215312048,3.491593825798782,0.3123373756155294,0.0500000000618296,5.097825828492375,0.2639045646697271,0.868978357972358,0.0140588303279624,-0.0010999666480617,0.9776043201423874
1842,False,Gamma_at_bound,3.5966465621643686,39.99999999999999,0.02,5.906132085033488,0.1257760371150899,-0.0511487878929998,0.5192263269357269,0.2840364383542954,0.0292125698291475,0.5654441632241097
1845,True,,7.188108771044346,10.47628190049704,0.4467357229053547,4.699045254252808,10.719574399394409,0.1747732158953314,0.4715086073168034,0.2181567175062262,0.0181597766832377,0.8681662963292237
1848,True,,4.396339502412638,4.565725125384685,1.22289061004081,0.0500000000005313,0.0500000000003934,-0.0508485335566203,0.4354052604554138,0.0097458778123495,1.955301593470143e-06,1.1187108749408547
1852,True,,4.102186437983718,6.438072089225618,0.5955054711374245,0.0500000006061492,0.253786392279776,-0.1482406943935917,0.591058536066347,0.007219264775625,2.867673013060822e-05,1.0401078079586816
1855,True,,3.5907521824195565,2.2303359573695287,0.2719679931256013,7.896313572125552,11.925602370961489,0.3628858296131838,0.2856554099478435,0.0941603876496523,0.0071161640226708,0.8363387570648569
1858,True,,4.464743427824258,5.087866149772956,0.7239161741226505,0.0500000000000001,6.141372792005053,0.1563490743481799,0.2475813172490862,0.0111696862617603,-8.990997681506758e-05,1.0076744281007808
1862,True,,10.621362960931943,2.9761443199504254,0.5931237225856081,4.923448652211142,11.09965123317256,0.4277526514043548,0.6415932717919732,0.0087933241411475,-0.0003584216288936,1.05087285199761
1865,True,,3.322651896206834,1.287745983932721,0.02,5.588981312771726,11.113336315092624,0.0463125864414638,0.6651417689592044,0.4819351341156147,0.0377240709363709,0.5751283599789955
1868,True,,5.217878816156312,4.028239522628586,0.908073181757047,0.0500000896592698,11.999167708142409,0.2514368089980664,0.6843889599995553,0.2450549940630626,-0.0177213345297914,0.9003793746271845
1872,True,,11.36975555284226,2.679591162731891,0.5239011173487692,4.7312432895102425,6.682927321793493,0.2253482926677502,0.7402725872880402,0.0119852089048481,-0.0045015094683085,1.136173056891555
1875,True,,10.650789119760432,1.024365009863502,0.5136202363774283,0.0500000000000152,6.906540385795451,0.2140365319837796,0.3657513243551101,0.0043715619385228,6.076254105320333e-05,1.0152483655832265
1878,True,,4.742487210924505,9.157285834758063,1.372701314797131,0.0500000000005541,5.586914869835161,-0.3624902680254453,0.6411904644727972,0.015905330101855,-3.1602833849372275e-05,1.1438699913393755
1882,False,Gamma_at_bound,4.168598848209545,39.99999999999685,0.02,5.410110726190884,0.2313812722469961,-0.3990232900684102,0.922029284621886,0.3157840994409921,0.029291787166256,0.6582453528570099
1885,True,,5.275836231365316,2.108930307327253,0.1126223405959209,0.0500000000000535,4.874784555359257,0.3149523440728713,0.8554154888904091,7.305211928697652e-17,-0.0003877294350518,1.0435429508001013
1888,True,,9.135794635660648,0.4472690606825142,0.8629820771115975,1.0564442524319884,0.0501109168649165,-0.4953085418968231,0.6260669235059743,0.0147474611268241,-0.0003946148255236,0.9991520220692364
1892,True,,6.247870152994345,3.1704056498223325,0.6972638325553707,1.6872674852200524,7.709790236896995,0.1155688943315838,0.4326413011961222,0.112701321308529,0.0097214495569899,1.0566569581847245
1895,True,,4.567432304314573,3.333566331200282,0.6809788922511185,3.305140553693914,10.418821921155525,-0.1901880712083463,0.4889916305679642,0.2358852608552879,-0.007620134922158,0.9008218646996308
1898,True,,10.645216882063002,0.9637209148486454,0.6201984528155462,0.05,6.474025207556042,-0.1188373734047617,0.5781719063005313,0.0128458910164147,0.0001261636068897,0.9851118790381228
1902,True,,4.060630003786766,4.185184720578373,0.3911737386670611,5.393549664021891,2.050196210591529,-0.40686103827337,0.7546554634092029,0.1036015391333515,-0.0082127712916321,0.8705249093596198
1905,True,,3.726297456238542,3.992561181805997,0.4512948235352839,2.2996783126885303,1.9082249924421797,-0.1390380387254328,0.939152265744701,0.1177123784887062,-0.0012260540196129,0.7216438051630488
1908,True,,5.747772630231481,6.450098861347777,0.815377709182518,3.9331561406385505,2.4890450600439302,0.1806872958850111,0.9032580123943796,0.1740246782725477,0.0139364678195493,0.8991189618256492
1912,True,,2.2439833871709896,2.243801604556451,0.02,5.969578761686349,0.8354866536934243,0.2956418923455404,0.4903068995334851,0.3609278596830722,0.0307424592921304,0.3826365281259876
1915,True,,4.547824610266757,4.380191954406787,0.7508455233358738,0.0500000000068457,0.0500000000000007,-0.073732035780007,0.3148364115388116,0.048001527093632,-0.0005940419308275,1.0444711173355803
1918,True,,5.1836428267199475,3.8358022567859074,0.8503680729538491,0.0500000063593578,0.8002073134265509,-0.2103615674493496,0.2911032772481587,0.0767986916058096,0.0037520687182963,1.0095599532719617
1922,True,,4.399760788087483,7.643837620682301,0.02,4.584305227063529,7.305362410447162,0.201563958737677,1.2521346393458628,0.1923178976951179,0.0135691985976398,0.6860020333296959
1925,True,,10.47988202576588,4.377787414412571,0.573992820619454,0.0500000000255818,0.0502273372964889,-0.1284364702909243,1.0996729874024027,0.1578364678564873,0.0149233346054549,1.2323016192647775
1928,True,,4.606906399599671,3.770127444006077,0.7080982151892493,0.0500000000007256,0.0500000000000748,-0.339482189223321,0.64743889239445,0.0068626833235809,0.0001433088773345,1.031762805009585
1932,True,,12.689936460282071,1.295464060002823,0.02,3.913747573905998,0.7688925463219709,-0.1245496175899495,1.2167204846079815,0.0725941830903853,-0.0323453233661623,2.2774760241663055
1935,True,,6.256975049453118,3.1778575807206875,0.723755940700625,0.0500000000001586,7.462920401521345,-0.3288223755348894,0.7292998579577801,0.0468398006825471,-0.000144121748577,1.0737144869276547
1938,True,,11.858585134091545,1.0551022548130944,0.02,3.219055954527156,10.114988251889011,0.1273345003526871,1.34386274885501,0.0494818743893758,-0.0191424381114876,1.4928009324594362
1942,True,,4.1790354891171875,4.52026907583709,0.9272006422806772,19.999999999980556,0.0500000000056595,0.4192781021640784,0.3192668006609752,0.0107834547783115,0.0009070069385119,1.373230958387241
1945,True,,4.86941892139951,5.439901965004406,0.6366208181295185,1.161412112597082,11.999999999999908,-0.1915749752444981,0.708324773470599,0.0781330775910703,-0.0054951359084222,0.943552532276898
1948,True,,8.217223024679546,7.529868480001336,0.6359062511567757,2.7991060944780366,2.672075211413986,0.1766213360376407,0.9438494511937452,0.2433728553930997,0.0198581767820049,0.8825990819606166
1952,True,,3.049310015157843,5.387451833254037,0.02,5.5585351548126525,0.7859244838309531,-0.4011452130725492,0.6650893887810289,0.2899691415770908,0.0257423913942103,0.5947871415090804
1955,True,,10.202743965031104,2.058621952679123,1.2149032037777483,0.0500000000002291,11.45481719666671,-0.4565936482001607,0.540174995308083,0.0144616976782738,0.0021770123585522,1.033878712326526
1958,True,,2.159648706162589,1.594636399734566,0.02,5.879004400892628,0.058219051300252,-0.4523137151222883,0.6115806124839496,0.51903349597864,-0.0407033182692781,0.3358215977526059
1962,True,,8.349849481759554,1.1945223587467413,0.984384867158844,19.99999999999916,5.289694550114643,0.2300593414463137,0.45164467013897,0.0226024174648815,-0.0005127444450209,1.0349193324371757
1965,True,,10.634558157922749,0.554438604087348,1.0201661911320596,0.05,6.360942891071521,-0.007554951380531,0.5636725897013195,0.0325442053679326,0.0018968314955151,1.0098257623146445
1968,True,,4.639688006159824,2.3188284452582666,0.7092544973883483,0.0500000000003629,11.999999996747963,-0.0755771737556659,0.7609902585890475,0.2050911742853476,0.0147560514398833,0.8282693798638635
1972,True,,4.725993737999724,7.768092643895107,1.434997378071961,0.0500000000001719,0.0500000000142615,0.3527711817608034,0.5146428078626902,0.0580475154463444,-0.0049759143051766,1.6013576798990183
1975,True,,10.807702506890363,0.8341015625115398,0.050716376610617,5.351493786423358,2.2219486412599996,0.4399468411722769,0.9102518991918536,0.0685909914901645,0.0076712390903972,1.0008112392945725
1978,True,,5.743187554316593,1.816526671093004,0.5478872738978281,0.05,0.05,-0.1379541166018832,0.0008424443188085,0.0363678599567161,-0.0002900551113598,1.1575682543153445
1982,False,Gamma_at_bound,4.094386013197906,39.99873937551557,0.02,4.771775058563482,0.4277470846980769,0.4949418575944799,1.2448583101405353,0.2664374411717594,0.02267361084089,0.6735727140756063
1985,True,,4.839642829971564,4.539380407505872,0.4431421185348151,1.918745413633307,3.2415316285324085,-0.2085161554358326,0.6580298343863471,0.1962814247577592,-0.013597220797032,0.8421065982921114
1988,True,,3.595158531085888,1.71022086649004,0.4054565158362345,4.638822917337699,0.0500149594911858,-0.0684360963412961,0.5781816308204543,0.0807790547016331,-0.0066185791744909,0.9206458647594862
1992,True,,8.63446602629577,3.019689017534158,0.7780750820464075,0.05,5.964846981764951,0.3515170896150137,0.5035903258180747,0.0072767474787307,-0.0011502130220056,1.101870883378954
1995,True,,3.866548183227492,3.741578877707909,0.5776347139695537,15.44760241920145,11.212918603991865,0.3330655275192106,0.4391384896465863,0.05211273979795,-0.0007669572068644,0.9631747537607296
1999,True,,3.90922528296005,1.4791795001705472,0.3168467071718148,0.0500000000000878,11.999999999999991,0.4011621452665612,0.2246376000072073,0.0152053148340597,-0.0001069239992065,0.9283412563185218
