{
  "in_dist": 0.6232216787498219,
  "stress_0.25": 0.6509906503359798,
  "stress_0.5": 0.6509906503359798,
  "stress_1.0": 0.6509906503359798,
  "stress_2.0": 0.6509906503359798,
  "stress_4.0": 0.6509906503359798
}