model_id,display_name,metric,eval_set,severity,statistic,value,sd,n_seeds,protocol,dataset_version,run_id,source_file
tf_learned_patch,learned-patch transformer,MAE_logM,val,1.0,per_seed_mean,0.2121971387916221,0.0037674909286404,5.0,extended/v7,v9,derived:0a83d57f16d6,manuscript_phase1/results/revision/A4_v9_extended/gate_and_improvement.csv
tf_learned_patch,learned-patch transformer,MAE_logM,val,1.0,ensemble,0.1995150906410202,,5.0,extended/v7,v9,derived:0a83d57f16d6,manuscript_phase1/results/revision/A4_v9_extended/gate_and_improvement.csv
tf_learned_patch,learned-patch transformer,improvement_vs_metadata_reference,val,1.0,ensemble,0.6750369905234292,,5.0,extended/v7,v9,derived:0a83d57f16d6,manuscript_phase1/results/revision/A4_v9_extended/gate_and_improvement.csv
tf_fourier,Fourier-feature transformer,MAE_logM,val,1.0,per_seed_mean,0.333710527969344,0.0136010388991612,5.0,extended/v7,v9,derived:0a83d57f16d6,manuscript_phase1/results/revision/A4_v9_extended/gate_and_improvement.csv
tf_fourier,Fourier-feature transformer,MAE_logM,val,1.0,ensemble,0.308426574711648,,5.0,extended/v7,v9,derived:0a83d57f16d6,manuscript_phase1/results/revision/A4_v9_extended/gate_and_improvement.csv
tf_fourier,Fourier-feature transformer,improvement_vs_metadata_reference,val,1.0,ensemble,0.4976458793225697,,5.0,extended/v7,v9,derived:0a83d57f16d6,manuscript_phase1/results/revision/A4_v9_extended/gate_and_improvement.csv
tf_fused,fused transformer,MAE_logM,val,1.0,per_seed_mean,0.1806470857470203,0.0058271094978961,5.0,extended/v7,v9,derived:0a83d57f16d6,manuscript_phase1/results/revision/A4_v9_extended/gate_and_improvement.csv
tf_fused,fused transformer,MAE_logM,val,1.0,ensemble,0.169064912813412,,5.0,extended/v7,v9,derived:0a83d57f16d6,manuscript_phase1/results/revision/A4_v9_extended/gate_and_improvement.csv
tf_fused,fused transformer,improvement_vs_metadata_reference,val,1.0,ensemble,0.7246331458526536,,5.0,extended/v7,v9,derived:0a83d57f16d6,manuscript_phase1/results/revision/A4_v9_extended/gate_and_improvement.csv
cnn_base,1D CNN,MAE_logM,val,1.0,per_seed_mean,0.2163828780848865,0.0032071509511188,5.0,extended/v7,v9,derived:0a83d57f16d6,manuscript_phase1/results/revision/A4_v9_extended/gate_and_improvement.csv
cnn_base,1D CNN,MAE_logM,val,1.0,ensemble,0.2011800743919601,,5.0,extended/v7,v9,derived:0a83d57f16d6,manuscript_phase1/results/revision/A4_v9_extended/gate_and_improvement.csv
cnn_base,1D CNN,improvement_vs_metadata_reference,val,1.0,ensemble,0.6723251248259693,,5.0,extended/v7,v9,derived:0a83d57f16d6,manuscript_phase1/results/revision/A4_v9_extended/gate_and_improvement.csv
tf_learned_patch_fixed1,learned-patch transformer (fixed s=1),MAE_logM,val,1.0,per_seed_mean,0.1872092631523867,0.0017828617341054,3.0,extended/fixed1,v9,derived:0a83d57f16d6,manuscript_phase1/results/revision/A4_v9_extended/gate_and_improvement.csv
tf_learned_patch_fixed1,learned-patch transformer (fixed s=1),MAE_logM,val,1.0,ensemble,0.177864517465786,,3.0,extended/fixed1,v9,derived:0a83d57f16d6,manuscript_phase1/results/revision/A4_v9_extended/gate_and_improvement.csv
tf_learned_patch_fixed1,learned-patch transformer (fixed s=1),improvement_vs_metadata_reference,val,1.0,ensemble,0.71030066603445,,3.0,extended/fixed1,v9,derived:0a83d57f16d6,manuscript_phase1/results/revision/A4_v9_extended/gate_and_improvement.csv
tf_learned_patch_low,learned-patch transformer (s<=1),MAE_logM,val,1.0,per_seed_mean,0.2183693473481489,0.0004668462676065,3.0,extended/low,v9,derived:0a83d57f16d6,manuscript_phase1/results/revision/A4_v9_extended/gate_and_improvement.csv
tf_learned_patch_low,learned-patch transformer (s<=1),MAE_logM,val,1.0,ensemble,0.2105334842500839,,3.0,extended/low,v9,derived:0a83d57f16d6,manuscript_phase1/results/revision/A4_v9_extended/gate_and_improvement.csv
tf_learned_patch_low,learned-patch transformer (s<=1),improvement_vs_metadata_reference,val,1.0,ensemble,0.6570906269912535,,3.0,extended/low,v9,derived:0a83d57f16d6,manuscript_phase1/results/revision/A4_v9_extended/gate_and_improvement.csv
tf_fused_fixed1,fused transformer (fixed s=1),MAE_logM,val,1.0,per_seed_mean,0.1566934268838679,0.0013735193298163,3.0,extended/fixed1,v9,derived:0a83d57f16d6,manuscript_phase1/results/revision/A4_v9_extended/gate_and_improvement.csv
tf_fused_fixed1,fused transformer (fixed s=1),MAE_logM,val,1.0,ensemble,0.1501791091735189,,3.0,extended/fixed1,v9,derived:0a83d57f16d6,manuscript_phase1/results/revision/A4_v9_extended/gate_and_improvement.csv
tf_fused_fixed1,fused transformer (fixed s=1),improvement_vs_metadata_reference,val,1.0,ensemble,0.755393664104607,,3.0,extended/fixed1,v9,derived:0a83d57f16d6,manuscript_phase1/results/revision/A4_v9_extended/gate_and_improvement.csv
cnn_k45,tuned 1D CNN (kernel 45),MAE_logM,val,1.0,ensemble,0.1287343573864798,,3.0,extended/v7,v9,derived:e96906eb994a,manuscript_phase1/results/revision/A17_v9/variant_paired_vs_base.csv
cnn_k31,1D CNN (kernel 31),MAE_logM,val,1.0,ensemble,0.1333754058701562,,3.0,extended/v7,v9,derived:e96906eb994a,manuscript_phase1/results/revision/A17_v9/variant_paired_vs_base.csv
cnn_k21,1D CNN (kernel 21),MAE_logM,val,1.0,ensemble,0.1387326981084544,,3.0,extended/v7,v9,derived:e96906eb994a,manuscript_phase1/results/revision/A17_v9/variant_paired_vs_base.csv
cnn_k15,1D CNN (kernel 15),MAE_logM,val,1.0,ensemble,0.1541591527005139,,3.0,extended/v7,v9,derived:e96906eb994a,manuscript_phase1/results/revision/A17_v9/variant_paired_vs_base.csv
cnn_wide,1D CNN (wide),MAE_logM,val,1.0,ensemble,0.2066180818889682,,3.0,extended/v7,v9,derived:e96906eb994a,manuscript_phase1/results/revision/A17_v9/variant_paired_vs_base.csv
cnn_pm,1D CNN (parameter-matched),MAE_logM,val,1.0,ensemble,0.2074548750513394,,3.0,extended/v7,v9,derived:e96906eb994a,manuscript_phase1/results/revision/A17_v9/variant_paired_vs_base.csv
cnn_hd,1D CNN (half depth),MAE_logM,val,1.0,ensemble,0.2564343621991937,,3.0,extended/v7,v9,derived:e96906eb994a,manuscript_phase1/results/revision/A17_v9/variant_paired_vs_base.csv
tf_p60,tuned transformer (patch 60),MAE_logM,val,1.0,ensemble,0.1727759262287006,,3.0,extended/v7,v9,derived:e96906eb994a,manuscript_phase1/results/revision/A17_v9/variant_paired_vs_base.csv
tf_p30,transformer (patch 30),MAE_logM,val,1.0,ensemble,0.1768038808327834,,3.0,extended/v7,v9,derived:e96906eb994a,manuscript_phase1/results/revision/A17_v9/variant_paired_vs_base.csv
tf_p20,transformer (patch 20),MAE_logM,val,1.0,ensemble,0.1770252677613819,,3.0,extended/v7,v9,derived:e96906eb994a,manuscript_phase1/results/revision/A17_v9/variant_paired_vs_base.csv
tf_p40,transformer (patch 40),MAE_logM,val,1.0,ensemble,0.177333074224384,,3.0,extended/v7,v9,derived:e96906eb994a,manuscript_phase1/results/revision/A17_v9/variant_paired_vs_base.csv
tf_p5,transformer (patch 5),MAE_logM,val,1.0,ensemble,0.1960118341019727,,3.0,extended/v7,v9,derived:e96906eb994a,manuscript_phase1/results/revision/A17_v9/variant_paired_vs_base.csv
tf_d8,transformer (8 layers),MAE_logM,val,1.0,ensemble,0.2018663949973934,,3.0,extended/v7,v9,derived:e96906eb994a,manuscript_phase1/results/revision/A17_v9/variant_paired_vs_base.csv
metadata_mlp_mse,metadata MLP (MSE),MAE_logM,val,1.0,per_seed_mean,0.6225487914737547,0.0010771230549426,5.0,,v7,derived:ba4e7073bce1,manuscript_phase1/results/revision/A2/metadata_family_metrics.csv
metadata_mlp_mse,metadata MLP (MSE),MAE_logM,stress_base,1.0,per_seed_mean,0.6526530195656232,0.0026416846714481,5.0,,v7,derived:ba4e7073bce1,manuscript_phase1/results/revision/A2/metadata_family_metrics.csv
metadata_mlp_mse,metadata MLP (MSE),MAE_logM,holdout_T,1.0,per_seed_mean,3.6427074101443098,0.5667317358490375,5.0,,v7,derived:ba4e7073bce1,manuscript_phase1/results/revision/A2/metadata_family_metrics.csv
metadata_mlp_mse,metadata MLP (MSE),MAE_logM,holdout_c,1.0,per_seed_mean,0.6274701909702272,0.0012590301503809,5.0,,v7,derived:ba4e7073bce1,manuscript_phase1/results/revision/A2/metadata_family_metrics.csv
metadata_mlp_mse,metadata MLP (MSE),MAE_logM,holdout_E,1.0,per_seed_mean,1.0306854424265524,0.1966961058245614,5.0,,v7,derived:ba4e7073bce1,manuscript_phase1/results/revision/A2/metadata_family_metrics.csv
metadata_mlp_l1,metadata MLP (L1),MAE_logM,val,1.0,per_seed_mean,0.6142034424230689,0.0003443089071583,5.0,,v7,derived:ba4e7073bce1,manuscript_phase1/results/revision/A2/metadata_family_metrics.csv
metadata_mlp_l1,metadata MLP (L1),MAE_logM,stress_base,1.0,per_seed_mean,0.6426308641291223,0.0010339222914457,5.0,,v7,derived:ba4e7073bce1,manuscript_phase1/results/revision/A2/metadata_family_metrics.csv
metadata_mlp_l1,metadata MLP (L1),MAE_logM,holdout_T,1.0,per_seed_mean,3.73480603597189,0.3783376116716154,5.0,,v7,derived:ba4e7073bce1,manuscript_phase1/results/revision/A2/metadata_family_metrics.csv
metadata_mlp_l1,metadata MLP (L1),MAE_logM,holdout_c,1.0,per_seed_mean,0.6232357062131632,0.000463967108009,5.0,,v7,derived:ba4e7073bce1,manuscript_phase1/results/revision/A2/metadata_family_metrics.csv
metadata_mlp_l1,metadata MLP (L1),MAE_logM,holdout_E,1.0,per_seed_mean,0.8437835361858209,0.1126159623976769,5.0,,v7,derived:ba4e7073bce1,manuscript_phase1/results/revision/A2/metadata_family_metrics.csv
metadata_mlp_mse_inner,"metadata MLP (MSE, inner-split)",MAE_logM,val,1.0,per_seed_mean,0.6262543489665027,0.0007748747924302,5.0,,v7,derived:ba4e7073bce1,manuscript_phase1/results/revision/A2/metadata_family_metrics.csv
metadata_mlp_mse_inner,"metadata MLP (MSE, inner-split)",MAE_logM,stress_base,1.0,per_seed_mean,0.6526525883461349,0.0012484128475818,5.0,,v7,derived:ba4e7073bce1,manuscript_phase1/results/revision/A2/metadata_family_metrics.csv
metadata_mlp_mse_inner,"metadata MLP (MSE, inner-split)",MAE_logM,holdout_T,1.0,per_seed_mean,3.6438026938978583,0.2651203225101411,5.0,,v7,derived:ba4e7073bce1,manuscript_phase1/results/revision/A2/metadata_family_metrics.csv
metadata_mlp_mse_inner,"metadata MLP (MSE, inner-split)",MAE_logM,holdout_c,1.0,per_seed_mean,0.6314172786716371,0.0011897169741207,5.0,,v7,derived:ba4e7073bce1,manuscript_phase1/results/revision/A2/metadata_family_metrics.csv
metadata_mlp_mse_inner,"metadata MLP (MSE, inner-split)",MAE_logM,holdout_E,1.0,per_seed_mean,1.0433024960340311,0.0708088955431738,5.0,,v7,derived:ba4e7073bce1,manuscript_phase1/results/revision/A2/metadata_family_metrics.csv
metadata_hgb,metadata GBT,MAE_logM,val,1.0,per_seed_mean,0.6313736711878377,0.0014581371061773,5.0,,v7,derived:ba4e7073bce1,manuscript_phase1/results/revision/A2/metadata_family_metrics.csv
metadata_hgb,metadata GBT,MAE_logM,stress_base,1.0,per_seed_mean,0.6542642194618016,0.0031514586998399,5.0,,v7,derived:ba4e7073bce1,manuscript_phase1/results/revision/A2/metadata_family_metrics.csv
metadata_hgb,metadata GBT,MAE_logM,holdout_T,1.0,per_seed_mean,0.9273007633465143,0.0281448531148037,5.0,,v7,derived:ba4e7073bce1,manuscript_phase1/results/revision/A2/metadata_family_metrics.csv
metadata_hgb,metadata GBT,MAE_logM,holdout_c,1.0,per_seed_mean,0.6358068830938279,0.001659558968757,5.0,,v7,derived:ba4e7073bce1,manuscript_phase1/results/revision/A2/metadata_family_metrics.csv
metadata_hgb,metadata GBT,MAE_logM,holdout_E,1.0,per_seed_mean,0.6890574999365737,0.0069876989252113,5.0,,v7,derived:ba4e7073bce1,manuscript_phase1/results/revision/A2/metadata_family_metrics.csv
metadata_knn,metadata k-NN,MAE_logM,val,1.0,per_seed_mean,0.6358193725037854,0.0,5.0,,v7,derived:ba4e7073bce1,manuscript_phase1/results/revision/A2/metadata_family_metrics.csv
metadata_knn,metadata k-NN,MAE_logM,stress_base,1.0,per_seed_mean,0.6774562110451515,0.0,5.0,,v7,derived:ba4e7073bce1,manuscript_phase1/results/revision/A2/metadata_family_metrics.csv
metadata_knn,metadata k-NN,MAE_logM,holdout_T,1.0,per_seed_mean,0.9555126500626404,0.0,5.0,,v7,derived:ba4e7073bce1,manuscript_phase1/results/revision/A2/metadata_family_metrics.csv
metadata_knn,metadata k-NN,MAE_logM,holdout_c,1.0,per_seed_mean,0.6563120714544008,0.0,5.0,,v7,derived:ba4e7073bce1,manuscript_phase1/results/revision/A2/metadata_family_metrics.csv
metadata_knn,metadata k-NN,MAE_logM,holdout_E,1.0,per_seed_mean,0.7783884816531402,0.0,5.0,,v7,derived:ba4e7073bce1,manuscript_phase1/results/revision/A2/metadata_family_metrics.csv
metadata_mlp_l1,metadata MLP (L1),MAE_logM,holdout_c_extrap,1.0,per_seed_mean,0.735318904347252,0.0046123333054486,5.0,,v8,derived:750d60b6be83,manuscript_phase1/results/revision/A2_v8/metadata_family_metrics_v8_newsets.csv
metadata_mlp_l1,metadata MLP (L1),MAE_logM,replicate_eval,1.0,per_seed_mean,0.6057139980559627,0.0004781539187428,5.0,,v8,derived:750d60b6be83,manuscript_phase1/results/revision/A2_v8/metadata_family_metrics_v8_newsets.csv
metadata_hgb,metadata GBT,MAE_logM,holdout_c_extrap,1.0,per_seed_mean,0.8368425311353134,0.0088351463319914,5.0,,v8,derived:750d60b6be83,manuscript_phase1/results/revision/A2_v8/metadata_family_metrics_v8_newsets.csv
metadata_hgb,metadata GBT,MAE_logM,replicate_eval,1.0,per_seed_mean,0.6193410044231007,0.0008876417071364,5.0,,v8,derived:750d60b6be83,manuscript_phase1/results/revision/A2_v8/metadata_family_metrics_v8_newsets.csv
metadata_knn,metadata k-NN,MAE_logM,holdout_c_extrap,1.0,per_seed_mean,0.8786554941490369,1.2412670766236366e-16,5.0,,v8,derived:750d60b6be83,manuscript_phase1/results/revision/A2_v8/metadata_family_metrics_v8_newsets.csv
metadata_knn,metadata k-NN,MAE_logM,replicate_eval,1.0,per_seed_mean,0.6299770691795479,0.0,5.0,,v8,derived:750d60b6be83,manuscript_phase1/results/revision/A2_v8/metadata_family_metrics_v8_newsets.csv
metadata_oracle,metadata oracle (bound),MAE_logM,val,1.0,bound,0.6129788844801018,,,,v9,derived:eb351800880d,manuscript_phase1/results/revision/A1_v9/oracle_floor.json
metadata_oracle,metadata oracle (bound),MAE_logM,stress_base,1.0,bound,0.6392036481299074,,,,v9,derived:eb351800880d,manuscript_phase1/results/revision/A1_v9/oracle_floor.json
metadata_oracle,metadata oracle (bound),MAE_logM,holdout_T,1.0,bound,0.6633976489425747,,,,v9,derived:eb351800880d,manuscript_phase1/results/revision/A1_v9/oracle_floor.json
metadata_oracle,metadata oracle (bound),MAE_logM,holdout_c,1.0,bound,0.624388145010036,,,,v9,derived:eb351800880d,manuscript_phase1/results/revision/A1_v9/oracle_floor.json
metadata_oracle,metadata oracle (bound),MAE_logM,holdout_E,1.0,bound,0.6396450932498997,,,,v9,derived:eb351800880d,manuscript_phase1/results/revision/A1_v9/oracle_floor.json
cnn_base,1D CNN,MAE_logM,stress_base,0.25,per_seed_mean,0.1132100824619481,0.0039620767132945,3.0,extended/v7,v9,derived:7a0ecf120f0d,manuscript_phase1/results/revision/A8_v9/dense_sweep_stress.csv
cnn_base,1D CNN,MAE_logM,stress_base,0.25,ensemble,0.1041110067973738,,3.0,extended/v7,v9,derived:7a0ecf120f0d,manuscript_phase1/results/revision/A8_v9/dense_sweep_stress.csv
tf_fused,fused transformer,MAE_logM,stress_base,0.25,per_seed_mean,0.0875311004927443,0.0065431965095282,3.0,extended/v7,v9,derived:7a0ecf120f0d,manuscript_phase1/results/revision/A8_v9/dense_sweep_stress.csv
tf_fused,fused transformer,MAE_logM,stress_base,0.25,ensemble,0.0818609436909911,,3.0,extended/v7,v9,derived:7a0ecf120f0d,manuscript_phase1/results/revision/A8_v9/dense_sweep_stress.csv
tf_learned_patch,learned-patch transformer,MAE_logM,stress_base,0.25,per_seed_mean,0.1085986777521983,0.0021128907643244,3.0,extended/v7,v9,derived:7a0ecf120f0d,manuscript_phase1/results/revision/A8_v9/dense_sweep_stress.csv
tf_learned_patch,learned-patch transformer,MAE_logM,stress_base,0.25,ensemble,0.1025789956131005,,3.0,extended/v7,v9,derived:7a0ecf120f0d,manuscript_phase1/results/revision/A8_v9/dense_sweep_stress.csv
tf_fourier,Fourier-feature transformer,MAE_logM,stress_base,0.25,per_seed_mean,0.2083776343115445,0.0141370039652651,3.0,extended/v7,v9,derived:7a0ecf120f0d,manuscript_phase1/results/revision/A8_v9/dense_sweep_stress.csv
tf_fourier,Fourier-feature transformer,MAE_logM,stress_base,0.25,ensemble,0.1875188631811003,,3.0,extended/v7,v9,derived:7a0ecf120f0d,manuscript_phase1/results/revision/A8_v9/dense_sweep_stress.csv
tf_learned_patch_fixed1,learned-patch transformer (fixed s=1),MAE_logM,stress_base,0.25,per_seed_mean,0.1170147781147848,0.0012008701149549,3.0,extended/v7,v9,derived:7a0ecf120f0d,manuscript_phase1/results/revision/A8_v9/dense_sweep_stress.csv
tf_learned_patch_fixed1,learned-patch transformer (fixed s=1),MAE_logM,stress_base,0.25,ensemble,0.1054269917732861,,3.0,extended/v7,v9,derived:7a0ecf120f0d,manuscript_phase1/results/revision/A8_v9/dense_sweep_stress.csv
tf_learned_patch_low,learned-patch transformer (s<=1),MAE_logM,stress_base,0.25,per_seed_mean,0.0936623249243008,0.0024253150278621,3.0,extended/v7,v9,derived:7a0ecf120f0d,manuscript_phase1/results/revision/A8_v9/dense_sweep_stress.csv
tf_learned_patch_low,learned-patch transformer (s<=1),MAE_logM,stress_base,0.25,ensemble,0.0907733119532621,,3.0,extended/v7,v9,derived:7a0ecf120f0d,manuscript_phase1/results/revision/A8_v9/dense_sweep_stress.csv
tf_fused_fixed1,fused transformer (fixed s=1),MAE_logM,stress_base,0.25,per_seed_mean,0.1000923613528304,0.0022785813093011,3.0,extended/v7,v9,derived:7a0ecf120f0d,manuscript_phase1/results/revision/A8_v9/dense_sweep_stress.csv
tf_fused_fixed1,fused transformer (fixed s=1),MAE_logM,stress_base,0.25,ensemble,0.0931053781024451,,3.0,extended/v7,v9,derived:7a0ecf120f0d,manuscript_phase1/results/revision/A8_v9/dense_sweep_stress.csv
cnn_k45,tuned 1D CNN (kernel 45),MAE_logM,stress_base,0.25,per_seed_mean,0.0759852210826865,0.0194323263136414,3.0,extended/v7,v9,derived:7a0ecf120f0d,manuscript_phase1/results/revision/A8_v9/dense_sweep_stress.csv
cnn_k45,tuned 1D CNN (kernel 45),MAE_logM,stress_base,0.25,ensemble,0.0680019040192863,,3.0,extended/v7,v9,derived:7a0ecf120f0d,manuscript_phase1/results/revision/A8_v9/dense_sweep_stress.csv
tf_p60,tuned transformer (patch 60),MAE_logM,stress_base,0.25,per_seed_mean,0.0989053672368929,0.0034324767761035,3.0,extended/v7,v9,derived:7a0ecf120f0d,manuscript_phase1/results/revision/A8_v9/dense_sweep_stress.csv
tf_p60,tuned transformer (patch 60),MAE_logM,stress_base,0.25,ensemble,0.0940356946961761,,3.0,extended/v7,v9,derived:7a0ecf120f0d,manuscript_phase1/results/revision/A8_v9/dense_sweep_stress.csv
cnn_base,1D CNN,MAE_logM,stress_base,0.5,per_seed_mean,0.135625269832166,0.0003767898538951,3.0,extended/v7,v9,derived:7a0ecf120f0d,manuscript_phase1/results/revision/A8_v9/dense_sweep_stress.csv
cnn_base,1D CNN,MAE_logM,stress_base,0.5,ensemble,0.1232388345774286,,3.0,extended/v7,v9,derived:7a0ecf120f0d,manuscript_phase1/results/revision/A8_v9/dense_sweep_stress.csv
tf_fused,fused transformer,MAE_logM,stress_base,0.5,per_seed_mean,0.1088727443028851,0.0029485352657052,3.0,extended/v7,v9,derived:7a0ecf120f0d,manuscript_phase1/results/revision/A8_v9/dense_sweep_stress.csv
tf_fused,fused transformer,MAE_logM,stress_base,0.5,ensemble,0.1017223127133651,,3.0,extended/v7,v9,derived:7a0ecf120f0d,manuscript_phase1/results/revision/A8_v9/dense_sweep_stress.csv
tf_learned_patch,learned-patch transformer,MAE_logM,stress_base,0.5,per_seed_mean,0.1259482489732832,0.0056844695640752,3.0,extended/v7,v9,derived:7a0ecf120f0d,manuscript_phase1/results/revision/A8_v9/dense_sweep_stress.csv
tf_learned_patch,learned-patch transformer,MAE_logM,stress_base,0.5,ensemble,0.1189422117622162,,3.0,extended/v7,v9,derived:7a0ecf120f0d,manuscript_phase1/results/revision/A8_v9/dense_sweep_stress.csv
tf_fourier,Fourier-feature transformer,MAE_logM,stress_base,0.5,per_seed_mean,0.2498624140425883,0.0218137068488325,3.0,extended/v7,v9,derived:7a0ecf120f0d,manuscript_phase1/results/revision/A8_v9/dense_sweep_stress.csv
tf_fourier,Fourier-feature transformer,MAE_logM,stress_base,0.5,ensemble,0.2284506321380746,,3.0,extended/v7,v9,derived:7a0ecf120f0d,manuscript_phase1/results/revision/A8_v9/dense_sweep_stress.csv
tf_learned_patch_fixed1,learned-patch transformer (fixed s=1),MAE_logM,stress_base,0.5,per_seed_mean,0.1336876947781907,0.0022365723139304,3.0,extended/v7,v9,derived:7a0ecf120f0d,manuscript_phase1/results/revision/A8_v9/dense_sweep_stress.csv
tf_learned_patch_fixed1,learned-patch transformer (fixed s=1),MAE_logM,stress_base,0.5,ensemble,0.1253663378266648,,3.0,extended/v7,v9,derived:7a0ecf120f0d,manuscript_phase1/results/revision/A8_v9/dense_sweep_stress.csv
tf_learned_patch_low,learned-patch transformer (s<=1),MAE_logM,stress_base,0.5,per_seed_mean,0.1154485360056623,0.0012627023226479,3.0,extended/v7,v9,derived:7a0ecf120f0d,manuscript_phase1/results/revision/A8_v9/dense_sweep_stress.csv
tf_learned_patch_low,learned-patch transformer (s<=1),MAE_logM,stress_base,0.5,ensemble,0.1107470283485121,,3.0,extended/v7,v9,derived:7a0ecf120f0d,manuscript_phase1/results/revision/A8_v9/dense_sweep_stress.csv
tf_fused_fixed1,fused transformer (fixed s=1),MAE_logM,stress_base,0.5,per_seed_mean,0.1112961628940561,0.0001347997213928,3.0,extended/v7,v9,derived:7a0ecf120f0d,manuscript_phase1/results/revision/A8_v9/dense_sweep_stress.csv
tf_fused_fixed1,fused transformer (fixed s=1),MAE_logM,stress_base,0.5,ensemble,0.1031716310953973,,3.0,extended/v7,v9,derived:7a0ecf120f0d,manuscript_phase1/results/revision/A8_v9/dense_sweep_stress.csv
cnn_k45,tuned 1D CNN (kernel 45),MAE_logM,stress_base,0.5,per_seed_mean,0.0912731528187635,0.0179891252137502,3.0,extended/v7,v9,derived:7a0ecf120f0d,manuscript_phase1/results/revision/A8_v9/dense_sweep_stress.csv
cnn_k45,tuned 1D CNN (kernel 45),MAE_logM,stress_base,0.5,ensemble,0.0823946104294073,,3.0,extended/v7,v9,derived:7a0ecf120f0d,manuscript_phase1/results/revision/A8_v9/dense_sweep_stress.csv
tf_p60,tuned transformer (patch 60),MAE_logM,stress_base,0.5,per_seed_mean,0.1141037703830821,0.0011008312749408,3.0,extended/v7,v9,derived:7a0ecf120f0d,manuscript_phase1/results/revision/A8_v9/dense_sweep_stress.csv
tf_p60,tuned transformer (patch 60),MAE_logM,stress_base,0.5,ensemble,0.1095298246749829,,3.0,extended/v7,v9,derived:7a0ecf120f0d,manuscript_phase1/results/revision/A8_v9/dense_sweep_stress.csv
cnn_base,1D CNN,MAE_logM,stress_base,0.75,per_seed_mean,0.1667876206071925,0.0022554619901928,3.0,extended/v7,v9,derived:7a0ecf120f0d,manuscript_phase1/results/revision/A8_v9/dense_sweep_stress.csv
cnn_base,1D CNN,MAE_logM,stress_base,0.75,ensemble,0.1531790828780576,,3.0,extended/v7,v9,derived:7a0ecf120f0d,manuscript_phase1/results/revision/A8_v9/dense_sweep_stress.csv
tf_fused,fused transformer,MAE_logM,stress_base,0.75,per_seed_mean,0.1345701028439248,0.0039932755902675,3.0,extended/v7,v9,derived:7a0ecf120f0d,manuscript_phase1/results/revision/A8_v9/dense_sweep_stress.csv
tf_fused,fused transformer,MAE_logM,stress_base,0.75,ensemble,0.1279006109669992,,3.0,extended/v7,v9,derived:7a0ecf120f0d,manuscript_phase1/results/revision/A8_v9/dense_sweep_stress.csv
tf_learned_patch,learned-patch transformer,MAE_logM,stress_base,0.75,per_seed_mean,0.1557618031622598,0.0115317499208495,3.0,extended/v7,v9,derived:7a0ecf120f0d,manuscript_phase1/results/revision/A8_v9/dense_sweep_stress.csv
tf_learned_patch,learned-patch transformer,MAE_logM,stress_base,0.75,ensemble,0.1467222697799672,,3.0,extended/v7,v9,derived:7a0ecf120f0d,manuscript_phase1/results/revision/A8_v9/dense_sweep_stress.csv
tf_fourier,Fourier-feature transformer,MAE_logM,stress_base,0.75,per_seed_mean,0.2860138418096967,0.0230626448487157,3.0,extended/v7,v9,derived:7a0ecf120f0d,manuscript_phase1/results/revision/A8_v9/dense_sweep_stress.csv
tf_fourier,Fourier-feature transformer,MAE_logM,stress_base,0.75,ensemble,0.2635045970608024,,3.0,extended/v7,v9,derived:7a0ecf120f0d,manuscript_phase1/results/revision/A8_v9/dense_sweep_stress.csv
tf_learned_patch_fixed1,learned-patch transformer (fixed s=1),MAE_logM,stress_base,0.75,per_seed_mean,0.1471610145284388,0.0053307453446458,3.0,extended/v7,v9,derived:7a0ecf120f0d,manuscript_phase1/results/revision/A8_v9/dense_sweep_stress.csv
tf_learned_patch_fixed1,learned-patch transformer (fixed s=1),MAE_logM,stress_base,0.75,ensemble,0.1370334751190289,,3.0,extended/v7,v9,derived:7a0ecf120f0d,manuscript_phase1/results/revision/A8_v9/dense_sweep_stress.csv
tf_learned_patch_low,learned-patch transformer (s<=1),MAE_logM,stress_base,0.75,per_seed_mean,0.1476563574113298,0.0029626455178143,3.0,extended/v7,v9,derived:7a0ecf120f0d,manuscript_phase1/results/revision/A8_v9/dense_sweep_stress.csv
tf_learned_patch_low,learned-patch transformer (s<=1),MAE_logM,stress_base,0.75,ensemble,0.1399612795002227,,3.0,extended/v7,v9,derived:7a0ecf120f0d,manuscript_phase1/results/revision/A8_v9/dense_sweep_stress.csv
tf_fused_fixed1,fused transformer (fixed s=1),MAE_logM,stress_base,0.75,per_seed_mean,0.1208202651874156,0.0020158817191817,3.0,extended/v7,v9,derived:7a0ecf120f0d,manuscript_phase1/results/revision/A8_v9/dense_sweep_stress.csv
tf_fused_fixed1,fused transformer (fixed s=1),MAE_logM,stress_base,0.75,ensemble,0.1142791519400846,,3.0,extended/v7,v9,derived:7a0ecf120f0d,manuscript_phase1/results/revision/A8_v9/dense_sweep_stress.csv
cnn_k45,tuned 1D CNN (kernel 45),MAE_logM,stress_base,0.75,per_seed_mean,0.1068573130721675,0.0183564672629921,3.0,extended/v7,v9,derived:7a0ecf120f0d,manuscript_phase1/results/revision/A8_v9/dense_sweep_stress.csv
cnn_k45,tuned 1D CNN (kernel 45),MAE_logM,stress_base,0.75,ensemble,0.0990490564681213,,3.0,extended/v7,v9,derived:7a0ecf120f0d,manuscript_phase1/results/revision/A8_v9/dense_sweep_stress.csv
tf_p60,tuned transformer (patch 60),MAE_logM,stress_base,0.75,per_seed_mean,0.1346993781828815,0.0021465537143281,3.0,extended/v7,v9,derived:7a0ecf120f0d,manuscript_phase1/results/revision/A8_v9/dense_sweep_stress.csv
tf_p60,tuned transformer (patch 60),MAE_logM,stress_base,0.75,ensemble,0.1277238070782797,,3.0,extended/v7,v9,derived:7a0ecf120f0d,manuscript_phase1/results/revision/A8_v9/dense_sweep_stress.csv
cnn_base,1D CNN,MAE_logM,stress_base,1.0,per_seed_mean,0.1912616140699414,0.0073858940826132,3.0,extended/v7,v9,derived:7a0ecf120f0d,manuscript_phase1/results/revision/A8_v9/dense_sweep_stress.csv
cnn_base,1D CNN,MAE_logM,stress_base,1.0,ensemble,0.1765455432834767,,3.0,extended/v7,v9,derived:7a0ecf120f0d,manuscript_phase1/results/revision/A8_v9/dense_sweep_stress.csv
tf_fused,fused transformer,MAE_logM,stress_base,1.0,per_seed_mean,0.1565209051128084,0.0081699983571152,3.0,extended/v7,v9,derived:7a0ecf120f0d,manuscript_phase1/results/revision/A8_v9/dense_sweep_stress.csv
tf_fused,fused transformer,MAE_logM,stress_base,1.0,ensemble,0.1491021148707058,,3.0,extended/v7,v9,derived:7a0ecf120f0d,manuscript_phase1/results/revision/A8_v9/dense_sweep_stress.csv
tf_learned_patch,learned-patch transformer,MAE_logM,stress_base,1.0,per_seed_mean,0.1833214442276354,0.0146267115566816,3.0,extended/v7,v9,derived:7a0ecf120f0d,manuscript_phase1/results/revision/A8_v9/dense_sweep_stress.csv
tf_learned_patch,learned-patch transformer,MAE_logM,stress_base,1.0,ensemble,0.1733921618339654,,3.0,extended/v7,v9,derived:7a0ecf120f0d,manuscript_phase1/results/revision/A8_v9/dense_sweep_stress.csv
tf_fourier,Fourier-feature transformer,MAE_logM,stress_base,1.0,per_seed_mean,0.3318804483523612,0.0312534408586739,3.0,extended/v7,v9,derived:7a0ecf120f0d,manuscript_phase1/results/revision/A8_v9/dense_sweep_stress.csv
tf_fourier,Fourier-feature transformer,MAE_logM,stress_base,1.0,ensemble,0.3071695605668744,,3.0,extended/v7,v9,derived:7a0ecf120f0d,manuscript_phase1/results/revision/A8_v9/dense_sweep_stress.csv
tf_learned_patch_fixed1,learned-patch transformer (fixed s=1),MAE_logM,stress_base,1.0,per_seed_mean,0.1682452720142266,0.0060010407646246,3.0,extended/v7,v9,derived:7a0ecf120f0d,manuscript_phase1/results/revision/A8_v9/dense_sweep_stress.csv
tf_learned_patch_fixed1,learned-patch transformer (fixed s=1),MAE_logM,stress_base,1.0,ensemble,0.15838356029455,,3.0,extended/v7,v9,derived:7a0ecf120f0d,manuscript_phase1/results/revision/A8_v9/dense_sweep_stress.csv
tf_learned_patch_low,learned-patch transformer (s<=1),MAE_logM,stress_base,1.0,per_seed_mean,0.1898722959574866,0.0038395758072879,3.0,extended/v7,v9,derived:7a0ecf120f0d,manuscript_phase1/results/revision/A8_v9/dense_sweep_stress.csv
tf_learned_patch_low,learned-patch transformer (s<=1),MAE_logM,stress_base,1.0,ensemble,0.1815467929613092,,3.0,extended/v7,v9,derived:7a0ecf120f0d,manuscript_phase1/results/revision/A8_v9/dense_sweep_stress.csv
tf_fused_fixed1,fused transformer (fixed s=1),MAE_logM,stress_base,1.0,per_seed_mean,0.1420039519691597,0.0019758446053241,3.0,extended/v7,v9,derived:7a0ecf120f0d,manuscript_phase1/results/revision/A8_v9/dense_sweep_stress.csv
tf_fused_fixed1,fused transformer (fixed s=1),MAE_logM,stress_base,1.0,ensemble,0.135400457355089,,3.0,extended/v7,v9,derived:7a0ecf120f0d,manuscript_phase1/results/revision/A8_v9/dense_sweep_stress.csv
cnn_k45,tuned 1D CNN (kernel 45),MAE_logM,stress_base,1.0,per_seed_mean,0.1227129209394295,0.017879488435883,3.0,extended/v7,v9,derived:7a0ecf120f0d,manuscript_phase1/results/revision/A8_v9/dense_sweep_stress.csv
cnn_k45,tuned 1D CNN (kernel 45),MAE_logM,stress_base,1.0,ensemble,0.1141113935648077,,3.0,extended/v7,v9,derived:7a0ecf120f0d,manuscript_phase1/results/revision/A8_v9/dense_sweep_stress.csv
tf_p60,tuned transformer (patch 60),MAE_logM,stress_base,1.0,per_seed_mean,0.1574467886445161,0.0030102148225176,3.0,extended/v7,v9,derived:7a0ecf120f0d,manuscript_phase1/results/revision/A8_v9/dense_sweep_stress.csv
tf_p60,tuned transformer (patch 60),MAE_logM,stress_base,1.0,ensemble,0.1507712166347038,,3.0,extended/v7,v9,derived:7a0ecf120f0d,manuscript_phase1/results/revision/A8_v9/dense_sweep_stress.csv
cnn_base,1D CNN,MAE_logM,stress_base,1.5,per_seed_mean,0.2472400121153456,0.0073731781106849,3.0,extended/v7,v9,derived:7a0ecf120f0d,manuscript_phase1/results/revision/A8_v9/dense_sweep_stress.csv
cnn_base,1D CNN,MAE_logM,stress_base,1.5,ensemble,0.2320494230145678,,3.0,extended/v7,v9,derived:7a0ecf120f0d,manuscript_phase1/results/revision/A8_v9/dense_sweep_stress.csv
tf_fused,fused transformer,MAE_logM,stress_base,1.5,per_seed_mean,0.2008266108918788,0.004404090467852,3.0,extended/v7,v9,derived:7a0ecf120f0d,manuscript_phase1/results/revision/A8_v9/dense_sweep_stress.csv
tf_fused,fused transformer,MAE_logM,stress_base,1.5,ensemble,0.1891211115602695,,3.0,extended/v7,v9,derived:7a0ecf120f0d,manuscript_phase1/results/revision/A8_v9/dense_sweep_stress.csv
tf_learned_patch,learned-patch transformer,MAE_logM,stress_base,1.5,per_seed_mean,0.2324282830081511,0.0139427691251705,3.0,extended/v7,v9,derived:7a0ecf120f0d,manuscript_phase1/results/revision/A8_v9/dense_sweep_stress.csv
tf_learned_patch,learned-patch transformer,MAE_logM,stress_base,1.5,ensemble,0.2190537077550954,,3.0,extended/v7,v9,derived:7a0ecf120f0d,manuscript_phase1/results/revision/A8_v9/dense_sweep_stress.csv
tf_fourier,Fourier-feature transformer,MAE_logM,stress_base,1.5,per_seed_mean,0.4031066368082898,0.02320790337228,3.0,extended/v7,v9,derived:7a0ecf120f0d,manuscript_phase1/results/revision/A8_v9/dense_sweep_stress.csv
tf_fourier,Fourier-feature transformer,MAE_logM,stress_base,1.5,ensemble,0.3787562003588375,,3.0,extended/v7,v9,derived:7a0ecf120f0d,manuscript_phase1/results/revision/A8_v9/dense_sweep_stress.csv
tf_learned_patch_fixed1,learned-patch transformer (fixed s=1),MAE_logM,stress_base,1.5,per_seed_mean,0.2435562154459604,0.004573367252882,3.0,extended/v7,v9,derived:7a0ecf120f0d,manuscript_phase1/results/revision/A8_v9/dense_sweep_stress.csv
tf_learned_patch_fixed1,learned-patch transformer (fixed s=1),MAE_logM,stress_base,1.5,ensemble,0.2301787185525036,,3.0,extended/v7,v9,derived:7a0ecf120f0d,manuscript_phase1/results/revision/A8_v9/dense_sweep_stress.csv
tf_learned_patch_low,learned-patch transformer (s<=1),MAE_logM,stress_base,1.5,per_seed_mean,0.2985695361736918,0.0043713222780621,3.0,extended/v7,v9,derived:7a0ecf120f0d,manuscript_phase1/results/revision/A8_v9/dense_sweep_stress.csv
tf_learned_patch_low,learned-patch transformer (s<=1),MAE_logM,stress_base,1.5,ensemble,0.281565471007839,,3.0,extended/v7,v9,derived:7a0ecf120f0d,manuscript_phase1/results/revision/A8_v9/dense_sweep_stress.csv
tf_fused_fixed1,fused transformer (fixed s=1),MAE_logM,stress_base,1.5,per_seed_mean,0.2097762788994791,0.0096375553860748,3.0,extended/v7,v9,derived:7a0ecf120f0d,manuscript_phase1/results/revision/A8_v9/dense_sweep_stress.csv
tf_fused_fixed1,fused transformer (fixed s=1),MAE_logM,stress_base,1.5,ensemble,0.1984423210720721,,3.0,extended/v7,v9,derived:7a0ecf120f0d,manuscript_phase1/results/revision/A8_v9/dense_sweep_stress.csv
cnn_k45,tuned 1D CNN (kernel 45),MAE_logM,stress_base,1.5,per_seed_mean,0.161385468375731,0.0148503193106192,3.0,extended/v7,v9,derived:7a0ecf120f0d,manuscript_phase1/results/revision/A8_v9/dense_sweep_stress.csv
cnn_k45,tuned 1D CNN (kernel 45),MAE_logM,stress_base,1.5,ensemble,0.149352419625185,,3.0,extended/v7,v9,derived:7a0ecf120f0d,manuscript_phase1/results/revision/A8_v9/dense_sweep_stress.csv
tf_p60,tuned transformer (patch 60),MAE_logM,stress_base,1.5,per_seed_mean,0.1969121958797544,0.0076736369736296,3.0,extended/v7,v9,derived:7a0ecf120f0d,manuscript_phase1/results/revision/A8_v9/dense_sweep_stress.csv
tf_p60,tuned transformer (patch 60),MAE_logM,stress_base,1.5,ensemble,0.1874703721572128,,3.0,extended/v7,v9,derived:7a0ecf120f0d,manuscript_phase1/results/revision/A8_v9/dense_sweep_stress.csv
cnn_base,1D CNN,MAE_logM,stress_base,2.0,per_seed_mean,0.2983233363985891,0.0107264982274324,3.0,extended/v7,v9,derived:7a0ecf120f0d,manuscript_phase1/results/revision/A8_v9/dense_sweep_stress.csv
cnn_base,1D CNN,MAE_logM,stress_base,2.0,ensemble,0.2827791804865618,,3.0,extended/v7,v9,derived:7a0ecf120f0d,manuscript_phase1/results/revision/A8_v9/dense_sweep_stress.csv
tf_fused,fused transformer,MAE_logM,stress_base,2.0,per_seed_mean,0.2509785280526049,0.002695266115444,3.0,extended/v7,v9,derived:7a0ecf120f0d,manuscript_phase1/results/revision/A8_v9/dense_sweep_stress.csv
tf_fused,fused transformer,MAE_logM,stress_base,2.0,ensemble,0.2366017271045365,,3.0,extended/v7,v9,derived:7a0ecf120f0d,manuscript_phase1/results/revision/A8_v9/dense_sweep_stress.csv
tf_learned_patch,learned-patch transformer,MAE_logM,stress_base,2.0,per_seed_mean,0.3039423364787932,0.0175507365902352,3.0,extended/v7,v9,derived:7a0ecf120f0d,manuscript_phase1/results/revision/A8_v9/dense_sweep_stress.csv
tf_learned_patch,learned-patch transformer,MAE_logM,stress_base,2.0,ensemble,0.2849804288480428,,3.0,extended/v7,v9,derived:7a0ecf120f0d,manuscript_phase1/results/revision/A8_v9/dense_sweep_stress.csv
tf_fourier,Fourier-feature transformer,MAE_logM,stress_base,2.0,per_seed_mean,0.4703187184467916,0.0139706609813371,3.0,extended/v7,v9,derived:7a0ecf120f0d,manuscript_phase1/results/revision/A8_v9/dense_sweep_stress.csv
tf_fourier,Fourier-feature transformer,MAE_logM,stress_base,2.0,ensemble,0.4395783947256345,,3.0,extended/v7,v9,derived:7a0ecf120f0d,manuscript_phase1/results/revision/A8_v9/dense_sweep_stress.csv
tf_learned_patch_fixed1,learned-patch transformer (fixed s=1),MAE_logM,stress_base,2.0,per_seed_mean,0.3548401889534123,0.0104227532987104,3.0,extended/v7,v9,derived:7a0ecf120f0d,manuscript_phase1/results/revision/A8_v9/dense_sweep_stress.csv
tf_learned_patch_fixed1,learned-patch transformer (fixed s=1),MAE_logM,stress_base,2.0,ensemble,0.3367481293511216,,3.0,extended/v7,v9,derived:7a0ecf120f0d,manuscript_phase1/results/revision/A8_v9/dense_sweep_stress.csv
tf_learned_patch_low,learned-patch transformer (s<=1),MAE_logM,stress_base,2.0,per_seed_mean,0.4344484617485702,0.0230038950530159,3.0,extended/v7,v9,derived:7a0ecf120f0d,manuscript_phase1/results/revision/A8_v9/dense_sweep_stress.csv
tf_learned_patch_low,learned-patch transformer (s<=1),MAE_logM,stress_base,2.0,ensemble,0.4091186246916462,,3.0,extended/v7,v9,derived:7a0ecf120f0d,manuscript_phase1/results/revision/A8_v9/dense_sweep_stress.csv
tf_fused_fixed1,fused transformer (fixed s=1),MAE_logM,stress_base,2.0,per_seed_mean,0.3102449208087482,0.0105323412910078,3.0,extended/v7,v9,derived:7a0ecf120f0d,manuscript_phase1/results/revision/A8_v9/dense_sweep_stress.csv
tf_fused_fixed1,fused transformer (fixed s=1),MAE_logM,stress_base,2.0,ensemble,0.2947916872199678,,3.0,extended/v7,v9,derived:7a0ecf120f0d,manuscript_phase1/results/revision/A8_v9/dense_sweep_stress.csv
cnn_k45,tuned 1D CNN (kernel 45),MAE_logM,stress_base,2.0,per_seed_mean,0.2019472581815427,0.0115706783733796,3.0,extended/v7,v9,derived:7a0ecf120f0d,manuscript_phase1/results/revision/A8_v9/dense_sweep_stress.csv
cnn_k45,tuned 1D CNN (kernel 45),MAE_logM,stress_base,2.0,ensemble,0.1882406601165825,,3.0,extended/v7,v9,derived:7a0ecf120f0d,manuscript_phase1/results/revision/A8_v9/dense_sweep_stress.csv
tf_p60,tuned transformer (patch 60),MAE_logM,stress_base,2.0,per_seed_mean,0.2419584473519636,0.0068235974695234,3.0,extended/v7,v9,derived:7a0ecf120f0d,manuscript_phase1/results/revision/A8_v9/dense_sweep_stress.csv
tf_p60,tuned transformer (patch 60),MAE_logM,stress_base,2.0,ensemble,0.2298634035207731,,3.0,extended/v7,v9,derived:7a0ecf120f0d,manuscript_phase1/results/revision/A8_v9/dense_sweep_stress.csv
cnn_base,1D CNN,MAE_logM,stress_base,3.0,per_seed_mean,0.4456309100166071,0.0105649981409141,3.0,extended/v7,v9,derived:7a0ecf120f0d,manuscript_phase1/results/revision/A8_v9/dense_sweep_stress.csv
cnn_base,1D CNN,MAE_logM,stress_base,3.0,ensemble,0.4306051510729274,,3.0,extended/v7,v9,derived:7a0ecf120f0d,manuscript_phase1/results/revision/A8_v9/dense_sweep_stress.csv
tf_fused,fused transformer,MAE_logM,stress_base,3.0,per_seed_mean,0.3520131194673231,0.0169383082589784,3.0,extended/v7,v9,derived:7a0ecf120f0d,manuscript_phase1/results/revision/A8_v9/dense_sweep_stress.csv
tf_fused,fused transformer,MAE_logM,stress_base,3.0,ensemble,0.3328466019296003,,3.0,extended/v7,v9,derived:7a0ecf120f0d,manuscript_phase1/results/revision/A8_v9/dense_sweep_stress.csv
tf_learned_patch,learned-patch transformer,MAE_logM,stress_base,3.0,per_seed_mean,0.433346773691128,0.0165616179652545,3.0,extended/v7,v9,derived:7a0ecf120f0d,manuscript_phase1/results/revision/A8_v9/dense_sweep_stress.csv
tf_learned_patch,learned-patch transformer,MAE_logM,stress_base,3.0,ensemble,0.4096806312560597,,3.0,extended/v7,v9,derived:7a0ecf120f0d,manuscript_phase1/results/revision/A8_v9/dense_sweep_stress.csv
tf_fourier,Fourier-feature transformer,MAE_logM,stress_base,3.0,per_seed_mean,0.6049100602801057,0.0111952404133185,3.0,extended/v7,v9,derived:7a0ecf120f0d,manuscript_phase1/results/revision/A8_v9/dense_sweep_stress.csv
tf_fourier,Fourier-feature transformer,MAE_logM,stress_base,3.0,ensemble,0.574671202549089,,3.0,extended/v7,v9,derived:7a0ecf120f0d,manuscript_phase1/results/revision/A8_v9/dense_sweep_stress.csv
tf_learned_patch_fixed1,learned-patch transformer (fixed s=1),MAE_logM,stress_base,3.0,per_seed_mean,0.6577205373871401,0.0569936653230261,3.0,extended/v7,v9,derived:7a0ecf120f0d,manuscript_phase1/results/revision/A8_v9/dense_sweep_stress.csv
tf_learned_patch_fixed1,learned-patch transformer (fixed s=1),MAE_logM,stress_base,3.0,ensemble,0.6217411201281868,,3.0,extended/v7,v9,derived:7a0ecf120f0d,manuscript_phase1/results/revision/A8_v9/dense_sweep_stress.csv
tf_learned_patch_low,learned-patch transformer (s<=1),MAE_logM,stress_base,3.0,per_seed_mean,0.7755903459801985,0.054749243841803,3.0,extended/v7,v9,derived:7a0ecf120f0d,manuscript_phase1/results/revision/A8_v9/dense_sweep_stress.csv
tf_learned_patch_low,learned-patch transformer (s<=1),MAE_logM,stress_base,3.0,ensemble,0.7322833192724314,,3.0,extended/v7,v9,derived:7a0ecf120f0d,manuscript_phase1/results/revision/A8_v9/dense_sweep_stress.csv
tf_fused_fixed1,fused transformer (fixed s=1),MAE_logM,stress_base,3.0,per_seed_mean,0.61434554427393,0.0374413487155697,3.0,extended/v7,v9,derived:7a0ecf120f0d,manuscript_phase1/results/revision/A8_v9/dense_sweep_stress.csv
tf_fused_fixed1,fused transformer (fixed s=1),MAE_logM,stress_base,3.0,ensemble,0.5798593536319983,,3.0,extended/v7,v9,derived:7a0ecf120f0d,manuscript_phase1/results/revision/A8_v9/dense_sweep_stress.csv
cnn_k45,tuned 1D CNN (kernel 45),MAE_logM,stress_base,3.0,per_seed_mean,0.3068328890960124,0.0157520981879238,3.0,extended/v7,v9,derived:7a0ecf120f0d,manuscript_phase1/results/revision/A8_v9/dense_sweep_stress.csv
cnn_k45,tuned 1D CNN (kernel 45),MAE_logM,stress_base,3.0,ensemble,0.2942201280040303,,3.0,extended/v7,v9,derived:7a0ecf120f0d,manuscript_phase1/results/revision/A8_v9/dense_sweep_stress.csv
tf_p60,tuned transformer (patch 60),MAE_logM,stress_base,3.0,per_seed_mean,0.3621465666326813,0.0053417566400919,3.0,extended/v7,v9,derived:7a0ecf120f0d,manuscript_phase1/results/revision/A8_v9/dense_sweep_stress.csv
tf_p60,tuned transformer (patch 60),MAE_logM,stress_base,3.0,ensemble,0.3445174950610296,,3.0,extended/v7,v9,derived:7a0ecf120f0d,manuscript_phase1/results/revision/A8_v9/dense_sweep_stress.csv
cnn_base,1D CNN,MAE_logM,stress_base,4.0,per_seed_mean,0.5986436677128661,0.0144540295289455,3.0,extended/v7,v9,derived:7a0ecf120f0d,manuscript_phase1/results/revision/A8_v9/dense_sweep_stress.csv
cnn_base,1D CNN,MAE_logM,stress_base,4.0,ensemble,0.5854296741648757,,3.0,extended/v7,v9,derived:7a0ecf120f0d,manuscript_phase1/results/revision/A8_v9/dense_sweep_stress.csv
tf_fused,fused transformer,MAE_logM,stress_base,4.0,per_seed_mean,0.4765691264677454,0.024718242366227,3.0,extended/v7,v9,derived:7a0ecf120f0d,manuscript_phase1/results/revision/A8_v9/dense_sweep_stress.csv
tf_fused,fused transformer,MAE_logM,stress_base,4.0,ensemble,0.4573916263114806,,3.0,extended/v7,v9,derived:7a0ecf120f0d,manuscript_phase1/results/revision/A8_v9/dense_sweep_stress.csv
tf_learned_patch,learned-patch transformer,MAE_logM,stress_base,4.0,per_seed_mean,0.5648693521144508,0.0245544750436974,3.0,extended/v7,v9,derived:7a0ecf120f0d,manuscript_phase1/results/revision/A8_v9/dense_sweep_stress.csv
tf_learned_patch,learned-patch transformer,MAE_logM,stress_base,4.0,ensemble,0.5357097365259738,,3.0,extended/v7,v9,derived:7a0ecf120f0d,manuscript_phase1/results/revision/A8_v9/dense_sweep_stress.csv
tf_fourier,Fourier-feature transformer,MAE_logM,stress_base,4.0,per_seed_mean,0.7449403501344136,0.0352126654499256,3.0,extended/v7,v9,derived:7a0ecf120f0d,manuscript_phase1/results/revision/A8_v9/dense_sweep_stress.csv
tf_fourier,Fourier-feature transformer,MAE_logM,stress_base,4.0,ensemble,0.7084000346180083,,3.0,extended/v7,v9,derived:7a0ecf120f0d,manuscript_phase1/results/revision/A8_v9/dense_sweep_stress.csv
tf_learned_patch_fixed1,learned-patch transformer (fixed s=1),MAE_logM,stress_base,4.0,per_seed_mean,0.995602814865868,0.06143286191894,3.0,extended/v7,v9,derived:7a0ecf120f0d,manuscript_phase1/results/revision/A8_v9/dense_sweep_stress.csv
tf_learned_patch_fixed1,learned-patch transformer (fixed s=1),MAE_logM,stress_base,4.0,ensemble,0.9371069312320016,,3.0,extended/v7,v9,derived:7a0ecf120f0d,manuscript_phase1/results/revision/A8_v9/dense_sweep_stress.csv
tf_learned_patch_low,learned-patch transformer (s<=1),MAE_logM,stress_base,4.0,per_seed_mean,1.0706391840730975,0.0900936103323397,3.0,extended/v7,v9,derived:7a0ecf120f0d,manuscript_phase1/results/revision/A8_v9/dense_sweep_stress.csv
tf_learned_patch_low,learned-patch transformer (s<=1),MAE_logM,stress_base,4.0,ensemble,1.023664037145312,,3.0,extended/v7,v9,derived:7a0ecf120f0d,manuscript_phase1/results/revision/A8_v9/dense_sweep_stress.csv
tf_fused_fixed1,fused transformer (fixed s=1),MAE_logM,stress_base,4.0,per_seed_mean,0.9452814539586823,0.0318593092723852,3.0,extended/v7,v9,derived:7a0ecf120f0d,manuscript_phase1/results/revision/A8_v9/dense_sweep_stress.csv
tf_fused_fixed1,fused transformer (fixed s=1),MAE_logM,stress_base,4.0,ensemble,0.9013896224880372,,3.0,extended/v7,v9,derived:7a0ecf120f0d,manuscript_phase1/results/revision/A8_v9/dense_sweep_stress.csv
cnn_k45,tuned 1D CNN (kernel 45),MAE_logM,stress_base,4.0,per_seed_mean,0.4308619499394341,0.0126661650659954,3.0,extended/v7,v9,derived:7a0ecf120f0d,manuscript_phase1/results/revision/A8_v9/dense_sweep_stress.csv
cnn_k45,tuned 1D CNN (kernel 45),MAE_logM,stress_base,4.0,ensemble,0.4184005763293996,,3.0,extended/v7,v9,derived:7a0ecf120f0d,manuscript_phase1/results/revision/A8_v9/dense_sweep_stress.csv
tf_p60,tuned transformer (patch 60),MAE_logM,stress_base,4.0,per_seed_mean,0.5004976375879573,0.0061371075727899,3.0,extended/v7,v9,derived:7a0ecf120f0d,manuscript_phase1/results/revision/A8_v9/dense_sweep_stress.csv
tf_p60,tuned transformer (patch 60),MAE_logM,stress_base,4.0,ensemble,0.4746174245030349,,3.0,extended/v7,v9,derived:7a0ecf120f0d,manuscript_phase1/results/revision/A8_v9/dense_sweep_stress.csv
metadata_mlp_l1,metadata MLP (L1),MAE_logM,stress_base,0.25,per_seed_mean,0.6423995689308856,0.0,3.0,,v9,derived:7a0ecf120f0d,manuscript_phase1/results/revision/A8_v9/dense_sweep_stress.csv
metadata_mlp_l1,metadata MLP (L1),MAE_logM,stress_base,0.25,ensemble,0.6423995689308856,,3.0,,v9,derived:7a0ecf120f0d,manuscript_phase1/results/revision/A8_v9/dense_sweep_stress.csv
metadata_mlp_l1,metadata MLP (L1),MAE_logM,stress_base,0.5,per_seed_mean,0.6423995689308856,0.0,3.0,,v9,derived:7a0ecf120f0d,manuscript_phase1/results/revision/A8_v9/dense_sweep_stress.csv
metadata_mlp_l1,metadata MLP (L1),MAE_logM,stress_base,0.5,ensemble,0.6423995689308856,,3.0,,v9,derived:7a0ecf120f0d,manuscript_phase1/results/revision/A8_v9/dense_sweep_stress.csv
metadata_mlp_l1,metadata MLP (L1),MAE_logM,stress_base,0.75,per_seed_mean,0.6423995689308856,0.0,3.0,,v9,derived:7a0ecf120f0d,manuscript_phase1/results/revision/A8_v9/dense_sweep_stress.csv
metadata_mlp_l1,metadata MLP (L1),MAE_logM,stress_base,0.75,ensemble,0.6423995689308856,,3.0,,v9,derived:7a0ecf120f0d,manuscript_phase1/results/revision/A8_v9/dense_sweep_stress.csv
metadata_mlp_l1,metadata MLP (L1),MAE_logM,stress_base,1.0,ensemble,0.6423995689308856,,3.0,,v9,derived:7a0ecf120f0d,manuscript_phase1/results/revision/A8_v9/dense_sweep_stress.csv
metadata_mlp_l1,metadata MLP (L1),MAE_logM,stress_base,1.5,per_seed_mean,0.6423995689308856,0.0,3.0,,v9,derived:7a0ecf120f0d,manuscript_phase1/results/revision/A8_v9/dense_sweep_stress.csv
metadata_mlp_l1,metadata MLP (L1),MAE_logM,stress_base,1.5,ensemble,0.6423995689308856,,3.0,,v9,derived:7a0ecf120f0d,manuscript_phase1/results/revision/A8_v9/dense_sweep_stress.csv
metadata_mlp_l1,metadata MLP (L1),MAE_logM,stress_base,2.0,per_seed_mean,0.6423995689308856,0.0,3.0,,v9,derived:7a0ecf120f0d,manuscript_phase1/results/revision/A8_v9/dense_sweep_stress.csv
metadata_mlp_l1,metadata MLP (L1),MAE_logM,stress_base,2.0,ensemble,0.6423995689308856,,3.0,,v9,derived:7a0ecf120f0d,manuscript_phase1/results/revision/A8_v9/dense_sweep_stress.csv
metadata_mlp_l1,metadata MLP (L1),MAE_logM,stress_base,3.0,per_seed_mean,0.6423995689308856,0.0,3.0,,v9,derived:7a0ecf120f0d,manuscript_phase1/results/revision/A8_v9/dense_sweep_stress.csv
metadata_mlp_l1,metadata MLP (L1),MAE_logM,stress_base,3.0,ensemble,0.6423995689308856,,3.0,,v9,derived:7a0ecf120f0d,manuscript_phase1/results/revision/A8_v9/dense_sweep_stress.csv
metadata_mlp_l1,metadata MLP (L1),MAE_logM,stress_base,4.0,per_seed_mean,0.6423995689308856,0.0,3.0,,v9,derived:7a0ecf120f0d,manuscript_phase1/results/revision/A8_v9/dense_sweep_stress.csv
metadata_mlp_l1,metadata MLP (L1),MAE_logM,stress_base,4.0,ensemble,0.6423995689308856,,3.0,,v9,derived:7a0ecf120f0d,manuscript_phase1/results/revision/A8_v9/dense_sweep_stress.csv
cnn_k45,tuned 1D CNN (kernel 45),within_condition_rho,replicate_eval,0.25,ensemble,0.9866105263157894,,3.0,extended/v7,v9,derived:f58a8cec9c99,manuscript_phase1/results/revision/A14_v9/extended_rho_replicate.csv
cnn_k45,tuned 1D CNN (kernel 45),MAE_logM,replicate_eval,0.25,ensemble,0.0732807099774131,,3.0,extended/v7,v9,derived:f58a8cec9c99,manuscript_phase1/results/revision/A14_v9/extended_rho_replicate.csv
tf_p60,tuned transformer (patch 60),within_condition_rho,replicate_eval,0.25,ensemble,0.9788390977443608,,3.0,extended/v7,v9,derived:f58a8cec9c99,manuscript_phase1/results/revision/A14_v9/extended_rho_replicate.csv
tf_p60,tuned transformer (patch 60),MAE_logM,replicate_eval,0.25,ensemble,0.0974931741088224,,3.0,extended/v7,v9,derived:f58a8cec9c99,manuscript_phase1/results/revision/A14_v9/extended_rho_replicate.csv
cnn_base,1D CNN,within_condition_rho,replicate_eval,0.25,ensemble,0.9708812030075188,,3.0,extended/v7,v9,derived:f58a8cec9c99,manuscript_phase1/results/revision/A14_v9/extended_rho_replicate.csv
cnn_base,1D CNN,MAE_logM,replicate_eval,0.25,ensemble,0.107402146871396,,3.0,extended/v7,v9,derived:f58a8cec9c99,manuscript_phase1/results/revision/A14_v9/extended_rho_replicate.csv
tf_fused,fused transformer,within_condition_rho,replicate_eval,0.25,ensemble,0.97750977443609,,3.0,extended/v7,v9,derived:f58a8cec9c99,manuscript_phase1/results/revision/A14_v9/extended_rho_replicate.csv
tf_fused,fused transformer,MAE_logM,replicate_eval,0.25,ensemble,0.0778740302900266,,3.0,extended/v7,v9,derived:f58a8cec9c99,manuscript_phase1/results/revision/A14_v9/extended_rho_replicate.csv
tf_learned_patch,learned-patch transformer,within_condition_rho,replicate_eval,0.25,ensemble,0.9749654135338344,,3.0,extended/v7,v9,derived:f58a8cec9c99,manuscript_phase1/results/revision/A14_v9/extended_rho_replicate.csv
tf_learned_patch,learned-patch transformer,MAE_logM,replicate_eval,0.25,ensemble,0.1042738638124474,,3.0,extended/v7,v9,derived:f58a8cec9c99,manuscript_phase1/results/revision/A14_v9/extended_rho_replicate.csv
tf_fourier,Fourier-feature transformer,within_condition_rho,replicate_eval,0.25,ensemble,0.9220872180451126,,3.0,extended/v7,v9,derived:f58a8cec9c99,manuscript_phase1/results/revision/A14_v9/extended_rho_replicate.csv
tf_fourier,Fourier-feature transformer,MAE_logM,replicate_eval,0.25,ensemble,0.1776582905393964,,3.0,extended/v7,v9,derived:f58a8cec9c99,manuscript_phase1/results/revision/A14_v9/extended_rho_replicate.csv
cnn_k45,tuned 1D CNN (kernel 45),within_condition_rho,replicate_eval,0.5,ensemble,0.979145864661654,,3.0,extended/v7,v9,derived:f58a8cec9c99,manuscript_phase1/results/revision/A14_v9/extended_rho_replicate.csv
cnn_k45,tuned 1D CNN (kernel 45),MAE_logM,replicate_eval,0.5,ensemble,0.0886131434939272,,3.0,extended/v7,v9,derived:f58a8cec9c99,manuscript_phase1/results/revision/A14_v9/extended_rho_replicate.csv
tf_p60,tuned transformer (patch 60),within_condition_rho,replicate_eval,0.5,ensemble,0.9675248120300752,,3.0,extended/v7,v9,derived:f58a8cec9c99,manuscript_phase1/results/revision/A14_v9/extended_rho_replicate.csv
tf_p60,tuned transformer (patch 60),MAE_logM,replicate_eval,0.5,ensemble,0.1158097061683086,,3.0,extended/v7,v9,derived:f58a8cec9c99,manuscript_phase1/results/revision/A14_v9/extended_rho_replicate.csv
cnn_base,1D CNN,within_condition_rho,replicate_eval,0.5,ensemble,0.9576842105263156,,3.0,extended/v7,v9,derived:f58a8cec9c99,manuscript_phase1/results/revision/A14_v9/extended_rho_replicate.csv
cnn_base,1D CNN,MAE_logM,replicate_eval,0.5,ensemble,0.1319135130069227,,3.0,extended/v7,v9,derived:f58a8cec9c99,manuscript_phase1/results/revision/A14_v9/extended_rho_replicate.csv
tf_fused,fused transformer,within_condition_rho,replicate_eval,0.5,ensemble,0.9632,,3.0,extended/v7,v9,derived:f58a8cec9c99,manuscript_phase1/results/revision/A14_v9/extended_rho_replicate.csv
tf_fused,fused transformer,MAE_logM,replicate_eval,0.5,ensemble,0.103995098733894,,3.0,extended/v7,v9,derived:f58a8cec9c99,manuscript_phase1/results/revision/A14_v9/extended_rho_replicate.csv
tf_learned_patch,learned-patch transformer,within_condition_rho,replicate_eval,0.5,ensemble,0.9556872180451128,,3.0,extended/v7,v9,derived:f58a8cec9c99,manuscript_phase1/results/revision/A14_v9/extended_rho_replicate.csv
tf_learned_patch,learned-patch transformer,MAE_logM,replicate_eval,0.5,ensemble,0.1283400989857845,,3.0,extended/v7,v9,derived:f58a8cec9c99,manuscript_phase1/results/revision/A14_v9/extended_rho_replicate.csv
tf_fourier,Fourier-feature transformer,within_condition_rho,replicate_eval,0.5,ensemble,0.8872721804511278,,3.0,extended/v7,v9,derived:f58a8cec9c99,manuscript_phase1/results/revision/A14_v9/extended_rho_replicate.csv
tf_fourier,Fourier-feature transformer,MAE_logM,replicate_eval,0.5,ensemble,0.2165741305394626,,3.0,extended/v7,v9,derived:f58a8cec9c99,manuscript_phase1/results/revision/A14_v9/extended_rho_replicate.csv
cnn_k45,tuned 1D CNN (kernel 45),within_condition_rho,replicate_eval,0.75,ensemble,0.966363909774436,,3.0,extended/v7,v9,derived:f58a8cec9c99,manuscript_phase1/results/revision/A14_v9/extended_rho_replicate.csv
cnn_k45,tuned 1D CNN (kernel 45),MAE_logM,replicate_eval,0.75,ensemble,0.1068294701260918,,3.0,extended/v7,v9,derived:f58a8cec9c99,manuscript_phase1/results/revision/A14_v9/extended_rho_replicate.csv
tf_p60,tuned transformer (patch 60),within_condition_rho,replicate_eval,0.75,ensemble,0.9520842105263158,,3.0,extended/v7,v9,derived:f58a8cec9c99,manuscript_phase1/results/revision/A14_v9/extended_rho_replicate.csv
tf_p60,tuned transformer (patch 60),MAE_logM,replicate_eval,0.75,ensemble,0.1363828950111017,,3.0,extended/v7,v9,derived:f58a8cec9c99,manuscript_phase1/results/revision/A14_v9/extended_rho_replicate.csv
cnn_base,1D CNN,within_condition_rho,replicate_eval,0.75,ensemble,0.933984962406015,,3.0,extended/v7,v9,derived:f58a8cec9c99,manuscript_phase1/results/revision/A14_v9/extended_rho_replicate.csv
cnn_base,1D CNN,MAE_logM,replicate_eval,0.75,ensemble,0.1644493149405049,,3.0,extended/v7,v9,derived:f58a8cec9c99,manuscript_phase1/results/revision/A14_v9/extended_rho_replicate.csv
tf_fused,fused transformer,within_condition_rho,replicate_eval,0.75,ensemble,0.9442646616541353,,3.0,extended/v7,v9,derived:f58a8cec9c99,manuscript_phase1/results/revision/A14_v9/extended_rho_replicate.csv
tf_fused,fused transformer,MAE_logM,replicate_eval,0.75,ensemble,0.1310708269828191,,3.0,extended/v7,v9,derived:f58a8cec9c99,manuscript_phase1/results/revision/A14_v9/extended_rho_replicate.csv
tf_learned_patch,learned-patch transformer,within_condition_rho,replicate_eval,0.75,ensemble,0.933545864661654,,3.0,extended/v7,v9,derived:f58a8cec9c99,manuscript_phase1/results/revision/A14_v9/extended_rho_replicate.csv
tf_learned_patch,learned-patch transformer,MAE_logM,replicate_eval,0.75,ensemble,0.154782423801983,,3.0,extended/v7,v9,derived:f58a8cec9c99,manuscript_phase1/results/revision/A14_v9/extended_rho_replicate.csv
tf_fourier,Fourier-feature transformer,within_condition_rho,replicate_eval,0.75,ensemble,0.847987969924812,,3.0,extended/v7,v9,derived:f58a8cec9c99,manuscript_phase1/results/revision/A14_v9/extended_rho_replicate.csv
tf_fourier,Fourier-feature transformer,MAE_logM,replicate_eval,0.75,ensemble,0.2624020592117674,,3.0,extended/v7,v9,derived:f58a8cec9c99,manuscript_phase1/results/revision/A14_v9/extended_rho_replicate.csv
cnn_k45,tuned 1D CNN (kernel 45),within_condition_rho,replicate_eval,1.0,ensemble,0.952384962406015,,3.0,extended/v7,v9,derived:f58a8cec9c99,manuscript_phase1/results/revision/A14_v9/extended_rho_replicate.csv
cnn_k45,tuned 1D CNN (kernel 45),MAE_logM,replicate_eval,1.0,ensemble,0.1254923083961556,,3.0,extended/v7,v9,derived:f58a8cec9c99,manuscript_phase1/results/revision/A14_v9/extended_rho_replicate.csv
tf_p60,tuned transformer (patch 60),within_condition_rho,replicate_eval,1.0,ensemble,0.9339368421052632,,3.0,extended/v7,v9,derived:f58a8cec9c99,manuscript_phase1/results/revision/A14_v9/extended_rho_replicate.csv
tf_p60,tuned transformer (patch 60),MAE_logM,replicate_eval,1.0,ensemble,0.1586612679254422,,3.0,extended/v7,v9,derived:f58a8cec9c99,manuscript_phase1/results/revision/A14_v9/extended_rho_replicate.csv
cnn_base,1D CNN,within_condition_rho,replicate_eval,1.0,ensemble,0.9026045112781952,,3.0,extended/v7,v9,derived:f58a8cec9c99,manuscript_phase1/results/revision/A14_v9/extended_rho_replicate.csv
cnn_base,1D CNN,MAE_logM,replicate_eval,1.0,ensemble,0.1976169581830499,,3.0,extended/v7,v9,derived:f58a8cec9c99,manuscript_phase1/results/revision/A14_v9/extended_rho_replicate.csv
tf_fused,fused transformer,within_condition_rho,replicate_eval,1.0,ensemble,0.9256781954887218,,3.0,extended/v7,v9,derived:f58a8cec9c99,manuscript_phase1/results/revision/A14_v9/extended_rho_replicate.csv
tf_fused,fused transformer,MAE_logM,replicate_eval,1.0,ensemble,0.1547013641901476,,3.0,extended/v7,v9,derived:f58a8cec9c99,manuscript_phase1/results/revision/A14_v9/extended_rho_replicate.csv
tf_learned_patch,learned-patch transformer,within_condition_rho,replicate_eval,1.0,ensemble,0.9114526315789472,,3.0,extended/v7,v9,derived:f58a8cec9c99,manuscript_phase1/results/revision/A14_v9/extended_rho_replicate.csv
tf_learned_patch,learned-patch transformer,MAE_logM,replicate_eval,1.0,ensemble,0.1798602521490266,,3.0,extended/v7,v9,derived:f58a8cec9c99,manuscript_phase1/results/revision/A14_v9/extended_rho_replicate.csv
tf_fourier,Fourier-feature transformer,within_condition_rho,replicate_eval,1.0,ensemble,0.815981954887218,,3.0,extended/v7,v9,derived:f58a8cec9c99,manuscript_phase1/results/revision/A14_v9/extended_rho_replicate.csv
tf_fourier,Fourier-feature transformer,MAE_logM,replicate_eval,1.0,ensemble,0.3070697387075041,,3.0,extended/v7,v9,derived:f58a8cec9c99,manuscript_phase1/results/revision/A14_v9/extended_rho_replicate.csv
cnn_k45,tuned 1D CNN (kernel 45),within_condition_rho,replicate_eval,1.5,ensemble,0.920366917293233,,3.0,extended/v7,v9,derived:f58a8cec9c99,manuscript_phase1/results/revision/A14_v9/extended_rho_replicate.csv
cnn_k45,tuned 1D CNN (kernel 45),MAE_logM,replicate_eval,1.5,ensemble,0.1643341510940759,,3.0,extended/v7,v9,derived:f58a8cec9c99,manuscript_phase1/results/revision/A14_v9/extended_rho_replicate.csv
tf_p60,tuned transformer (patch 60),within_condition_rho,replicate_eval,1.5,ensemble,0.8934917293233082,,3.0,extended/v7,v9,derived:f58a8cec9c99,manuscript_phase1/results/revision/A14_v9/extended_rho_replicate.csv
tf_p60,tuned transformer (patch 60),MAE_logM,replicate_eval,1.5,ensemble,0.2035790686620109,,3.0,extended/v7,v9,derived:f58a8cec9c99,manuscript_phase1/results/revision/A14_v9/extended_rho_replicate.csv
cnn_base,1D CNN,within_condition_rho,replicate_eval,1.5,ensemble,0.8446015037593984,,3.0,extended/v7,v9,derived:f58a8cec9c99,manuscript_phase1/results/revision/A14_v9/extended_rho_replicate.csv
cnn_base,1D CNN,MAE_logM,replicate_eval,1.5,ensemble,0.2628725993845587,,3.0,extended/v7,v9,derived:f58a8cec9c99,manuscript_phase1/results/revision/A14_v9/extended_rho_replicate.csv
tf_fused,fused transformer,within_condition_rho,replicate_eval,1.5,ensemble,0.8840962406015037,,3.0,extended/v7,v9,derived:f58a8cec9c99,manuscript_phase1/results/revision/A14_v9/extended_rho_replicate.csv
tf_fused,fused transformer,MAE_logM,replicate_eval,1.5,ensemble,0.2021195772241038,,3.0,extended/v7,v9,derived:f58a8cec9c99,manuscript_phase1/results/revision/A14_v9/extended_rho_replicate.csv
tf_learned_patch,learned-patch transformer,within_condition_rho,replicate_eval,1.5,ensemble,0.8636812030075189,,3.0,extended/v7,v9,derived:f58a8cec9c99,manuscript_phase1/results/revision/A14_v9/extended_rho_replicate.csv
tf_learned_patch,learned-patch transformer,MAE_logM,replicate_eval,1.5,ensemble,0.230006576684171,,3.0,extended/v7,v9,derived:f58a8cec9c99,manuscript_phase1/results/revision/A14_v9/extended_rho_replicate.csv
tf_fourier,Fourier-feature transformer,within_condition_rho,replicate_eval,1.5,ensemble,0.7487518796992481,,3.0,extended/v7,v9,derived:f58a8cec9c99,manuscript_phase1/results/revision/A14_v9/extended_rho_replicate.csv
tf_fourier,Fourier-feature transformer,MAE_logM,replicate_eval,1.5,ensemble,0.3843585872786834,,3.0,extended/v7,v9,derived:f58a8cec9c99,manuscript_phase1/results/revision/A14_v9/extended_rho_replicate.csv
cnn_k45,tuned 1D CNN (kernel 45),within_condition_rho,replicate_eval,2.0,ensemble,0.8810526315789473,,3.0,extended/v7,v9,derived:f58a8cec9c99,manuscript_phase1/results/revision/A14_v9/extended_rho_replicate.csv
cnn_k45,tuned 1D CNN (kernel 45),MAE_logM,replicate_eval,2.0,ensemble,0.2086577753696954,,3.0,extended/v7,v9,derived:f58a8cec9c99,manuscript_phase1/results/revision/A14_v9/extended_rho_replicate.csv
tf_p60,tuned transformer (patch 60),within_condition_rho,replicate_eval,2.0,ensemble,0.8477233082706767,,3.0,extended/v7,v9,derived:f58a8cec9c99,manuscript_phase1/results/revision/A14_v9/extended_rho_replicate.csv
tf_p60,tuned transformer (patch 60),MAE_logM,replicate_eval,2.0,ensemble,0.2547856997113429,,3.0,extended/v7,v9,derived:f58a8cec9c99,manuscript_phase1/results/revision/A14_v9/extended_rho_replicate.csv
cnn_base,1D CNN,within_condition_rho,replicate_eval,2.0,ensemble,0.7845654135338346,,3.0,extended/v7,v9,derived:f58a8cec9c99,manuscript_phase1/results/revision/A14_v9/extended_rho_replicate.csv
cnn_base,1D CNN,MAE_logM,replicate_eval,2.0,ensemble,0.3219627932530075,,3.0,extended/v7,v9,derived:f58a8cec9c99,manuscript_phase1/results/revision/A14_v9/extended_rho_replicate.csv
tf_fused,fused transformer,within_condition_rho,replicate_eval,2.0,ensemble,0.8285233082706766,,3.0,extended/v7,v9,derived:f58a8cec9c99,manuscript_phase1/results/revision/A14_v9/extended_rho_replicate.csv
tf_fused,fused transformer,MAE_logM,replicate_eval,2.0,ensemble,0.2508656777690015,,3.0,extended/v7,v9,derived:f58a8cec9c99,manuscript_phase1/results/revision/A14_v9/extended_rho_replicate.csv
tf_learned_patch,learned-patch transformer,within_condition_rho,replicate_eval,2.0,ensemble,0.8147909774436088,,3.0,extended/v7,v9,derived:f58a8cec9c99,manuscript_phase1/results/revision/A14_v9/extended_rho_replicate.csv
tf_learned_patch,learned-patch transformer,MAE_logM,replicate_eval,2.0,ensemble,0.2857738874223995,,3.0,extended/v7,v9,derived:f58a8cec9c99,manuscript_phase1/results/revision/A14_v9/extended_rho_replicate.csv
tf_fourier,Fourier-feature transformer,within_condition_rho,replicate_eval,2.0,ensemble,0.6741593984962405,,3.0,extended/v7,v9,derived:f58a8cec9c99,manuscript_phase1/results/revision/A14_v9/extended_rho_replicate.csv
tf_fourier,Fourier-feature transformer,MAE_logM,replicate_eval,2.0,ensemble,0.4582217365353105,,3.0,extended/v7,v9,derived:f58a8cec9c99,manuscript_phase1/results/revision/A14_v9/extended_rho_replicate.csv
cnn_k45,tuned 1D CNN (kernel 45),within_condition_rho,replicate_eval,3.0,ensemble,0.7812992481203007,,3.0,extended/v7,v9,derived:f58a8cec9c99,manuscript_phase1/results/revision/A14_v9/extended_rho_replicate.csv
cnn_k45,tuned 1D CNN (kernel 45),MAE_logM,replicate_eval,3.0,ensemble,0.3159813723521422,,3.0,extended/v7,v9,derived:f58a8cec9c99,manuscript_phase1/results/revision/A14_v9/extended_rho_replicate.csv
tf_p60,tuned transformer (patch 60),within_condition_rho,replicate_eval,3.0,ensemble,0.7426947368421053,,3.0,extended/v7,v9,derived:f58a8cec9c99,manuscript_phase1/results/revision/A14_v9/extended_rho_replicate.csv
tf_p60,tuned transformer (patch 60),MAE_logM,replicate_eval,3.0,ensemble,0.3707808142589789,,3.0,extended/v7,v9,derived:f58a8cec9c99,manuscript_phase1/results/revision/A14_v9/extended_rho_replicate.csv
cnn_base,1D CNN,within_condition_rho,replicate_eval,3.0,ensemble,0.6658706766917292,,3.0,extended/v7,v9,derived:f58a8cec9c99,manuscript_phase1/results/revision/A14_v9/extended_rho_replicate.csv
cnn_base,1D CNN,MAE_logM,replicate_eval,3.0,ensemble,0.4516492099459009,,3.0,extended/v7,v9,derived:f58a8cec9c99,manuscript_phase1/results/revision/A14_v9/extended_rho_replicate.csv
tf_fused,fused transformer,within_condition_rho,replicate_eval,3.0,ensemble,0.7021894736842105,,3.0,extended/v7,v9,derived:f58a8cec9c99,manuscript_phase1/results/revision/A14_v9/extended_rho_replicate.csv
tf_fused,fused transformer,MAE_logM,replicate_eval,3.0,ensemble,0.3601710274702122,,3.0,extended/v7,v9,derived:f58a8cec9c99,manuscript_phase1/results/revision/A14_v9/extended_rho_replicate.csv
tf_learned_patch,learned-patch transformer,within_condition_rho,replicate_eval,3.0,ensemble,0.6947067669172932,,3.0,extended/v7,v9,derived:f58a8cec9c99,manuscript_phase1/results/revision/A14_v9/extended_rho_replicate.csv
tf_learned_patch,learned-patch transformer,MAE_logM,replicate_eval,3.0,ensemble,0.4191141620670802,,3.0,extended/v7,v9,derived:f58a8cec9c99,manuscript_phase1/results/revision/A14_v9/extended_rho_replicate.csv
tf_fourier,Fourier-feature transformer,within_condition_rho,replicate_eval,3.0,ensemble,0.5200360902255639,,3.0,extended/v7,v9,derived:f58a8cec9c99,manuscript_phase1/results/revision/A14_v9/extended_rho_replicate.csv
tf_fourier,Fourier-feature transformer,MAE_logM,replicate_eval,3.0,ensemble,0.6133069449087634,,3.0,extended/v7,v9,derived:f58a8cec9c99,manuscript_phase1/results/revision/A14_v9/extended_rho_replicate.csv
cnn_k45,tuned 1D CNN (kernel 45),within_condition_rho,replicate_eval,4.0,ensemble,0.6641744360902255,,3.0,extended/v7,v9,derived:f58a8cec9c99,manuscript_phase1/results/revision/A14_v9/extended_rho_replicate.csv
cnn_k45,tuned 1D CNN (kernel 45),MAE_logM,replicate_eval,4.0,ensemble,0.4432196713077359,,3.0,extended/v7,v9,derived:f58a8cec9c99,manuscript_phase1/results/revision/A14_v9/extended_rho_replicate.csv
tf_p60,tuned transformer (patch 60),within_condition_rho,replicate_eval,4.0,ensemble,0.6170345864661654,,3.0,extended/v7,v9,derived:f58a8cec9c99,manuscript_phase1/results/revision/A14_v9/extended_rho_replicate.csv
tf_p60,tuned transformer (patch 60),MAE_logM,replicate_eval,4.0,ensemble,0.504840151241325,,3.0,extended/v7,v9,derived:f58a8cec9c99,manuscript_phase1/results/revision/A14_v9/extended_rho_replicate.csv
cnn_base,1D CNN,within_condition_rho,replicate_eval,4.0,ensemble,0.5461233082706766,,3.0,extended/v7,v9,derived:f58a8cec9c99,manuscript_phase1/results/revision/A14_v9/extended_rho_replicate.csv
cnn_base,1D CNN,MAE_logM,replicate_eval,4.0,ensemble,0.5899059048608187,,3.0,extended/v7,v9,derived:f58a8cec9c99,manuscript_phase1/results/revision/A14_v9/extended_rho_replicate.csv
tf_fused,fused transformer,within_condition_rho,replicate_eval,4.0,ensemble,0.5738646616541353,,3.0,extended/v7,v9,derived:f58a8cec9c99,manuscript_phase1/results/revision/A14_v9/extended_rho_replicate.csv
tf_fused,fused transformer,MAE_logM,replicate_eval,4.0,ensemble,0.4796340856520337,,3.0,extended/v7,v9,derived:f58a8cec9c99,manuscript_phase1/results/revision/A14_v9/extended_rho_replicate.csv
tf_learned_patch,learned-patch transformer,within_condition_rho,replicate_eval,4.0,ensemble,0.5714887218045113,,3.0,extended/v7,v9,derived:f58a8cec9c99,manuscript_phase1/results/revision/A14_v9/extended_rho_replicate.csv
tf_learned_patch,learned-patch transformer,MAE_logM,replicate_eval,4.0,ensemble,0.5646237298030257,,3.0,extended/v7,v9,derived:f58a8cec9c99,manuscript_phase1/results/revision/A14_v9/extended_rho_replicate.csv
tf_fourier,Fourier-feature transformer,within_condition_rho,replicate_eval,4.0,ensemble,0.408775939849624,,3.0,extended/v7,v9,derived:f58a8cec9c99,manuscript_phase1/results/revision/A14_v9/extended_rho_replicate.csv
tf_fourier,Fourier-feature transformer,MAE_logM,replicate_eval,4.0,ensemble,0.7442092906557061,,3.0,extended/v7,v9,derived:f58a8cec9c99,manuscript_phase1/results/revision/A14_v9/extended_rho_replicate.csv
cnn_k45,tuned 1D CNN (kernel 45),within_condition_rho,replicate_eval,6.0,ensemble,0.4621112781954887,,3.0,extended/v7,v9,derived:f58a8cec9c99,manuscript_phase1/results/revision/A14_v9/extended_rho_replicate.csv
cnn_k45,tuned 1D CNN (kernel 45),MAE_logM,replicate_eval,6.0,ensemble,0.6861209850294837,,3.0,extended/v7,v9,derived:f58a8cec9c99,manuscript_phase1/results/revision/A14_v9/extended_rho_replicate.csv
tf_p60,tuned transformer (patch 60),within_condition_rho,replicate_eval,6.0,ensemble,0.3998616541353383,,3.0,extended/v7,v9,derived:f58a8cec9c99,manuscript_phase1/results/revision/A14_v9/extended_rho_replicate.csv
tf_p60,tuned transformer (patch 60),MAE_logM,replicate_eval,6.0,ensemble,0.7843454959659079,,3.0,extended/v7,v9,derived:f58a8cec9c99,manuscript_phase1/results/revision/A14_v9/extended_rho_replicate.csv
cnn_base,1D CNN,within_condition_rho,replicate_eval,6.0,ensemble,0.3843488721804511,,3.0,extended/v7,v9,derived:f58a8cec9c99,manuscript_phase1/results/revision/A14_v9/extended_rho_replicate.csv
cnn_base,1D CNN,MAE_logM,replicate_eval,6.0,ensemble,0.7863790239044998,,3.0,extended/v7,v9,derived:f58a8cec9c99,manuscript_phase1/results/revision/A14_v9/extended_rho_replicate.csv
tf_fused,fused transformer,within_condition_rho,replicate_eval,6.0,ensemble,0.3468872180451127,,3.0,extended/v7,v9,derived:f58a8cec9c99,manuscript_phase1/results/revision/A14_v9/extended_rho_replicate.csv
tf_fused,fused transformer,MAE_logM,replicate_eval,6.0,ensemble,0.7094792386907636,,3.0,extended/v7,v9,derived:f58a8cec9c99,manuscript_phase1/results/revision/A14_v9/extended_rho_replicate.csv
tf_learned_patch,learned-patch transformer,within_condition_rho,replicate_eval,6.0,ensemble,0.352378947368421,,3.0,extended/v7,v9,derived:f58a8cec9c99,manuscript_phase1/results/revision/A14_v9/extended_rho_replicate.csv
tf_learned_patch,learned-patch transformer,MAE_logM,replicate_eval,6.0,ensemble,0.8648500187041033,,3.0,extended/v7,v9,derived:f58a8cec9c99,manuscript_phase1/results/revision/A14_v9/extended_rho_replicate.csv
tf_fourier,Fourier-feature transformer,within_condition_rho,replicate_eval,6.0,ensemble,0.2630917293233083,,3.0,extended/v7,v9,derived:f58a8cec9c99,manuscript_phase1/results/revision/A14_v9/extended_rho_replicate.csv
tf_fourier,Fourier-feature transformer,MAE_logM,replicate_eval,6.0,ensemble,0.9744953401549984,,3.0,extended/v7,v9,derived:f58a8cec9c99,manuscript_phase1/results/revision/A14_v9/extended_rho_replicate.csv
cnn_k45,tuned 1D CNN (kernel 45),within_condition_rho,replicate_eval,8.0,ensemble,0.2929624060150376,,3.0,extended/v7,v9,derived:f58a8cec9c99,manuscript_phase1/results/revision/A14_v9/extended_rho_replicate.csv
cnn_k45,tuned 1D CNN (kernel 45),MAE_logM,replicate_eval,8.0,ensemble,0.9313534333757636,,3.0,extended/v7,v9,derived:f58a8cec9c99,manuscript_phase1/results/revision/A14_v9/extended_rho_replicate.csv
tf_p60,tuned transformer (patch 60),within_condition_rho,replicate_eval,8.0,ensemble,0.222375939849624,,3.0,extended/v7,v9,derived:f58a8cec9c99,manuscript_phase1/results/revision/A14_v9/extended_rho_replicate.csv
tf_p60,tuned transformer (patch 60),MAE_logM,replicate_eval,8.0,ensemble,1.0770180082270486,,3.0,extended/v7,v9,derived:f58a8cec9c99,manuscript_phase1/results/revision/A14_v9/extended_rho_replicate.csv
cnn_base,1D CNN,within_condition_rho,replicate_eval,8.0,ensemble,0.2813593984962406,,3.0,extended/v7,v9,derived:f58a8cec9c99,manuscript_phase1/results/revision/A14_v9/extended_rho_replicate.csv
cnn_base,1D CNN,MAE_logM,replicate_eval,8.0,ensemble,0.928961070045746,,3.0,extended/v7,v9,derived:f58a8cec9c99,manuscript_phase1/results/revision/A14_v9/extended_rho_replicate.csv
tf_fused,fused transformer,within_condition_rho,replicate_eval,8.0,ensemble,0.1880781954887218,,3.0,extended/v7,v9,derived:f58a8cec9c99,manuscript_phase1/results/revision/A14_v9/extended_rho_replicate.csv
tf_fused,fused transformer,MAE_logM,replicate_eval,8.0,ensemble,0.9843577654616394,,3.0,extended/v7,v9,derived:f58a8cec9c99,manuscript_phase1/results/revision/A14_v9/extended_rho_replicate.csv
tf_learned_patch,learned-patch transformer,within_condition_rho,replicate_eval,8.0,ensemble,0.1897082706766917,,3.0,extended/v7,v9,derived:f58a8cec9c99,manuscript_phase1/results/revision/A14_v9/extended_rho_replicate.csv
tf_learned_patch,learned-patch transformer,MAE_logM,replicate_eval,8.0,ensemble,1.2072243150779982,,3.0,extended/v7,v9,derived:f58a8cec9c99,manuscript_phase1/results/revision/A14_v9/extended_rho_replicate.csv
tf_fourier,Fourier-feature transformer,within_condition_rho,replicate_eval,8.0,ensemble,0.1410225563909774,,3.0,extended/v7,v9,derived:f58a8cec9c99,manuscript_phase1/results/revision/A14_v9/extended_rho_replicate.csv
tf_fourier,Fourier-feature transformer,MAE_logM,replicate_eval,8.0,ensemble,1.1750504305828582,,3.0,extended/v7,v9,derived:f58a8cec9c99,manuscript_phase1/results/revision/A14_v9/extended_rho_replicate.csv
cnn_k45,tuned 1D CNN (kernel 45),within_condition_rho,replicate_eval,12.0,ensemble,0.1070015037593985,,3.0,extended/v7,v9,derived:f58a8cec9c99,manuscript_phase1/results/revision/A14_v9/extended_rho_replicate.csv
cnn_k45,tuned 1D CNN (kernel 45),MAE_logM,replicate_eval,12.0,ensemble,1.2724468717830022,,3.0,extended/v7,v9,derived:f58a8cec9c99,manuscript_phase1/results/revision/A14_v9/extended_rho_replicate.csv
tf_p60,tuned transformer (patch 60),within_condition_rho,replicate_eval,12.0,ensemble,0.0532872180451127,,3.0,extended/v7,v9,derived:f58a8cec9c99,manuscript_phase1/results/revision/A14_v9/extended_rho_replicate.csv
tf_p60,tuned transformer (patch 60),MAE_logM,replicate_eval,12.0,ensemble,1.439876218980629,,3.0,extended/v7,v9,derived:f58a8cec9c99,manuscript_phase1/results/revision/A14_v9/extended_rho_replicate.csv
cnn_base,1D CNN,within_condition_rho,replicate_eval,12.0,ensemble,0.1553383458646616,,3.0,extended/v7,v9,derived:f58a8cec9c99,manuscript_phase1/results/revision/A14_v9/extended_rho_replicate.csv
cnn_base,1D CNN,MAE_logM,replicate_eval,12.0,ensemble,1.1238317627825558,,3.0,extended/v7,v9,derived:f58a8cec9c99,manuscript_phase1/results/revision/A14_v9/extended_rho_replicate.csv
tf_fused,fused transformer,within_condition_rho,replicate_eval,12.0,ensemble,0.0436932330827067,,3.0,extended/v7,v9,derived:f58a8cec9c99,manuscript_phase1/results/revision/A14_v9/extended_rho_replicate.csv
tf_fused,fused transformer,MAE_logM,replicate_eval,12.0,ensemble,1.2996759457379463,,3.0,extended/v7,v9,derived:f58a8cec9c99,manuscript_phase1/results/revision/A14_v9/extended_rho_replicate.csv
tf_learned_patch,learned-patch transformer,within_condition_rho,replicate_eval,12.0,ensemble,0.0260631578947368,,3.0,extended/v7,v9,derived:f58a8cec9c99,manuscript_phase1/results/revision/A14_v9/extended_rho_replicate.csv
tf_learned_patch,learned-patch transformer,MAE_logM,replicate_eval,12.0,ensemble,1.547303754690066,,3.0,extended/v7,v9,derived:f58a8cec9c99,manuscript_phase1/results/revision/A14_v9/extended_rho_replicate.csv
tf_fourier,Fourier-feature transformer,within_condition_rho,replicate_eval,12.0,ensemble,0.0453593984962406,,3.0,extended/v7,v9,derived:f58a8cec9c99,manuscript_phase1/results/revision/A14_v9/extended_rho_replicate.csv
tf_fourier,Fourier-feature transformer,MAE_logM,replicate_eval,12.0,ensemble,1.4033173225025888,,3.0,extended/v7,v9,derived:f58a8cec9c99,manuscript_phase1/results/revision/A14_v9/extended_rho_replicate.csv
metadata_oracle,metadata oracle (bound),MAE_logM,val,1.0,ensemble,0.6129788844801018,,3.0,,v9,derived:b71b0bca29da,manuscript_phase1/results/revision/A10_v9/holdout_table.csv
metadata_mlp_l1,metadata MLP (L1),MAE_logM,val,1.0,ensemble,0.6139624659507745,,3.0,,v9,derived:b71b0bca29da,manuscript_phase1/results/revision/A10_v9/holdout_table.csv
metadata_hgb,metadata GBT,MAE_logM,val,1.0,ensemble,0.6285395265802399,,3.0,,v9,derived:b71b0bca29da,manuscript_phase1/results/revision/A10_v9/holdout_table.csv
metadata_oracle,metadata oracle (bound),MAE_logM,holdout_c,1.0,ensemble,0.6243881450100358,,3.0,,v9,derived:b71b0bca29da,manuscript_phase1/results/revision/A10_v9/holdout_table.csv
metadata_mlp_l1,metadata MLP (L1),MAE_logM,holdout_c,1.0,ensemble,0.6230908532570637,,3.0,,v9,derived:b71b0bca29da,manuscript_phase1/results/revision/A10_v9/holdout_table.csv
metadata_hgb,metadata GBT,MAE_logM,holdout_c,1.0,ensemble,0.632876818442435,,3.0,,v9,derived:b71b0bca29da,manuscript_phase1/results/revision/A10_v9/holdout_table.csv
cnn_base,1D CNN,MAE_logM,holdout_c,1.0,ensemble,0.1703311589781009,,3.0,extended/v7,v9,derived:b71b0bca29da,manuscript_phase1/results/revision/A10_v9/holdout_table.csv
tf_fused,fused transformer,MAE_logM,holdout_c,1.0,ensemble,0.1444292690743868,,3.0,extended/v7,v9,derived:b71b0bca29da,manuscript_phase1/results/revision/A10_v9/holdout_table.csv
tf_learned_patch,learned-patch transformer,MAE_logM,holdout_c,1.0,ensemble,0.1818711761362764,,3.0,extended/v7,v9,derived:b71b0bca29da,manuscript_phase1/results/revision/A10_v9/holdout_table.csv
tf_fourier,Fourier-feature transformer,MAE_logM,holdout_c,1.0,ensemble,0.2715997503093301,,3.0,extended/v7,v9,derived:b71b0bca29da,manuscript_phase1/results/revision/A10_v9/holdout_table.csv
cnn_k45,tuned 1D CNN (kernel 45),MAE_logM,holdout_c,1.0,ensemble,0.1065941727201409,,3.0,extended/v7,v9,derived:b71b0bca29da,manuscript_phase1/results/revision/A10_v9/holdout_table.csv
tf_p60,tuned transformer (patch 60),MAE_logM,holdout_c,1.0,ensemble,0.1479906053996705,,3.0,extended/v7,v9,derived:b71b0bca29da,manuscript_phase1/results/revision/A10_v9/holdout_table.csv
metadata_oracle,metadata oracle (bound),MAE_logM,holdout_c_extrap,1.0,ensemble,0.7125826961671051,,3.0,,v9,derived:b71b0bca29da,manuscript_phase1/results/revision/A10_v9/holdout_table.csv
metadata_mlp_l1,metadata MLP (L1),MAE_logM,holdout_c_extrap,1.0,ensemble,0.7344535200862237,,3.0,,v9,derived:b71b0bca29da,manuscript_phase1/results/revision/A10_v9/holdout_table.csv
metadata_hgb,metadata GBT,MAE_logM,holdout_c_extrap,1.0,ensemble,0.8348203577274342,,3.0,,v9,derived:b71b0bca29da,manuscript_phase1/results/revision/A10_v9/holdout_table.csv
cnn_base,1D CNN,MAE_logM,holdout_c_extrap,1.0,ensemble,0.3195440577505175,,3.0,extended/v7,v9,derived:b71b0bca29da,manuscript_phase1/results/revision/A10_v9/holdout_table.csv
tf_fused,fused transformer,MAE_logM,holdout_c_extrap,1.0,ensemble,0.2548301680733433,,3.0,extended/v7,v9,derived:b71b0bca29da,manuscript_phase1/results/revision/A10_v9/holdout_table.csv
tf_learned_patch,learned-patch transformer,MAE_logM,holdout_c_extrap,1.0,ensemble,0.2747222773660374,,3.0,extended/v7,v9,derived:b71b0bca29da,manuscript_phase1/results/revision/A10_v9/holdout_table.csv
tf_fourier,Fourier-feature transformer,MAE_logM,holdout_c_extrap,1.0,ensemble,0.4793799639864653,,3.0,extended/v7,v9,derived:b71b0bca29da,manuscript_phase1/results/revision/A10_v9/holdout_table.csv
cnn_k45,tuned 1D CNN (kernel 45),MAE_logM,holdout_c_extrap,1.0,ensemble,0.1953889854243715,,3.0,extended/v7,v9,derived:b71b0bca29da,manuscript_phase1/results/revision/A10_v9/holdout_table.csv
tf_p60,tuned transformer (patch 60),MAE_logM,holdout_c_extrap,1.0,ensemble,0.2463887732464654,,3.0,extended/v7,v9,derived:b71b0bca29da,manuscript_phase1/results/revision/A10_v9/holdout_table.csv
metadata_oracle,metadata oracle (bound),MAE_logM,holdout_E,1.0,ensemble,0.6396450932498996,,3.0,,v9,derived:b71b0bca29da,manuscript_phase1/results/revision/A10_v9/holdout_table.csv
metadata_mlp_l1,metadata MLP (L1),MAE_logM,holdout_E,1.0,ensemble,0.8339218236699004,,3.0,,v9,derived:b71b0bca29da,manuscript_phase1/results/revision/A10_v9/holdout_table.csv
metadata_hgb,metadata GBT,MAE_logM,holdout_E,1.0,ensemble,0.6858497510199358,,3.0,,v9,derived:b71b0bca29da,manuscript_phase1/results/revision/A10_v9/holdout_table.csv
cnn_base,1D CNN,MAE_logM,holdout_E,1.0,ensemble,0.220164249466189,,3.0,extended/v7,v9,derived:b71b0bca29da,manuscript_phase1/results/revision/A10_v9/holdout_table.csv
tf_fused,fused transformer,MAE_logM,holdout_E,1.0,ensemble,0.1789531283174074,,3.0,extended/v7,v9,derived:b71b0bca29da,manuscript_phase1/results/revision/A10_v9/holdout_table.csv
tf_learned_patch,learned-patch transformer,MAE_logM,holdout_E,1.0,ensemble,0.20705537365438,,3.0,extended/v7,v9,derived:b71b0bca29da,manuscript_phase1/results/revision/A10_v9/holdout_table.csv
tf_fourier,Fourier-feature transformer,MAE_logM,holdout_E,1.0,ensemble,0.3370878561712742,,3.0,extended/v7,v9,derived:b71b0bca29da,manuscript_phase1/results/revision/A10_v9/holdout_table.csv
cnn_k45,tuned 1D CNN (kernel 45),MAE_logM,holdout_E,1.0,ensemble,0.1359774158913325,,3.0,extended/v7,v9,derived:b71b0bca29da,manuscript_phase1/results/revision/A10_v9/holdout_table.csv
tf_p60,tuned transformer (patch 60),MAE_logM,holdout_E,1.0,ensemble,0.179878383498628,,3.0,extended/v7,v9,derived:b71b0bca29da,manuscript_phase1/results/revision/A10_v9/holdout_table.csv
metadata_oracle,metadata oracle (bound),MAE_logM,holdout_T,1.0,ensemble,0.6633976489425747,,3.0,,v9,derived:b71b0bca29da,manuscript_phase1/results/revision/A10_v9/holdout_table.csv
metadata_mlp_l1,metadata MLP (L1),MAE_logM,holdout_T,1.0,ensemble,3.7331396185206898,,3.0,,v9,derived:b71b0bca29da,manuscript_phase1/results/revision/A10_v9/holdout_table.csv
metadata_hgb,metadata GBT,MAE_logM,holdout_T,1.0,ensemble,0.9253112622774652,,3.0,,v9,derived:b71b0bca29da,manuscript_phase1/results/revision/A10_v9/holdout_table.csv
cnn_base,1D CNN,MAE_logM,holdout_T,1.0,ensemble,0.8934082001865481,,3.0,extended/v7,v9,derived:b71b0bca29da,manuscript_phase1/results/revision/A10_v9/holdout_table.csv
tf_fused,fused transformer,MAE_logM,holdout_T,1.0,ensemble,0.4950110444562762,,3.0,extended/v7,v9,derived:b71b0bca29da,manuscript_phase1/results/revision/A10_v9/holdout_table.csv
tf_learned_patch,learned-patch transformer,MAE_logM,holdout_T,1.0,ensemble,0.5230626388325778,,3.0,extended/v7,v9,derived:b71b0bca29da,manuscript_phase1/results/revision/A10_v9/holdout_table.csv
tf_fourier,Fourier-feature transformer,MAE_logM,holdout_T,1.0,ensemble,0.987051761544492,,3.0,extended/v7,v9,derived:b71b0bca29da,manuscript_phase1/results/revision/A10_v9/holdout_table.csv
cnn_k45,tuned 1D CNN (kernel 45),MAE_logM,holdout_T,1.0,ensemble,0.5488822632731879,,3.0,extended/v7,v9,derived:b71b0bca29da,manuscript_phase1/results/revision/A10_v9/holdout_table.csv
tf_p60,tuned transformer (patch 60),MAE_logM,holdout_T,1.0,ensemble,0.5785991856911615,,3.0,extended/v7,v9,derived:b71b0bca29da,manuscript_phase1/results/revision/A10_v9/holdout_table.csv
cnn_base,1D CNN,MAE_omega0_meV,stress_base,0.25,ensemble,0.0799305763244628,,3.0,extended/v7,v9,derived:9ec2780aa3e2,manuscript_phase1/results/revision/A6_v9/aux_head_metrics.csv
cnn_base,1D CNN,MAE_Gamma_meV,stress_base,0.25,ensemble,0.1630087998360395,,3.0,extended/v7,v9,derived:9ec2780aa3e2,manuscript_phase1/results/revision/A6_v9/aux_head_metrics.csv
cnn_base,1D CNN,MAE_Gamma_over_omega0,stress_base,0.25,ensemble,0.0310789733451682,,3.0,extended/v7,v9,derived:9ec2780aa3e2,manuscript_phase1/results/revision/A6_v9/aux_head_metrics.csv
tf_fused,fused transformer,MAE_omega0_meV,stress_base,0.25,ensemble,0.1035681190490722,,3.0,extended/v7,v9,derived:9ec2780aa3e2,manuscript_phase1/results/revision/A6_v9/aux_head_metrics.csv
tf_fused,fused transformer,MAE_Gamma_meV,stress_base,0.25,ensemble,0.1741328988075256,,3.0,extended/v7,v9,derived:9ec2780aa3e2,manuscript_phase1/results/revision/A6_v9/aux_head_metrics.csv
tf_fused,fused transformer,MAE_Gamma_over_omega0,stress_base,0.25,ensemble,0.0281539830972667,,3.0,extended/v7,v9,derived:9ec2780aa3e2,manuscript_phase1/results/revision/A6_v9/aux_head_metrics.csv
tf_learned_patch,learned-patch transformer,MAE_omega0_meV,stress_base,0.25,ensemble,0.1043476967811584,,3.0,extended/v7,v9,derived:9ec2780aa3e2,manuscript_phase1/results/revision/A6_v9/aux_head_metrics.csv
tf_learned_patch,learned-patch transformer,MAE_Gamma_meV,stress_base,0.25,ensemble,0.189267581731081,,3.0,extended/v7,v9,derived:9ec2780aa3e2,manuscript_phase1/results/revision/A6_v9/aux_head_metrics.csv
tf_learned_patch,learned-patch transformer,MAE_Gamma_over_omega0,stress_base,0.25,ensemble,0.0311157000396406,,3.0,extended/v7,v9,derived:9ec2780aa3e2,manuscript_phase1/results/revision/A6_v9/aux_head_metrics.csv
tf_fourier,Fourier-feature transformer,MAE_omega0_meV,stress_base,0.25,ensemble,0.1602632474899292,,3.0,extended/v7,v9,derived:9ec2780aa3e2,manuscript_phase1/results/revision/A6_v9/aux_head_metrics.csv
tf_fourier,Fourier-feature transformer,MAE_Gamma_meV,stress_base,0.25,ensemble,0.349268248423934,,3.0,extended/v7,v9,derived:9ec2780aa3e2,manuscript_phase1/results/revision/A6_v9/aux_head_metrics.csv
tf_fourier,Fourier-feature transformer,MAE_Gamma_over_omega0,stress_base,0.25,ensemble,0.0562768786768863,,3.0,extended/v7,v9,derived:9ec2780aa3e2,manuscript_phase1/results/revision/A6_v9/aux_head_metrics.csv
cnn_k45,tuned 1D CNN (kernel 45),MAE_omega0_meV,stress_base,0.25,ensemble,0.0630632967948913,,3.0,extended/v7,v9,derived:9ec2780aa3e2,manuscript_phase1/results/revision/A6_v9/aux_head_metrics.csv
cnn_k45,tuned 1D CNN (kernel 45),MAE_Gamma_meV,stress_base,0.25,ensemble,0.122034891039133,,3.0,extended/v7,v9,derived:9ec2780aa3e2,manuscript_phase1/results/revision/A6_v9/aux_head_metrics.csv
cnn_k45,tuned 1D CNN (kernel 45),MAE_Gamma_over_omega0,stress_base,0.25,ensemble,0.0194943955254921,,3.0,extended/v7,v9,derived:9ec2780aa3e2,manuscript_phase1/results/revision/A6_v9/aux_head_metrics.csv
tf_p60,tuned transformer (patch 60),MAE_omega0_meV,stress_base,0.25,ensemble,0.110183874130249,,3.0,extended/v7,v9,derived:9ec2780aa3e2,manuscript_phase1/results/revision/A6_v9/aux_head_metrics.csv
tf_p60,tuned transformer (patch 60),MAE_Gamma_meV,stress_base,0.25,ensemble,0.1736980960965156,,3.0,extended/v7,v9,derived:9ec2780aa3e2,manuscript_phase1/results/revision/A6_v9/aux_head_metrics.csv
tf_p60,tuned transformer (patch 60),MAE_Gamma_over_omega0,stress_base,0.25,ensemble,0.0265918333900693,,3.0,extended/v7,v9,derived:9ec2780aa3e2,manuscript_phase1/results/revision/A6_v9/aux_head_metrics.csv
cnn_base,1D CNN,MAE_omega0_meV,stress_base,0.5,ensemble,0.0957895288467407,,3.0,extended/v7,v9,derived:9ec2780aa3e2,manuscript_phase1/results/revision/A6_v9/aux_head_metrics.csv
cnn_base,1D CNN,MAE_Gamma_meV,stress_base,0.5,ensemble,0.2079762441664934,,3.0,extended/v7,v9,derived:9ec2780aa3e2,manuscript_phase1/results/revision/A6_v9/aux_head_metrics.csv
cnn_base,1D CNN,MAE_Gamma_over_omega0,stress_base,0.5,ensemble,0.0398513554243715,,3.0,extended/v7,v9,derived:9ec2780aa3e2,manuscript_phase1/results/revision/A6_v9/aux_head_metrics.csv
tf_fused,fused transformer,MAE_omega0_meV,stress_base,0.5,ensemble,0.1136425514221191,,3.0,extended/v7,v9,derived:9ec2780aa3e2,manuscript_phase1/results/revision/A6_v9/aux_head_metrics.csv
tf_fused,fused transformer,MAE_Gamma_meV,stress_base,0.5,ensemble,0.2137199746370315,,3.0,extended/v7,v9,derived:9ec2780aa3e2,manuscript_phase1/results/revision/A6_v9/aux_head_metrics.csv
tf_fused,fused transformer,MAE_Gamma_over_omega0,stress_base,0.5,ensemble,0.0347745330415422,,3.0,extended/v7,v9,derived:9ec2780aa3e2,manuscript_phase1/results/revision/A6_v9/aux_head_metrics.csv
tf_learned_patch,learned-patch transformer,MAE_omega0_meV,stress_base,0.5,ensemble,0.1126234898567199,,3.0,extended/v7,v9,derived:9ec2780aa3e2,manuscript_phase1/results/revision/A6_v9/aux_head_metrics.csv
tf_learned_patch,learned-patch transformer,MAE_Gamma_meV,stress_base,0.5,ensemble,0.2236460446715354,,3.0,extended/v7,v9,derived:9ec2780aa3e2,manuscript_phase1/results/revision/A6_v9/aux_head_metrics.csv
tf_learned_patch,learned-patch transformer,MAE_Gamma_over_omega0,stress_base,0.5,ensemble,0.037042994502151,,3.0,extended/v7,v9,derived:9ec2780aa3e2,manuscript_phase1/results/revision/A6_v9/aux_head_metrics.csv
tf_fourier,Fourier-feature transformer,MAE_omega0_meV,stress_base,0.5,ensemble,0.1754857234954834,,3.0,extended/v7,v9,derived:9ec2780aa3e2,manuscript_phase1/results/revision/A6_v9/aux_head_metrics.csv
tf_fourier,Fourier-feature transformer,MAE_Gamma_meV,stress_base,0.5,ensemble,0.4285837710648775,,3.0,extended/v7,v9,derived:9ec2780aa3e2,manuscript_phase1/results/revision/A6_v9/aux_head_metrics.csv
tf_fourier,Fourier-feature transformer,MAE_Gamma_over_omega0,stress_base,0.5,ensemble,0.0715281958303429,,3.0,extended/v7,v9,derived:9ec2780aa3e2,manuscript_phase1/results/revision/A6_v9/aux_head_metrics.csv
cnn_k45,tuned 1D CNN (kernel 45),MAE_omega0_meV,stress_base,0.5,ensemble,0.0671511116027832,,3.0,extended/v7,v9,derived:9ec2780aa3e2,manuscript_phase1/results/revision/A6_v9/aux_head_metrics.csv
cnn_k45,tuned 1D CNN (kernel 45),MAE_Gamma_meV,stress_base,0.5,ensemble,0.1485919480472803,,3.0,extended/v7,v9,derived:9ec2780aa3e2,manuscript_phase1/results/revision/A6_v9/aux_head_metrics.csv
cnn_k45,tuned 1D CNN (kernel 45),MAE_Gamma_over_omega0,stress_base,0.5,ensemble,0.0247253826576394,,3.0,extended/v7,v9,derived:9ec2780aa3e2,manuscript_phase1/results/revision/A6_v9/aux_head_metrics.csv
tf_p60,tuned transformer (patch 60),MAE_omega0_meV,stress_base,0.5,ensemble,0.1150649423599243,,3.0,extended/v7,v9,derived:9ec2780aa3e2,manuscript_phase1/results/revision/A6_v9/aux_head_metrics.csv
tf_p60,tuned transformer (patch 60),MAE_Gamma_meV,stress_base,0.5,ensemble,0.2021072096526622,,3.0,extended/v7,v9,derived:9ec2780aa3e2,manuscript_phase1/results/revision/A6_v9/aux_head_metrics.csv
tf_p60,tuned transformer (patch 60),MAE_Gamma_over_omega0,stress_base,0.5,ensemble,0.0322176309882511,,3.0,extended/v7,v9,derived:9ec2780aa3e2,manuscript_phase1/results/revision/A6_v9/aux_head_metrics.csv
cnn_base,1D CNN,MAE_omega0_meV,stress_base,1.0,ensemble,0.1344493050575256,,3.0,extended/v7,v9,derived:9ec2780aa3e2,manuscript_phase1/results/revision/A6_v9/aux_head_metrics.csv
cnn_base,1D CNN,MAE_Gamma_meV,stress_base,1.0,ensemble,0.3244827832728624,,3.0,extended/v7,v9,derived:9ec2780aa3e2,manuscript_phase1/results/revision/A6_v9/aux_head_metrics.csv
cnn_base,1D CNN,MAE_Gamma_over_omega0,stress_base,1.0,ensemble,0.0597073724511162,,3.0,extended/v7,v9,derived:9ec2780aa3e2,manuscript_phase1/results/revision/A6_v9/aux_head_metrics.csv
tf_fused,fused transformer,MAE_omega0_meV,stress_base,1.0,ensemble,0.134193480014801,,3.0,extended/v7,v9,derived:9ec2780aa3e2,manuscript_phase1/results/revision/A6_v9/aux_head_metrics.csv
tf_fused,fused transformer,MAE_Gamma_meV,stress_base,1.0,ensemble,0.3013021939992905,,3.0,extended/v7,v9,derived:9ec2780aa3e2,manuscript_phase1/results/revision/A6_v9/aux_head_metrics.csv
tf_fused,fused transformer,MAE_Gamma_over_omega0,stress_base,1.0,ensemble,0.0529489350933295,,3.0,extended/v7,v9,derived:9ec2780aa3e2,manuscript_phase1/results/revision/A6_v9/aux_head_metrics.csv
tf_learned_patch,learned-patch transformer,MAE_omega0_meV,stress_base,1.0,ensemble,0.1358217010498046,,3.0,extended/v7,v9,derived:9ec2780aa3e2,manuscript_phase1/results/revision/A6_v9/aux_head_metrics.csv
tf_learned_patch,learned-patch transformer,MAE_Gamma_meV,stress_base,1.0,ensemble,0.3201197321265936,,3.0,extended/v7,v9,derived:9ec2780aa3e2,manuscript_phase1/results/revision/A6_v9/aux_head_metrics.csv
tf_learned_patch,learned-patch transformer,MAE_Gamma_over_omega0,stress_base,1.0,ensemble,0.0556973309768578,,3.0,extended/v7,v9,derived:9ec2780aa3e2,manuscript_phase1/results/revision/A6_v9/aux_head_metrics.csv
tf_fourier,Fourier-feature transformer,MAE_omega0_meV,stress_base,1.0,ensemble,0.2072955665588378,,3.0,extended/v7,v9,derived:9ec2780aa3e2,manuscript_phase1/results/revision/A6_v9/aux_head_metrics.csv
tf_fourier,Fourier-feature transformer,MAE_Gamma_meV,stress_base,1.0,ensemble,0.5472880750447512,,3.0,extended/v7,v9,derived:9ec2780aa3e2,manuscript_phase1/results/revision/A6_v9/aux_head_metrics.csv
tf_fourier,Fourier-feature transformer,MAE_Gamma_over_omega0,stress_base,1.0,ensemble,0.0958201997717467,,3.0,extended/v7,v9,derived:9ec2780aa3e2,manuscript_phase1/results/revision/A6_v9/aux_head_metrics.csv
cnn_k45,tuned 1D CNN (kernel 45),MAE_omega0_meV,stress_base,1.0,ensemble,0.0879101915359497,,3.0,extended/v7,v9,derived:9ec2780aa3e2,manuscript_phase1/results/revision/A6_v9/aux_head_metrics.csv
cnn_k45,tuned 1D CNN (kernel 45),MAE_Gamma_meV,stress_base,1.0,ensemble,0.2159098287820816,,3.0,extended/v7,v9,derived:9ec2780aa3e2,manuscript_phase1/results/revision/A6_v9/aux_head_metrics.csv
cnn_k45,tuned 1D CNN (kernel 45),MAE_Gamma_over_omega0,stress_base,1.0,ensemble,0.0366794271030261,,3.0,extended/v7,v9,derived:9ec2780aa3e2,manuscript_phase1/results/revision/A6_v9/aux_head_metrics.csv
tf_p60,tuned transformer (patch 60),MAE_omega0_meV,stress_base,1.0,ensemble,0.1307238707542419,,3.0,extended/v7,v9,derived:9ec2780aa3e2,manuscript_phase1/results/revision/A6_v9/aux_head_metrics.csv
tf_p60,tuned transformer (patch 60),MAE_Gamma_meV,stress_base,1.0,ensemble,0.2816007094234228,,3.0,extended/v7,v9,derived:9ec2780aa3e2,manuscript_phase1/results/revision/A6_v9/aux_head_metrics.csv
tf_p60,tuned transformer (patch 60),MAE_Gamma_over_omega0,stress_base,1.0,ensemble,0.048034353393249,,3.0,extended/v7,v9,derived:9ec2780aa3e2,manuscript_phase1/results/revision/A6_v9/aux_head_metrics.csv
cnn_base,1D CNN,MAE_omega0_meV,stress_base,2.0,ensemble,0.2061554813385009,,3.0,extended/v7,v9,derived:9ec2780aa3e2,manuscript_phase1/results/revision/A6_v9/aux_head_metrics.csv
cnn_base,1D CNN,MAE_Gamma_meV,stress_base,2.0,ensemble,0.5009765503555537,,3.0,extended/v7,v9,derived:9ec2780aa3e2,manuscript_phase1/results/revision/A6_v9/aux_head_metrics.csv
cnn_base,1D CNN,MAE_Gamma_over_omega0,stress_base,2.0,ensemble,0.0945399392331678,,3.0,extended/v7,v9,derived:9ec2780aa3e2,manuscript_phase1/results/revision/A6_v9/aux_head_metrics.csv
tf_fused,fused transformer,MAE_omega0_meV,stress_base,2.0,ensemble,0.1849284205436706,,3.0,extended/v7,v9,derived:9ec2780aa3e2,manuscript_phase1/results/revision/A6_v9/aux_head_metrics.csv
tf_fused,fused transformer,MAE_Gamma_meV,stress_base,2.0,ensemble,0.4489267113953828,,3.0,extended/v7,v9,derived:9ec2780aa3e2,manuscript_phase1/results/revision/A6_v9/aux_head_metrics.csv
tf_fused,fused transformer,MAE_Gamma_over_omega0,stress_base,2.0,ensemble,0.0828261506362785,,3.0,extended/v7,v9,derived:9ec2780aa3e2,manuscript_phase1/results/revision/A6_v9/aux_head_metrics.csv
tf_learned_patch,learned-patch transformer,MAE_omega0_meV,stress_base,2.0,ensemble,0.2034043440818786,,3.0,extended/v7,v9,derived:9ec2780aa3e2,manuscript_phase1/results/revision/A6_v9/aux_head_metrics.csv
tf_learned_patch,learned-patch transformer,MAE_Gamma_meV,stress_base,2.0,ensemble,0.496820273950696,,3.0,extended/v7,v9,derived:9ec2780aa3e2,manuscript_phase1/results/revision/A6_v9/aux_head_metrics.csv
tf_learned_patch,learned-patch transformer,MAE_Gamma_over_omega0,stress_base,2.0,ensemble,0.0889894312749147,,3.0,extended/v7,v9,derived:9ec2780aa3e2,manuscript_phase1/results/revision/A6_v9/aux_head_metrics.csv
tf_fourier,Fourier-feature transformer,MAE_omega0_meV,stress_base,2.0,ensemble,0.2941337690353393,,3.0,extended/v7,v9,derived:9ec2780aa3e2,manuscript_phase1/results/revision/A6_v9/aux_head_metrics.csv
tf_fourier,Fourier-feature transformer,MAE_Gamma_meV,stress_base,2.0,ensemble,0.7675572361499071,,3.0,extended/v7,v9,derived:9ec2780aa3e2,manuscript_phase1/results/revision/A6_v9/aux_head_metrics.csv
tf_fourier,Fourier-feature transformer,MAE_Gamma_over_omega0,stress_base,2.0,ensemble,0.1397166256728361,,3.0,extended/v7,v9,derived:9ec2780aa3e2,manuscript_phase1/results/revision/A6_v9/aux_head_metrics.csv
cnn_k45,tuned 1D CNN (kernel 45),MAE_omega0_meV,stress_base,2.0,ensemble,0.138252429485321,,3.0,extended/v7,v9,derived:9ec2780aa3e2,manuscript_phase1/results/revision/A6_v9/aux_head_metrics.csv
cnn_k45,tuned 1D CNN (kernel 45),MAE_Gamma_meV,stress_base,2.0,ensemble,0.350596226081252,,3.0,extended/v7,v9,derived:9ec2780aa3e2,manuscript_phase1/results/revision/A6_v9/aux_head_metrics.csv
cnn_k45,tuned 1D CNN (kernel 45),MAE_Gamma_over_omega0,stress_base,2.0,ensemble,0.0633730046287085,,3.0,extended/v7,v9,derived:9ec2780aa3e2,manuscript_phase1/results/revision/A6_v9/aux_head_metrics.csv
tf_p60,tuned transformer (patch 60),MAE_omega0_meV,stress_base,2.0,ensemble,0.1788083539009094,,3.0,extended/v7,v9,derived:9ec2780aa3e2,manuscript_phase1/results/revision/A6_v9/aux_head_metrics.csv
tf_p60,tuned transformer (patch 60),MAE_Gamma_meV,stress_base,2.0,ensemble,0.410597771063447,,3.0,extended/v7,v9,derived:9ec2780aa3e2,manuscript_phase1/results/revision/A6_v9/aux_head_metrics.csv
tf_p60,tuned transformer (patch 60),MAE_Gamma_over_omega0,stress_base,2.0,ensemble,0.0724221526749177,,3.0,extended/v7,v9,derived:9ec2780aa3e2,manuscript_phase1/results/revision/A6_v9/aux_head_metrics.csv
cnn_base,1D CNN,MAE_omega0_meV,stress_base,4.0,ensemble,0.4204000244140625,,3.0,extended/v7,v9,derived:9ec2780aa3e2,manuscript_phase1/results/revision/A6_v9/aux_head_metrics.csv
cnn_base,1D CNN,MAE_Gamma_meV,stress_base,4.0,ensemble,0.9785621002465488,,3.0,extended/v7,v9,derived:9ec2780aa3e2,manuscript_phase1/results/revision/A6_v9/aux_head_metrics.csv
cnn_base,1D CNN,MAE_Gamma_over_omega0,stress_base,4.0,ensemble,0.2085872422534102,,3.0,extended/v7,v9,derived:9ec2780aa3e2,manuscript_phase1/results/revision/A6_v9/aux_head_metrics.csv
tf_fused,fused transformer,MAE_omega0_meV,stress_base,4.0,ensemble,0.3254355587959289,,3.0,extended/v7,v9,derived:9ec2780aa3e2,manuscript_phase1/results/revision/A6_v9/aux_head_metrics.csv
tf_fused,fused transformer,MAE_Gamma_meV,stress_base,4.0,ensemble,0.7605608447343111,,3.0,extended/v7,v9,derived:9ec2780aa3e2,manuscript_phase1/results/revision/A6_v9/aux_head_metrics.csv
tf_fused,fused transformer,MAE_Gamma_over_omega0,stress_base,4.0,ensemble,0.1598745710941794,,3.0,extended/v7,v9,derived:9ec2780aa3e2,manuscript_phase1/results/revision/A6_v9/aux_head_metrics.csv
tf_learned_patch,learned-patch transformer,MAE_omega0_meV,stress_base,4.0,ensemble,0.4054477171897888,,3.0,extended/v7,v9,derived:9ec2780aa3e2,manuscript_phase1/results/revision/A6_v9/aux_head_metrics.csv
tf_learned_patch,learned-patch transformer,MAE_Gamma_meV,stress_base,4.0,ensemble,0.91986453191936,,3.0,extended/v7,v9,derived:9ec2780aa3e2,manuscript_phase1/results/revision/A6_v9/aux_head_metrics.csv
tf_learned_patch,learned-patch transformer,MAE_Gamma_over_omega0,stress_base,4.0,ensemble,0.1854631976504883,,3.0,extended/v7,v9,derived:9ec2780aa3e2,manuscript_phase1/results/revision/A6_v9/aux_head_metrics.csv
tf_fourier,Fourier-feature transformer,MAE_omega0_meV,stress_base,4.0,ensemble,0.54661634349823,,3.0,extended/v7,v9,derived:9ec2780aa3e2,manuscript_phase1/results/revision/A6_v9/aux_head_metrics.csv
tf_fourier,Fourier-feature transformer,MAE_Gamma_meV,stress_base,4.0,ensemble,1.2084899685531854,,3.0,extended/v7,v9,derived:9ec2780aa3e2,manuscript_phase1/results/revision/A6_v9/aux_head_metrics.csv
tf_fourier,Fourier-feature transformer,MAE_Gamma_over_omega0,stress_base,4.0,ensemble,0.2438745893879376,,3.0,extended/v7,v9,derived:9ec2780aa3e2,manuscript_phase1/results/revision/A6_v9/aux_head_metrics.csv
cnn_k45,tuned 1D CNN (kernel 45),MAE_omega0_meV,stress_base,4.0,ensemble,0.2815713906288147,,3.0,extended/v7,v9,derived:9ec2780aa3e2,manuscript_phase1/results/revision/A6_v9/aux_head_metrics.csv
cnn_k45,tuned 1D CNN (kernel 45),MAE_Gamma_meV,stress_base,4.0,ensemble,0.730946364685893,,3.0,extended/v7,v9,derived:9ec2780aa3e2,manuscript_phase1/results/revision/A6_v9/aux_head_metrics.csv
cnn_k45,tuned 1D CNN (kernel 45),MAE_Gamma_over_omega0,stress_base,4.0,ensemble,0.1443260980074637,,3.0,extended/v7,v9,derived:9ec2780aa3e2,manuscript_phase1/results/revision/A6_v9/aux_head_metrics.csv
tf_p60,tuned transformer (patch 60),MAE_omega0_meV,stress_base,4.0,ensemble,0.3571241807937622,,3.0,extended/v7,v9,derived:9ec2780aa3e2,manuscript_phase1/results/revision/A6_v9/aux_head_metrics.csv
tf_p60,tuned transformer (patch 60),MAE_Gamma_meV,stress_base,4.0,ensemble,0.8247915021926164,,3.0,extended/v7,v9,derived:9ec2780aa3e2,manuscript_phase1/results/revision/A6_v9/aux_head_metrics.csv
tf_p60,tuned transformer (patch 60),MAE_Gamma_over_omega0,stress_base,4.0,ensemble,0.1627781033740601,,3.0,extended/v7,v9,derived:9ec2780aa3e2,manuscript_phase1/results/revision/A6_v9/aux_head_metrics.csv
cnn_base,1D CNN,MAE_logM_gamma_err_q0,stress_base,1.0,ensemble,0.0770904468685418,,3.0,extended/v7,v9,derived:df425d6630f2,manuscript_phase1/results/revision/A6_v9/logM_error_by_gamma_error.csv
cnn_base,1D CNN,MAE_logM_gamma_err_q1,stress_base,1.0,ensemble,0.1092729549602789,,3.0,extended/v7,v9,derived:df425d6630f2,manuscript_phase1/results/revision/A6_v9/logM_error_by_gamma_error.csv
cnn_base,1D CNN,MAE_logM_gamma_err_q2,stress_base,1.0,ensemble,0.1412211642018558,,3.0,extended/v7,v9,derived:df425d6630f2,manuscript_phase1/results/revision/A6_v9/logM_error_by_gamma_error.csv
cnn_base,1D CNN,MAE_logM_gamma_err_q3,stress_base,1.0,ensemble,0.176086106692999,,3.0,extended/v7,v9,derived:df425d6630f2,manuscript_phase1/results/revision/A6_v9/logM_error_by_gamma_error.csv
cnn_base,1D CNN,MAE_logM_gamma_err_q4,stress_base,1.0,ensemble,0.3790570514333868,,3.0,extended/v7,v9,derived:df425d6630f2,manuscript_phase1/results/revision/A6_v9/logM_error_by_gamma_error.csv
tf_fused,fused transformer,MAE_logM_gamma_err_q0,stress_base,1.0,ensemble,0.0410567542221682,,3.0,extended/v7,v9,derived:df425d6630f2,manuscript_phase1/results/revision/A6_v9/logM_error_by_gamma_error.csv
tf_fused,fused transformer,MAE_logM_gamma_err_q1,stress_base,1.0,ensemble,0.065521547763909,,3.0,extended/v7,v9,derived:df425d6630f2,manuscript_phase1/results/revision/A6_v9/logM_error_by_gamma_error.csv
tf_fused,fused transformer,MAE_logM_gamma_err_q2,stress_base,1.0,ensemble,0.1156864670546834,,3.0,extended/v7,v9,derived:df425d6630f2,manuscript_phase1/results/revision/A6_v9/logM_error_by_gamma_error.csv
tf_fused,fused transformer,MAE_logM_gamma_err_q3,stress_base,1.0,ensemble,0.1783574234820365,,3.0,extended/v7,v9,derived:df425d6630f2,manuscript_phase1/results/revision/A6_v9/logM_error_by_gamma_error.csv
tf_fused,fused transformer,MAE_logM_gamma_err_q4,stress_base,1.0,ensemble,0.3448883914462495,,3.0,extended/v7,v9,derived:df425d6630f2,manuscript_phase1/results/revision/A6_v9/logM_error_by_gamma_error.csv
tf_learned_patch,learned-patch transformer,MAE_logM_gamma_err_q0,stress_base,1.0,ensemble,0.082951056658382,,3.0,extended/v7,v9,derived:df425d6630f2,manuscript_phase1/results/revision/A6_v9/logM_error_by_gamma_error.csv
tf_learned_patch,learned-patch transformer,MAE_logM_gamma_err_q1,stress_base,1.0,ensemble,0.0942750269456913,,3.0,extended/v7,v9,derived:df425d6630f2,manuscript_phase1/results/revision/A6_v9/logM_error_by_gamma_error.csv
tf_learned_patch,learned-patch transformer,MAE_logM_gamma_err_q2,stress_base,1.0,ensemble,0.1345514933982915,,3.0,extended/v7,v9,derived:df425d6630f2,manuscript_phase1/results/revision/A6_v9/logM_error_by_gamma_error.csv
tf_learned_patch,learned-patch transformer,MAE_logM_gamma_err_q3,stress_base,1.0,ensemble,0.1660179351785414,,3.0,extended/v7,v9,derived:df425d6630f2,manuscript_phase1/results/revision/A6_v9/logM_error_by_gamma_error.csv
tf_learned_patch,learned-patch transformer,MAE_logM_gamma_err_q4,stress_base,1.0,ensemble,0.3891652930054796,,3.0,extended/v7,v9,derived:df425d6630f2,manuscript_phase1/results/revision/A6_v9/logM_error_by_gamma_error.csv
tf_fourier,Fourier-feature transformer,MAE_logM_gamma_err_q0,stress_base,1.0,ensemble,0.112168142446477,,3.0,extended/v7,v9,derived:df425d6630f2,manuscript_phase1/results/revision/A6_v9/logM_error_by_gamma_error.csv
tf_fourier,Fourier-feature transformer,MAE_logM_gamma_err_q1,stress_base,1.0,ensemble,0.1536373687648412,,3.0,extended/v7,v9,derived:df425d6630f2,manuscript_phase1/results/revision/A6_v9/logM_error_by_gamma_error.csv
tf_fourier,Fourier-feature transformer,MAE_logM_gamma_err_q2,stress_base,1.0,ensemble,0.2790491047009956,,3.0,extended/v7,v9,derived:df425d6630f2,manuscript_phase1/results/revision/A6_v9/logM_error_by_gamma_error.csv
tf_fourier,Fourier-feature transformer,MAE_logM_gamma_err_q3,stress_base,1.0,ensemble,0.3583293639746129,,3.0,extended/v7,v9,derived:df425d6630f2,manuscript_phase1/results/revision/A6_v9/logM_error_by_gamma_error.csv
tf_fourier,Fourier-feature transformer,MAE_logM_gamma_err_q4,stress_base,1.0,ensemble,0.632663840195151,,3.0,extended/v7,v9,derived:df425d6630f2,manuscript_phase1/results/revision/A6_v9/logM_error_by_gamma_error.csv
cnn_k45,tuned 1D CNN (kernel 45),MAE_logM_gamma_err_q0,stress_base,1.0,ensemble,0.0668395973944418,,3.0,extended/v7,v9,derived:df425d6630f2,manuscript_phase1/results/revision/A6_v9/logM_error_by_gamma_error.csv
cnn_k45,tuned 1D CNN (kernel 45),MAE_logM_gamma_err_q1,stress_base,1.0,ensemble,0.0667585012058406,,3.0,extended/v7,v9,derived:df425d6630f2,manuscript_phase1/results/revision/A6_v9/logM_error_by_gamma_error.csv
cnn_k45,tuned 1D CNN (kernel 45),MAE_logM_gamma_err_q2,stress_base,1.0,ensemble,0.0826572461099595,,3.0,extended/v7,v9,derived:df425d6630f2,manuscript_phase1/results/revision/A6_v9/logM_error_by_gamma_error.csv
cnn_k45,tuned 1D CNN (kernel 45),MAE_logM_gamma_err_q3,stress_base,1.0,ensemble,0.1038947382694039,,3.0,extended/v7,v9,derived:df425d6630f2,manuscript_phase1/results/revision/A6_v9/logM_error_by_gamma_error.csv
cnn_k45,tuned 1D CNN (kernel 45),MAE_logM_gamma_err_q4,stress_base,1.0,ensemble,0.2504068848443929,,3.0,extended/v7,v9,derived:df425d6630f2,manuscript_phase1/results/revision/A6_v9/logM_error_by_gamma_error.csv
tf_p60,tuned transformer (patch 60),MAE_logM_gamma_err_q0,stress_base,1.0,ensemble,0.0816295765673728,,3.0,extended/v7,v9,derived:df425d6630f2,manuscript_phase1/results/revision/A6_v9/logM_error_by_gamma_error.csv
tf_p60,tuned transformer (patch 60),MAE_logM_gamma_err_q1,stress_base,1.0,ensemble,0.0890388969376731,,3.0,extended/v7,v9,derived:df425d6630f2,manuscript_phase1/results/revision/A6_v9/logM_error_by_gamma_error.csv
tf_p60,tuned transformer (patch 60),MAE_logM_gamma_err_q2,stress_base,1.0,ensemble,0.1217665301472374,,3.0,extended/v7,v9,derived:df425d6630f2,manuscript_phase1/results/revision/A6_v9/logM_error_by_gamma_error.csv
tf_p60,tuned transformer (patch 60),MAE_logM_gamma_err_q3,stress_base,1.0,ensemble,0.1528553970405165,,3.0,extended/v7,v9,derived:df425d6630f2,manuscript_phase1/results/revision/A6_v9/logM_error_by_gamma_error.csv
tf_p60,tuned transformer (patch 60),MAE_logM_gamma_err_q4,stress_base,1.0,ensemble,0.308565682480719,,3.0,extended/v7,v9,derived:df425d6630f2,manuscript_phase1/results/revision/A6_v9/logM_error_by_gamma_error.csv
fit_matched,matched-model fit (oracle),MAE_logM_failures_replaced,stress_base,0.25,single,0.1404279589268447,,,,v9,derived:440c88e6a5a8,manuscript_phase1/results/revision/A3_v9/summary_by_severity.csv
fit_matched,matched-model fit (oracle),MAE_logM_failures_replaced,stress_base,0.5,single,0.2698685873971263,,,,v9,derived:440c88e6a5a8,manuscript_phase1/results/revision/A3_v9/summary_by_severity.csv
fit_matched,matched-model fit (oracle),MAE_logM_failures_replaced,stress_base,1.0,single,0.4397949818532931,,,,v9,derived:440c88e6a5a8,manuscript_phase1/results/revision/A3_v9/summary_by_severity.csv
fit_matched,matched-model fit (oracle),MAE_logM_failures_replaced,stress_base,2.0,single,0.6990170316959382,,,,v9,derived:440c88e6a5a8,manuscript_phase1/results/revision/A3_v9/summary_by_severity.csv
fit_matched,matched-model fit (oracle),MAE_logM_failures_replaced,stress_base,4.0,single,0.9867924847100012,,,,v9,derived:440c88e6a5a8,manuscript_phase1/results/revision/A3_v9/summary_by_severity.csv
fit_single_naive,naive single-mode fit,MAE_logM_failures_replaced,stress_base,0.25,single,2.9640689156482014,,,,v9,derived:440c88e6a5a8,manuscript_phase1/results/revision/A3_v9/summary_by_severity.csv
fit_single_naive,naive single-mode fit,MAE_logM_failures_replaced,stress_base,0.5,single,2.8222765550956703,,,,v9,derived:440c88e6a5a8,manuscript_phase1/results/revision/A3_v9/summary_by_severity.csv
fit_single_naive,naive single-mode fit,MAE_logM_failures_replaced,stress_base,1.0,single,2.3963348473637316,,,,v9,derived:440c88e6a5a8,manuscript_phase1/results/revision/A3_v9/summary_by_severity.csv
fit_single_naive,naive single-mode fit,MAE_logM_failures_replaced,stress_base,2.0,single,1.784878417007465,,,,v9,derived:440c88e6a5a8,manuscript_phase1/results/revision/A3_v9/summary_by_severity.csv
fit_single_naive,naive single-mode fit,MAE_logM_failures_replaced,stress_base,4.0,single,1.4575989739920323,,,,v9,derived:440c88e6a5a8,manuscript_phase1/results/revision/A3_v9/summary_by_severity.csv
fit_single_win,windowed single-mode fit,MAE_logM_failures_replaced,stress_base,0.25,single,0.7457187885557708,,,,v9,derived:bddfd7187a96,manuscript_phase1/results/revision/A3_v9/summary_extra_variants.csv
fit_single_win,windowed single-mode fit,MAE_logM_failures_replaced,stress_base,0.5,single,0.7482531124039575,,,,v9,derived:bddfd7187a96,manuscript_phase1/results/revision/A3_v9/summary_extra_variants.csv
fit_single_win,windowed single-mode fit,MAE_logM_failures_replaced,stress_base,1.0,single,0.7974895199895652,,,,v9,derived:bddfd7187a96,manuscript_phase1/results/revision/A3_v9/summary_extra_variants.csv
fit_single_win,windowed single-mode fit,MAE_logM_failures_replaced,stress_base,2.0,single,0.8636099794277479,,,,v9,derived:bddfd7187a96,manuscript_phase1/results/revision/A3_v9/summary_extra_variants.csv
fit_single_win,windowed single-mode fit,MAE_logM_failures_replaced,stress_base,4.0,single,1.0157596532879067,,,,v9,derived:bddfd7187a96,manuscript_phase1/results/revision/A3_v9/summary_extra_variants.csv
fit_single_track,dispersion-tracking single-mode fit,MAE_logM_failures_replaced,stress_base,0.25,single,1.0025413474977565,,,,v9,derived:bddfd7187a96,manuscript_phase1/results/revision/A3_v9/summary_extra_variants.csv
fit_single_track,dispersion-tracking single-mode fit,MAE_logM_failures_replaced,stress_base,0.5,single,0.9874921153270392,,,,v9,derived:bddfd7187a96,manuscript_phase1/results/revision/A3_v9/summary_extra_variants.csv
fit_single_track,dispersion-tracking single-mode fit,MAE_logM_failures_replaced,stress_base,1.0,single,0.9918872531560226,,,,v9,derived:bddfd7187a96,manuscript_phase1/results/revision/A3_v9/summary_extra_variants.csv
fit_single_track,dispersion-tracking single-mode fit,MAE_logM_failures_replaced,stress_base,2.0,single,1.1250932619304368,,,,v9,derived:bddfd7187a96,manuscript_phase1/results/revision/A3_v9/summary_extra_variants.csv
fit_single_track,dispersion-tracking single-mode fit,MAE_logM_failures_replaced,stress_base,4.0,single,1.334605087303626,,,,v9,derived:bddfd7187a96,manuscript_phase1/results/revision/A3_v9/summary_extra_variants.csv
fit_two_mode,two-mode fit,MAE_logM_failures_replaced,stress_base,0.25,single,2.630468018600683,,,,v9,derived:bddfd7187a96,manuscript_phase1/results/revision/A3_v9/summary_extra_variants.csv
fit_two_mode,two-mode fit,MAE_logM_failures_replaced,stress_base,0.5,single,2.536991305806577,,,,v9,derived:bddfd7187a96,manuscript_phase1/results/revision/A3_v9/summary_extra_variants.csv
fit_two_mode,two-mode fit,MAE_logM_failures_replaced,stress_base,1.0,single,2.369163636089824,,,,v9,derived:bddfd7187a96,manuscript_phase1/results/revision/A3_v9/summary_extra_variants.csv
fit_two_mode,two-mode fit,MAE_logM_failures_replaced,stress_base,2.0,single,2.1995068141195775,,,,v9,derived:bddfd7187a96,manuscript_phase1/results/revision/A3_v9/summary_extra_variants.csv
fit_two_mode,two-mode fit,MAE_logM_failures_replaced,stress_base,4.0,single,2.0714638310394173,,,,v9,derived:bddfd7187a96,manuscript_phase1/results/revision/A3_v9/summary_extra_variants.csv
