method,severity,seed,idx,logM_pred,logM_true
feat_gbm,0.25,42,0,-0.3078122441743434,0.03894909458183669
feat_gbm,0.25,42,1,-2.168778610145673,-2.5052564746229193
feat_gbm,0.25,42,2,0.6180034959660448,0.6287827851917782
feat_gbm,0.25,42,3,-3.634265347688074,-3.3447289283878643
feat_gbm,0.25,42,4,1.0114689729405093,0.9694015026406426
feat_gbm,0.25,42,5,-2.2210485321498807,-2.4693709778233526
feat_gbm,0.25,42,6,-0.26394732729502757,-0.2819211013310965
feat_gbm,0.25,42,7,0.8073385675988558,0.5289578846490461
feat_gbm,0.25,42,8,0.22669278392405984,0.032863622186365654
feat_gbm,0.25,42,9,0.9275320745177473,0.9352707853930591
feat_gbm,0.25,42,10,-1.6765105552265311,-1.5987558134683666
feat_gbm,0.25,42,11,-3.2921789009077265,-3.2678706438993954
feat_gbm,0.25,42,12,-2.4285573538884435,-2.445380546146449
feat_gbm,0.25,42,13,-0.2161094546042524,-0.4471217519653716
feat_gbm,0.25,42,14,-1.9863882214131965,-1.8343062920535937
feat_gbm,0.25,42,15,-2.0999345305808728,-2.278287047942225
feat_gbm,0.25,42,16,-1.2085726844064315,-1.113015507562239
feat_gbm,0.25,42,17,-1.508388333118209,-1.149386040828735
feat_gbm,0.25,42,18,-0.3796301812788635,-0.4541092694382234
feat_gbm,0.25,42,19,-2.727153025307246,-2.8798658660471284
feat_gbm,0.25,42,20,-2.8976030315873778,-3.281006200299989
feat_gbm,0.25,42,21,-0.9519452949381608,-0.7889402030111288
feat_gbm,0.25,42,22,-0.35481881915589325,-0.48114593055133975
feat_gbm,0.25,42,23,-3.267510466140277,-2.8038114998165153
feat_gbm,0.25,42,24,-2.8609723424480205,-2.6726430450531393
feat_gbm,0.25,42,25,-3.2905211438477604,-3.141178249464176
feat_gbm,0.25,42,26,-3.5199521759821564,-3.8612362310489847
feat_gbm,0.25,42,27,-3.0685796082428736,-3.085821277369337
feat_gbm,0.25,42,28,-3.086928365670591,-2.1153791712035637
feat_gbm,0.25,42,29,-0.43854884595026933,-0.5854112868629942
feat_gbm,0.25,42,30,0.20655544942062945,0.13849791927417068
feat_gbm,0.25,42,31,-2.955939519161749,-2.779654184179668
feat_gbm,0.25,42,32,1.5438045870298038,0.9166392391011026
feat_gbm,0.25,42,33,-1.8971241519862148,-2.134444297962007
feat_gbm,0.25,42,34,1.2128240343670385,1.1224191581864646
feat_gbm,0.25,42,35,-3.274630259386913,-2.7514680837461087
feat_gbm,0.25,42,36,0.55447964385462,0.7493710802437775
feat_gbm,0.25,42,37,-1.8333536112199516,-2.157600461660938
feat_gbm,0.25,42,38,-1.7766487950173042,-1.7436371170468024
feat_gbm,0.25,42,39,0.8398784536291456,0.632388610685479
feat_gbm,0.25,42,40,-1.7909357445507934,-1.5024753827969588
feat_gbm,0.25,42,41,-2.47374578490013,-2.936018587066778
feat_gbm,0.25,42,42,-0.04154155235293918,-0.06406961406287034
feat_gbm,0.25,42,43,-0.4805579133191593,-0.43711075337934485
feat_gbm,0.25,42,44,0.6330987115152404,0.521724778538647
feat_gbm,0.25,42,45,0.7283943167317644,-0.02881562555915001
feat_gbm,0.25,42,46,-2.404018273232316,-2.6856700943784895
feat_gbm,0.25,42,47,-2.958135378178616,-3.3419513202228783
feat_gbm,0.25,42,48,-0.6796711382668457,-0.35240032436669677
feat_gbm,0.25,42,49,-3.7362785536700165,-4.466027560457086
feat_gbm,0.25,42,50,-0.8795550753577017,-1.2227887404747313
feat_gbm,0.25,42,51,-3.7847305584004385,-4.168130875201601
feat_gbm,0.25,42,52,-1.719186154224708,-2.1825653069440887
feat_gbm,0.25,42,53,-3.2229570856969962,-2.816977102698189
feat_gbm,0.25,42,54,-0.32022034597678084,-0.9520374156321785
feat_gbm,0.25,42,55,0.6156609216187368,0.800460094219776
feat_gbm,0.25,42,56,0.25506974600015236,0.2782562560211116
feat_gbm,0.25,42,57,-0.22192162917850478,-0.7855200046266205
feat_gbm,0.25,42,58,-3.0290530853983664,-2.837973637743256
feat_gbm,0.25,42,59,0.1012784901480402,0.3653424354755994
feat_gbm,0.25,42,60,-3.0425284940857575,-3.145987746693799
feat_gbm,0.25,42,61,-2.714853619841466,-2.1381844357326614
feat_gbm,0.25,42,62,0.593721905599485,0.3908315550690521
feat_gbm,0.25,42,63,-2.8354600293605756,-3.259739876316779
feat_gbm,0.25,42,64,-2.665881973301495,-3.799325775609258
feat_gbm,0.25,42,65,0.48599633250427854,0.2842997557356093
feat_gbm,0.25,42,66,0.7694691861009988,0.9099380077885143
feat_gbm,0.25,42,67,0.4783967445626774,0.5741223235018287
feat_gbm,0.25,42,68,1.1711612663890179,1.3807263582335993
feat_gbm,0.25,42,69,1.13554646780508,2.7357387204405055
feat_gbm,0.25,42,70,-0.07451494582968313,-0.3782017485149665
feat_gbm,0.25,42,71,-0.4169864292846916,-0.6946521973220513
feat_gbm,0.25,42,72,-3.3232095606099064,-3.510295151868067
feat_gbm,0.25,42,73,-0.29011856754723114,-0.3643686170400702
feat_gbm,0.25,42,74,0.6350550921834712,1.1835884152793859
feat_gbm,0.25,42,75,0.10130151736769141,-0.38644824542838596
feat_gbm,0.25,42,76,0.8144171007000678,0.7005004452467647
feat_gbm,0.25,42,77,0.38056388817936504,0.3770911051312199
feat_gbm,0.25,42,78,-0.43090210615794006,-0.5374783823521183
feat_gbm,0.25,42,79,-2.3972279628576936,-3.2499450611549854
feat_gbm,0.25,42,80,-1.8057457398145955,-1.719925172279684
feat_gbm,0.25,42,81,0.35816577963785434,1.8185710395242058
feat_gbm,0.25,42,82,-1.105058168690791,-1.0758778979961314
feat_gbm,0.25,42,83,-0.4162095751184472,-0.8033140510569362
feat_gbm,0.25,42,84,-1.9227002797592119,-2.0837035815006346
feat_gbm,0.25,42,85,-2.7420611184698678,-1.2430797823904942
feat_gbm,0.25,42,86,0.8391171370116772,0.639317965424242
feat_gbm,0.25,42,87,0.15913736358388572,-0.02321591952008587
feat_gbm,0.25,42,88,-2.7334806904914073,-3.512086916650174
feat_gbm,0.25,42,89,-2.00101230536602,-1.684363733317816
feat_gbm,0.25,42,90,-3.433945871399228,-3.5341996208099964
feat_gbm,0.25,42,91,0.7750143616241172,1.1574629997660548
feat_gbm,0.25,42,92,-1.0099494690081983,-0.7651863719989663
feat_gbm,0.25,42,93,-2.708463577947844,-5.7708125015304885
feat_gbm,0.25,42,94,0.3326772361270543,0.07374698385127064
feat_gbm,0.25,42,95,0.8458039745935817,1.201566413592891
feat_gbm,0.25,42,96,1.742520687100421,1.2655480006709303
feat_gbm,0.25,42,97,-2.956872967004983,-3.2217777708537843
feat_gbm,0.25,42,98,-1.0389935068179705,-1.2120387208328698
feat_gbm,0.25,42,99,-0.3754551325991867,-0.04015373686183237
feat_gbm,0.25,42,100,-2.329060503251291,-2.8384481914339785
feat_gbm,0.25,42,101,-3.3607592215266315,-3.541068619782685
feat_gbm,0.25,42,102,-3.6017069429289994,-4.424727465058162
feat_gbm,0.25,42,103,-0.3678894956559363,-0.7652009130347144
feat_gbm,0.25,42,104,-0.019510311956181605,-0.406664655497914
feat_gbm,0.25,42,105,-2.483301662545037,-2.8019031633754246
feat_gbm,0.25,42,106,-1.0413736508771163,-1.1978192780958505
feat_gbm,0.25,42,107,-1.0814757314433678,-1.2497822804421463
feat_gbm,0.25,42,108,-0.09167337060745667,-0.2003702404752673
feat_gbm,0.25,42,109,-0.21186200195654586,-0.28745536208379296
feat_gbm,0.25,42,110,0.45888947691049625,0.2838469771831524
feat_gbm,0.25,42,111,0.48035280647251644,0.6579850926301614
feat_gbm,0.25,42,112,-0.15287255361207563,-0.4279263804064609
feat_gbm,0.25,42,113,0.7423438944512896,0.527327823801956
feat_gbm,0.25,42,114,-3.2080414510549207,-3.652947895428966
feat_gbm,0.25,42,115,-0.05584440488069392,-0.04287987221360797
feat_gbm,0.25,42,116,-3.0133068237819667,-3.4409421360670214
feat_gbm,0.25,42,117,-3.002470467061129,-2.4284095097884006
feat_gbm,0.25,42,118,-1.7499464333612307,-1.419217075367618
feat_gbm,0.25,42,119,-1.2202282776784776,-1.4944271796191557
feat_gbm,0.25,42,120,-3.036924854109896,-2.797137626437216
feat_gbm,0.25,42,121,1.944234130816273,3.1321125804877905
feat_gbm,0.25,42,122,-2.438074957236487,-3.164895556438051
feat_gbm,0.25,42,123,0.4579502027020939,-0.021234684620174846
feat_gbm,0.25,42,124,-1.3759413548178965,-1.246001114532972
feat_gbm,0.25,42,125,-2.958952709444485,-2.7130193085566443
feat_gbm,0.25,42,126,-1.8711668060489703,-2.0560780011130944
feat_gbm,0.25,42,127,-1.9710106446049984,-1.631222331554067
feat_gbm,0.25,42,128,-2.665907315611033,-3.477307725783656
feat_gbm,0.25,42,129,0.9150426759764716,1.7007542891568868
feat_gbm,0.25,42,130,-2.791287928307885,-3.4021624962570822
feat_gbm,0.25,42,131,-3.328005273640378,-3.701149444421242
feat_gbm,0.25,42,132,-0.24615448736911996,-0.4116741376471012
feat_gbm,0.25,42,133,-0.2806764398079232,-0.5680375850475197
feat_gbm,0.25,42,134,-1.9547195856728548,-1.4788189923590598
feat_gbm,0.25,42,135,-2.524381186160996,-2.9896549957503007
feat_gbm,0.25,42,136,0.3677699137666778,0.11194117436713467
feat_gbm,0.25,42,137,1.1911563413227235,1.7147062893715772
feat_gbm,0.25,42,138,-2.536756893634998,-1.9709125209383296
feat_gbm,0.25,42,139,-0.34029335341234407,0.19937477723826902
feat_gbm,0.25,42,140,-2.2830629301597876,-2.8223726616431475
feat_gbm,0.25,42,141,-0.1996146026581389,-0.12380828599000025
feat_gbm,0.25,42,142,-2.684116035122674,-2.97521232911642
feat_gbm,0.25,42,143,-1.7093298588617003,-1.9484557479617686
feat_gbm,0.25,42,144,0.6112034727782019,1.244093655886106
feat_gbm,0.25,42,145,-2.0448643216825735,-2.0280859266176816
feat_gbm,0.25,42,146,-2.7779236234962097,-2.0754073031653366
feat_gbm,0.25,42,147,-0.3151115326733823,-0.11331641159387335
feat_gbm,0.25,42,148,-2.891643929990636,-2.620298039600635
feat_gbm,0.25,42,149,-2.9405326733823016,-3.8395532227602396
feat_gbm,0.25,42,150,-1.2847340738153528,-2.149698272240366
feat_gbm,0.25,42,151,-2.9401999680386504,-3.1594376779318036
feat_gbm,0.25,42,152,-2.494328232276076,-2.7712141114581046
feat_gbm,0.25,42,153,-1.371815112638098,-1.1483368403810985
feat_gbm,0.25,42,154,-1.3263959832802787,-1.4700676700115773
feat_gbm,0.25,42,155,1.1547900207107156,1.4088416749712322
feat_gbm,0.25,42,156,0.6060426174998472,0.7564704220494097
feat_gbm,0.25,42,157,-1.6154755525656428,-1.7148995557963913
feat_gbm,0.25,42,158,-1.3978914233376944,-2.8595355115547196
feat_gbm,0.25,42,159,-1.0718604046719746,-0.9922400520728849
feat_gbm,0.25,42,160,2.167112375472569,1.8585227307534937
feat_gbm,0.25,42,161,-2.3189339258044614,-2.477654537850602
feat_gbm,0.25,42,162,-3.2516133241619687,-2.993764039868935
feat_gbm,0.25,42,163,-1.3683408352975848,-1.1722671160336509
feat_gbm,0.25,42,164,-1.8860279926380372,-1.6577576086204497
feat_gbm,0.25,42,165,-2.3101706002220954,-2.9770186999323642
feat_gbm,0.25,42,166,-3.0549142740653354,-3.2329952824425443
feat_gbm,0.25,42,167,-0.0377244420558059,0.19550508612775644
feat_gbm,0.25,42,168,-1.0962777090191276,-1.2639642813248737
feat_gbm,0.25,42,169,1.4533270252885788,1.4224064134580066
feat_gbm,0.25,42,170,-1.451938448210085,-1.5303724784706008
feat_gbm,0.25,42,171,0.4655445418299109,0.6086346650572224
feat_gbm,0.25,42,172,0.11216877442290994,-0.052232489626048526
feat_gbm,0.25,42,173,-0.32189268105887736,-0.19074605880313256
feat_gbm,0.25,42,174,-2.953563626533031,-2.7678232596734214
feat_gbm,0.25,42,175,-2.066927005403403,-1.6557092188829319
feat_gbm,0.25,42,176,0.14987276495958998,0.12081831439914445
feat_gbm,0.25,42,177,0.8463784787645837,3.7031714993021168
feat_gbm,0.25,42,178,0.28313755337193014,-0.17761292562564054
feat_gbm,0.25,42,179,0.03706716264052384,0.2295122735959306
feat_gbm,0.25,42,180,-1.132563100866463,-1.6401012725318311
feat_gbm,0.25,42,181,-2.4479931507143493,-3.399461101549646
feat_gbm,0.25,42,182,0.5699205708059629,0.5421608664871393
feat_gbm,0.25,42,183,-3.0035762652155875,-3.7858185839721776
feat_gbm,0.25,42,184,0.3488220933790834,0.4440956773301304
feat_gbm,0.25,42,185,0.3082022730129588,0.5450962365111649
feat_gbm,0.25,42,186,-2.878985413310094,-3.094441269353033
feat_gbm,0.25,42,187,1.1042576871030907,1.436275522654785
feat_gbm,0.25,42,188,0.19563145612843383,-0.003208414280501246
feat_gbm,0.25,42,189,-1.6991027818493345,-2.0766448721687736
feat_gbm,0.25,42,190,-3.1340880338682258,-2.887011097372245
feat_gbm,0.25,42,191,0.006402848517290021,-0.19564387773269687
feat_gbm,0.25,42,192,-2.885432447639143,-3.39219136175158
feat_gbm,0.25,42,193,-3.845592912917726,-4.804455114758695
feat_gbm,0.25,42,194,0.16690292140847382,-0.23230879418151415
feat_gbm,0.25,42,195,0.9485852561978789,0.7768952289284052
feat_gbm,0.25,42,196,-3.0348312260895987,-3.0758975731441707
feat_gbm,0.25,42,197,1.9032070594570534,1.8852948766094535
feat_gbm,0.25,42,198,0.03535706529889283,-0.07474663349946693
feat_gbm,0.25,42,199,1.7521010409725648,0.9295509098669842
feat_gbm,0.25,42,200,0.1044931219608989,0.40408761039079466
feat_gbm,0.25,42,201,-1.332699360596293,-1.0185563947000995
feat_gbm,0.25,42,202,-1.3986009794246024,-1.5812541435625456
feat_gbm,0.25,42,203,-2.2358098254283734,-2.9269603411540346
feat_gbm,0.25,42,204,-0.322526456136978,-0.9368237022381455
feat_gbm,0.25,42,205,-0.704350933090142,-0.771906247259438
feat_gbm,0.25,42,206,-1.4209331415321835,-1.4457766532498904
feat_gbm,0.25,42,207,-2.472109764233537,-2.4752738768021185
feat_gbm,0.25,42,208,-3.515738378124208,-2.8789590131308262
feat_gbm,0.25,42,209,-3.038706750641555,-2.6986856152036793
feat_gbm,0.25,42,210,0.4293034079647935,0.05837096406180189
feat_gbm,0.25,42,211,-1.9874379343115236,-2.2327070274631113
feat_gbm,0.25,42,212,-0.004597423299327736,0.15758807445032513
feat_gbm,0.25,42,213,0.8966086012715743,0.5234750924970406
feat_gbm,0.25,42,214,0.57203089173203,0.8312555987922697
feat_gbm,0.25,42,215,-0.7131203875601346,-0.7699972654610447
feat_gbm,0.25,42,216,-2.1456791876027252,-2.4368834827463726
feat_gbm,0.25,42,217,-3.379118358933776,-3.7421886443248944
feat_gbm,0.25,42,218,-3.067760783595377,-4.3753265313120195
feat_gbm,0.25,42,219,0.21772142277944126,0.13181597567614448
feat_gbm,0.25,42,220,-2.350837628188913,-2.150299196146146
feat_gbm,0.25,42,221,0.43346636122731536,0.4316281043505307
feat_gbm,0.25,42,222,0.3953462230374622,0.20581216265343685
feat_gbm,0.25,42,223,-1.2571976969531133,-1.7226779576420432
feat_gbm,0.25,42,224,0.8821196355812767,1.0701061526100661
feat_gbm,0.25,42,225,-3.1351321048585103,-2.995983076644188
feat_gbm,0.25,42,226,-0.33671341174216773,-0.39103048890459524
feat_gbm,0.25,42,227,-1.9820489512768138,-2.811377433191803
feat_gbm,0.25,42,228,0.2778501525634415,0.1103569248772952
feat_gbm,0.25,42,229,0.8354242527719413,1.0926797996732165
feat_gbm,0.25,42,230,-1.2577736853088919,-1.1465469989616057
feat_gbm,0.25,42,231,-3.5346780957110258,-3.7045714701961474
feat_gbm,0.25,42,232,-0.06738617088182894,-0.3205795311611984
feat_gbm,0.25,42,233,-0.6432907627936241,-0.7282288274356463
feat_gbm,0.25,42,234,-0.4161427184536975,-0.6143938277881194
feat_gbm,0.25,42,235,-3.5909262898199774,-3.717493513170671
feat_gbm,0.25,42,236,-1.5780688706005979,-1.894186438607053
feat_gbm,0.25,42,237,0.17333155076243692,0.19101892391720615
feat_gbm,0.25,42,238,-2.514046139089203,-2.723653519266766
feat_gbm,0.25,42,239,0.13548347423751372,0.28172679866345784
feat_gbm,0.25,42,240,-0.8677193902475657,-0.570916259780521
feat_gbm,0.25,42,241,-1.3487878376023341,-3.037607674189957
feat_gbm,0.25,42,242,-2.9414387936286603,-2.4824067099880884
feat_gbm,0.25,42,243,1.2559681922437782,1.793244191067856
feat_gbm,0.25,42,244,-2.7088497285479276,-2.170563194223024
feat_gbm,0.25,42,245,-3.083744528408319,-2.5580286375581696
feat_gbm,0.25,42,246,-2.8941195298419586,-3.9013363177662743
feat_gbm,0.25,42,247,-1.118043704056755,-1.2689211715035387
feat_gbm,0.25,42,248,-2.900091476351651,-2.89795980370705
feat_gbm,0.25,42,249,-0.5095402911229954,-1.149470325468549
feat_gbm,0.25,42,250,-2.0564773080569156,-2.1803876537888693
feat_gbm,0.25,42,251,-1.5937672593808707,-1.2010659028736028
feat_gbm,0.25,42,252,-2.5484187347181178,-2.675840590612525
feat_gbm,0.25,42,253,-1.5774400324697377,-0.865421424414132
feat_gbm,0.25,42,254,-0.1328396522461759,-0.45089388998719687
feat_gbm,0.25,42,255,-1.5523104268610108,-1.477655138121315
feat_gbm,0.25,42,256,-1.8118360083922507,-1.9234128661936198
feat_gbm,0.25,42,257,-1.7324785470522492,-0.8895479413744646
feat_gbm,0.25,42,258,-0.7993687558036997,-1.284701881398344
feat_gbm,0.25,42,259,-0.09615394594167168,0.03791276039075724
feat_gbm,0.25,42,260,-0.8165506456346519,-1.213907680807544
feat_gbm,0.25,42,261,-0.032648979851962065,-0.6937064881158975
feat_gbm,0.25,42,262,-2.7011682602402316,-2.500344974429108
feat_gbm,0.25,42,263,-3.0397046231278138,-3.0782877743164985
feat_gbm,0.25,42,264,-3.0670738179088457,-3.2702790535172426
feat_gbm,0.25,42,265,-0.47226374761865964,-0.15746453031192983
feat_gbm,0.25,42,266,-2.2199308955234724,-1.3930653126164372
feat_gbm,0.25,42,267,-3.3245015639274076,-3.460520174484755
feat_gbm,0.25,42,268,-1.9004317932143162,-1.8115923421665279
feat_gbm,0.25,42,269,0.08781978730810149,-0.04785951915829837
feat_gbm,0.25,42,270,-1.170395663527262,-1.3387838926701625
feat_gbm,0.25,42,271,0.7328922772797555,0.6172482925771328
feat_gbm,0.25,42,272,0.0449439925034569,0.10718580269537517
feat_gbm,0.25,42,273,-2.48740329400622,-2.4250613993713395
feat_gbm,0.25,42,274,-0.11778029482411809,-0.4656136934058211
feat_gbm,0.25,42,275,-2.1710446950959814,-1.7679071058666047
feat_gbm,0.25,42,276,-0.6411733598560576,-0.15192249005847586
feat_gbm,0.25,42,277,-0.21185899400457792,-0.22686658439221394
feat_gbm,0.25,42,278,-0.43153753228336716,-0.3963273628232521
feat_gbm,0.25,42,279,-1.997310207630208,-2.1916982233579314
feat_gbm,0.25,42,280,0.3765848893719825,0.5138857123822332
feat_gbm,0.25,42,281,0.26406799496510447,0.13501120436460418
feat_gbm,0.25,42,282,-0.03692178826086464,-0.35232291748203215
feat_gbm,0.25,42,283,0.39688167237577154,0.33710059568630363
feat_gbm,0.25,42,284,2.3583540234973492,2.2269494594330284
feat_gbm,0.25,42,285,-0.46947448705603684,-0.8523290277873723
feat_gbm,0.25,42,286,0.39486489533658836,0.5032694866056324
feat_gbm,0.25,42,287,-2.8784663959576764,-3.0734310124071125
feat_gbm,0.25,42,288,-2.827863632685306,-3.0969464995649485
feat_gbm,0.25,42,289,0.8382955286255498,0.8088909840914691
feat_gbm,0.25,42,290,-1.3190338127403725,-1.710735902712342
feat_gbm,0.25,42,291,0.07980523869981394,-0.24588513525180683
feat_gbm,0.25,42,292,-3.027207743557427,-2.9910915714149957
feat_gbm,0.25,42,293,0.004383271173489449,0.24397961438558982
feat_gbm,0.25,42,294,1.1777209017685022,0.9827222917401395
feat_gbm,0.25,42,295,1.0153142492932854,1.5399914318848642
feat_gbm,0.25,42,296,-2.215975915461289,-3.028104854063688
feat_gbm,0.25,42,297,-0.920385209694913,-1.9675880903276046
feat_gbm,0.25,42,298,0.4656149593288626,0.3882116190950413
feat_gbm,0.25,42,299,-0.3945793689215854,-0.4169590587595381
feat_gbm,0.25,42,300,-0.33617958554583,-0.47104701624968015
feat_gbm,0.25,42,301,-0.4131760491472459,-0.5788171023402015
feat_gbm,0.25,42,302,-3.1141224213072767,-3.325334912618423
feat_gbm,0.25,42,303,0.2716150606419294,0.27214776974989446
feat_gbm,0.25,42,304,0.24931993578935213,0.2838761456734127
feat_gbm,0.25,42,305,0.8146815902375248,0.98356576927226
feat_gbm,0.25,42,306,-2.1053599085415837,-2.324804251846344
feat_gbm,0.25,42,307,-0.1959260491828677,-0.30060412365222405
feat_gbm,0.25,42,308,-3.1617120421511897,-3.5706943269006843
feat_gbm,0.25,42,309,0.8946460979979839,0.7657986236992217
feat_gbm,0.25,42,310,-0.12826836764226923,-0.3760212383278314
feat_gbm,0.25,42,311,0.9753482899373613,0.903367601886353
feat_gbm,0.25,42,312,0.41482751796640466,0.2834145554969618
feat_gbm,0.25,42,313,-0.4554127928904349,-0.8750381269167363
feat_gbm,0.25,42,314,-0.7514111648548114,-0.8911054934067958
feat_gbm,0.25,42,315,0.47507889785583435,0.2699623908229132
feat_gbm,0.25,42,316,-3.176293800324209,-4.034449774534175
feat_gbm,0.25,42,317,0.6969989926096142,0.7302045063515665
feat_gbm,0.25,42,318,-2.4007147955101096,-2.5264159394565007
feat_gbm,0.25,42,319,-3.2278693230382327,-3.1280680478747835
feat_gbm,0.25,42,320,-0.2741711198647559,-0.623194388118803
feat_gbm,0.25,42,321,-3.4691220385894797,-4.172922463867305
feat_gbm,0.25,42,322,1.31749597636101,1.0714029341973417
feat_gbm,0.25,42,323,-2.99654512650403,-2.5538050374755565
feat_gbm,0.25,42,324,-1.2996462225521723,-1.5310020975326282
feat_gbm,0.25,42,325,-0.7359288813464128,-0.735749980772127
feat_gbm,0.25,42,326,-0.5738976049577222,-0.5010306012352705
feat_gbm,0.25,42,327,-3.813788334939041,-4.393123087746285
feat_gbm,0.25,42,328,0.39949552219292467,0.6439364857563509
feat_gbm,0.25,42,329,-2.5061984737889245,-2.60760252445046
feat_gbm,0.25,42,330,0.7290630395839164,0.46983427811083467
feat_gbm,0.25,42,331,-1.6629435036845552,-1.149354435920189
feat_gbm,0.25,42,332,-1.6463827980798071,-1.0961264399974935
feat_gbm,0.25,42,333,1.0246769761001606,1.4253561556633074
feat_gbm,0.25,42,334,1.0614394246502168,1.0406546288822482
feat_gbm,0.25,42,335,-0.22110155282708643,-0.1286217558512718
feat_gbm,0.25,42,336,-1.8144928444864226,-1.7275974260064488
feat_gbm,0.25,42,337,-3.7951498758340634,-4.535227665039715
feat_gbm,0.25,42,338,-0.5276497647397765,-1.078833843619319
feat_gbm,0.25,42,339,-2.4622826409738874,-2.035297396751524
feat_gbm,0.25,42,340,0.4817807786650739,0.4788286932125707
feat_gbm,0.25,42,341,-1.2836573634427686,-0.4595082096564039
feat_gbm,0.25,42,342,-3.2971324310276326,-3.653430804591794
feat_gbm,0.25,42,343,0.4008188735355401,0.2834522663037432
feat_gbm,0.25,42,344,0.14644381374897475,-0.15984972455285287
feat_gbm,0.25,42,345,-2.526284740250246,-3.8822970119574354
feat_gbm,0.25,42,346,-2.8902266374748855,-2.5801989990218064
feat_gbm,0.25,42,347,-3.333881269190829,-3.2622630695286134
feat_gbm,0.25,42,348,-0.33574014942937974,-0.4894561152880944
feat_gbm,0.25,42,349,-2.9134442078139293,-3.0223552414624764
feat_gbm,0.25,42,350,0.5599921172941651,0.4215072765335228
feat_gbm,0.25,42,351,-1.6542650495941573,-1.8152752103400673
feat_gbm,0.25,42,352,0.5268234573811439,1.102263670511441
feat_gbm,0.25,42,353,0.9315560119242774,1.4454852001466738
feat_gbm,0.25,42,354,-3.4087578402528855,-3.6770060333191017
feat_gbm,0.25,42,355,-3.811383429005775,-5.078652858832153
feat_gbm,0.25,42,356,0.637318057893834,0.7815322159665122
feat_gbm,0.25,42,357,0.6978157550047774,0.6775133790495483
feat_gbm,0.25,42,358,-3.083940349000102,-3.5163570325540956
feat_gbm,0.25,42,359,-0.8180243157509526,-4.157760523739404
feat_gbm,0.25,42,360,-0.2549023734480934,-0.18386357284099003
feat_gbm,0.25,42,361,-3.0769929279599193,-4.477383009144865
feat_gbm,0.25,42,362,0.5619866525450812,0.2909126951240761
feat_gbm,0.25,42,363,-2.8503512790806105,-3.5121531596302606
feat_gbm,0.25,42,364,-0.29645658636993055,-0.0019354464452207268
feat_gbm,0.25,42,365,-3.3849765531424736,-3.264666087597375
feat_gbm,0.25,42,366,-2.1338599437311325,-1.4961090632143375
feat_gbm,0.25,42,367,-0.003964340994163953,-0.10305907560987346
feat_gbm,0.25,42,368,0.2978919900241786,0.24601275195113992
feat_gbm,0.25,42,369,-1.3224469333143358,-1.6400355118163064
feat_gbm,0.25,42,370,-2.052279552047746,-1.5399226532969161
feat_gbm,0.25,42,371,-0.3332440830000356,-0.3336387161155974
feat_gbm,0.25,42,372,0.36439231574664027,0.3185760540422761
feat_gbm,0.25,42,373,-0.10622446252144507,-0.30756424411789
feat_gbm,0.25,42,374,-3.351576283470873,-3.551435429619069
feat_gbm,0.25,42,375,-0.05880814458506726,-0.12846918127015178
feat_gbm,0.25,42,376,0.3927423326379826,0.43413099611324796
feat_gbm,0.25,42,377,0.6142144090200775,0.8095384731463161
feat_gbm,0.25,42,378,0.2546179418872353,0.20303525329731625
feat_gbm,0.25,42,379,0.2756039546601667,0.524784145223057
feat_gbm,0.25,42,380,0.6561719546331564,0.8722609808312535
feat_gbm,0.25,42,381,0.6242561220617407,1.0190202163897197
feat_gbm,0.25,42,382,0.8241912974414827,1.2715191268303472
feat_gbm,0.25,42,383,-0.12329411896516185,-0.13923746667536385
feat_gbm,0.25,42,384,-0.6375485616834302,-1.7983983483294153
feat_gbm,0.25,42,385,0.8465997957066992,0.5606037150840157
feat_gbm,0.25,42,386,0.5961819619358715,0.6003456151224621
feat_gbm,0.25,42,387,1.3576109617383003,1.3071718981356573
feat_gbm,0.25,42,388,0.11824528394346794,-0.19457283568776126
feat_gbm,0.25,42,389,-1.180265007776607,-0.981880356960367
feat_gbm,0.25,42,390,-2.844397135075453,-2.628024059072158
feat_gbm,0.25,42,391,-2.4006707115360744,-2.479262758098376
feat_gbm,0.25,42,392,-2.037464965391467,-2.207941629114672
feat_gbm,0.25,42,393,-2.662586501983608,-2.806586620215901
feat_gbm,0.25,42,394,0.003959681102791317,-0.16842623590390868
feat_gbm,0.25,42,395,0.04618076514175608,0.3596423409999632
feat_gbm,0.25,42,396,-3.0045618662157865,-3.117667066362407
feat_gbm,0.25,42,397,0.695177246158057,0.6134086288650079
feat_gbm,0.25,42,398,0.4948181333116476,0.5049020087080688
feat_gbm,0.25,42,399,-1.0903324711963625,-1.0548605918119196
feat_gbm,0.25,42,400,-3.0497594601375524,-2.877676775828332
feat_gbm,0.25,42,401,0.004647883067432675,0.015654415635624343
feat_gbm,0.25,42,402,-0.6895199888691984,-0.7027824676465185
feat_gbm,0.25,42,403,0.4805379233055495,0.6733427913489138
feat_gbm,0.25,42,404,0.3369061774815834,0.03259550049258387
feat_gbm,0.25,42,405,-3.269958363211138,-3.4179416205706223
feat_gbm,0.25,42,406,-2.0022324932851494,-1.6563158072976616
feat_gbm,0.25,42,407,0.5358991548194862,0.3281041495218151
feat_gbm,0.25,42,408,-1.108645478251782,-1.498502430121411
feat_gbm,0.25,42,409,-1.043205026058617,-1.5390850133499359
feat_gbm,0.25,42,410,-1.9492270255552357,-3.8769914364338094
feat_gbm,0.25,42,411,-0.47754403246521454,-1.1093409530974205
feat_gbm,0.25,42,412,-2.4787850304975487,-2.1356441225652167
feat_gbm,0.25,42,413,0.5559603272081725,0.5613925387002681
feat_gbm,0.25,42,414,-2.5984172687862093,-2.672303525149137
feat_gbm,0.25,42,415,0.7407030906228468,0.9887747910888531
feat_gbm,0.25,42,416,-2.715661691496249,-2.064740642123073
feat_gbm,0.25,42,417,0.035193041952263526,-0.13534283366780814
feat_gbm,0.25,42,418,-0.20115270790990894,0.5266566940316069
feat_gbm,0.25,42,419,-0.7352909769973314,-0.7929716308762645
feat_gbm,0.25,42,420,0.2517837030818344,0.22081989653443584
feat_gbm,0.25,42,421,-3.712126418189977,-3.4911396429773087
feat_gbm,0.25,42,422,0.0036185633515174714,0.4691563032653497
feat_gbm,0.25,42,423,-0.24505314807032605,-0.21242164749251408
feat_gbm,0.25,42,424,-3.3797750897023273,-2.0235730224261497
feat_gbm,0.25,42,425,-0.18357809312960524,0.1881042769243711
feat_gbm,0.25,42,426,-0.8673177379906891,-0.7546830882020855
feat_gbm,0.25,42,427,-1.0295978918072648,-2.004418163271322
feat_gbm,0.25,42,428,0.10677484401490364,0.08108350485015015
feat_gbm,0.25,42,429,-1.310500417310494,-0.8958783842144782
feat_gbm,0.25,42,430,-1.0685542228149478,-0.700178367515834
feat_gbm,0.25,42,431,-1.812107756999209,-2.026447754843476
feat_gbm,0.25,42,432,-3.187205255331572,-3.3644112924118934
feat_gbm,0.25,42,433,-2.873303390360794,-2.4777804975332844
feat_gbm,0.25,42,434,-3.627571191075732,-3.6407879329147783
feat_gbm,0.25,42,435,0.32900913171486906,0.8140524350977956
feat_gbm,0.25,42,436,-0.4514996081117376,-0.6342245759550225
feat_gbm,0.25,42,437,-0.5640539740312143,-1.0170271575608654
feat_gbm,0.25,42,438,0.7035737827178576,1.2058566336630974
feat_gbm,0.25,42,439,1.0984324238927599,1.04159183954478
feat_gbm,0.25,42,440,-0.6383305611625675,-0.383754051292973
feat_gbm,0.25,42,441,0.9536228496455583,0.9717849563735496
feat_gbm,0.25,42,442,0.9195324837050654,0.915394257773604
feat_gbm,0.25,42,443,-0.007311556327054871,0.17619398118278368
feat_gbm,0.25,42,444,-2.6231637829575027,-2.3026142847949007
feat_gbm,0.25,42,445,-0.5911569131030772,-2.156995715227189
feat_gbm,0.25,42,446,-1.9902571121837604,-1.9647154613855007
feat_gbm,0.25,42,447,-1.183345008457748,-1.2167428909736953
feat_gbm,0.25,42,448,-0.2995877748839659,0.371748058948411
feat_gbm,0.25,42,449,-2.9834241618201722,-3.354914600670279
feat_gbm,0.25,42,450,-1.6378694110930603,-2.0984010901330774
feat_gbm,0.25,42,451,-1.7459474174026466,-1.8411195968283314
feat_gbm,0.25,42,452,-0.07022386058582902,-0.2866386615093297
feat_gbm,0.25,42,453,-1.905278550021118,-2.1769502099219324
feat_gbm,0.25,42,454,0.3739490843779672,0.851829112076475
feat_gbm,0.25,42,455,0.02507278047943627,-0.5174982843777256
feat_gbm,0.25,42,456,-3.0930157716447284,-3.7883351795095335
feat_gbm,0.25,42,457,-1.93027586275032,-1.3225504843777425
feat_gbm,0.25,42,458,-0.22340894746909415,-0.6304710111145473
feat_gbm,0.25,42,459,-2.8162929606705926,-2.867776928577639
feat_gbm,0.25,42,460,0.08018569465196675,-0.20106453453544149
feat_gbm,0.25,42,461,0.825615941300921,0.565413433251147
feat_gbm,0.25,42,462,0.3894542329997595,0.6531860801292728
feat_gbm,0.25,42,463,-3.015780107057875,-3.295531334571209
feat_gbm,0.25,42,464,-0.499105817833742,-1.118951529136503
feat_gbm,0.25,42,465,0.10024242693331663,0.08535922256033004
feat_gbm,0.25,42,466,0.24972794670865736,0.2656879386171551
feat_gbm,0.25,42,467,-1.0300979710465232,-1.0764680911985907
feat_gbm,0.25,42,468,2.3418276206501623,2.2503813782282114
feat_gbm,0.25,42,469,0.02532632623776545,-0.029700274932011248
feat_gbm,0.25,42,470,-2.2381906231430073,-2.1918010579584375
feat_gbm,0.25,42,471,-0.044232554802315305,-0.12537364897776127
feat_gbm,0.25,42,472,-1.4683188664655022,-1.3714574409892777
feat_gbm,0.25,42,473,-1.0387200260700726,-1.0216450817816245
feat_gbm,0.25,42,474,-0.37353142188522476,-0.8313233833759152
feat_gbm,0.25,42,475,-2.9627181675025764,-3.25243582884057
feat_gbm,0.25,42,476,0.8578323790770055,0.8737365575305754
feat_gbm,0.25,42,477,-2.29128141767479,-1.8373017486027088
feat_gbm,0.25,42,478,-1.8719661786045698,-1.909749317133085
feat_gbm,0.25,42,479,0.5208923579143137,0.418341725137149
feat_gbm,0.25,42,480,-2.8311705666313003,-2.8689304810445995
feat_gbm,0.25,42,481,-3.2293726813143926,-3.9192950012633494
feat_gbm,0.25,42,482,0.686762339335093,0.8191907452202399
feat_gbm,0.25,42,483,-2.021292800150321,-2.7371748494528005
feat_gbm,0.25,42,484,-0.08203502968671264,0.043868991079412875
feat_gbm,0.25,42,485,-2.612271058210116,-3.9571024828402512
feat_gbm,0.25,42,486,-0.9864925657567509,-0.8286091055291892
feat_gbm,0.25,42,487,1.0846336432492183,1.1086460137612473
feat_gbm,0.25,42,488,-0.856121825526091,-1.0899995989348372
feat_gbm,0.25,42,489,-2.769434033818967,-2.9260181182274523
feat_gbm,0.25,42,490,0.20263730025039883,0.01778898425240747
feat_gbm,0.25,42,491,-0.48881408726810216,-0.388546054063584
feat_gbm,0.25,42,492,-0.5924877630967831,-0.8483910406321095
feat_gbm,0.25,42,493,-2.458500924529933,-2.4855190663855797
feat_gbm,0.25,42,494,-0.41696957691798636,-0.6027729178489412
feat_gbm,0.25,42,495,-1.819901513943621,-1.5285925057254015
feat_gbm,0.25,42,496,0.7258915344597081,1.0092174422839322
feat_gbm,0.25,42,497,-2.9694651869906825,-2.421052301727873
feat_gbm,0.25,42,498,-2.8433270258262358,-3.2283141264699093
feat_gbm,0.25,42,499,-3.6770655302404105,-4.907212199848568
feat_gbm,0.25,43,0,-0.3259339339648543,0.03894909458183669
feat_gbm,0.25,43,1,-2.194053652776885,-2.5052564746229193
feat_gbm,0.25,43,2,0.6661746598627322,0.6287827851917782
feat_gbm,0.25,43,3,-3.7753335793597853,-3.3447289283878643
feat_gbm,0.25,43,4,0.8520971138049157,0.9694015026406426
feat_gbm,0.25,43,5,-1.8794991944738968,-2.4693709778233526
feat_gbm,0.25,43,6,-0.13310257982813556,-0.2819211013310965
feat_gbm,0.25,43,7,0.7679554164030934,0.5289578846490461
feat_gbm,0.25,43,8,0.013477809625816588,0.032863622186365654
feat_gbm,0.25,43,9,1.1677551438836127,0.9352707853930591
feat_gbm,0.25,43,10,-1.5747967686116535,-1.5987558134683666
feat_gbm,0.25,43,11,-3.155135225925746,-3.2678706438993954
feat_gbm,0.25,43,12,-2.3324560703636386,-2.445380546146449
feat_gbm,0.25,43,13,-0.2592069368257634,-0.4471217519653716
feat_gbm,0.25,43,14,-2.0165370437230643,-1.8343062920535937
feat_gbm,0.25,43,15,-2.153035593606639,-2.278287047942225
feat_gbm,0.25,43,16,-1.025243587386666,-1.113015507562239
feat_gbm,0.25,43,17,-1.4457177004816324,-1.149386040828735
feat_gbm,0.25,43,18,-0.26782756428214644,-0.4541092694382234
feat_gbm,0.25,43,19,-2.678506878634219,-2.8798658660471284
feat_gbm,0.25,43,20,-2.901081003148308,-3.281006200299989
feat_gbm,0.25,43,21,-0.8311480054291566,-0.7889402030111288
feat_gbm,0.25,43,22,-0.37026418649621945,-0.48114593055133975
feat_gbm,0.25,43,23,-3.2257004813419385,-2.8038114998165153
feat_gbm,0.25,43,24,-2.904989350451182,-2.6726430450531393
feat_gbm,0.25,43,25,-3.269373916911238,-3.141178249464176
feat_gbm,0.25,43,26,-3.4477380126950927,-3.8612362310489847
feat_gbm,0.25,43,27,-3.092022549844034,-3.085821277369337
feat_gbm,0.25,43,28,-3.0873905999374176,-2.1153791712035637
feat_gbm,0.25,43,29,-0.3478139544341125,-0.5854112868629942
feat_gbm,0.25,43,30,0.2847616756203605,0.13849791927417068
feat_gbm,0.25,43,31,-2.848856181221676,-2.779654184179668
feat_gbm,0.25,43,32,1.3312045696061128,0.9166392391011026
feat_gbm,0.25,43,33,-1.9905396613326067,-2.134444297962007
feat_gbm,0.25,43,34,1.2915892112389384,1.1224191581864646
feat_gbm,0.25,43,35,-3.135516351133142,-2.7514680837461087
feat_gbm,0.25,43,36,0.7530908625926522,0.7493710802437775
feat_gbm,0.25,43,37,-1.7884041081781197,-2.157600461660938
feat_gbm,0.25,43,38,-1.5254277051075615,-1.7436371170468024
feat_gbm,0.25,43,39,1.2544621965495508,0.632388610685479
feat_gbm,0.25,43,40,-1.8314903868018515,-1.5024753827969588
feat_gbm,0.25,43,41,-2.442297483606845,-2.936018587066778
feat_gbm,0.25,43,42,-0.0610663666812101,-0.06406961406287034
feat_gbm,0.25,43,43,-0.36009403982520116,-0.43711075337934485
feat_gbm,0.25,43,44,0.563934932544646,0.521724778538647
feat_gbm,0.25,43,45,0.5665400606575058,-0.02881562555915001
feat_gbm,0.25,43,46,-2.475760634099786,-2.6856700943784895
feat_gbm,0.25,43,47,-3.020345839800445,-3.3419513202228783
feat_gbm,0.25,43,48,-0.4005191760508467,-0.35240032436669677
feat_gbm,0.25,43,49,-3.657067368974129,-4.466027560457086
feat_gbm,0.25,43,50,-0.8990297692708636,-1.2227887404747313
feat_gbm,0.25,43,51,-3.697640083063276,-4.168130875201601
feat_gbm,0.25,43,52,-1.72230159372574,-2.1825653069440887
feat_gbm,0.25,43,53,-3.2270369197679525,-2.816977102698189
feat_gbm,0.25,43,54,-0.3844214060639959,-0.9520374156321785
feat_gbm,0.25,43,55,0.5682587589239491,0.800460094219776
feat_gbm,0.25,43,56,0.3078854945881861,0.2782562560211116
feat_gbm,0.25,43,57,-0.3122944253873307,-0.7855200046266205
feat_gbm,0.25,43,58,-3.0864657441780197,-2.837973637743256
feat_gbm,0.25,43,59,0.0373378191653601,0.3653424354755994
feat_gbm,0.25,43,60,-2.912557294778903,-3.145987746693799
feat_gbm,0.25,43,61,-2.7235778184032764,-2.1381844357326614
feat_gbm,0.25,43,62,0.6542659938858301,0.3908315550690521
feat_gbm,0.25,43,63,-2.9736637165460977,-3.259739876316779
feat_gbm,0.25,43,64,-2.6717211026022856,-3.799325775609258
feat_gbm,0.25,43,65,0.41879404353511135,0.2842997557356093
feat_gbm,0.25,43,66,0.62860793651483,0.9099380077885143
feat_gbm,0.25,43,67,0.3787238660228697,0.5741223235018287
feat_gbm,0.25,43,68,1.2560124632655534,1.3807263582335993
feat_gbm,0.25,43,69,1.2707017692485894,2.7357387204405055
feat_gbm,0.25,43,70,-0.04931265876521304,-0.3782017485149665
feat_gbm,0.25,43,71,-0.41761808775662085,-0.6946521973220513
feat_gbm,0.25,43,72,-3.4076071056529966,-3.510295151868067
feat_gbm,0.25,43,73,-0.3779082118433817,-0.3643686170400702
feat_gbm,0.25,43,74,0.7689928611370916,1.1835884152793859
feat_gbm,0.25,43,75,0.22873194605196084,-0.38644824542838596
feat_gbm,0.25,43,76,0.9290827695882027,0.7005004452467647
feat_gbm,0.25,43,77,0.2517797083443714,0.3770911051312199
feat_gbm,0.25,43,78,-0.5032853043301354,-0.5374783823521183
feat_gbm,0.25,43,79,-2.3808977489579264,-3.2499450611549854
feat_gbm,0.25,43,80,-1.8808442216458134,-1.719925172279684
feat_gbm,0.25,43,81,0.6693674630207401,1.8185710395242058
feat_gbm,0.25,43,82,-1.1220341712523316,-1.0758778979961314
feat_gbm,0.25,43,83,-0.5155503466110134,-0.8033140510569362
feat_gbm,0.25,43,84,-2.179085592710211,-2.0837035815006346
feat_gbm,0.25,43,85,-2.390939354648339,-1.2430797823904942
feat_gbm,0.25,43,86,0.9313547189153568,0.639317965424242
feat_gbm,0.25,43,87,0.01526220527496379,-0.02321591952008587
feat_gbm,0.25,43,88,-2.899480384230919,-3.512086916650174
feat_gbm,0.25,43,89,-1.9405079205409217,-1.684363733317816
feat_gbm,0.25,43,90,-3.320654189544181,-3.5341996208099964
feat_gbm,0.25,43,91,0.8393870539974291,1.1574629997660548
feat_gbm,0.25,43,92,-0.9863429684801258,-0.7651863719989663
feat_gbm,0.25,43,93,-2.296678960416941,-5.7708125015304885
feat_gbm,0.25,43,94,0.18810661134734713,0.07374698385127064
feat_gbm,0.25,43,95,0.6894367197983541,1.201566413592891
feat_gbm,0.25,43,96,1.6820262757609317,1.2655480006709303
feat_gbm,0.25,43,97,-3.0636902045555447,-3.2217777708537843
feat_gbm,0.25,43,98,-1.0573499443984624,-1.2120387208328698
feat_gbm,0.25,43,99,-0.4711377484270936,-0.04015373686183237
feat_gbm,0.25,43,100,-2.195835516399599,-2.8384481914339785
feat_gbm,0.25,43,101,-3.4632819680661724,-3.541068619782685
feat_gbm,0.25,43,102,-3.6777572591387,-4.424727465058162
feat_gbm,0.25,43,103,-0.6379536201517287,-0.7652009130347144
feat_gbm,0.25,43,104,-0.21525892539244842,-0.406664655497914
feat_gbm,0.25,43,105,-2.559572767511409,-2.8019031633754246
feat_gbm,0.25,43,106,-1.0249373288945658,-1.1978192780958505
feat_gbm,0.25,43,107,-1.1239892669552964,-1.2497822804421463
feat_gbm,0.25,43,108,-0.03048396171416976,-0.2003702404752673
feat_gbm,0.25,43,109,-0.14253477974542594,-0.28745536208379296
feat_gbm,0.25,43,110,0.3346710451101721,0.2838469771831524
feat_gbm,0.25,43,111,0.5153597331507114,0.6579850926301614
feat_gbm,0.25,43,112,-0.028975451239660693,-0.4279263804064609
feat_gbm,0.25,43,113,0.7498473187147743,0.527327823801956
feat_gbm,0.25,43,114,-3.1694815057998484,-3.652947895428966
feat_gbm,0.25,43,115,-0.06621032872358164,-0.04287987221360797
feat_gbm,0.25,43,116,-2.9240304177007324,-3.4409421360670214
feat_gbm,0.25,43,117,-3.0749178591752746,-2.4284095097884006
feat_gbm,0.25,43,118,-1.744349929221012,-1.419217075367618
feat_gbm,0.25,43,119,-1.3301322231583002,-1.4944271796191557
feat_gbm,0.25,43,120,-3.0908983934561105,-2.797137626437216
feat_gbm,0.25,43,121,1.6894500379815782,3.1321125804877905
feat_gbm,0.25,43,122,-1.867147711494101,-3.164895556438051
feat_gbm,0.25,43,123,0.33821735990390434,-0.021234684620174846
feat_gbm,0.25,43,124,-1.4101931161827899,-1.246001114532972
feat_gbm,0.25,43,125,-2.7372205802352396,-2.7130193085566443
feat_gbm,0.25,43,126,-1.6159229063692906,-2.0560780011130944
feat_gbm,0.25,43,127,-2.0239835475091312,-1.631222331554067
feat_gbm,0.25,43,128,-2.742312904634272,-3.477307725783656
feat_gbm,0.25,43,129,0.878469438647081,1.7007542891568868
feat_gbm,0.25,43,130,-2.894937920837091,-3.4021624962570822
feat_gbm,0.25,43,131,-3.3023618204480703,-3.701149444421242
feat_gbm,0.25,43,132,-0.18836595617354698,-0.4116741376471012
feat_gbm,0.25,43,133,-0.3522642905573522,-0.5680375850475197
feat_gbm,0.25,43,134,-2.1799164961400144,-1.4788189923590598
feat_gbm,0.25,43,135,-2.3884962433235444,-2.9896549957503007
feat_gbm,0.25,43,136,0.41808505185753697,0.11194117436713467
feat_gbm,0.25,43,137,1.2634762058474787,1.7147062893715772
feat_gbm,0.25,43,138,-2.362512015994912,-1.9709125209383296
feat_gbm,0.25,43,139,0.15286785113085227,0.19937477723826902
feat_gbm,0.25,43,140,-2.2109452050684766,-2.8223726616431475
feat_gbm,0.25,43,141,-0.2904542890833238,-0.12380828599000025
feat_gbm,0.25,43,142,-2.667455327451629,-2.97521232911642
feat_gbm,0.25,43,143,-1.6358916391884357,-1.9484557479617686
feat_gbm,0.25,43,144,0.6506018352800788,1.244093655886106
feat_gbm,0.25,43,145,-2.0824525872588575,-2.0280859266176816
feat_gbm,0.25,43,146,-2.57217815893056,-2.0754073031653366
feat_gbm,0.25,43,147,-0.16770430360397393,-0.11331641159387335
feat_gbm,0.25,43,148,-2.855366475440724,-2.620298039600635
feat_gbm,0.25,43,149,-3.199884533300724,-3.8395532227602396
feat_gbm,0.25,43,150,-0.9883636739279945,-2.149698272240366
feat_gbm,0.25,43,151,-2.8527513826137616,-3.1594376779318036
feat_gbm,0.25,43,152,-2.472019024546155,-2.7712141114581046
feat_gbm,0.25,43,153,-1.5486021272296775,-1.1483368403810985
feat_gbm,0.25,43,154,-1.4336384060844636,-1.4700676700115773
feat_gbm,0.25,43,155,1.2824973045168868,1.4088416749712322
feat_gbm,0.25,43,156,0.6886007793484863,0.7564704220494097
feat_gbm,0.25,43,157,-1.6905365729893345,-1.7148995557963913
feat_gbm,0.25,43,158,-1.2471748526045694,-2.8595355115547196
feat_gbm,0.25,43,159,-1.1335172774057438,-0.9922400520728849
feat_gbm,0.25,43,160,2.108267514396665,1.8585227307534937
feat_gbm,0.25,43,161,-2.3087110423707813,-2.477654537850602
feat_gbm,0.25,43,162,-3.202631009692034,-2.993764039868935
feat_gbm,0.25,43,163,-1.1155618811178902,-1.1722671160336509
feat_gbm,0.25,43,164,-1.8612708975156245,-1.6577576086204497
feat_gbm,0.25,43,165,-2.2877939868652097,-2.9770186999323642
feat_gbm,0.25,43,166,-3.1535447280551137,-3.2329952824425443
feat_gbm,0.25,43,167,-0.09608351661867988,0.19550508612775644
feat_gbm,0.25,43,168,-1.102447299062253,-1.2639642813248737
feat_gbm,0.25,43,169,1.435610943587169,1.4224064134580066
feat_gbm,0.25,43,170,-1.3347850909742467,-1.5303724784706008
feat_gbm,0.25,43,171,0.7433449048867057,0.6086346650572224
feat_gbm,0.25,43,172,0.09616672264427331,-0.052232489626048526
feat_gbm,0.25,43,173,-0.16844911886493796,-0.19074605880313256
feat_gbm,0.25,43,174,-3.168736412371625,-2.7678232596734214
feat_gbm,0.25,43,175,-2.061840164659831,-1.6557092188829319
feat_gbm,0.25,43,176,0.014036319962059457,0.12081831439914445
feat_gbm,0.25,43,177,0.8451838408135648,3.7031714993021168
feat_gbm,0.25,43,178,0.0650207006933348,-0.17761292562564054
feat_gbm,0.25,43,179,0.19448525898921398,0.2295122735959306
feat_gbm,0.25,43,180,-1.2689111715558579,-1.6401012725318311
feat_gbm,0.25,43,181,-2.651013486319984,-3.399461101549646
feat_gbm,0.25,43,182,0.4732741373222023,0.5421608664871393
feat_gbm,0.25,43,183,-3.0735907410193573,-3.7858185839721776
feat_gbm,0.25,43,184,0.5028382778528512,0.4440956773301304
feat_gbm,0.25,43,185,0.2743676891959834,0.5450962365111649
feat_gbm,0.25,43,186,-2.775171081567433,-3.094441269353033
feat_gbm,0.25,43,187,1.0077785393486838,1.436275522654785
feat_gbm,0.25,43,188,0.240535328158441,-0.003208414280501246
feat_gbm,0.25,43,189,-2.1141487555506697,-2.0766448721687736
feat_gbm,0.25,43,190,-3.0614285250558315,-2.887011097372245
feat_gbm,0.25,43,191,-0.022477587754471246,-0.19564387773269687
feat_gbm,0.25,43,192,-2.9353170864132783,-3.39219136175158
feat_gbm,0.25,43,193,-3.974720286001311,-4.804455114758695
feat_gbm,0.25,43,194,0.3217583058274883,-0.23230879418151415
feat_gbm,0.25,43,195,0.8533412740454134,0.7768952289284052
feat_gbm,0.25,43,196,-3.117951310604572,-3.0758975731441707
feat_gbm,0.25,43,197,1.8712467857364101,1.8852948766094535
feat_gbm,0.25,43,198,0.09362346968216813,-0.07474663349946693
feat_gbm,0.25,43,199,1.620787279003874,0.9295509098669842
feat_gbm,0.25,43,200,-0.022244973551725312,0.40408761039079466
feat_gbm,0.25,43,201,-1.2163153437678431,-1.0185563947000995
feat_gbm,0.25,43,202,-1.3144008438835137,-1.5812541435625456
feat_gbm,0.25,43,203,-2.4499107293304236,-2.9269603411540346
feat_gbm,0.25,43,204,-0.26395698800717404,-0.9368237022381455
feat_gbm,0.25,43,205,-0.6844184359653092,-0.771906247259438
feat_gbm,0.25,43,206,-1.4472377658943543,-1.4457766532498904
feat_gbm,0.25,43,207,-2.417852786384006,-2.4752738768021185
feat_gbm,0.25,43,208,-3.807746246120513,-2.8789590131308262
feat_gbm,0.25,43,209,-2.9696613113414885,-2.6986856152036793
feat_gbm,0.25,43,210,0.056057443005100675,0.05837096406180189
feat_gbm,0.25,43,211,-2.056621262731382,-2.2327070274631113
feat_gbm,0.25,43,212,0.1302464450704565,0.15758807445032513
feat_gbm,0.25,43,213,0.7999345006660721,0.5234750924970406
feat_gbm,0.25,43,214,0.5889714781389567,0.8312555987922697
feat_gbm,0.25,43,215,-0.5722151594685151,-0.7699972654610447
feat_gbm,0.25,43,216,-2.007617333012434,-2.4368834827463726
feat_gbm,0.25,43,217,-3.530811871199625,-3.7421886443248944
feat_gbm,0.25,43,218,-3.16572982391049,-4.3753265313120195
feat_gbm,0.25,43,219,0.10445809070439097,0.13181597567614448
feat_gbm,0.25,43,220,-2.275340260763652,-2.150299196146146
feat_gbm,0.25,43,221,0.3220797817643417,0.4316281043505307
feat_gbm,0.25,43,222,0.43356705575101584,0.20581216265343685
feat_gbm,0.25,43,223,-1.049961103283056,-1.7226779576420432
feat_gbm,0.25,43,224,0.9849192216423754,1.0701061526100661
feat_gbm,0.25,43,225,-3.1122924163598005,-2.995983076644188
feat_gbm,0.25,43,226,-0.12448890462310608,-0.39103048890459524
feat_gbm,0.25,43,227,-2.030030691622182,-2.811377433191803
feat_gbm,0.25,43,228,0.40961146172550716,0.1103569248772952
feat_gbm,0.25,43,229,0.8003793574619728,1.0926797996732165
feat_gbm,0.25,43,230,-1.3492828774787005,-1.1465469989616057
feat_gbm,0.25,43,231,-3.343835915294078,-3.7045714701961474
feat_gbm,0.25,43,232,0.037315374788301894,-0.3205795311611984
feat_gbm,0.25,43,233,-0.48526449024085727,-0.7282288274356463
feat_gbm,0.25,43,234,-0.28359232822431807,-0.6143938277881194
feat_gbm,0.25,43,235,-3.481839951073037,-3.717493513170671
feat_gbm,0.25,43,236,-1.9385343619206243,-1.894186438607053
feat_gbm,0.25,43,237,0.373104638954765,0.19101892391720615
feat_gbm,0.25,43,238,-2.3681653784159957,-2.723653519266766
feat_gbm,0.25,43,239,0.29292927246864714,0.28172679866345784
feat_gbm,0.25,43,240,-1.2032988360213956,-0.570916259780521
feat_gbm,0.25,43,241,-1.3149543041861258,-3.037607674189957
feat_gbm,0.25,43,242,-2.7525595517273724,-2.4824067099880884
feat_gbm,0.25,43,243,1.1212244398026907,1.793244191067856
feat_gbm,0.25,43,244,-2.6517105209879226,-2.170563194223024
feat_gbm,0.25,43,245,-3.0873233323735048,-2.5580286375581696
feat_gbm,0.25,43,246,-2.7871780850002845,-3.9013363177662743
feat_gbm,0.25,43,247,-1.1236616391473944,-1.2689211715035387
feat_gbm,0.25,43,248,-2.889858971216894,-2.89795980370705
feat_gbm,0.25,43,249,-0.8957456195549449,-1.149470325468549
feat_gbm,0.25,43,250,-2.0968414169484233,-2.1803876537888693
feat_gbm,0.25,43,251,-1.3921260410791172,-1.2010659028736028
feat_gbm,0.25,43,252,-2.545861673331842,-2.675840590612525
feat_gbm,0.25,43,253,-1.5110703698380663,-0.865421424414132
feat_gbm,0.25,43,254,-0.3173884334282194,-0.45089388998719687
feat_gbm,0.25,43,255,-1.5607245842640427,-1.477655138121315
feat_gbm,0.25,43,256,-1.758831108786539,-1.9234128661936198
feat_gbm,0.25,43,257,-1.3113618190958427,-0.8895479413744646
feat_gbm,0.25,43,258,-1.3803145631350062,-1.284701881398344
feat_gbm,0.25,43,259,-0.04691199737411865,0.03791276039075724
feat_gbm,0.25,43,260,-1.2340960952349023,-1.213907680807544
feat_gbm,0.25,43,261,-0.007649928562426165,-0.6937064881158975
feat_gbm,0.25,43,262,-2.711167061720303,-2.500344974429108
feat_gbm,0.25,43,263,-3.100892760833948,-3.0782877743164985
feat_gbm,0.25,43,264,-3.1061664076861044,-3.2702790535172426
feat_gbm,0.25,43,265,-0.38097166011082084,-0.15746453031192983
feat_gbm,0.25,43,266,-2.0052736528288313,-1.3930653126164372
feat_gbm,0.25,43,267,-3.272035222072336,-3.460520174484755
feat_gbm,0.25,43,268,-1.9647470246381051,-1.8115923421665279
feat_gbm,0.25,43,269,0.20762794575621168,-0.04785951915829837
feat_gbm,0.25,43,270,-1.2498479858723481,-1.3387838926701625
feat_gbm,0.25,43,271,0.7332198596589126,0.6172482925771328
feat_gbm,0.25,43,272,0.009553656123858204,0.10718580269537517
feat_gbm,0.25,43,273,-2.324148184137393,-2.4250613993713395
feat_gbm,0.25,43,274,-0.1547963428540494,-0.4656136934058211
feat_gbm,0.25,43,275,-2.1659230306956028,-1.7679071058666047
feat_gbm,0.25,43,276,-0.3595656881380592,-0.15192249005847586
feat_gbm,0.25,43,277,-0.13107611263172642,-0.22686658439221394
feat_gbm,0.25,43,278,-0.4466969808223812,-0.3963273628232521
feat_gbm,0.25,43,279,-1.9894444034123124,-2.1916982233579314
feat_gbm,0.25,43,280,0.48237504400063813,0.5138857123822332
feat_gbm,0.25,43,281,0.021557264097337544,0.13501120436460418
feat_gbm,0.25,43,282,-0.10043243309229878,-0.35232291748203215
feat_gbm,0.25,43,283,0.4294793996271154,0.33710059568630363
feat_gbm,0.25,43,284,2.2725678263305893,2.2269494594330284
feat_gbm,0.25,43,285,-0.6277208113394698,-0.8523290277873723
feat_gbm,0.25,43,286,0.30268712159207695,0.5032694866056324
feat_gbm,0.25,43,287,-2.917821195732096,-3.0734310124071125
feat_gbm,0.25,43,288,-2.680787865682757,-3.0969464995649485
feat_gbm,0.25,43,289,0.7800829584740773,0.8088909840914691
feat_gbm,0.25,43,290,-1.279443676312356,-1.710735902712342
feat_gbm,0.25,43,291,0.13769775051406719,-0.24588513525180683
feat_gbm,0.25,43,292,-3.0962307280501955,-2.9910915714149957
feat_gbm,0.25,43,293,-0.0898630121765882,0.24397961438558982
feat_gbm,0.25,43,294,1.0813587360341688,0.9827222917401395
feat_gbm,0.25,43,295,0.9276409642280722,1.5399914318848642
feat_gbm,0.25,43,296,-2.4074403830735456,-3.028104854063688
feat_gbm,0.25,43,297,-1.157984225826224,-1.9675880903276046
feat_gbm,0.25,43,298,0.3742130034963507,0.3882116190950413
feat_gbm,0.25,43,299,-0.34669407793534407,-0.4169590587595381
feat_gbm,0.25,43,300,-0.3451272598689455,-0.47104701624968015
feat_gbm,0.25,43,301,-0.5490557446838039,-0.5788171023402015
feat_gbm,0.25,43,302,-2.9828337122559874,-3.325334912618423
feat_gbm,0.25,43,303,0.011375156892418857,0.27214776974989446
feat_gbm,0.25,43,304,0.1168796000830118,0.2838761456734127
feat_gbm,0.25,43,305,0.7158964502436277,0.98356576927226
feat_gbm,0.25,43,306,-2.16355827534179,-2.324804251846344
feat_gbm,0.25,43,307,-0.12823245641776626,-0.30060412365222405
feat_gbm,0.25,43,308,-3.1141992115215134,-3.5706943269006843
feat_gbm,0.25,43,309,0.6712072964743252,0.7657986236992217
feat_gbm,0.25,43,310,-0.3762777364457553,-0.3760212383278314
feat_gbm,0.25,43,311,0.9042837848113181,0.903367601886353
feat_gbm,0.25,43,312,0.24710485056740783,0.2834145554969618
feat_gbm,0.25,43,313,-0.2560685735487975,-0.8750381269167363
feat_gbm,0.25,43,314,-0.8183841148250709,-0.8911054934067958
feat_gbm,0.25,43,315,0.21561471095892576,0.2699623908229132
feat_gbm,0.25,43,316,-3.505842829802248,-4.034449774534175
feat_gbm,0.25,43,317,0.6250414950080049,0.7302045063515665
feat_gbm,0.25,43,318,-2.6620749187766384,-2.5264159394565007
feat_gbm,0.25,43,319,-2.999392031100807,-3.1280680478747835
feat_gbm,0.25,43,320,-0.11430206683090842,-0.623194388118803
feat_gbm,0.25,43,321,-3.5832867759134888,-4.172922463867305
feat_gbm,0.25,43,322,1.3440509572606938,1.0714029341973417
feat_gbm,0.25,43,323,-2.800120027087325,-2.5538050374755565
feat_gbm,0.25,43,324,-1.2585506869966259,-1.5310020975326282
feat_gbm,0.25,43,325,-0.5531994520629109,-0.735749980772127
feat_gbm,0.25,43,326,-0.44337163540255997,-0.5010306012352705
feat_gbm,0.25,43,327,-3.9172997629022737,-4.393123087746285
feat_gbm,0.25,43,328,0.7132227625553766,0.6439364857563509
feat_gbm,0.25,43,329,-2.548801197127891,-2.60760252445046
feat_gbm,0.25,43,330,0.7276181114001382,0.46983427811083467
feat_gbm,0.25,43,331,-1.6409280979086127,-1.149354435920189
feat_gbm,0.25,43,332,-1.676828555389729,-1.0961264399974935
feat_gbm,0.25,43,333,1.0817780024607713,1.4253561556633074
feat_gbm,0.25,43,334,1.1251430476752657,1.0406546288822482
feat_gbm,0.25,43,335,-0.0684782077891047,-0.1286217558512718
feat_gbm,0.25,43,336,-1.822595612716522,-1.7275974260064488
feat_gbm,0.25,43,337,-3.9995244264470435,-4.535227665039715
feat_gbm,0.25,43,338,-0.4804370571018775,-1.078833843619319
feat_gbm,0.25,43,339,-2.7360392597280545,-2.035297396751524
feat_gbm,0.25,43,340,0.4872810474128401,0.4788286932125707
feat_gbm,0.25,43,341,-1.1740348646571122,-0.4595082096564039
feat_gbm,0.25,43,342,-3.2687854160856853,-3.653430804591794
feat_gbm,0.25,43,343,0.4030095768369253,0.2834522663037432
feat_gbm,0.25,43,344,0.12281660932628444,-0.15984972455285287
feat_gbm,0.25,43,345,-2.7481526754486727,-3.8822970119574354
feat_gbm,0.25,43,346,-2.821635649716618,-2.5801989990218064
feat_gbm,0.25,43,347,-3.250024736562784,-3.2622630695286134
feat_gbm,0.25,43,348,-0.27059323208443736,-0.4894561152880944
feat_gbm,0.25,43,349,-2.803787436569658,-3.0223552414624764
feat_gbm,0.25,43,350,0.50889666682241,0.4215072765335228
feat_gbm,0.25,43,351,-1.6487363292645763,-1.8152752103400673
feat_gbm,0.25,43,352,0.6236129210624708,1.102263670511441
feat_gbm,0.25,43,353,0.9710865256939251,1.4454852001466738
feat_gbm,0.25,43,354,-3.4221119450653976,-3.6770060333191017
feat_gbm,0.25,43,355,-3.742960625547963,-5.078652858832153
feat_gbm,0.25,43,356,0.5539543143876731,0.7815322159665122
feat_gbm,0.25,43,357,0.6376327430774951,0.6775133790495483
feat_gbm,0.25,43,358,-3.053843478886408,-3.5163570325540956
feat_gbm,0.25,43,359,-1.3948674876310547,-4.157760523739404
feat_gbm,0.25,43,360,-0.2695794519077652,-0.18386357284099003
feat_gbm,0.25,43,361,-3.193083014425118,-4.477383009144865
feat_gbm,0.25,43,362,0.5602892505826992,0.2909126951240761
feat_gbm,0.25,43,363,-2.87874257729587,-3.5121531596302606
feat_gbm,0.25,43,364,-0.4292593510433129,-0.0019354464452207268
feat_gbm,0.25,43,365,-3.3997899463166914,-3.264666087597375
feat_gbm,0.25,43,366,-2.1886056823631725,-1.4961090632143375
feat_gbm,0.25,43,367,0.07016241668089114,-0.10305907560987346
feat_gbm,0.25,43,368,0.2975949248228682,0.24601275195113992
feat_gbm,0.25,43,369,-1.2840473630449738,-1.6400355118163064
feat_gbm,0.25,43,370,-2.101925221267564,-1.5399226532969161
feat_gbm,0.25,43,371,-0.33748118158363505,-0.3336387161155974
feat_gbm,0.25,43,372,0.3655593921562868,0.3185760540422761
feat_gbm,0.25,43,373,-0.09350533435987197,-0.30756424411789
feat_gbm,0.25,43,374,-3.3849083610677217,-3.551435429619069
feat_gbm,0.25,43,375,0.006520855081634262,-0.12846918127015178
feat_gbm,0.25,43,376,0.4736482356733131,0.43413099611324796
feat_gbm,0.25,43,377,0.6032269791023094,0.8095384731463161
feat_gbm,0.25,43,378,0.24265745585482396,0.20303525329731625
feat_gbm,0.25,43,379,0.44931730918378654,0.524784145223057
feat_gbm,0.25,43,380,0.6660652765446817,0.8722609808312535
feat_gbm,0.25,43,381,0.6908507833959908,1.0190202163897197
feat_gbm,0.25,43,382,0.863746754854691,1.2715191268303472
feat_gbm,0.25,43,383,0.014446699318212429,-0.13923746667536385
feat_gbm,0.25,43,384,-0.887598461219607,-1.7983983483294153
feat_gbm,0.25,43,385,0.7519618402833308,0.5606037150840157
feat_gbm,0.25,43,386,0.5886155184960862,0.6003456151224621
feat_gbm,0.25,43,387,1.2213310530638415,1.3071718981356573
feat_gbm,0.25,43,388,0.23533456338566244,-0.19457283568776126
feat_gbm,0.25,43,389,-1.3757358143097334,-0.981880356960367
feat_gbm,0.25,43,390,-2.8462407675225765,-2.628024059072158
feat_gbm,0.25,43,391,-2.26847261647957,-2.479262758098376
feat_gbm,0.25,43,392,-2.1636654662049017,-2.207941629114672
feat_gbm,0.25,43,393,-2.5284522955603697,-2.806586620215901
feat_gbm,0.25,43,394,-0.12260832791793606,-0.16842623590390868
feat_gbm,0.25,43,395,0.19300540386988513,0.3596423409999632
feat_gbm,0.25,43,396,-3.2750318481006007,-3.117667066362407
feat_gbm,0.25,43,397,0.6546087121454414,0.6134086288650079
feat_gbm,0.25,43,398,0.48922843490610113,0.5049020087080688
feat_gbm,0.25,43,399,-0.9153668233649358,-1.0548605918119196
feat_gbm,0.25,43,400,-3.182965792550894,-2.877676775828332
feat_gbm,0.25,43,401,0.18135024895302504,0.015654415635624343
feat_gbm,0.25,43,402,-0.5688528749840259,-0.7027824676465185
feat_gbm,0.25,43,403,0.37972106777513764,0.6733427913489138
feat_gbm,0.25,43,404,0.4021894529042826,0.03259550049258387
feat_gbm,0.25,43,405,-3.219719688709903,-3.4179416205706223
feat_gbm,0.25,43,406,-1.8928699973268923,-1.6563158072976616
feat_gbm,0.25,43,407,0.5007271285663527,0.3281041495218151
feat_gbm,0.25,43,408,-1.0661970887946401,-1.498502430121411
feat_gbm,0.25,43,409,-1.0966972546209,-1.5390850133499359
feat_gbm,0.25,43,410,-2.0025642109901303,-3.8769914364338094
feat_gbm,0.25,43,411,-0.9794854902830274,-1.1093409530974205
feat_gbm,0.25,43,412,-2.330537393882707,-2.1356441225652167
feat_gbm,0.25,43,413,0.6423871432497171,0.5613925387002681
feat_gbm,0.25,43,414,-2.620206317797047,-2.672303525149137
feat_gbm,0.25,43,415,1.0539113739393218,0.9887747910888531
feat_gbm,0.25,43,416,-2.8658967796191774,-2.064740642123073
feat_gbm,0.25,43,417,-0.13407027148759643,-0.13534283366780814
feat_gbm,0.25,43,418,-0.20045702548532718,0.5266566940316069
feat_gbm,0.25,43,419,-0.5671984185411096,-0.7929716308762645
feat_gbm,0.25,43,420,0.3332686487898347,0.22081989653443584
feat_gbm,0.25,43,421,-3.54650087650497,-3.4911396429773087
feat_gbm,0.25,43,422,-0.17999659016953312,0.4691563032653497
feat_gbm,0.25,43,423,-0.08504057387068839,-0.21242164749251408
feat_gbm,0.25,43,424,-3.4248164639574386,-2.0235730224261497
feat_gbm,0.25,43,425,-0.32863534271211026,0.1881042769243711
feat_gbm,0.25,43,426,-0.7972549242320487,-0.7546830882020855
feat_gbm,0.25,43,427,-1.2160890694381181,-2.004418163271322
feat_gbm,0.25,43,428,0.15922581181306597,0.08108350485015015
feat_gbm,0.25,43,429,-1.4446385078418178,-0.8958783842144782
feat_gbm,0.25,43,430,-0.8834620952284798,-0.700178367515834
feat_gbm,0.25,43,431,-1.844016428546336,-2.026447754843476
feat_gbm,0.25,43,432,-3.1398155746419976,-3.3644112924118934
feat_gbm,0.25,43,433,-2.946324964588243,-2.4777804975332844
feat_gbm,0.25,43,434,-3.623834802150103,-3.6407879329147783
feat_gbm,0.25,43,435,0.5953023093419827,0.8140524350977956
feat_gbm,0.25,43,436,-0.5733216274260473,-0.6342245759550225
feat_gbm,0.25,43,437,-0.5330154196666376,-1.0170271575608654
feat_gbm,0.25,43,438,0.7607606602804696,1.2058566336630974
feat_gbm,0.25,43,439,1.1982775639521779,1.04159183954478
feat_gbm,0.25,43,440,-0.4848437399965116,-0.383754051292973
feat_gbm,0.25,43,441,1.1174049112511273,0.9717849563735496
feat_gbm,0.25,43,442,1.0172967791225023,0.915394257773604
feat_gbm,0.25,43,443,-0.03640260289516108,0.17619398118278368
feat_gbm,0.25,43,444,-2.521285056613525,-2.3026142847949007
feat_gbm,0.25,43,445,-0.610959063167018,-2.156995715227189
feat_gbm,0.25,43,446,-1.9604015806346722,-1.9647154613855007
feat_gbm,0.25,43,447,-1.2103894534752662,-1.2167428909736953
feat_gbm,0.25,43,448,-0.21788024376170384,0.371748058948411
feat_gbm,0.25,43,449,-2.890524218001647,-3.354914600670279
feat_gbm,0.25,43,450,-1.6033265621930946,-2.0984010901330774
feat_gbm,0.25,43,451,-1.540198485132716,-1.8411195968283314
feat_gbm,0.25,43,452,-0.16957385776976475,-0.2866386615093297
feat_gbm,0.25,43,453,-1.9950427433300182,-2.1769502099219324
feat_gbm,0.25,43,454,0.31301377265958,0.851829112076475
feat_gbm,0.25,43,455,-0.0346504871915255,-0.5174982843777256
feat_gbm,0.25,43,456,-3.1143096633446614,-3.7883351795095335
feat_gbm,0.25,43,457,-1.758336271216718,-1.3225504843777425
feat_gbm,0.25,43,458,-0.20072977388307012,-0.6304710111145473
feat_gbm,0.25,43,459,-2.8627025843966405,-2.867776928577639
feat_gbm,0.25,43,460,0.13118607600485027,-0.20106453453544149
feat_gbm,0.25,43,461,0.7168187135946984,0.565413433251147
feat_gbm,0.25,43,462,0.3547513899880805,0.6531860801292728
feat_gbm,0.25,43,463,-3.024329692625458,-3.295531334571209
feat_gbm,0.25,43,464,-0.9825576272761015,-1.118951529136503
feat_gbm,0.25,43,465,0.20271464106766446,0.08535922256033004
feat_gbm,0.25,43,466,0.09034242139732925,0.2656879386171551
feat_gbm,0.25,43,467,-0.9815937019912642,-1.0764680911985907
feat_gbm,0.25,43,468,2.132508084661621,2.2503813782282114
feat_gbm,0.25,43,469,-0.04463886987281645,-0.029700274932011248
feat_gbm,0.25,43,470,-2.1600471152023077,-2.1918010579584375
feat_gbm,0.25,43,471,-0.031621639461924415,-0.12537364897776127
feat_gbm,0.25,43,472,-1.464726086680979,-1.3714574409892777
feat_gbm,0.25,43,473,-1.0914170697959271,-1.0216450817816245
feat_gbm,0.25,43,474,-0.31876541745895454,-0.8313233833759152
feat_gbm,0.25,43,475,-2.9862677971052642,-3.25243582884057
feat_gbm,0.25,43,476,0.6813572945157753,0.8737365575305754
feat_gbm,0.25,43,477,-2.232042795316676,-1.8373017486027088
feat_gbm,0.25,43,478,-1.942480552878863,-1.909749317133085
feat_gbm,0.25,43,479,0.4429506666990267,0.418341725137149
feat_gbm,0.25,43,480,-2.735227362709479,-2.8689304810445995
feat_gbm,0.25,43,481,-3.1931409159042974,-3.9192950012633494
feat_gbm,0.25,43,482,0.5717079619289175,0.8191907452202399
feat_gbm,0.25,43,483,-1.9314803691955988,-2.7371748494528005
feat_gbm,0.25,43,484,-0.021728819450471854,0.043868991079412875
feat_gbm,0.25,43,485,-2.7482537284429793,-3.9571024828402512
feat_gbm,0.25,43,486,-0.8564106371438501,-0.8286091055291892
feat_gbm,0.25,43,487,1.23864332156581,1.1086460137612473
feat_gbm,0.25,43,488,-0.7897061622140823,-1.0899995989348372
feat_gbm,0.25,43,489,-2.831817551840079,-2.9260181182274523
feat_gbm,0.25,43,490,0.11625773566085645,0.01778898425240747
feat_gbm,0.25,43,491,-0.38825764280543124,-0.388546054063584
feat_gbm,0.25,43,492,-0.570717507598452,-0.8483910406321095
feat_gbm,0.25,43,493,-2.438465352113459,-2.4855190663855797
feat_gbm,0.25,43,494,-0.3807641235549393,-0.6027729178489412
feat_gbm,0.25,43,495,-1.980647217460142,-1.5285925057254015
feat_gbm,0.25,43,496,0.8251894071833402,1.0092174422839322
feat_gbm,0.25,43,497,-2.6646570518358144,-2.421052301727873
feat_gbm,0.25,43,498,-2.595933877609329,-3.2283141264699093
feat_gbm,0.25,43,499,-3.7115227788661658,-4.907212199848568
feat_gbm,0.25,44,0,-0.44484477406224865,0.03894909458183669
feat_gbm,0.25,44,1,-2.09518740739376,-2.5052564746229193
feat_gbm,0.25,44,2,0.5509101572377931,0.6287827851917782
feat_gbm,0.25,44,3,-3.7304564541788685,-3.3447289283878643
feat_gbm,0.25,44,4,0.9517571176319477,0.9694015026406426
feat_gbm,0.25,44,5,-2.0679327888845327,-2.4693709778233526
feat_gbm,0.25,44,6,-0.20150275029093126,-0.2819211013310965
feat_gbm,0.25,44,7,0.774487912070247,0.5289578846490461
feat_gbm,0.25,44,8,0.2804290673064194,0.032863622186365654
feat_gbm,0.25,44,9,1.0760436696144702,0.9352707853930591
feat_gbm,0.25,44,10,-1.6626490320230933,-1.5987558134683666
feat_gbm,0.25,44,11,-3.150705043071326,-3.2678706438993954
feat_gbm,0.25,44,12,-2.5395477146606273,-2.445380546146449
feat_gbm,0.25,44,13,-0.28363412209997985,-0.4471217519653716
feat_gbm,0.25,44,14,-1.7125758865790572,-1.8343062920535937
feat_gbm,0.25,44,15,-2.130024616875406,-2.278287047942225
feat_gbm,0.25,44,16,-0.7854088048341014,-1.113015507562239
feat_gbm,0.25,44,17,-1.4443170723712098,-1.149386040828735
feat_gbm,0.25,44,18,-0.41119345592989903,-0.4541092694382234
feat_gbm,0.25,44,19,-2.6956261342052743,-2.8798658660471284
feat_gbm,0.25,44,20,-2.8912559855059126,-3.281006200299989
feat_gbm,0.25,44,21,-1.0783693642505219,-0.7889402030111288
feat_gbm,0.25,44,22,-0.562831733101817,-0.48114593055133975
feat_gbm,0.25,44,23,-3.265706019007921,-2.8038114998165153
feat_gbm,0.25,44,24,-2.971489124073485,-2.6726430450531393
feat_gbm,0.25,44,25,-3.302128983425743,-3.141178249464176
feat_gbm,0.25,44,26,-3.431396267161996,-3.8612362310489847
feat_gbm,0.25,44,27,-3.1087818337305038,-3.085821277369337
feat_gbm,0.25,44,28,-2.8242111997074564,-2.1153791712035637
feat_gbm,0.25,44,29,-0.37294561982497704,-0.5854112868629942
feat_gbm,0.25,44,30,0.1591896469549846,0.13849791927417068
feat_gbm,0.25,44,31,-2.808137662060717,-2.779654184179668
feat_gbm,0.25,44,32,1.369837271833613,0.9166392391011026
feat_gbm,0.25,44,33,-2.1103329107221938,-2.134444297962007
feat_gbm,0.25,44,34,1.153898091201408,1.1224191581864646
feat_gbm,0.25,44,35,-3.214951959030946,-2.7514680837461087
feat_gbm,0.25,44,36,0.6356611577228964,0.7493710802437775
feat_gbm,0.25,44,37,-1.5387890630017504,-2.157600461660938
feat_gbm,0.25,44,38,-1.6979436228851752,-1.7436371170468024
feat_gbm,0.25,44,39,0.7259872198537256,0.632388610685479
feat_gbm,0.25,44,40,-1.798136220802649,-1.5024753827969588
feat_gbm,0.25,44,41,-2.500415576689459,-2.936018587066778
feat_gbm,0.25,44,42,-0.04688277043751059,-0.06406961406287034
feat_gbm,0.25,44,43,-0.5632580692895434,-0.43711075337934485
feat_gbm,0.25,44,44,0.6126570662619942,0.521724778538647
feat_gbm,0.25,44,45,0.6979773175424623,-0.02881562555915001
feat_gbm,0.25,44,46,-2.4196630256641014,-2.6856700943784895
feat_gbm,0.25,44,47,-3.011936865281361,-3.3419513202228783
feat_gbm,0.25,44,48,-0.4508263132592206,-0.35240032436669677
feat_gbm,0.25,44,49,-3.5203888914180577,-4.466027560457086
feat_gbm,0.25,44,50,-0.8095519678110227,-1.2227887404747313
feat_gbm,0.25,44,51,-3.5572784900193195,-4.168130875201601
feat_gbm,0.25,44,52,-1.7627433716765366,-2.1825653069440887
feat_gbm,0.25,44,53,-3.2682412188677916,-2.816977102698189
feat_gbm,0.25,44,54,-0.3473572358694812,-0.9520374156321785
feat_gbm,0.25,44,55,0.6213994053931232,0.800460094219776
feat_gbm,0.25,44,56,0.14111502641408624,0.2782562560211116
feat_gbm,0.25,44,57,-0.1718836157663309,-0.7855200046266205
feat_gbm,0.25,44,58,-2.8887530926899383,-2.837973637743256
feat_gbm,0.25,44,59,-0.036422466109146255,0.3653424354755994
feat_gbm,0.25,44,60,-2.947542067939049,-3.145987746693799
feat_gbm,0.25,44,61,-2.669493306766625,-2.1381844357326614
feat_gbm,0.25,44,62,0.4392865642162442,0.3908315550690521
feat_gbm,0.25,44,63,-2.8853013990086493,-3.259739876316779
feat_gbm,0.25,44,64,-2.5796248565900033,-3.799325775609258
feat_gbm,0.25,44,65,0.33219553966934684,0.2842997557356093
feat_gbm,0.25,44,66,0.7299481680203747,0.9099380077885143
feat_gbm,0.25,44,67,0.26143405821069654,0.5741223235018287
feat_gbm,0.25,44,68,1.2996456244235541,1.3807263582335993
feat_gbm,0.25,44,69,0.9711304821297032,2.7357387204405055
feat_gbm,0.25,44,70,-0.26734922101772024,-0.3782017485149665
feat_gbm,0.25,44,71,-0.4604194634740884,-0.6946521973220513
feat_gbm,0.25,44,72,-3.4072927487449505,-3.510295151868067
feat_gbm,0.25,44,73,-0.6473354307605742,-0.3643686170400702
feat_gbm,0.25,44,74,0.886357717040384,1.1835884152793859
feat_gbm,0.25,44,75,0.034855164932384504,-0.38644824542838596
feat_gbm,0.25,44,76,0.8632627687100998,0.7005004452467647
feat_gbm,0.25,44,77,0.3991435151490888,0.3770911051312199
feat_gbm,0.25,44,78,-0.509821566204392,-0.5374783823521183
feat_gbm,0.25,44,79,-2.6230916434933946,-3.2499450611549854
feat_gbm,0.25,44,80,-1.6710639785611725,-1.719925172279684
feat_gbm,0.25,44,81,0.5291520919421377,1.8185710395242058
feat_gbm,0.25,44,82,-1.1336234429405792,-1.0758778979961314
feat_gbm,0.25,44,83,-0.4959380942652291,-0.8033140510569362
feat_gbm,0.25,44,84,-2.031393363154226,-2.0837035815006346
feat_gbm,0.25,44,85,-2.3409703422686956,-1.2430797823904942
feat_gbm,0.25,44,86,0.8001085535909845,0.639317965424242
feat_gbm,0.25,44,87,0.151884741145593,-0.02321591952008587
feat_gbm,0.25,44,88,-2.7797455440862855,-3.512086916650174
feat_gbm,0.25,44,89,-2.0246885783602044,-1.684363733317816
feat_gbm,0.25,44,90,-3.290754306911872,-3.5341996208099964
feat_gbm,0.25,44,91,0.7092305724441589,1.1574629997660548
feat_gbm,0.25,44,92,-1.0076460746561886,-0.7651863719989663
feat_gbm,0.25,44,93,-2.7777686535725685,-5.7708125015304885
feat_gbm,0.25,44,94,0.13578811744162006,0.07374698385127064
feat_gbm,0.25,44,95,0.57197001933369,1.201566413592891
feat_gbm,0.25,44,96,1.610565255387588,1.2655480006709303
feat_gbm,0.25,44,97,-3.168536605867528,-3.2217777708537843
feat_gbm,0.25,44,98,-1.0530701503160487,-1.2120387208328698
feat_gbm,0.25,44,99,-0.33907049854929183,-0.04015373686183237
feat_gbm,0.25,44,100,-2.5071998586401847,-2.8384481914339785
feat_gbm,0.25,44,101,-3.2985206861085725,-3.541068619782685
feat_gbm,0.25,44,102,-3.753698137910099,-4.424727465058162
feat_gbm,0.25,44,103,-0.39391224373651373,-0.7652009130347144
feat_gbm,0.25,44,104,-0.16921089530793668,-0.406664655497914
feat_gbm,0.25,44,105,-2.511219457918115,-2.8019031633754246
feat_gbm,0.25,44,106,-0.9839228105007021,-1.1978192780958505
feat_gbm,0.25,44,107,-1.0602823852225365,-1.2497822804421463
feat_gbm,0.25,44,108,0.08031058159243384,-0.2003702404752673
feat_gbm,0.25,44,109,-0.2659320140915866,-0.28745536208379296
feat_gbm,0.25,44,110,0.2492140353678502,0.2838469771831524
feat_gbm,0.25,44,111,0.5643349901091952,0.6579850926301614
feat_gbm,0.25,44,112,-0.09236829156925025,-0.4279263804064609
feat_gbm,0.25,44,113,0.7390072602037537,0.527327823801956
feat_gbm,0.25,44,114,-3.2718836704259493,-3.652947895428966
feat_gbm,0.25,44,115,-0.16475706415908464,-0.04287987221360797
feat_gbm,0.25,44,116,-2.9438478328518713,-3.4409421360670214
feat_gbm,0.25,44,117,-3.0846829356223515,-2.4284095097884006
feat_gbm,0.25,44,118,-1.739579640429169,-1.419217075367618
feat_gbm,0.25,44,119,-1.245438981087776,-1.4944271796191557
feat_gbm,0.25,44,120,-2.952773879269597,-2.797137626437216
feat_gbm,0.25,44,121,1.9333101182129555,3.1321125804877905
feat_gbm,0.25,44,122,-2.1395894555642427,-3.164895556438051
feat_gbm,0.25,44,123,0.33043961099382363,-0.021234684620174846
feat_gbm,0.25,44,124,-1.4917549450279783,-1.246001114532972
feat_gbm,0.25,44,125,-2.8194130238278694,-2.7130193085566443
feat_gbm,0.25,44,126,-1.7405055751340843,-2.0560780011130944
feat_gbm,0.25,44,127,-1.9111199928250244,-1.631222331554067
feat_gbm,0.25,44,128,-2.8142646418011696,-3.477307725783656
feat_gbm,0.25,44,129,0.8583703989956529,1.7007542891568868
feat_gbm,0.25,44,130,-2.551503809341849,-3.4021624962570822
feat_gbm,0.25,44,131,-3.4659384202166943,-3.701149444421242
feat_gbm,0.25,44,132,-0.2745084104625358,-0.4116741376471012
feat_gbm,0.25,44,133,-0.5390832204015371,-0.5680375850475197
feat_gbm,0.25,44,134,-2.026927574373526,-1.4788189923590598
feat_gbm,0.25,44,135,-2.564350105006965,-2.9896549957503007
feat_gbm,0.25,44,136,0.6689652080073024,0.11194117436713467
feat_gbm,0.25,44,137,1.0760012967544164,1.7147062893715772
feat_gbm,0.25,44,138,-2.6010908648198083,-1.9709125209383296
feat_gbm,0.25,44,139,-0.5458610838350166,0.19937477723826902
feat_gbm,0.25,44,140,-2.2947264847513678,-2.8223726616431475
feat_gbm,0.25,44,141,-0.25579929402570567,-0.12380828599000025
feat_gbm,0.25,44,142,-2.6821576467728905,-2.97521232911642
feat_gbm,0.25,44,143,-1.5657708671378374,-1.9484557479617686
feat_gbm,0.25,44,144,0.7106127002365418,1.244093655886106
feat_gbm,0.25,44,145,-1.9559327231503307,-2.0280859266176816
feat_gbm,0.25,44,146,-2.6085538270860247,-2.0754073031653366
feat_gbm,0.25,44,147,-0.18426211253088312,-0.11331641159387335
feat_gbm,0.25,44,148,-2.990396648644889,-2.620298039600635
feat_gbm,0.25,44,149,-3.3232675473560893,-3.8395532227602396
feat_gbm,0.25,44,150,-1.2196322994570032,-2.149698272240366
feat_gbm,0.25,44,151,-2.900529604445243,-3.1594376779318036
feat_gbm,0.25,44,152,-2.459634586474772,-2.7712141114581046
feat_gbm,0.25,44,153,-1.2174024563712285,-1.1483368403810985
feat_gbm,0.25,44,154,-1.4526085254564778,-1.4700676700115773
feat_gbm,0.25,44,155,1.339898575562192,1.4088416749712322
feat_gbm,0.25,44,156,0.7318021293452124,0.7564704220494097
feat_gbm,0.25,44,157,-1.5501121771636455,-1.7148995557963913
feat_gbm,0.25,44,158,-1.4204392474423608,-2.8595355115547196
feat_gbm,0.25,44,159,-1.114594994112779,-0.9922400520728849
feat_gbm,0.25,44,160,1.7878403227487047,1.8585227307534937
feat_gbm,0.25,44,161,-2.3869532710680583,-2.477654537850602
feat_gbm,0.25,44,162,-3.2297075977689866,-2.993764039868935
feat_gbm,0.25,44,163,-1.3112822918448157,-1.1722671160336509
feat_gbm,0.25,44,164,-1.7488379330677433,-1.6577576086204497
feat_gbm,0.25,44,165,-2.6130359062391126,-2.9770186999323642
feat_gbm,0.25,44,166,-2.962290288029528,-3.2329952824425443
feat_gbm,0.25,44,167,-0.062052773751356885,0.19550508612775644
feat_gbm,0.25,44,168,-1.1184806499049866,-1.2639642813248737
feat_gbm,0.25,44,169,1.3004225870624562,1.4224064134580066
feat_gbm,0.25,44,170,-1.479548010129598,-1.5303724784706008
feat_gbm,0.25,44,171,0.783376258901813,0.6086346650572224
feat_gbm,0.25,44,172,0.040335025660309116,-0.052232489626048526
feat_gbm,0.25,44,173,-0.3706471549638085,-0.19074605880313256
feat_gbm,0.25,44,174,-2.89713477171296,-2.7678232596734214
feat_gbm,0.25,44,175,-1.9224440177523248,-1.6557092188829319
feat_gbm,0.25,44,176,0.1006272277225834,0.12081831439914445
feat_gbm,0.25,44,177,0.9477278429222556,3.7031714993021168
feat_gbm,0.25,44,178,0.14591741038121447,-0.17761292562564054
feat_gbm,0.25,44,179,0.0786447822336502,0.2295122735959306
feat_gbm,0.25,44,180,-1.1614437461234963,-1.6401012725318311
feat_gbm,0.25,44,181,-2.5252441432948065,-3.399461101549646
feat_gbm,0.25,44,182,0.43237120694992065,0.5421608664871393
feat_gbm,0.25,44,183,-3.2177954768730155,-3.7858185839721776
feat_gbm,0.25,44,184,0.4736938785705935,0.4440956773301304
feat_gbm,0.25,44,185,0.3157812238679686,0.5450962365111649
feat_gbm,0.25,44,186,-2.8274577622211012,-3.094441269353033
feat_gbm,0.25,44,187,1.1069554843145397,1.436275522654785
feat_gbm,0.25,44,188,0.1669077417292721,-0.003208414280501246
feat_gbm,0.25,44,189,-2.0164102070246375,-2.0766448721687736
feat_gbm,0.25,44,190,-3.031014974677974,-2.887011097372245
feat_gbm,0.25,44,191,-0.006822132101927977,-0.19564387773269687
feat_gbm,0.25,44,192,-2.7003392425431,-3.39219136175158
feat_gbm,0.25,44,193,-3.874441960380014,-4.804455114758695
feat_gbm,0.25,44,194,0.06612225707305948,-0.23230879418151415
feat_gbm,0.25,44,195,0.878820685742663,0.7768952289284052
feat_gbm,0.25,44,196,-3.081916203987669,-3.0758975731441707
feat_gbm,0.25,44,197,1.8116480212983748,1.8852948766094535
feat_gbm,0.25,44,198,0.13205090410503637,-0.07474663349946693
feat_gbm,0.25,44,199,1.5337895004512385,0.9295509098669842
feat_gbm,0.25,44,200,0.06202988705286849,0.40408761039079466
feat_gbm,0.25,44,201,-1.2112577226968797,-1.0185563947000995
feat_gbm,0.25,44,202,-1.3113852130391108,-1.5812541435625456
feat_gbm,0.25,44,203,-2.499801417643173,-2.9269603411540346
feat_gbm,0.25,44,204,-0.4577142533733189,-0.9368237022381455
feat_gbm,0.25,44,205,-0.6903326840322507,-0.771906247259438
feat_gbm,0.25,44,206,-1.3331472386911798,-1.4457766532498904
feat_gbm,0.25,44,207,-2.497082499812722,-2.4752738768021185
feat_gbm,0.25,44,208,-3.8953798322642457,-2.8789590131308262
feat_gbm,0.25,44,209,-2.9772844922067914,-2.6986856152036793
feat_gbm,0.25,44,210,0.06793682679575878,0.05837096406180189
feat_gbm,0.25,44,211,-2.096257697997139,-2.2327070274631113
feat_gbm,0.25,44,212,-0.00483486598492387,0.15758807445032513
feat_gbm,0.25,44,213,0.8238463502058468,0.5234750924970406
feat_gbm,0.25,44,214,0.5567150716974796,0.8312555987922697
feat_gbm,0.25,44,215,-0.8453033793073788,-0.7699972654610447
feat_gbm,0.25,44,216,-2.015367658741536,-2.4368834827463726
feat_gbm,0.25,44,217,-3.4672351255313254,-3.7421886443248944
feat_gbm,0.25,44,218,-3.402806170611266,-4.3753265313120195
feat_gbm,0.25,44,219,0.17558103633233513,0.13181597567614448
feat_gbm,0.25,44,220,-2.3484867226724067,-2.150299196146146
feat_gbm,0.25,44,221,0.328103143757352,0.4316281043505307
feat_gbm,0.25,44,222,0.6809517846876778,0.20581216265343685
feat_gbm,0.25,44,223,-1.1999526483319543,-1.7226779576420432
feat_gbm,0.25,44,224,1.0008809253250688,1.0701061526100661
feat_gbm,0.25,44,225,-3.2148517526546616,-2.995983076644188
feat_gbm,0.25,44,226,-0.050578529369639726,-0.39103048890459524
feat_gbm,0.25,44,227,-1.9114022042191565,-2.811377433191803
feat_gbm,0.25,44,228,0.1651585668145489,0.1103569248772952
feat_gbm,0.25,44,229,0.9949890027097403,1.0926797996732165
feat_gbm,0.25,44,230,-1.4391056186098756,-1.1465469989616057
feat_gbm,0.25,44,231,-3.387706501319165,-3.7045714701961474
feat_gbm,0.25,44,232,-0.10265118053094749,-0.3205795311611984
feat_gbm,0.25,44,233,-0.68882995682719,-0.7282288274356463
feat_gbm,0.25,44,234,-0.37281543978664494,-0.6143938277881194
feat_gbm,0.25,44,235,-3.399485567484764,-3.717493513170671
feat_gbm,0.25,44,236,-1.6752124007803488,-1.894186438607053
feat_gbm,0.25,44,237,0.11109420551665693,0.19101892391720615
feat_gbm,0.25,44,238,-2.581176094718879,-2.723653519266766
feat_gbm,0.25,44,239,0.034878731903588756,0.28172679866345784
feat_gbm,0.25,44,240,-1.0024907351102064,-0.570916259780521
feat_gbm,0.25,44,241,-1.2977301664929026,-3.037607674189957
feat_gbm,0.25,44,242,-2.8587069368196474,-2.4824067099880884
feat_gbm,0.25,44,243,1.0912890653540734,1.793244191067856
feat_gbm,0.25,44,244,-2.6798572693756753,-2.170563194223024
feat_gbm,0.25,44,245,-3.098594359856105,-2.5580286375581696
feat_gbm,0.25,44,246,-3.00037356896032,-3.9013363177662743
feat_gbm,0.25,44,247,-0.9954758580788142,-1.2689211715035387
feat_gbm,0.25,44,248,-2.8960823084756457,-2.89795980370705
feat_gbm,0.25,44,249,-0.5811861147480831,-1.149470325468549
feat_gbm,0.25,44,250,-2.1498367801157383,-2.1803876537888693
feat_gbm,0.25,44,251,-1.602631528763709,-1.2010659028736028
feat_gbm,0.25,44,252,-2.583726614805485,-2.675840590612525
feat_gbm,0.25,44,253,-1.2705077906287119,-0.865421424414132
feat_gbm,0.25,44,254,-0.5461410100261329,-0.45089388998719687
feat_gbm,0.25,44,255,-1.4574107684239268,-1.477655138121315
feat_gbm,0.25,44,256,-1.708155499364057,-1.9234128661936198
feat_gbm,0.25,44,257,-1.6060886243202928,-0.8895479413744646
feat_gbm,0.25,44,258,-1.4582874105936987,-1.284701881398344
feat_gbm,0.25,44,259,-0.0036744226888998474,0.03791276039075724
feat_gbm,0.25,44,260,-1.3319053210248415,-1.213907680807544
feat_gbm,0.25,44,261,-0.6384882042664484,-0.6937064881158975
feat_gbm,0.25,44,262,-2.74143703649286,-2.500344974429108
feat_gbm,0.25,44,263,-3.3212373404928366,-3.0782877743164985
feat_gbm,0.25,44,264,-3.184078803015058,-3.2702790535172426
feat_gbm,0.25,44,265,-0.27604217557837935,-0.15746453031192983
feat_gbm,0.25,44,266,-2.0946688425451407,-1.3930653126164372
feat_gbm,0.25,44,267,-3.335700812633325,-3.460520174484755
feat_gbm,0.25,44,268,-1.9000536769849148,-1.8115923421665279
feat_gbm,0.25,44,269,0.07445371879814003,-0.04785951915829837
feat_gbm,0.25,44,270,-1.1908953109311304,-1.3387838926701625
feat_gbm,0.25,44,271,0.5763714913317652,0.6172482925771328
feat_gbm,0.25,44,272,-0.051924230086100816,0.10718580269537517
feat_gbm,0.25,44,273,-2.480323308149518,-2.4250613993713395
feat_gbm,0.25,44,274,-0.13584403074418425,-0.4656136934058211
feat_gbm,0.25,44,275,-2.5914816170505874,-1.7679071058666047
feat_gbm,0.25,44,276,-0.4029062585847963,-0.15192249005847586
feat_gbm,0.25,44,277,-0.09529722965092069,-0.22686658439221394
feat_gbm,0.25,44,278,-0.31085379282037157,-0.3963273628232521
feat_gbm,0.25,44,279,-2.01988961670529,-2.1916982233579314
feat_gbm,0.25,44,280,0.39126053572649755,0.5138857123822332
feat_gbm,0.25,44,281,0.06325452039128857,0.13501120436460418
feat_gbm,0.25,44,282,-0.2879755848662499,-0.35232291748203215
feat_gbm,0.25,44,283,0.2498100963894051,0.33710059568630363
feat_gbm,0.25,44,284,2.463448524251555,2.2269494594330284
feat_gbm,0.25,44,285,-0.4773092310276244,-0.8523290277873723
feat_gbm,0.25,44,286,0.4220898273527464,0.5032694866056324
feat_gbm,0.25,44,287,-2.8939565402532943,-3.0734310124071125
feat_gbm,0.25,44,288,-2.6788913284036857,-3.0969464995649485
feat_gbm,0.25,44,289,0.8279045295082302,0.8088909840914691
feat_gbm,0.25,44,290,-1.3447686780432722,-1.710735902712342
feat_gbm,0.25,44,291,0.03574272324498447,-0.24588513525180683
feat_gbm,0.25,44,292,-3.053621250946811,-2.9910915714149957
feat_gbm,0.25,44,293,-0.0707661867848535,0.24397961438558982
feat_gbm,0.25,44,294,0.9965834552937306,0.9827222917401395
feat_gbm,0.25,44,295,0.8232270353903098,1.5399914318848642
feat_gbm,0.25,44,296,-2.2592268602348153,-3.028104854063688
feat_gbm,0.25,44,297,-1.193282741893173,-1.9675880903276046
feat_gbm,0.25,44,298,0.26799144984098977,0.3882116190950413
feat_gbm,0.25,44,299,-0.35484363235859123,-0.4169590587595381
feat_gbm,0.25,44,300,-0.41370885391722695,-0.47104701624968015
feat_gbm,0.25,44,301,-0.5210829278003052,-0.5788171023402015
feat_gbm,0.25,44,302,-3.0516138037898757,-3.325334912618423
feat_gbm,0.25,44,303,0.043603044298211345,0.27214776974989446
feat_gbm,0.25,44,304,0.22374770746077685,0.2838761456734127
feat_gbm,0.25,44,305,0.8363369413182319,0.98356576927226
feat_gbm,0.25,44,306,-1.9370390601148806,-2.324804251846344
feat_gbm,0.25,44,307,-0.14342190271429858,-0.30060412365222405
feat_gbm,0.25,44,308,-3.0989539033617897,-3.5706943269006843
feat_gbm,0.25,44,309,0.6260176497060989,0.7657986236992217
feat_gbm,0.25,44,310,-0.22494782679374217,-0.3760212383278314
feat_gbm,0.25,44,311,0.863990528315726,0.903367601886353
feat_gbm,0.25,44,312,0.3691482224732283,0.2834145554969618
feat_gbm,0.25,44,313,-0.4591604991434967,-0.8750381269167363
feat_gbm,0.25,44,314,-0.6950926427283558,-0.8911054934067958
feat_gbm,0.25,44,315,0.3998988839693848,0.2699623908229132
feat_gbm,0.25,44,316,-3.1523532568215713,-4.034449774534175
feat_gbm,0.25,44,317,0.6099942725526414,0.7302045063515665
feat_gbm,0.25,44,318,-2.6288138515980335,-2.5264159394565007
feat_gbm,0.25,44,319,-3.333615120095357,-3.1280680478747835
feat_gbm,0.25,44,320,-0.4331863434816355,-0.623194388118803
feat_gbm,0.25,44,321,-3.7079148492068215,-4.172922463867305
feat_gbm,0.25,44,322,1.2793040154978732,1.0714029341973417
feat_gbm,0.25,44,323,-2.716116526064058,-2.5538050374755565
feat_gbm,0.25,44,324,-1.297397425412608,-1.5310020975326282
feat_gbm,0.25,44,325,-0.6933623009615545,-0.735749980772127
feat_gbm,0.25,44,326,-0.5881339024135743,-0.5010306012352705
feat_gbm,0.25,44,327,-3.709704599402611,-4.393123087746285
feat_gbm,0.25,44,328,0.24255773657247123,0.6439364857563509
feat_gbm,0.25,44,329,-2.5235395880696334,-2.60760252445046
feat_gbm,0.25,44,330,0.7750439759829298,0.46983427811083467
feat_gbm,0.25,44,331,-1.6864469476869788,-1.149354435920189
feat_gbm,0.25,44,332,-1.755188641798004,-1.0961264399974935
feat_gbm,0.25,44,333,0.8396083631527932,1.4253561556633074
feat_gbm,0.25,44,334,1.0695968104917333,1.0406546288822482
feat_gbm,0.25,44,335,-0.07151153027923464,-0.1286217558512718
feat_gbm,0.25,44,336,-1.7868827207403317,-1.7275974260064488
feat_gbm,0.25,44,337,-3.8912340248553487,-4.535227665039715
feat_gbm,0.25,44,338,-0.5197178495285693,-1.078833843619319
feat_gbm,0.25,44,339,-2.772435814743353,-2.035297396751524
feat_gbm,0.25,44,340,0.49289482364492654,0.4788286932125707
feat_gbm,0.25,44,341,-1.1716631324047448,-0.4595082096564039
feat_gbm,0.25,44,342,-3.298789061891677,-3.653430804591794
feat_gbm,0.25,44,343,0.189269697639098,0.2834522663037432
feat_gbm,0.25,44,344,0.08869400640935042,-0.15984972455285287
feat_gbm,0.25,44,345,-2.579228377853652,-3.8822970119574354
feat_gbm,0.25,44,346,-2.714827672434406,-2.5801989990218064
feat_gbm,0.25,44,347,-3.347475439308554,-3.2622630695286134
feat_gbm,0.25,44,348,-0.2676428293356472,-0.4894561152880944
feat_gbm,0.25,44,349,-2.8036224800922183,-3.0223552414624764
feat_gbm,0.25,44,350,0.5777421458663848,0.4215072765335228
feat_gbm,0.25,44,351,-1.7315180585855432,-1.8152752103400673
feat_gbm,0.25,44,352,0.6472114774981383,1.102263670511441
feat_gbm,0.25,44,353,1.022773415839827,1.4454852001466738
feat_gbm,0.25,44,354,-3.4363307362612767,-3.6770060333191017
feat_gbm,0.25,44,355,-3.754715506659278,-5.078652858832153
feat_gbm,0.25,44,356,0.4282834735510953,0.7815322159665122
feat_gbm,0.25,44,357,0.6509073152049533,0.6775133790495483
feat_gbm,0.25,44,358,-3.069355853670318,-3.5163570325540956
feat_gbm,0.25,44,359,-0.8826881887474519,-4.157760523739404
feat_gbm,0.25,44,360,-0.27062972504383365,-0.18386357284099003
feat_gbm,0.25,44,361,-3.7210258685975584,-4.477383009144865
feat_gbm,0.25,44,362,0.37716224471686866,0.2909126951240761
feat_gbm,0.25,44,363,-2.8804563835266963,-3.5121531596302606
feat_gbm,0.25,44,364,-0.698293584121835,-0.0019354464452207268
feat_gbm,0.25,44,365,-3.3192359277292267,-3.264666087597375
feat_gbm,0.25,44,366,-2.216444039876272,-1.4961090632143375
feat_gbm,0.25,44,367,-0.054716881204108746,-0.10305907560987346
feat_gbm,0.25,44,368,0.40315439296726124,0.24601275195113992
feat_gbm,0.25,44,369,-1.3504337414861707,-1.6400355118163064
feat_gbm,0.25,44,370,-1.9968168336827268,-1.5399226532969161
feat_gbm,0.25,44,371,-0.4540511029118681,-0.3336387161155974
feat_gbm,0.25,44,372,0.3998982094637398,0.3185760540422761
feat_gbm,0.25,44,373,-0.15205258061506824,-0.30756424411789
feat_gbm,0.25,44,374,-3.4826476488497597,-3.551435429619069
feat_gbm,0.25,44,375,0.14880659802988666,-0.12846918127015178
feat_gbm,0.25,44,376,0.48567333994673567,0.43413099611324796
feat_gbm,0.25,44,377,0.7184883276302734,0.8095384731463161
feat_gbm,0.25,44,378,0.21656295260460065,0.20303525329731625
feat_gbm,0.25,44,379,0.5639298325679878,0.524784145223057
feat_gbm,0.25,44,380,0.5113516470454648,0.8722609808312535
feat_gbm,0.25,44,381,0.7557871710015576,1.0190202163897197
feat_gbm,0.25,44,382,0.8419291816846182,1.2715191268303472
feat_gbm,0.25,44,383,0.005559358300517432,-0.13923746667536385
feat_gbm,0.25,44,384,-0.6308098961936484,-1.7983983483294153
feat_gbm,0.25,44,385,0.5166353878303735,0.5606037150840157
feat_gbm,0.25,44,386,0.6158498961825087,0.6003456151224621
feat_gbm,0.25,44,387,1.260020153158629,1.3071718981356573
feat_gbm,0.25,44,388,0.19494041790568892,-0.19457283568776126
feat_gbm,0.25,44,389,-1.248166859357811,-0.981880356960367
feat_gbm,0.25,44,390,-2.9188585408366,-2.628024059072158
feat_gbm,0.25,44,391,-2.257018315141134,-2.479262758098376
feat_gbm,0.25,44,392,-2.020820628406513,-2.207941629114672
feat_gbm,0.25,44,393,-2.595494809913656,-2.806586620215901
feat_gbm,0.25,44,394,-0.3201123606152551,-0.16842623590390868
feat_gbm,0.25,44,395,-0.1168652994692837,0.3596423409999632
feat_gbm,0.25,44,396,-3.4003199621505775,-3.117667066362407
feat_gbm,0.25,44,397,0.659910506697953,0.6134086288650079
feat_gbm,0.25,44,398,0.3845014901354238,0.5049020087080688
feat_gbm,0.25,44,399,-0.9776878122604934,-1.0548605918119196
feat_gbm,0.25,44,400,-3.012019766758748,-2.877676775828332
feat_gbm,0.25,44,401,0.094178766537876,0.015654415635624343
feat_gbm,0.25,44,402,-0.6466927561370436,-0.7027824676465185
feat_gbm,0.25,44,403,0.5324645851124693,0.6733427913489138
feat_gbm,0.25,44,404,0.37696173751722484,0.03259550049258387
feat_gbm,0.25,44,405,-3.212057706812986,-3.4179416205706223
feat_gbm,0.25,44,406,-1.9888987990558507,-1.6563158072976616
feat_gbm,0.25,44,407,0.5191511485617918,0.3281041495218151
feat_gbm,0.25,44,408,-0.9978452505336979,-1.498502430121411
feat_gbm,0.25,44,409,-1.0095612347901546,-1.5390850133499359
feat_gbm,0.25,44,410,-2.2808237767336377,-3.8769914364338094
feat_gbm,0.25,44,411,-0.6126457714584045,-1.1093409530974205
feat_gbm,0.25,44,412,-2.4951592713785873,-2.1356441225652167
feat_gbm,0.25,44,413,0.6224530632707944,0.5613925387002681
feat_gbm,0.25,44,414,-2.578858292035422,-2.672303525149137
feat_gbm,0.25,44,415,1.0047364345077858,0.9887747910888531
feat_gbm,0.25,44,416,-2.6370631679175105,-2.064740642123073
feat_gbm,0.25,44,417,-0.07385996479256772,-0.13534283366780814
feat_gbm,0.25,44,418,-0.3761398483915207,0.5266566940316069
feat_gbm,0.25,44,419,-0.5559264252354399,-0.7929716308762645
feat_gbm,0.25,44,420,0.2534524128757433,0.22081989653443584
feat_gbm,0.25,44,421,-3.630557543395026,-3.4911396429773087
feat_gbm,0.25,44,422,0.12513750933572784,0.4691563032653497
feat_gbm,0.25,44,423,-0.14116435775982925,-0.21242164749251408
feat_gbm,0.25,44,424,-3.6737807410446344,-2.0235730224261497
feat_gbm,0.25,44,425,-0.3343525333366667,0.1881042769243711
feat_gbm,0.25,44,426,-0.8202060802329934,-0.7546830882020855
feat_gbm,0.25,44,427,-1.232779109013862,-2.004418163271322
feat_gbm,0.25,44,428,0.05121229007267251,0.08108350485015015
feat_gbm,0.25,44,429,-1.3743286729446886,-0.8958783842144782
feat_gbm,0.25,44,430,-0.9361142578507226,-0.700178367515834
feat_gbm,0.25,44,431,-1.779831504527797,-2.026447754843476
feat_gbm,0.25,44,432,-3.255327067251069,-3.3644112924118934
feat_gbm,0.25,44,433,-3.082061852644362,-2.4777804975332844
feat_gbm,0.25,44,434,-3.772126637400869,-3.6407879329147783
feat_gbm,0.25,44,435,0.21919131490149896,0.8140524350977956
feat_gbm,0.25,44,436,-0.5251176834073538,-0.6342245759550225
feat_gbm,0.25,44,437,-0.9106173086365908,-1.0170271575608654
feat_gbm,0.25,44,438,0.7250135399459515,1.2058566336630974
feat_gbm,0.25,44,439,1.1412536096852295,1.04159183954478
feat_gbm,0.25,44,440,-0.4198580772429859,-0.383754051292973
feat_gbm,0.25,44,441,1.0401571413584794,0.9717849563735496
feat_gbm,0.25,44,442,1.104064242873213,0.915394257773604
feat_gbm,0.25,44,443,-0.03778915052190131,0.17619398118278368
feat_gbm,0.25,44,444,-2.6381410895213095,-2.3026142847949007
feat_gbm,0.25,44,445,-0.4319503283905614,-2.156995715227189
feat_gbm,0.25,44,446,-1.9720232409801235,-1.9647154613855007
feat_gbm,0.25,44,447,-1.1578978920165819,-1.2167428909736953
feat_gbm,0.25,44,448,-0.414191171343411,0.371748058948411
feat_gbm,0.25,44,449,-2.9446126757321758,-3.354914600670279
feat_gbm,0.25,44,450,-1.7241996370588495,-2.0984010901330774
feat_gbm,0.25,44,451,-1.6702108342743605,-1.8411195968283314
feat_gbm,0.25,44,452,-0.14259842499347883,-0.2866386615093297
feat_gbm,0.25,44,453,-1.9779436341257266,-2.1769502099219324
feat_gbm,0.25,44,454,0.3947520064626532,0.851829112076475
feat_gbm,0.25,44,455,-0.05785322770826377,-0.5174982843777256
feat_gbm,0.25,44,456,-3.02524464080195,-3.7883351795095335
feat_gbm,0.25,44,457,-1.8416236173133167,-1.3225504843777425
feat_gbm,0.25,44,458,-0.26262072135151593,-0.6304710111145473
feat_gbm,0.25,44,459,-2.5755084164792885,-2.867776928577639
feat_gbm,0.25,44,460,0.012190467662172268,-0.20106453453544149
feat_gbm,0.25,44,461,0.8875219156678132,0.565413433251147
feat_gbm,0.25,44,462,0.3937557716297681,0.6531860801292728
feat_gbm,0.25,44,463,-3.0334394355255716,-3.295531334571209
feat_gbm,0.25,44,464,-1.0764862451493944,-1.118951529136503
feat_gbm,0.25,44,465,0.06918378376359408,0.08535922256033004
feat_gbm,0.25,44,466,0.01464091496435539,0.2656879386171551
feat_gbm,0.25,44,467,-1.049727613685936,-1.0764680911985907
feat_gbm,0.25,44,468,2.5185199373929805,2.2503813782282114
feat_gbm,0.25,44,469,0.030149619342767085,-0.029700274932011248
feat_gbm,0.25,44,470,-2.294884344996421,-2.1918010579584375
feat_gbm,0.25,44,471,0.01437109737236027,-0.12537364897776127
feat_gbm,0.25,44,472,-1.4783639659932237,-1.3714574409892777
feat_gbm,0.25,44,473,-0.8633965000911457,-1.0216450817816245
feat_gbm,0.25,44,474,-0.4310737094860327,-0.8313233833759152
feat_gbm,0.25,44,475,-3.0708227218136623,-3.25243582884057
feat_gbm,0.25,44,476,0.7368411032363834,0.8737365575305754
feat_gbm,0.25,44,477,-2.3538597498275697,-1.8373017486027088
feat_gbm,0.25,44,478,-1.8020356154125476,-1.909749317133085
feat_gbm,0.25,44,479,0.3469068461272917,0.418341725137149
feat_gbm,0.25,44,480,-2.8838875565164637,-2.8689304810445995
feat_gbm,0.25,44,481,-3.2190883688035186,-3.9192950012633494
feat_gbm,0.25,44,482,0.5167341185094506,0.8191907452202399
feat_gbm,0.25,44,483,-2.1065290415211035,-2.7371748494528005
feat_gbm,0.25,44,484,-0.052994720705412675,0.043868991079412875
feat_gbm,0.25,44,485,-2.67064261739873,-3.9571024828402512
feat_gbm,0.25,44,486,-0.9404730794895818,-0.8286091055291892
feat_gbm,0.25,44,487,1.0147183320778566,1.1086460137612473
feat_gbm,0.25,44,488,-0.8141826185441331,-1.0899995989348372
feat_gbm,0.25,44,489,-2.7707717692581926,-2.9260181182274523
feat_gbm,0.25,44,490,0.17358925501726902,0.01778898425240747
feat_gbm,0.25,44,491,-0.4618384754348595,-0.388546054063584
feat_gbm,0.25,44,492,-0.529311269247962,-0.8483910406321095
feat_gbm,0.25,44,493,-2.5486101897650832,-2.4855190663855797
feat_gbm,0.25,44,494,-0.36174540985870796,-0.6027729178489412
feat_gbm,0.25,44,495,-1.929753445880874,-1.5285925057254015
feat_gbm,0.25,44,496,0.6442039832975296,1.0092174422839322
feat_gbm,0.25,44,497,-2.7440266072443587,-2.421052301727873
feat_gbm,0.25,44,498,-2.7953743888188223,-3.2283141264699093
feat_gbm,0.25,44,499,-3.52766615246481,-4.907212199848568
feat_gbm,0.25,45,0,-0.46638163516519954,0.03894909458183669
feat_gbm,0.25,45,1,-2.288364827184707,-2.5052564746229193
feat_gbm,0.25,45,2,0.6059482159698907,0.6287827851917782
feat_gbm,0.25,45,3,-3.660446802931051,-3.3447289283878643
feat_gbm,0.25,45,4,0.8802444853158019,0.9694015026406426
feat_gbm,0.25,45,5,-2.194561308400902,-2.4693709778233526
feat_gbm,0.25,45,6,-0.06352664382378276,-0.2819211013310965
feat_gbm,0.25,45,7,0.7717985395896209,0.5289578846490461
feat_gbm,0.25,45,8,0.15494371290432413,0.032863622186365654
feat_gbm,0.25,45,9,0.9597561012310155,0.9352707853930591
feat_gbm,0.25,45,10,-1.686628970781429,-1.5987558134683666
feat_gbm,0.25,45,11,-3.244998322921888,-3.2678706438993954
feat_gbm,0.25,45,12,-2.2281403168281093,-2.445380546146449
feat_gbm,0.25,45,13,-0.17160795431412562,-0.4471217519653716
feat_gbm,0.25,45,14,-1.8045984440442775,-1.8343062920535937
feat_gbm,0.25,45,15,-2.195492905810767,-2.278287047942225
feat_gbm,0.25,45,16,-0.9804186241921943,-1.113015507562239
feat_gbm,0.25,45,17,-1.3205806452664999,-1.149386040828735
feat_gbm,0.25,45,18,-0.3217831753668545,-0.4541092694382234
feat_gbm,0.25,45,19,-2.795214168087324,-2.8798658660471284
feat_gbm,0.25,45,20,-2.8171925665404998,-3.281006200299989
feat_gbm,0.25,45,21,-0.642648479807438,-0.7889402030111288
feat_gbm,0.25,45,22,-0.2884054419265357,-0.48114593055133975
feat_gbm,0.25,45,23,-3.2290951143647115,-2.8038114998165153
feat_gbm,0.25,45,24,-2.935901878523017,-2.6726430450531393
feat_gbm,0.25,45,25,-3.274391162991622,-3.141178249464176
feat_gbm,0.25,45,26,-3.513634984443935,-3.8612362310489847
feat_gbm,0.25,45,27,-2.994075003228693,-3.085821277369337
feat_gbm,0.25,45,28,-2.9365401019764983,-2.1153791712035637
feat_gbm,0.25,45,29,-0.3775018317478409,-0.5854112868629942
feat_gbm,0.25,45,30,0.4998017038355806,0.13849791927417068
feat_gbm,0.25,45,31,-2.6655994935826945,-2.779654184179668
feat_gbm,0.25,45,32,1.3541159055527303,0.9166392391011026
feat_gbm,0.25,45,33,-2.1149402531722896,-2.134444297962007
feat_gbm,0.25,45,34,1.2033752280428158,1.1224191581864646
feat_gbm,0.25,45,35,-3.333752274548983,-2.7514680837461087
feat_gbm,0.25,45,36,0.6409457142441303,0.7493710802437775
feat_gbm,0.25,45,37,-1.6979930088910906,-2.157600461660938
feat_gbm,0.25,45,38,-1.6440024498984618,-1.7436371170468024
feat_gbm,0.25,45,39,0.9362090762685579,0.632388610685479
feat_gbm,0.25,45,40,-1.8223406524768995,-1.5024753827969588
feat_gbm,0.25,45,41,-2.4533227511840803,-2.936018587066778
feat_gbm,0.25,45,42,-0.12806615093998047,-0.06406961406287034
feat_gbm,0.25,45,43,-0.41036286833287783,-0.43711075337934485
feat_gbm,0.25,45,44,0.7208175479143172,0.521724778538647
feat_gbm,0.25,45,45,0.6870300302704718,-0.02881562555915001
feat_gbm,0.25,45,46,-2.4899130335017734,-2.6856700943784895
feat_gbm,0.25,45,47,-3.037896891665564,-3.3419513202228783
feat_gbm,0.25,45,48,-0.4888221266075205,-0.35240032436669677
feat_gbm,0.25,45,49,-3.8173808782230263,-4.466027560457086
feat_gbm,0.25,45,50,-0.8149054790701997,-1.2227887404747313
feat_gbm,0.25,45,51,-3.7643350088178393,-4.168130875201601
feat_gbm,0.25,45,52,-1.7936739185016977,-2.1825653069440887
feat_gbm,0.25,45,53,-3.1779170616294823,-2.816977102698189
feat_gbm,0.25,45,54,-0.44135939661622225,-0.9520374156321785
feat_gbm,0.25,45,55,0.47153670362010836,0.800460094219776
feat_gbm,0.25,45,56,0.190565173989048,0.2782562560211116
feat_gbm,0.25,45,57,0.014234338978233525,-0.7855200046266205
feat_gbm,0.25,45,58,-3.0824582095318664,-2.837973637743256
feat_gbm,0.25,45,59,-0.06799688669877776,0.3653424354755994
feat_gbm,0.25,45,60,-2.746004971598143,-3.145987746693799
feat_gbm,0.25,45,61,-2.7776156747468193,-2.1381844357326614
feat_gbm,0.25,45,62,0.5303253737007784,0.3908315550690521
feat_gbm,0.25,45,63,-3.004417997336736,-3.259739876316779
feat_gbm,0.25,45,64,-2.6280807720720754,-3.799325775609258
feat_gbm,0.25,45,65,0.5110598405841246,0.2842997557356093
feat_gbm,0.25,45,66,0.7059424519219328,0.9099380077885143
feat_gbm,0.25,45,67,0.4517360311272654,0.5741223235018287
feat_gbm,0.25,45,68,1.2995446210323094,1.3807263582335993
feat_gbm,0.25,45,69,0.7508991089508443,2.7357387204405055
feat_gbm,0.25,45,70,-0.08154168298608716,-0.3782017485149665
feat_gbm,0.25,45,71,-0.44189052184881106,-0.6946521973220513
feat_gbm,0.25,45,72,-3.3737331342374177,-3.510295151868067
feat_gbm,0.25,45,73,-0.5871130680243432,-0.3643686170400702
feat_gbm,0.25,45,74,0.6628842831552652,1.1835884152793859
feat_gbm,0.25,45,75,-0.05918061864797118,-0.38644824542838596
feat_gbm,0.25,45,76,0.8776086111961403,0.7005004452467647
feat_gbm,0.25,45,77,0.4859253858077698,0.3770911051312199
feat_gbm,0.25,45,78,-0.4177110140948993,-0.5374783823521183
feat_gbm,0.25,45,79,-2.7909091124316454,-3.2499450611549854
feat_gbm,0.25,45,80,-1.8429631159304725,-1.719925172279684
feat_gbm,0.25,45,81,0.41677942534063994,1.8185710395242058
feat_gbm,0.25,45,82,-1.2164117120035232,-1.0758778979961314
feat_gbm,0.25,45,83,-0.5123386891407558,-0.8033140510569362
feat_gbm,0.25,45,84,-2.0104072349443936,-2.0837035815006346
feat_gbm,0.25,45,85,-2.2243676749974988,-1.2430797823904942
feat_gbm,0.25,45,86,0.7913422930638857,0.639317965424242
feat_gbm,0.25,45,87,0.1549646713951034,-0.02321591952008587
feat_gbm,0.25,45,88,-2.8988693171645483,-3.512086916650174
feat_gbm,0.25,45,89,-1.8572586885537778,-1.684363733317816
feat_gbm,0.25,45,90,-3.3467149867704995,-3.5341996208099964
feat_gbm,0.25,45,91,0.7731549396421711,1.1574629997660548
feat_gbm,0.25,45,92,-1.030021799637284,-0.7651863719989663
feat_gbm,0.25,45,93,-2.82941244690337,-5.7708125015304885
feat_gbm,0.25,45,94,0.11789166850861522,0.07374698385127064
feat_gbm,0.25,45,95,0.5730428785757362,1.201566413592891
feat_gbm,0.25,45,96,1.8179619572702401,1.2655480006709303
feat_gbm,0.25,45,97,-3.18010272876605,-3.2217777708537843
feat_gbm,0.25,45,98,-1.0875448987903171,-1.2120387208328698
feat_gbm,0.25,45,99,-0.24551456600524382,-0.04015373686183237
feat_gbm,0.25,45,100,-2.285481583374684,-2.8384481914339785
feat_gbm,0.25,45,101,-3.301062928826422,-3.541068619782685
feat_gbm,0.25,45,102,-3.713100480853772,-4.424727465058162
feat_gbm,0.25,45,103,-0.4497701169943997,-0.7652009130347144
feat_gbm,0.25,45,104,-0.10329568211386449,-0.406664655497914
feat_gbm,0.25,45,105,-2.6104023955343347,-2.8019031633754246
feat_gbm,0.25,45,106,-1.1094529909981425,-1.1978192780958505
feat_gbm,0.25,45,107,-1.1018109622265069,-1.2497822804421463
feat_gbm,0.25,45,108,-0.033245364622795474,-0.2003702404752673
feat_gbm,0.25,45,109,-0.654865483509062,-0.28745536208379296
feat_gbm,0.25,45,110,0.24678236449361216,0.2838469771831524
feat_gbm,0.25,45,111,0.4430546911421922,0.6579850926301614
feat_gbm,0.25,45,112,0.031075926561721704,-0.4279263804064609
feat_gbm,0.25,45,113,0.5968871374369799,0.527327823801956
feat_gbm,0.25,45,114,-3.26412828142846,-3.652947895428966
feat_gbm,0.25,45,115,-0.10012826016525918,-0.04287987221360797
feat_gbm,0.25,45,116,-3.082033937845628,-3.4409421360670214
feat_gbm,0.25,45,117,-3.1167337597694087,-2.4284095097884006
feat_gbm,0.25,45,118,-1.786189229901395,-1.419217075367618
feat_gbm,0.25,45,119,-1.3061710718293569,-1.4944271796191557
feat_gbm,0.25,45,120,-2.935493119003652,-2.797137626437216
feat_gbm,0.25,45,121,1.656071144345745,3.1321125804877905
feat_gbm,0.25,45,122,-1.9981292831434683,-3.164895556438051
feat_gbm,0.25,45,123,0.13297047576171475,-0.021234684620174846
feat_gbm,0.25,45,124,-1.387295756006951,-1.246001114532972
feat_gbm,0.25,45,125,-2.7515307699782117,-2.7130193085566443
feat_gbm,0.25,45,126,-1.6546511604378151,-2.0560780011130944
feat_gbm,0.25,45,127,-1.9624252827337147,-1.631222331554067
feat_gbm,0.25,45,128,-2.6750048249753817,-3.477307725783656
feat_gbm,0.25,45,129,0.7255726552221854,1.7007542891568868
feat_gbm,0.25,45,130,-2.6610897839343957,-3.4021624962570822
feat_gbm,0.25,45,131,-3.4594831105690242,-3.701149444421242
feat_gbm,0.25,45,132,-0.4244578721829255,-0.4116741376471012
feat_gbm,0.25,45,133,-0.27786070103196475,-0.5680375850475197
feat_gbm,0.25,45,134,-2.103143315671673,-1.4788189923590598
feat_gbm,0.25,45,135,-2.693603353832435,-2.9896549957503007
feat_gbm,0.25,45,136,0.5001088995730996,0.11194117436713467
feat_gbm,0.25,45,137,1.0833315305646158,1.7147062893715772
feat_gbm,0.25,45,138,-2.600845329489151,-1.9709125209383296
feat_gbm,0.25,45,139,-0.1813260771483146,0.19937477723826902
feat_gbm,0.25,45,140,-2.3853962617841717,-2.8223726616431475
feat_gbm,0.25,45,141,-0.24212787098850752,-0.12380828599000025
feat_gbm,0.25,45,142,-2.676286437224773,-2.97521232911642
feat_gbm,0.25,45,143,-1.6248252141601731,-1.9484557479617686
feat_gbm,0.25,45,144,0.5288671978641667,1.244093655886106
feat_gbm,0.25,45,145,-1.9752356433565128,-2.0280859266176816
feat_gbm,0.25,45,146,-2.541328172499975,-2.0754073031653366
feat_gbm,0.25,45,147,-0.217611627853502,-0.11331641159387335
feat_gbm,0.25,45,148,-2.637412758508301,-2.620298039600635
feat_gbm,0.25,45,149,-2.918605579255556,-3.8395532227602396
feat_gbm,0.25,45,150,-1.326397684793845,-2.149698272240366
feat_gbm,0.25,45,151,-2.9280037112986057,-3.1594376779318036
feat_gbm,0.25,45,152,-2.4748885944055123,-2.7712141114581046
feat_gbm,0.25,45,153,-1.3427235990457775,-1.1483368403810985
feat_gbm,0.25,45,154,-1.384855230162449,-1.4700676700115773
feat_gbm,0.25,45,155,1.224617936995196,1.4088416749712322
feat_gbm,0.25,45,156,0.4693489637342376,0.7564704220494097
feat_gbm,0.25,45,157,-1.6347376383229948,-1.7148995557963913
feat_gbm,0.25,45,158,-1.3302093119572098,-2.8595355115547196
feat_gbm,0.25,45,159,-1.0712815210794078,-0.9922400520728849
feat_gbm,0.25,45,160,2.145793270728017,1.8585227307534937
feat_gbm,0.25,45,161,-2.4415412364416644,-2.477654537850602
feat_gbm,0.25,45,162,-3.2319520935103827,-2.993764039868935
feat_gbm,0.25,45,163,-0.9630603346642298,-1.1722671160336509
feat_gbm,0.25,45,164,-1.9889778719992168,-1.6577576086204497
feat_gbm,0.25,45,165,-2.3235541851315653,-2.9770186999323642
feat_gbm,0.25,45,166,-3.178624684034497,-3.2329952824425443
feat_gbm,0.25,45,167,-0.05366625275342172,0.19550508612775644
feat_gbm,0.25,45,168,-1.1296252081712732,-1.2639642813248737
feat_gbm,0.25,45,169,1.1777587133101142,1.4224064134580066
feat_gbm,0.25,45,170,-1.438920619040389,-1.5303724784706008
feat_gbm,0.25,45,171,0.6528936934018651,0.6086346650572224
feat_gbm,0.25,45,172,0.22240465541647345,-0.052232489626048526
feat_gbm,0.25,45,173,-0.1928157628446957,-0.19074605880313256
feat_gbm,0.25,45,174,-3.324258570255799,-2.7678232596734214
feat_gbm,0.25,45,175,-1.947087521842982,-1.6557092188829319
feat_gbm,0.25,45,176,0.00672741523266724,0.12081831439914445
feat_gbm,0.25,45,177,0.9025785373267889,3.7031714993021168
feat_gbm,0.25,45,178,-0.09080755282076103,-0.17761292562564054
feat_gbm,0.25,45,179,0.13636697973865608,0.2295122735959306
feat_gbm,0.25,45,180,-1.1670531206962513,-1.6401012725318311
feat_gbm,0.25,45,181,-2.378507274150703,-3.399461101549646
feat_gbm,0.25,45,182,0.46235528094846123,0.5421608664871393
feat_gbm,0.25,45,183,-2.9394882514094993,-3.7858185839721776
feat_gbm,0.25,45,184,0.4315984124974936,0.4440956773301304
feat_gbm,0.25,45,185,0.31852730538080165,0.5450962365111649
feat_gbm,0.25,45,186,-2.919492443448704,-3.094441269353033
feat_gbm,0.25,45,187,0.9562775626480414,1.436275522654785
feat_gbm,0.25,45,188,0.16247462914297522,-0.003208414280501246
feat_gbm,0.25,45,189,-1.825575649877285,-2.0766448721687736
feat_gbm,0.25,45,190,-3.110022843239378,-2.887011097372245
feat_gbm,0.25,45,191,-0.14128918794319542,-0.19564387773269687
feat_gbm,0.25,45,192,-2.8373770517097694,-3.39219136175158
feat_gbm,0.25,45,193,-3.95683039980586,-4.804455114758695
feat_gbm,0.25,45,194,-0.00935602859966288,-0.23230879418151415
feat_gbm,0.25,45,195,1.0465363586801801,0.7768952289284052
feat_gbm,0.25,45,196,-3.0134859456825374,-3.0758975731441707
feat_gbm,0.25,45,197,1.9398524338139609,1.8852948766094535
feat_gbm,0.25,45,198,0.09316571678240373,-0.07474663349946693
feat_gbm,0.25,45,199,1.4966522508302817,0.9295509098669842
feat_gbm,0.25,45,200,-0.2121396214860016,0.40408761039079466
feat_gbm,0.25,45,201,-1.3242058956670761,-1.0185563947000995
feat_gbm,0.25,45,202,-1.3349424789159037,-1.5812541435625456
feat_gbm,0.25,45,203,-2.431978066588748,-2.9269603411540346
feat_gbm,0.25,45,204,-0.3885264691747348,-0.9368237022381455
feat_gbm,0.25,45,205,-0.7467937222234323,-0.771906247259438
feat_gbm,0.25,45,206,-1.4929749859860937,-1.4457766532498904
feat_gbm,0.25,45,207,-2.425165269537322,-2.4752738768021185
feat_gbm,0.25,45,208,-3.7330291561950104,-2.8789590131308262
feat_gbm,0.25,45,209,-3.1019222537342133,-2.6986856152036793
feat_gbm,0.25,45,210,0.16270736221062096,0.05837096406180189
feat_gbm,0.25,45,211,-2.152963156850044,-2.2327070274631113
feat_gbm,0.25,45,212,-0.020081651369813738,0.15758807445032513
feat_gbm,0.25,45,213,0.7678299012340583,0.5234750924970406
feat_gbm,0.25,45,214,0.7330347673599009,0.8312555987922697
feat_gbm,0.25,45,215,-0.6531937488837092,-0.7699972654610447
feat_gbm,0.25,45,216,-2.0386780753827716,-2.4368834827463726
feat_gbm,0.25,45,217,-3.402452588826717,-3.7421886443248944
feat_gbm,0.25,45,218,-3.5058870910943996,-4.3753265313120195
feat_gbm,0.25,45,219,-0.07823067335868987,0.13181597567614448
feat_gbm,0.25,45,220,-2.434723151969838,-2.150299196146146
feat_gbm,0.25,45,221,0.33856740306993294,0.4316281043505307
feat_gbm,0.25,45,222,0.5757602006699304,0.20581216265343685
feat_gbm,0.25,45,223,-1.330885868152517,-1.7226779576420432
feat_gbm,0.25,45,224,0.9206555199077261,1.0701061526100661
feat_gbm,0.25,45,225,-3.0922829124350732,-2.995983076644188
feat_gbm,0.25,45,226,-0.3044539335041024,-0.39103048890459524
feat_gbm,0.25,45,227,-2.0884677988482307,-2.811377433191803
feat_gbm,0.25,45,228,0.15638750994644995,0.1103569248772952
feat_gbm,0.25,45,229,0.8278423021506304,1.0926797996732165
feat_gbm,0.25,45,230,-1.5570361466230038,-1.1465469989616057
feat_gbm,0.25,45,231,-3.3023737116401906,-3.7045714701961474
feat_gbm,0.25,45,232,-0.08369682373875512,-0.3205795311611984
feat_gbm,0.25,45,233,-0.5088698048263124,-0.7282288274356463
feat_gbm,0.25,45,234,-0.4803835392698027,-0.6143938277881194
feat_gbm,0.25,45,235,-3.7732587927322916,-3.717493513170671
feat_gbm,0.25,45,236,-1.6997052579081071,-1.894186438607053
feat_gbm,0.25,45,237,0.2560895036907987,0.19101892391720615
feat_gbm,0.25,45,238,-2.490346118161371,-2.723653519266766
feat_gbm,0.25,45,239,0.32727424669606897,0.28172679866345784
feat_gbm,0.25,45,240,-0.9158515468397704,-0.570916259780521
feat_gbm,0.25,45,241,-1.2051989293538756,-3.037607674189957
feat_gbm,0.25,45,242,-2.838172409863736,-2.4824067099880884
feat_gbm,0.25,45,243,1.0603715602853692,1.793244191067856
feat_gbm,0.25,45,244,-2.5893585857929633,-2.170563194223024
feat_gbm,0.25,45,245,-3.1192102447697616,-2.5580286375581696
feat_gbm,0.25,45,246,-2.7215140057903007,-3.9013363177662743
feat_gbm,0.25,45,247,-1.0869391431320683,-1.2689211715035387
feat_gbm,0.25,45,248,-2.925779607527029,-2.89795980370705
feat_gbm,0.25,45,249,-0.41832142023723295,-1.149470325468549
feat_gbm,0.25,45,250,-1.9873007742336224,-2.1803876537888693
feat_gbm,0.25,45,251,-1.4971950493307944,-1.2010659028736028
feat_gbm,0.25,45,252,-2.5095577190576726,-2.675840590612525
feat_gbm,0.25,45,253,-1.4918766548385263,-0.865421424414132
feat_gbm,0.25,45,254,-0.46969731548340643,-0.45089388998719687
feat_gbm,0.25,45,255,-1.5153558999163428,-1.477655138121315
feat_gbm,0.25,45,256,-1.832848699650319,-1.9234128661936198
feat_gbm,0.25,45,257,-1.6724705690580548,-0.8895479413744646
feat_gbm,0.25,45,258,-1.2353063343424278,-1.284701881398344
feat_gbm,0.25,45,259,0.0931242938926136,0.03791276039075724
feat_gbm,0.25,45,260,-0.8919744906632314,-1.213907680807544
feat_gbm,0.25,45,261,-0.32505053988856847,-0.6937064881158975
feat_gbm,0.25,45,262,-2.7904252188672607,-2.500344974429108
feat_gbm,0.25,45,263,-3.1787208749377536,-3.0782877743164985
feat_gbm,0.25,45,264,-3.1465106014815674,-3.2702790535172426
feat_gbm,0.25,45,265,-0.2516532717836616,-0.15746453031192983
feat_gbm,0.25,45,266,-2.2952815293349533,-1.3930653126164372
feat_gbm,0.25,45,267,-3.336680175391377,-3.460520174484755
feat_gbm,0.25,45,268,-1.9357236000904514,-1.8115923421665279
feat_gbm,0.25,45,269,0.28437244324463606,-0.04785951915829837
feat_gbm,0.25,45,270,-1.301986096316274,-1.3387838926701625
feat_gbm,0.25,45,271,0.8334311373576988,0.6172482925771328
feat_gbm,0.25,45,272,-0.1051502056889851,0.10718580269537517
feat_gbm,0.25,45,273,-2.430922912985623,-2.4250613993713395
feat_gbm,0.25,45,274,-0.14206801178895379,-0.4656136934058211
feat_gbm,0.25,45,275,-2.184840773584829,-1.7679071058666047
feat_gbm,0.25,45,276,-0.3584408985700381,-0.15192249005847586
feat_gbm,0.25,45,277,-0.05269483931033966,-0.22686658439221394
feat_gbm,0.25,45,278,-0.37158434505729254,-0.3963273628232521
feat_gbm,0.25,45,279,-2.0684808758171775,-2.1916982233579314
feat_gbm,0.25,45,280,0.3733186724533493,0.5138857123822332
feat_gbm,0.25,45,281,0.19250295843286205,0.13501120436460418
feat_gbm,0.25,45,282,-0.14414295427741775,-0.35232291748203215
feat_gbm,0.25,45,283,0.41577847692464304,0.33710059568630363
feat_gbm,0.25,45,284,2.3318998558514834,2.2269494594330284
feat_gbm,0.25,45,285,-0.49356592450405523,-0.8523290277873723
feat_gbm,0.25,45,286,0.3943321545571534,0.5032694866056324
feat_gbm,0.25,45,287,-2.946582804585013,-3.0734310124071125
feat_gbm,0.25,45,288,-2.802276668530297,-3.0969464995649485
feat_gbm,0.25,45,289,0.8908808693033538,0.8088909840914691
feat_gbm,0.25,45,290,-1.3591993932647695,-1.710735902712342
feat_gbm,0.25,45,291,0.1295081348407219,-0.24588513525180683
feat_gbm,0.25,45,292,-3.1229302835267787,-2.9910915714149957
feat_gbm,0.25,45,293,-0.07423243891123152,0.24397961438558982
feat_gbm,0.25,45,294,1.0656034195568962,0.9827222917401395
feat_gbm,0.25,45,295,1.05856206280068,1.5399914318848642
feat_gbm,0.25,45,296,-2.337977009706053,-3.028104854063688
feat_gbm,0.25,45,297,-1.231205380566042,-1.9675880903276046
feat_gbm,0.25,45,298,0.41513371131764254,0.3882116190950413
feat_gbm,0.25,45,299,-0.3003982762443115,-0.4169590587595381
feat_gbm,0.25,45,300,-0.44829207733369175,-0.47104701624968015
feat_gbm,0.25,45,301,-0.4791530633683425,-0.5788171023402015
feat_gbm,0.25,45,302,-3.1163614717096095,-3.325334912618423
feat_gbm,0.25,45,303,0.1489021591185117,0.27214776974989446
feat_gbm,0.25,45,304,0.47977144970092467,0.2838761456734127
feat_gbm,0.25,45,305,0.8020341102739504,0.98356576927226
feat_gbm,0.25,45,306,-2.100583910924903,-2.324804251846344
feat_gbm,0.25,45,307,-0.18475190729474256,-0.30060412365222405
feat_gbm,0.25,45,308,-3.3135950009770094,-3.5706943269006843
feat_gbm,0.25,45,309,0.7906314107570993,0.7657986236992217
feat_gbm,0.25,45,310,-0.10759262124738592,-0.3760212383278314
feat_gbm,0.25,45,311,0.77249707978023,0.903367601886353
feat_gbm,0.25,45,312,0.4690700917047483,0.2834145554969618
feat_gbm,0.25,45,313,-0.3512246421223114,-0.8750381269167363
feat_gbm,0.25,45,314,-0.7457500278394061,-0.8911054934067958
feat_gbm,0.25,45,315,0.535973516983062,0.2699623908229132
feat_gbm,0.25,45,316,-3.411634797830375,-4.034449774534175
feat_gbm,0.25,45,317,0.605890244675398,0.7302045063515665
feat_gbm,0.25,45,318,-2.4927728829147773,-2.5264159394565007
feat_gbm,0.25,45,319,-3.1383363401756244,-3.1280680478747835
feat_gbm,0.25,45,320,-0.20438925633147015,-0.623194388118803
feat_gbm,0.25,45,321,-3.7030052551864117,-4.172922463867305
feat_gbm,0.25,45,322,1.2487873285863902,1.0714029341973417
feat_gbm,0.25,45,323,-2.787505942154928,-2.5538050374755565
feat_gbm,0.25,45,324,-1.3043481900088705,-1.5310020975326282
feat_gbm,0.25,45,325,-0.6233230852147449,-0.735749980772127
feat_gbm,0.25,45,326,-0.48240068847760464,-0.5010306012352705
feat_gbm,0.25,45,327,-3.938095326695223,-4.393123087746285
feat_gbm,0.25,45,328,0.36418379972484205,0.6439364857563509
feat_gbm,0.25,45,329,-2.5301436304966813,-2.60760252445046
feat_gbm,0.25,45,330,0.6562953458909864,0.46983427811083467
feat_gbm,0.25,45,331,-1.4681182651978897,-1.149354435920189
feat_gbm,0.25,45,332,-1.4788358708068414,-1.0961264399974935
feat_gbm,0.25,45,333,1.0536057124704776,1.4253561556633074
feat_gbm,0.25,45,334,1.1988848696518737,1.0406546288822482
feat_gbm,0.25,45,335,-0.2657878835416779,-0.1286217558512718
feat_gbm,0.25,45,336,-1.7881684263664515,-1.7275974260064488
feat_gbm,0.25,45,337,-4.0763307687051284,-4.535227665039715
feat_gbm,0.25,45,338,-0.4265863861811108,-1.078833843619319
feat_gbm,0.25,45,339,-2.5728288825679644,-2.035297396751524
feat_gbm,0.25,45,340,0.4689479765968979,0.4788286932125707
feat_gbm,0.25,45,341,-1.24541978304887,-0.4595082096564039
feat_gbm,0.25,45,342,-3.3086623004673377,-3.653430804591794
feat_gbm,0.25,45,343,0.4654598617496647,0.2834522663037432
feat_gbm,0.25,45,344,0.05582621951836049,-0.15984972455285287
feat_gbm,0.25,45,345,-2.5855432700355006,-3.8822970119574354
feat_gbm,0.25,45,346,-2.7180800141476364,-2.5801989990218064
feat_gbm,0.25,45,347,-3.305247729666336,-3.2622630695286134
feat_gbm,0.25,45,348,-0.293842866935093,-0.4894561152880944
feat_gbm,0.25,45,349,-2.888809947750726,-3.0223552414624764
feat_gbm,0.25,45,350,0.493807069090993,0.4215072765335228
feat_gbm,0.25,45,351,-1.684612355947079,-1.8152752103400673
feat_gbm,0.25,45,352,0.6665269062185789,1.102263670511441
feat_gbm,0.25,45,353,0.8177099131457443,1.4454852001466738
feat_gbm,0.25,45,354,-3.389534538988944,-3.6770060333191017
feat_gbm,0.25,45,355,-4.018547626215596,-5.078652858832153
feat_gbm,0.25,45,356,0.6632204802546393,0.7815322159665122
feat_gbm,0.25,45,357,0.8101582108910098,0.6775133790495483
feat_gbm,0.25,45,358,-3.103273251247504,-3.5163570325540956
feat_gbm,0.25,45,359,-1.0655552402042727,-4.157760523739404
feat_gbm,0.25,45,360,-0.3004935457369144,-0.18386357284099003
feat_gbm,0.25,45,361,-3.592990841738119,-4.477383009144865
feat_gbm,0.25,45,362,0.6152551506438475,0.2909126951240761
feat_gbm,0.25,45,363,-2.957952288168371,-3.5121531596302606
feat_gbm,0.25,45,364,-0.11404283733135682,-0.0019354464452207268
feat_gbm,0.25,45,365,-3.357270485871445,-3.264666087597375
feat_gbm,0.25,45,366,-2.1204414616291083,-1.4961090632143375
feat_gbm,0.25,45,367,0.006965862909335659,-0.10305907560987346
feat_gbm,0.25,45,368,0.21825807705037326,0.24601275195113992
feat_gbm,0.25,45,369,-1.34856511638296,-1.6400355118163064
feat_gbm,0.25,45,370,-1.89895884289469,-1.5399226532969161
feat_gbm,0.25,45,371,-0.2684182830925558,-0.3336387161155974
feat_gbm,0.25,45,372,0.4057249936060559,0.3185760540422761
feat_gbm,0.25,45,373,-0.1723617702154035,-0.30756424411789
feat_gbm,0.25,45,374,-3.4576269395776436,-3.551435429619069
feat_gbm,0.25,45,375,-0.11554988736944141,-0.12846918127015178
feat_gbm,0.25,45,376,0.5223929567253506,0.43413099611324796
feat_gbm,0.25,45,377,0.6067758731528147,0.8095384731463161
feat_gbm,0.25,45,378,0.23786778560545271,0.20303525329731625
feat_gbm,0.25,45,379,0.40316121508573144,0.524784145223057
feat_gbm,0.25,45,380,0.6784033206821838,0.8722609808312535
feat_gbm,0.25,45,381,0.6272239104687287,1.0190202163897197
feat_gbm,0.25,45,382,0.7116169340865184,1.2715191268303472
feat_gbm,0.25,45,383,-0.03511147586288172,-0.13923746667536385
feat_gbm,0.25,45,384,-0.9019223459723923,-1.7983983483294153
feat_gbm,0.25,45,385,0.8572123386068089,0.5606037150840157
feat_gbm,0.25,45,386,0.5860152777912083,0.6003456151224621
feat_gbm,0.25,45,387,1.3864424966202151,1.3071718981356573
feat_gbm,0.25,45,388,0.03008553701104008,-0.19457283568776126
feat_gbm,0.25,45,389,-1.4457518156120626,-0.981880356960367
feat_gbm,0.25,45,390,-2.8989479923940022,-2.628024059072158
feat_gbm,0.25,45,391,-2.373343921457685,-2.479262758098376
feat_gbm,0.25,45,392,-2.098609672172331,-2.207941629114672
feat_gbm,0.25,45,393,-2.6709036734959404,-2.806586620215901
feat_gbm,0.25,45,394,-0.07403589275738019,-0.16842623590390868
feat_gbm,0.25,45,395,0.0932065180259786,0.3596423409999632
feat_gbm,0.25,45,396,-3.0081262638608917,-3.117667066362407
feat_gbm,0.25,45,397,0.724447467807362,0.6134086288650079
feat_gbm,0.25,45,398,0.6067778214207569,0.5049020087080688
feat_gbm,0.25,45,399,-1.0450918622122598,-1.0548605918119196
feat_gbm,0.25,45,400,-3.1292206489153327,-2.877676775828332
feat_gbm,0.25,45,401,0.16628576353416022,0.015654415635624343
feat_gbm,0.25,45,402,-0.5473054989712358,-0.7027824676465185
feat_gbm,0.25,45,403,0.3984390923333324,0.6733427913489138
feat_gbm,0.25,45,404,0.37752642043078094,0.03259550049258387
feat_gbm,0.25,45,405,-3.201305231608607,-3.4179416205706223
feat_gbm,0.25,45,406,-1.9901175327903324,-1.6563158072976616
feat_gbm,0.25,45,407,0.460138506157247,0.3281041495218151
feat_gbm,0.25,45,408,-1.070240993166234,-1.498502430121411
feat_gbm,0.25,45,409,-1.1145246706152496,-1.5390850133499359
feat_gbm,0.25,45,410,-2.428937370499598,-3.8769914364338094
feat_gbm,0.25,45,411,-0.8297737098813066,-1.1093409530974205
feat_gbm,0.25,45,412,-2.4568714296845324,-2.1356441225652167
feat_gbm,0.25,45,413,0.41894768391157344,0.5613925387002681
feat_gbm,0.25,45,414,-2.5442942151087786,-2.672303525149137
feat_gbm,0.25,45,415,0.9522102549609178,0.9887747910888531
feat_gbm,0.25,45,416,-2.9068483577844453,-2.064740642123073
feat_gbm,0.25,45,417,-0.07752655640160068,-0.13534283366780814
feat_gbm,0.25,45,418,-0.30729275182053245,0.5266566940316069
feat_gbm,0.25,45,419,-0.5638854465226031,-0.7929716308762645
feat_gbm,0.25,45,420,0.21289913064249533,0.22081989653443584
feat_gbm,0.25,45,421,-3.625716371612685,-3.4911396429773087
feat_gbm,0.25,45,422,-0.16472667155247744,0.4691563032653497
feat_gbm,0.25,45,423,-0.08318336093225762,-0.21242164749251408
feat_gbm,0.25,45,424,-3.3829007662323742,-2.0235730224261497
feat_gbm,0.25,45,425,-0.3203396278093812,0.1881042769243711
feat_gbm,0.25,45,426,-0.8017356769183765,-0.7546830882020855
feat_gbm,0.25,45,427,-1.3423520872837116,-2.004418163271322
feat_gbm,0.25,45,428,0.053988311463719754,0.08108350485015015
feat_gbm,0.25,45,429,-1.4457455996610422,-0.8958783842144782
feat_gbm,0.25,45,430,-1.0675034295776902,-0.700178367515834
feat_gbm,0.25,45,431,-1.8008087118198726,-2.026447754843476
feat_gbm,0.25,45,432,-3.22286814595135,-3.3644112924118934
feat_gbm,0.25,45,433,-2.557157801263395,-2.4777804975332844
feat_gbm,0.25,45,434,-3.708796018516778,-3.6407879329147783
feat_gbm,0.25,45,435,0.3800805055274312,0.8140524350977956
feat_gbm,0.25,45,436,-0.1979895039994832,-0.6342245759550225
feat_gbm,0.25,45,437,-0.3703045729525786,-1.0170271575608654
feat_gbm,0.25,45,438,0.6368787497613834,1.2058566336630974
feat_gbm,0.25,45,439,1.2161294823963829,1.04159183954478
feat_gbm,0.25,45,440,-0.3927122111262731,-0.383754051292973
feat_gbm,0.25,45,441,0.9885112233818405,0.9717849563735496
feat_gbm,0.25,45,442,0.9130631009576119,0.915394257773604
feat_gbm,0.25,45,443,-0.05005464040977698,0.17619398118278368
feat_gbm,0.25,45,444,-2.698466722480688,-2.3026142847949007
feat_gbm,0.25,45,445,-0.503154169119547,-2.156995715227189
feat_gbm,0.25,45,446,-2.0172164484987887,-1.9647154613855007
feat_gbm,0.25,45,447,-1.2584773120724193,-1.2167428909736953
feat_gbm,0.25,45,448,-0.3408429107558893,0.371748058948411
feat_gbm,0.25,45,449,-3.095084903164204,-3.354914600670279
feat_gbm,0.25,45,450,-1.6419081409072738,-2.0984010901330774
feat_gbm,0.25,45,451,-1.754903034886312,-1.8411195968283314
feat_gbm,0.25,45,452,-0.1307128681186825,-0.2866386615093297
feat_gbm,0.25,45,453,-1.7946295127050151,-2.1769502099219324
feat_gbm,0.25,45,454,0.22855017302130134,0.851829112076475
feat_gbm,0.25,45,455,-0.07372297278497844,-0.5174982843777256
feat_gbm,0.25,45,456,-3.2765272152474108,-3.7883351795095335
feat_gbm,0.25,45,457,-1.8495263842106433,-1.3225504843777425
feat_gbm,0.25,45,458,-0.10195025455872363,-0.6304710111145473
feat_gbm,0.25,45,459,-2.674591188077255,-2.867776928577639
feat_gbm,0.25,45,460,-0.09300556335271964,-0.20106453453544149
feat_gbm,0.25,45,461,0.8998230781589212,0.565413433251147
feat_gbm,0.25,45,462,0.3655853645811345,0.6531860801292728
feat_gbm,0.25,45,463,-3.148063158950568,-3.295531334571209
feat_gbm,0.25,45,464,-0.7998956107368753,-1.118951529136503
feat_gbm,0.25,45,465,0.08474984599718598,0.08535922256033004
feat_gbm,0.25,45,466,0.15507663564130664,0.2656879386171551
feat_gbm,0.25,45,467,-1.0488590666952182,-1.0764680911985907
feat_gbm,0.25,45,468,2.4372886270003558,2.2503813782282114
feat_gbm,0.25,45,469,0.1834273721094957,-0.029700274932011248
feat_gbm,0.25,45,470,-2.197146348616032,-2.1918010579584375
feat_gbm,0.25,45,471,0.11161656967961232,-0.12537364897776127
feat_gbm,0.25,45,472,-1.4842561282022526,-1.3714574409892777
feat_gbm,0.25,45,473,-0.8513913277202578,-1.0216450817816245
feat_gbm,0.25,45,474,-0.41688306620758275,-0.8313233833759152
feat_gbm,0.25,45,475,-2.8664487195846653,-3.25243582884057
feat_gbm,0.25,45,476,0.7439121605683133,0.8737365575305754
feat_gbm,0.25,45,477,-2.1184729077645903,-1.8373017486027088
feat_gbm,0.25,45,478,-1.792414231014696,-1.909749317133085
feat_gbm,0.25,45,479,0.46025090529207163,0.418341725137149
feat_gbm,0.25,45,480,-2.8921671479526827,-2.8689304810445995
feat_gbm,0.25,45,481,-3.190923818826329,-3.9192950012633494
feat_gbm,0.25,45,482,0.6116075562543788,0.8191907452202399
feat_gbm,0.25,45,483,-2.138456405853101,-2.7371748494528005
feat_gbm,0.25,45,484,-0.1748902101481417,0.043868991079412875
feat_gbm,0.25,45,485,-2.5327898043759407,-3.9571024828402512
feat_gbm,0.25,45,486,-0.8661009247795443,-0.8286091055291892
feat_gbm,0.25,45,487,1.1479213514939528,1.1086460137612473
feat_gbm,0.25,45,488,-0.6455519635315482,-1.0899995989348372
feat_gbm,0.25,45,489,-2.5913123724334763,-2.9260181182274523
feat_gbm,0.25,45,490,0.048119933557605445,0.01778898425240747
feat_gbm,0.25,45,491,-0.2788295207744593,-0.388546054063584
feat_gbm,0.25,45,492,-0.5602671480802488,-0.8483910406321095
feat_gbm,0.25,45,493,-2.5096341419528905,-2.4855190663855797
feat_gbm,0.25,45,494,-0.3224008134846166,-0.6027729178489412
feat_gbm,0.25,45,495,-1.8817305800083264,-1.5285925057254015
feat_gbm,0.25,45,496,0.7151446340946677,1.0092174422839322
feat_gbm,0.25,45,497,-2.499825437267107,-2.421052301727873
feat_gbm,0.25,45,498,-2.7762395162789995,-3.2283141264699093
feat_gbm,0.25,45,499,-3.6846309009434135,-4.907212199848568
feat_gbm,0.25,46,0,-0.23778456001737225,0.03894909458183669
feat_gbm,0.25,46,1,-2.1934663582500686,-2.5052564746229193
feat_gbm,0.25,46,2,0.6628100818143664,0.6287827851917782
feat_gbm,0.25,46,3,-3.850375550105193,-3.3447289283878643
feat_gbm,0.25,46,4,0.8163676673331446,0.9694015026406426
feat_gbm,0.25,46,5,-1.9726588314774356,-2.4693709778233526
feat_gbm,0.25,46,6,-0.013216539161427168,-0.2819211013310965
feat_gbm,0.25,46,7,0.827157762040527,0.5289578846490461
feat_gbm,0.25,46,8,0.20835723889752217,0.032863622186365654
feat_gbm,0.25,46,9,1.0642030810183187,0.9352707853930591
feat_gbm,0.25,46,10,-1.5913999173727214,-1.5987558134683666
feat_gbm,0.25,46,11,-3.1971728512333404,-3.2678706438993954
feat_gbm,0.25,46,12,-2.551558465056111,-2.445380546146449
feat_gbm,0.25,46,13,-0.2963882525628525,-0.4471217519653716
feat_gbm,0.25,46,14,-1.4635222852291763,-1.8343062920535937
feat_gbm,0.25,46,15,-2.058359019487325,-2.278287047942225
feat_gbm,0.25,46,16,-0.9485863396630402,-1.113015507562239
feat_gbm,0.25,46,17,-1.583903065487626,-1.149386040828735
feat_gbm,0.25,46,18,-0.1639855962151373,-0.4541092694382234
feat_gbm,0.25,46,19,-2.796438825191939,-2.8798658660471284
feat_gbm,0.25,46,20,-3.089332753934568,-3.281006200299989
feat_gbm,0.25,46,21,-1.0968992105228033,-0.7889402030111288
feat_gbm,0.25,46,22,-0.556853149249221,-0.48114593055133975
feat_gbm,0.25,46,23,-3.357897559330375,-2.8038114998165153
feat_gbm,0.25,46,24,-2.903010344534657,-2.6726430450531393
feat_gbm,0.25,46,25,-3.3039785298466393,-3.141178249464176
feat_gbm,0.25,46,26,-3.5481994896749804,-3.8612362310489847
feat_gbm,0.25,46,27,-3.041682553345691,-3.085821277369337
feat_gbm,0.25,46,28,-3.1920589512037623,-2.1153791712035637
feat_gbm,0.25,46,29,-0.37142419320901693,-0.5854112868629942
feat_gbm,0.25,46,30,0.09753028907959298,0.13849791927417068
feat_gbm,0.25,46,31,-2.6263323032465213,-2.779654184179668
feat_gbm,0.25,46,32,1.481404297692298,0.9166392391011026
feat_gbm,0.25,46,33,-1.916022318892451,-2.134444297962007
feat_gbm,0.25,46,34,1.0386716709787578,1.1224191581864646
feat_gbm,0.25,46,35,-3.31188274514933,-2.7514680837461087
feat_gbm,0.25,46,36,0.6390474824845486,0.7493710802437775
feat_gbm,0.25,46,37,-1.754398516815927,-2.157600461660938
feat_gbm,0.25,46,38,-1.6335224755603137,-1.7436371170468024
feat_gbm,0.25,46,39,0.8957485351669956,0.632388610685479
feat_gbm,0.25,46,40,-1.7155820747555461,-1.5024753827969588
feat_gbm,0.25,46,41,-2.4133515120335893,-2.936018587066778
feat_gbm,0.25,46,42,-0.15481128829378027,-0.06406961406287034
feat_gbm,0.25,46,43,-0.4015349331797774,-0.43711075337934485
feat_gbm,0.25,46,44,0.7975219246188127,0.521724778538647
feat_gbm,0.25,46,45,0.6554920366898827,-0.02881562555915001
feat_gbm,0.25,46,46,-2.4928198966265827,-2.6856700943784895
feat_gbm,0.25,46,47,-2.8914834754144785,-3.3419513202228783
feat_gbm,0.25,46,48,-0.5214008097929135,-0.35240032436669677
feat_gbm,0.25,46,49,-3.7019524148097407,-4.466027560457086
feat_gbm,0.25,46,50,-0.8116729564562344,-1.2227887404747313
feat_gbm,0.25,46,51,-3.7073675103970603,-4.168130875201601
feat_gbm,0.25,46,52,-1.6497403367394399,-2.1825653069440887
feat_gbm,0.25,46,53,-3.062513753120939,-2.816977102698189
feat_gbm,0.25,46,54,-0.41513419020916636,-0.9520374156321785
feat_gbm,0.25,46,55,0.5207977266866605,0.800460094219776
feat_gbm,0.25,46,56,0.16615147136184277,0.2782562560211116
feat_gbm,0.25,46,57,-0.3451327735440108,-0.7855200046266205
feat_gbm,0.25,46,58,-3.105845210309925,-2.837973637743256
feat_gbm,0.25,46,59,-0.09544915698434639,0.3653424354755994
feat_gbm,0.25,46,60,-2.95024912397237,-3.145987746693799
feat_gbm,0.25,46,61,-2.78883397835811,-2.1381844357326614
feat_gbm,0.25,46,62,0.7214950350701621,0.3908315550690521
feat_gbm,0.25,46,63,-2.9531939439625337,-3.259739876316779
feat_gbm,0.25,46,64,-2.9209091870806416,-3.799325775609258
feat_gbm,0.25,46,65,0.451724751823438,0.2842997557356093
feat_gbm,0.25,46,66,0.6144060984820119,0.9099380077885143
feat_gbm,0.25,46,67,0.3979156905883588,0.5741223235018287
feat_gbm,0.25,46,68,1.106980074801861,1.3807263582335993
feat_gbm,0.25,46,69,0.9560690250246514,2.7357387204405055
feat_gbm,0.25,46,70,-0.22467852252062293,-0.3782017485149665
feat_gbm,0.25,46,71,-0.5008389430888349,-0.6946521973220513
feat_gbm,0.25,46,72,-3.353184209782623,-3.510295151868067
feat_gbm,0.25,46,73,-0.500771791096467,-0.3643686170400702
feat_gbm,0.25,46,74,0.8355526111129309,1.1835884152793859
feat_gbm,0.25,46,75,-0.0694636448255287,-0.38644824542838596
feat_gbm,0.25,46,76,0.8710713574178061,0.7005004452467647
feat_gbm,0.25,46,77,0.3069465205671579,0.3770911051312199
feat_gbm,0.25,46,78,-0.36305542510559635,-0.5374783823521183
feat_gbm,0.25,46,79,-2.5714722901577547,-3.2499450611549854
feat_gbm,0.25,46,80,-1.8097610626700242,-1.719925172279684
feat_gbm,0.25,46,81,0.541630765665303,1.8185710395242058
feat_gbm,0.25,46,82,-1.1350771123315402,-1.0758778979961314
feat_gbm,0.25,46,83,-0.8192657954675627,-0.8033140510569362
feat_gbm,0.25,46,84,-2.080257263953488,-2.0837035815006346
feat_gbm,0.25,46,85,-2.280211086766971,-1.2430797823904942
feat_gbm,0.25,46,86,0.7564961281112679,0.639317965424242
feat_gbm,0.25,46,87,0.14050640444519374,-0.02321591952008587
feat_gbm,0.25,46,88,-2.8107201086453784,-3.512086916650174
feat_gbm,0.25,46,89,-1.8382828778010392,-1.684363733317816
feat_gbm,0.25,46,90,-3.425847224745727,-3.5341996208099964
feat_gbm,0.25,46,91,0.9545133259528432,1.1574629997660548
feat_gbm,0.25,46,92,-1.055391648991466,-0.7651863719989663
feat_gbm,0.25,46,93,-2.775674759433536,-5.7708125015304885
feat_gbm,0.25,46,94,0.0062129492889196215,0.07374698385127064
feat_gbm,0.25,46,95,0.7099954458908065,1.201566413592891
feat_gbm,0.25,46,96,1.5983064397977316,1.2655480006709303
feat_gbm,0.25,46,97,-3.0784918745730216,-3.2217777708537843
feat_gbm,0.25,46,98,-1.0771345962385233,-1.2120387208328698
feat_gbm,0.25,46,99,-0.40022324682528077,-0.04015373686183237
feat_gbm,0.25,46,100,-2.4098835013890043,-2.8384481914339785
feat_gbm,0.25,46,101,-3.244662450582335,-3.541068619782685
feat_gbm,0.25,46,102,-3.8463145144185362,-4.424727465058162
feat_gbm,0.25,46,103,-0.5327884503501545,-0.7652009130347144
feat_gbm,0.25,46,104,-0.06473055599914129,-0.406664655497914
feat_gbm,0.25,46,105,-2.3580609628756743,-2.8019031633754246
feat_gbm,0.25,46,106,-1.075907518789502,-1.1978192780958505
feat_gbm,0.25,46,107,-1.2361034362879886,-1.2497822804421463
feat_gbm,0.25,46,108,-0.1028996751653027,-0.2003702404752673
feat_gbm,0.25,46,109,-0.31849156514341587,-0.28745536208379296
feat_gbm,0.25,46,110,0.37737537580707664,0.2838469771831524
feat_gbm,0.25,46,111,0.5719926345475057,0.6579850926301614
feat_gbm,0.25,46,112,0.023316582937753703,-0.4279263804064609
feat_gbm,0.25,46,113,0.6936714078711395,0.527327823801956
feat_gbm,0.25,46,114,-3.2622797510884367,-3.652947895428966
feat_gbm,0.25,46,115,-0.126859116558164,-0.04287987221360797
feat_gbm,0.25,46,116,-3.0795115290041744,-3.4409421360670214
feat_gbm,0.25,46,117,-3.098067962529268,-2.4284095097884006
feat_gbm,0.25,46,118,-1.6159427327158136,-1.419217075367618
feat_gbm,0.25,46,119,-1.306590617498315,-1.4944271796191557
feat_gbm,0.25,46,120,-3.1581010535770395,-2.797137626437216
feat_gbm,0.25,46,121,1.7397352134658153,3.1321125804877905
feat_gbm,0.25,46,122,-2.3924675007974976,-3.164895556438051
feat_gbm,0.25,46,123,0.3614471240471551,-0.021234684620174846
feat_gbm,0.25,46,124,-1.5046703015418426,-1.246001114532972
feat_gbm,0.25,46,125,-2.661752170857155,-2.7130193085566443
feat_gbm,0.25,46,126,-1.4392740318226853,-2.0560780011130944
feat_gbm,0.25,46,127,-2.1203846962617847,-1.631222331554067
feat_gbm,0.25,46,128,-2.808779201412963,-3.477307725783656
feat_gbm,0.25,46,129,0.978071986251988,1.7007542891568868
feat_gbm,0.25,46,130,-2.6052228618854705,-3.4021624962570822
feat_gbm,0.25,46,131,-3.3487289492233034,-3.701149444421242
feat_gbm,0.25,46,132,-0.41077129135211565,-0.4116741376471012
feat_gbm,0.25,46,133,-0.2547096486592096,-0.5680375850475197
feat_gbm,0.25,46,134,-1.993034130031325,-1.4788189923590598
feat_gbm,0.25,46,135,-2.5952870781210162,-2.9896549957503007
feat_gbm,0.25,46,136,0.733096472352835,0.11194117436713467
feat_gbm,0.25,46,137,1.1429461214373662,1.7147062893715772
feat_gbm,0.25,46,138,-2.6159115008984584,-1.9709125209383296
feat_gbm,0.25,46,139,-0.4171334994527958,0.19937477723826902
feat_gbm,0.25,46,140,-2.520712649604653,-2.8223726616431475
feat_gbm,0.25,46,141,-0.16893602025877863,-0.12380828599000025
feat_gbm,0.25,46,142,-2.688489869188666,-2.97521232911642
feat_gbm,0.25,46,143,-1.675964694576243,-1.9484557479617686
feat_gbm,0.25,46,144,0.7574063027921576,1.244093655886106
feat_gbm,0.25,46,145,-2.0924956761155777,-2.0280859266176816
feat_gbm,0.25,46,146,-2.4886622474664017,-2.0754073031653366
feat_gbm,0.25,46,147,-0.23051502028389978,-0.11331641159387335
feat_gbm,0.25,46,148,-3.014370116763317,-2.620298039600635
feat_gbm,0.25,46,149,-3.069827238698812,-3.8395532227602396
feat_gbm,0.25,46,150,-1.4528326489482646,-2.149698272240366
feat_gbm,0.25,46,151,-2.8544681995271697,-3.1594376779318036
feat_gbm,0.25,46,152,-2.6118889676963497,-2.7712141114581046
feat_gbm,0.25,46,153,-1.2375744139388591,-1.1483368403810985
feat_gbm,0.25,46,154,-1.4024615520275674,-1.4700676700115773
feat_gbm,0.25,46,155,1.000424860283338,1.4088416749712322
feat_gbm,0.25,46,156,0.7451304760938071,0.7564704220494097
feat_gbm,0.25,46,157,-1.6119374355550191,-1.7148995557963913
feat_gbm,0.25,46,158,-1.2492069395535654,-2.8595355115547196
feat_gbm,0.25,46,159,-1.115939224056889,-0.9922400520728849
feat_gbm,0.25,46,160,2.235738892056664,1.8585227307534937
feat_gbm,0.25,46,161,-2.3898652289831293,-2.477654537850602
feat_gbm,0.25,46,162,-3.252124871199654,-2.993764039868935
feat_gbm,0.25,46,163,-1.2587413655386115,-1.1722671160336509
feat_gbm,0.25,46,164,-1.8732120417441482,-1.6577576086204497
feat_gbm,0.25,46,165,-2.372363625872264,-2.9770186999323642
feat_gbm,0.25,46,166,-3.235046129062373,-3.2329952824425443
feat_gbm,0.25,46,167,-0.04420786691621417,0.19550508612775644
feat_gbm,0.25,46,168,-1.1722819868343803,-1.2639642813248737
feat_gbm,0.25,46,169,1.3209466997928934,1.4224064134580066
feat_gbm,0.25,46,170,-1.3942000605198792,-1.5303724784706008
feat_gbm,0.25,46,171,0.6963599824359067,0.6086346650572224
feat_gbm,0.25,46,172,-0.048832212355119066,-0.052232489626048526
feat_gbm,0.25,46,173,-0.21223290962737323,-0.19074605880313256
feat_gbm,0.25,46,174,-2.8343593922328782,-2.7678232596734214
feat_gbm,0.25,46,175,-2.0976757926082272,-1.6557092188829319
feat_gbm,0.25,46,176,-0.033950555767391886,0.12081831439914445
feat_gbm,0.25,46,177,1.053691789026121,3.7031714993021168
feat_gbm,0.25,46,178,0.027943884545422085,-0.17761292562564054
feat_gbm,0.25,46,179,0.11132378030541777,0.2295122735959306
feat_gbm,0.25,46,180,-1.222182308284367,-1.6401012725318311
feat_gbm,0.25,46,181,-2.4746045708799054,-3.399461101549646
feat_gbm,0.25,46,182,0.5474333822658346,0.5421608664871393
feat_gbm,0.25,46,183,-3.0392759571788392,-3.7858185839721776
feat_gbm,0.25,46,184,0.5551179956285347,0.4440956773301304
feat_gbm,0.25,46,185,0.25486499772111376,0.5450962365111649
feat_gbm,0.25,46,186,-2.9100415372136723,-3.094441269353033
feat_gbm,0.25,46,187,1.2694256820790717,1.436275522654785
feat_gbm,0.25,46,188,0.06598771144108706,-0.003208414280501246
feat_gbm,0.25,46,189,-1.7174505222868306,-2.0766448721687736
feat_gbm,0.25,46,190,-3.1838609944636582,-2.887011097372245
feat_gbm,0.25,46,191,0.01846170654613714,-0.19564387773269687
feat_gbm,0.25,46,192,-2.627566018532439,-3.39219136175158
feat_gbm,0.25,46,193,-3.9728487795308975,-4.804455114758695
feat_gbm,0.25,46,194,0.19236130337448046,-0.23230879418151415
feat_gbm,0.25,46,195,0.8961028338161753,0.7768952289284052
feat_gbm,0.25,46,196,-2.8932823229178872,-3.0758975731441707
feat_gbm,0.25,46,197,1.817375234646891,1.8852948766094535
feat_gbm,0.25,46,198,0.09038307170852422,-0.07474663349946693
feat_gbm,0.25,46,199,1.3782339046500343,0.9295509098669842
feat_gbm,0.25,46,200,-0.07891366873958573,0.40408761039079466
feat_gbm,0.25,46,201,-1.3263989435818786,-1.0185563947000995
feat_gbm,0.25,46,202,-1.3394759065575865,-1.5812541435625456
feat_gbm,0.25,46,203,-2.5352482397953198,-2.9269603411540346
feat_gbm,0.25,46,204,-0.35273789387240334,-0.9368237022381455
feat_gbm,0.25,46,205,-0.6372527478249367,-0.771906247259438
feat_gbm,0.25,46,206,-1.6451708439780122,-1.4457766532498904
feat_gbm,0.25,46,207,-2.51022388862887,-2.4752738768021185
feat_gbm,0.25,46,208,-3.822855321328464,-2.8789590131308262
feat_gbm,0.25,46,209,-3.0344835730741306,-2.6986856152036793
feat_gbm,0.25,46,210,0.3127103555349808,0.05837096406180189
feat_gbm,0.25,46,211,-2.145611048823694,-2.2327070274631113
feat_gbm,0.25,46,212,-0.06110632684001706,0.15758807445032513
feat_gbm,0.25,46,213,0.9304761278271869,0.5234750924970406
feat_gbm,0.25,46,214,0.8381806885471768,0.8312555987922697
feat_gbm,0.25,46,215,-0.5852053555941144,-0.7699972654610447
feat_gbm,0.25,46,216,-2.2187477417753385,-2.4368834827463726
feat_gbm,0.25,46,217,-3.3674983435676644,-3.7421886443248944
feat_gbm,0.25,46,218,-3.3500197651741113,-4.3753265313120195
feat_gbm,0.25,46,219,0.0997064282642729,0.13181597567614448
feat_gbm,0.25,46,220,-2.306093533199113,-2.150299196146146
feat_gbm,0.25,46,221,0.3237635344035694,0.4316281043505307
feat_gbm,0.25,46,222,0.666028098630698,0.20581216265343685
feat_gbm,0.25,46,223,-1.1174920591710544,-1.7226779576420432
feat_gbm,0.25,46,224,1.0172060533654483,1.0701061526100661
feat_gbm,0.25,46,225,-3.163303337108516,-2.995983076644188
feat_gbm,0.25,46,226,-0.1959029367760896,-0.39103048890459524
feat_gbm,0.25,46,227,-1.9600329078166099,-2.811377433191803
feat_gbm,0.25,46,228,0.1877318031986693,0.1103569248772952
feat_gbm,0.25,46,229,0.7142678245157011,1.0926797996732165
feat_gbm,0.25,46,230,-1.529599570096624,-1.1465469989616057
feat_gbm,0.25,46,231,-3.1778102411290368,-3.7045714701961474
feat_gbm,0.25,46,232,-0.07078921401429031,-0.3205795311611984
feat_gbm,0.25,46,233,-0.5973780644715037,-0.7282288274356463
feat_gbm,0.25,46,234,-0.18443608967760378,-0.6143938277881194
feat_gbm,0.25,46,235,-3.52145384899468,-3.717493513170671
feat_gbm,0.25,46,236,-1.6996263429858702,-1.894186438607053
feat_gbm,0.25,46,237,0.2741144749361668,0.19101892391720615
feat_gbm,0.25,46,238,-2.5358226985826327,-2.723653519266766
feat_gbm,0.25,46,239,0.30831510987433325,0.28172679866345784
feat_gbm,0.25,46,240,-1.3448547376072786,-0.570916259780521
feat_gbm,0.25,46,241,-1.3748277448307078,-3.037607674189957
feat_gbm,0.25,46,242,-2.6613664497651195,-2.4824067099880884
feat_gbm,0.25,46,243,0.9490962014574766,1.793244191067856
feat_gbm,0.25,46,244,-2.4484635799402743,-2.170563194223024
feat_gbm,0.25,46,245,-3.135564148661436,-2.5580286375581696
feat_gbm,0.25,46,246,-2.9374925295532766,-3.9013363177662743
feat_gbm,0.25,46,247,-1.1473731636003532,-1.2689211715035387
feat_gbm,0.25,46,248,-2.869510299284755,-2.89795980370705
feat_gbm,0.25,46,249,-0.3848701237240302,-1.149470325468549
feat_gbm,0.25,46,250,-1.914345767016078,-2.1803876537888693
feat_gbm,0.25,46,251,-1.7686606096511726,-1.2010659028736028
feat_gbm,0.25,46,252,-2.5774137563390243,-2.675840590612525
feat_gbm,0.25,46,253,-1.6159289760492022,-0.865421424414132
feat_gbm,0.25,46,254,-0.4106178392023892,-0.45089388998719687
feat_gbm,0.25,46,255,-1.5695688468690714,-1.477655138121315
feat_gbm,0.25,46,256,-1.7341073694833795,-1.9234128661936198
feat_gbm,0.25,46,257,-1.2258045946998106,-0.8895479413744646
feat_gbm,0.25,46,258,-1.2847047145165396,-1.284701881398344
feat_gbm,0.25,46,259,0.012580317802332906,0.03791276039075724
feat_gbm,0.25,46,260,-1.190396325106847,-1.213907680807544
feat_gbm,0.25,46,261,-0.34848458091267426,-0.6937064881158975
feat_gbm,0.25,46,262,-2.8539827026569355,-2.500344974429108
feat_gbm,0.25,46,263,-3.1230781645783705,-3.0782877743164985
feat_gbm,0.25,46,264,-3.0652607182538323,-3.2702790535172426
feat_gbm,0.25,46,265,-0.2590423564360754,-0.15746453031192983
feat_gbm,0.25,46,266,-2.148882543757934,-1.3930653126164372
feat_gbm,0.25,46,267,-3.324186667918313,-3.460520174484755
feat_gbm,0.25,46,268,-1.9524690342739455,-1.8115923421665279
feat_gbm,0.25,46,269,0.19539231935033521,-0.04785951915829837
feat_gbm,0.25,46,270,-1.16291244462009,-1.3387838926701625
feat_gbm,0.25,46,271,0.7885405295911802,0.6172482925771328
feat_gbm,0.25,46,272,-0.04722155965502417,0.10718580269537517
feat_gbm,0.25,46,273,-2.4419007080954236,-2.4250613993713395
feat_gbm,0.25,46,274,-0.12157723676575452,-0.4656136934058211
feat_gbm,0.25,46,275,-2.120886908015655,-1.7679071058666047
feat_gbm,0.25,46,276,-0.7112005732582448,-0.15192249005847586
feat_gbm,0.25,46,277,-0.35147898135399264,-0.22686658439221394
feat_gbm,0.25,46,278,-0.33395360474095676,-0.3963273628232521
feat_gbm,0.25,46,279,-2.351089055301377,-2.1916982233579314
feat_gbm,0.25,46,280,0.3900392606958216,0.5138857123822332
feat_gbm,0.25,46,281,0.16160190447878336,0.13501120436460418
feat_gbm,0.25,46,282,-0.11923693772215492,-0.35232291748203215
feat_gbm,0.25,46,283,0.21658271298085205,0.33710059568630363
feat_gbm,0.25,46,284,2.494620511576778,2.2269494594330284
feat_gbm,0.25,46,285,-0.5498241713038043,-0.8523290277873723
feat_gbm,0.25,46,286,0.30096104974323523,0.5032694866056324
feat_gbm,0.25,46,287,-2.8612556806019263,-3.0734310124071125
feat_gbm,0.25,46,288,-2.785820810834948,-3.0969464995649485
feat_gbm,0.25,46,289,0.8649775014636969,0.8088909840914691
feat_gbm,0.25,46,290,-1.3552461833105607,-1.710735902712342
feat_gbm,0.25,46,291,0.04668064926839979,-0.24588513525180683
feat_gbm,0.25,46,292,-2.920947380500855,-2.9910915714149957
feat_gbm,0.25,46,293,0.10931911603086406,0.24397961438558982
feat_gbm,0.25,46,294,1.1165026350101686,0.9827222917401395
feat_gbm,0.25,46,295,0.9938242271501353,1.5399914318848642
feat_gbm,0.25,46,296,-2.4146513846938147,-3.028104854063688
feat_gbm,0.25,46,297,-0.8546269876864566,-1.9675880903276046
feat_gbm,0.25,46,298,0.3768411976115727,0.3882116190950413
feat_gbm,0.25,46,299,-0.389464323912367,-0.4169590587595381
feat_gbm,0.25,46,300,-0.43016300133600754,-0.47104701624968015
feat_gbm,0.25,46,301,-0.4587259196701668,-0.5788171023402015
feat_gbm,0.25,46,302,-3.1236357643552797,-3.325334912618423
feat_gbm,0.25,46,303,0.1097339103004077,0.27214776974989446
feat_gbm,0.25,46,304,0.29627667019631526,0.2838761456734127
feat_gbm,0.25,46,305,0.7333493001160485,0.98356576927226
feat_gbm,0.25,46,306,-1.913116331876582,-2.324804251846344
feat_gbm,0.25,46,307,-0.06423366839095142,-0.30060412365222405
feat_gbm,0.25,46,308,-3.280607490900074,-3.5706943269006843
feat_gbm,0.25,46,309,0.7116509950684258,0.7657986236992217
feat_gbm,0.25,46,310,-0.1433311873780932,-0.3760212383278314
feat_gbm,0.25,46,311,0.8822453098127171,0.903367601886353
feat_gbm,0.25,46,312,0.662544139551636,0.2834145554969618
feat_gbm,0.25,46,313,-0.3140926454338905,-0.8750381269167363
feat_gbm,0.25,46,314,-0.7234596665103459,-0.8911054934067958
feat_gbm,0.25,46,315,0.2117855727940272,0.2699623908229132
feat_gbm,0.25,46,316,-3.2281271660243713,-4.034449774534175
feat_gbm,0.25,46,317,0.7013906548124151,0.7302045063515665
feat_gbm,0.25,46,318,-2.550322960749136,-2.5264159394565007
feat_gbm,0.25,46,319,-3.1851283111307693,-3.1280680478747835
feat_gbm,0.25,46,320,-0.21822307011603922,-0.623194388118803
feat_gbm,0.25,46,321,-3.7538015310393855,-4.172922463867305
feat_gbm,0.25,46,322,1.372001543570868,1.0714029341973417
feat_gbm,0.25,46,323,-2.8075827614242375,-2.5538050374755565
feat_gbm,0.25,46,324,-1.2355381378265022,-1.5310020975326282
feat_gbm,0.25,46,325,-0.5439540277660144,-0.735749980772127
feat_gbm,0.25,46,326,-0.4982207044584869,-0.5010306012352705
feat_gbm,0.25,46,327,-3.737078898182853,-4.393123087746285
feat_gbm,0.25,46,328,0.6398420512601137,0.6439364857563509
feat_gbm,0.25,46,329,-2.5494863714236398,-2.60760252445046
feat_gbm,0.25,46,330,0.6647168483146454,0.46983427811083467
feat_gbm,0.25,46,331,-1.5770907024974226,-1.149354435920189
feat_gbm,0.25,46,332,-1.8279624541001844,-1.0961264399974935
feat_gbm,0.25,46,333,1.0459197481268807,1.4253561556633074
feat_gbm,0.25,46,334,1.068009300263571,1.0406546288822482
feat_gbm,0.25,46,335,0.06777959227210269,-0.1286217558512718
feat_gbm,0.25,46,336,-1.8735893312458094,-1.7275974260064488
feat_gbm,0.25,46,337,-3.973320451501626,-4.535227665039715
feat_gbm,0.25,46,338,-0.4650642706083027,-1.078833843619319
feat_gbm,0.25,46,339,-2.7012035115373347,-2.035297396751524
feat_gbm,0.25,46,340,0.5261083784784379,0.4788286932125707
feat_gbm,0.25,46,341,-1.2651663365811214,-0.4595082096564039
feat_gbm,0.25,46,342,-3.290935131271816,-3.653430804591794
feat_gbm,0.25,46,343,0.2639468504087607,0.2834522663037432
feat_gbm,0.25,46,344,0.04364560426515244,-0.15984972455285287
feat_gbm,0.25,46,345,-2.7340219207204166,-3.8822970119574354
feat_gbm,0.25,46,346,-2.6124817303774313,-2.5801989990218064
feat_gbm,0.25,46,347,-3.2265862234716103,-3.2622630695286134
feat_gbm,0.25,46,348,-0.3226614701698738,-0.4894561152880944
feat_gbm,0.25,46,349,-2.90109967020522,-3.0223552414624764
feat_gbm,0.25,46,350,0.7375316307441289,0.4215072765335228
feat_gbm,0.25,46,351,-1.662810517235348,-1.8152752103400673
feat_gbm,0.25,46,352,0.7638503544545988,1.102263670511441
feat_gbm,0.25,46,353,0.9636628064052715,1.4454852001466738
feat_gbm,0.25,46,354,-3.404248954102017,-3.6770060333191017
feat_gbm,0.25,46,355,-3.874668600156213,-5.078652858832153
feat_gbm,0.25,46,356,0.6239177684747244,0.7815322159665122
feat_gbm,0.25,46,357,0.8062506072681777,0.6775133790495483
feat_gbm,0.25,46,358,-3.062066989170024,-3.5163570325540956
feat_gbm,0.25,46,359,-1.4278352924745072,-4.157760523739404
feat_gbm,0.25,46,360,-0.298830532157446,-0.18386357284099003
feat_gbm,0.25,46,361,-3.2394486406722494,-4.477383009144865
feat_gbm,0.25,46,362,0.4618652089327621,0.2909126951240761
feat_gbm,0.25,46,363,-3.2198822794116952,-3.5121531596302606
feat_gbm,0.25,46,364,-0.35618240904333975,-0.0019354464452207268
feat_gbm,0.25,46,365,-3.2539537301502115,-3.264666087597375
feat_gbm,0.25,46,366,-1.9308512034825054,-1.4961090632143375
feat_gbm,0.25,46,367,-0.0856181613370138,-0.10305907560987346
feat_gbm,0.25,46,368,0.17836156537015976,0.24601275195113992
feat_gbm,0.25,46,369,-1.3841335151312615,-1.6400355118163064
feat_gbm,0.25,46,370,-2.011274738170061,-1.5399226532969161
feat_gbm,0.25,46,371,-0.5400814580808568,-0.3336387161155974
feat_gbm,0.25,46,372,0.30776122615662477,0.3185760540422761
feat_gbm,0.25,46,373,-0.20985497168480927,-0.30756424411789
feat_gbm,0.25,46,374,-3.3733100950195882,-3.551435429619069
feat_gbm,0.25,46,375,-0.03818651064021916,-0.12846918127015178
feat_gbm,0.25,46,376,0.49205250103975945,0.43413099611324796
feat_gbm,0.25,46,377,0.6456983242038492,0.8095384731463161
feat_gbm,0.25,46,378,0.30203372062821365,0.20303525329731625
feat_gbm,0.25,46,379,0.7121071620082574,0.524784145223057
feat_gbm,0.25,46,380,0.4740223149336438,0.8722609808312535
feat_gbm,0.25,46,381,0.7138042311892814,1.0190202163897197
feat_gbm,0.25,46,382,0.7089311614934048,1.2715191268303472
feat_gbm,0.25,46,383,0.017655853675885548,-0.13923746667536385
feat_gbm,0.25,46,384,-0.8250535837068509,-1.7983983483294153
feat_gbm,0.25,46,385,0.6485668681524756,0.5606037150840157
feat_gbm,0.25,46,386,0.7310800279594372,0.6003456151224621
feat_gbm,0.25,46,387,1.0967078839146378,1.3071718981356573
feat_gbm,0.25,46,388,0.1042507813746532,-0.19457283568776126
feat_gbm,0.25,46,389,-1.2665515008298551,-0.981880356960367
feat_gbm,0.25,46,390,-2.835857623673331,-2.628024059072158
feat_gbm,0.25,46,391,-2.34214380762244,-2.479262758098376
feat_gbm,0.25,46,392,-2.1074385690637616,-2.207941629114672
feat_gbm,0.25,46,393,-2.6423116610171515,-2.806586620215901
feat_gbm,0.25,46,394,-0.27504338318934207,-0.16842623590390868
feat_gbm,0.25,46,395,0.15794970705686243,0.3596423409999632
feat_gbm,0.25,46,396,-3.17308175800708,-3.117667066362407
feat_gbm,0.25,46,397,0.8222729075691019,0.6134086288650079
feat_gbm,0.25,46,398,0.43672293273836316,0.5049020087080688
feat_gbm,0.25,46,399,-1.0937941765720223,-1.0548605918119196
feat_gbm,0.25,46,400,-3.0841615715652075,-2.877676775828332
feat_gbm,0.25,46,401,0.19734754027102439,0.015654415635624343
feat_gbm,0.25,46,402,-0.575172553488914,-0.7027824676465185
feat_gbm,0.25,46,403,0.44506867740865386,0.6733427913489138
feat_gbm,0.25,46,404,0.3478935235916926,0.03259550049258387
feat_gbm,0.25,46,405,-3.325059409415918,-3.4179416205706223
feat_gbm,0.25,46,406,-2.0065450362173465,-1.6563158072976616
feat_gbm,0.25,46,407,0.5265219461190375,0.3281041495218151
feat_gbm,0.25,46,408,-1.1296734364432093,-1.498502430121411
feat_gbm,0.25,46,409,-1.1285427242839847,-1.5390850133499359
feat_gbm,0.25,46,410,-2.1815104469654143,-3.8769914364338094
feat_gbm,0.25,46,411,-0.8546961221499928,-1.1093409530974205
feat_gbm,0.25,46,412,-2.513950411078941,-2.1356441225652167
feat_gbm,0.25,46,413,0.5701817801646988,0.5613925387002681
feat_gbm,0.25,46,414,-2.5898879358436657,-2.672303525149137
feat_gbm,0.25,46,415,0.9076908080606008,0.9887747910888531
feat_gbm,0.25,46,416,-2.7763212063702825,-2.064740642123073
feat_gbm,0.25,46,417,-0.06302280146893179,-0.13534283366780814
feat_gbm,0.25,46,418,-0.15567275688875729,0.5266566940316069
feat_gbm,0.25,46,419,-0.5291192859216451,-0.7929716308762645
feat_gbm,0.25,46,420,0.24664927709392973,0.22081989653443584
feat_gbm,0.25,46,421,-3.6413575411821055,-3.4911396429773087
feat_gbm,0.25,46,422,0.22087558205380547,0.4691563032653497
feat_gbm,0.25,46,423,-0.18975134300991778,-0.21242164749251408
feat_gbm,0.25,46,424,-3.3862235099974116,-2.0235730224261497
feat_gbm,0.25,46,425,-0.4321025583529239,0.1881042769243711
feat_gbm,0.25,46,426,-0.8056124725936626,-0.7546830882020855
feat_gbm,0.25,46,427,-1.3602003384189163,-2.004418163271322
feat_gbm,0.25,46,428,-0.09076470005222212,0.08108350485015015
feat_gbm,0.25,46,429,-1.3999101687602693,-0.8958783842144782
feat_gbm,0.25,46,430,-0.7801127316758231,-0.700178367515834
feat_gbm,0.25,46,431,-1.869166145271778,-2.026447754843476
feat_gbm,0.25,46,432,-3.1159721786178936,-3.3644112924118934
feat_gbm,0.25,46,433,-2.843768355173405,-2.4777804975332844
feat_gbm,0.25,46,434,-3.6968614736062717,-3.6407879329147783
feat_gbm,0.25,46,435,0.380291364621112,0.8140524350977956
feat_gbm,0.25,46,436,-0.3508334798380451,-0.6342245759550225
feat_gbm,0.25,46,437,-0.7928107855168319,-1.0170271575608654
feat_gbm,0.25,46,438,0.7788329673859493,1.2058566336630974
feat_gbm,0.25,46,439,1.0917734009066429,1.04159183954478
feat_gbm,0.25,46,440,-0.36555721567786004,-0.383754051292973
feat_gbm,0.25,46,441,1.0299718705547525,0.9717849563735496
feat_gbm,0.25,46,442,0.9565429268412126,0.915394257773604
feat_gbm,0.25,46,443,-0.03680169847341502,0.17619398118278368
feat_gbm,0.25,46,444,-2.7141340769711717,-2.3026142847949007
feat_gbm,0.25,46,445,-0.5563172044551987,-2.156995715227189
feat_gbm,0.25,46,446,-1.825212794394562,-1.9647154613855007
feat_gbm,0.25,46,447,-1.192224411183718,-1.2167428909736953
feat_gbm,0.25,46,448,-0.26128128249980703,0.371748058948411
feat_gbm,0.25,46,449,-3.070427042499461,-3.354914600670279
feat_gbm,0.25,46,450,-1.8079076021428977,-2.0984010901330774
feat_gbm,0.25,46,451,-1.6144901955675457,-1.8411195968283314
feat_gbm,0.25,46,452,-0.10064995552224269,-0.2866386615093297
feat_gbm,0.25,46,453,-1.686932255353586,-2.1769502099219324
feat_gbm,0.25,46,454,0.4395803689672839,0.851829112076475
feat_gbm,0.25,46,455,0.15381356426325263,-0.5174982843777256
feat_gbm,0.25,46,456,-2.950887416191152,-3.7883351795095335
feat_gbm,0.25,46,457,-1.9030728767837368,-1.3225504843777425
feat_gbm,0.25,46,458,-0.13559100582289138,-0.6304710111145473
feat_gbm,0.25,46,459,-2.7396125272449905,-2.867776928577639
feat_gbm,0.25,46,460,-0.041979187416293764,-0.20106453453544149
feat_gbm,0.25,46,461,0.9111410681322213,0.565413433251147
feat_gbm,0.25,46,462,0.2995517332533823,0.6531860801292728
feat_gbm,0.25,46,463,-3.086715391350113,-3.295531334571209
feat_gbm,0.25,46,464,-1.0765278977033006,-1.118951529136503
feat_gbm,0.25,46,465,-0.06709324706866317,0.08535922256033004
feat_gbm,0.25,46,466,0.14613268692623443,0.2656879386171551
feat_gbm,0.25,46,467,-1.1188844162708704,-1.0764680911985907
feat_gbm,0.25,46,468,2.2636732088222824,2.2503813782282114
feat_gbm,0.25,46,469,0.07353291985279867,-0.029700274932011248
feat_gbm,0.25,46,470,-2.164126830382129,-2.1918010579584375
feat_gbm,0.25,46,471,0.08737376597836756,-0.12537364897776127
feat_gbm,0.25,46,472,-1.456839449569277,-1.3714574409892777
feat_gbm,0.25,46,473,-0.82690905355046,-1.0216450817816245
feat_gbm,0.25,46,474,-0.5026662504525713,-0.8313233833759152
feat_gbm,0.25,46,475,-2.8516759552590676,-3.25243582884057
feat_gbm,0.25,46,476,0.899326594223566,0.8737365575305754
feat_gbm,0.25,46,477,-2.5635486411989286,-1.8373017486027088
feat_gbm,0.25,46,478,-1.8405727289364964,-1.909749317133085
feat_gbm,0.25,46,479,0.5502067358199552,0.418341725137149
feat_gbm,0.25,46,480,-2.9053676484358957,-2.8689304810445995
feat_gbm,0.25,46,481,-3.2587492902275947,-3.9192950012633494
feat_gbm,0.25,46,482,0.8680931093522944,0.8191907452202399
feat_gbm,0.25,46,483,-2.178715216473753,-2.7371748494528005
feat_gbm,0.25,46,484,-0.156662434897463,0.043868991079412875
feat_gbm,0.25,46,485,-2.7238283755032997,-3.9571024828402512
feat_gbm,0.25,46,486,-0.9351164104600569,-0.8286091055291892
feat_gbm,0.25,46,487,1.224130411417413,1.1086460137612473
feat_gbm,0.25,46,488,-0.8923527368594617,-1.0899995989348372
feat_gbm,0.25,46,489,-2.9632719710680635,-2.9260181182274523
feat_gbm,0.25,46,490,0.10426262546954518,0.01778898425240747
feat_gbm,0.25,46,491,-0.43813886166839455,-0.388546054063584
feat_gbm,0.25,46,492,-0.5020683082629613,-0.8483910406321095
feat_gbm,0.25,46,493,-2.573298432008649,-2.4855190663855797
feat_gbm,0.25,46,494,-0.2670090374949084,-0.6027729178489412
feat_gbm,0.25,46,495,-2.068832986184372,-1.5285925057254015
feat_gbm,0.25,46,496,0.6848010338655183,1.0092174422839322
feat_gbm,0.25,46,497,-2.702429685660288,-2.421052301727873
feat_gbm,0.25,46,498,-2.9954356085182043,-3.2283141264699093
feat_gbm,0.25,46,499,-3.533934120094093,-4.907212199848568
feat_gbm,0.5,42,0,-0.40868962593089103,0.03894909458183669
feat_gbm,0.5,42,1,-2.333033135017935,-2.5052564746229193
feat_gbm,0.5,42,2,0.5132444255159869,0.6287827851917782
feat_gbm,0.5,42,3,-3.2783766639002927,-3.3447289283878643
feat_gbm,0.5,42,4,0.8534043636393764,0.9694015026406426
feat_gbm,0.5,42,5,-1.6722104368557709,-2.4693709778233526
feat_gbm,0.5,42,6,-0.08310689662364251,-0.2819211013310965
feat_gbm,0.5,42,7,0.7194142959559757,0.5289578846490461
feat_gbm,0.5,42,8,0.6017961462067951,0.032863622186365654
feat_gbm,0.5,42,9,1.0718247357886983,0.9352707853930591
feat_gbm,0.5,42,10,-1.825398931388704,-1.5987558134683666
feat_gbm,0.5,42,11,-3.405291840215562,-3.2678706438993954
feat_gbm,0.5,42,12,-2.5908759005926703,-2.445380546146449
feat_gbm,0.5,42,13,-0.212411026407407,-0.4471217519653716
feat_gbm,0.5,42,14,-1.7792677297947315,-1.8343062920535937
feat_gbm,0.5,42,15,-2.08443207870258,-2.278287047942225
feat_gbm,0.5,42,16,-0.8396193921887158,-1.113015507562239
feat_gbm,0.5,42,17,-1.5448122788335799,-1.149386040828735
feat_gbm,0.5,42,18,-0.125540618603178,-0.4541092694382234
feat_gbm,0.5,42,19,-2.6612968440839704,-2.8798658660471284
feat_gbm,0.5,42,20,-2.8587531203111403,-3.281006200299989
feat_gbm,0.5,42,21,-1.1443915827979734,-0.7889402030111288
feat_gbm,0.5,42,22,-0.5308037315466835,-0.48114593055133975
feat_gbm,0.5,42,23,-3.2599428046227006,-2.8038114998165153
feat_gbm,0.5,42,24,-2.860488253217968,-2.6726430450531393
feat_gbm,0.5,42,25,-3.274074334130752,-3.141178249464176
feat_gbm,0.5,42,26,-3.5668752516446394,-3.8612362310489847
feat_gbm,0.5,42,27,-2.902633239528364,-3.085821277369337
feat_gbm,0.5,42,28,-2.8524409566176745,-2.1153791712035637
feat_gbm,0.5,42,29,-0.47095193501100246,-0.5854112868629942
feat_gbm,0.5,42,30,-0.18001638442961976,0.13849791927417068
feat_gbm,0.5,42,31,-2.736386058870415,-2.779654184179668
feat_gbm,0.5,42,32,1.2707958771353858,0.9166392391011026
feat_gbm,0.5,42,33,-2.0463077885952345,-2.134444297962007
feat_gbm,0.5,42,34,1.1953178515472278,1.1224191581864646
feat_gbm,0.5,42,35,-3.390126256653216,-2.7514680837461087
feat_gbm,0.5,42,36,0.4406694964238332,0.7493710802437775
feat_gbm,0.5,42,37,-1.8149488645062537,-2.157600461660938
feat_gbm,0.5,42,38,-1.4715721960990402,-1.7436371170468024
feat_gbm,0.5,42,39,0.6280820787630547,0.632388610685479
feat_gbm,0.5,42,40,-2.2567189645670656,-1.5024753827969588
feat_gbm,0.5,42,41,-2.4955992428251657,-2.936018587066778
feat_gbm,0.5,42,42,-0.16068212242765367,-0.06406961406287034
feat_gbm,0.5,42,43,-0.5116394204396993,-0.43711075337934485
feat_gbm,0.5,42,44,0.8299831210406998,0.521724778538647
feat_gbm,0.5,42,45,0.5606475302757317,-0.02881562555915001
feat_gbm,0.5,42,46,-2.3610313055956316,-2.6856700943784895
feat_gbm,0.5,42,47,-2.90453242077796,-3.3419513202228783
feat_gbm,0.5,42,48,-0.3759250001055004,-0.35240032436669677
feat_gbm,0.5,42,49,-3.785857610429345,-4.466027560457086
feat_gbm,0.5,42,50,-1.0241580881882824,-1.2227887404747313
feat_gbm,0.5,42,51,-3.7450783856083922,-4.168130875201601
feat_gbm,0.5,42,52,-1.5935832511174148,-2.1825653069440887
feat_gbm,0.5,42,53,-2.645186563857025,-2.816977102698189
feat_gbm,0.5,42,54,-0.3699173834298787,-0.9520374156321785
feat_gbm,0.5,42,55,0.5367312574246381,0.800460094219776
feat_gbm,0.5,42,56,0.3373002966678078,0.2782562560211116
feat_gbm,0.5,42,57,-0.27681259563333466,-0.7855200046266205
feat_gbm,0.5,42,58,-3.28055714713753,-2.837973637743256
feat_gbm,0.5,42,59,-0.05813788266960031,0.3653424354755994
feat_gbm,0.5,42,60,-2.373103883622172,-3.145987746693799
feat_gbm,0.5,42,61,-2.9437395850565466,-2.1381844357326614
feat_gbm,0.5,42,62,0.4128182111156273,0.3908315550690521
feat_gbm,0.5,42,63,-2.9756073653574546,-3.259739876316779
feat_gbm,0.5,42,64,-2.8889804751890336,-3.799325775609258
feat_gbm,0.5,42,65,0.47791907134427813,0.2842997557356093
feat_gbm,0.5,42,66,0.5617272637253277,0.9099380077885143
feat_gbm,0.5,42,67,0.3789759987821094,0.5741223235018287
feat_gbm,0.5,42,68,1.1289666119251802,1.3807263582335993
feat_gbm,0.5,42,69,0.2955883442664266,2.7357387204405055
feat_gbm,0.5,42,70,0.15675353697330652,-0.3782017485149665
feat_gbm,0.5,42,71,-0.5604222436543249,-0.6946521973220513
feat_gbm,0.5,42,72,-2.9966167845241793,-3.510295151868067
feat_gbm,0.5,42,73,-0.35963536659466266,-0.3643686170400702
feat_gbm,0.5,42,74,1.2086748072649611,1.1835884152793859
feat_gbm,0.5,42,75,0.2637477817216717,-0.38644824542838596
feat_gbm,0.5,42,76,0.6148436289712989,0.7005004452467647
feat_gbm,0.5,42,77,0.2856187302520831,0.3770911051312199
feat_gbm,0.5,42,78,-0.3792740024687279,-0.5374783823521183
feat_gbm,0.5,42,79,-2.429506332501117,-3.2499450611549854
feat_gbm,0.5,42,80,-1.7640665995225153,-1.719925172279684
feat_gbm,0.5,42,81,0.95185059519317,1.8185710395242058
feat_gbm,0.5,42,82,-1.1756683546479108,-1.0758778979961314
feat_gbm,0.5,42,83,-0.4603768073775698,-0.8033140510569362
feat_gbm,0.5,42,84,-2.1916592997397126,-2.0837035815006346
feat_gbm,0.5,42,85,-2.4018839060684036,-1.2430797823904942
feat_gbm,0.5,42,86,0.8803709277375116,0.639317965424242
feat_gbm,0.5,42,87,0.005404634417274358,-0.02321591952008587
feat_gbm,0.5,42,88,-2.555827360962338,-3.512086916650174
feat_gbm,0.5,42,89,-2.064847978316828,-1.684363733317816
feat_gbm,0.5,42,90,-3.253352869164092,-3.5341996208099964
feat_gbm,0.5,42,91,0.8152322040026148,1.1574629997660548
feat_gbm,0.5,42,92,-1.0175576981454912,-0.7651863719989663
feat_gbm,0.5,42,93,-2.862581137159879,-5.7708125015304885
feat_gbm,0.5,42,94,0.22516715798888826,0.07374698385127064
feat_gbm,0.5,42,95,0.2053131595281939,1.201566413592891
feat_gbm,0.5,42,96,1.4165887253627893,1.2655480006709303
feat_gbm,0.5,42,97,-3.095790336354449,-3.2217777708537843
feat_gbm,0.5,42,98,-1.084065273813669,-1.2120387208328698
feat_gbm,0.5,42,99,-0.5529544712175831,-0.04015373686183237
feat_gbm,0.5,42,100,-2.798297353962952,-2.8384481914339785
feat_gbm,0.5,42,101,-3.271869016961125,-3.541068619782685
feat_gbm,0.5,42,102,-3.3222589315757594,-4.424727465058162
feat_gbm,0.5,42,103,-0.42407535807440205,-0.7652009130347144
feat_gbm,0.5,42,104,-0.03985976074377477,-0.406664655497914
feat_gbm,0.5,42,105,-2.762782111218582,-2.8019031633754246
feat_gbm,0.5,42,106,-1.0939490669786536,-1.1978192780958505
feat_gbm,0.5,42,107,-1.2570892977589567,-1.2497822804421463
feat_gbm,0.5,42,108,0.17123258815069065,-0.2003702404752673
feat_gbm,0.5,42,109,-0.3848416062464203,-0.28745536208379296
feat_gbm,0.5,42,110,0.348968264529419,0.2838469771831524
feat_gbm,0.5,42,111,0.3531829016649034,0.6579850926301614
feat_gbm,0.5,42,112,-0.4125136098769116,-0.4279263804064609
feat_gbm,0.5,42,113,0.481286404813308,0.527327823801956
feat_gbm,0.5,42,114,-3.1094932569093494,-3.652947895428966
feat_gbm,0.5,42,115,-0.31525412510266004,-0.04287987221360797
feat_gbm,0.5,42,116,-2.9968988289168554,-3.4409421360670214
feat_gbm,0.5,42,117,-2.956818815435096,-2.4284095097884006
feat_gbm,0.5,42,118,-1.7030551113303092,-1.419217075367618
feat_gbm,0.5,42,119,-1.3895364650856945,-1.4944271796191557
feat_gbm,0.5,42,120,-2.9769735970761646,-2.797137626437216
feat_gbm,0.5,42,121,1.742601508612857,3.1321125804877905
feat_gbm,0.5,42,122,-1.8556498244855766,-3.164895556438051
feat_gbm,0.5,42,123,0.5201806255379431,-0.021234684620174846
feat_gbm,0.5,42,124,-1.7921511328429307,-1.246001114532972
feat_gbm,0.5,42,125,-2.6615937733153743,-2.7130193085566443
feat_gbm,0.5,42,126,-0.6738605341587691,-2.0560780011130944
feat_gbm,0.5,42,127,-2.16810542084064,-1.631222331554067
feat_gbm,0.5,42,128,-2.4229339620455086,-3.477307725783656
feat_gbm,0.5,42,129,0.6035294040749843,1.7007542891568868
feat_gbm,0.5,42,130,-2.228536495221863,-3.4021624962570822
feat_gbm,0.5,42,131,-3.6317677130890105,-3.701149444421242
feat_gbm,0.5,42,132,-0.26431520844020484,-0.4116741376471012
feat_gbm,0.5,42,133,-0.3072452833867617,-0.5680375850475197
feat_gbm,0.5,42,134,-2.519423138371405,-1.4788189923590598
feat_gbm,0.5,42,135,-2.5828190963087385,-2.9896549957503007
feat_gbm,0.5,42,136,0.22608856767889568,0.11194117436713467
feat_gbm,0.5,42,137,0.8720790546235825,1.7147062893715772
feat_gbm,0.5,42,138,-2.5515034768430906,-1.9709125209383296
feat_gbm,0.5,42,139,-0.4996320076269417,0.19937477723826902
feat_gbm,0.5,42,140,-2.74724427068822,-2.8223726616431475
feat_gbm,0.5,42,141,-0.42829888646417813,-0.12380828599000025
feat_gbm,0.5,42,142,-2.6556387927182903,-2.97521232911642
feat_gbm,0.5,42,143,-1.9735673282468724,-1.9484557479617686
feat_gbm,0.5,42,144,0.44177884246829785,1.244093655886106
feat_gbm,0.5,42,145,-2.1003994785004094,-2.0280859266176816
feat_gbm,0.5,42,146,-2.6904657539985903,-2.0754073031653366
feat_gbm,0.5,42,147,-0.1969713089836694,-0.11331641159387335
feat_gbm,0.5,42,148,-2.620727065508265,-2.620298039600635
feat_gbm,0.5,42,149,-3.1591437887766083,-3.8395532227602396
feat_gbm,0.5,42,150,-1.168108005304837,-2.149698272240366
feat_gbm,0.5,42,151,-2.900195414650365,-3.1594376779318036
feat_gbm,0.5,42,152,-2.4307197263985194,-2.7712141114581046
feat_gbm,0.5,42,153,-1.7145662443067227,-1.1483368403810985
feat_gbm,0.5,42,154,-1.3780285050837144,-1.4700676700115773
feat_gbm,0.5,42,155,0.9639520741165455,1.4088416749712322
feat_gbm,0.5,42,156,0.5750815175697583,0.7564704220494097
feat_gbm,0.5,42,157,-1.36411648001297,-1.7148995557963913
feat_gbm,0.5,42,158,-1.3832347397289604,-2.8595355115547196
feat_gbm,0.5,42,159,-1.2868202929661514,-0.9922400520728849
feat_gbm,0.5,42,160,1.9958550320169215,1.8585227307534937
feat_gbm,0.5,42,161,-2.6111398666058725,-2.477654537850602
feat_gbm,0.5,42,162,-3.2751891884134117,-2.993764039868935
feat_gbm,0.5,42,163,-1.1028945142415212,-1.1722671160336509
feat_gbm,0.5,42,164,-1.9934079605717592,-1.6577576086204497
feat_gbm,0.5,42,165,-2.0891567258765753,-2.9770186999323642
feat_gbm,0.5,42,166,-3.2650347347815543,-3.2329952824425443
feat_gbm,0.5,42,167,-0.2736497598767306,0.19550508612775644
feat_gbm,0.5,42,168,-1.065952148798114,-1.2639642813248737
feat_gbm,0.5,42,169,1.38238431410988,1.4224064134580066
feat_gbm,0.5,42,170,-1.8019227399923927,-1.5303724784706008
feat_gbm,0.5,42,171,0.1474873801968202,0.6086346650572224
feat_gbm,0.5,42,172,-0.12751037138798324,-0.052232489626048526
feat_gbm,0.5,42,173,-0.4414282854208738,-0.19074605880313256
feat_gbm,0.5,42,174,-2.618820260531423,-2.7678232596734214
feat_gbm,0.5,42,175,-1.9728893906510183,-1.6557092188829319
feat_gbm,0.5,42,176,0.539737066138944,0.12081831439914445
feat_gbm,0.5,42,177,0.48615591623707827,3.7031714993021168
feat_gbm,0.5,42,178,-0.04447625925711409,-0.17761292562564054
feat_gbm,0.5,42,179,-0.029529068358680036,0.2295122735959306
feat_gbm,0.5,42,180,-1.1738707192639777,-1.6401012725318311
feat_gbm,0.5,42,181,-2.723908241572677,-3.399461101549646
feat_gbm,0.5,42,182,0.48849332314851457,0.5421608664871393
feat_gbm,0.5,42,183,-2.770965541084765,-3.7858185839721776
feat_gbm,0.5,42,184,0.37944458485578597,0.4440956773301304
feat_gbm,0.5,42,185,0.1724397377419259,0.5450962365111649
feat_gbm,0.5,42,186,-2.8926931545129855,-3.094441269353033
feat_gbm,0.5,42,187,0.9940898266968614,1.436275522654785
feat_gbm,0.5,42,188,0.13962905726075284,-0.003208414280501246
feat_gbm,0.5,42,189,-1.739712430611906,-2.0766448721687736
feat_gbm,0.5,42,190,-2.8492979160662495,-2.887011097372245
feat_gbm,0.5,42,191,-0.0683320047750822,-0.19564387773269687
feat_gbm,0.5,42,192,-2.3071229661061805,-3.39219136175158
feat_gbm,0.5,42,193,-3.7953677587121826,-4.804455114758695
feat_gbm,0.5,42,194,-0.09963397136552435,-0.23230879418151415
feat_gbm,0.5,42,195,0.9000241871321399,0.7768952289284052
feat_gbm,0.5,42,196,-3.1483228034902315,-3.0758975731441707
feat_gbm,0.5,42,197,1.7264788524046368,1.8852948766094535
feat_gbm,0.5,42,198,0.0873715203951136,-0.07474663349946693
feat_gbm,0.5,42,199,1.706304994335855,0.9295509098669842
feat_gbm,0.5,42,200,0.2584443841421383,0.40408761039079466
feat_gbm,0.5,42,201,-1.379820001671017,-1.0185563947000995
feat_gbm,0.5,42,202,-1.3257472420736731,-1.5812541435625456
feat_gbm,0.5,42,203,-2.2176423417373305,-2.9269603411540346
feat_gbm,0.5,42,204,-0.4525672498297349,-0.9368237022381455
feat_gbm,0.5,42,205,-0.7192020120982927,-0.771906247259438
feat_gbm,0.5,42,206,-1.656869847319622,-1.4457766532498904
feat_gbm,0.5,42,207,-2.5914350322477224,-2.4752738768021185
feat_gbm,0.5,42,208,-3.2215136320389277,-2.8789590131308262
feat_gbm,0.5,42,209,-3.1207213898297876,-2.6986856152036793
feat_gbm,0.5,42,210,-0.02089678340359075,0.05837096406180189
feat_gbm,0.5,42,211,-1.997722340408497,-2.2327070274631113
feat_gbm,0.5,42,212,-0.0553019421234951,0.15758807445032513
feat_gbm,0.5,42,213,0.8925637419595935,0.5234750924970406
feat_gbm,0.5,42,214,0.37746848589803017,0.8312555987922697
feat_gbm,0.5,42,215,-1.3412647248055254,-0.7699972654610447
feat_gbm,0.5,42,216,-2.091819066683922,-2.4368834827463726
feat_gbm,0.5,42,217,-3.4928138314549555,-3.7421886443248944
feat_gbm,0.5,42,218,-3.252665009892965,-4.3753265313120195
feat_gbm,0.5,42,219,0.2449646594389869,0.13181597567614448
feat_gbm,0.5,42,220,-2.3283424844983096,-2.150299196146146
feat_gbm,0.5,42,221,0.3072682802323719,0.4316281043505307
feat_gbm,0.5,42,222,0.9827840581220437,0.20581216265343685
feat_gbm,0.5,42,223,-1.367648884712331,-1.7226779576420432
feat_gbm,0.5,42,224,0.8956445969346963,1.0701061526100661
feat_gbm,0.5,42,225,-3.305875863424892,-2.995983076644188
feat_gbm,0.5,42,226,-0.384761195564315,-0.39103048890459524
feat_gbm,0.5,42,227,-2.017888349247403,-2.811377433191803
feat_gbm,0.5,42,228,0.10999793336739996,0.1103569248772952
feat_gbm,0.5,42,229,0.9289078096450207,1.0926797996732165
feat_gbm,0.5,42,230,-1.517770763316554,-1.1465469989616057
feat_gbm,0.5,42,231,-3.581175088930809,-3.7045714701961474
feat_gbm,0.5,42,232,-0.25792445826795085,-0.3205795311611984
feat_gbm,0.5,42,233,-0.5691614610689677,-0.7282288274356463
feat_gbm,0.5,42,234,0.363749133621205,-0.6143938277881194
feat_gbm,0.5,42,235,-3.851428191545831,-3.717493513170671
feat_gbm,0.5,42,236,-1.716825091953183,-1.894186438607053
feat_gbm,0.5,42,237,0.017809978249590637,0.19101892391720615
feat_gbm,0.5,42,238,-2.5274810533039056,-2.723653519266766
feat_gbm,0.5,42,239,0.2700786946163471,0.28172679866345784
feat_gbm,0.5,42,240,-0.8824117556332236,-0.570916259780521
feat_gbm,0.5,42,241,-1.6415264542977612,-3.037607674189957
feat_gbm,0.5,42,242,-2.5048835515100505,-2.4824067099880884
feat_gbm,0.5,42,243,0.9394564299405092,1.793244191067856
feat_gbm,0.5,42,244,-2.6100997451609604,-2.170563194223024
feat_gbm,0.5,42,245,-2.996077784453426,-2.5580286375581696
feat_gbm,0.5,42,246,-2.675573441763505,-3.9013363177662743
feat_gbm,0.5,42,247,-1.097107551413099,-1.2689211715035387
feat_gbm,0.5,42,248,-2.7757401254810166,-2.89795980370705
feat_gbm,0.5,42,249,-1.178217086658819,-1.149470325468549
feat_gbm,0.5,42,250,-1.935686283615681,-2.1803876537888693
feat_gbm,0.5,42,251,-1.75279446219808,-1.2010659028736028
feat_gbm,0.5,42,252,-2.528012526723457,-2.675840590612525
feat_gbm,0.5,42,253,-0.959165497935512,-0.865421424414132
feat_gbm,0.5,42,254,-1.2367134667076702,-0.45089388998719687
feat_gbm,0.5,42,255,-1.552938564091938,-1.477655138121315
feat_gbm,0.5,42,256,-2.2715966437955113,-1.9234128661936198
feat_gbm,0.5,42,257,-1.895083209364084,-0.8895479413744646
feat_gbm,0.5,42,258,-1.4613669933921725,-1.284701881398344
feat_gbm,0.5,42,259,-0.06052635931411378,0.03791276039075724
feat_gbm,0.5,42,260,-1.6109348067557774,-1.213907680807544
feat_gbm,0.5,42,261,-0.23069983009427827,-0.6937064881158975
feat_gbm,0.5,42,262,-2.1025660766228724,-2.500344974429108
feat_gbm,0.5,42,263,-2.9577461736767496,-3.0782877743164985
feat_gbm,0.5,42,264,-3.3947537482133874,-3.2702790535172426
feat_gbm,0.5,42,265,-0.40836350322553583,-0.15746453031192983
feat_gbm,0.5,42,266,-2.3988997160348995,-1.3930653126164372
feat_gbm,0.5,42,267,-3.2187541502380888,-3.460520174484755
feat_gbm,0.5,42,268,-2.133697861894765,-1.8115923421665279
feat_gbm,0.5,42,269,-0.1625633667981705,-0.04785951915829837
feat_gbm,0.5,42,270,-1.3651970951487684,-1.3387838926701625
feat_gbm,0.5,42,271,0.6796611421739691,0.6172482925771328
feat_gbm,0.5,42,272,-0.16197987341890777,0.10718580269537517
feat_gbm,0.5,42,273,-2.486618190374302,-2.4250613993713395
feat_gbm,0.5,42,274,-0.11779186825232478,-0.4656136934058211
feat_gbm,0.5,42,275,-2.2070261125400776,-1.7679071058666047
feat_gbm,0.5,42,276,-0.692839207727701,-0.15192249005847586
feat_gbm,0.5,42,277,-0.38789136952231107,-0.22686658439221394
feat_gbm,0.5,42,278,-0.6742185695637546,-0.3963273628232521
feat_gbm,0.5,42,279,-2.3614861054160468,-2.1916982233579314
feat_gbm,0.5,42,280,0.41003531224191536,0.5138857123822332
feat_gbm,0.5,42,281,0.32215586208902075,0.13501120436460418
feat_gbm,0.5,42,282,0.029493286921295547,-0.35232291748203215
feat_gbm,0.5,42,283,0.42007337639902753,0.33710059568630363
feat_gbm,0.5,42,284,2.06244010422364,2.2269494594330284
feat_gbm,0.5,42,285,-0.7442806314604633,-0.8523290277873723
feat_gbm,0.5,42,286,0.35491050026774845,0.5032694866056324
feat_gbm,0.5,42,287,-2.867911541442022,-3.0734310124071125
feat_gbm,0.5,42,288,-2.8114153836706204,-3.0969464995649485
feat_gbm,0.5,42,289,0.657160775424025,0.8088909840914691
feat_gbm,0.5,42,290,-1.356688337728184,-1.710735902712342
feat_gbm,0.5,42,291,0.23293911325735106,-0.24588513525180683
feat_gbm,0.5,42,292,-2.8975635635692396,-2.9910915714149957
feat_gbm,0.5,42,293,-0.16009646674221575,0.24397961438558982
feat_gbm,0.5,42,294,0.905022649884768,0.9827222917401395
feat_gbm,0.5,42,295,0.7336920518455102,1.5399914318848642
feat_gbm,0.5,42,296,-2.5143505882541306,-3.028104854063688
feat_gbm,0.5,42,297,-1.6858247603630219,-1.9675880903276046
feat_gbm,0.5,42,298,0.46363927898043916,0.3882116190950413
feat_gbm,0.5,42,299,-0.4667002655208135,-0.4169590587595381
feat_gbm,0.5,42,300,-0.5205996498537109,-0.47104701624968015
feat_gbm,0.5,42,301,-0.545773017835131,-0.5788171023402015
feat_gbm,0.5,42,302,-3.0532424142859913,-3.325334912618423
feat_gbm,0.5,42,303,-0.014174937525511338,0.27214776974989446
feat_gbm,0.5,42,304,0.14702299565403076,0.2838761456734127
feat_gbm,0.5,42,305,0.6832157382352655,0.98356576927226
feat_gbm,0.5,42,306,-2.1385853881807377,-2.324804251846344
feat_gbm,0.5,42,307,-0.08688930612153466,-0.30060412365222405
feat_gbm,0.5,42,308,-2.9651908299417196,-3.5706943269006843
feat_gbm,0.5,42,309,0.6689884580324916,0.7657986236992217
feat_gbm,0.5,42,310,-0.003074666528595431,-0.3760212383278314
feat_gbm,0.5,42,311,0.8770649840229738,0.903367601886353
feat_gbm,0.5,42,312,0.4875417631484577,0.2834145554969618
feat_gbm,0.5,42,313,-0.11992703135081723,-0.8750381269167363
feat_gbm,0.5,42,314,-0.557496887909616,-0.8911054934067958
feat_gbm,0.5,42,315,0.1078151851632613,0.2699623908229132
feat_gbm,0.5,42,316,-3.269263065159013,-4.034449774534175
feat_gbm,0.5,42,317,0.5825416925969197,0.7302045063515665
feat_gbm,0.5,42,318,-2.5162628261313538,-2.5264159394565007
feat_gbm,0.5,42,319,-3.511771652925367,-3.1280680478747835
feat_gbm,0.5,42,320,0.3864069644514192,-0.623194388118803
feat_gbm,0.5,42,321,-3.698303522449154,-4.172922463867305
feat_gbm,0.5,42,322,1.0766575586408147,1.0714029341973417
feat_gbm,0.5,42,323,-3.09056609750049,-2.5538050374755565
feat_gbm,0.5,42,324,-1.589948264932163,-1.5310020975326282
feat_gbm,0.5,42,325,-0.6955275929046862,-0.735749980772127
feat_gbm,0.5,42,326,-0.5079230785053351,-0.5010306012352705
feat_gbm,0.5,42,327,-3.9271114490932906,-4.393123087746285
feat_gbm,0.5,42,328,-0.03646159747705506,0.6439364857563509
feat_gbm,0.5,42,329,-2.6888704967395176,-2.60760252445046
feat_gbm,0.5,42,330,0.6783838965431919,0.46983427811083467
feat_gbm,0.5,42,331,-1.5185153920102965,-1.149354435920189
feat_gbm,0.5,42,332,-1.9047888212965638,-1.0961264399974935
feat_gbm,0.5,42,333,0.8524924964459171,1.4253561556633074
feat_gbm,0.5,42,334,0.9636955897859357,1.0406546288822482
feat_gbm,0.5,42,335,0.04275483995032168,-0.1286217558512718
feat_gbm,0.5,42,336,-1.7672907139398344,-1.7275974260064488
feat_gbm,0.5,42,337,-3.681476418569087,-4.535227665039715
feat_gbm,0.5,42,338,-0.341950830071307,-1.078833843619319
feat_gbm,0.5,42,339,-2.8540802472289286,-2.035297396751524
feat_gbm,0.5,42,340,0.44879134660805076,0.4788286932125707
feat_gbm,0.5,42,341,-1.3524659545768116,-0.4595082096564039
feat_gbm,0.5,42,342,-3.379814053138567,-3.653430804591794
feat_gbm,0.5,42,343,0.08844236972464821,0.2834522663037432
feat_gbm,0.5,42,344,0.08310961570081259,-0.15984972455285287
feat_gbm,0.5,42,345,-2.5425236506125932,-3.8822970119574354
feat_gbm,0.5,42,346,-2.8509378143621986,-2.5801989990218064
feat_gbm,0.5,42,347,-3.1233458537960628,-3.2622630695286134
feat_gbm,0.5,42,348,-0.3791503524158647,-0.4894561152880944
feat_gbm,0.5,42,349,-2.587709572245056,-3.0223552414624764
feat_gbm,0.5,42,350,0.5822220875527697,0.4215072765335228
feat_gbm,0.5,42,351,-1.9501764818657161,-1.8152752103400673
feat_gbm,0.5,42,352,0.5323277322098101,1.102263670511441
feat_gbm,0.5,42,353,0.9315811030067185,1.4454852001466738
feat_gbm,0.5,42,354,-3.3830722604293317,-3.6770060333191017
feat_gbm,0.5,42,355,-3.4225280144503434,-5.078652858832153
feat_gbm,0.5,42,356,0.3384016814144233,0.7815322159665122
feat_gbm,0.5,42,357,0.37029208196852564,0.6775133790495483
feat_gbm,0.5,42,358,-3.1040239057469035,-3.5163570325540956
feat_gbm,0.5,42,359,-0.8066063735077632,-4.157760523739404
feat_gbm,0.5,42,360,-0.7601082034682108,-0.18386357284099003
feat_gbm,0.5,42,361,-3.207475930797992,-4.477383009144865
feat_gbm,0.5,42,362,0.07380107311939424,0.2909126951240761
feat_gbm,0.5,42,363,-3.816244753728817,-3.5121531596302606
feat_gbm,0.5,42,364,-0.37685738766799326,-0.0019354464452207268
feat_gbm,0.5,42,365,-3.3012848074117302,-3.264666087597375
feat_gbm,0.5,42,366,-2.246598130025516,-1.4961090632143375
feat_gbm,0.5,42,367,-0.015158234892192078,-0.10305907560987346
feat_gbm,0.5,42,368,0.15340804161329524,0.24601275195113992
feat_gbm,0.5,42,369,-1.4033352856431114,-1.6400355118163064
feat_gbm,0.5,42,370,-2.0704093434934197,-1.5399226532969161
feat_gbm,0.5,42,371,-0.5885922658635176,-0.3336387161155974
feat_gbm,0.5,42,372,0.2778140311186895,0.3185760540422761
feat_gbm,0.5,42,373,-0.10524795573512197,-0.30756424411789
feat_gbm,0.5,42,374,-3.436703703863224,-3.551435429619069
feat_gbm,0.5,42,375,0.027565998196784403,-0.12846918127015178
feat_gbm,0.5,42,376,0.5963066676114769,0.43413099611324796
feat_gbm,0.5,42,377,0.5271505495673247,0.8095384731463161
feat_gbm,0.5,42,378,0.21480820150961338,0.20303525329731625
feat_gbm,0.5,42,379,0.27417796067710337,0.524784145223057
feat_gbm,0.5,42,380,0.4543090250603264,0.8722609808312535
feat_gbm,0.5,42,381,0.3905160494468945,1.0190202163897197
feat_gbm,0.5,42,382,0.4713432917094763,1.2715191268303472
feat_gbm,0.5,42,383,-0.23076144874323545,-0.13923746667536385
feat_gbm,0.5,42,384,-0.5772126467207797,-1.7983983483294153
feat_gbm,0.5,42,385,0.5028506049004208,0.5606037150840157
feat_gbm,0.5,42,386,0.4668149710793028,0.6003456151224621
feat_gbm,0.5,42,387,1.0567202302338157,1.3071718981356573
feat_gbm,0.5,42,388,0.07368278751314535,-0.19457283568776126
feat_gbm,0.5,42,389,-1.2122090774850507,-0.981880356960367
feat_gbm,0.5,42,390,-2.6124179572151984,-2.628024059072158
feat_gbm,0.5,42,391,-2.357162612643555,-2.479262758098376
feat_gbm,0.5,42,392,-2.0401258008489824,-2.207941629114672
feat_gbm,0.5,42,393,-2.4584615636665865,-2.806586620215901
feat_gbm,0.5,42,394,-0.39030906307792274,-0.16842623590390868
feat_gbm,0.5,42,395,0.37998901401619456,0.3596423409999632
feat_gbm,0.5,42,396,-3.0157128430176314,-3.117667066362407
feat_gbm,0.5,42,397,0.7523687115971804,0.6134086288650079
feat_gbm,0.5,42,398,0.4548171563456382,0.5049020087080688
feat_gbm,0.5,42,399,-0.9425589591622299,-1.0548605918119196
feat_gbm,0.5,42,400,-3.372744551708656,-2.877676775828332
feat_gbm,0.5,42,401,0.16462583558617008,0.015654415635624343
feat_gbm,0.5,42,402,-0.6925842671844251,-0.7027824676465185
feat_gbm,0.5,42,403,0.30687189128428166,0.6733427913489138
feat_gbm,0.5,42,404,0.18737053140398088,0.03259550049258387
feat_gbm,0.5,42,405,-3.248896446602746,-3.4179416205706223
feat_gbm,0.5,42,406,-2.0031439877205,-1.6563158072976616
feat_gbm,0.5,42,407,0.5346560587921564,0.3281041495218151
feat_gbm,0.5,42,408,-0.9885985075290982,-1.498502430121411
feat_gbm,0.5,42,409,-0.9930494120590168,-1.5390850133499359
feat_gbm,0.5,42,410,-1.8402606614886112,-3.8769914364338094
feat_gbm,0.5,42,411,-1.2970598467981054,-1.1093409530974205
feat_gbm,0.5,42,412,-2.627075982766761,-2.1356441225652167
feat_gbm,0.5,42,413,0.4636596288728163,0.5613925387002681
feat_gbm,0.5,42,414,-2.504924604115524,-2.672303525149137
feat_gbm,0.5,42,415,0.6065086680341276,0.9887747910888531
feat_gbm,0.5,42,416,-3.2624387975473352,-2.064740642123073
feat_gbm,0.5,42,417,-0.5718184727935276,-0.13534283366780814
feat_gbm,0.5,42,418,0.1358003513979104,0.5266566940316069
feat_gbm,0.5,42,419,-0.7568056289036716,-0.7929716308762645
feat_gbm,0.5,42,420,0.2248390173582136,0.22081989653443584
feat_gbm,0.5,42,421,-3.4968146528110418,-3.4911396429773087
feat_gbm,0.5,42,422,-0.14424216186528094,0.4691563032653497
feat_gbm,0.5,42,423,-0.03449478697957622,-0.21242164749251408
feat_gbm,0.5,42,424,-3.0635972813071004,-2.0235730224261497
feat_gbm,0.5,42,425,-0.4680574891483639,0.1881042769243711
feat_gbm,0.5,42,426,-0.95941471684831,-0.7546830882020855
feat_gbm,0.5,42,427,-1.6595106358827247,-2.004418163271322
feat_gbm,0.5,42,428,0.10256121427427352,0.08108350485015015
feat_gbm,0.5,42,429,-1.4239176269365663,-0.8958783842144782
feat_gbm,0.5,42,430,-0.9926286922689707,-0.700178367515834
feat_gbm,0.5,42,431,-2.0740963370867593,-2.026447754843476
feat_gbm,0.5,42,432,-3.3572320658093746,-3.3644112924118934
feat_gbm,0.5,42,433,-2.8765092925676714,-2.4777804975332844
feat_gbm,0.5,42,434,-3.304097472257296,-3.6407879329147783
feat_gbm,0.5,42,435,0.23976280301034045,0.8140524350977956
feat_gbm,0.5,42,436,-0.5688998094974129,-0.6342245759550225
feat_gbm,0.5,42,437,-1.209665269803464,-1.0170271575608654
feat_gbm,0.5,42,438,0.33299483901668253,1.2058566336630974
feat_gbm,0.5,42,439,1.0401818052005813,1.04159183954478
feat_gbm,0.5,42,440,-0.6004099399107782,-0.383754051292973
feat_gbm,0.5,42,441,1.3496130633092613,0.9717849563735496
feat_gbm,0.5,42,442,0.8405747411576265,0.915394257773604
feat_gbm,0.5,42,443,-0.3440780819869935,0.17619398118278368
feat_gbm,0.5,42,444,-2.8172384237133548,-2.3026142847949007
feat_gbm,0.5,42,445,-0.6927920533905452,-2.156995715227189
feat_gbm,0.5,42,446,-2.0082055537888004,-1.9647154613855007
feat_gbm,0.5,42,447,-1.2442588979467661,-1.2167428909736953
feat_gbm,0.5,42,448,-0.6674922306049081,0.371748058948411
feat_gbm,0.5,42,449,-2.85351890120421,-3.354914600670279
feat_gbm,0.5,42,450,-1.6857834687481783,-2.0984010901330774
feat_gbm,0.5,42,451,-1.5775988933240808,-1.8411195968283314
feat_gbm,0.5,42,452,-0.3203509010986669,-0.2866386615093297
feat_gbm,0.5,42,453,-1.998546938284128,-2.1769502099219324
feat_gbm,0.5,42,454,0.4199188929047436,0.851829112076475
feat_gbm,0.5,42,455,0.23895852607712495,-0.5174982843777256
feat_gbm,0.5,42,456,-2.891133599564803,-3.7883351795095335
feat_gbm,0.5,42,457,-2.1387404887449337,-1.3225504843777425
feat_gbm,0.5,42,458,-0.20221773562287132,-0.6304710111145473
feat_gbm,0.5,42,459,-2.4197743408716668,-2.867776928577639
feat_gbm,0.5,42,460,0.05734173401569107,-0.20106453453544149
feat_gbm,0.5,42,461,1.0385456666627866,0.565413433251147
feat_gbm,0.5,42,462,0.31524035785066157,0.6531860801292728
feat_gbm,0.5,42,463,-3.1833320569878123,-3.295531334571209
feat_gbm,0.5,42,464,-0.8896581705869364,-1.118951529136503
feat_gbm,0.5,42,465,0.037116449100200156,0.08535922256033004
feat_gbm,0.5,42,466,-0.7049928099078848,0.2656879386171551
feat_gbm,0.5,42,467,-1.0903167460740457,-1.0764680911985907
feat_gbm,0.5,42,468,2.0751535716144,2.2503813782282114
feat_gbm,0.5,42,469,-0.236622145568878,-0.029700274932011248
feat_gbm,0.5,42,470,-2.3782012639306713,-2.1918010579584375
feat_gbm,0.5,42,471,0.2521104982826039,-0.12537364897776127
feat_gbm,0.5,42,472,-1.4920119836515953,-1.3714574409892777
feat_gbm,0.5,42,473,-0.8076337335980882,-1.0216450817816245
feat_gbm,0.5,42,474,-0.9274703450582813,-0.8313233833759152
feat_gbm,0.5,42,475,-2.7367823910967486,-3.25243582884057
feat_gbm,0.5,42,476,0.6871135698947599,0.8737365575305754
feat_gbm,0.5,42,477,-2.572964471825145,-1.8373017486027088
feat_gbm,0.5,42,478,-1.7908922470374442,-1.909749317133085
feat_gbm,0.5,42,479,0.45288184716571944,0.418341725137149
feat_gbm,0.5,42,480,-2.759084260166163,-2.8689304810445995
feat_gbm,0.5,42,481,-3.2454301119673477,-3.9192950012633494
feat_gbm,0.5,42,482,0.6093045182237864,0.8191907452202399
feat_gbm,0.5,42,483,-2.3783877122786214,-2.7371748494528005
feat_gbm,0.5,42,484,-0.11738626236921913,0.043868991079412875
feat_gbm,0.5,42,485,-2.4679192055359276,-3.9571024828402512
feat_gbm,0.5,42,486,-1.2785218545504289,-0.8286091055291892
feat_gbm,0.5,42,487,0.8653238694735775,1.1086460137612473
feat_gbm,0.5,42,488,-0.6027444502156332,-1.0899995989348372
feat_gbm,0.5,42,489,-2.9846596955774807,-2.9260181182274523
feat_gbm,0.5,42,490,0.0600875648448636,0.01778898425240747
feat_gbm,0.5,42,491,-0.3400016036100484,-0.388546054063584
feat_gbm,0.5,42,492,-0.8357710051374505,-0.8483910406321095
feat_gbm,0.5,42,493,-2.4887159531527634,-2.4855190663855797
feat_gbm,0.5,42,494,-0.20355080173130588,-0.6027729178489412
feat_gbm,0.5,42,495,-2.499774615132174,-1.5285925057254015
feat_gbm,0.5,42,496,0.7301943365727441,1.0092174422839322
feat_gbm,0.5,42,497,-2.7392095571139423,-2.421052301727873
feat_gbm,0.5,42,498,-3.2402874655129095,-3.2283141264699093
feat_gbm,0.5,42,499,-3.788840683097079,-4.907212199848568
feat_gbm,0.5,43,0,-0.27733062353207927,0.03894909458183669
feat_gbm,0.5,43,1,-2.2167700118699707,-2.5052564746229193
feat_gbm,0.5,43,2,0.5773865663973802,0.6287827851917782
feat_gbm,0.5,43,3,-3.3303907431195823,-3.3447289283878643
feat_gbm,0.5,43,4,0.9820797338486094,0.9694015026406426
feat_gbm,0.5,43,5,-1.777302298764962,-2.4693709778233526
feat_gbm,0.5,43,6,0.0005190617026307326,-0.2819211013310965
feat_gbm,0.5,43,7,0.6435102907935433,0.5289578846490461
feat_gbm,0.5,43,8,0.5229173907290322,0.032863622186365654
feat_gbm,0.5,43,9,1.1469769774948295,0.9352707853930591
feat_gbm,0.5,43,10,-1.7030124580019925,-1.5987558134683666
feat_gbm,0.5,43,11,-3.1667912318043423,-3.2678706438993954
feat_gbm,0.5,43,12,-2.530320708707193,-2.445380546146449
feat_gbm,0.5,43,13,-0.2813058973467098,-0.4471217519653716
feat_gbm,0.5,43,14,-1.8754911704025563,-1.8343062920535937
feat_gbm,0.5,43,15,-2.1812141308133355,-2.278287047942225
feat_gbm,0.5,43,16,-1.053144030706834,-1.113015507562239
feat_gbm,0.5,43,17,-1.2953628071584782,-1.149386040828735
feat_gbm,0.5,43,18,-0.19533413626601032,-0.4541092694382234
feat_gbm,0.5,43,19,-2.5263271447887368,-2.8798658660471284
feat_gbm,0.5,43,20,-3.006540710449817,-3.281006200299989
feat_gbm,0.5,43,21,-0.8887256730597524,-0.7889402030111288
feat_gbm,0.5,43,22,-0.3303179120424984,-0.48114593055133975
feat_gbm,0.5,43,23,-3.228947055322828,-2.8038114998165153
feat_gbm,0.5,43,24,-2.955236138787802,-2.6726430450531393
feat_gbm,0.5,43,25,-3.4613179099704907,-3.141178249464176
feat_gbm,0.5,43,26,-3.385367607115015,-3.8612362310489847
feat_gbm,0.5,43,27,-2.90370974163211,-3.085821277369337
feat_gbm,0.5,43,28,-2.8464675300551106,-2.1153791712035637
feat_gbm,0.5,43,29,-0.24690489646579433,-0.5854112868629942
feat_gbm,0.5,43,30,-0.2781094078501933,0.13849791927417068
feat_gbm,0.5,43,31,-2.8285917591394933,-2.779654184179668
feat_gbm,0.5,43,32,1.3708324193703707,0.9166392391011026
feat_gbm,0.5,43,33,-2.153002811671818,-2.134444297962007
feat_gbm,0.5,43,34,1.0031495114130338,1.1224191581864646
feat_gbm,0.5,43,35,-3.3175447014675514,-2.7514680837461087
feat_gbm,0.5,43,36,0.6939445682205819,0.7493710802437775
feat_gbm,0.5,43,37,-1.8191279930782769,-2.157600461660938
feat_gbm,0.5,43,38,-1.1919364422016974,-1.7436371170468024
feat_gbm,0.5,43,39,0.5505724715578916,0.632388610685479
feat_gbm,0.5,43,40,-2.281438452919469,-1.5024753827969588
feat_gbm,0.5,43,41,-2.394107198312594,-2.936018587066778
feat_gbm,0.5,43,42,-0.2577204169118042,-0.06406961406287034
feat_gbm,0.5,43,43,-0.4377790435898953,-0.43711075337934485
feat_gbm,0.5,43,44,0.7706789286194561,0.521724778538647
feat_gbm,0.5,43,45,0.5152160562925588,-0.02881562555915001
feat_gbm,0.5,43,46,-2.475760634099786,-2.6856700943784895
feat_gbm,0.5,43,47,-2.931275937113699,-3.3419513202228783
feat_gbm,0.5,43,48,-0.3788958091386692,-0.35240032436669677
feat_gbm,0.5,43,49,-3.671381506606652,-4.466027560457086
feat_gbm,0.5,43,50,-0.9673533149227423,-1.2227887404747313
feat_gbm,0.5,43,51,-3.7109649029852534,-4.168130875201601
feat_gbm,0.5,43,52,-1.72230159372574,-2.1825653069440887
feat_gbm,0.5,43,53,-2.9476409831808374,-2.816977102698189
feat_gbm,0.5,43,54,-0.4021534542623227,-0.9520374156321785
feat_gbm,0.5,43,55,0.47256182834460464,0.800460094219776
feat_gbm,0.5,43,56,0.32237753030026234,0.2782562560211116
feat_gbm,0.5,43,57,-0.13541220260941905,-0.7855200046266205
feat_gbm,0.5,43,58,-3.151735361339786,-2.837973637743256
feat_gbm,0.5,43,59,-0.3008888632298255,0.3653424354755994
feat_gbm,0.5,43,60,-2.4854048337379924,-3.145987746693799
feat_gbm,0.5,43,61,-2.9621159263904606,-2.1381844357326614
feat_gbm,0.5,43,62,0.4657276715708833,0.3908315550690521
feat_gbm,0.5,43,63,-3.052749208181801,-3.259739876316779
feat_gbm,0.5,43,64,-2.797854133894712,-3.799325775609258
feat_gbm,0.5,43,65,0.5915399825716529,0.2842997557356093
feat_gbm,0.5,43,66,0.5608919725601309,0.9099380077885143
feat_gbm,0.5,43,67,0.46508264357342005,0.5741223235018287
feat_gbm,0.5,43,68,0.989297821189497,1.3807263582335993
feat_gbm,0.5,43,69,0.22634616243722683,2.7357387204405055
feat_gbm,0.5,43,70,0.10677842941858871,-0.3782017485149665
feat_gbm,0.5,43,71,-0.5130247767232019,-0.6946521973220513
feat_gbm,0.5,43,72,-3.1229628471762907,-3.510295151868067
feat_gbm,0.5,43,73,-0.6172228153110166,-0.3643686170400702
feat_gbm,0.5,43,74,1.4422627123539884,1.1835884152793859
feat_gbm,0.5,43,75,0.1454956426756795,-0.38644824542838596
feat_gbm,0.5,43,76,0.8621417487442951,0.7005004452467647
feat_gbm,0.5,43,77,0.1304797114857774,0.3770911051312199
feat_gbm,0.5,43,78,-0.5654863735925612,-0.5374783823521183
feat_gbm,0.5,43,79,-2.521002979031652,-3.2499450611549854
feat_gbm,0.5,43,80,-1.78427970212776,-1.719925172279684
feat_gbm,0.5,43,81,0.8585368261859075,1.8185710395242058
feat_gbm,0.5,43,82,-1.3904895175306304,-1.0758778979961314
feat_gbm,0.5,43,83,-0.5743767570025228,-0.8033140510569362
feat_gbm,0.5,43,84,-1.9976217189749084,-2.0837035815006346
feat_gbm,0.5,43,85,-2.444475313795538,-1.2430797823904942
feat_gbm,0.5,43,86,0.937468131028557,0.639317965424242
feat_gbm,0.5,43,87,-0.020777448444819074,-0.02321591952008587
feat_gbm,0.5,43,88,-2.8460678381590134,-3.512086916650174
feat_gbm,0.5,43,89,-2.132892717875883,-1.684363733317816
feat_gbm,0.5,43,90,-3.195994127502798,-3.5341996208099964
feat_gbm,0.5,43,91,0.7662625691560674,1.1574629997660548
feat_gbm,0.5,43,92,-1.032446082426381,-0.7651863719989663
feat_gbm,0.5,43,93,-2.7866988589079114,-5.7708125015304885
feat_gbm,0.5,43,94,0.14193816840797435,0.07374698385127064
feat_gbm,0.5,43,95,0.18610271783240223,1.201566413592891
feat_gbm,0.5,43,96,1.6284309689623249,1.2655480006709303
feat_gbm,0.5,43,97,-3.0871882409013836,-3.2217777708537843
feat_gbm,0.5,43,98,-1.1521415401017034,-1.2120387208328698
feat_gbm,0.5,43,99,-0.474679631444867,-0.04015373686183237
feat_gbm,0.5,43,100,-2.718968563050483,-2.8384481914339785
feat_gbm,0.5,43,101,-3.3774230198804185,-3.541068619782685
feat_gbm,0.5,43,102,-3.3594804313383677,-4.424727465058162
feat_gbm,0.5,43,103,-0.6178336180379039,-0.7652009130347144
feat_gbm,0.5,43,104,-0.24038945735539025,-0.406664655497914
feat_gbm,0.5,43,105,-2.5808631397983692,-2.8019031633754246
feat_gbm,0.5,43,106,-1.1835497545018776,-1.1978192780958505
feat_gbm,0.5,43,107,-1.2911892162895469,-1.2497822804421463
feat_gbm,0.5,43,108,0.08714638848498472,-0.2003702404752673
feat_gbm,0.5,43,109,-0.3674315617414617,-0.28745536208379296
feat_gbm,0.5,43,110,0.3637397256966004,0.2838469771831524
feat_gbm,0.5,43,111,0.3655474600434666,0.6579850926301614
feat_gbm,0.5,43,112,-0.40356732215029717,-0.4279263804064609
feat_gbm,0.5,43,113,0.5480081182158265,0.527327823801956
feat_gbm,0.5,43,114,-3.0779691783292664,-3.652947895428966
feat_gbm,0.5,43,115,-0.5140879753413755,-0.04287987221360797
feat_gbm,0.5,43,116,-2.9481588520641835,-3.4409421360670214
feat_gbm,0.5,43,117,-3.0110757576404006,-2.4284095097884006
feat_gbm,0.5,43,118,-1.7312500616225075,-1.419217075367618
feat_gbm,0.5,43,119,-1.402407865145021,-1.4944271796191557
feat_gbm,0.5,43,120,-2.9268218156156713,-2.797137626437216
feat_gbm,0.5,43,121,1.160924395242786,3.1321125804877905
feat_gbm,0.5,43,122,-1.8646670073506058,-3.164895556438051
feat_gbm,0.5,43,123,0.23801262282407357,-0.021234684620174846
feat_gbm,0.5,43,124,-1.5991536143882628,-1.246001114532972
feat_gbm,0.5,43,125,-2.5799158195748233,-2.7130193085566443
feat_gbm,0.5,43,126,-1.1691310738255696,-2.0560780011130944
feat_gbm,0.5,43,127,-2.1781696828156023,-1.631222331554067
feat_gbm,0.5,43,128,-2.235070869731405,-3.477307725783656
feat_gbm,0.5,43,129,0.4413383585202665,1.7007542891568868
feat_gbm,0.5,43,130,-2.3459386913324263,-3.4021624962570822
feat_gbm,0.5,43,131,-3.6849692234870854,-3.701149444421242
feat_gbm,0.5,43,132,-0.4190180161771313,-0.4116741376471012
feat_gbm,0.5,43,133,-0.8440485122006545,-0.5680375850475197
feat_gbm,0.5,43,134,-2.6959958202587644,-1.4788189923590598
feat_gbm,0.5,43,135,-2.644060036151452,-2.9896549957503007
feat_gbm,0.5,43,136,0.49034141561470196,0.11194117436713467
feat_gbm,0.5,43,137,1.156139911955951,1.7147062893715772
feat_gbm,0.5,43,138,-2.3092485036938397,-1.9709125209383296
feat_gbm,0.5,43,139,-0.47003785445539437,0.19937477723826902
feat_gbm,0.5,43,140,-2.393099077941169,-2.8223726616431475
feat_gbm,0.5,43,141,-0.2019922971160823,-0.12380828599000025
feat_gbm,0.5,43,142,-2.5302238457284387,-2.97521232911642
feat_gbm,0.5,43,143,-1.8136408037333351,-1.9484557479617686
feat_gbm,0.5,43,144,0.5513565966858323,1.244093655886106
feat_gbm,0.5,43,145,-2.014557313043626,-2.0280859266176816
feat_gbm,0.5,43,146,-2.5983265965633477,-2.0754073031653366
feat_gbm,0.5,43,147,0.18220324116056247,-0.11331641159387335
feat_gbm,0.5,43,148,-2.5628454553708893,-2.620298039600635
feat_gbm,0.5,43,149,-3.353394717528777,-3.8395532227602396
feat_gbm,0.5,43,150,-1.0608713227767688,-2.149698272240366
feat_gbm,0.5,43,151,-2.8601898208953798,-3.1594376779318036
feat_gbm,0.5,43,152,-2.4121632367967414,-2.7712141114581046
feat_gbm,0.5,43,153,-1.7424085838142256,-1.1483368403810985
feat_gbm,0.5,43,154,-1.4456616593662455,-1.4700676700115773
feat_gbm,0.5,43,155,0.9261550772384388,1.4088416749712322
feat_gbm,0.5,43,156,0.7395607600438916,0.7564704220494097
feat_gbm,0.5,43,157,-1.4052589555577377,-1.7148995557963913
feat_gbm,0.5,43,158,-1.4328987117980103,-2.8595355115547196
feat_gbm,0.5,43,159,-1.2277570262951523,-0.9922400520728849
feat_gbm,0.5,43,160,2.0581069109288905,1.8585227307534937
feat_gbm,0.5,43,161,-2.7140131839492643,-2.477654537850602
feat_gbm,0.5,43,162,-3.2723543496860854,-2.993764039868935
feat_gbm,0.5,43,163,-0.8959843176208989,-1.1722671160336509
feat_gbm,0.5,43,164,-1.9173303722263013,-1.6577576086204497
feat_gbm,0.5,43,165,-2.199313365515502,-2.9770186999323642
feat_gbm,0.5,43,166,-3.17426923068392,-3.2329952824425443
feat_gbm,0.5,43,167,-0.2905687801872717,0.19550508612775644
feat_gbm,0.5,43,168,-1.1672711351152185,-1.2639642813248737
feat_gbm,0.5,43,169,1.2457171998117444,1.4224064134580066
feat_gbm,0.5,43,170,-1.7860271490825914,-1.5303724784706008
feat_gbm,0.5,43,171,0.7470920431597253,0.6086346650572224
feat_gbm,0.5,43,172,0.004811592329744161,-0.052232489626048526
feat_gbm,0.5,43,173,-0.2148486421574613,-0.19074605880313256
feat_gbm,0.5,43,174,-2.755515486059106,-2.7678232596734214
feat_gbm,0.5,43,175,-1.842171357412823,-1.6557092188829319
feat_gbm,0.5,43,176,0.43745872076347725,0.12081831439914445
feat_gbm,0.5,43,177,0.39508161793516744,3.7031714993021168
feat_gbm,0.5,43,178,-0.09699219290826736,-0.17761292562564054
feat_gbm,0.5,43,179,-0.14385759326445308,0.2295122735959306
feat_gbm,0.5,43,180,-1.3333624231259151,-1.6401012725318311
feat_gbm,0.5,43,181,-2.8614050080902547,-3.399461101549646
feat_gbm,0.5,43,182,0.3962592016809495,0.5421608664871393
feat_gbm,0.5,43,183,-3.004219672741656,-3.7858185839721776
feat_gbm,0.5,43,184,0.33217329122419714,0.4440956773301304
feat_gbm,0.5,43,185,0.09296465041442903,0.5450962365111649
feat_gbm,0.5,43,186,-2.812640040726997,-3.094441269353033
feat_gbm,0.5,43,187,0.9454858153198724,1.436275522654785
feat_gbm,0.5,43,188,0.11652913702844224,-0.003208414280501246
feat_gbm,0.5,43,189,-1.973377598488143,-2.0766448721687736
feat_gbm,0.5,43,190,-2.9990712710120406,-2.887011097372245
feat_gbm,0.5,43,191,-0.12598761338973188,-0.19564387773269687
feat_gbm,0.5,43,192,-2.3902153551628613,-3.39219136175158
feat_gbm,0.5,43,193,-3.851140312081003,-4.804455114758695
feat_gbm,0.5,43,194,-0.24846542174704223,-0.23230879418151415
feat_gbm,0.5,43,195,0.8899518612876232,0.7768952289284052
feat_gbm,0.5,43,196,-3.2153152302758254,-3.0758975731441707
feat_gbm,0.5,43,197,1.8348808150710114,1.8852948766094535
feat_gbm,0.5,43,198,-0.04837831961698928,-0.07474663349946693
feat_gbm,0.5,43,199,1.5138297973806645,0.9295509098669842
feat_gbm,0.5,43,200,0.1670575740238638,0.40408761039079466
feat_gbm,0.5,43,201,-1.482273022677101,-1.0185563947000995
feat_gbm,0.5,43,202,-1.4194796961668659,-1.5812541435625456
feat_gbm,0.5,43,203,-2.339655511394918,-2.9269603411540346
feat_gbm,0.5,43,204,-0.37022450632837717,-0.9368237022381455
feat_gbm,0.5,43,205,-0.7287027789857204,-0.771906247259438
feat_gbm,0.5,43,206,-1.4121976673674723,-1.4457766532498904
feat_gbm,0.5,43,207,-2.4965333799163485,-2.4752738768021185
feat_gbm,0.5,43,208,-3.3963328232679717,-2.8789590131308262
feat_gbm,0.5,43,209,-3.0187478439018975,-2.6986856152036793
feat_gbm,0.5,43,210,-0.062131621830526514,0.05837096406180189
feat_gbm,0.5,43,211,-1.998440452567087,-2.2327070274631113
feat_gbm,0.5,43,212,0.045879477723326734,0.15758807445032513
feat_gbm,0.5,43,213,0.8200429022870457,0.5234750924970406
feat_gbm,0.5,43,214,0.5121477429905447,0.8312555987922697
feat_gbm,0.5,43,215,-1.2705273810974942,-0.7699972654610447
feat_gbm,0.5,43,216,-1.9006007549687602,-2.4368834827463726
feat_gbm,0.5,43,217,-3.546302416402806,-3.7421886443248944
feat_gbm,0.5,43,218,-3.1544802226639646,-4.3753265313120195
feat_gbm,0.5,43,219,0.16814818229822592,0.13181597567614448
feat_gbm,0.5,43,220,-2.348403658670935,-2.150299196146146
feat_gbm,0.5,43,221,0.2678693849262189,0.4316281043505307
feat_gbm,0.5,43,222,0.8823861825622864,0.20581216265343685
feat_gbm,0.5,43,223,-1.1356457117127277,-1.7226779576420432
feat_gbm,0.5,43,224,0.8976777087464491,1.0701061526100661
feat_gbm,0.5,43,225,-3.2443181973562623,-2.995983076644188
feat_gbm,0.5,43,226,-0.234313265629697,-0.39103048890459524
feat_gbm,0.5,43,227,-2.0542642054552536,-2.811377433191803
feat_gbm,0.5,43,228,0.22130429077992847,0.1103569248772952
feat_gbm,0.5,43,229,0.7024029232143415,1.0926797996732165
feat_gbm,0.5,43,230,-1.677803535550298,-1.1465469989616057
feat_gbm,0.5,43,231,-3.5024141112773766,-3.7045714701961474
feat_gbm,0.5,43,232,-0.06720456396523745,-0.3205795311611984
feat_gbm,0.5,43,233,-0.35475795699159807,-0.7282288274356463
feat_gbm,0.5,43,234,0.12079140888374985,-0.6143938277881194
feat_gbm,0.5,43,235,-3.783934816216957,-3.717493513170671
feat_gbm,0.5,43,236,-1.8500681940415316,-1.894186438607053
feat_gbm,0.5,43,237,0.07037261686949542,0.19101892391720615
feat_gbm,0.5,43,238,-2.399101840267641,-2.723653519266766
feat_gbm,0.5,43,239,0.32320956347945284,0.28172679866345784
feat_gbm,0.5,43,240,-0.9061393378202399,-0.570916259780521
feat_gbm,0.5,43,241,-1.6447771080674167,-3.037607674189957
feat_gbm,0.5,43,242,-2.834131626661539,-2.4824067099880884
feat_gbm,0.5,43,243,0.928228849541019,1.793244191067856
feat_gbm,0.5,43,244,-2.5074196622455753,-2.170563194223024
feat_gbm,0.5,43,245,-3.0632566880462364,-2.5580286375581696
feat_gbm,0.5,43,246,-2.5840467484936713,-3.9013363177662743
feat_gbm,0.5,43,247,-1.0891318374375076,-1.2689211715035387
feat_gbm,0.5,43,248,-2.8178379677969203,-2.89795980370705
feat_gbm,0.5,43,249,-1.1151129336829764,-1.149470325468549
feat_gbm,0.5,43,250,-2.1184674076590797,-2.1803876537888693
feat_gbm,0.5,43,251,-1.6803428650615109,-1.2010659028736028
feat_gbm,0.5,43,252,-2.4855988289409963,-2.675840590612525
feat_gbm,0.5,43,253,-0.9054521329432783,-0.865421424414132
feat_gbm,0.5,43,254,-1.2142713346622103,-0.45089388998719687
feat_gbm,0.5,43,255,-1.6249825294147044,-1.477655138121315
feat_gbm,0.5,43,256,-2.214215851323819,-1.9234128661936198
feat_gbm,0.5,43,257,-1.7541553407731516,-0.8895479413744646
feat_gbm,0.5,43,258,-1.1019461342843753,-1.284701881398344
feat_gbm,0.5,43,259,-0.07166568799236657,0.03791276039075724
feat_gbm,0.5,43,260,-1.5635007569873212,-1.213907680807544
feat_gbm,0.5,43,261,-0.11069479361744619,-0.6937064881158975
feat_gbm,0.5,43,262,-1.9201325831641283,-2.500344974429108
feat_gbm,0.5,43,263,-2.93680786084926,-3.0782877743164985
feat_gbm,0.5,43,264,-3.4400284722018166,-3.2702790535172426
feat_gbm,0.5,43,265,-0.28857098468295816,-0.15746453031192983
feat_gbm,0.5,43,266,-2.0106591670108656,-1.3930653126164372
feat_gbm,0.5,43,267,-3.2408193683591144,-3.460520174484755
feat_gbm,0.5,43,268,-2.1578024404493643,-1.8115923421665279
feat_gbm,0.5,43,269,-0.19989985591457593,-0.04785951915829837
feat_gbm,0.5,43,270,-1.242496992981454,-1.3387838926701625
feat_gbm,0.5,43,271,0.9013436666959462,0.6172482925771328
feat_gbm,0.5,43,272,-0.08304351111906172,0.10718580269537517
feat_gbm,0.5,43,273,-2.219544567496332,-2.4250613993713395
feat_gbm,0.5,43,274,-0.31981304916219044,-0.4656136934058211
feat_gbm,0.5,43,275,-2.229849040991164,-1.7679071058666047
feat_gbm,0.5,43,276,-0.4756585038991123,-0.15192249005847586
feat_gbm,0.5,43,277,-0.4470171494879897,-0.22686658439221394
feat_gbm,0.5,43,278,-0.6681714505271741,-0.3963273628232521
feat_gbm,0.5,43,279,-2.5011678496775573,-2.1916982233579314
feat_gbm,0.5,43,280,0.5274684849343053,0.5138857123822332
feat_gbm,0.5,43,281,0.2334183313285475,0.13501120436460418
feat_gbm,0.5,43,282,-0.08591352764069585,-0.35232291748203215
feat_gbm,0.5,43,283,0.2870461605994024,0.33710059568630363
feat_gbm,0.5,43,284,1.6827285799830474,2.2269494594330284
feat_gbm,0.5,43,285,-0.8895315377774059,-0.8523290277873723
feat_gbm,0.5,43,286,0.39266601322679107,0.5032694866056324
feat_gbm,0.5,43,287,-2.8170116688045637,-3.0734310124071125
feat_gbm,0.5,43,288,-2.7310118307004334,-3.0969464995649485
feat_gbm,0.5,43,289,0.6479636906652384,0.8088909840914691
feat_gbm,0.5,43,290,-1.4970233130409338,-1.710735902712342
feat_gbm,0.5,43,291,0.12094348472074032,-0.24588513525180683
feat_gbm,0.5,43,292,-2.918136563750398,-2.9910915714149957
feat_gbm,0.5,43,293,-0.061285408240571534,0.24397961438558982
feat_gbm,0.5,43,294,0.7012631577586511,0.9827222917401395
feat_gbm,0.5,43,295,0.8743888784658423,1.5399914318848642
feat_gbm,0.5,43,296,-2.486628435698502,-3.028104854063688
feat_gbm,0.5,43,297,-1.5020239975803407,-1.9675880903276046
feat_gbm,0.5,43,298,0.49792448019887003,0.3882116190950413
feat_gbm,0.5,43,299,-0.3561199671683213,-0.4169590587595381
feat_gbm,0.5,43,300,-0.3838094785650115,-0.47104701624968015
feat_gbm,0.5,43,301,-0.5619992559075814,-0.5788171023402015
feat_gbm,0.5,43,302,-3.014652888516419,-3.325334912618423
feat_gbm,0.5,43,303,-0.34199994651699345,0.27214776974989446
feat_gbm,0.5,43,304,0.09275210262175881,0.2838761456734127
feat_gbm,0.5,43,305,0.7397249701094741,0.98356576927226
feat_gbm,0.5,43,306,-2.0854193824320757,-2.324804251846344
feat_gbm,0.5,43,307,-0.036380900396900014,-0.30060412365222405
feat_gbm,0.5,43,308,-3.000126409934061,-3.5706943269006843
feat_gbm,0.5,43,309,0.7513730186720221,0.7657986236992217
feat_gbm,0.5,43,310,-0.33385168407875715,-0.3760212383278314
feat_gbm,0.5,43,311,0.8398163438131141,0.903367601886353
feat_gbm,0.5,43,312,0.40629098576838973,0.2834145554969618
feat_gbm,0.5,43,313,-0.16886692482069837,-0.8750381269167363
feat_gbm,0.5,43,314,-0.5674988742036906,-0.8911054934067958
feat_gbm,0.5,43,315,0.124119875296103,0.2699623908229132
feat_gbm,0.5,43,316,-3.109081555684258,-4.034449774534175
feat_gbm,0.5,43,317,0.46216494509881606,0.7302045063515665
feat_gbm,0.5,43,318,-2.736370258715316,-2.5264159394565007
feat_gbm,0.5,43,319,-3.4386672695051885,-3.1280680478747835
feat_gbm,0.5,43,320,0.4288050381255737,-0.623194388118803
feat_gbm,0.5,43,321,-3.7324661065093934,-4.172922463867305
feat_gbm,0.5,43,322,1.2795744602656611,1.0714029341973417
feat_gbm,0.5,43,323,-2.9107079358615504,-2.5538050374755565
feat_gbm,0.5,43,324,-1.564374764245807,-1.5310020975326282
feat_gbm,0.5,43,325,-0.5549570224676095,-0.735749980772127
feat_gbm,0.5,43,326,-0.47914729491948976,-0.5010306012352705
feat_gbm,0.5,43,327,-3.8501270021115266,-4.393123087746285
feat_gbm,0.5,43,328,-0.2283161306082197,0.6439364857563509
feat_gbm,0.5,43,329,-2.65718051562397,-2.60760252445046
feat_gbm,0.5,43,330,0.5215297453766516,0.46983427811083467
feat_gbm,0.5,43,331,-1.4963323613268977,-1.149354435920189
feat_gbm,0.5,43,332,-1.7655672056351428,-1.0961264399974935
feat_gbm,0.5,43,333,0.7276047959592364,1.4253561556633074
feat_gbm,0.5,43,334,0.8125934701334702,1.0406546288822482
feat_gbm,0.5,43,335,0.061220774168403214,-0.1286217558512718
feat_gbm,0.5,43,336,-1.8350317181131865,-1.7275974260064488
feat_gbm,0.5,43,337,-3.7781190433002863,-4.535227665039715
feat_gbm,0.5,43,338,-0.16065308158988933,-1.078833843619319
feat_gbm,0.5,43,339,-2.9256482537901243,-2.035297396751524
feat_gbm,0.5,43,340,0.5633178950201183,0.4788286932125707
feat_gbm,0.5,43,341,-1.3468263084405816,-0.4595082096564039
feat_gbm,0.5,43,342,-3.2665514228384986,-3.653430804591794
feat_gbm,0.5,43,343,0.08263455284091518,0.2834522663037432
feat_gbm,0.5,43,344,0.11566703637633845,-0.15984972455285287
feat_gbm,0.5,43,345,-2.7202813094214346,-3.8822970119574354
feat_gbm,0.5,43,346,-2.5050977055580623,-2.5801989990218064
feat_gbm,0.5,43,347,-3.1613337349544413,-3.2622630695286134
feat_gbm,0.5,43,348,-0.3075669492649935,-0.4894561152880944
feat_gbm,0.5,43,349,-2.6535533162776814,-3.0223552414624764
feat_gbm,0.5,43,350,0.5850097403317778,0.4215072765335228
feat_gbm,0.5,43,351,-1.8382946103644928,-1.8152752103400673
feat_gbm,0.5,43,352,0.5615477540302815,1.102263670511441
feat_gbm,0.5,43,353,0.9588348388073921,1.4454852001466738
feat_gbm,0.5,43,354,-3.390896091352176,-3.6770060333191017
feat_gbm,0.5,43,355,-3.5405467004450015,-5.078652858832153
feat_gbm,0.5,43,356,0.30159828797889443,0.7815322159665122
feat_gbm,0.5,43,357,0.5754988293535446,0.6775133790495483
feat_gbm,0.5,43,358,-3.0308498173769443,-3.5163570325540956
feat_gbm,0.5,43,359,-1.3132987459612298,-4.157760523739404
feat_gbm,0.5,43,360,-0.7759233001090413,-0.18386357284099003
feat_gbm,0.5,43,361,-3.281068884904782,-4.477383009144865
feat_gbm,0.5,43,362,0.05324478287403186,0.2909126951240761
feat_gbm,0.5,43,363,-3.5125552039175525,-3.5121531596302606
feat_gbm,0.5,43,364,-0.713805688736048,-0.0019354464452207268
feat_gbm,0.5,43,365,-3.3398588704963132,-3.264666087597375
feat_gbm,0.5,43,366,-2.5367636920276913,-1.4961090632143375
feat_gbm,0.5,43,367,0.10389334742557477,-0.10305907560987346
feat_gbm,0.5,43,368,0.26041218493607404,0.24601275195113992
feat_gbm,0.5,43,369,-1.361810313746459,-1.6400355118163064
feat_gbm,0.5,43,370,-2.081394907119055,-1.5399226532969161
feat_gbm,0.5,43,371,-0.47423629694244923,-0.3336387161155974
feat_gbm,0.5,43,372,0.19550553427983927,0.3185760540422761
feat_gbm,0.5,43,373,-0.34125334464860496,-0.30756424411789
feat_gbm,0.5,43,374,-3.412956417698037,-3.551435429619069
feat_gbm,0.5,43,375,0.14437530940489235,-0.12846918127015178
feat_gbm,0.5,43,376,0.4738487012031603,0.43413099611324796
feat_gbm,0.5,43,377,0.5666045860771843,0.8095384731463161
feat_gbm,0.5,43,378,0.22706897326298142,0.20303525329731625
feat_gbm,0.5,43,379,0.2645466329178858,0.524784145223057
feat_gbm,0.5,43,380,0.4488818627005273,0.8722609808312535
feat_gbm,0.5,43,381,0.45435711381194105,1.0190202163897197
feat_gbm,0.5,43,382,0.5380001180979606,1.2715191268303472
feat_gbm,0.5,43,383,-0.030484595598010096,-0.13923746667536385
feat_gbm,0.5,43,384,-0.9978123157628144,-1.7983983483294153
feat_gbm,0.5,43,385,0.6792872234418142,0.5606037150840157
feat_gbm,0.5,43,386,0.6699404906096642,0.6003456151224621
feat_gbm,0.5,43,387,1.0568057330092984,1.3071718981356573
feat_gbm,0.5,43,388,0.027814414793182,-0.19457283568776126
feat_gbm,0.5,43,389,-1.1531121658100292,-0.981880356960367
feat_gbm,0.5,43,390,-2.494670506673837,-2.628024059072158
feat_gbm,0.5,43,391,-2.1636790138960884,-2.479262758098376
feat_gbm,0.5,43,392,-2.1514053589253055,-2.207941629114672
feat_gbm,0.5,43,393,-2.512285230419102,-2.806586620215901
feat_gbm,0.5,43,394,-0.5243188028135161,-0.16842623590390868
feat_gbm,0.5,43,395,0.3261704849789247,0.3596423409999632
feat_gbm,0.5,43,396,-3.241200952947016,-3.117667066362407
feat_gbm,0.5,43,397,0.5214204035166039,0.6134086288650079
feat_gbm,0.5,43,398,0.48181009049446305,0.5049020087080688
feat_gbm,0.5,43,399,-1.0598247878458251,-1.0548605918119196
feat_gbm,0.5,43,400,-3.348322764557611,-2.877676775828332
feat_gbm,0.5,43,401,0.21665432371074844,0.015654415635624343
feat_gbm,0.5,43,402,-0.5445435823434455,-0.7027824676465185
feat_gbm,0.5,43,403,0.33623689319723526,0.6733427913489138
feat_gbm,0.5,43,404,0.277066174766421,0.03259550049258387
feat_gbm,0.5,43,405,-3.217684893348452,-3.4179416205706223
feat_gbm,0.5,43,406,-1.9953012660447014,-1.6563158072976616
feat_gbm,0.5,43,407,0.5502832014470176,0.3281041495218151
feat_gbm,0.5,43,408,-1.01064103498374,-1.498502430121411
feat_gbm,0.5,43,409,-1.2121644549581923,-1.5390850133499359
feat_gbm,0.5,43,410,-2.090243879283514,-3.8769914364338094
feat_gbm,0.5,43,411,-1.3559538823355857,-1.1093409530974205
feat_gbm,0.5,43,412,-2.449930397270675,-2.1356441225652167
feat_gbm,0.5,43,413,0.5005749648761448,0.5613925387002681
feat_gbm,0.5,43,414,-2.589486603031001,-2.672303525149137
feat_gbm,0.5,43,415,0.9671257839140176,0.9887747910888531
feat_gbm,0.5,43,416,-3.42199631365232,-2.064740642123073
feat_gbm,0.5,43,417,-0.42651990452747995,-0.13534283366780814
feat_gbm,0.5,43,418,0.046350040698300024,0.5266566940316069
feat_gbm,0.5,43,419,-0.49139984006557846,-0.7929716308762645
feat_gbm,0.5,43,420,0.24924004694263108,0.22081989653443584
feat_gbm,0.5,43,421,-3.63929480053814,-3.4911396429773087
feat_gbm,0.5,43,422,-0.45560459837809136,0.4691563032653497
feat_gbm,0.5,43,423,0.05679787328516182,-0.21242164749251408
feat_gbm,0.5,43,424,-3.2670657385963464,-2.0235730224261497
feat_gbm,0.5,43,425,-0.3140887678119407,0.1881042769243711
feat_gbm,0.5,43,426,-0.8789199072683204,-0.7546830882020855
feat_gbm,0.5,43,427,-1.5053113770937399,-2.004418163271322
feat_gbm,0.5,43,428,0.1609808273753014,0.08108350485015015
feat_gbm,0.5,43,429,-1.4590633944432128,-0.8958783842144782
feat_gbm,0.5,43,430,-1.0328147961698122,-0.700178367515834
feat_gbm,0.5,43,431,-2.10559995764302,-2.026447754843476
feat_gbm,0.5,43,432,-3.3711376561760704,-3.3644112924118934
feat_gbm,0.5,43,433,-3.031067218105764,-2.4777804975332844
feat_gbm,0.5,43,434,-3.41684563568248,-3.6407879329147783
feat_gbm,0.5,43,435,0.44411736582772726,0.8140524350977956
feat_gbm,0.5,43,436,-0.7542990339859292,-0.6342245759550225
feat_gbm,0.5,43,437,-0.7873702943946119,-1.0170271575608654
feat_gbm,0.5,43,438,0.40220909789152104,1.2058566336630974
feat_gbm,0.5,43,439,1.0099883983116906,1.04159183954478
feat_gbm,0.5,43,440,-0.37492790552882715,-0.383754051292973
feat_gbm,0.5,43,441,1.2892784423699288,0.9717849563735496
feat_gbm,0.5,43,442,0.7926421474031712,0.915394257773604
feat_gbm,0.5,43,443,-0.28136244926059856,0.17619398118278368
feat_gbm,0.5,43,444,-2.887418757205483,-2.3026142847949007
feat_gbm,0.5,43,445,-0.5035521201051579,-2.156995715227189
feat_gbm,0.5,43,446,-2.0131429869738544,-1.9647154613855007
feat_gbm,0.5,43,447,-1.2902530050325818,-1.2167428909736953
feat_gbm,0.5,43,448,-0.432353452698176,0.371748058948411
feat_gbm,0.5,43,449,-2.834279001367386,-3.354914600670279
feat_gbm,0.5,43,450,-1.584253578861272,-2.0984010901330774
feat_gbm,0.5,43,451,-1.6168105862088067,-1.8411195968283314
feat_gbm,0.5,43,452,-0.17291456556577578,-0.2866386615093297
feat_gbm,0.5,43,453,-2.03005915374964,-2.1769502099219324
feat_gbm,0.5,43,454,0.35713605581455443,0.851829112076475
feat_gbm,0.5,43,455,0.11786886883216999,-0.5174982843777256
feat_gbm,0.5,43,456,-2.7069581722691365,-3.7883351795095335
feat_gbm,0.5,43,457,-2.14714336701331,-1.3225504843777425
feat_gbm,0.5,43,458,-0.16389862452566678,-0.6304710111145473
feat_gbm,0.5,43,459,-2.4456032776358145,-2.867776928577639
feat_gbm,0.5,43,460,-0.005351095448384531,-0.20106453453544149
feat_gbm,0.5,43,461,0.8344389399062792,0.565413433251147
feat_gbm,0.5,43,462,0.30926110107420873,0.6531860801292728
feat_gbm,0.5,43,463,-3.1495542169349453,-3.295531334571209
feat_gbm,0.5,43,464,-1.1452630388965295,-1.118951529136503
feat_gbm,0.5,43,465,0.16761343623461766,0.08535922256033004
feat_gbm,0.5,43,466,-0.12917968895107834,0.2656879386171551
feat_gbm,0.5,43,467,-1.1691068120848491,-1.0764680911985907
feat_gbm,0.5,43,468,1.898308914091973,2.2503813782282114
feat_gbm,0.5,43,469,-0.13327359426287194,-0.029700274932011248
feat_gbm,0.5,43,470,-2.3469869441605264,-2.1918010579584375
feat_gbm,0.5,43,471,0.06331414769426895,-0.12537364897776127
feat_gbm,0.5,43,472,-1.4045574144335058,-1.3714574409892777
feat_gbm,0.5,43,473,-0.6082754788981779,-1.0216450817816245
feat_gbm,0.5,43,474,-0.7850585186527936,-0.8313233833759152
feat_gbm,0.5,43,475,-2.6732969646263416,-3.25243582884057
feat_gbm,0.5,43,476,0.6348815801643144,0.8737365575305754
feat_gbm,0.5,43,477,-2.7795262319096525,-1.8373017486027088
feat_gbm,0.5,43,478,-1.8988495454717005,-1.909749317133085
feat_gbm,0.5,43,479,0.48203936898941535,0.418341725137149
feat_gbm,0.5,43,480,-2.822474935454412,-2.8689304810445995
feat_gbm,0.5,43,481,-3.2002628924767587,-3.9192950012633494
feat_gbm,0.5,43,482,0.2673369265072158,0.8191907452202399
feat_gbm,0.5,43,483,-2.532840813943148,-2.7371748494528005
feat_gbm,0.5,43,484,-0.057699230834115704,0.043868991079412875
feat_gbm,0.5,43,485,-2.5578542254426795,-3.9571024828402512
feat_gbm,0.5,43,486,-1.325078190259241,-0.8286091055291892
feat_gbm,0.5,43,487,1.4035288328430469,1.1086460137612473
feat_gbm,0.5,43,488,-0.7933585173909579,-1.0899995989348372
feat_gbm,0.5,43,489,-3.1216255892490126,-2.9260181182274523
feat_gbm,0.5,43,490,0.008266685424419596,0.01778898425240747
feat_gbm,0.5,43,491,-0.30674712370712237,-0.388546054063584
feat_gbm,0.5,43,492,-0.7683394078715736,-0.8483910406321095
feat_gbm,0.5,43,493,-2.4515972429500206,-2.4855190663855797
feat_gbm,0.5,43,494,-0.25601891679637,-0.6027729178489412
feat_gbm,0.5,43,495,-2.352649421337465,-1.5285925057254015
feat_gbm,0.5,43,496,0.6899126587864828,1.0092174422839322
feat_gbm,0.5,43,497,-2.738192846214884,-2.421052301727873
feat_gbm,0.5,43,498,-2.984131705966915,-3.2283141264699093
feat_gbm,0.5,43,499,-3.5980966807890473,-4.907212199848568
feat_gbm,0.5,44,0,-0.37397289415563,0.03894909458183669
feat_gbm,0.5,44,1,-2.2894854858619675,-2.5052564746229193
feat_gbm,0.5,44,2,0.5294020150084872,0.6287827851917782
feat_gbm,0.5,44,3,-3.203249208217915,-3.3447289283878643
feat_gbm,0.5,44,4,0.9562875394954695,0.9694015026406426
feat_gbm,0.5,44,5,-2.0782376278214296,-2.4693709778233526
feat_gbm,0.5,44,6,0.11295749188593744,-0.2819211013310965
feat_gbm,0.5,44,7,0.7360721655562955,0.5289578846490461
feat_gbm,0.5,44,8,0.3788246786879696,0.032863622186365654
feat_gbm,0.5,44,9,1.057044857237599,0.9352707853930591
feat_gbm,0.5,44,10,-1.716961101483596,-1.5987558134683666
feat_gbm,0.5,44,11,-3.1342452994580587,-3.2678706438993954
feat_gbm,0.5,44,12,-2.8629298624607697,-2.445380546146449
feat_gbm,0.5,44,13,-0.2719238770660619,-0.4471217519653716
feat_gbm,0.5,44,14,-1.793844496131878,-1.8343062920535937
feat_gbm,0.5,44,15,-2.028014724700355,-2.278287047942225
feat_gbm,0.5,44,16,-1.00016584201915,-1.113015507562239
feat_gbm,0.5,44,17,-1.369924321385766,-1.149386040828735
feat_gbm,0.5,44,18,-0.2754506179914992,-0.4541092694382234
feat_gbm,0.5,44,19,-2.5898029120272286,-2.8798658660471284
feat_gbm,0.5,44,20,-2.8616837921745715,-3.281006200299989
feat_gbm,0.5,44,21,-1.3184843210600456,-0.7889402030111288
feat_gbm,0.5,44,22,-0.4341273222411638,-0.48114593055133975
feat_gbm,0.5,44,23,-3.274323824345119,-2.8038114998165153
feat_gbm,0.5,44,24,-2.973594814866937,-2.6726430450531393
feat_gbm,0.5,44,25,-3.434360630916365,-3.141178249464176
feat_gbm,0.5,44,26,-3.419656597744682,-3.8612362310489847
feat_gbm,0.5,44,27,-2.8373421645428856,-3.085821277369337
feat_gbm,0.5,44,28,-2.6309405551092837,-2.1153791712035637
feat_gbm,0.5,44,29,-0.2478714378466004,-0.5854112868629942
feat_gbm,0.5,44,30,-0.3273261613845615,0.13849791927417068
feat_gbm,0.5,44,31,-2.6030132438641953,-2.779654184179668
feat_gbm,0.5,44,32,1.2451689826076602,0.9166392391011026
feat_gbm,0.5,44,33,-2.058997598566385,-2.134444297962007
feat_gbm,0.5,44,34,1.124736550263053,1.1224191581864646
feat_gbm,0.5,44,35,-3.1104443786527436,-2.7514680837461087
feat_gbm,0.5,44,36,0.602199536512484,0.7493710802437775
feat_gbm,0.5,44,37,-1.4400985509651156,-2.157600461660938
feat_gbm,0.5,44,38,-1.3153864158190152,-1.7436371170468024
feat_gbm,0.5,44,39,0.5707510118727209,0.632388610685479
feat_gbm,0.5,44,40,-2.1768214227847116,-1.5024753827969588
feat_gbm,0.5,44,41,-2.402808539057119,-2.936018587066778
feat_gbm,0.5,44,42,-0.3049242827401056,-0.06406961406287034
feat_gbm,0.5,44,43,-0.4684678957229952,-0.43711075337934485
feat_gbm,0.5,44,44,0.7438260470381799,0.521724778538647
feat_gbm,0.5,44,45,0.6603793568300586,-0.02881562555915001
feat_gbm,0.5,44,46,-2.418898182783797,-2.6856700943784895
feat_gbm,0.5,44,47,-2.9375205666918407,-3.3419513202228783
feat_gbm,0.5,44,48,-0.2701807605069624,-0.35240032436669677
feat_gbm,0.5,44,49,-3.656280114079527,-4.466027560457086
feat_gbm,0.5,44,50,-1.0588699987564234,-1.2227887404747313
feat_gbm,0.5,44,51,-3.574936595636898,-4.168130875201601
feat_gbm,0.5,44,52,-1.765615168808816,-2.1825653069440887
feat_gbm,0.5,44,53,-2.9816774609977728,-2.816977102698189
feat_gbm,0.5,44,54,-0.4812956120101026,-0.9520374156321785
feat_gbm,0.5,44,55,0.5715457397146776,0.800460094219776
feat_gbm,0.5,44,56,0.32191436480631086,0.2782562560211116
feat_gbm,0.5,44,57,-0.2806196509415679,-0.7855200046266205
feat_gbm,0.5,44,58,-3.0221713874828198,-2.837973637743256
feat_gbm,0.5,44,59,-0.23016509640900593,0.3653424354755994
feat_gbm,0.5,44,60,-2.3831746530414093,-3.145987746693799
feat_gbm,0.5,44,61,-2.933417098561925,-2.1381844357326614
feat_gbm,0.5,44,62,0.3947395561522847,0.3908315550690521
feat_gbm,0.5,44,63,-3.183055257591424,-3.259739876316779
feat_gbm,0.5,44,64,-2.9111692467797545,-3.799325775609258
feat_gbm,0.5,44,65,0.5745748623128244,0.2842997557356093
feat_gbm,0.5,44,66,0.4701605104424279,0.9099380077885143
feat_gbm,0.5,44,67,0.2518509252825827,0.5741223235018287
feat_gbm,0.5,44,68,1.1878584491537956,1.3807263582335993
feat_gbm,0.5,44,69,0.16677784880847363,2.7357387204405055
feat_gbm,0.5,44,70,0.1263643984926511,-0.3782017485149665
feat_gbm,0.5,44,71,-0.5240259268665065,-0.6946521973220513
feat_gbm,0.5,44,72,-2.925151318776428,-3.510295151868067
feat_gbm,0.5,44,73,-0.7434000722639574,-0.3643686170400702
feat_gbm,0.5,44,74,1.2700389370565004,1.1835884152793859
feat_gbm,0.5,44,75,0.24176826443271515,-0.38644824542838596
feat_gbm,0.5,44,76,0.7718724596653991,0.7005004452467647
feat_gbm,0.5,44,77,0.3256302140020881,0.3770911051312199
feat_gbm,0.5,44,78,-0.2974530571211838,-0.5374783823521183
feat_gbm,0.5,44,79,-2.7450929061014433,-3.2499450611549854
feat_gbm,0.5,44,80,-1.6978042513367035,-1.719925172279684
feat_gbm,0.5,44,81,0.8058413105332211,1.8185710395242058
feat_gbm,0.5,44,82,-1.2580811814439716,-1.0758778979961314
feat_gbm,0.5,44,83,-0.510800326790123,-0.8033140510569362
feat_gbm,0.5,44,84,-2.1060264085888196,-2.0837035815006346
feat_gbm,0.5,44,85,-2.3943627338377267,-1.2430797823904942
feat_gbm,0.5,44,86,0.7836734296973429,0.639317965424242
feat_gbm,0.5,44,87,0.028403566884208985,-0.02321591952008587
feat_gbm,0.5,44,88,-2.3661708356755966,-3.512086916650174
feat_gbm,0.5,44,89,-1.8722115580147967,-1.684363733317816
feat_gbm,0.5,44,90,-3.277843401439281,-3.5341996208099964
feat_gbm,0.5,44,91,0.7359391378063513,1.1574629997660548
feat_gbm,0.5,44,92,-1.0238456125910218,-0.7651863719989663
feat_gbm,0.5,44,93,-2.9828856709324625,-5.7708125015304885
feat_gbm,0.5,44,94,0.285657633531825,0.07374698385127064
feat_gbm,0.5,44,95,0.26963883742642497,1.201566413592891
feat_gbm,0.5,44,96,1.578977805823345,1.2655480006709303
feat_gbm,0.5,44,97,-3.150774004504242,-3.2217777708537843
feat_gbm,0.5,44,98,-1.1426030328636867,-1.2120387208328698
feat_gbm,0.5,44,99,-0.5442142355431229,-0.04015373686183237
feat_gbm,0.5,44,100,-2.801257743702796,-2.8384481914339785
feat_gbm,0.5,44,101,-3.1273694946258064,-3.541068619782685
feat_gbm,0.5,44,102,-3.42625831022184,-4.424727465058162
feat_gbm,0.5,44,103,-0.4017615002344363,-0.7652009130347144
feat_gbm,0.5,44,104,-0.21342436613644017,-0.406664655497914
feat_gbm,0.5,44,105,-2.4891242932227233,-2.8019031633754246
feat_gbm,0.5,44,106,-1.138790910609366,-1.1978192780958505
feat_gbm,0.5,44,107,-1.2263126224444523,-1.2497822804421463
feat_gbm,0.5,44,108,-0.06929553832064213,-0.2003702404752673
feat_gbm,0.5,44,109,-0.48049246096705095,-0.28745536208379296
feat_gbm,0.5,44,110,0.2961574854617918,0.2838469771831524
feat_gbm,0.5,44,111,0.48198716838716676,0.6579850926301614
feat_gbm,0.5,44,112,-0.37166991019971146,-0.4279263804064609
feat_gbm,0.5,44,113,0.3553109848965937,0.527327823801956
feat_gbm,0.5,44,114,-2.9913509373001723,-3.652947895428966
feat_gbm,0.5,44,115,-0.49011498984366275,-0.04287987221360797
feat_gbm,0.5,44,116,-2.9872537606829628,-3.4409421360670214
feat_gbm,0.5,44,117,-3.0886377293120857,-2.4284095097884006
feat_gbm,0.5,44,118,-1.6277533744624861,-1.419217075367618
feat_gbm,0.5,44,119,-1.5313076506603864,-1.4944271796191557
feat_gbm,0.5,44,120,-2.8986492718397003,-2.797137626437216
feat_gbm,0.5,44,121,1.7876617534880996,3.1321125804877905
feat_gbm,0.5,44,122,-2.2944667632955453,-3.164895556438051
feat_gbm,0.5,44,123,0.3366139320714353,-0.021234684620174846
feat_gbm,0.5,44,124,-1.596801491490496,-1.246001114532972
feat_gbm,0.5,44,125,-2.4042811243594797,-2.7130193085566443
feat_gbm,0.5,44,126,-0.9774684742540795,-2.0560780011130944
feat_gbm,0.5,44,127,-2.1155614470140103,-1.631222331554067
feat_gbm,0.5,44,128,-2.072892991048363,-3.477307725783656
feat_gbm,0.5,44,129,0.4571326016696869,1.7007542891568868
feat_gbm,0.5,44,130,-2.2113601636197133,-3.4021624962570822
feat_gbm,0.5,44,131,-3.6287116235707777,-3.701149444421242
feat_gbm,0.5,44,132,-0.37283353023320515,-0.4116741376471012
feat_gbm,0.5,44,133,-0.699077230572506,-0.5680375850475197
feat_gbm,0.5,44,134,-2.57578219272854,-1.4788189923590598
feat_gbm,0.5,44,135,-2.5481692999607257,-2.9896549957503007
feat_gbm,0.5,44,136,0.1516516572844932,0.11194117436713467
feat_gbm,0.5,44,137,0.8791137736172008,1.7147062893715772
feat_gbm,0.5,44,138,-2.66372264298503,-1.9709125209383296
feat_gbm,0.5,44,139,-0.3060840185068598,0.19937477723826902
feat_gbm,0.5,44,140,-2.48622284708081,-2.8223726616431475
feat_gbm,0.5,44,141,-0.3232899484466797,-0.12380828599000025
feat_gbm,0.5,44,142,-2.7083952615204447,-2.97521232911642
feat_gbm,0.5,44,143,-1.7945700189193166,-1.9484557479617686
feat_gbm,0.5,44,144,0.4846535476100063,1.244093655886106
feat_gbm,0.5,44,145,-2.1723659071735137,-2.0280859266176816
feat_gbm,0.5,44,146,-2.580038504068009,-2.0754073031653366
feat_gbm,0.5,44,147,0.12060671821739966,-0.11331641159387335
feat_gbm,0.5,44,148,-2.7177032511537793,-2.620298039600635
feat_gbm,0.5,44,149,-3.334153597432348,-3.8395532227602396
feat_gbm,0.5,44,150,-1.2578235870585168,-2.149698272240366
feat_gbm,0.5,44,151,-2.9548954468082886,-3.1594376779318036
feat_gbm,0.5,44,152,-2.382029701697376,-2.7712141114581046
feat_gbm,0.5,44,153,-1.4891220637432807,-1.1483368403810985
feat_gbm,0.5,44,154,-1.307735526275206,-1.4700676700115773
feat_gbm,0.5,44,155,0.9706989910275451,1.4088416749712322
feat_gbm,0.5,44,156,0.676180271550086,0.7564704220494097
feat_gbm,0.5,44,157,-1.4077930462406754,-1.7148995557963913
feat_gbm,0.5,44,158,-1.4054557618987846,-2.8595355115547196
feat_gbm,0.5,44,159,-1.2134213788374943,-0.9922400520728849
feat_gbm,0.5,44,160,1.7884374222610746,1.8585227307534937
feat_gbm,0.5,44,161,-2.5725668137033058,-2.477654537850602
feat_gbm,0.5,44,162,-3.259283516883568,-2.993764039868935
feat_gbm,0.5,44,163,-1.0411177037475061,-1.1722671160336509
feat_gbm,0.5,44,164,-2.0255617516946236,-1.6577576086204497
feat_gbm,0.5,44,165,-2.381474819729011,-2.9770186999323642
feat_gbm,0.5,44,166,-3.208517605827156,-3.2329952824425443
feat_gbm,0.5,44,167,-0.25631958117453973,0.19550508612775644
feat_gbm,0.5,44,168,-1.0989222250742143,-1.2639642813248737
feat_gbm,0.5,44,169,1.2583776617201103,1.4224064134580066
feat_gbm,0.5,44,170,-1.7704131258152727,-1.5303724784706008
feat_gbm,0.5,44,171,0.375212920989703,0.6086346650572224
feat_gbm,0.5,44,172,-0.03319991567068861,-0.052232489626048526
feat_gbm,0.5,44,173,-0.35597709016312584,-0.19074605880313256
feat_gbm,0.5,44,174,-2.7456231029438105,-2.7678232596734214
feat_gbm,0.5,44,175,-1.8606875990512508,-1.6557092188829319
feat_gbm,0.5,44,176,0.35806020515479153,0.12081831439914445
feat_gbm,0.5,44,177,0.6659668775163003,3.7031714993021168
feat_gbm,0.5,44,178,-0.1906427374330001,-0.17761292562564054
feat_gbm,0.5,44,179,-0.2077751573727571,0.2295122735959306
feat_gbm,0.5,44,180,-1.1869840356796342,-1.6401012725318311
feat_gbm,0.5,44,181,-2.657689167020037,-3.399461101549646
feat_gbm,0.5,44,182,0.3249679808237843,0.5421608664871393
feat_gbm,0.5,44,183,-2.9774429325257903,-3.7858185839721776
feat_gbm,0.5,44,184,0.504753525874342,0.4440956773301304
feat_gbm,0.5,44,185,0.04502747334605724,0.5450962365111649
feat_gbm,0.5,44,186,-2.8195982505393813,-3.094441269353033
feat_gbm,0.5,44,187,1.0142950788680907,1.436275522654785
feat_gbm,0.5,44,188,0.046704972205163946,-0.003208414280501246
feat_gbm,0.5,44,189,-1.8987689844269175,-2.0766448721687736
feat_gbm,0.5,44,190,-3.126224272592434,-2.887011097372245
feat_gbm,0.5,44,191,-0.11782472566283528,-0.19564387773269687
feat_gbm,0.5,44,192,-2.2177037318232564,-3.39219136175158
feat_gbm,0.5,44,193,-3.6103013940039315,-4.804455114758695
feat_gbm,0.5,44,194,-0.1020377730630253,-0.23230879418151415
feat_gbm,0.5,44,195,1.011173691398325,0.7768952289284052
feat_gbm,0.5,44,196,-3.1428590302674313,-3.0758975731441707
feat_gbm,0.5,44,197,1.7950045623030129,1.8852948766094535
feat_gbm,0.5,44,198,0.0036198804188124676,-0.07474663349946693
feat_gbm,0.5,44,199,1.530728115724323,0.9295509098669842
feat_gbm,0.5,44,200,0.24030851437075945,0.40408761039079466
feat_gbm,0.5,44,201,-1.393337153985384,-1.0185563947000995
feat_gbm,0.5,44,202,-1.083625523988831,-1.5812541435625456
feat_gbm,0.5,44,203,-2.574363533642405,-2.9269603411540346
feat_gbm,0.5,44,204,-0.5378279377101114,-0.9368237022381455
feat_gbm,0.5,44,205,-0.8239313407250841,-0.771906247259438
feat_gbm,0.5,44,206,-1.5646509351247164,-1.4457766532498904
feat_gbm,0.5,44,207,-2.607837144798171,-2.4752738768021185
feat_gbm,0.5,44,208,-3.521311292681767,-2.8789590131308262
feat_gbm,0.5,44,209,-2.9015753371521114,-2.6986856152036793
feat_gbm,0.5,44,210,-0.28355149831183607,0.05837096406180189
feat_gbm,0.5,44,211,-1.865887946863549,-2.2327070274631113
feat_gbm,0.5,44,212,-0.09467173732452101,0.15758807445032513
feat_gbm,0.5,44,213,0.7893150230459078,0.5234750924970406
feat_gbm,0.5,44,214,0.627999765255969,0.8312555987922697
feat_gbm,0.5,44,215,-1.3621937798974704,-0.7699972654610447
feat_gbm,0.5,44,216,-1.9739498547102658,-2.4368834827463726
feat_gbm,0.5,44,217,-3.5800672133935074,-3.7421886443248944
feat_gbm,0.5,44,218,-3.3737561977944233,-4.3753265313120195
feat_gbm,0.5,44,219,0.134258015162981,0.13181597567614448
feat_gbm,0.5,44,220,-2.328461375828336,-2.150299196146146
feat_gbm,0.5,44,221,0.3101621258647371,0.4316281043505307
feat_gbm,0.5,44,222,0.919997127759721,0.20581216265343685
feat_gbm,0.5,44,223,-1.3061789518444273,-1.7226779576420432
feat_gbm,0.5,44,224,0.8389835190616379,1.0701061526100661
feat_gbm,0.5,44,225,-3.35296935868942,-2.995983076644188
feat_gbm,0.5,44,226,-0.3398123317316805,-0.39103048890459524
feat_gbm,0.5,44,227,-1.9295518341697409,-2.811377433191803
feat_gbm,0.5,44,228,0.06161004649808944,0.1103569248772952
feat_gbm,0.5,44,229,0.8187877975701454,1.0926797996732165
feat_gbm,0.5,44,230,-1.8027041973141664,-1.1465469989616057
feat_gbm,0.5,44,231,-3.644520429696938,-3.7045714701961474
feat_gbm,0.5,44,232,-0.15341053868037163,-0.3205795311611984
feat_gbm,0.5,44,233,-0.5292345325954279,-0.7282288274356463
feat_gbm,0.5,44,234,0.07764566968226047,-0.6143938277881194
feat_gbm,0.5,44,235,-3.7599968670389425,-3.717493513170671
feat_gbm,0.5,44,236,-1.6537186160396355,-1.894186438607053
feat_gbm,0.5,44,237,0.16731558894222537,0.19101892391720615
feat_gbm,0.5,44,238,-2.5879584881594466,-2.723653519266766
feat_gbm,0.5,44,239,0.23067936836945377,0.28172679866345784
feat_gbm,0.5,44,240,-0.741099216769146,-0.570916259780521
feat_gbm,0.5,44,241,-1.660085919986868,-3.037607674189957
feat_gbm,0.5,44,242,-2.464452240273109,-2.4824067099880884
feat_gbm,0.5,44,243,0.961528070043122,1.793244191067856
feat_gbm,0.5,44,244,-2.638406046418416,-2.170563194223024
feat_gbm,0.5,44,245,-3.078154354287074,-2.5580286375581696
feat_gbm,0.5,44,246,-2.74335851287758,-3.9013363177662743
feat_gbm,0.5,44,247,-0.9198610073334548,-1.2689211715035387
feat_gbm,0.5,44,248,-2.807896842818809,-2.89795980370705
feat_gbm,0.5,44,249,-1.1710258891334182,-1.149470325468549
feat_gbm,0.5,44,250,-1.922583253867144,-2.1803876537888693
feat_gbm,0.5,44,251,-1.70686836304175,-1.2010659028736028
feat_gbm,0.5,44,252,-2.566479596203745,-2.675840590612525
feat_gbm,0.5,44,253,-0.8300865749998781,-0.865421424414132
feat_gbm,0.5,44,254,-0.9860451440164716,-0.45089388998719687
feat_gbm,0.5,44,255,-1.4904997168266763,-1.477655138121315
feat_gbm,0.5,44,256,-2.1942777200044343,-1.9234128661936198
feat_gbm,0.5,44,257,-1.7380176664425995,-0.8895479413744646
feat_gbm,0.5,44,258,-1.490385777624282,-1.284701881398344
feat_gbm,0.5,44,259,-0.06093983757185033,0.03791276039075724
feat_gbm,0.5,44,260,-1.7771173519355588,-1.213907680807544
feat_gbm,0.5,44,261,0.035417635484754705,-0.6937064881158975
feat_gbm,0.5,44,262,-1.9425660639178868,-2.500344974429108
feat_gbm,0.5,44,263,-3.011546733628587,-3.0782877743164985
feat_gbm,0.5,44,264,-3.4620474210815115,-3.2702790535172426
feat_gbm,0.5,44,265,-0.21694236446621804,-0.15746453031192983
feat_gbm,0.5,44,266,-1.967314236410315,-1.3930653126164372
feat_gbm,0.5,44,267,-3.308456935893194,-3.460520174484755
feat_gbm,0.5,44,268,-2.022424647378941,-1.8115923421665279
feat_gbm,0.5,44,269,0.1390267858871305,-0.04785951915829837
feat_gbm,0.5,44,270,-1.2247069452548875,-1.3387838926701625
feat_gbm,0.5,44,271,0.6387685687119609,0.6172482925771328
feat_gbm,0.5,44,272,-0.07319741332001233,0.10718580269537517
feat_gbm,0.5,44,273,-2.330065220128182,-2.4250613993713395
feat_gbm,0.5,44,274,-0.1879369132255167,-0.4656136934058211
feat_gbm,0.5,44,275,-2.625012020227191,-1.7679071058666047
feat_gbm,0.5,44,276,-0.46647181920702857,-0.15192249005847586
feat_gbm,0.5,44,277,-0.2572533166021034,-0.22686658439221394
feat_gbm,0.5,44,278,-0.505608690931351,-0.3963273628232521
feat_gbm,0.5,44,279,-2.3291501286053493,-2.1916982233579314
feat_gbm,0.5,44,280,0.5582324492414922,0.5138857123822332
feat_gbm,0.5,44,281,0.2751767653178062,0.13501120436460418
feat_gbm,0.5,44,282,-0.04451107006267709,-0.35232291748203215
feat_gbm,0.5,44,283,0.2798857382604989,0.33710059568630363
feat_gbm,0.5,44,284,1.9900330461878142,2.2269494594330284
feat_gbm,0.5,44,285,-0.8202923962018249,-0.8523290277873723
feat_gbm,0.5,44,286,0.290353237564524,0.5032694866056324
feat_gbm,0.5,44,287,-2.737446988730582,-3.0734310124071125
feat_gbm,0.5,44,288,-2.6881556451268187,-3.0969464995649485
feat_gbm,0.5,44,289,0.5742109096965728,0.8088909840914691
feat_gbm,0.5,44,290,-1.4485097635946778,-1.710735902712342
feat_gbm,0.5,44,291,0.22348092116403992,-0.24588513525180683
feat_gbm,0.5,44,292,-2.9051256713405063,-2.9910915714149957
feat_gbm,0.5,44,293,-0.041930577015396,0.24397961438558982
feat_gbm,0.5,44,294,0.9303494783623002,0.9827222917401395
feat_gbm,0.5,44,295,0.8971451108946703,1.5399914318848642
feat_gbm,0.5,44,296,-2.6553668110478634,-3.028104854063688
feat_gbm,0.5,44,297,-1.4264994106958933,-1.9675880903276046
feat_gbm,0.5,44,298,0.5194302441821974,0.3882116190950413
feat_gbm,0.5,44,299,-0.4593951802684133,-0.4169590587595381
feat_gbm,0.5,44,300,-0.6916590865006569,-0.47104701624968015
feat_gbm,0.5,44,301,-0.5014494359874574,-0.5788171023402015
feat_gbm,0.5,44,302,-3.055209743238923,-3.325334912618423
feat_gbm,0.5,44,303,-0.27995566809107325,0.27214776974989446
feat_gbm,0.5,44,304,0.08883744108213111,0.2838761456734127
feat_gbm,0.5,44,305,0.7749559039443301,0.98356576927226
feat_gbm,0.5,44,306,-2.0155338431294956,-2.324804251846344
feat_gbm,0.5,44,307,0.0263677380082808,-0.30060412365222405
feat_gbm,0.5,44,308,-2.992063787570913,-3.5706943269006843
feat_gbm,0.5,44,309,0.690242883289486,0.7657986236992217
feat_gbm,0.5,44,310,-0.22564975517075558,-0.3760212383278314
feat_gbm,0.5,44,311,0.6795394378337214,0.903367601886353
feat_gbm,0.5,44,312,0.3549325790899071,0.2834145554969618
feat_gbm,0.5,44,313,-0.41671633021220655,-0.8750381269167363
feat_gbm,0.5,44,314,-0.7063871316505038,-0.8911054934067958
feat_gbm,0.5,44,315,-0.04048022242557908,0.2699623908229132
feat_gbm,0.5,44,316,-3.15691761538527,-4.034449774534175
feat_gbm,0.5,44,317,0.6405248003332296,0.7302045063515665
feat_gbm,0.5,44,318,-2.8557074986186257,-2.5264159394565007
feat_gbm,0.5,44,319,-3.451639813507082,-3.1280680478747835
feat_gbm,0.5,44,320,0.4950330564472551,-0.623194388118803
feat_gbm,0.5,44,321,-3.7890871007521465,-4.172922463867305
feat_gbm,0.5,44,322,1.151021930754669,1.0714029341973417
feat_gbm,0.5,44,323,-2.746601689947797,-2.5538050374755565
feat_gbm,0.5,44,324,-1.7066076876778902,-1.5310020975326282
feat_gbm,0.5,44,325,-0.6255657421559081,-0.735749980772127
feat_gbm,0.5,44,326,-0.48560932240461707,-0.5010306012352705
feat_gbm,0.5,44,327,-3.8602518061765796,-4.393123087746285
feat_gbm,0.5,44,328,-0.4877468383077706,0.6439364857563509
feat_gbm,0.5,44,329,-2.580280363875751,-2.60760252445046
feat_gbm,0.5,44,330,0.6090933064598918,0.46983427811083467
feat_gbm,0.5,44,331,-1.5783938250947174,-1.149354435920189
feat_gbm,0.5,44,332,-1.780231109161566,-1.0961264399974935
feat_gbm,0.5,44,333,0.7645611490101017,1.4253561556633074
feat_gbm,0.5,44,334,1.0020131734263693,1.0406546288822482
feat_gbm,0.5,44,335,0.020833878609769704,-0.1286217558512718
feat_gbm,0.5,44,336,-1.728773816076156,-1.7275974260064488
feat_gbm,0.5,44,337,-3.661825957288133,-4.535227665039715
feat_gbm,0.5,44,338,-0.2518821811182221,-1.078833843619319
feat_gbm,0.5,44,339,-3.202847314653155,-2.035297396751524
feat_gbm,0.5,44,340,0.5568538222071199,0.4788286932125707
feat_gbm,0.5,44,341,-1.3490341923047906,-0.4595082096564039
feat_gbm,0.5,44,342,-3.240685579921403,-3.653430804591794
feat_gbm,0.5,44,343,0.21465090995702724,0.2834522663037432
feat_gbm,0.5,44,344,0.09135691076326452,-0.15984972455285287
feat_gbm,0.5,44,345,-2.6425986426001793,-3.8822970119574354
feat_gbm,0.5,44,346,-2.677693361650412,-2.5801989990218064
feat_gbm,0.5,44,347,-3.222171788685924,-3.2622630695286134
feat_gbm,0.5,44,348,-0.303023719988658,-0.4894561152880944
feat_gbm,0.5,44,349,-2.522354450232844,-3.0223552414624764
feat_gbm,0.5,44,350,0.7578025705566911,0.4215072765335228
feat_gbm,0.5,44,351,-1.9428399983634121,-1.8152752103400673
feat_gbm,0.5,44,352,0.5977582186203234,1.102263670511441
feat_gbm,0.5,44,353,0.92880687270639,1.4454852001466738
feat_gbm,0.5,44,354,-3.4010316872139517,-3.6770060333191017
feat_gbm,0.5,44,355,-3.123690212705908,-5.078652858832153
feat_gbm,0.5,44,356,0.2530944589124588,0.7815322159665122
feat_gbm,0.5,44,357,0.4593933156889696,0.6775133790495483
feat_gbm,0.5,44,358,-3.05749000388719,-3.5163570325540956
feat_gbm,0.5,44,359,-0.81556991568598,-4.157760523739404
feat_gbm,0.5,44,360,-0.7260076469286569,-0.18386357284099003
feat_gbm,0.5,44,361,-3.370332650224258,-4.477383009144865
feat_gbm,0.5,44,362,0.07003952253877713,0.2909126951240761
feat_gbm,0.5,44,363,-3.66008031315525,-3.5121531596302606
feat_gbm,0.5,44,364,-0.9288383541034899,-0.0019354464452207268
feat_gbm,0.5,44,365,-3.3658377021405,-3.264666087597375
feat_gbm,0.5,44,366,-2.5754741664420906,-1.4961090632143375
feat_gbm,0.5,44,367,-0.028307530660157638,-0.10305907560987346
feat_gbm,0.5,44,368,0.07833193425394729,0.24601275195113992
feat_gbm,0.5,44,369,-1.42796802721593,-1.6400355118163064
feat_gbm,0.5,44,370,-1.8479884946554248,-1.5399226532969161
feat_gbm,0.5,44,371,-0.3801332843628229,-0.3336387161155974
feat_gbm,0.5,44,372,0.3266261188781881,0.3185760540422761
feat_gbm,0.5,44,373,-0.2665093370050486,-0.30756424411789
feat_gbm,0.5,44,374,-3.501526115804655,-3.551435429619069
feat_gbm,0.5,44,375,0.03968494382029382,-0.12846918127015178
feat_gbm,0.5,44,376,0.5252567530269673,0.43413099611324796
feat_gbm,0.5,44,377,0.654775732840613,0.8095384731463161
feat_gbm,0.5,44,378,0.20229773178824578,0.20303525329731625
feat_gbm,0.5,44,379,0.4434579223293247,0.524784145223057
feat_gbm,0.5,44,380,0.3580692373941483,0.8722609808312535
feat_gbm,0.5,44,381,0.350794733561762,1.0190202163897197
feat_gbm,0.5,44,382,0.5831971120929664,1.2715191268303472
feat_gbm,0.5,44,383,-0.13470904108109266,-0.13923746667536385
feat_gbm,0.5,44,384,-0.7968467323745558,-1.7983983483294153
feat_gbm,0.5,44,385,0.4557683244290285,0.5606037150840157
feat_gbm,0.5,44,386,0.467464837224767,0.6003456151224621
feat_gbm,0.5,44,387,1.0877731746305386,1.3071718981356573
feat_gbm,0.5,44,388,0.1931710695222361,-0.19457283568776126
feat_gbm,0.5,44,389,-1.1591520959732025,-0.981880356960367
feat_gbm,0.5,44,390,-2.624216837415747,-2.628024059072158
feat_gbm,0.5,44,391,-2.2474111686691396,-2.479262758098376
feat_gbm,0.5,44,392,-2.0119033014518903,-2.207941629114672
feat_gbm,0.5,44,393,-2.4342076286991845,-2.806586620215901
feat_gbm,0.5,44,394,-0.5130293619323036,-0.16842623590390868
feat_gbm,0.5,44,395,0.40276466607021466,0.3596423409999632
feat_gbm,0.5,44,396,-3.223081702697962,-3.117667066362407
feat_gbm,0.5,44,397,0.71052503975985,0.6134086288650079
feat_gbm,0.5,44,398,0.25965886835496255,0.5049020087080688
feat_gbm,0.5,44,399,-1.0184318404626458,-1.0548605918119196
feat_gbm,0.5,44,400,-3.293065596124917,-2.877676775828332
feat_gbm,0.5,44,401,0.2967830204784297,0.015654415635624343
feat_gbm,0.5,44,402,-0.7176378227157935,-0.7027824676465185
feat_gbm,0.5,44,403,0.48086368126214957,0.6733427913489138
feat_gbm,0.5,44,404,0.2794805880136818,0.03259550049258387
feat_gbm,0.5,44,405,-3.060971632367672,-3.4179416205706223
feat_gbm,0.5,44,406,-2.092711265055056,-1.6563158072976616
feat_gbm,0.5,44,407,0.41049117609108743,0.3281041495218151
feat_gbm,0.5,44,408,-0.9697145037689631,-1.498502430121411
feat_gbm,0.5,44,409,-0.9937438778170608,-1.5390850133499359
feat_gbm,0.5,44,410,-1.9568488059257996,-3.8769914364338094
feat_gbm,0.5,44,411,-1.3229609277393084,-1.1093409530974205
feat_gbm,0.5,44,412,-2.58148912156195,-2.1356441225652167
feat_gbm,0.5,44,413,0.34644362170557635,0.5613925387002681
feat_gbm,0.5,44,414,-2.60754241551221,-2.672303525149137
feat_gbm,0.5,44,415,1.0389915427023173,0.9887747910888531
feat_gbm,0.5,44,416,-3.1756119173009614,-2.064740642123073
feat_gbm,0.5,44,417,-0.9510196193917411,-0.13534283366780814
feat_gbm,0.5,44,418,-0.05774918142731631,0.5266566940316069
feat_gbm,0.5,44,419,-0.4968604183227221,-0.7929716308762645
feat_gbm,0.5,44,420,-0.1296020776246886,0.22081989653443584
feat_gbm,0.5,44,421,-3.635884935959895,-3.4911396429773087
feat_gbm,0.5,44,422,0.06185766756563228,0.4691563032653497
feat_gbm,0.5,44,423,0.09525242640827045,-0.21242164749251408
feat_gbm,0.5,44,424,-3.5120533047996734,-2.0235730224261497
feat_gbm,0.5,44,425,-0.5235919630964037,0.1881042769243711
feat_gbm,0.5,44,426,-0.939376604457738,-0.7546830882020855
feat_gbm,0.5,44,427,-1.5594334647352737,-2.004418163271322
feat_gbm,0.5,44,428,0.0020412179335411915,0.08108350485015015
feat_gbm,0.5,44,429,-1.3334009185857698,-0.8958783842144782
feat_gbm,0.5,44,430,-1.1204073942312904,-0.700178367515834
feat_gbm,0.5,44,431,-2.0080341080845447,-2.026447754843476
feat_gbm,0.5,44,432,-3.373209356403034,-3.3644112924118934
feat_gbm,0.5,44,433,-3.194263495841259,-2.4777804975332844
feat_gbm,0.5,44,434,-3.3929237439756896,-3.6407879329147783
feat_gbm,0.5,44,435,0.16182519798708145,0.8140524350977956
feat_gbm,0.5,44,436,-0.2947759608194798,-0.6342245759550225
feat_gbm,0.5,44,437,-1.602882314139371,-1.0170271575608654
feat_gbm,0.5,44,438,0.40851550092913985,1.2058566336630974
feat_gbm,0.5,44,439,1.0018509805683637,1.04159183954478
feat_gbm,0.5,44,440,-0.5564848057203119,-0.383754051292973
feat_gbm,0.5,44,441,1.3205974428127927,0.9717849563735496
feat_gbm,0.5,44,442,0.89385700316434,0.915394257773604
feat_gbm,0.5,44,443,-0.35483698168268146,0.17619398118278368
feat_gbm,0.5,44,444,-2.6847979894191876,-2.3026142847949007
feat_gbm,0.5,44,445,-0.5819879764059328,-2.156995715227189
feat_gbm,0.5,44,446,-1.9687332004218994,-1.9647154613855007
feat_gbm,0.5,44,447,-1.200743653747141,-1.2167428909736953
feat_gbm,0.5,44,448,-0.6022901800257257,0.371748058948411
feat_gbm,0.5,44,449,-2.662251696685447,-3.354914600670279
feat_gbm,0.5,44,450,-1.6700173525709165,-2.0984010901330774
feat_gbm,0.5,44,451,-1.5945757009517934,-1.8411195968283314
feat_gbm,0.5,44,452,-0.16938382859553083,-0.2866386615093297
feat_gbm,0.5,44,453,-2.1754869893427076,-2.1769502099219324
feat_gbm,0.5,44,454,0.2776263085445431,0.851829112076475
feat_gbm,0.5,44,455,0.12223968472494791,-0.5174982843777256
feat_gbm,0.5,44,456,-2.750733436207947,-3.7883351795095335
feat_gbm,0.5,44,457,-1.9891694861745182,-1.3225504843777425
feat_gbm,0.5,44,458,-0.26044473345035507,-0.6304710111145473
feat_gbm,0.5,44,459,-2.2189597066039637,-2.867776928577639
feat_gbm,0.5,44,460,0.08248551331915084,-0.20106453453544149
feat_gbm,0.5,44,461,0.9880795095769374,0.565413433251147
feat_gbm,0.5,44,462,0.362442285081287,0.6531860801292728
feat_gbm,0.5,44,463,-2.9936955841623902,-3.295531334571209
feat_gbm,0.5,44,464,-1.4292660299818343,-1.118951529136503
feat_gbm,0.5,44,465,0.05195809393054146,0.08535922256033004
feat_gbm,0.5,44,466,-0.2299074443502607,0.2656879386171551
feat_gbm,0.5,44,467,-1.2006699694392777,-1.0764680911985907
feat_gbm,0.5,44,468,2.1863471676626363,2.2503813782282114
feat_gbm,0.5,44,469,-0.20276316844500805,-0.029700274932011248
feat_gbm,0.5,44,470,-2.5501449336940034,-2.1918010579584375
feat_gbm,0.5,44,471,0.25828631697648397,-0.12537364897776127
feat_gbm,0.5,44,472,-1.4751040390843955,-1.3714574409892777
feat_gbm,0.5,44,473,-0.7508175798835536,-1.0216450817816245
feat_gbm,0.5,44,474,-0.8037278277384875,-0.8313233833759152
feat_gbm,0.5,44,475,-2.72938250925973,-3.25243582884057
feat_gbm,0.5,44,476,0.5432956560143624,0.8737365575305754
feat_gbm,0.5,44,477,-2.5739357579397355,-1.8373017486027088
feat_gbm,0.5,44,478,-1.7390182030506296,-1.909749317133085
feat_gbm,0.5,44,479,0.2779951217717643,0.418341725137149
feat_gbm,0.5,44,480,-2.809398282585356,-2.8689304810445995
feat_gbm,0.5,44,481,-3.207695978139463,-3.9192950012633494
feat_gbm,0.5,44,482,0.6210413558924867,0.8191907452202399
feat_gbm,0.5,44,483,-2.509531327207203,-2.7371748494528005
feat_gbm,0.5,44,484,-0.08867491067765211,0.043868991079412875
feat_gbm,0.5,44,485,-2.378650573102379,-3.9571024828402512
feat_gbm,0.5,44,486,-1.3150997602802164,-0.8286091055291892
feat_gbm,0.5,44,487,0.9476516265378211,1.1086460137612473
feat_gbm,0.5,44,488,-0.8804425416040558,-1.0899995989348372
feat_gbm,0.5,44,489,-2.788129284720091,-2.9260181182274523
feat_gbm,0.5,44,490,0.07991193287806142,0.01778898425240747
feat_gbm,0.5,44,491,-0.2860467777140432,-0.388546054063584
feat_gbm,0.5,44,492,-0.8610553926771449,-0.8483910406321095
feat_gbm,0.5,44,493,-2.5486101897650832,-2.4855190663855797
feat_gbm,0.5,44,494,-0.20389135093223643,-0.6027729178489412
feat_gbm,0.5,44,495,-2.4555461233026437,-1.5285925057254015
feat_gbm,0.5,44,496,0.6846522067964848,1.0092174422839322
feat_gbm,0.5,44,497,-2.770625203913406,-2.421052301727873
feat_gbm,0.5,44,498,-3.368736489592482,-3.2283141264699093
feat_gbm,0.5,44,499,-3.57105019983864,-4.907212199848568
feat_gbm,0.5,45,0,-0.5421809275292896,0.03894909458183669
feat_gbm,0.5,45,1,-2.3860834471302534,-2.5052564746229193
feat_gbm,0.5,45,2,0.6495865895552955,0.6287827851917782
feat_gbm,0.5,45,3,-3.3346749156944746,-3.3447289283878643
feat_gbm,0.5,45,4,0.7172335188814873,0.9694015026406426
feat_gbm,0.5,45,5,-1.3293046654102851,-2.4693709778233526
feat_gbm,0.5,45,6,-0.1337421727123589,-0.2819211013310965
feat_gbm,0.5,45,7,0.696134907000864,0.5289578846490461
feat_gbm,0.5,45,8,0.33809343897481187,0.032863622186365654
feat_gbm,0.5,45,9,1.0487010420689225,0.9352707853930591
feat_gbm,0.5,45,10,-1.7598609251653905,-1.5987558134683666
feat_gbm,0.5,45,11,-3.2392420991417095,-3.2678706438993954
feat_gbm,0.5,45,12,-2.5413300211922856,-2.445380546146449
feat_gbm,0.5,45,13,-0.24976672196321437,-0.4471217519653716
feat_gbm,0.5,45,14,-1.4833950288764126,-1.8343062920535937
feat_gbm,0.5,45,15,-2.1940587195864114,-2.278287047942225
feat_gbm,0.5,45,16,-0.9210863005030383,-1.113015507562239
feat_gbm,0.5,45,17,-1.5901477634332197,-1.149386040828735
feat_gbm,0.5,45,18,-0.2523616826178191,-0.4541092694382234
feat_gbm,0.5,45,19,-2.534219853416176,-2.8798658660471284
feat_gbm,0.5,45,20,-2.8943137779036237,-3.281006200299989
feat_gbm,0.5,45,21,-0.9375634301997052,-0.7889402030111288
feat_gbm,0.5,45,22,-0.3219884000495573,-0.48114593055133975
feat_gbm,0.5,45,23,-3.326489693003225,-2.8038114998165153
feat_gbm,0.5,45,24,-3.001087482773715,-2.6726430450531393
feat_gbm,0.5,45,25,-3.5005170057496713,-3.141178249464176
feat_gbm,0.5,45,26,-3.5280599503097387,-3.8612362310489847
feat_gbm,0.5,45,27,-2.8878987102580798,-3.085821277369337
feat_gbm,0.5,45,28,-2.8192590167842813,-2.1153791712035637
feat_gbm,0.5,45,29,-0.40028045946290425,-0.5854112868629942
feat_gbm,0.5,45,30,-0.030305065169200035,0.13849791927417068
feat_gbm,0.5,45,31,-2.7212176622491313,-2.779654184179668
feat_gbm,0.5,45,32,1.3115608893413035,0.9166392391011026
feat_gbm,0.5,45,33,-2.205236263173244,-2.134444297962007
feat_gbm,0.5,45,34,1.0376298930582701,1.1224191581864646
feat_gbm,0.5,45,35,-3.3847278314184774,-2.7514680837461087
feat_gbm,0.5,45,36,0.53967538673559,0.7493710802437775
feat_gbm,0.5,45,37,-1.658831651580283,-2.157600461660938
feat_gbm,0.5,45,38,-1.3058269363102928,-1.7436371170468024
feat_gbm,0.5,45,39,0.3842929427221181,0.632388610685479
feat_gbm,0.5,45,40,-2.298257800733879,-1.5024753827969588
feat_gbm,0.5,45,41,-2.430337652270868,-2.936018587066778
feat_gbm,0.5,45,42,-0.30825058039569037,-0.06406961406287034
feat_gbm,0.5,45,43,-0.47786193769266333,-0.43711075337934485
feat_gbm,0.5,45,44,0.7628272440137639,0.521724778538647
feat_gbm,0.5,45,45,0.6043489285750471,-0.02881562555915001
feat_gbm,0.5,45,46,-2.4782830504168896,-2.6856700943784895
feat_gbm,0.5,45,47,-3.0293911622018457,-3.3419513202228783
feat_gbm,0.5,45,48,-0.4119989660167293,-0.35240032436669677
feat_gbm,0.5,45,49,-3.681532191159828,-4.466027560457086
feat_gbm,0.5,45,50,-1.058209765604215,-1.2227887404747313
feat_gbm,0.5,45,51,-3.766866649000483,-4.168130875201601
feat_gbm,0.5,45,52,-1.7796191745905496,-2.1825653069440887
feat_gbm,0.5,45,53,-3.024187085445063,-2.816977102698189
feat_gbm,0.5,45,54,-0.4296212450527015,-0.9520374156321785
feat_gbm,0.5,45,55,0.5154729042846755,0.800460094219776
feat_gbm,0.5,45,56,0.19295735835327837,0.2782562560211116
feat_gbm,0.5,45,57,-0.1550874083120922,-0.7855200046266205
feat_gbm,0.5,45,58,-3.0444527686989944,-2.837973637743256
feat_gbm,0.5,45,59,-0.2570311064821681,0.3653424354755994
feat_gbm,0.5,45,60,-2.3500851307264194,-3.145987746693799
feat_gbm,0.5,45,61,-2.9070322691469115,-2.1381844357326614
feat_gbm,0.5,45,62,0.5574411972394804,0.3908315550690521
feat_gbm,0.5,45,63,-3.0511688322623076,-3.259739876316779
feat_gbm,0.5,45,64,-2.8333808443843083,-3.799325775609258
feat_gbm,0.5,45,65,0.43717832069995183,0.2842997557356093
feat_gbm,0.5,45,66,0.5272933606549035,0.9099380077885143
feat_gbm,0.5,45,67,0.27578573229543624,0.5741223235018287
feat_gbm,0.5,45,68,1.1235288582952425,1.3807263582335993
feat_gbm,0.5,45,69,0.16343724071181198,2.7357387204405055
feat_gbm,0.5,45,70,0.1212223294533712,-0.3782017485149665
feat_gbm,0.5,45,71,-0.525499135056236,-0.6946521973220513
feat_gbm,0.5,45,72,-3.0946775844192524,-3.510295151868067
feat_gbm,0.5,45,73,-0.604427947971782,-0.3643686170400702
feat_gbm,0.5,45,74,1.302380497310757,1.1835884152793859
feat_gbm,0.5,45,75,0.2679650011931388,-0.38644824542838596
feat_gbm,0.5,45,76,0.6752208912473601,0.7005004452467647
feat_gbm,0.5,45,77,0.29008907946369034,0.3770911051312199
feat_gbm,0.5,45,78,-0.2351872611970513,-0.5374783823521183
feat_gbm,0.5,45,79,-2.6661462261389435,-3.2499450611549854
feat_gbm,0.5,45,80,-1.7154950254226764,-1.719925172279684
feat_gbm,0.5,45,81,0.8073990519286168,1.8185710395242058
feat_gbm,0.5,45,82,-1.1596069085867682,-1.0758778979961314
feat_gbm,0.5,45,83,-0.3922937158897092,-0.8033140510569362
feat_gbm,0.5,45,84,-1.943822973347354,-2.0837035815006346
feat_gbm,0.5,45,85,-2.1280455136998206,-1.2430797823904942
feat_gbm,0.5,45,86,0.8737187680113079,0.639317965424242
feat_gbm,0.5,45,87,0.016835081549764312,-0.02321591952008587
feat_gbm,0.5,45,88,-2.6915232728644303,-3.512086916650174
feat_gbm,0.5,45,89,-1.7703123737007258,-1.684363733317816
feat_gbm,0.5,45,90,-3.2278953390054625,-3.5341996208099964
feat_gbm,0.5,45,91,0.7043229006406088,1.1574629997660548
feat_gbm,0.5,45,92,-1.0361890558950266,-0.7651863719989663
feat_gbm,0.5,45,93,-2.8805989201919497,-5.7708125015304885
feat_gbm,0.5,45,94,0.05123309024472755,0.07374698385127064
feat_gbm,0.5,45,95,0.28585142109673073,1.201566413592891
feat_gbm,0.5,45,96,1.4980562542584601,1.2655480006709303
feat_gbm,0.5,45,97,-3.208827560563158,-3.2217777708537843
feat_gbm,0.5,45,98,-1.214980341671876,-1.2120387208328698
feat_gbm,0.5,45,99,-0.44773999881154336,-0.04015373686183237
feat_gbm,0.5,45,100,-2.777459990341047,-2.8384481914339785
feat_gbm,0.5,45,101,-3.2844889005294062,-3.541068619782685
feat_gbm,0.5,45,102,-3.2820803808318475,-4.424727465058162
feat_gbm,0.5,45,103,-0.4512206043032829,-0.7652009130347144
feat_gbm,0.5,45,104,-0.18009622278871434,-0.406664655497914
feat_gbm,0.5,45,105,-2.5673090288009677,-2.8019031633754246
feat_gbm,0.5,45,106,-1.1072790669216896,-1.1978192780958505
feat_gbm,0.5,45,107,-1.276280446509539,-1.2497822804421463
feat_gbm,0.5,45,108,0.045452124759466896,-0.2003702404752673
feat_gbm,0.5,45,109,-0.5736564147105746,-0.28745536208379296
feat_gbm,0.5,45,110,0.23975133807229418,0.2838469771831524
feat_gbm,0.5,45,111,0.2519854352795278,0.6579850926301614
feat_gbm,0.5,45,112,-0.4388989218992294,-0.4279263804064609
feat_gbm,0.5,45,113,0.3923450749914938,0.527327823801956
feat_gbm,0.5,45,114,-3.1452304017894552,-3.652947895428966
feat_gbm,0.5,45,115,-0.2615646059516257,-0.04287987221360797
feat_gbm,0.5,45,116,-3.072544027703609,-3.4409421360670214
feat_gbm,0.5,45,117,-3.045542512929091,-2.4284095097884006
feat_gbm,0.5,45,118,-1.7057239195669345,-1.419217075367618
feat_gbm,0.5,45,119,-1.4226456291223464,-1.4944271796191557
feat_gbm,0.5,45,120,-2.941890480815362,-2.797137626437216
feat_gbm,0.5,45,121,1.6433694969901114,3.1321125804877905
feat_gbm,0.5,45,122,-1.894536930286235,-3.164895556438051
feat_gbm,0.5,45,123,0.24438669960298853,-0.021234684620174846
feat_gbm,0.5,45,124,-1.5910546624875666,-1.246001114532972
feat_gbm,0.5,45,125,-2.6081580917098885,-2.7130193085566443
feat_gbm,0.5,45,126,-1.0282080248222965,-2.0560780011130944
feat_gbm,0.5,45,127,-2.0517126376816464,-1.631222331554067
feat_gbm,0.5,45,128,-2.0339582738761512,-3.477307725783656
feat_gbm,0.5,45,129,0.5969138969164498,1.7007542891568868
feat_gbm,0.5,45,130,-2.37082619271689,-3.4021624962570822
feat_gbm,0.5,45,131,-3.6811678473554195,-3.701149444421242
feat_gbm,0.5,45,132,-0.5408778851043589,-0.4116741376471012
feat_gbm,0.5,45,133,-0.720869401120001,-0.5680375850475197
feat_gbm,0.5,45,134,-2.6143168812315687,-1.4788189923590598
feat_gbm,0.5,45,135,-2.7510801225512713,-2.9896549957503007
feat_gbm,0.5,45,136,0.17135331195311868,0.11194117436713467
feat_gbm,0.5,45,137,0.8645247553895078,1.7147062893715772
feat_gbm,0.5,45,138,-2.9222392369732213,-1.9709125209383296
feat_gbm,0.5,45,139,-0.38332250210391455,0.19937477723826902
feat_gbm,0.5,45,140,-2.6338424984940105,-2.8223726616431475
feat_gbm,0.5,45,141,-0.42953024368149684,-0.12380828599000025
feat_gbm,0.5,45,142,-2.63004467043124,-2.97521232911642
feat_gbm,0.5,45,143,-1.817031621356383,-1.9484557479617686
feat_gbm,0.5,45,144,0.41273291049145977,1.244093655886106
feat_gbm,0.5,45,145,-1.999879317454786,-2.0280859266176816
feat_gbm,0.5,45,146,-2.621597632990836,-2.0754073031653366
feat_gbm,0.5,45,147,-0.06842807930705816,-0.11331641159387335
feat_gbm,0.5,45,148,-2.4017991888302217,-2.620298039600635
feat_gbm,0.5,45,149,-3.0797429522148465,-3.8395532227602396
feat_gbm,0.5,45,150,-1.4253025178337515,-2.149698272240366
feat_gbm,0.5,45,151,-2.9729429448877602,-3.1594376779318036
feat_gbm,0.5,45,152,-2.425954598134249,-2.7712141114581046
feat_gbm,0.5,45,153,-1.492793630634943,-1.1483368403810985
feat_gbm,0.5,45,154,-1.3663191312749967,-1.4700676700115773
feat_gbm,0.5,45,155,0.7986282397477603,1.4088416749712322
feat_gbm,0.5,45,156,0.5538991602123671,0.7564704220494097
feat_gbm,0.5,45,157,-1.3913647124854303,-1.7148995557963913
feat_gbm,0.5,45,158,-1.3666411975778787,-2.8595355115547196
feat_gbm,0.5,45,159,-1.1248639936665503,-0.9922400520728849
feat_gbm,0.5,45,160,2.1074680960058054,1.8585227307534937
feat_gbm,0.5,45,161,-2.721290065958125,-2.477654537850602
feat_gbm,0.5,45,162,-3.323996210366739,-2.993764039868935
feat_gbm,0.5,45,163,-0.8479031846595746,-1.1722671160336509
feat_gbm,0.5,45,164,-1.9889778719992168,-1.6577576086204497
feat_gbm,0.5,45,165,-2.140116663984562,-2.9770186999323642
feat_gbm,0.5,45,166,-3.181252520080274,-3.2329952824425443
feat_gbm,0.5,45,167,-0.28665285739614965,0.19550508612775644
feat_gbm,0.5,45,168,-1.1451384359024417,-1.2639642813248737
feat_gbm,0.5,45,169,1.1454003796259264,1.4224064134580066
feat_gbm,0.5,45,170,-1.7174296637566686,-1.5303724784706008
feat_gbm,0.5,45,171,0.12401598573341258,0.6086346650572224
feat_gbm,0.5,45,172,-0.159663252594076,-0.052232489626048526
feat_gbm,0.5,45,173,-0.2874015126555187,-0.19074605880313256
feat_gbm,0.5,45,174,-3.040215278105914,-2.7678232596734214
feat_gbm,0.5,45,175,-1.9359868004488643,-1.6557092188829319
feat_gbm,0.5,45,176,0.2120856440461768,0.12081831439914445
feat_gbm,0.5,45,177,0.4312178540214037,3.7031714993021168
feat_gbm,0.5,45,178,-0.11322145347510762,-0.17761292562564054
feat_gbm,0.5,45,179,-0.1337510673813383,0.2295122735959306
feat_gbm,0.5,45,180,-1.2201548425882016,-1.6401012725318311
feat_gbm,0.5,45,181,-2.610242381339304,-3.399461101549646
feat_gbm,0.5,45,182,0.3460857418859211,0.5421608664871393
feat_gbm,0.5,45,183,-3.0111257747238804,-3.7858185839721776
feat_gbm,0.5,45,184,0.4986191346885836,0.4440956773301304
feat_gbm,0.5,45,185,0.09151231512762135,0.5450962365111649
feat_gbm,0.5,45,186,-2.8779498363944067,-3.094441269353033
feat_gbm,0.5,45,187,0.9838650785541055,1.436275522654785
feat_gbm,0.5,45,188,0.10523924775451085,-0.003208414280501246
feat_gbm,0.5,45,189,-2.0448140588659838,-2.0766448721687736
feat_gbm,0.5,45,190,-3.05113552943363,-2.887011097372245
feat_gbm,0.5,45,191,-0.19748419035327855,-0.19564387773269687
feat_gbm,0.5,45,192,-2.4534623553468866,-3.39219136175158
feat_gbm,0.5,45,193,-3.650230936548777,-4.804455114758695
feat_gbm,0.5,45,194,-0.143719008384261,-0.23230879418151415
feat_gbm,0.5,45,195,1.0571538054181515,0.7768952289284052
feat_gbm,0.5,45,196,-3.1418916728366644,-3.0758975731441707
feat_gbm,0.5,45,197,1.8617115967823425,1.8852948766094535
feat_gbm,0.5,45,198,0.07884368852543426,-0.07474663349946693
feat_gbm,0.5,45,199,1.4105131683713672,0.9295509098669842
feat_gbm,0.5,45,200,0.1668591430033109,0.40408761039079466
feat_gbm,0.5,45,201,-1.39919728979778,-1.0185563947000995
feat_gbm,0.5,45,202,-1.3237858977915622,-1.5812541435625456
feat_gbm,0.5,45,203,-2.4871313858643096,-2.9269603411540346
feat_gbm,0.5,45,204,-0.32606712712286684,-0.9368237022381455
feat_gbm,0.5,45,205,-0.7414325871286863,-0.771906247259438
feat_gbm,0.5,45,206,-1.355113004229325,-1.4457766532498904
feat_gbm,0.5,45,207,-2.5085747962859113,-2.4752738768021185
feat_gbm,0.5,45,208,-3.257593976659732,-2.8789590131308262
feat_gbm,0.5,45,209,-3.047515192535902,-2.6986856152036793
feat_gbm,0.5,45,210,-0.16793989488932998,0.05837096406180189
feat_gbm,0.5,45,211,-2.02372891289103,-2.2327070274631113
feat_gbm,0.5,45,212,0.023292269561101864,0.15758807445032513
feat_gbm,0.5,45,213,0.8171252114257392,0.5234750924970406
feat_gbm,0.5,45,214,0.6216497908713541,0.8312555987922697
feat_gbm,0.5,45,215,-1.3283014644447708,-0.7699972654610447
feat_gbm,0.5,45,216,-2.207471852459316,-2.4368834827463726
feat_gbm,0.5,45,217,-3.5139384701104452,-3.7421886443248944
feat_gbm,0.5,45,218,-3.3549350267714138,-4.3753265313120195
feat_gbm,0.5,45,219,0.006360697761129812,0.13181597567614448
feat_gbm,0.5,45,220,-2.419712972909037,-2.150299196146146
feat_gbm,0.5,45,221,0.2961671426282472,0.4316281043505307
feat_gbm,0.5,45,222,0.758352752922776,0.20581216265343685
feat_gbm,0.5,45,223,-1.4005761298389805,-1.7226779576420432
feat_gbm,0.5,45,224,0.882018757240931,1.0701061526100661
feat_gbm,0.5,45,225,-3.341424436184319,-2.995983076644188
feat_gbm,0.5,45,226,-0.31525604408672386,-0.39103048890459524
feat_gbm,0.5,45,227,-2.06673385632881,-2.811377433191803
feat_gbm,0.5,45,228,-0.13678281137606987,0.1103569248772952
feat_gbm,0.5,45,229,0.8109613756251332,1.0926797996732165
feat_gbm,0.5,45,230,-1.6256592931743925,-1.1465469989616057
feat_gbm,0.5,45,231,-3.4553956763355957,-3.7045714701961474
feat_gbm,0.5,45,232,-0.13939141187758602,-0.3205795311611984
feat_gbm,0.5,45,233,-0.5935394980869872,-0.7282288274356463
feat_gbm,0.5,45,234,0.057283458042676955,-0.6143938277881194
feat_gbm,0.5,45,235,-4.078229678649419,-3.717493513170671
feat_gbm,0.5,45,236,-1.5914939392401057,-1.894186438607053
feat_gbm,0.5,45,237,0.040453176813258634,0.19101892391720615
feat_gbm,0.5,45,238,-2.502447713412816,-2.723653519266766
feat_gbm,0.5,45,239,0.16172206993332178,0.28172679866345784
feat_gbm,0.5,45,240,-0.7539907553508145,-0.570916259780521
feat_gbm,0.5,45,241,-1.4931202317567722,-3.037607674189957
feat_gbm,0.5,45,242,-2.641433961810017,-2.4824067099880884
feat_gbm,0.5,45,243,0.9244060200440389,1.793244191067856
feat_gbm,0.5,45,244,-2.6035407478481956,-2.170563194223024
feat_gbm,0.5,45,245,-2.9845057679332117,-2.5580286375581696
feat_gbm,0.5,45,246,-2.5815537432939175,-3.9013363177662743
feat_gbm,0.5,45,247,-1.0080954276823657,-1.2689211715035387
feat_gbm,0.5,45,248,-2.7743186953933456,-2.89795980370705
feat_gbm,0.5,45,249,-1.1404747980502916,-1.149470325468549
feat_gbm,0.5,45,250,-2.0261940539078798,-2.1803876537888693
feat_gbm,0.5,45,251,-1.6233491445406147,-1.2010659028736028
feat_gbm,0.5,45,252,-2.5003724614504312,-2.675840590612525
feat_gbm,0.5,45,253,-0.8959471727641262,-0.865421424414132
feat_gbm,0.5,45,254,-0.9889901738080715,-0.45089388998719687
feat_gbm,0.5,45,255,-1.5686416391362346,-1.477655138121315
feat_gbm,0.5,45,256,-2.2564864862188605,-1.9234128661936198
feat_gbm,0.5,45,257,-1.8444350137743282,-0.8895479413744646
feat_gbm,0.5,45,258,-1.5992095037563476,-1.284701881398344
feat_gbm,0.5,45,259,-0.01221686123921494,0.03791276039075724
feat_gbm,0.5,45,260,-1.495773003836479,-1.213907680807544
feat_gbm,0.5,45,261,-0.12282929276787986,-0.6937064881158975
feat_gbm,0.5,45,262,-1.9883390739855313,-2.500344974429108
feat_gbm,0.5,45,263,-2.8477878597397632,-3.0782877743164985
feat_gbm,0.5,45,264,-3.3776389809002865,-3.2702790535172426
feat_gbm,0.5,45,265,-0.5177216514994161,-0.15746453031192983
feat_gbm,0.5,45,266,-2.1575342487021154,-1.3930653126164372
feat_gbm,0.5,45,267,-3.2870268857813203,-3.460520174484755
feat_gbm,0.5,45,268,-2.033559249438784,-1.8115923421665279
feat_gbm,0.5,45,269,-0.0646605424417177,-0.04785951915829837
feat_gbm,0.5,45,270,-1.3329902582240856,-1.3387838926701625
feat_gbm,0.5,45,271,0.7919710192016041,0.6172482925771328
feat_gbm,0.5,45,272,-0.05687434749564037,0.10718580269537517
feat_gbm,0.5,45,273,-2.377617581219422,-2.4250613993713395
feat_gbm,0.5,45,274,-0.2176058044255746,-0.4656136934058211
feat_gbm,0.5,45,275,-2.392449902986754,-1.7679071058666047
feat_gbm,0.5,45,276,-0.3129283349694532,-0.15192249005847586
feat_gbm,0.5,45,277,-0.29547369319151673,-0.22686658439221394
feat_gbm,0.5,45,278,-0.40164339296356605,-0.3963273628232521
feat_gbm,0.5,45,279,-2.3376259125222143,-2.1916982233579314
feat_gbm,0.5,45,280,0.3584060299467741,0.5138857123822332
feat_gbm,0.5,45,281,0.31127380385451103,0.13501120436460418
feat_gbm,0.5,45,282,0.03418198509270203,-0.35232291748203215
feat_gbm,0.5,45,283,0.22528803300728395,0.33710059568630363
feat_gbm,0.5,45,284,1.865021416950137,2.2269494594330284
feat_gbm,0.5,45,285,-0.8222635596141634,-0.8523290277873723
feat_gbm,0.5,45,286,0.3525509807379238,0.5032694866056324
feat_gbm,0.5,45,287,-2.8440265230386093,-3.0734310124071125
feat_gbm,0.5,45,288,-2.799025528199908,-3.0969464995649485
feat_gbm,0.5,45,289,0.6031081261853046,0.8088909840914691
feat_gbm,0.5,45,290,-1.4894191803236534,-1.710735902712342
feat_gbm,0.5,45,291,0.17865733329354963,-0.24588513525180683
feat_gbm,0.5,45,292,-2.8607238367824395,-2.9910915714149957
feat_gbm,0.5,45,293,-0.16933697068327644,0.24397961438558982
feat_gbm,0.5,45,294,0.9430348867646691,0.9827222917401395
feat_gbm,0.5,45,295,0.7840627412665377,1.5399914318848642
feat_gbm,0.5,45,296,-2.440555198162202,-3.028104854063688
feat_gbm,0.5,45,297,-1.569071939013908,-1.9675880903276046
feat_gbm,0.5,45,298,0.5081961017673717,0.3882116190950413
feat_gbm,0.5,45,299,-0.4177748238494201,-0.4169590587595381
feat_gbm,0.5,45,300,-0.5644080659588769,-0.47104701624968015
feat_gbm,0.5,45,301,-0.4797770777228333,-0.5788171023402015
feat_gbm,0.5,45,302,-3.073950380869242,-3.325334912618423
feat_gbm,0.5,45,303,-0.10864474777711701,0.27214776974989446
feat_gbm,0.5,45,304,0.2705158043489253,0.2838761456734127
feat_gbm,0.5,45,305,0.8959703411590478,0.98356576927226
feat_gbm,0.5,45,306,-2.0465393955119957,-2.324804251846344
feat_gbm,0.5,45,307,-0.08878101644679272,-0.30060412365222405
feat_gbm,0.5,45,308,-2.9452057070570112,-3.5706943269006843
feat_gbm,0.5,45,309,0.7985500381251547,0.7657986236992217
feat_gbm,0.5,45,310,-0.16746110231163108,-0.3760212383278314
feat_gbm,0.5,45,311,0.8688463161588941,0.903367601886353
feat_gbm,0.5,45,312,0.5192168446155403,0.2834145554969618
feat_gbm,0.5,45,313,-0.1365157849596074,-0.8750381269167363
feat_gbm,0.5,45,314,-0.8013333676218217,-0.8911054934067958
feat_gbm,0.5,45,315,0.16245249815241442,0.2699623908229132
feat_gbm,0.5,45,316,-3.1671293409910115,-4.034449774534175
feat_gbm,0.5,45,317,0.5169923218842405,0.7302045063515665
feat_gbm,0.5,45,318,-2.814756747088535,-2.5264159394565007
feat_gbm,0.5,45,319,-3.6563349710122632,-3.1280680478747835
feat_gbm,0.5,45,320,0.3435429034621767,-0.623194388118803
feat_gbm,0.5,45,321,-3.7736238955582424,-4.172922463867305
feat_gbm,0.5,45,322,1.1017007913888872,1.0714029341973417
feat_gbm,0.5,45,323,-2.819077897412286,-2.5538050374755565
feat_gbm,0.5,45,324,-1.5585762261622147,-1.5310020975326282
feat_gbm,0.5,45,325,-0.6000332965777151,-0.735749980772127
feat_gbm,0.5,45,326,-0.4802641427541106,-0.5010306012352705
feat_gbm,0.5,45,327,-3.821408509374871,-4.393123087746285
feat_gbm,0.5,45,328,-0.2391823254056232,0.6439364857563509
feat_gbm,0.5,45,329,-2.5138091893658805,-2.60760252445046
feat_gbm,0.5,45,330,0.5089777523282726,0.46983427811083467
feat_gbm,0.5,45,331,-1.304128609881063,-1.149354435920189
feat_gbm,0.5,45,332,-1.8266633434351964,-1.0961264399974935
feat_gbm,0.5,45,333,0.8472658244794883,1.4253561556633074
feat_gbm,0.5,45,334,1.0665631630146537,1.0406546288822482
feat_gbm,0.5,45,335,-0.19767873093593022,-0.1286217558512718
feat_gbm,0.5,45,336,-1.8581587183262491,-1.7275974260064488
feat_gbm,0.5,45,337,-3.8052299689639133,-4.535227665039715
feat_gbm,0.5,45,338,-0.3082187293212722,-1.078833843619319
feat_gbm,0.5,45,339,-2.7995308593700465,-2.035297396751524
feat_gbm,0.5,45,340,0.4167767525670027,0.4788286932125707
feat_gbm,0.5,45,341,-1.4355986084731012,-0.4595082096564039
feat_gbm,0.5,45,342,-3.2904145855658213,-3.653430804591794
feat_gbm,0.5,45,343,0.08593491045344848,0.2834522663037432
feat_gbm,0.5,45,344,0.04292100563157843,-0.15984972455285287
feat_gbm,0.5,45,345,-2.758390337232979,-3.8822970119574354
feat_gbm,0.5,45,346,-2.4635330204666297,-2.5801989990218064
feat_gbm,0.5,45,347,-3.2088130943888142,-3.2622630695286134
feat_gbm,0.5,45,348,-0.32268647559715125,-0.4894561152880944
feat_gbm,0.5,45,349,-2.701090868467643,-3.0223552414624764
feat_gbm,0.5,45,350,0.7221480121963973,0.4215072765335228
feat_gbm,0.5,45,351,-1.9951488867968943,-1.8152752103400673
feat_gbm,0.5,45,352,0.6572830423121654,1.102263670511441
feat_gbm,0.5,45,353,0.7838399483176267,1.4454852001466738
feat_gbm,0.5,45,354,-3.370767750348243,-3.6770060333191017
feat_gbm,0.5,45,355,-3.2349283546067484,-5.078652858832153
feat_gbm,0.5,45,356,0.29142934508302065,0.7815322159665122
feat_gbm,0.5,45,357,0.5401774115398712,0.6775133790495483
feat_gbm,0.5,45,358,-3.0594495713825642,-3.5163570325540956
feat_gbm,0.5,45,359,-1.1133946632964908,-4.157760523739404
feat_gbm,0.5,45,360,-0.5769337238047935,-0.18386357284099003
feat_gbm,0.5,45,361,-3.43720810485288,-4.477383009144865
feat_gbm,0.5,45,362,0.05769678196214815,0.2909126951240761
feat_gbm,0.5,45,363,-3.5728923199313685,-3.5121531596302606
feat_gbm,0.5,45,364,-0.2938753475687906,-0.0019354464452207268
feat_gbm,0.5,45,365,-3.306126159456419,-3.264666087597375
feat_gbm,0.5,45,366,-2.4368641605645416,-1.4961090632143375
feat_gbm,0.5,45,367,-0.05479768069348473,-0.10305907560987346
feat_gbm,0.5,45,368,0.0685573343063453,0.24601275195113992
feat_gbm,0.5,45,369,-1.2379081940438141,-1.6400355118163064
feat_gbm,0.5,45,370,-2.07169234766529,-1.5399226532969161
feat_gbm,0.5,45,371,-0.3732515875816661,-0.3336387161155974
feat_gbm,0.5,45,372,0.24504345465232608,0.3185760540422761
feat_gbm,0.5,45,373,-0.17309926823361943,-0.30756424411789
feat_gbm,0.5,45,374,-3.4963535899785994,-3.551435429619069
feat_gbm,0.5,45,375,0.011905055291511993,-0.12846918127015178
feat_gbm,0.5,45,376,0.4745395471022841,0.43413099611324796
feat_gbm,0.5,45,377,0.6179880444530106,0.8095384731463161
feat_gbm,0.5,45,378,0.0827663946718978,0.20303525329731625
feat_gbm,0.5,45,379,0.3959603466151312,0.524784145223057
feat_gbm,0.5,45,380,0.3694321967489822,0.8722609808312535
feat_gbm,0.5,45,381,0.3195038654028774,1.0190202163897197
feat_gbm,0.5,45,382,0.44936262893602547,1.2715191268303472
feat_gbm,0.5,45,383,-0.12519269099463287,-0.13923746667536385
feat_gbm,0.5,45,384,-0.8436251292161312,-1.7983983483294153
feat_gbm,0.5,45,385,0.6429232648440406,0.5606037150840157
feat_gbm,0.5,45,386,0.5817082540362454,0.6003456151224621
feat_gbm,0.5,45,387,1.1040428965576954,1.3071718981356573
feat_gbm,0.5,45,388,0.025483399795125358,-0.19457283568776126
feat_gbm,0.5,45,389,-1.3284898258949156,-0.981880356960367
feat_gbm,0.5,45,390,-2.5648985111963,-2.628024059072158
feat_gbm,0.5,45,391,-2.2601134128375056,-2.479262758098376
feat_gbm,0.5,45,392,-2.0824301087593,-2.207941629114672
feat_gbm,0.5,45,393,-2.5834191888601024,-2.806586620215901
feat_gbm,0.5,45,394,-0.521556813122087,-0.16842623590390868
feat_gbm,0.5,45,395,0.33558718638306834,0.3596423409999632
feat_gbm,0.5,45,396,-2.9595511193226502,-3.117667066362407
feat_gbm,0.5,45,397,0.616454725715292,0.6134086288650079
feat_gbm,0.5,45,398,0.3617348093517724,0.5049020087080688
feat_gbm,0.5,45,399,-0.8665527969376877,-1.0548605918119196
feat_gbm,0.5,45,400,-3.428916712308334,-2.877676775828332
feat_gbm,0.5,45,401,0.16158525143986163,0.015654415635624343
feat_gbm,0.5,45,402,-0.689241795509252,-0.7027824676465185
feat_gbm,0.5,45,403,0.2746920318611824,0.6733427913489138
feat_gbm,0.5,45,404,0.3696599813514719,0.03259550049258387
feat_gbm,0.5,45,405,-3.231356640949254,-3.4179416205706223
feat_gbm,0.5,45,406,-2.266500133581499,-1.6563158072976616
feat_gbm,0.5,45,407,0.3749600229734082,0.3281041495218151
feat_gbm,0.5,45,408,-0.9845528246513009,-1.498502430121411
feat_gbm,0.5,45,409,-0.9655661576461513,-1.5390850133499359
feat_gbm,0.5,45,410,-2.2919901330973893,-3.8769914364338094
feat_gbm,0.5,45,411,-1.2350678702704898,-1.1093409530974205
feat_gbm,0.5,45,412,-2.5972731521430803,-2.1356441225652167
feat_gbm,0.5,45,413,0.20900037166488297,0.5613925387002681
feat_gbm,0.5,45,414,-2.549806769637006,-2.672303525149137
feat_gbm,0.5,45,415,0.6110751094984509,0.9887747910888531
feat_gbm,0.5,45,416,-3.5367419450165003,-2.064740642123073
feat_gbm,0.5,45,417,-0.9341070674569746,-0.13534283366780814
feat_gbm,0.5,45,418,-0.1462862732365968,0.5266566940316069
feat_gbm,0.5,45,419,-0.5994046130425216,-0.7929716308762645
feat_gbm,0.5,45,420,0.1871878402593711,0.22081989653443584
feat_gbm,0.5,45,421,-3.5506033834344675,-3.4911396429773087
feat_gbm,0.5,45,422,-0.17937948194822112,0.4691563032653497
feat_gbm,0.5,45,423,-0.15433900290090563,-0.21242164749251408
feat_gbm,0.5,45,424,-3.038247353917446,-2.0235730224261497
feat_gbm,0.5,45,425,-0.2391176004412972,0.1881042769243711
feat_gbm,0.5,45,426,-0.9133847021666457,-0.7546830882020855
feat_gbm,0.5,45,427,-1.4991260118577825,-2.004418163271322
feat_gbm,0.5,45,428,-0.039809944257464154,0.08108350485015015
feat_gbm,0.5,45,429,-1.2517688164400311,-0.8958783842144782
feat_gbm,0.5,45,430,-1.1929871605321911,-0.700178367515834
feat_gbm,0.5,45,431,-2.0892672776363925,-2.026447754843476
feat_gbm,0.5,45,432,-3.356450846594839,-3.3644112924118934
feat_gbm,0.5,45,433,-2.741692572750099,-2.4777804975332844
feat_gbm,0.5,45,434,-3.3758963016618933,-3.6407879329147783
feat_gbm,0.5,45,435,0.17750553697487176,0.8140524350977956
feat_gbm,0.5,45,436,-0.39764157507487985,-0.6342245759550225
feat_gbm,0.5,45,437,-1.1916111165547423,-1.0170271575608654
feat_gbm,0.5,45,438,0.5180905994158199,1.2058566336630974
feat_gbm,0.5,45,439,1.0195471633238018,1.04159183954478
feat_gbm,0.5,45,440,-0.5550206033539651,-0.383754051292973
feat_gbm,0.5,45,441,1.0783895175326186,0.9717849563735496
feat_gbm,0.5,45,442,0.8061512520038867,0.915394257773604
feat_gbm,0.5,45,443,-0.17418515773156507,0.17619398118278368
feat_gbm,0.5,45,444,-2.832825670717503,-2.3026142847949007
feat_gbm,0.5,45,445,-0.5237867851541871,-2.156995715227189
feat_gbm,0.5,45,446,-2.0396018008013983,-1.9647154613855007
feat_gbm,0.5,45,447,-1.323962574567015,-1.2167428909736953
feat_gbm,0.5,45,448,-0.5966235822696211,0.371748058948411
feat_gbm,0.5,45,449,-2.7723062473037867,-3.354914600670279
feat_gbm,0.5,45,450,-1.6349250465789438,-2.0984010901330774
feat_gbm,0.5,45,451,-1.5295636960746641,-1.8411195968283314
feat_gbm,0.5,45,452,-0.3433837306463637,-0.2866386615093297
feat_gbm,0.5,45,453,-2.1424906539818442,-2.1769502099219324
feat_gbm,0.5,45,454,0.2037305450378553,0.851829112076475
feat_gbm,0.5,45,455,0.15861439820377618,-0.5174982843777256
feat_gbm,0.5,45,456,-3.009656475902507,-3.7883351795095335
feat_gbm,0.5,45,457,-1.9356449846015673,-1.3225504843777425
feat_gbm,0.5,45,458,-0.048205346992087277,-0.6304710111145473
feat_gbm,0.5,45,459,-2.449120862634358,-2.867776928577639
feat_gbm,0.5,45,460,-0.07459349257289768,-0.20106453453544149
feat_gbm,0.5,45,461,1.0363981377134819,0.565413433251147
feat_gbm,0.5,45,462,0.20952769206196725,0.6531860801292728
feat_gbm,0.5,45,463,-3.200585518531783,-3.295531334571209
feat_gbm,0.5,45,464,-1.1037537164817923,-1.118951529136503
feat_gbm,0.5,45,465,0.0897255056584738,0.08535922256033004
feat_gbm,0.5,45,466,-0.24966598975437637,0.2656879386171551
feat_gbm,0.5,45,467,-1.1487527512152833,-1.0764680911985907
feat_gbm,0.5,45,468,2.1311247942215013,2.2503813782282114
feat_gbm,0.5,45,469,-0.12849178972980657,-0.029700274932011248
feat_gbm,0.5,45,470,-2.351584291600786,-2.1918010579584375
feat_gbm,0.5,45,471,0.3270686868790284,-0.12537364897776127
feat_gbm,0.5,45,472,-1.370016569508763,-1.3714574409892777
feat_gbm,0.5,45,473,-0.8164731179085799,-1.0216450817816245
feat_gbm,0.5,45,474,-0.7528723893704375,-0.8313233833759152
feat_gbm,0.5,45,475,-2.5868493939038077,-3.25243582884057
feat_gbm,0.5,45,476,0.5401830094855123,0.8737365575305754
feat_gbm,0.5,45,477,-2.6254602638137645,-1.8373017486027088
feat_gbm,0.5,45,478,-1.7371191553251875,-1.909749317133085
feat_gbm,0.5,45,479,0.4058864231909562,0.418341725137149
feat_gbm,0.5,45,480,-2.798953740080059,-2.8689304810445995
feat_gbm,0.5,45,481,-3.2444668009056103,-3.9192950012633494
feat_gbm,0.5,45,482,0.49628549100052155,0.8191907452202399
feat_gbm,0.5,45,483,-2.69727541752972,-2.7371748494528005
feat_gbm,0.5,45,484,-0.26457441731675485,0.043868991079412875
feat_gbm,0.5,45,485,-2.237382765881357,-3.9571024828402512
feat_gbm,0.5,45,486,-1.231863345412812,-0.8286091055291892
feat_gbm,0.5,45,487,1.044111446618843,1.1086460137612473
feat_gbm,0.5,45,488,-0.7123487934020025,-1.0899995989348372
feat_gbm,0.5,45,489,-2.8537218918679805,-2.9260181182274523
feat_gbm,0.5,45,490,-0.04948250326817081,0.01778898425240747
feat_gbm,0.5,45,491,-0.15323394195427448,-0.388546054063584
feat_gbm,0.5,45,492,-0.8127021827431605,-0.8483910406321095
feat_gbm,0.5,45,493,-2.518957823631715,-2.4855190663855797
feat_gbm,0.5,45,494,-0.31791419103707524,-0.6027729178489412
feat_gbm,0.5,45,495,-2.3394759712642563,-1.5285925057254015
feat_gbm,0.5,45,496,0.7076024524517228,1.0092174422839322
feat_gbm,0.5,45,497,-2.5497305107798174,-2.421052301727873
feat_gbm,0.5,45,498,-3.0998579671133513,-3.2283141264699093
feat_gbm,0.5,45,499,-3.676333235555375,-4.907212199848568
feat_gbm,0.5,46,0,-0.20074627390000566,0.03894909458183669
feat_gbm,0.5,46,1,-2.448591786436764,-2.5052564746229193
feat_gbm,0.5,46,2,0.5179127125174154,0.6287827851917782
feat_gbm,0.5,46,3,-3.322173177280045,-3.3447289283878643
feat_gbm,0.5,46,4,0.9397409119383734,0.9694015026406426
feat_gbm,0.5,46,5,-1.6612946908022805,-2.4693709778233526
feat_gbm,0.5,46,6,-0.1691995866732706,-0.2819211013310965
feat_gbm,0.5,46,7,0.7367653796812541,0.5289578846490461
feat_gbm,0.5,46,8,0.5603924800952901,0.032863622186365654
feat_gbm,0.5,46,9,1.0390204711429338,0.9352707853930591
feat_gbm,0.5,46,10,-1.7879753462713894,-1.5987558134683666
feat_gbm,0.5,46,11,-3.2982774358777402,-3.2678706438993954
feat_gbm,0.5,46,12,-2.6237904497772147,-2.445380546146449
feat_gbm,0.5,46,13,-0.2919975518232278,-0.4471217519653716
feat_gbm,0.5,46,14,-1.762732035201853,-1.8343062920535937
feat_gbm,0.5,46,15,-2.0556595681591414,-2.278287047942225
feat_gbm,0.5,46,16,-0.970097799060414,-1.113015507562239
feat_gbm,0.5,46,17,-1.6080041022588452,-1.149386040828735
feat_gbm,0.5,46,18,0.012171141337398989,-0.4541092694382234
feat_gbm,0.5,46,19,-2.6700334970985216,-2.8798658660471284
feat_gbm,0.5,46,20,-3.1238556451530677,-3.281006200299989
feat_gbm,0.5,46,21,-1.4814530272626534,-0.7889402030111288
feat_gbm,0.5,46,22,-0.4335364660578888,-0.48114593055133975
feat_gbm,0.5,46,23,-3.353869276015955,-2.8038114998165153
feat_gbm,0.5,46,24,-2.9745800468319725,-2.6726430450531393
feat_gbm,0.5,46,25,-3.2428831353692824,-3.141178249464176
feat_gbm,0.5,46,26,-3.4671012622122652,-3.8612362310489847
feat_gbm,0.5,46,27,-2.901046744018861,-3.085821277369337
feat_gbm,0.5,46,28,-2.8062307141529126,-2.1153791712035637
feat_gbm,0.5,46,29,-0.2701254542532316,-0.5854112868629942
feat_gbm,0.5,46,30,-0.08691755843366429,0.13849791927417068
feat_gbm,0.5,46,31,-2.7888822362684205,-2.779654184179668
feat_gbm,0.5,46,32,1.2074384065473882,0.9166392391011026
feat_gbm,0.5,46,33,-1.989851195173998,-2.134444297962007
feat_gbm,0.5,46,34,1.0317212890332579,1.1224191581864646
feat_gbm,0.5,46,35,-3.347521999379147,-2.7514680837461087
feat_gbm,0.5,46,36,0.5432255500715294,0.7493710802437775
feat_gbm,0.5,46,37,-1.76223939629706,-2.157600461660938
feat_gbm,0.5,46,38,-1.3042999343145312,-1.7436371170468024
feat_gbm,0.5,46,39,0.5030394871422024,0.632388610685479
feat_gbm,0.5,46,40,-2.199437593022261,-1.5024753827969588
feat_gbm,0.5,46,41,-2.484875244926502,-2.936018587066778
feat_gbm,0.5,46,42,-0.34143830970921346,-0.06406961406287034
feat_gbm,0.5,46,43,-0.41140145908918246,-0.43711075337934485
feat_gbm,0.5,46,44,0.7768216041406507,0.521724778538647
feat_gbm,0.5,46,45,0.6462801187613543,-0.02881562555915001
feat_gbm,0.5,46,46,-2.4928198966265827,-2.6856700943784895
feat_gbm,0.5,46,47,-2.9374944231793187,-3.3419513202228783
feat_gbm,0.5,46,48,-0.3773385168689407,-0.35240032436669677
feat_gbm,0.5,46,49,-3.77809060567028,-4.466027560457086
feat_gbm,0.5,46,50,-1.0279141820093847,-1.2227887404747313
feat_gbm,0.5,46,51,-3.7445169132001768,-4.168130875201601
feat_gbm,0.5,46,52,-1.6497403367394399,-2.1825653069440887
feat_gbm,0.5,46,53,-3.039643765380116,-2.816977102698189
feat_gbm,0.5,46,54,-0.4523805755613137,-0.9520374156321785
feat_gbm,0.5,46,55,0.4380058624865665,0.800460094219776
feat_gbm,0.5,46,56,0.14373616058570687,0.2782562560211116
feat_gbm,0.5,46,57,-0.307135963787884,-0.7855200046266205
feat_gbm,0.5,46,58,-3.299974195669097,-2.837973637743256
feat_gbm,0.5,46,59,-0.28262371596842967,0.3653424354755994
feat_gbm,0.5,46,60,-2.359342819077543,-3.145987746693799
feat_gbm,0.5,46,61,-2.7277219948659743,-2.1381844357326614
feat_gbm,0.5,46,62,0.5057558977890131,0.3908315550690521
feat_gbm,0.5,46,63,-2.9307935912626615,-3.259739876316779
feat_gbm,0.5,46,64,-2.9410281854667906,-3.799325775609258
feat_gbm,0.5,46,65,0.49214304696662325,0.2842997557356093
feat_gbm,0.5,46,66,0.5659489315085084,0.9099380077885143
feat_gbm,0.5,46,67,0.3563579694227728,0.5741223235018287
feat_gbm,0.5,46,68,1.217542024344006,1.3807263582335993
feat_gbm,0.5,46,69,0.15447244332985136,2.7357387204405055
feat_gbm,0.5,46,70,0.034798815916641294,-0.3782017485149665
feat_gbm,0.5,46,71,-0.49509713175013786,-0.6946521973220513
feat_gbm,0.5,46,72,-3.0456900304729135,-3.510295151868067
feat_gbm,0.5,46,73,-0.6346086807456219,-0.3643686170400702
feat_gbm,0.5,46,74,1.2867379542983637,1.1835884152793859
feat_gbm,0.5,46,75,0.1003958768141925,-0.38644824542838596
feat_gbm,0.5,46,76,0.5144810107621586,0.7005004452467647
feat_gbm,0.5,46,77,0.25088011877607824,0.3770911051312199
feat_gbm,0.5,46,78,-0.281529864069223,-0.5374783823521183
feat_gbm,0.5,46,79,-2.7422921134871325,-3.2499450611549854
feat_gbm,0.5,46,80,-1.7598095653374894,-1.719925172279684
feat_gbm,0.5,46,81,0.8250369322332287,1.8185710395242058
feat_gbm,0.5,46,82,-1.147279924269563,-1.0758778979961314
feat_gbm,0.5,46,83,-0.418143405370173,-0.8033140510569362
feat_gbm,0.5,46,84,-1.912566692680894,-2.0837035815006346
feat_gbm,0.5,46,85,-2.287641285522988,-1.2430797823904942
feat_gbm,0.5,46,86,0.8449091766612811,0.639317965424242
feat_gbm,0.5,46,87,-0.19144014663918557,-0.02321591952008587
feat_gbm,0.5,46,88,-2.9270162449742494,-3.512086916650174
feat_gbm,0.5,46,89,-1.7237797673759758,-1.684363733317816
feat_gbm,0.5,46,90,-3.345542709325633,-3.5341996208099964
feat_gbm,0.5,46,91,0.5771415371372212,1.1574629997660548
feat_gbm,0.5,46,92,-1.0174688290775493,-0.7651863719989663
feat_gbm,0.5,46,93,-2.990497057676466,-5.7708125015304885
feat_gbm,0.5,46,94,0.11827946943063396,0.07374698385127064
feat_gbm,0.5,46,95,0.4929319620212633,1.201566413592891
feat_gbm,0.5,46,96,1.362213663321502,1.2655480006709303
feat_gbm,0.5,46,97,-3.1311707668788302,-3.2217777708537843
feat_gbm,0.5,46,98,-1.2008894109427413,-1.2120387208328698
feat_gbm,0.5,46,99,-0.40380911102187395,-0.04015373686183237
feat_gbm,0.5,46,100,-2.8162342521741857,-2.8384481914339785
feat_gbm,0.5,46,101,-3.1758944120205803,-3.541068619782685
feat_gbm,0.5,46,102,-3.0642436104120843,-4.424727465058162
feat_gbm,0.5,46,103,-0.5327884503501545,-0.7652009130347144
feat_gbm,0.5,46,104,-0.17522680710020686,-0.406664655497914
feat_gbm,0.5,46,105,-2.4075461752539082,-2.8019031633754246
feat_gbm,0.5,46,106,-1.2962567550038018,-1.1978192780958505
feat_gbm,0.5,46,107,-1.2764082848068221,-1.2497822804421463
feat_gbm,0.5,46,108,-0.07030442308451106,-0.2003702404752673
feat_gbm,0.5,46,109,-0.4427759665184205,-0.28745536208379296
feat_gbm,0.5,46,110,0.4999031592132566,0.2838469771831524
feat_gbm,0.5,46,111,0.2164941578665862,0.6579850926301614
feat_gbm,0.5,46,112,-0.28991042603589623,-0.4279263804064609
feat_gbm,0.5,46,113,0.3576961110875252,0.527327823801956
feat_gbm,0.5,46,114,-3.1998696728836027,-3.652947895428966
feat_gbm,0.5,46,115,-0.24293354560424557,-0.04287987221360797
feat_gbm,0.5,46,116,-3.1728926814390706,-3.4409421360670214
feat_gbm,0.5,46,117,-3.0220088348656757,-2.4284095097884006
feat_gbm,0.5,46,118,-1.6046479673156446,-1.419217075367618
feat_gbm,0.5,46,119,-1.343802159725271,-1.4944271796191557
feat_gbm,0.5,46,120,-3.0017294635281946,-2.797137626437216
feat_gbm,0.5,46,121,1.2025209484164927,3.1321125804877905
feat_gbm,0.5,46,122,-2.133940442325419,-3.164895556438051
feat_gbm,0.5,46,123,0.37785368156673665,-0.021234684620174846
feat_gbm,0.5,46,124,-1.5918044859088865,-1.246001114532972
feat_gbm,0.5,46,125,-2.351996421061407,-2.7130193085566443
feat_gbm,0.5,46,126,-1.0230603641540728,-2.0560780011130944
feat_gbm,0.5,46,127,-2.3369313231010937,-1.631222331554067
feat_gbm,0.5,46,128,-2.1660502731253466,-3.477307725783656
feat_gbm,0.5,46,129,0.8365831054960114,1.7007542891568868
feat_gbm,0.5,46,130,-2.1322415770501175,-3.4021624962570822
feat_gbm,0.5,46,131,-3.586038189088632,-3.701149444421242
feat_gbm,0.5,46,132,-0.5545721339734123,-0.4116741376471012
feat_gbm,0.5,46,133,-0.7492290870489109,-0.5680375850475197
feat_gbm,0.5,46,134,-2.5816431110871005,-1.4788189923590598
feat_gbm,0.5,46,135,-2.433594495890515,-2.9896549957503007
feat_gbm,0.5,46,136,0.3543316569250146,0.11194117436713467
feat_gbm,0.5,46,137,1.0135224088000327,1.7147062893715772
feat_gbm,0.5,46,138,-2.3841102724076935,-1.9709125209383296
feat_gbm,0.5,46,139,-0.4017972332645234,0.19937477723826902
feat_gbm,0.5,46,140,-2.5357833081464527,-2.8223726616431475
feat_gbm,0.5,46,141,-0.2090790331819912,-0.12380828599000025
feat_gbm,0.5,46,142,-2.681356277166249,-2.97521232911642
feat_gbm,0.5,46,143,-1.9257098094533707,-1.9484557479617686
feat_gbm,0.5,46,144,0.64175362077536,1.244093655886106
feat_gbm,0.5,46,145,-2.2130602238492516,-2.0280859266176816
feat_gbm,0.5,46,146,-2.3474104571292926,-2.0754073031653366
feat_gbm,0.5,46,147,0.22558324692234236,-0.11331641159387335
feat_gbm,0.5,46,148,-2.6554017917739845,-2.620298039600635
feat_gbm,0.5,46,149,-3.172620108445474,-3.8395532227602396
feat_gbm,0.5,46,150,-1.0112060397193903,-2.149698272240366
feat_gbm,0.5,46,151,-2.920508012196615,-3.1594376779318036
feat_gbm,0.5,46,152,-2.384245335975907,-2.7712141114581046
feat_gbm,0.5,46,153,-1.4952324613927335,-1.1483368403810985
feat_gbm,0.5,46,154,-1.5795185879355231,-1.4700676700115773
feat_gbm,0.5,46,155,0.7255676355735327,1.4088416749712322
feat_gbm,0.5,46,156,0.6568575704627942,0.7564704220494097
feat_gbm,0.5,46,157,-1.3991084984945454,-1.7148995557963913
feat_gbm,0.5,46,158,-1.2192585516302212,-2.8595355115547196
feat_gbm,0.5,46,159,-1.3021742712472553,-0.9922400520728849
feat_gbm,0.5,46,160,2.2221086521130573,1.8585227307534937
feat_gbm,0.5,46,161,-2.663548072685405,-2.477654537850602
feat_gbm,0.5,46,162,-3.3406378888674513,-2.993764039868935
feat_gbm,0.5,46,163,-0.9713838796489377,-1.1722671160336509
feat_gbm,0.5,46,164,-1.9102975574541392,-1.6577576086204497
feat_gbm,0.5,46,165,-2.1442037789854798,-2.9770186999323642
feat_gbm,0.5,46,166,-3.289701445657775,-3.2329952824425443
feat_gbm,0.5,46,167,-0.20677179036865825,0.19550508612775644
feat_gbm,0.5,46,168,-1.197743048117421,-1.2639642813248737
feat_gbm,0.5,46,169,1.1439055422245825,1.4224064134580066
feat_gbm,0.5,46,170,-1.8403886560749378,-1.5303724784706008
feat_gbm,0.5,46,171,0.22778787165679001,0.6086346650572224
feat_gbm,0.5,46,172,0.07252497393414296,-0.052232489626048526
feat_gbm,0.5,46,173,-0.3035735754457612,-0.19074605880313256
feat_gbm,0.5,46,174,-2.892593582095549,-2.7678232596734214
feat_gbm,0.5,46,175,-2.0773483462797007,-1.6557092188829319
feat_gbm,0.5,46,176,0.25712157069856056,0.12081831439914445
feat_gbm,0.5,46,177,0.41504545045015306,3.7031714993021168
feat_gbm,0.5,46,178,-0.1806773506922261,-0.17761292562564054
feat_gbm,0.5,46,179,-0.07396608013150295,0.2295122735959306
feat_gbm,0.5,46,180,-1.249756129824834,-1.6401012725318311
feat_gbm,0.5,46,181,-2.6280941606685846,-3.399461101549646
feat_gbm,0.5,46,182,0.22526956975253942,0.5421608664871393
feat_gbm,0.5,46,183,-3.0685904592436994,-3.7858185839721776
feat_gbm,0.5,46,184,0.44897093213313216,0.4440956773301304
feat_gbm,0.5,46,185,0.05770430805375117,0.5450962365111649
feat_gbm,0.5,46,186,-2.9405028047234705,-3.094441269353033
feat_gbm,0.5,46,187,0.977951897089493,1.436275522654785
feat_gbm,0.5,46,188,0.05271611426617308,-0.003208414280501246
feat_gbm,0.5,46,189,-1.926166087019671,-2.0766448721687736
feat_gbm,0.5,46,190,-2.9735084847201976,-2.887011097372245
feat_gbm,0.5,46,191,0.01349103806308589,-0.19564387773269687
feat_gbm,0.5,46,192,-2.21646015707464,-3.39219136175158
feat_gbm,0.5,46,193,-3.8905185944682783,-4.804455114758695
feat_gbm,0.5,46,194,-0.14740085927749882,-0.23230879418151415
feat_gbm,0.5,46,195,0.9014785036866916,0.7768952289284052
feat_gbm,0.5,46,196,-3.086030773286475,-3.0758975731441707
feat_gbm,0.5,46,197,1.7161532433554698,1.8852948766094535
feat_gbm,0.5,46,198,0.0218791743257226,-0.07474663349946693
feat_gbm,0.5,46,199,1.3314086401295895,0.9295509098669842
feat_gbm,0.5,46,200,0.14087445698830284,0.40408761039079466
feat_gbm,0.5,46,201,-1.550149469543571,-1.0185563947000995
feat_gbm,0.5,46,202,-1.3127880198176838,-1.5812541435625456
feat_gbm,0.5,46,203,-2.4522827512738843,-2.9269603411540346
feat_gbm,0.5,46,204,-0.43495621619409086,-0.9368237022381455
feat_gbm,0.5,46,205,-0.8562565995018329,-0.771906247259438
feat_gbm,0.5,46,206,-1.7179670013954367,-1.4457766532498904
feat_gbm,0.5,46,207,-2.535473339072983,-2.4752738768021185
feat_gbm,0.5,46,208,-3.3684805646114278,-2.8789590131308262
feat_gbm,0.5,46,209,-3.079894121495528,-2.6986856152036793
feat_gbm,0.5,46,210,0.022117978189405346,0.05837096406180189
feat_gbm,0.5,46,211,-2.0998431497793044,-2.2327070274631113
feat_gbm,0.5,46,212,-0.12085202856023881,0.15758807445032513
feat_gbm,0.5,46,213,0.8183082842379824,0.5234750924970406
feat_gbm,0.5,46,214,0.7681477561860864,0.8312555987922697
feat_gbm,0.5,46,215,-1.206495834703988,-0.7699972654610447
feat_gbm,0.5,46,216,-2.332873795865593,-2.4368834827463726
feat_gbm,0.5,46,217,-3.4415057204490314,-3.7421886443248944
feat_gbm,0.5,46,218,-3.2268760475632607,-4.3753265313120195
feat_gbm,0.5,46,219,0.15237187176450878,0.13181597567614448
feat_gbm,0.5,46,220,-2.340424414111138,-2.150299196146146
feat_gbm,0.5,46,221,0.2080251135263249,0.4316281043505307
feat_gbm,0.5,46,222,0.8687410028675118,0.20581216265343685
feat_gbm,0.5,46,223,-1.3325307503885606,-1.7226779576420432
feat_gbm,0.5,46,224,0.912462977508592,1.0701061526100661
feat_gbm,0.5,46,225,-3.3306875902698287,-2.995983076644188
feat_gbm,0.5,46,226,-0.39138693980994854,-0.39103048890459524
feat_gbm,0.5,46,227,-1.9928358328889049,-2.811377433191803
feat_gbm,0.5,46,228,0.028966251340296942,0.1103569248772952
feat_gbm,0.5,46,229,0.7479978369034682,1.0926797996732165
feat_gbm,0.5,46,230,-1.7171266365392481,-1.1465469989616057
feat_gbm,0.5,46,231,-3.493392906297238,-3.7045714701961474
feat_gbm,0.5,46,232,-0.144717594394699,-0.3205795311611984
feat_gbm,0.5,46,233,-0.45975810590804694,-0.7282288274356463
feat_gbm,0.5,46,234,0.42332961457163215,-0.6143938277881194
feat_gbm,0.5,46,235,-3.8091165380720655,-3.717493513170671
feat_gbm,0.5,46,236,-1.6977218589494953,-1.894186438607053
feat_gbm,0.5,46,237,0.09157873415925483,0.19101892391720615
feat_gbm,0.5,46,238,-2.5913492316021087,-2.723653519266766
feat_gbm,0.5,46,239,0.3123289530541511,0.28172679866345784
feat_gbm,0.5,46,240,-0.8568647643540483,-0.570916259780521
feat_gbm,0.5,46,241,-1.6513041236198378,-3.037607674189957
feat_gbm,0.5,46,242,-2.6125802123970208,-2.4824067099880884
feat_gbm,0.5,46,243,0.7673814142677882,1.793244191067856
feat_gbm,0.5,46,244,-2.654778918469707,-2.170563194223024
feat_gbm,0.5,46,245,-3.0508930682202196,-2.5580286375581696
feat_gbm,0.5,46,246,-2.8642776999658617,-3.9013363177662743
feat_gbm,0.5,46,247,-1.0519417446653332,-1.2689211715035387
feat_gbm,0.5,46,248,-2.8695915497818767,-2.89795980370705
feat_gbm,0.5,46,249,-1.2325364719945822,-1.149470325468549
feat_gbm,0.5,46,250,-1.952558151425236,-2.1803876537888693
feat_gbm,0.5,46,251,-1.8347762950675248,-1.2010659028736028
feat_gbm,0.5,46,252,-2.58087452594072,-2.675840590612525
feat_gbm,0.5,46,253,-1.113851973982502,-0.865421424414132
feat_gbm,0.5,46,254,-1.0556285602300335,-0.45089388998719687
feat_gbm,0.5,46,255,-1.5031191902923808,-1.477655138121315
feat_gbm,0.5,46,256,-2.126180361715237,-1.9234128661936198
feat_gbm,0.5,46,257,-1.6841902573509984,-0.8895479413744646
feat_gbm,0.5,46,258,-1.4138147475258993,-1.284701881398344
feat_gbm,0.5,46,259,-0.013945529399508176,0.03791276039075724
feat_gbm,0.5,46,260,-1.5143928871113739,-1.213907680807544
feat_gbm,0.5,46,261,-0.06575057430365154,-0.6937064881158975
feat_gbm,0.5,46,262,-1.8929155960154709,-2.500344974429108
feat_gbm,0.5,46,263,-2.688484660918768,-3.0782877743164985
feat_gbm,0.5,46,264,-3.2257002518041333,-3.2702790535172426
feat_gbm,0.5,46,265,-0.4133220562079835,-0.15746453031192983
feat_gbm,0.5,46,266,-2.409763937539776,-1.3930653126164372
feat_gbm,0.5,46,267,-3.293689540214142,-3.460520174484755
feat_gbm,0.5,46,268,-2.0676243111430943,-1.8115923421665279
feat_gbm,0.5,46,269,-0.08059383567390756,-0.04785951915829837
feat_gbm,0.5,46,270,-1.192312910801964,-1.3387838926701625
feat_gbm,0.5,46,271,0.8361072655000991,0.6172482925771328
feat_gbm,0.5,46,272,-0.08008318287228011,0.10718580269537517
feat_gbm,0.5,46,273,-2.3130720782140304,-2.4250613993713395
feat_gbm,0.5,46,274,-0.17198442522327334,-0.4656136934058211
feat_gbm,0.5,46,275,-2.20074505723744,-1.7679071058666047
feat_gbm,0.5,46,276,-0.7375482100611485,-0.15192249005847586
feat_gbm,0.5,46,277,-0.6955523493465083,-0.22686658439221394
feat_gbm,0.5,46,278,-0.6430889228687349,-0.3963273628232521
feat_gbm,0.5,46,279,-2.615754081088334,-2.1916982233579314
feat_gbm,0.5,46,280,0.3447342074710121,0.5138857123822332
feat_gbm,0.5,46,281,0.5229470233569836,0.13501120436460418
feat_gbm,0.5,46,282,-0.005299942672017271,-0.35232291748203215
feat_gbm,0.5,46,283,0.2738529693666188,0.33710059568630363
feat_gbm,0.5,46,284,2.1637295600502826,2.2269494594330284
feat_gbm,0.5,46,285,-0.7939302737398526,-0.8523290277873723
feat_gbm,0.5,46,286,0.2995960771355771,0.5032694866056324
feat_gbm,0.5,46,287,-2.7288613885460347,-3.0734310124071125
feat_gbm,0.5,46,288,-2.787260303569357,-3.0969464995649485
feat_gbm,0.5,46,289,0.700010954703029,0.8088909840914691
feat_gbm,0.5,46,290,-1.3751458620786978,-1.710735902712342
feat_gbm,0.5,46,291,0.30458554488319534,-0.24588513525180683
feat_gbm,0.5,46,292,-2.7724771181334864,-2.9910915714149957
feat_gbm,0.5,46,293,-0.1757639003712439,0.24397961438558982
feat_gbm,0.5,46,294,0.7644020517604262,0.9827222917401395
feat_gbm,0.5,46,295,0.7917233427345698,1.5399914318848642
feat_gbm,0.5,46,296,-2.6485182670543974,-3.028104854063688
feat_gbm,0.5,46,297,-1.575847608315086,-1.9675880903276046
feat_gbm,0.5,46,298,0.4139591873379632,0.3882116190950413
feat_gbm,0.5,46,299,-0.5105837225799836,-0.4169590587595381
feat_gbm,0.5,46,300,-0.6401484720535546,-0.47104701624968015
feat_gbm,0.5,46,301,-0.44963608519091075,-0.5788171023402015
feat_gbm,0.5,46,302,-3.1196709702877627,-3.325334912618423
feat_gbm,0.5,46,303,-0.09912896392464804,0.27214776974989446
feat_gbm,0.5,46,304,0.21852304853895005,0.2838761456734127
feat_gbm,0.5,46,305,0.7067663843285089,0.98356576927226
feat_gbm,0.5,46,306,-2.0260888074094923,-2.324804251846344
feat_gbm,0.5,46,307,-0.14278292571743512,-0.30060412365222405
feat_gbm,0.5,46,308,-3.0411266490506073,-3.5706943269006843
feat_gbm,0.5,46,309,0.7325321484676132,0.7657986236992217
feat_gbm,0.5,46,310,-0.18399707050724307,-0.3760212383278314
feat_gbm,0.5,46,311,0.6946544650450408,0.903367601886353
feat_gbm,0.5,46,312,0.5230562937837271,0.2834145554969618
feat_gbm,0.5,46,313,-0.2449024597751901,-0.8750381269167363
feat_gbm,0.5,46,314,-0.6101502266526961,-0.8911054934067958
feat_gbm,0.5,46,315,0.1771339043864128,0.2699623908229132
feat_gbm,0.5,46,316,-3.1117727400503767,-4.034449774534175
feat_gbm,0.5,46,317,0.6463862127220603,0.7302045063515665
feat_gbm,0.5,46,318,-2.7190519671622164,-2.5264159394565007
feat_gbm,0.5,46,319,-3.4020326342659057,-3.1280680478747835
feat_gbm,0.5,46,320,0.4047848528407594,-0.623194388118803
feat_gbm,0.5,46,321,-3.7553807244722304,-4.172922463867305
feat_gbm,0.5,46,322,1.3051598410098246,1.0714029341973417
feat_gbm,0.5,46,323,-2.907513200736487,-2.5538050374755565
feat_gbm,0.5,46,324,-1.4067764757559118,-1.5310020975326282
feat_gbm,0.5,46,325,-0.4939724794080005,-0.735749980772127
feat_gbm,0.5,46,326,-0.47755791409516113,-0.5010306012352705
feat_gbm,0.5,46,327,-3.897769255754928,-4.393123087746285
feat_gbm,0.5,46,328,-0.10777212937299065,0.6439364857563509
feat_gbm,0.5,46,329,-2.575564290444239,-2.60760252445046
feat_gbm,0.5,46,330,0.5943766831564257,0.46983427811083467
feat_gbm,0.5,46,331,-1.7210635014714004,-1.149354435920189
feat_gbm,0.5,46,332,-1.6628494951543322,-1.0961264399974935
feat_gbm,0.5,46,333,0.8850809038819261,1.4253561556633074
feat_gbm,0.5,46,334,1.202800938761559,1.0406546288822482
feat_gbm,0.5,46,335,-0.05163355595476467,-0.1286217558512718
feat_gbm,0.5,46,336,-1.8572145431458054,-1.7275974260064488
feat_gbm,0.5,46,337,-3.7658116605132896,-4.535227665039715
feat_gbm,0.5,46,338,-0.2413263507267866,-1.078833843619319
feat_gbm,0.5,46,339,-3.1446349329979855,-2.035297396751524
feat_gbm,0.5,46,340,0.5028083907192908,0.4788286932125707
feat_gbm,0.5,46,341,-1.2792859557654432,-0.4595082096564039
feat_gbm,0.5,46,342,-3.178126263832335,-3.653430804591794
feat_gbm,0.5,46,343,0.05260067553493885,0.2834522663037432
feat_gbm,0.5,46,344,0.06372453817919851,-0.15984972455285287
feat_gbm,0.5,46,345,-2.75407805909778,-3.8822970119574354
feat_gbm,0.5,46,346,-2.555805858948271,-2.5801989990218064
feat_gbm,0.5,46,347,-3.1782914899661168,-3.2622630695286134
feat_gbm,0.5,46,348,-0.36448794677538454,-0.4894561152880944
feat_gbm,0.5,46,349,-2.65517960004281,-3.0223552414624764
feat_gbm,0.5,46,350,0.80370725022524,0.4215072765335228
feat_gbm,0.5,46,351,-1.9284522716843675,-1.8152752103400673
feat_gbm,0.5,46,352,0.7207674471919615,1.102263670511441
feat_gbm,0.5,46,353,0.8816203618730025,1.4454852001466738
feat_gbm,0.5,46,354,-3.22856707444447,-3.6770060333191017
feat_gbm,0.5,46,355,-3.5147520932694514,-5.078652858832153
feat_gbm,0.5,46,356,0.4311201518755467,0.7815322159665122
feat_gbm,0.5,46,357,0.4528728348917659,0.6775133790495483
feat_gbm,0.5,46,358,-3.1197075856171708,-3.5163570325540956
feat_gbm,0.5,46,359,-1.3696399665771686,-4.157760523739404
feat_gbm,0.5,46,360,-0.7890584207312306,-0.18386357284099003
feat_gbm,0.5,46,361,-3.153129086002009,-4.477383009144865
feat_gbm,0.5,46,362,0.06253941905607445,0.2909126951240761
feat_gbm,0.5,46,363,-3.8337499075748065,-3.5121531596302606
feat_gbm,0.5,46,364,-0.6275203171351833,-0.0019354464452207268
feat_gbm,0.5,46,365,-3.32473698846379,-3.264666087597375
feat_gbm,0.5,46,366,-2.4614148915663447,-1.4961090632143375
feat_gbm,0.5,46,367,-0.0856181613370138,-0.10305907560987346
feat_gbm,0.5,46,368,0.14506507805072422,0.24601275195113992
feat_gbm,0.5,46,369,-1.349647484889399,-1.6400355118163064
feat_gbm,0.5,46,370,-2.0538353742147097,-1.5399226532969161
feat_gbm,0.5,46,371,-0.6725495675897157,-0.3336387161155974
feat_gbm,0.5,46,372,0.21445938729184078,0.3185760540422761
feat_gbm,0.5,46,373,-0.21978011806102826,-0.30756424411789
feat_gbm,0.5,46,374,-3.4376440832246464,-3.551435429619069
feat_gbm,0.5,46,375,0.11038098527533513,-0.12846918127015178
feat_gbm,0.5,46,376,0.33030463144538136,0.43413099611324796
feat_gbm,0.5,46,377,0.5669539912717968,0.8095384731463161
feat_gbm,0.5,46,378,0.24007347688340902,0.20303525329731625
feat_gbm,0.5,46,379,0.3007801532322987,0.524784145223057
feat_gbm,0.5,46,380,0.3281935033230705,0.8722609808312535
feat_gbm,0.5,46,381,0.5012122676424184,1.0190202163897197
feat_gbm,0.5,46,382,0.5406794718258489,1.2715191268303472
feat_gbm,0.5,46,383,-0.11211705228652301,-0.13923746667536385
feat_gbm,0.5,46,384,-1.005200592002196,-1.7983983483294153
feat_gbm,0.5,46,385,0.40642943942126336,0.5606037150840157
feat_gbm,0.5,46,386,0.6270297936601191,0.6003456151224621
feat_gbm,0.5,46,387,1.0148013082993432,1.3071718981356573
feat_gbm,0.5,46,388,0.09840586521457186,-0.19457283568776126
feat_gbm,0.5,46,389,-1.1569785189494424,-0.981880356960367
feat_gbm,0.5,46,390,-2.5131550531726594,-2.628024059072158
feat_gbm,0.5,46,391,-2.2552822134934187,-2.479262758098376
feat_gbm,0.5,46,392,-2.131135619590212,-2.207941629114672
feat_gbm,0.5,46,393,-2.5495206319677197,-2.806586620215901
feat_gbm,0.5,46,394,-0.8976342434158914,-0.16842623590390868
feat_gbm,0.5,46,395,0.31788909582177166,0.3596423409999632
feat_gbm,0.5,46,396,-3.26894597154553,-3.117667066362407
feat_gbm,0.5,46,397,0.7863155159210884,0.6134086288650079
feat_gbm,0.5,46,398,0.38538442256065997,0.5049020087080688
feat_gbm,0.5,46,399,-0.9863597774875962,-1.0548605918119196
feat_gbm,0.5,46,400,-3.3191028129508737,-2.877676775828332
feat_gbm,0.5,46,401,0.2036030637418618,0.015654415635624343
feat_gbm,0.5,46,402,-0.5853560334007419,-0.7027824676465185
feat_gbm,0.5,46,403,0.288166536988291,0.6733427913489138
feat_gbm,0.5,46,404,0.2947218808447383,0.03259550049258387
feat_gbm,0.5,46,405,-3.2668746420014116,-3.4179416205706223
feat_gbm,0.5,46,406,-1.9670677376764776,-1.6563158072976616
feat_gbm,0.5,46,407,0.2640210930370383,0.3281041495218151
feat_gbm,0.5,46,408,-1.0572893131590178,-1.498502430121411
feat_gbm,0.5,46,409,-1.2063948567220777,-1.5390850133499359
feat_gbm,0.5,46,410,-1.9996293427838103,-3.8769914364338094
feat_gbm,0.5,46,411,-1.1206997108489474,-1.1093409530974205
feat_gbm,0.5,46,412,-2.5630671109226193,-2.1356441225652167
feat_gbm,0.5,46,413,0.4278024370397087,0.5613925387002681
feat_gbm,0.5,46,414,-2.6562590464725333,-2.672303525149137
feat_gbm,0.5,46,415,0.4485059187620726,0.9887747910888531
feat_gbm,0.5,46,416,-2.936900337546424,-2.064740642123073
feat_gbm,0.5,46,417,-0.7496584902849696,-0.13534283366780814
feat_gbm,0.5,46,418,0.1186635439123046,0.5266566940316069
feat_gbm,0.5,46,419,-0.5641159211171917,-0.7929716308762645
feat_gbm,0.5,46,420,0.15255012121421727,0.22081989653443584
feat_gbm,0.5,46,421,-3.5797105892221412,-3.4911396429773087
feat_gbm,0.5,46,422,-0.08480153966195032,0.4691563032653497
feat_gbm,0.5,46,423,-0.1359623582904788,-0.21242164749251408
feat_gbm,0.5,46,424,-3.187483364240569,-2.0235730224261497
feat_gbm,0.5,46,425,-0.3450611653289379,0.1881042769243711
feat_gbm,0.5,46,426,-0.8571707900890542,-0.7546830882020855
feat_gbm,0.5,46,427,-1.8750400291348455,-2.004418163271322
feat_gbm,0.5,46,428,-0.0752010925562874,0.08108350485015015
feat_gbm,0.5,46,429,-1.4431389491980344,-0.8958783842144782
feat_gbm,0.5,46,430,-1.0345187197449277,-0.700178367515834
feat_gbm,0.5,46,431,-2.052683442413021,-2.026447754843476
feat_gbm,0.5,46,432,-3.3194900777784975,-3.3644112924118934
feat_gbm,0.5,46,433,-3.0647594988835136,-2.4777804975332844
feat_gbm,0.5,46,434,-3.42586883970655,-3.6407879329147783
feat_gbm,0.5,46,435,0.320195662459615,0.8140524350977956
feat_gbm,0.5,46,436,-0.5731912790127008,-0.6342245759550225
feat_gbm,0.5,46,437,-1.4451905006087737,-1.0170271575608654
feat_gbm,0.5,46,438,0.5355478259512022,1.2058566336630974
feat_gbm,0.5,46,439,0.9888640539354703,1.04159183954478
feat_gbm,0.5,46,440,-0.2291194903630671,-0.383754051292973
feat_gbm,0.5,46,441,1.4487839396408737,0.9717849563735496
feat_gbm,0.5,46,442,0.9514496189866455,0.915394257773604
feat_gbm,0.5,46,443,-0.2636881227746867,0.17619398118278368
feat_gbm,0.5,46,444,-2.8816965063378652,-2.3026142847949007
feat_gbm,0.5,46,445,-0.8477119074755662,-2.156995715227189
feat_gbm,0.5,46,446,-1.8461207388462897,-1.9647154613855007
feat_gbm,0.5,46,447,-1.208720799608937,-1.2167428909736953
feat_gbm,0.5,46,448,-0.4685206848476682,0.371748058948411
feat_gbm,0.5,46,449,-2.8377895384989045,-3.354914600670279
feat_gbm,0.5,46,450,-1.6317726091128038,-2.0984010901330774
feat_gbm,0.5,46,451,-1.476789992380183,-1.8411195968283314
feat_gbm,0.5,46,452,-0.08123198343942459,-0.2866386615093297
feat_gbm,0.5,46,453,-1.7936607902949036,-2.1769502099219324
feat_gbm,0.5,46,454,0.2806095207213715,0.851829112076475
feat_gbm,0.5,46,455,0.13571925504863688,-0.5174982843777256
feat_gbm,0.5,46,456,-2.7609205957707315,-3.7883351795095335
feat_gbm,0.5,46,457,-2.146243172812391,-1.3225504843777425
feat_gbm,0.5,46,458,-0.0632690698862893,-0.6304710111145473
feat_gbm,0.5,46,459,-2.2968039541068928,-2.867776928577639
feat_gbm,0.5,46,460,-0.1647943468337524,-0.20106453453544149
feat_gbm,0.5,46,461,0.8479621920144643,0.565413433251147
feat_gbm,0.5,46,462,0.16358231751997793,0.6531860801292728
feat_gbm,0.5,46,463,-3.1788127945009736,-3.295531334571209
feat_gbm,0.5,46,464,-0.922882074324337,-1.118951529136503
feat_gbm,0.5,46,465,-0.07750106456302353,0.08535922256033004
feat_gbm,0.5,46,466,-0.4240917206551787,0.2656879386171551
feat_gbm,0.5,46,467,-1.2423144919237616,-1.0764680911985907
feat_gbm,0.5,46,468,1.948860477964578,2.2503813782282114
feat_gbm,0.5,46,469,-0.07867439122705874,-0.029700274932011248
feat_gbm,0.5,46,470,-2.2820603873600778,-2.1918010579584375
feat_gbm,0.5,46,471,0.3417220148545922,-0.12537364897776127
feat_gbm,0.5,46,472,-1.4428103539712602,-1.3714574409892777
feat_gbm,0.5,46,473,-0.8850383810082387,-1.0216450817816245
feat_gbm,0.5,46,474,-0.8837511831358891,-0.8313233833759152
feat_gbm,0.5,46,475,-2.491361799068256,-3.25243582884057
feat_gbm,0.5,46,476,0.7520790498981926,0.8737365575305754
feat_gbm,0.5,46,477,-2.8358946578293844,-1.8373017486027088
feat_gbm,0.5,46,478,-1.7531905966834755,-1.909749317133085
feat_gbm,0.5,46,479,0.3182403656568768,0.418341725137149
feat_gbm,0.5,46,480,-2.8830186108571656,-2.8689304810445995
feat_gbm,0.5,46,481,-3.2391110286207034,-3.9192950012633494
feat_gbm,0.5,46,482,0.5539004056057893,0.8191907452202399
feat_gbm,0.5,46,483,-2.507885339210479,-2.7371748494528005
feat_gbm,0.5,46,484,-0.2584843474584218,0.043868991079412875
feat_gbm,0.5,46,485,-2.392786740017278,-3.9571024828402512
feat_gbm,0.5,46,486,-1.2268269922488848,-0.8286091055291892
feat_gbm,0.5,46,487,1.1139074788081995,1.1086460137612473
feat_gbm,0.5,46,488,-0.9625085890039078,-1.0899995989348372
feat_gbm,0.5,46,489,-2.9709684348044907,-2.9260181182274523
feat_gbm,0.5,46,490,-0.01045077082316345,0.01778898425240747
feat_gbm,0.5,46,491,-0.16212885362078672,-0.388546054063584
feat_gbm,0.5,46,492,-0.8418044030988949,-0.8483910406321095
feat_gbm,0.5,46,493,-2.6135910634145936,-2.4855190663855797
feat_gbm,0.5,46,494,-0.1919089477145408,-0.6027729178489412
feat_gbm,0.5,46,495,-2.3388505232556493,-1.5285925057254015
feat_gbm,0.5,46,496,0.6932340264807755,1.0092174422839322
feat_gbm,0.5,46,497,-2.770802185697987,-2.421052301727873
feat_gbm,0.5,46,498,-3.410148538465414,-3.2283141264699093
feat_gbm,0.5,46,499,-3.376977207087007,-4.907212199848568
feat_gbm,1.0,42,0,-0.8109176528567852,0.03894909458183669
feat_gbm,1.0,42,1,-2.0592371599590202,-2.5052564746229193
feat_gbm,1.0,42,2,0.38739211766239917,0.6287827851917782
feat_gbm,1.0,42,3,-3.3098849810095508,-3.3447289283878643
feat_gbm,1.0,42,4,1.1511324205179654,0.9694015026406426
feat_gbm,1.0,42,5,-1.850529216846861,-2.4693709778233526
feat_gbm,1.0,42,6,0.24288005262774245,-0.2819211013310965
feat_gbm,1.0,42,7,0.5819680257854714,0.5289578846490461
feat_gbm,1.0,42,8,0.1365627327275477,0.032863622186365654
feat_gbm,1.0,42,9,0.89391941108243,0.9352707853930591
feat_gbm,1.0,42,10,-1.699790714075351,-1.5987558134683666
feat_gbm,1.0,42,11,-2.8646474589446873,-3.2678706438993954
feat_gbm,1.0,42,12,-2.659262403288378,-2.445380546146449
feat_gbm,1.0,42,13,-0.3114345533613628,-0.4471217519653716
feat_gbm,1.0,42,14,-1.9054842205429816,-1.8343062920535937
feat_gbm,1.0,42,15,-1.8171651723695856,-2.278287047942225
feat_gbm,1.0,42,16,-1.3261539477275799,-1.113015507562239
feat_gbm,1.0,42,17,-1.6883115414269825,-1.149386040828735
feat_gbm,1.0,42,18,-1.5445786744578942,-0.4541092694382234
feat_gbm,1.0,42,19,-2.7538978874240554,-2.8798658660471284
feat_gbm,1.0,42,20,-3.1951452034038987,-3.281006200299989
feat_gbm,1.0,42,21,-1.755286647679382,-0.7889402030111288
feat_gbm,1.0,42,22,-0.4261333911201676,-0.48114593055133975
feat_gbm,1.0,42,23,-3.304717117619851,-2.8038114998165153
feat_gbm,1.0,42,24,-3.5001428700642694,-2.6726430450531393
feat_gbm,1.0,42,25,-3.1975413407904956,-3.141178249464176
feat_gbm,1.0,42,26,-3.1074279713560453,-3.8612362310489847
feat_gbm,1.0,42,27,-2.943243134868915,-3.085821277369337
feat_gbm,1.0,42,28,-3.0770266311289203,-2.1153791712035637
feat_gbm,1.0,42,29,-0.8819368682675016,-0.5854112868629942
feat_gbm,1.0,42,30,-0.10165729075556425,0.13849791927417068
feat_gbm,1.0,42,31,-2.5820360764156876,-2.779654184179668
feat_gbm,1.0,42,32,0.8510246174362912,0.9166392391011026
feat_gbm,1.0,42,33,-2.6069182553315144,-2.134444297962007
feat_gbm,1.0,42,34,0.6084086621337621,1.1224191581864646
feat_gbm,1.0,42,35,-3.550635010242605,-2.7514680837461087
feat_gbm,1.0,42,36,0.3369893613895122,0.7493710802437775
feat_gbm,1.0,42,37,-2.0927883804391874,-2.157600461660938
feat_gbm,1.0,42,38,-1.48909895672649,-1.7436371170468024
feat_gbm,1.0,42,39,0.5881993654861793,0.632388610685479
feat_gbm,1.0,42,40,-2.391034581028646,-1.5024753827969588
feat_gbm,1.0,42,41,-2.705215970726974,-2.936018587066778
feat_gbm,1.0,42,42,-0.656694289016833,-0.06406961406287034
feat_gbm,1.0,42,43,-0.6606126601239072,-0.43711075337934485
feat_gbm,1.0,42,44,0.6876384381442633,0.521724778538647
feat_gbm,1.0,42,45,0.6018261264080641,-0.02881562555915001
feat_gbm,1.0,42,46,-2.3612068897832885,-2.6856700943784895
feat_gbm,1.0,42,47,-3.010649808748183,-3.3419513202228783
feat_gbm,1.0,42,48,-0.27409920036550095,-0.35240032436669677
feat_gbm,1.0,42,49,-3.570636092348453,-4.466027560457086
feat_gbm,1.0,42,50,-1.1703996274015807,-1.2227887404747313
feat_gbm,1.0,42,51,-3.6793355514455337,-4.168130875201601
feat_gbm,1.0,42,52,-1.3762870862388537,-2.1825653069440887
feat_gbm,1.0,42,53,-2.964227140649748,-2.816977102698189
feat_gbm,1.0,42,54,-0.3640683270385989,-0.9520374156321785
feat_gbm,1.0,42,55,0.473324568747112,0.800460094219776
feat_gbm,1.0,42,56,0.27751496193913827,0.2782562560211116
feat_gbm,1.0,42,57,-0.22242966942224407,-0.7855200046266205
feat_gbm,1.0,42,58,-3.3800871932825283,-2.837973637743256
feat_gbm,1.0,42,59,-0.16360642626990352,0.3653424354755994
feat_gbm,1.0,42,60,-2.2198249262239065,-3.145987746693799
feat_gbm,1.0,42,61,-2.619212197977021,-2.1381844357326614
feat_gbm,1.0,42,62,0.19894854538113574,0.3908315550690521
feat_gbm,1.0,42,63,-3.090351985896244,-3.259739876316779
feat_gbm,1.0,42,64,-2.5093886764490407,-3.799325775609258
feat_gbm,1.0,42,65,0.4206808046667988,0.2842997557356093
feat_gbm,1.0,42,66,0.5196361057302201,0.9099380077885143
feat_gbm,1.0,42,67,0.2696143203758046,0.5741223235018287
feat_gbm,1.0,42,68,1.160269991933508,1.3807263582335993
feat_gbm,1.0,42,69,0.24125186685013816,2.7357387204405055
feat_gbm,1.0,42,70,0.07824532981655076,-0.3782017485149665
feat_gbm,1.0,42,71,-0.990822351895567,-0.6946521973220513
feat_gbm,1.0,42,72,-3.3528885349661466,-3.510295151868067
feat_gbm,1.0,42,73,-0.3051042371193124,-0.3643686170400702
feat_gbm,1.0,42,74,1.55856659746176,1.1835884152793859
feat_gbm,1.0,42,75,-0.07061033971858034,-0.38644824542838596
feat_gbm,1.0,42,76,0.5572539524416578,0.7005004452467647
feat_gbm,1.0,42,77,0.20997163439758054,0.3770911051312199
feat_gbm,1.0,42,78,-0.10446081938427954,-0.5374783823521183
feat_gbm,1.0,42,79,-2.467916372621685,-3.2499450611549854
feat_gbm,1.0,42,80,-1.8569078912718124,-1.719925172279684
feat_gbm,1.0,42,81,0.48777261284260315,1.8185710395242058
feat_gbm,1.0,42,82,-1.3588777902441596,-1.0758778979961314
feat_gbm,1.0,42,83,-0.31900244314333404,-0.8033140510569362
feat_gbm,1.0,42,84,-2.15175910916695,-2.0837035815006346
feat_gbm,1.0,42,85,-1.395294306700449,-1.2430797823904942
feat_gbm,1.0,42,86,0.9597180436690484,0.639317965424242
feat_gbm,1.0,42,87,-0.49888467544486476,-0.02321591952008587
feat_gbm,1.0,42,88,-2.15504499591312,-3.512086916650174
feat_gbm,1.0,42,89,-1.6688507890705346,-1.684363733317816
feat_gbm,1.0,42,90,-3.133062765598147,-3.5341996208099964
feat_gbm,1.0,42,91,0.5670818864569096,1.1574629997660548
feat_gbm,1.0,42,92,-1.2651867582398224,-0.7651863719989663
feat_gbm,1.0,42,93,-2.234755551149437,-5.7708125015304885
feat_gbm,1.0,42,94,0.06253109721258251,0.07374698385127064
feat_gbm,1.0,42,95,-0.0931022749638485,1.201566413592891
feat_gbm,1.0,42,96,1.3499021254157573,1.2655480006709303
feat_gbm,1.0,42,97,-2.968947964766389,-3.2217777708537843
feat_gbm,1.0,42,98,-1.0571736923475124,-1.2120387208328698
feat_gbm,1.0,42,99,-0.37424600595762053,-0.04015373686183237
feat_gbm,1.0,42,100,-3.4528983809158653,-2.8384481914339785
feat_gbm,1.0,42,101,-3.013933613576431,-3.541068619782685
feat_gbm,1.0,42,102,-3.1920862215636627,-4.424727465058162
feat_gbm,1.0,42,103,-0.7906115499804934,-0.7652009130347144
feat_gbm,1.0,42,104,-0.35498291393711917,-0.406664655497914
feat_gbm,1.0,42,105,-2.719213386618755,-2.8019031633754246
feat_gbm,1.0,42,106,-1.4251406619940257,-1.1978192780958505
feat_gbm,1.0,42,107,-1.5714509402562724,-1.2497822804421463
feat_gbm,1.0,42,108,-0.06849577443441107,-0.2003702404752673
feat_gbm,1.0,42,109,-1.501780233088324,-0.28745536208379296
feat_gbm,1.0,42,110,0.14813787329380224,0.2838469771831524
feat_gbm,1.0,42,111,-0.08687454139685988,0.6579850926301614
feat_gbm,1.0,42,112,-0.2392887308535571,-0.4279263804064609
feat_gbm,1.0,42,113,0.2886855341548984,0.527327823801956
feat_gbm,1.0,42,114,-2.7674979101873536,-3.652947895428966
feat_gbm,1.0,42,115,-0.20078902373773844,-0.04287987221360797
feat_gbm,1.0,42,116,-2.8703482638059254,-3.4409421360670214
feat_gbm,1.0,42,117,-2.805837406966141,-2.4284095097884006
feat_gbm,1.0,42,118,-1.9323647001530049,-1.419217075367618
feat_gbm,1.0,42,119,-1.1124139642583424,-1.4944271796191557
feat_gbm,1.0,42,120,-3.238736546822924,-2.797137626437216
feat_gbm,1.0,42,121,0.775214569082695,3.1321125804877905
feat_gbm,1.0,42,122,-1.5038568383865807,-3.164895556438051
feat_gbm,1.0,42,123,0.1487739943140463,-0.021234684620174846
feat_gbm,1.0,42,124,-1.3187276519922142,-1.246001114532972
feat_gbm,1.0,42,125,-1.95331295995444,-2.7130193085566443
feat_gbm,1.0,42,126,-1.3456761072307448,-2.0560780011130944
feat_gbm,1.0,42,127,-2.448940883482499,-1.631222331554067
feat_gbm,1.0,42,128,-1.6500020001379938,-3.477307725783656
feat_gbm,1.0,42,129,0.1872593257861204,1.7007542891568868
feat_gbm,1.0,42,130,-1.4087637921825364,-3.4021624962570822
feat_gbm,1.0,42,131,-3.609423010094496,-3.701149444421242
feat_gbm,1.0,42,132,-0.4140951696832766,-0.4116741376471012
feat_gbm,1.0,42,133,-0.8724896956289248,-0.5680375850475197
feat_gbm,1.0,42,134,-2.708021357631865,-1.4788189923590598
feat_gbm,1.0,42,135,-2.5166763996936816,-2.9896549957503007
feat_gbm,1.0,42,136,0.1499159517761628,0.11194117436713467
feat_gbm,1.0,42,137,1.0713344876648203,1.7147062893715772
feat_gbm,1.0,42,138,-2.3677866990215866,-1.9709125209383296
feat_gbm,1.0,42,139,-0.399123562854537,0.19937477723826902
feat_gbm,1.0,42,140,-2.615225568291506,-2.8223726616431475
feat_gbm,1.0,42,141,-0.5002840757128186,-0.12380828599000025
feat_gbm,1.0,42,142,-2.2029009695342263,-2.97521232911642
feat_gbm,1.0,42,143,-1.854278783640311,-1.9484557479617686
feat_gbm,1.0,42,144,0.5451115510596207,1.244093655886106
feat_gbm,1.0,42,145,-1.8134648486187912,-2.0280859266176816
feat_gbm,1.0,42,146,-2.504360746010966,-2.0754073031653366
feat_gbm,1.0,42,147,-0.07172794962881361,-0.11331641159387335
feat_gbm,1.0,42,148,-2.724470557334489,-2.620298039600635
feat_gbm,1.0,42,149,-3.0246716006802923,-3.8395532227602396
feat_gbm,1.0,42,150,-0.5439681906414329,-2.149698272240366
feat_gbm,1.0,42,151,-3.048296991827748,-3.1594376779318036
feat_gbm,1.0,42,152,-2.104363688684941,-2.7712141114581046
feat_gbm,1.0,42,153,-1.6782608549533198,-1.1483368403810985
feat_gbm,1.0,42,154,-1.8294682093458716,-1.4700676700115773
feat_gbm,1.0,42,155,0.8347535510207065,1.4088416749712322
feat_gbm,1.0,42,156,0.22260496549449177,0.7564704220494097
feat_gbm,1.0,42,157,-1.3895600860581006,-1.7148995557963913
feat_gbm,1.0,42,158,-1.325010591127499,-2.8595355115547196
feat_gbm,1.0,42,159,-1.376801139120353,-0.9922400520728849
feat_gbm,1.0,42,160,1.7416814307352628,1.8585227307534937
feat_gbm,1.0,42,161,-2.9719707489097287,-2.477654537850602
feat_gbm,1.0,42,162,-3.3243488422260046,-2.993764039868935
feat_gbm,1.0,42,163,-0.722645180756859,-1.1722671160336509
feat_gbm,1.0,42,164,-2.5985313874324545,-1.6577576086204497
feat_gbm,1.0,42,165,-2.336614465180073,-2.9770186999323642
feat_gbm,1.0,42,166,-3.004974062594252,-3.2329952824425443
feat_gbm,1.0,42,167,-0.05860318637248345,0.19550508612775644
feat_gbm,1.0,42,168,-1.1025461775751846,-1.2639642813248737
feat_gbm,1.0,42,169,1.6037730322452395,1.4224064134580066
feat_gbm,1.0,42,170,-2.06252207536102,-1.5303724784706008
feat_gbm,1.0,42,171,0.2193144867283052,0.6086346650572224
feat_gbm,1.0,42,172,-0.13239677643595463,-0.052232489626048526
feat_gbm,1.0,42,173,-0.9233788171765885,-0.19074605880313256
feat_gbm,1.0,42,174,-2.534311299073276,-2.7678232596734214
feat_gbm,1.0,42,175,-2.2806491991259823,-1.6557092188829319
feat_gbm,1.0,42,176,0.2878910030154305,0.12081831439914445
feat_gbm,1.0,42,177,0.19001959856290498,3.7031714993021168
feat_gbm,1.0,42,178,0.1736679554275807,-0.17761292562564054
feat_gbm,1.0,42,179,0.12107698299390375,0.2295122735959306
feat_gbm,1.0,42,180,-1.3001465921753033,-1.6401012725318311
feat_gbm,1.0,42,181,-2.5660152452849383,-3.399461101549646
feat_gbm,1.0,42,182,0.456365458275758,0.5421608664871393
feat_gbm,1.0,42,183,-2.9163288416626125,-3.7858185839721776
feat_gbm,1.0,42,184,0.26139947904371913,0.4440956773301304
feat_gbm,1.0,42,185,-0.07015312359404463,0.5450962365111649
feat_gbm,1.0,42,186,-2.807395819293013,-3.094441269353033
feat_gbm,1.0,42,187,0.5055399956934039,1.436275522654785
feat_gbm,1.0,42,188,-0.08336842346181131,-0.003208414280501246
feat_gbm,1.0,42,189,-2.3701427650678446,-2.0766448721687736
feat_gbm,1.0,42,190,-3.496589554898502,-2.887011097372245
feat_gbm,1.0,42,191,-0.10099802998808564,-0.19564387773269687
feat_gbm,1.0,42,192,-1.668778970292832,-3.39219136175158
feat_gbm,1.0,42,193,-4.003666405082642,-4.804455114758695
feat_gbm,1.0,42,194,-0.658546777497365,-0.23230879418151415
feat_gbm,1.0,42,195,0.8285057405271694,0.7768952289284052
feat_gbm,1.0,42,196,-3.1668682573370126,-3.0758975731441707
feat_gbm,1.0,42,197,1.7199200539126194,1.8852948766094535
feat_gbm,1.0,42,198,0.030325651409730973,-0.07474663349946693
feat_gbm,1.0,42,199,1.6197244951804248,0.9295509098669842
feat_gbm,1.0,42,200,-0.025747042756336665,0.40408761039079466
feat_gbm,1.0,42,201,-1.6069957445500127,-1.0185563947000995
feat_gbm,1.0,42,202,-1.7395969549493193,-1.5812541435625456
feat_gbm,1.0,42,203,-2.1551039319320404,-2.9269603411540346
feat_gbm,1.0,42,204,-0.15677789356548916,-0.9368237022381455
feat_gbm,1.0,42,205,-0.8553258305391489,-0.771906247259438
feat_gbm,1.0,42,206,-1.773495422541043,-1.4457766532498904
feat_gbm,1.0,42,207,-2.7471533586474095,-2.4752738768021185
feat_gbm,1.0,42,208,-3.4730590726541197,-2.8789590131308262
feat_gbm,1.0,42,209,-3.3536616521549867,-2.6986856152036793
feat_gbm,1.0,42,210,0.42701430966926085,0.05837096406180189
feat_gbm,1.0,42,211,-1.8362215531081565,-2.2327070274631113
feat_gbm,1.0,42,212,-0.09088405749685961,0.15758807445032513
feat_gbm,1.0,42,213,0.869297614989065,0.5234750924970406
feat_gbm,1.0,42,214,0.5701786844641188,0.8312555987922697
feat_gbm,1.0,42,215,-1.5517458778838982,-0.7699972654610447
feat_gbm,1.0,42,216,-2.1372881422336003,-2.4368834827463726
feat_gbm,1.0,42,217,-3.6330966332547336,-3.7421886443248944
feat_gbm,1.0,42,218,-3.0853972966561067,-4.3753265313120195
feat_gbm,1.0,42,219,0.7745960727709604,0.13181597567614448
feat_gbm,1.0,42,220,-2.194743397441266,-2.150299196146146
feat_gbm,1.0,42,221,0.17503758536736558,0.4316281043505307
feat_gbm,1.0,42,222,0.5720802649077554,0.20581216265343685
feat_gbm,1.0,42,223,-1.1787004610953569,-1.7226779576420432
feat_gbm,1.0,42,224,0.7291109562639598,1.0701061526100661
feat_gbm,1.0,42,225,-3.2693525424865593,-2.995983076644188
feat_gbm,1.0,42,226,0.10027350980153311,-0.39103048890459524
feat_gbm,1.0,42,227,-2.078665611000266,-2.811377433191803
feat_gbm,1.0,42,228,-0.23719202950716262,0.1103569248772952
feat_gbm,1.0,42,229,0.5126238463140713,1.0926797996732165
feat_gbm,1.0,42,230,-2.0600641343172357,-1.1465469989616057
feat_gbm,1.0,42,231,-3.526089683554997,-3.7045714701961474
feat_gbm,1.0,42,232,-0.19223751672404765,-0.3205795311611984
feat_gbm,1.0,42,233,-0.15578154379078119,-0.7282288274356463
feat_gbm,1.0,42,234,0.3564590814833861,-0.6143938277881194
feat_gbm,1.0,42,235,-3.700633797184671,-3.717493513170671
feat_gbm,1.0,42,236,-1.3766042263905065,-1.894186438607053
feat_gbm,1.0,42,237,0.04854623085069125,0.19101892391720615
feat_gbm,1.0,42,238,-2.637914644536825,-2.723653519266766
feat_gbm,1.0,42,239,0.4097553346745351,0.28172679866345784
feat_gbm,1.0,42,240,-0.9367992180887723,-0.570916259780521
feat_gbm,1.0,42,241,-1.3891282560679044,-3.037607674189957
feat_gbm,1.0,42,242,-3.1925837270195454,-2.4824067099880884
feat_gbm,1.0,42,243,0.6968435021145315,1.793244191067856
feat_gbm,1.0,42,244,-2.7371997867287803,-2.170563194223024
feat_gbm,1.0,42,245,-2.9935566125842135,-2.5580286375581696
feat_gbm,1.0,42,246,-2.579755504317019,-3.9013363177662743
feat_gbm,1.0,42,247,-0.9993196058962339,-1.2689211715035387
feat_gbm,1.0,42,248,-2.8429842301343964,-2.89795980370705
feat_gbm,1.0,42,249,-0.9607934418665995,-1.149470325468549
feat_gbm,1.0,42,250,-1.8044483812087713,-2.1803876537888693
feat_gbm,1.0,42,251,-1.9679821968225464,-1.2010659028736028
feat_gbm,1.0,42,252,-2.578307454634664,-2.675840590612525
feat_gbm,1.0,42,253,-1.3245749581755948,-0.865421424414132
feat_gbm,1.0,42,254,-1.357695515258703,-0.45089388998719687
feat_gbm,1.0,42,255,-1.6440363765033659,-1.477655138121315
feat_gbm,1.0,42,256,-2.5491018403626904,-1.9234128661936198
feat_gbm,1.0,42,257,-2.2295169189651536,-0.8895479413744646
feat_gbm,1.0,42,258,-1.2736073165963901,-1.284701881398344
feat_gbm,1.0,42,259,-0.20082576857013185,0.03791276039075724
feat_gbm,1.0,42,260,-2.5663678372623555,-1.213907680807544
feat_gbm,1.0,42,261,0.24612896563421305,-0.6937064881158975
feat_gbm,1.0,42,262,-1.3075251325099546,-2.500344974429108
feat_gbm,1.0,42,263,-3.036097916105941,-3.0782877743164985
feat_gbm,1.0,42,264,-4.095592907993997,-3.2702790535172426
feat_gbm,1.0,42,265,0.03589814412044708,-0.15746453031192983
feat_gbm,1.0,42,266,-2.1495984796727816,-1.3930653126164372
feat_gbm,1.0,42,267,-3.1656575398945375,-3.460520174484755
feat_gbm,1.0,42,268,-2.179090140765509,-1.8115923421665279
feat_gbm,1.0,42,269,-0.3340055051767978,-0.04785951915829837
feat_gbm,1.0,42,270,-1.4031952491545399,-1.3387838926701625
feat_gbm,1.0,42,271,0.5996700346714463,0.6172482925771328
feat_gbm,1.0,42,272,-0.06776458488405766,0.10718580269537517
feat_gbm,1.0,42,273,-2.104196670748924,-2.4250613993713395
feat_gbm,1.0,42,274,-0.3629197806350462,-0.4656136934058211
feat_gbm,1.0,42,275,-2.3088718852705843,-1.7679071058666047
feat_gbm,1.0,42,276,-0.8440342436386974,-0.15192249005847586
feat_gbm,1.0,42,277,-0.36726995030597,-0.22686658439221394
feat_gbm,1.0,42,278,-0.7175900473990984,-0.3963273628232521
feat_gbm,1.0,42,279,-2.4597128979397733,-2.1916982233579314
feat_gbm,1.0,42,280,0.5144096064796431,0.5138857123822332
feat_gbm,1.0,42,281,0.6334278587642527,0.13501120436460418
feat_gbm,1.0,42,282,0.08807951382619664,-0.35232291748203215
feat_gbm,1.0,42,283,0.3447279460328401,0.33710059568630363
feat_gbm,1.0,42,284,2.0601664532697805,2.2269494594330284
feat_gbm,1.0,42,285,-1.0216359370450765,-0.8523290277873723
feat_gbm,1.0,42,286,0.18659456214380205,0.5032694866056324
feat_gbm,1.0,42,287,-2.8845052735629353,-3.0734310124071125
feat_gbm,1.0,42,288,-2.7873842598250524,-3.0969464995649485
feat_gbm,1.0,42,289,0.6483932516202917,0.8088909840914691
feat_gbm,1.0,42,290,-2.057530310543375,-1.710735902712342
feat_gbm,1.0,42,291,0.2082788886245198,-0.24588513525180683
feat_gbm,1.0,42,292,-2.7133950072064756,-2.9910915714149957
feat_gbm,1.0,42,293,0.09459618693409358,0.24397961438558982
feat_gbm,1.0,42,294,0.7259850738723779,0.9827222917401395
feat_gbm,1.0,42,295,0.7866625600427297,1.5399914318848642
feat_gbm,1.0,42,296,-2.5167211658235806,-3.028104854063688
feat_gbm,1.0,42,297,-1.1874176077465466,-1.9675880903276046
feat_gbm,1.0,42,298,0.6592613519291801,0.3882116190950413
feat_gbm,1.0,42,299,-0.880991964621974,-0.4169590587595381
feat_gbm,1.0,42,300,-0.8503638960772895,-0.47104701624968015
feat_gbm,1.0,42,301,-0.5747722296317808,-0.5788171023402015
feat_gbm,1.0,42,302,-2.8869253715628593,-3.325334912618423
feat_gbm,1.0,42,303,-0.19799450147907027,0.27214776974989446
feat_gbm,1.0,42,304,-0.04713980975785634,0.2838761456734127
feat_gbm,1.0,42,305,0.6663915962117379,0.98356576927226
feat_gbm,1.0,42,306,-2.187257792688584,-2.324804251846344
feat_gbm,1.0,42,307,-0.3046160217736069,-0.30060412365222405
feat_gbm,1.0,42,308,-2.8670380421487613,-3.5706943269006843
feat_gbm,1.0,42,309,-0.0941785982926335,0.7657986236992217
feat_gbm,1.0,42,310,-0.3401168974003309,-0.3760212383278314
feat_gbm,1.0,42,311,0.6732134568046586,0.903367601886353
feat_gbm,1.0,42,312,0.5363420952139437,0.2834145554969618
feat_gbm,1.0,42,313,-0.08222148181940388,-0.8750381269167363
feat_gbm,1.0,42,314,-0.6975987177731034,-0.8911054934067958
feat_gbm,1.0,42,315,0.1919872333857484,0.2699623908229132
feat_gbm,1.0,42,316,-3.593369836219316,-4.034449774534175
feat_gbm,1.0,42,317,0.4132604366563081,0.7302045063515665
feat_gbm,1.0,42,318,-2.6465579664485532,-2.5264159394565007
feat_gbm,1.0,42,319,-3.1537145313996517,-3.1280680478747835
feat_gbm,1.0,42,320,0.15157941578750683,-0.623194388118803
feat_gbm,1.0,42,321,-3.6458581033063915,-4.172922463867305
feat_gbm,1.0,42,322,1.2102935540781268,1.0714029341973417
feat_gbm,1.0,42,323,-2.822534644396467,-2.5538050374755565
feat_gbm,1.0,42,324,-1.6910357397914684,-1.5310020975326282
feat_gbm,1.0,42,325,-0.2554760137475793,-0.735749980772127
feat_gbm,1.0,42,326,-0.5910045845709279,-0.5010306012352705
feat_gbm,1.0,42,327,-3.9638568155651237,-4.393123087746285
feat_gbm,1.0,42,328,0.005536895764745255,0.6439364857563509
feat_gbm,1.0,42,329,-2.793955100734384,-2.60760252445046
feat_gbm,1.0,42,330,0.6498384971905209,0.46983427811083467
feat_gbm,1.0,42,331,-1.8725400560827385,-1.149354435920189
feat_gbm,1.0,42,332,-2.006811018304658,-1.0961264399974935
feat_gbm,1.0,42,333,0.7471514013257872,1.4253561556633074
feat_gbm,1.0,42,334,0.8023818181650337,1.0406546288822482
feat_gbm,1.0,42,335,-0.15389021760246271,-0.1286217558512718
feat_gbm,1.0,42,336,-1.753194819596072,-1.7275974260064488
feat_gbm,1.0,42,337,-3.724779786319516,-4.535227665039715
feat_gbm,1.0,42,338,0.094127502043715,-1.078833843619319
feat_gbm,1.0,42,339,-3.008520885725818,-2.035297396751524
feat_gbm,1.0,42,340,0.42082491402795635,0.4788286932125707
feat_gbm,1.0,42,341,-1.6162548265436698,-0.4595082096564039
feat_gbm,1.0,42,342,-3.129420143362576,-3.653430804591794
feat_gbm,1.0,42,343,0.32144790966168185,0.2834522663037432
feat_gbm,1.0,42,344,-0.10683635659486576,-0.15984972455285287
feat_gbm,1.0,42,345,-2.276689182775608,-3.8822970119574354
feat_gbm,1.0,42,346,-2.8150831928735056,-2.5801989990218064
feat_gbm,1.0,42,347,-3.0575880647429408,-3.2622630695286134
feat_gbm,1.0,42,348,-0.6407187141893715,-0.4894561152880944
feat_gbm,1.0,42,349,-2.084244069045574,-3.0223552414624764
feat_gbm,1.0,42,350,0.6157991442755151,0.4215072765335228
feat_gbm,1.0,42,351,-2.130506802851181,-1.8152752103400673
feat_gbm,1.0,42,352,0.44090042584977845,1.102263670511441
feat_gbm,1.0,42,353,0.9353692571265386,1.4454852001466738
feat_gbm,1.0,42,354,-3.1073630076168874,-3.6770060333191017
feat_gbm,1.0,42,355,-3.611769051404351,-5.078652858832153
feat_gbm,1.0,42,356,0.27579000899049494,0.7815322159665122
feat_gbm,1.0,42,357,0.2281632888328495,0.6775133790495483
feat_gbm,1.0,42,358,-3.1180843304189785,-3.5163570325540956
feat_gbm,1.0,42,359,-1.4346717154095787,-4.157760523739404
feat_gbm,1.0,42,360,-0.8208126026504827,-0.18386357284099003
feat_gbm,1.0,42,361,-3.308585930906769,-4.477383009144865
feat_gbm,1.0,42,362,-0.07302167297430118,0.2909126951240761
feat_gbm,1.0,42,363,-3.3248423412696666,-3.5121531596302606
feat_gbm,1.0,42,364,-0.1476618466268773,-0.0019354464452207268
feat_gbm,1.0,42,365,-3.0183221387040824,-3.264666087597375
feat_gbm,1.0,42,366,-2.568578747570014,-1.4961090632143375
feat_gbm,1.0,42,367,-0.015158234892192078,-0.10305907560987346
feat_gbm,1.0,42,368,-0.034404662551718965,0.24601275195113992
feat_gbm,1.0,42,369,-1.2838620249479658,-1.6400355118163064
feat_gbm,1.0,42,370,-2.8276918876868087,-1.5399226532969161
feat_gbm,1.0,42,371,-1.006733729442795,-0.3336387161155974
feat_gbm,1.0,42,372,0.25626817060548635,0.3185760540422761
feat_gbm,1.0,42,373,-0.31224465185533623,-0.30756424411789
feat_gbm,1.0,42,374,-3.3946138404599693,-3.551435429619069
feat_gbm,1.0,42,375,0.35793174266645994,-0.12846918127015178
feat_gbm,1.0,42,376,0.5435060516041954,0.43413099611324796
feat_gbm,1.0,42,377,0.44206067085409934,0.8095384731463161
feat_gbm,1.0,42,378,0.4234682309436713,0.20303525329731625
feat_gbm,1.0,42,379,0.16661214038741295,0.524784145223057
feat_gbm,1.0,42,380,0.05990933099150885,0.8722609808312535
feat_gbm,1.0,42,381,-0.8282263587682561,1.0190202163897197
feat_gbm,1.0,42,382,0.20991672177914028,1.2715191268303472
feat_gbm,1.0,42,383,-0.27358785494234933,-0.13923746667536385
feat_gbm,1.0,42,384,-0.6784561568154286,-1.7983983483294153
feat_gbm,1.0,42,385,0.14852866819218907,0.5606037150840157
feat_gbm,1.0,42,386,0.47343354054012493,0.6003456151224621
feat_gbm,1.0,42,387,0.8561480968926278,1.3071718981356573
feat_gbm,1.0,42,388,0.02955994420668592,-0.19457283568776126
feat_gbm,1.0,42,389,-1.5773578800596348,-0.981880356960367
feat_gbm,1.0,42,390,-1.9512078819601382,-2.628024059072158
feat_gbm,1.0,42,391,-2.3246344651926285,-2.479262758098376
feat_gbm,1.0,42,392,-2.147877887057823,-2.207941629114672
feat_gbm,1.0,42,393,-2.03457787012439,-2.806586620215901
feat_gbm,1.0,42,394,-0.5473294238010447,-0.16842623590390868
feat_gbm,1.0,42,395,0.37998901401619456,0.3596423409999632
feat_gbm,1.0,42,396,-2.791217471859723,-3.117667066362407
feat_gbm,1.0,42,397,0.8382694448323769,0.6134086288650079
feat_gbm,1.0,42,398,0.5494028407090739,0.5049020087080688
feat_gbm,1.0,42,399,-1.60626871486786,-1.0548605918119196
feat_gbm,1.0,42,400,-3.368118886205683,-2.877676775828332
feat_gbm,1.0,42,401,-0.043101348710136274,0.015654415635624343
feat_gbm,1.0,42,402,-0.30789966728159945,-0.7027824676465185
feat_gbm,1.0,42,403,0.37588748491235136,0.6733427913489138
feat_gbm,1.0,42,404,-0.03284685661910104,0.03259550049258387
feat_gbm,1.0,42,405,-2.886388477275492,-3.4179416205706223
feat_gbm,1.0,42,406,-2.19756532974244,-1.6563158072976616
feat_gbm,1.0,42,407,0.07178712000007466,0.3281041495218151
feat_gbm,1.0,42,408,-0.8711493940358872,-1.498502430121411
feat_gbm,1.0,42,409,-1.126184032064204,-1.5390850133499359
feat_gbm,1.0,42,410,-1.408354988380788,-3.8769914364338094
feat_gbm,1.0,42,411,-0.8854772111213876,-1.1093409530974205
feat_gbm,1.0,42,412,-2.5149832669661087,-2.1356441225652167
feat_gbm,1.0,42,413,0.5733243883302743,0.5613925387002681
feat_gbm,1.0,42,414,-2.4675841383443564,-2.672303525149137
feat_gbm,1.0,42,415,0.5339898003459721,0.9887747910888531
feat_gbm,1.0,42,416,-2.867223359731401,-2.064740642123073
feat_gbm,1.0,42,417,-0.6423897373368839,-0.13534283366780814
feat_gbm,1.0,42,418,0.190339188400972,0.5266566940316069
feat_gbm,1.0,42,419,-0.614587584814188,-0.7929716308762645
feat_gbm,1.0,42,420,-0.24147584863306107,0.22081989653443584
feat_gbm,1.0,42,421,-3.653107644167432,-3.4911396429773087
feat_gbm,1.0,42,422,-0.5800318209724649,0.4691563032653497
feat_gbm,1.0,42,423,0.06727303138774227,-0.21242164749251408
feat_gbm,1.0,42,424,-2.0901617394277294,-2.0235730224261497
feat_gbm,1.0,42,425,-0.2634315309963845,0.1881042769243711
feat_gbm,1.0,42,426,-1.1131117873225613,-0.7546830882020855
feat_gbm,1.0,42,427,-1.7547044032992558,-2.004418163271322
feat_gbm,1.0,42,428,-0.04633645668676777,0.08108350485015015
feat_gbm,1.0,42,429,-1.485553276438942,-0.8958783842144782
feat_gbm,1.0,42,430,-1.031812165514602,-0.700178367515834
feat_gbm,1.0,42,431,-1.9968127770477626,-2.026447754843476
feat_gbm,1.0,42,432,-3.1247344201616998,-3.3644112924118934
feat_gbm,1.0,42,433,-2.6981948851058757,-2.4777804975332844
feat_gbm,1.0,42,434,-3.3034352445268818,-3.6407879329147783
feat_gbm,1.0,42,435,0.3364000958356476,0.8140524350977956
feat_gbm,1.0,42,436,-0.5794623814896287,-0.6342245759550225
feat_gbm,1.0,42,437,-0.8806730446909472,-1.0170271575608654
feat_gbm,1.0,42,438,0.2781807393425495,1.2058566336630974
feat_gbm,1.0,42,439,0.8955615932553072,1.04159183954478
feat_gbm,1.0,42,440,-0.7077687876598777,-0.383754051292973
feat_gbm,1.0,42,441,1.0377729956682984,0.9717849563735496
feat_gbm,1.0,42,442,0.7098206726555873,0.915394257773604
feat_gbm,1.0,42,443,-0.11182882822092444,0.17619398118278368
feat_gbm,1.0,42,444,-2.8280382516475018,-2.3026142847949007
feat_gbm,1.0,42,445,-0.27548654113970017,-2.156995715227189
feat_gbm,1.0,42,446,-1.965888657097065,-1.9647154613855007
feat_gbm,1.0,42,447,-1.6088638304796297,-1.2167428909736953
feat_gbm,1.0,42,448,-0.3237259923940996,0.371748058948411
feat_gbm,1.0,42,449,-2.788284266525034,-3.354914600670279
feat_gbm,1.0,42,450,-1.2932291527876607,-2.0984010901330774
feat_gbm,1.0,42,451,-1.113513049332136,-1.8411195968283314
feat_gbm,1.0,42,452,-0.09836593843664336,-0.2866386615093297
feat_gbm,1.0,42,453,-2.227275291894382,-2.1769502099219324
feat_gbm,1.0,42,454,0.0014000687871550874,0.851829112076475
feat_gbm,1.0,42,455,0.3066335890523405,-0.5174982843777256
feat_gbm,1.0,42,456,-2.740598909564028,-3.7883351795095335
feat_gbm,1.0,42,457,-2.7740414830137614,-1.3225504843777425
feat_gbm,1.0,42,458,-0.44589861155240784,-0.6304710111145473
feat_gbm,1.0,42,459,-2.239815047547274,-2.867776928577639
feat_gbm,1.0,42,460,-0.24892802416638565,-0.20106453453544149
feat_gbm,1.0,42,461,0.8468920557423707,0.565413433251147
feat_gbm,1.0,42,462,-0.10994247311817847,0.6531860801292728
feat_gbm,1.0,42,463,-2.9762069234670085,-3.295531334571209
feat_gbm,1.0,42,464,-0.88541927424913,-1.118951529136503
feat_gbm,1.0,42,465,0.02187224875533861,0.08535922256033004
feat_gbm,1.0,42,466,-0.6878098183956216,0.2656879386171551
feat_gbm,1.0,42,467,-1.290207730623746,-1.0764680911985907
feat_gbm,1.0,42,468,1.9964526630366333,2.2503813782282114
feat_gbm,1.0,42,469,-0.03174819571076126,-0.029700274932011248
feat_gbm,1.0,42,470,-2.816454262050236,-2.1918010579584375
feat_gbm,1.0,42,471,0.5341929542848773,-0.12537364897776127
feat_gbm,1.0,42,472,-1.2492854302683993,-1.3714574409892777
feat_gbm,1.0,42,473,-0.7362182048478142,-1.0216450817816245
feat_gbm,1.0,42,474,-0.7071576316719068,-0.8313233833759152
feat_gbm,1.0,42,475,-2.4304415442431018,-3.25243582884057
feat_gbm,1.0,42,476,0.41997950731201783,0.8737365575305754
feat_gbm,1.0,42,477,-2.28878038180444,-1.8373017486027088
feat_gbm,1.0,42,478,-1.784891949669538,-1.909749317133085
feat_gbm,1.0,42,479,0.11071114533976559,0.418341725137149
feat_gbm,1.0,42,480,-2.8071541536309086,-2.8689304810445995
feat_gbm,1.0,42,481,-3.2825748649490207,-3.9192950012633494
feat_gbm,1.0,42,482,0.3892334235448389,0.8191907452202399
feat_gbm,1.0,42,483,-2.572301288759215,-2.7371748494528005
feat_gbm,1.0,42,484,-0.07727735083630027,0.043868991079412875
feat_gbm,1.0,42,485,-2.105919933370957,-3.9571024828402512
feat_gbm,1.0,42,486,-1.9626667899112944,-0.8286091055291892
feat_gbm,1.0,42,487,1.0323823852093594,1.1086460137612473
feat_gbm,1.0,42,488,-0.6158028210672921,-1.0899995989348372
feat_gbm,1.0,42,489,-1.9831196867076293,-2.9260181182274523
feat_gbm,1.0,42,490,-0.1363860536278503,0.01778898425240747
feat_gbm,1.0,42,491,-0.058623679783035405,-0.388546054063584
feat_gbm,1.0,42,492,-1.3330100928099047,-0.8483910406321095
feat_gbm,1.0,42,493,-2.4542228022531636,-2.4855190663855797
feat_gbm,1.0,42,494,-0.29412915520324157,-0.6027729178489412
feat_gbm,1.0,42,495,-3.2521454585163,-1.5285925057254015
feat_gbm,1.0,42,496,0.4282154695947976,1.0092174422839322
feat_gbm,1.0,42,497,-2.7593591301782316,-2.421052301727873
feat_gbm,1.0,42,498,-3.1034592671493013,-3.2283141264699093
feat_gbm,1.0,42,499,-3.327094567950144,-4.907212199848568
feat_gbm,1.0,43,0,-0.2699899962744813,0.03894909458183669
feat_gbm,1.0,43,1,-2.272641828345805,-2.5052564746229193
feat_gbm,1.0,43,2,0.31316077951587123,0.6287827851917782
feat_gbm,1.0,43,3,-3.362122244138662,-3.3447289283878643
feat_gbm,1.0,43,4,1.157951934181759,0.9694015026406426
feat_gbm,1.0,43,5,-1.5391760848908798,-2.4693709778233526
feat_gbm,1.0,43,6,0.07934593184358969,-0.2819211013310965
feat_gbm,1.0,43,7,0.5346679576503286,0.5289578846490461
feat_gbm,1.0,43,8,0.3641487209900099,0.032863622186365654
feat_gbm,1.0,43,9,0.9203766191754859,0.9352707853930591
feat_gbm,1.0,43,10,-1.6870664067206056,-1.5987558134683666
feat_gbm,1.0,43,11,-2.7346140950837508,-3.2678706438993954
feat_gbm,1.0,43,12,-2.583454323107142,-2.445380546146449
feat_gbm,1.0,43,13,-0.604789673053449,-0.4471217519653716
feat_gbm,1.0,43,14,-2.179514820117442,-1.8343062920535937
feat_gbm,1.0,43,15,-1.778966154003754,-2.278287047942225
feat_gbm,1.0,43,16,-1.4714231529076567,-1.113015507562239
feat_gbm,1.0,43,17,-1.578168226079843,-1.149386040828735
feat_gbm,1.0,43,18,-1.474462289624441,-0.4541092694382234
feat_gbm,1.0,43,19,-2.6360063105752847,-2.8798658660471284
feat_gbm,1.0,43,20,-3.2129359546382776,-3.281006200299989
feat_gbm,1.0,43,21,-1.8224745913372542,-0.7889402030111288
feat_gbm,1.0,43,22,-0.24497834297437082,-0.48114593055133975
feat_gbm,1.0,43,23,-3.3381626064284795,-2.8038114998165153
feat_gbm,1.0,43,24,-3.6178581664786886,-2.6726430450531393
feat_gbm,1.0,43,25,-3.2577445683344375,-3.141178249464176
feat_gbm,1.0,43,26,-2.990190339466504,-3.8612362310489847
feat_gbm,1.0,43,27,-2.930266941245679,-3.085821277369337
feat_gbm,1.0,43,28,-2.953314297096946,-2.1153791712035637
feat_gbm,1.0,43,29,-1.2737228246599135,-0.5854112868629942
feat_gbm,1.0,43,30,-0.20013376873628314,0.13849791927417068
feat_gbm,1.0,43,31,-2.58493858629429,-2.779654184179668
feat_gbm,1.0,43,32,1.289791712341691,0.9166392391011026
feat_gbm,1.0,43,33,-2.571984320110701,-2.134444297962007
feat_gbm,1.0,43,34,0.7465463374667161,1.1224191581864646
feat_gbm,1.0,43,35,-3.5034917211940364,-2.7514680837461087
feat_gbm,1.0,43,36,0.6066947501724522,0.7493710802437775
feat_gbm,1.0,43,37,-1.9740293172209065,-2.157600461660938
feat_gbm,1.0,43,38,-1.271525603177849,-1.7436371170468024
feat_gbm,1.0,43,39,0.49668727923971046,0.632388610685479
feat_gbm,1.0,43,40,-2.2339895816476694,-1.5024753827969588
feat_gbm,1.0,43,41,-2.4267823118905594,-2.936018587066778
feat_gbm,1.0,43,42,-0.7362379799367169,-0.06406961406287034
feat_gbm,1.0,43,43,-0.6791087996696167,-0.43711075337934485
feat_gbm,1.0,43,44,0.8824496880474146,0.521724778538647
feat_gbm,1.0,43,45,0.33601500119832467,-0.02881562555915001
feat_gbm,1.0,43,46,-2.3726435236458734,-2.6856700943784895
feat_gbm,1.0,43,47,-2.895976093918944,-3.3419513202228783
feat_gbm,1.0,43,48,-0.23560178529706954,-0.35240032436669677
feat_gbm,1.0,43,49,-3.5993045062992723,-4.466027560457086
feat_gbm,1.0,43,50,-1.125643319295424,-1.2227887404747313
feat_gbm,1.0,43,51,-3.6971938952561874,-4.168130875201601
feat_gbm,1.0,43,52,-1.4034147298009967,-2.1825653069440887
feat_gbm,1.0,43,53,-3.2111380775835703,-2.816977102698189
feat_gbm,1.0,43,54,-0.2959799090911121,-0.9520374156321785
feat_gbm,1.0,43,55,0.5137566183280005,0.800460094219776
feat_gbm,1.0,43,56,0.1817383154470686,0.2782562560211116
feat_gbm,1.0,43,57,-0.24597270681423017,-0.7855200046266205
feat_gbm,1.0,43,58,-3.3059241745855603,-2.837973637743256
feat_gbm,1.0,43,59,-0.20134498933542078,0.3653424354755994
feat_gbm,1.0,43,60,-2.202983776295933,-3.145987746693799
feat_gbm,1.0,43,61,-2.8088187067381942,-2.1381844357326614
feat_gbm,1.0,43,62,0.19273587147334784,0.3908315550690521
feat_gbm,1.0,43,63,-3.1175157670228826,-3.259739876316779
feat_gbm,1.0,43,64,-2.6951926956372514,-3.799325775609258
feat_gbm,1.0,43,65,0.614475524990641,0.2842997557356093
feat_gbm,1.0,43,66,0.488353475615008,0.9099380077885143
feat_gbm,1.0,43,67,0.3922325976834571,0.5741223235018287
feat_gbm,1.0,43,68,1.1596387402065522,1.3807263582335993
feat_gbm,1.0,43,69,0.05461528435791164,2.7357387204405055
feat_gbm,1.0,43,70,0.07927473147654464,-0.3782017485149665
feat_gbm,1.0,43,71,-0.8720085381631693,-0.6946521973220513
feat_gbm,1.0,43,72,-3.479004367164067,-3.510295151868067
feat_gbm,1.0,43,73,-0.2936231150373896,-0.3643686170400702
feat_gbm,1.0,43,74,1.642732789090026,1.1835884152793859
feat_gbm,1.0,43,75,-0.15381562291489148,-0.38644824542838596
feat_gbm,1.0,43,76,0.5894301988513326,0.7005004452467647
feat_gbm,1.0,43,77,0.32728633221369324,0.3770911051312199
feat_gbm,1.0,43,78,-0.3041039474241158,-0.5374783823521183
feat_gbm,1.0,43,79,-2.4388549461331728,-3.2499450611549854
feat_gbm,1.0,43,80,-2.0736560538118085,-1.719925172279684
feat_gbm,1.0,43,81,0.27986800086784547,1.8185710395242058
feat_gbm,1.0,43,82,-1.239846596576435,-1.0758778979961314
feat_gbm,1.0,43,83,-0.36865849817178625,-0.8033140510569362
feat_gbm,1.0,43,84,-2.118747689902076,-2.0837035815006346
feat_gbm,1.0,43,85,-1.8217260182617718,-1.2430797823904942
feat_gbm,1.0,43,86,0.8597974037999834,0.639317965424242
feat_gbm,1.0,43,87,-0.40198680728694963,-0.02321591952008587
feat_gbm,1.0,43,88,-2.0443305528230202,-3.512086916650174
feat_gbm,1.0,43,89,-1.834664430763475,-1.684363733317816
feat_gbm,1.0,43,90,-3.0925341365929406,-3.5341996208099964
feat_gbm,1.0,43,91,0.5091403073834172,1.1574629997660548
feat_gbm,1.0,43,92,-1.1064303394372093,-0.7651863719989663
feat_gbm,1.0,43,93,-2.5997548103616843,-5.7708125015304885
feat_gbm,1.0,43,94,0.03453237925164234,0.07374698385127064
feat_gbm,1.0,43,95,-0.5422197307818696,1.201566413592891
feat_gbm,1.0,43,96,1.622014554648948,1.2655480006709303
feat_gbm,1.0,43,97,-2.9648069572573843,-3.2217777708537843
feat_gbm,1.0,43,98,-1.170113052872434,-1.2120387208328698
feat_gbm,1.0,43,99,-0.444688881595478,-0.04015373686183237
feat_gbm,1.0,43,100,-3.4701779618532287,-2.8384481914339785
feat_gbm,1.0,43,101,-3.1818811958986517,-3.541068619782685
feat_gbm,1.0,43,102,-3.233794087279341,-4.424727465058162
feat_gbm,1.0,43,103,-0.7907717541788831,-0.7652009130347144
feat_gbm,1.0,43,104,-0.3792041107214191,-0.406664655497914
feat_gbm,1.0,43,105,-2.4900376869310463,-2.8019031633754246
feat_gbm,1.0,43,106,-1.5505728806192844,-1.1978192780958505
feat_gbm,1.0,43,107,-1.5347321657860762,-1.2497822804421463
feat_gbm,1.0,43,108,-0.2244230468863766,-0.2003702404752673
feat_gbm,1.0,43,109,-1.2532005588109933,-0.28745536208379296
feat_gbm,1.0,43,110,0.24971178430015673,0.2838469771831524
feat_gbm,1.0,43,111,0.10929018945953324,0.6579850926301614
feat_gbm,1.0,43,112,-0.5388437881258218,-0.4279263804064609
feat_gbm,1.0,43,113,0.17019763265249854,0.527327823801956
feat_gbm,1.0,43,114,-2.7704813185610697,-3.652947895428966
feat_gbm,1.0,43,115,-0.48490176665843476,-0.04287987221360797
feat_gbm,1.0,43,116,-2.6711732705238513,-3.4409421360670214
feat_gbm,1.0,43,117,-2.956672604250534,-2.4284095097884006
feat_gbm,1.0,43,118,-1.9170747467906681,-1.419217075367618
feat_gbm,1.0,43,119,-1.2203617656100847,-1.4944271796191557
feat_gbm,1.0,43,120,-3.28692653792805,-2.797137626437216
feat_gbm,1.0,43,121,0.7315502794056965,3.1321125804877905
feat_gbm,1.0,43,122,-1.62655164817711,-3.164895556438051
feat_gbm,1.0,43,123,0.12468857224261404,-0.021234684620174846
feat_gbm,1.0,43,124,-1.5063667392748816,-1.246001114532972
feat_gbm,1.0,43,125,-1.98148214343342,-2.7130193085566443
feat_gbm,1.0,43,126,-1.110971860848013,-2.0560780011130944
feat_gbm,1.0,43,127,-2.6214815087115833,-1.631222331554067
feat_gbm,1.0,43,128,-1.4370894937831744,-3.477307725783656
feat_gbm,1.0,43,129,-0.048105505731222464,1.7007542891568868
feat_gbm,1.0,43,130,-1.9014915539261936,-3.4021624962570822
feat_gbm,1.0,43,131,-3.485446176280742,-3.701149444421242
feat_gbm,1.0,43,132,-0.8540856323204018,-0.4116741376471012
feat_gbm,1.0,43,133,-0.9089831860888584,-0.5680375850475197
feat_gbm,1.0,43,134,-2.740301899991842,-1.4788189923590598
feat_gbm,1.0,43,135,-2.5219200746080244,-2.9896549957503007
feat_gbm,1.0,43,136,0.22656615332852842,0.11194117436713467
feat_gbm,1.0,43,137,0.7519497061130815,1.7147062893715772
feat_gbm,1.0,43,138,-2.271381793436829,-1.9709125209383296
feat_gbm,1.0,43,139,-0.3048516479410523,0.19937477723826902
feat_gbm,1.0,43,140,-2.5565259335625137,-2.8223726616431475
feat_gbm,1.0,43,141,-0.3081798886914675,-0.12380828599000025
feat_gbm,1.0,43,142,-2.123615078992535,-2.97521232911642
feat_gbm,1.0,43,143,-1.832471254797443,-1.9484557479617686
feat_gbm,1.0,43,144,0.34102212782654673,1.244093655886106
feat_gbm,1.0,43,145,-1.558657695731618,-2.0280859266176816
feat_gbm,1.0,43,146,-2.6251936545748435,-2.0754073031653366
feat_gbm,1.0,43,147,-0.09223204895847302,-0.11331641159387335
feat_gbm,1.0,43,148,-2.8946572434233144,-2.620298039600635
feat_gbm,1.0,43,149,-3.356757356172406,-3.8395532227602396
feat_gbm,1.0,43,150,-0.538545660382089,-2.149698272240366
feat_gbm,1.0,43,151,-3.07069736939811,-3.1594376779318036
feat_gbm,1.0,43,152,-2.094548141409027,-2.7712141114581046
feat_gbm,1.0,43,153,-1.8446503812847412,-1.1483368403810985
feat_gbm,1.0,43,154,-1.800052357495449,-1.4700676700115773
feat_gbm,1.0,43,155,1.0042732651974526,1.4088416749712322
feat_gbm,1.0,43,156,0.20859566478042021,0.7564704220494097
feat_gbm,1.0,43,157,-1.3732722893656422,-1.7148995557963913
feat_gbm,1.0,43,158,-1.3790832398635353,-2.8595355115547196
feat_gbm,1.0,43,159,-1.2321977807440527,-0.9922400520728849
feat_gbm,1.0,43,160,1.8577367013350026,1.8585227307534937
feat_gbm,1.0,43,161,-3.0403061553441764,-2.477654537850602
feat_gbm,1.0,43,162,-3.223077019705811,-2.993764039868935
feat_gbm,1.0,43,163,-0.9112156267824236,-1.1722671160336509
feat_gbm,1.0,43,164,-2.668803844884764,-1.6577576086204497
feat_gbm,1.0,43,165,-2.4752681447040965,-2.9770186999323642
feat_gbm,1.0,43,166,-2.9921943109268496,-3.2329952824425443
feat_gbm,1.0,43,167,-0.08912928423458467,0.19550508612775644
feat_gbm,1.0,43,168,-1.1838180182411733,-1.2639642813248737
feat_gbm,1.0,43,169,1.3549911159001373,1.4224064134580066
feat_gbm,1.0,43,170,-2.2372939083742653,-1.5303724784706008
feat_gbm,1.0,43,171,0.28112580078185007,0.6086346650572224
feat_gbm,1.0,43,172,-0.11906515309613558,-0.052232489626048526
feat_gbm,1.0,43,173,-1.2029746400377135,-0.19074605880313256
feat_gbm,1.0,43,174,-2.1877301169391123,-2.7678232596734214
feat_gbm,1.0,43,175,-2.220076928919607,-1.6557092188829319
feat_gbm,1.0,43,176,0.44329790535873326,0.12081831439914445
feat_gbm,1.0,43,177,-0.17774040094053972,3.7031714993021168
feat_gbm,1.0,43,178,0.12809964731771298,-0.17761292562564054
feat_gbm,1.0,43,179,0.15036924840385257,0.2295122735959306
feat_gbm,1.0,43,180,-1.3698480792308767,-1.6401012725318311
feat_gbm,1.0,43,181,-2.667986182056858,-3.399461101549646
feat_gbm,1.0,43,182,0.10322817637378441,0.5421608664871393
feat_gbm,1.0,43,183,-3.1253467912234694,-3.7858185839721776
feat_gbm,1.0,43,184,0.4291182305976128,0.4440956773301304
feat_gbm,1.0,43,185,-0.08200523457446442,0.5450962365111649
feat_gbm,1.0,43,186,-2.7493574164155667,-3.094441269353033
feat_gbm,1.0,43,187,0.62820967665762,1.436275522654785
feat_gbm,1.0,43,188,0.0641059366842253,-0.003208414280501246
feat_gbm,1.0,43,189,-2.179220649053049,-2.0766448721687736
feat_gbm,1.0,43,190,-3.2746278660206647,-2.887011097372245
feat_gbm,1.0,43,191,-0.35014938087652353,-0.19564387773269687
feat_gbm,1.0,43,192,-2.153761174032775,-3.39219136175158
feat_gbm,1.0,43,193,-3.8519036740270627,-4.804455114758695
feat_gbm,1.0,43,194,-0.47219396265735875,-0.23230879418151415
feat_gbm,1.0,43,195,0.8206541431860133,0.7768952289284052
feat_gbm,1.0,43,196,-3.180507561122577,-3.0758975731441707
feat_gbm,1.0,43,197,1.808245998144038,1.8852948766094535
feat_gbm,1.0,43,198,0.14855049013211213,-0.07474663349946693
feat_gbm,1.0,43,199,1.5223157979159174,0.9295509098669842
feat_gbm,1.0,43,200,-0.06706359346844007,0.40408761039079466
feat_gbm,1.0,43,201,-1.4858430470821602,-1.0185563947000995
feat_gbm,1.0,43,202,-1.909471431316537,-1.5812541435625456
feat_gbm,1.0,43,203,-2.2157790511507764,-2.9269603411540346
feat_gbm,1.0,43,204,-0.33498739121131527,-0.9368237022381455
feat_gbm,1.0,43,205,-0.7749423780553911,-0.771906247259438
feat_gbm,1.0,43,206,-1.5547755839926825,-1.4457766532498904
feat_gbm,1.0,43,207,-2.6095202400746262,-2.4752738768021185
feat_gbm,1.0,43,208,-3.5274211188755538,-2.8789590131308262
feat_gbm,1.0,43,209,-3.268276445335108,-2.6986856152036793
feat_gbm,1.0,43,210,0.2482890038701988,0.05837096406180189
feat_gbm,1.0,43,211,-1.586504733109027,-2.2327070274631113
feat_gbm,1.0,43,212,-0.13508119596833035,0.15758807445032513
feat_gbm,1.0,43,213,0.6986477718836114,0.5234750924970406
feat_gbm,1.0,43,214,0.5289977956091765,0.8312555987922697
feat_gbm,1.0,43,215,-1.4669701147245584,-0.7699972654610447
feat_gbm,1.0,43,216,-1.9045790333696004,-2.4368834827463726
feat_gbm,1.0,43,217,-3.57557400788361,-3.7421886443248944
feat_gbm,1.0,43,218,-2.8841343709761382,-4.3753265313120195
feat_gbm,1.0,43,219,0.6174992533387653,0.13181597567614448
feat_gbm,1.0,43,220,-2.3524903663693735,-2.150299196146146
feat_gbm,1.0,43,221,0.19067776464358888,0.4316281043505307
feat_gbm,1.0,43,222,0.6922586477988989,0.20581216265343685
feat_gbm,1.0,43,223,-1.1261341530602431,-1.7226779576420432
feat_gbm,1.0,43,224,0.7303609388509805,1.0701061526100661
feat_gbm,1.0,43,225,-3.1901801032898267,-2.995983076644188
feat_gbm,1.0,43,226,-0.0647171924527159,-0.39103048890459524
feat_gbm,1.0,43,227,-2.0745112698392436,-2.811377433191803
feat_gbm,1.0,43,228,-0.013550412717431919,0.1103569248772952
feat_gbm,1.0,43,229,0.4190537300937018,1.0926797996732165
feat_gbm,1.0,43,230,-1.9344925528035346,-1.1465469989616057
feat_gbm,1.0,43,231,-3.4350774984570966,-3.7045714701961474
feat_gbm,1.0,43,232,-0.1316199897415997,-0.3205795311611984
feat_gbm,1.0,43,233,-0.0687576020694582,-0.7282288274356463
feat_gbm,1.0,43,234,0.2947831446332473,-0.6143938277881194
feat_gbm,1.0,43,235,-3.724744059205336,-3.717493513170671
feat_gbm,1.0,43,236,-1.523846978375953,-1.894186438607053
feat_gbm,1.0,43,237,-0.10092577537461488,0.19101892391720615
feat_gbm,1.0,43,238,-2.541474970630143,-2.723653519266766
feat_gbm,1.0,43,239,0.457566771073532,0.28172679866345784
feat_gbm,1.0,43,240,-0.8526708627977589,-0.570916259780521
feat_gbm,1.0,43,241,-1.4119853887535903,-3.037607674189957
feat_gbm,1.0,43,242,-3.146421225208855,-2.4824067099880884
feat_gbm,1.0,43,243,0.521703993773088,1.793244191067856
feat_gbm,1.0,43,244,-2.647386583156259,-2.170563194223024
feat_gbm,1.0,43,245,-3.1108998724353056,-2.5580286375581696
feat_gbm,1.0,43,246,-2.618534497761098,-3.9013363177662743
feat_gbm,1.0,43,247,-0.9804523782031146,-1.2689211715035387
feat_gbm,1.0,43,248,-2.970682149496526,-2.89795980370705
feat_gbm,1.0,43,249,-1.3769019940075584,-1.149470325468549
feat_gbm,1.0,43,250,-1.6985141329966023,-2.1803876537888693
feat_gbm,1.0,43,251,-2.0307085869426946,-1.2010659028736028
feat_gbm,1.0,43,252,-2.5238669144430337,-2.675840590612525
feat_gbm,1.0,43,253,-1.0116739941992885,-0.865421424414132
feat_gbm,1.0,43,254,-1.3917500019691234,-0.45089388998719687
feat_gbm,1.0,43,255,-1.6505434653498716,-1.477655138121315
feat_gbm,1.0,43,256,-2.7077781248141988,-1.9234128661936198
feat_gbm,1.0,43,257,-2.1042076223338406,-0.8895479413744646
feat_gbm,1.0,43,258,-0.9820529720059916,-1.284701881398344
feat_gbm,1.0,43,259,-0.24518678320064485,0.03791276039075724
feat_gbm,1.0,43,260,-2.3036734562519947,-1.213907680807544
feat_gbm,1.0,43,261,-0.007025137143810286,-0.6937064881158975
feat_gbm,1.0,43,262,-1.7226375133158454,-2.500344974429108
feat_gbm,1.0,43,263,-3.107466392029757,-3.0782877743164985
feat_gbm,1.0,43,264,-3.921894166144297,-3.2702790535172426
feat_gbm,1.0,43,265,-0.1945684633196546,-0.15746453031192983
feat_gbm,1.0,43,266,-2.064039677687625,-1.3930653126164372
feat_gbm,1.0,43,267,-3.140191438286109,-3.460520174484755
feat_gbm,1.0,43,268,-2.2173586765104707,-1.8115923421665279
feat_gbm,1.0,43,269,-0.4243775592763547,-0.04785951915829837
feat_gbm,1.0,43,270,-1.2501944911018363,-1.3387838926701625
feat_gbm,1.0,43,271,0.5461251284009546,0.6172482925771328
feat_gbm,1.0,43,272,-0.15903924632815708,0.10718580269537517
feat_gbm,1.0,43,273,-2.065701118493157,-2.4250613993713395
feat_gbm,1.0,43,274,-0.2699408421013617,-0.4656136934058211
feat_gbm,1.0,43,275,-2.302892776974018,-1.7679071058666047
feat_gbm,1.0,43,276,-0.5395558191541318,-0.15192249005847586
feat_gbm,1.0,43,277,-0.4065715544389669,-0.22686658439221394
feat_gbm,1.0,43,278,-0.6955022261479469,-0.3963273628232521
feat_gbm,1.0,43,279,-2.686099012866821,-2.1916982233579314
feat_gbm,1.0,43,280,0.8091295490175441,0.5138857123822332
feat_gbm,1.0,43,281,0.6252909821596051,0.13501120436460418
feat_gbm,1.0,43,282,0.13640162775564502,-0.35232291748203215
feat_gbm,1.0,43,283,0.18508659414548784,0.33710059568630363
feat_gbm,1.0,43,284,1.643993945030139,2.2269494594330284
feat_gbm,1.0,43,285,-1.0485126126196576,-0.8523290277873723
feat_gbm,1.0,43,286,0.18329490229859252,0.5032694866056324
feat_gbm,1.0,43,287,-3.0002973188720414,-3.0734310124071125
feat_gbm,1.0,43,288,-2.716094610727553,-3.0969464995649485
feat_gbm,1.0,43,289,0.6818387553339167,0.8088909840914691
feat_gbm,1.0,43,290,-1.9084186308462343,-1.710735902712342
feat_gbm,1.0,43,291,0.2695840846123412,-0.24588513525180683
feat_gbm,1.0,43,292,-2.8944542178129753,-2.9910915714149957
feat_gbm,1.0,43,293,0.09124955241230298,0.24397961438558982
feat_gbm,1.0,43,294,0.7238905458111736,0.9827222917401395
feat_gbm,1.0,43,295,0.7165741015505703,1.5399914318848642
feat_gbm,1.0,43,296,-2.5637255082626176,-3.028104854063688
feat_gbm,1.0,43,297,-0.8770584920692128,-1.9675880903276046
feat_gbm,1.0,43,298,0.5002461919201866,0.3882116190950413
feat_gbm,1.0,43,299,-0.8279033239661312,-0.4169590587595381
feat_gbm,1.0,43,300,-0.7392371754679248,-0.47104701624968015
feat_gbm,1.0,43,301,-0.5253294873149797,-0.5788171023402015
feat_gbm,1.0,43,302,-2.7389238490267362,-3.325334912618423
feat_gbm,1.0,43,303,-0.029485075169800548,0.27214776974989446
feat_gbm,1.0,43,304,-0.0058961993378949485,0.2838761456734127
feat_gbm,1.0,43,305,0.7413797586308339,0.98356576927226
feat_gbm,1.0,43,306,-2.273658371543661,-2.324804251846344
feat_gbm,1.0,43,307,-0.3338946924846131,-0.30060412365222405
feat_gbm,1.0,43,308,-3.0106148621286537,-3.5706943269006843
feat_gbm,1.0,43,309,0.4036413491184838,0.7657986236992217
feat_gbm,1.0,43,310,-0.3340237412243187,-0.3760212383278314
feat_gbm,1.0,43,311,0.736284572602122,0.903367601886353
feat_gbm,1.0,43,312,0.35484871882821156,0.2834145554969618
feat_gbm,1.0,43,313,-0.04778890548285389,-0.8750381269167363
feat_gbm,1.0,43,314,-0.8808377255584187,-0.8911054934067958
feat_gbm,1.0,43,315,0.14776954307123658,0.2699623908229132
feat_gbm,1.0,43,316,-3.528293142910659,-4.034449774534175
feat_gbm,1.0,43,317,0.2954261226875552,0.7302045063515665
feat_gbm,1.0,43,318,-3.2339892521990747,-2.5264159394565007
feat_gbm,1.0,43,319,-3.404432580926911,-3.1280680478747835
feat_gbm,1.0,43,320,0.12910640843786447,-0.623194388118803
feat_gbm,1.0,43,321,-3.377406460986644,-4.172922463867305
feat_gbm,1.0,43,322,1.2670118425855335,1.0714029341973417
feat_gbm,1.0,43,323,-2.9483530493161147,-2.5538050374755565
feat_gbm,1.0,43,324,-1.584253578861272,-1.5310020975326282
feat_gbm,1.0,43,325,-0.49904477891506405,-0.735749980772127
feat_gbm,1.0,43,326,-0.47633543258650785,-0.5010306012352705
feat_gbm,1.0,43,327,-3.851783926561081,-4.393123087746285
feat_gbm,1.0,43,328,-0.42555951638912254,0.6439364857563509
feat_gbm,1.0,43,329,-2.7696891369402357,-2.60760252445046
feat_gbm,1.0,43,330,0.6999305767166316,0.46983427811083467
feat_gbm,1.0,43,331,-1.6802831567167555,-1.149354435920189
feat_gbm,1.0,43,332,-2.1065427728107147,-1.0961264399974935
feat_gbm,1.0,43,333,0.7593210494001473,1.4253561556633074
feat_gbm,1.0,43,334,0.8947034185719888,1.0406546288822482
feat_gbm,1.0,43,335,-0.16796547402579182,-0.1286217558512718
feat_gbm,1.0,43,336,-1.769881689955459,-1.7275974260064488
feat_gbm,1.0,43,337,-3.797195243616925,-4.535227665039715
feat_gbm,1.0,43,338,0.10266384400443408,-1.078833843619319
feat_gbm,1.0,43,339,-3.188531000258569,-2.035297396751524
feat_gbm,1.0,43,340,0.46784982354297333,0.4788286932125707
feat_gbm,1.0,43,341,-1.5763409986445667,-0.4595082096564039
feat_gbm,1.0,43,342,-2.943499355517987,-3.653430804591794
feat_gbm,1.0,43,343,0.22071120645513698,0.2834522663037432
feat_gbm,1.0,43,344,-0.12626059404342602,-0.15984972455285287
feat_gbm,1.0,43,345,-2.362783611904927,-3.8822970119574354
feat_gbm,1.0,43,346,-2.7385589770837337,-2.5801989990218064
feat_gbm,1.0,43,347,-3.171389272991831,-3.2622630695286134
feat_gbm,1.0,43,348,-0.6126657525527548,-0.4894561152880944
feat_gbm,1.0,43,349,-2.3055308213661143,-3.0223552414624764
feat_gbm,1.0,43,350,0.6000049676061324,0.4215072765335228
feat_gbm,1.0,43,351,-1.9722835383766657,-1.8152752103400673
feat_gbm,1.0,43,352,0.3997820416970352,1.102263670511441
feat_gbm,1.0,43,353,0.7363677168887501,1.4454852001466738
feat_gbm,1.0,43,354,-3.0857954482086907,-3.6770060333191017
feat_gbm,1.0,43,355,-3.7878280443455057,-5.078652858832153
feat_gbm,1.0,43,356,0.3155194637072546,0.7815322159665122
feat_gbm,1.0,43,357,0.2928693752758297,0.6775133790495483
feat_gbm,1.0,43,358,-3.05804663546716,-3.5163570325540956
feat_gbm,1.0,43,359,-1.648725187985493,-4.157760523739404
feat_gbm,1.0,43,360,-0.8940387132331308,-0.18386357284099003
feat_gbm,1.0,43,361,-3.385335206359699,-4.477383009144865
feat_gbm,1.0,43,362,-0.3323237123732219,0.2909126951240761
feat_gbm,1.0,43,363,-3.4478850829663124,-3.5121531596302606
feat_gbm,1.0,43,364,0.011226697674986972,-0.0019354464452207268
feat_gbm,1.0,43,365,-2.802569522477539,-3.264666087597375
feat_gbm,1.0,43,366,-2.890585365951799,-1.4961090632143375
feat_gbm,1.0,43,367,0.07351778331686384,-0.10305907560987346
feat_gbm,1.0,43,368,-0.08737896103915539,0.24601275195113992
feat_gbm,1.0,43,369,-1.312785513526875,-1.6400355118163064
feat_gbm,1.0,43,370,-2.8526437026770117,-1.5399226532969161
feat_gbm,1.0,43,371,-0.9511634136733808,-0.3336387161155974
feat_gbm,1.0,43,372,0.09072921469854538,0.3185760540422761
feat_gbm,1.0,43,373,-0.39834438290211616,-0.30756424411789
feat_gbm,1.0,43,374,-3.4168878092260466,-3.551435429619069
feat_gbm,1.0,43,375,0.40628319367422233,-0.12846918127015178
feat_gbm,1.0,43,376,0.6602540876484243,0.43413099611324796
feat_gbm,1.0,43,377,0.4132428888844365,0.8095384731463161
feat_gbm,1.0,43,378,0.40148083247175614,0.20303525329731625
feat_gbm,1.0,43,379,0.2595943339789495,0.524784145223057
feat_gbm,1.0,43,380,0.03756646797231652,0.8722609808312535
feat_gbm,1.0,43,381,-0.4572106526089646,1.0190202163897197
feat_gbm,1.0,43,382,0.37624804019751185,1.2715191268303472
feat_gbm,1.0,43,383,-0.27410021934678774,-0.13923746667536385
feat_gbm,1.0,43,384,-1.0310109501201576,-1.7983983483294153
feat_gbm,1.0,43,385,0.11975144182652135,0.5606037150840157
feat_gbm,1.0,43,386,0.5252391252667619,0.6003456151224621
feat_gbm,1.0,43,387,0.8988073773789432,1.3071718981356573
feat_gbm,1.0,43,388,0.1773927006154141,-0.19457283568776126
feat_gbm,1.0,43,389,-1.527044334090673,-0.981880356960367
feat_gbm,1.0,43,390,-1.974819092924786,-2.628024059072158
feat_gbm,1.0,43,391,-2.163742619410565,-2.479262758098376
feat_gbm,1.0,43,392,-2.314379041455854,-2.207941629114672
feat_gbm,1.0,43,393,-1.983291450913724,-2.806586620215901
feat_gbm,1.0,43,394,-0.5530966537383826,-0.16842623590390868
feat_gbm,1.0,43,395,0.30508326396064295,0.3596423409999632
feat_gbm,1.0,43,396,-2.8141446357031246,-3.117667066362407
feat_gbm,1.0,43,397,0.6987571461535518,0.6134086288650079
feat_gbm,1.0,43,398,0.584765525782797,0.5049020087080688
feat_gbm,1.0,43,399,-1.2295851908582303,-1.0548605918119196
feat_gbm,1.0,43,400,-3.403353907743764,-2.877676775828332
feat_gbm,1.0,43,401,-0.09353099710624857,0.015654415635624343
feat_gbm,1.0,43,402,-0.5178766894805378,-0.7027824676465185
feat_gbm,1.0,43,403,0.2988644850311787,0.6733427913489138
feat_gbm,1.0,43,404,-0.09866012735280538,0.03259550049258387
feat_gbm,1.0,43,405,-2.8216412622638503,-3.4179416205706223
feat_gbm,1.0,43,406,-2.417163795117836,-1.6563158072976616
feat_gbm,1.0,43,407,0.10999506227436646,0.3281041495218151
feat_gbm,1.0,43,408,-0.7602109705788249,-1.498502430121411
feat_gbm,1.0,43,409,-1.0104869558080796,-1.5390850133499359
feat_gbm,1.0,43,410,-1.551579675594646,-3.8769914364338094
feat_gbm,1.0,43,411,-0.822175240511025,-1.1093409530974205
feat_gbm,1.0,43,412,-2.4934408975527154,-2.1356441225652167
feat_gbm,1.0,43,413,0.563055960450153,0.5613925387002681
feat_gbm,1.0,43,414,-2.5456845421014744,-2.672303525149137
feat_gbm,1.0,43,415,0.8136909580740304,0.9887747910888531
feat_gbm,1.0,43,416,-3.1557940515586407,-2.064740642123073
feat_gbm,1.0,43,417,-0.7823817966457558,-0.13534283366780814
feat_gbm,1.0,43,418,0.010743538210500106,0.5266566940316069
feat_gbm,1.0,43,419,-0.40010628567477124,-0.7929716308762645
feat_gbm,1.0,43,420,-0.1887955132188115,0.22081989653443584
feat_gbm,1.0,43,421,-3.659370072844191,-3.4911396429773087
feat_gbm,1.0,43,422,-0.4767437210796626,0.4691563032653497
feat_gbm,1.0,43,423,-0.017073892919143664,-0.21242164749251408
feat_gbm,1.0,43,424,-2.2692713126633195,-2.0235730224261497
feat_gbm,1.0,43,425,-0.27201530246940414,0.1881042769243711
feat_gbm,1.0,43,426,-1.069721179604367,-0.7546830882020855
feat_gbm,1.0,43,427,-1.3842713957650374,-2.004418163271322
feat_gbm,1.0,43,428,-0.19294142451219262,0.08108350485015015
feat_gbm,1.0,43,429,-1.7286473418904484,-0.8958783842144782
feat_gbm,1.0,43,430,-1.0744000041875652,-0.700178367515834
feat_gbm,1.0,43,431,-2.1750570345150604,-2.026447754843476
feat_gbm,1.0,43,432,-3.2345157218672345,-3.3644112924118934
feat_gbm,1.0,43,433,-2.6504082464069447,-2.4777804975332844
feat_gbm,1.0,43,434,-3.2601629090360493,-3.6407879329147783
feat_gbm,1.0,43,435,-0.003403826067744344,0.8140524350977956
feat_gbm,1.0,43,436,-0.7998299004028705,-0.6342245759550225
feat_gbm,1.0,43,437,-1.0280610058295652,-1.0170271575608654
feat_gbm,1.0,43,438,0.25938991793860555,1.2058566336630974
feat_gbm,1.0,43,439,0.8403240039758033,1.04159183954478
feat_gbm,1.0,43,440,-0.8207728327294156,-0.383754051292973
feat_gbm,1.0,43,441,1.2490382384944512,0.9717849563735496
feat_gbm,1.0,43,442,0.6482534898032802,0.915394257773604
feat_gbm,1.0,43,443,-0.06774328589469827,0.17619398118278368
feat_gbm,1.0,43,444,-2.8830154379640827,-2.3026142847949007
feat_gbm,1.0,43,445,-0.16847579329771423,-2.156995715227189
feat_gbm,1.0,43,446,-1.8833261328208741,-1.9647154613855007
feat_gbm,1.0,43,447,-1.4745920572473845,-1.2167428909736953
feat_gbm,1.0,43,448,-0.267177126460089,0.371748058948411
feat_gbm,1.0,43,449,-2.6672907655610443,-3.354914600670279
feat_gbm,1.0,43,450,-1.1884708092194962,-2.0984010901330774
feat_gbm,1.0,43,451,-1.0095538675919464,-1.8411195968283314
feat_gbm,1.0,43,452,-0.3649983202433555,-0.2866386615093297
feat_gbm,1.0,43,453,-2.2346382103185065,-2.1769502099219324
feat_gbm,1.0,43,454,0.03310837494376169,0.851829112076475
feat_gbm,1.0,43,455,0.4616603954699219,-0.5174982843777256
feat_gbm,1.0,43,456,-2.648522275741484,-3.7883351795095335
feat_gbm,1.0,43,457,-2.9838938076906882,-1.3225504843777425
feat_gbm,1.0,43,458,-0.4791899966061455,-0.6304710111145473
feat_gbm,1.0,43,459,-2.328423352434652,-2.867776928577639
feat_gbm,1.0,43,460,-0.11762090231015083,-0.20106453453544149
feat_gbm,1.0,43,461,0.5438996194448366,0.565413433251147
feat_gbm,1.0,43,462,-0.01750678398177242,0.6531860801292728
feat_gbm,1.0,43,463,-3.034959100290309,-3.295531334571209
feat_gbm,1.0,43,464,-0.962257934267107,-1.118951529136503
feat_gbm,1.0,43,465,0.14315767836741233,0.08535922256033004
feat_gbm,1.0,43,466,-0.4120951156729546,0.2656879386171551
feat_gbm,1.0,43,467,-1.1645461710909795,-1.0764680911985907
feat_gbm,1.0,43,468,1.7719493833166315,2.2503813782282114
feat_gbm,1.0,43,469,-0.22158853421607633,-0.029700274932011248
feat_gbm,1.0,43,470,-2.8195910203681036,-2.1918010579584375
feat_gbm,1.0,43,471,0.41720199592289725,-0.12537364897776127
feat_gbm,1.0,43,472,-1.1515891713641784,-1.3714574409892777
feat_gbm,1.0,43,473,-0.866555511585745,-1.0216450817816245
feat_gbm,1.0,43,474,-0.8179285840374512,-0.8313233833759152
feat_gbm,1.0,43,475,-2.4554557970236504,-3.25243582884057
feat_gbm,1.0,43,476,0.378518414708303,0.8737365575305754
feat_gbm,1.0,43,477,-2.335923187696485,-1.8373017486027088
feat_gbm,1.0,43,478,-1.9381237061447567,-1.909749317133085
feat_gbm,1.0,43,479,0.17217154798290019,0.418341725137149
feat_gbm,1.0,43,480,-2.9913741917424743,-2.8689304810445995
feat_gbm,1.0,43,481,-3.2028240359102935,-3.9192950012633494
feat_gbm,1.0,43,482,0.3542048175555958,0.8191907452202399
feat_gbm,1.0,43,483,-2.5964303932497335,-2.7371748494528005
feat_gbm,1.0,43,484,0.08432295990677893,0.043868991079412875
feat_gbm,1.0,43,485,-2.520170206983075,-3.9571024828402512
feat_gbm,1.0,43,486,-2.036072587054022,-0.8286091055291892
feat_gbm,1.0,43,487,1.2716969763597534,1.1086460137612473
feat_gbm,1.0,43,488,-0.7806411742211155,-1.0899995989348372
feat_gbm,1.0,43,489,-2.1332905485745868,-2.9260181182274523
feat_gbm,1.0,43,490,-0.021596563119632445,0.01778898425240747
feat_gbm,1.0,43,491,0.04280480886564728,-0.388546054063584
feat_gbm,1.0,43,492,-1.39171596574518,-0.8483910406321095
feat_gbm,1.0,43,493,-2.426522625115213,-2.4855190663855797
feat_gbm,1.0,43,494,-0.30214870045622744,-0.6027729178489412
feat_gbm,1.0,43,495,-3.3969882104084372,-1.5285925057254015
feat_gbm,1.0,43,496,0.3949067463618625,1.0092174422839322
feat_gbm,1.0,43,497,-2.48513136447958,-2.421052301727873
feat_gbm,1.0,43,498,-3.1359539638777525,-3.2283141264699093
feat_gbm,1.0,43,499,-3.388855621207723,-4.907212199848568
feat_gbm,1.0,44,0,-0.5954667666167468,0.03894909458183669
feat_gbm,1.0,44,1,-1.922447839413478,-2.5052564746229193
feat_gbm,1.0,44,2,0.19906273748130635,0.6287827851917782
feat_gbm,1.0,44,3,-3.2596138446482184,-3.3447289283878643
feat_gbm,1.0,44,4,1.1941705418756734,0.9694015026406426
feat_gbm,1.0,44,5,-1.7439780391215112,-2.4693709778233526
feat_gbm,1.0,44,6,0.3097961026156043,-0.2819211013310965
feat_gbm,1.0,44,7,0.6136115083871301,0.5289578846490461
feat_gbm,1.0,44,8,0.47797890431059487,0.032863622186365654
feat_gbm,1.0,44,9,0.6496343162942446,0.9352707853930591
feat_gbm,1.0,44,10,-1.7883737031699238,-1.5987558134683666
feat_gbm,1.0,44,11,-2.76331411560582,-3.2678706438993954
feat_gbm,1.0,44,12,-2.8961373211024655,-2.445380546146449
feat_gbm,1.0,44,13,-0.418151417082366,-0.4471217519653716
feat_gbm,1.0,44,14,-1.997050709170927,-1.8343062920535937
feat_gbm,1.0,44,15,-1.8781415353089592,-2.278287047942225
feat_gbm,1.0,44,16,-1.3751825163056282,-1.113015507562239
feat_gbm,1.0,44,17,-1.5805287381460411,-1.149386040828735
feat_gbm,1.0,44,18,-1.3468405051069747,-0.4541092694382234
feat_gbm,1.0,44,19,-2.653629456184831,-2.8798658660471284
feat_gbm,1.0,44,20,-3.134619423786429,-3.281006200299989
feat_gbm,1.0,44,21,-1.5764864220854848,-0.7889402030111288
feat_gbm,1.0,44,22,-0.39858354133074997,-0.48114593055133975
feat_gbm,1.0,44,23,-3.40649931893358,-2.8038114998165153
feat_gbm,1.0,44,24,-3.4067534053658597,-2.6726430450531393
feat_gbm,1.0,44,25,-3.3474129861447914,-3.141178249464176
feat_gbm,1.0,44,26,-3.0873639116361336,-3.8612362310489847
feat_gbm,1.0,44,27,-2.980020136802175,-3.085821277369337
feat_gbm,1.0,44,28,-2.9598170275873565,-2.1153791712035637
feat_gbm,1.0,44,29,-0.8973540798989399,-0.5854112868629942
feat_gbm,1.0,44,30,0.025155305400394193,0.13849791927417068
feat_gbm,1.0,44,31,-2.730271219473395,-2.779654184179668
feat_gbm,1.0,44,32,1.221891132459282,0.9166392391011026
feat_gbm,1.0,44,33,-2.538338667165188,-2.134444297962007
feat_gbm,1.0,44,34,0.7226896576571247,1.1224191581864646
feat_gbm,1.0,44,35,-3.4149488495957807,-2.7514680837461087
feat_gbm,1.0,44,36,0.5409257237747653,0.7493710802437775
feat_gbm,1.0,44,37,-1.7752951153272554,-2.157600461660938
feat_gbm,1.0,44,38,-1.1433595988050074,-1.7436371170468024
feat_gbm,1.0,44,39,0.5928848340226399,0.632388610685479
feat_gbm,1.0,44,40,-2.3357337824997266,-1.5024753827969588
feat_gbm,1.0,44,41,-2.629826161128405,-2.936018587066778
feat_gbm,1.0,44,42,-0.6051820609390216,-0.06406961406287034
feat_gbm,1.0,44,43,-0.526247485970309,-0.43711075337934485
feat_gbm,1.0,44,44,0.850012239460192,0.521724778538647
feat_gbm,1.0,44,45,0.511811200163869,-0.02881562555915001
feat_gbm,1.0,44,46,-2.4196630256641014,-2.6856700943784895
feat_gbm,1.0,44,47,-3.0220218419817244,-3.3419513202228783
feat_gbm,1.0,44,48,-0.2556207334409499,-0.35240032436669677
feat_gbm,1.0,44,49,-3.561613615831709,-4.466027560457086
feat_gbm,1.0,44,50,-1.206955141149141,-1.2227887404747313
feat_gbm,1.0,44,51,-3.5541611493504934,-4.168130875201601
feat_gbm,1.0,44,52,-1.3895484310058146,-2.1825653069440887
feat_gbm,1.0,44,53,-3.0109842487624565,-2.816977102698189
feat_gbm,1.0,44,54,-0.3026321703874488,-0.9520374156321785
feat_gbm,1.0,44,55,0.6123369405808419,0.800460094219776
feat_gbm,1.0,44,56,0.23398423316221842,0.2782562560211116
feat_gbm,1.0,44,57,-0.15443351541883288,-0.7855200046266205
feat_gbm,1.0,44,58,-3.252658452117015,-2.837973637743256
feat_gbm,1.0,44,59,-0.1598386208118562,0.3653424354755994
feat_gbm,1.0,44,60,-2.0002023601571746,-3.145987746693799
feat_gbm,1.0,44,61,-2.6782634540959123,-2.1381844357326614
feat_gbm,1.0,44,62,0.07838470318535683,0.3908315550690521
feat_gbm,1.0,44,63,-3.125186066128589,-3.259739876316779
feat_gbm,1.0,44,64,-2.502138520856613,-3.799325775609258
feat_gbm,1.0,44,65,0.7230313233219406,0.2842997557356093
feat_gbm,1.0,44,66,0.42767642367051434,0.9099380077885143
feat_gbm,1.0,44,67,0.13234909513773027,0.5741223235018287
feat_gbm,1.0,44,68,1.1304908204372859,1.3807263582335993
feat_gbm,1.0,44,69,0.02834661106446714,2.7357387204405055
feat_gbm,1.0,44,70,-0.027325600860163505,-0.3782017485149665
feat_gbm,1.0,44,71,-0.9369282376566306,-0.6946521973220513
feat_gbm,1.0,44,72,-3.2604973575000096,-3.510295151868067
feat_gbm,1.0,44,73,-0.48705542054576845,-0.3643686170400702
feat_gbm,1.0,44,74,1.2514339844327065,1.1835884152793859
feat_gbm,1.0,44,75,-0.08131645267221468,-0.38644824542838596
feat_gbm,1.0,44,76,0.5355271016081032,0.7005004452467647
feat_gbm,1.0,44,77,0.31861995007479327,0.3770911051312199
feat_gbm,1.0,44,78,-0.2293761000900478,-0.5374783823521183
feat_gbm,1.0,44,79,-2.55667536192445,-3.2499450611549854
feat_gbm,1.0,44,80,-1.8339501041139956,-1.719925172279684
feat_gbm,1.0,44,81,0.3894890706538049,1.8185710395242058
feat_gbm,1.0,44,82,-1.110595680822874,-1.0758778979961314
feat_gbm,1.0,44,83,-0.12044940026570708,-0.8033140510569362
feat_gbm,1.0,44,84,-2.0732897330870994,-2.0837035815006346
feat_gbm,1.0,44,85,-2.0377013930303045,-1.2430797823904942
feat_gbm,1.0,44,86,1.091457825435454,0.639317965424242
feat_gbm,1.0,44,87,-0.4360028347702446,-0.02321591952008587
feat_gbm,1.0,44,88,-1.8916106005698172,-3.512086916650174
feat_gbm,1.0,44,89,-1.6529359555391943,-1.684363733317816
feat_gbm,1.0,44,90,-3.1283668991872458,-3.5341996208099964
feat_gbm,1.0,44,91,0.6548618894866851,1.1574629997660548
feat_gbm,1.0,44,92,-1.1209058491240986,-0.7651863719989663
feat_gbm,1.0,44,93,-2.747151728311505,-5.7708125015304885
feat_gbm,1.0,44,94,-0.07307949786268146,0.07374698385127064
feat_gbm,1.0,44,95,-0.12890873482904697,1.201566413592891
feat_gbm,1.0,44,96,1.6025530118623534,1.2655480006709303
feat_gbm,1.0,44,97,-2.8990467391510406,-3.2217777708537843
feat_gbm,1.0,44,98,-1.232434439124214,-1.2120387208328698
feat_gbm,1.0,44,99,-0.4867102688629228,-0.04015373686183237
feat_gbm,1.0,44,100,-3.3785068411374195,-2.8384481914339785
feat_gbm,1.0,44,101,-3.1509243173291774,-3.541068619782685
feat_gbm,1.0,44,102,-3.191265742179807,-4.424727465058162
feat_gbm,1.0,44,103,-0.7416567032504238,-0.7652009130347144
feat_gbm,1.0,44,104,-0.5088550807592989,-0.406664655497914
feat_gbm,1.0,44,105,-2.5291368523161095,-2.8019031633754246
feat_gbm,1.0,44,106,-1.5470935945295932,-1.1978192780958505
feat_gbm,1.0,44,107,-1.7347123266385296,-1.2497822804421463
feat_gbm,1.0,44,108,-0.3322063391378568,-0.2003702404752673
feat_gbm,1.0,44,109,-1.3825364795090833,-0.28745536208379296
feat_gbm,1.0,44,110,0.1083193918010954,0.2838469771831524
feat_gbm,1.0,44,111,0.007799903695754384,0.6579850926301614
feat_gbm,1.0,44,112,-0.3238585616875859,-0.4279263804064609
feat_gbm,1.0,44,113,0.1940966094245083,0.527327823801956
feat_gbm,1.0,44,114,-2.7390227687292694,-3.652947895428966
feat_gbm,1.0,44,115,-0.025719807731869406,-0.04287987221360797
feat_gbm,1.0,44,116,-2.7311336184259254,-3.4409421360670214
feat_gbm,1.0,44,117,-2.946088378853074,-2.4284095097884006
feat_gbm,1.0,44,118,-1.8468995928070933,-1.419217075367618
feat_gbm,1.0,44,119,-1.3034253650267642,-1.4944271796191557
feat_gbm,1.0,44,120,-3.3918627024557844,-2.797137626437216
feat_gbm,1.0,44,121,1.0854098182112828,3.1321125804877905
feat_gbm,1.0,44,122,-1.5307295315199556,-3.164895556438051
feat_gbm,1.0,44,123,-0.15969156782104174,-0.021234684620174846
feat_gbm,1.0,44,124,-1.4862863974359917,-1.246001114532972
feat_gbm,1.0,44,125,-1.8043950332092287,-2.7130193085566443
feat_gbm,1.0,44,126,-1.2473287407966887,-2.0560780011130944
feat_gbm,1.0,44,127,-1.8107186718540516,-1.631222331554067
feat_gbm,1.0,44,128,-1.4445128485798244,-3.477307725783656
feat_gbm,1.0,44,129,0.022457200542583655,1.7007542891568868
feat_gbm,1.0,44,130,-1.592441905790397,-3.4021624962570822
feat_gbm,1.0,44,131,-3.5806889307552994,-3.701149444421242
feat_gbm,1.0,44,132,-0.4582556971811849,-0.4116741376471012
feat_gbm,1.0,44,133,-1.1305336145813154,-0.5680375850475197
feat_gbm,1.0,44,134,-2.698561138810451,-1.4788189923590598
feat_gbm,1.0,44,135,-2.7526004506616615,-2.9896549957503007
feat_gbm,1.0,44,136,0.20914572247095164,0.11194117436713467
feat_gbm,1.0,44,137,0.9007620020953993,1.7147062893715772
feat_gbm,1.0,44,138,-2.5963457902366662,-1.9709125209383296
feat_gbm,1.0,44,139,-0.20128323840021725,0.19937477723826902
feat_gbm,1.0,44,140,-2.560277073762522,-2.8223726616431475
feat_gbm,1.0,44,141,-0.2795825632109329,-0.12380828599000025
feat_gbm,1.0,44,142,-2.1981210960906803,-2.97521232911642
feat_gbm,1.0,44,143,-1.684271735888993,-1.9484557479617686
feat_gbm,1.0,44,144,0.3336187601344664,1.244093655886106
feat_gbm,1.0,44,145,-1.7473228147838542,-2.0280859266176816
feat_gbm,1.0,44,146,-2.43272830225188,-2.0754073031653366
feat_gbm,1.0,44,147,-0.08292871433124498,-0.11331641159387335
feat_gbm,1.0,44,148,-2.574698733440909,-2.620298039600635
feat_gbm,1.0,44,149,-3.2500680214497395,-3.8395532227602396
feat_gbm,1.0,44,150,-0.6213968722678898,-2.149698272240366
feat_gbm,1.0,44,151,-3.039828770976368,-3.1594376779318036
feat_gbm,1.0,44,152,-1.9719189511819935,-2.7712141114581046
feat_gbm,1.0,44,153,-1.593912218537919,-1.1483368403810985
feat_gbm,1.0,44,154,-1.6644984140441303,-1.4700676700115773
feat_gbm,1.0,44,155,0.9368942284170001,1.4088416749712322
feat_gbm,1.0,44,156,0.5313288661642126,0.7564704220494097
feat_gbm,1.0,44,157,-1.4133511242055259,-1.7148995557963913
feat_gbm,1.0,44,158,-1.5039228487730318,-2.8595355115547196
feat_gbm,1.0,44,159,-1.263845522418915,-0.9922400520728849
feat_gbm,1.0,44,160,1.8583593751472869,1.8585227307534937
feat_gbm,1.0,44,161,-2.90781666553897,-2.477654537850602
feat_gbm,1.0,44,162,-3.228514612258465,-2.993764039868935
feat_gbm,1.0,44,163,-1.0644190255696735,-1.1722671160336509
feat_gbm,1.0,44,164,-2.6591470790896303,-1.6577576086204497
feat_gbm,1.0,44,165,-2.538765790549062,-2.9770186999323642
feat_gbm,1.0,44,166,-2.869275788512386,-3.2329952824425443
feat_gbm,1.0,44,167,-0.006344985738581769,0.19550508612775644
feat_gbm,1.0,44,168,-0.9245527607365223,-1.2639642813248737
feat_gbm,1.0,44,169,1.6133805523257467,1.4224064134580066
feat_gbm,1.0,44,170,-1.981606404547091,-1.5303724784706008
feat_gbm,1.0,44,171,0.29399279261069966,0.6086346650572224
feat_gbm,1.0,44,172,-0.20455540082647247,-0.052232489626048526
feat_gbm,1.0,44,173,-0.9429600108366059,-0.19074605880313256
feat_gbm,1.0,44,174,-2.2566687276325728,-2.7678232596734214
feat_gbm,1.0,44,175,-1.9670338699843908,-1.6557092188829319
feat_gbm,1.0,44,176,0.3755282123744327,0.12081831439914445
feat_gbm,1.0,44,177,0.009688976587202785,3.7031714993021168
feat_gbm,1.0,44,178,0.1922434124440502,-0.17761292562564054
feat_gbm,1.0,44,179,0.21103328136938163,0.2295122735959306
feat_gbm,1.0,44,180,-1.2534947839606567,-1.6401012725318311
feat_gbm,1.0,44,181,-2.802642428076659,-3.399461101549646
feat_gbm,1.0,44,182,0.39062017759978646,0.5421608664871393
feat_gbm,1.0,44,183,-3.0635791962508576,-3.7858185839721776
feat_gbm,1.0,44,184,0.2421191520635151,0.4440956773301304
feat_gbm,1.0,44,185,-0.12417063068058111,0.5450962365111649
feat_gbm,1.0,44,186,-2.7571050000892425,-3.094441269353033
feat_gbm,1.0,44,187,0.7649382938685512,1.436275522654785
feat_gbm,1.0,44,188,-0.04926941269022356,-0.003208414280501246
feat_gbm,1.0,44,189,-2.360169072845823,-2.0766448721687736
feat_gbm,1.0,44,190,-3.308443965052147,-2.887011097372245
feat_gbm,1.0,44,191,-0.02854710187369076,-0.19564387773269687
feat_gbm,1.0,44,192,-1.983261785014225,-3.39219136175158
feat_gbm,1.0,44,193,-3.9080869103715488,-4.804455114758695
feat_gbm,1.0,44,194,-0.5897483706627585,-0.23230879418151415
feat_gbm,1.0,44,195,0.8519386002241442,0.7768952289284052
feat_gbm,1.0,44,196,-3.2203397152699362,-3.0758975731441707
feat_gbm,1.0,44,197,1.58759277350415,1.8852948766094535
feat_gbm,1.0,44,198,-0.02176103988960748,-0.07474663349946693
feat_gbm,1.0,44,199,1.5065682667192086,0.9295509098669842
feat_gbm,1.0,44,200,-0.02494848703392617,0.40408761039079466
feat_gbm,1.0,44,201,-1.3673827664596379,-1.0185563947000995
feat_gbm,1.0,44,202,-1.5232848158268188,-1.5812541435625456
feat_gbm,1.0,44,203,-1.9715585762405607,-2.9269603411540346
feat_gbm,1.0,44,204,-0.30900001739554694,-0.9368237022381455
feat_gbm,1.0,44,205,-0.8285692094094663,-0.771906247259438
feat_gbm,1.0,44,206,-1.8698330227393993,-1.4457766532498904
feat_gbm,1.0,44,207,-2.6535890158743753,-2.4752738768021185
feat_gbm,1.0,44,208,-3.5073042895180784,-2.8789590131308262
feat_gbm,1.0,44,209,-3.0911959126462096,-2.6986856152036793
feat_gbm,1.0,44,210,0.34784722423264947,0.05837096406180189
feat_gbm,1.0,44,211,-1.5884072794179904,-2.2327070274631113
feat_gbm,1.0,44,212,-0.10989721082127128,0.15758807445032513
feat_gbm,1.0,44,213,0.8442189455886218,0.5234750924970406
feat_gbm,1.0,44,214,0.555500562891247,0.8312555987922697
feat_gbm,1.0,44,215,-1.5984077767325537,-0.7699972654610447
feat_gbm,1.0,44,216,-2.039322912130559,-2.4368834827463726
feat_gbm,1.0,44,217,-3.51306837421721,-3.7421886443248944
feat_gbm,1.0,44,218,-2.9591319431314917,-4.3753265313120195
feat_gbm,1.0,44,219,0.7417197928489013,0.13181597567614448
feat_gbm,1.0,44,220,-2.256506729949085,-2.150299196146146
feat_gbm,1.0,44,221,0.2356355549183531,0.4316281043505307
feat_gbm,1.0,44,222,0.5207110573675567,0.20581216265343685
feat_gbm,1.0,44,223,-1.0878503631401166,-1.7226779576420432
feat_gbm,1.0,44,224,0.7366991435077042,1.0701061526100661
feat_gbm,1.0,44,225,-3.1617809683959273,-2.995983076644188
feat_gbm,1.0,44,226,-0.005219553095785071,-0.39103048890459524
feat_gbm,1.0,44,227,-2.04449190108303,-2.811377433191803
feat_gbm,1.0,44,228,-0.14525643401473812,0.1103569248772952
feat_gbm,1.0,44,229,0.4739423149269124,1.0926797996732165
feat_gbm,1.0,44,230,-2.0509611773292122,-1.1465469989616057
feat_gbm,1.0,44,231,-3.630351288992271,-3.7045714701961474
feat_gbm,1.0,44,232,-0.2712739378737834,-0.3205795311611984
feat_gbm,1.0,44,233,-0.04758012144205153,-0.7282288274356463
feat_gbm,1.0,44,234,0.24532093525158818,-0.6143938277881194
feat_gbm,1.0,44,235,-3.647801666700085,-3.717493513170671
feat_gbm,1.0,44,236,-1.4166769125269019,-1.894186438607053
feat_gbm,1.0,44,237,0.0860487653434611,0.19101892391720615
feat_gbm,1.0,44,238,-2.6247894533199405,-2.723653519266766
feat_gbm,1.0,44,239,0.6294927903408789,0.28172679866345784
feat_gbm,1.0,44,240,-0.7652083535958542,-0.570916259780521
feat_gbm,1.0,44,241,-1.4986230338480437,-3.037607674189957
feat_gbm,1.0,44,242,-3.112337847070506,-2.4824067099880884
feat_gbm,1.0,44,243,0.5330346894560255,1.793244191067856
feat_gbm,1.0,44,244,-2.7530535868271273,-2.170563194223024
feat_gbm,1.0,44,245,-3.05771176335968,-2.5580286375581696
feat_gbm,1.0,44,246,-2.594156368763866,-3.9013363177662743
feat_gbm,1.0,44,247,-0.9146211689222106,-1.2689211715035387
feat_gbm,1.0,44,248,-2.9128123755625586,-2.89795980370705
feat_gbm,1.0,44,249,-1.212818755986549,-1.149470325468549
feat_gbm,1.0,44,250,-1.8121726784883823,-2.1803876537888693
feat_gbm,1.0,44,251,-1.9814845059073072,-1.2010659028736028
feat_gbm,1.0,44,252,-2.512839692257745,-2.675840590612525
feat_gbm,1.0,44,253,-1.1738860146591883,-0.865421424414132
feat_gbm,1.0,44,254,-1.0294046543559643,-0.45089388998719687
feat_gbm,1.0,44,255,-1.6315975564481047,-1.477655138121315
feat_gbm,1.0,44,256,-2.615310799299962,-1.9234128661936198
feat_gbm,1.0,44,257,-1.9138329900636633,-0.8895479413744646
feat_gbm,1.0,44,258,-1.2538094917926093,-1.284701881398344
feat_gbm,1.0,44,259,-0.15609634717151236,0.03791276039075724
feat_gbm,1.0,44,260,-2.487418128164209,-1.213907680807544
feat_gbm,1.0,44,261,0.08775669727820548,-0.6937064881158975
feat_gbm,1.0,44,262,-1.5613432706275898,-2.500344974429108
feat_gbm,1.0,44,263,-3.2874084705196043,-3.0782877743164985
feat_gbm,1.0,44,264,-3.878583171621858,-3.2702790535172426
feat_gbm,1.0,44,265,-0.1307885263918127,-0.15746453031192983
feat_gbm,1.0,44,266,-1.857696406265592,-1.3930653126164372
feat_gbm,1.0,44,267,-3.228542542269422,-3.460520174484755
feat_gbm,1.0,44,268,-2.1109866104024966,-1.8115923421665279
feat_gbm,1.0,44,269,-0.04114767611094681,-0.04785951915829837
feat_gbm,1.0,44,270,-1.286113674937019,-1.3387838926701625
feat_gbm,1.0,44,271,0.806563094138777,0.6172482925771328
feat_gbm,1.0,44,272,-0.2033619119795207,0.10718580269537517
feat_gbm,1.0,44,273,-2.0541548819579725,-2.4250613993713395
feat_gbm,1.0,44,274,-0.3196768629264878,-0.4656136934058211
feat_gbm,1.0,44,275,-2.522837381850731,-1.7679071058666047
feat_gbm,1.0,44,276,-0.8392940128721967,-0.15192249005847586
feat_gbm,1.0,44,277,-0.2570826974698569,-0.22686658439221394
feat_gbm,1.0,44,278,-0.5054896295017668,-0.3963273628232521
feat_gbm,1.0,44,279,-1.9982186872301837,-2.1916982233579314
feat_gbm,1.0,44,280,0.6668690060298403,0.5138857123822332
feat_gbm,1.0,44,281,0.48634379223048313,0.13501120436460418
feat_gbm,1.0,44,282,0.01950172022645235,-0.35232291748203215
feat_gbm,1.0,44,283,0.2072097035822149,0.33710059568630363
feat_gbm,1.0,44,284,1.894444456439866,2.2269494594330284
feat_gbm,1.0,44,285,-1.1179596195395993,-0.8523290277873723
feat_gbm,1.0,44,286,0.07912799422186088,0.5032694866056324
feat_gbm,1.0,44,287,-2.742257581510233,-3.0734310124071125
feat_gbm,1.0,44,288,-2.7721973814636245,-3.0969464995649485
feat_gbm,1.0,44,289,0.5828317808096732,0.8088909840914691
feat_gbm,1.0,44,290,-2.0702550207316346,-1.710735902712342
feat_gbm,1.0,44,291,0.2912146339046523,-0.24588513525180683
feat_gbm,1.0,44,292,-2.9468553795317995,-2.9910915714149957
feat_gbm,1.0,44,293,-0.019073660390579922,0.24397961438558982
feat_gbm,1.0,44,294,0.7468512386363849,0.9827222917401395
feat_gbm,1.0,44,295,0.8476300994683021,1.5399914318848642
feat_gbm,1.0,44,296,-2.747776034987189,-3.028104854063688
feat_gbm,1.0,44,297,-0.6703101993575865,-1.9675880903276046
feat_gbm,1.0,44,298,0.5778873175948677,0.3882116190950413
feat_gbm,1.0,44,299,-0.8352673768401437,-0.4169590587595381
feat_gbm,1.0,44,300,-0.7841672340757755,-0.47104701624968015
feat_gbm,1.0,44,301,-0.5455333253157882,-0.5788171023402015
feat_gbm,1.0,44,302,-2.815161621369131,-3.325334912618423
feat_gbm,1.0,44,303,-0.042138016176577864,0.27214776974989446
feat_gbm,1.0,44,304,-0.17536034935771547,0.2838761456734127
feat_gbm,1.0,44,305,0.8123788738227481,0.98356576927226
feat_gbm,1.0,44,306,-1.8640152029613564,-2.324804251846344
feat_gbm,1.0,44,307,-0.1307666277960942,-0.30060412365222405
feat_gbm,1.0,44,308,-2.997484892613684,-3.5706943269006843
feat_gbm,1.0,44,309,0.015518992120567903,0.7657986236992217
feat_gbm,1.0,44,310,-0.33393994060312476,-0.3760212383278314
feat_gbm,1.0,44,311,0.7813848341445964,0.903367601886353
feat_gbm,1.0,44,312,0.46075106170352664,0.2834145554969618
feat_gbm,1.0,44,313,0.08883297880137536,-0.8750381269167363
feat_gbm,1.0,44,314,-0.9415349960875293,-0.8911054934067958
feat_gbm,1.0,44,315,0.048454160169166656,0.2699623908229132
feat_gbm,1.0,44,316,-3.4304807276848353,-4.034449774534175
feat_gbm,1.0,44,317,0.4303710487184869,0.7302045063515665
feat_gbm,1.0,44,318,-3.062592091428496,-2.5264159394565007
feat_gbm,1.0,44,319,-3.389452444027198,-3.1280680478747835
feat_gbm,1.0,44,320,-0.05142221566053275,-0.623194388118803
feat_gbm,1.0,44,321,-3.371163960277435,-4.172922463867305
feat_gbm,1.0,44,322,1.1899585216758142,1.0714029341973417
feat_gbm,1.0,44,323,-2.7857752898055295,-2.5538050374755565
feat_gbm,1.0,44,324,-1.7163389614018352,-1.5310020975326282
feat_gbm,1.0,44,325,-0.3611044141413049,-0.735749980772127
feat_gbm,1.0,44,326,-0.4930646325957715,-0.5010306012352705
feat_gbm,1.0,44,327,-4.026134350646024,-4.393123087746285
feat_gbm,1.0,44,328,-0.25952743955437074,0.6439364857563509
feat_gbm,1.0,44,329,-2.6895999697688366,-2.60760252445046
feat_gbm,1.0,44,330,0.5755742295907716,0.46983427811083467
feat_gbm,1.0,44,331,-1.8338266333516617,-1.149354435920189
feat_gbm,1.0,44,332,-1.9935137213831187,-1.0961264399974935
feat_gbm,1.0,44,333,0.7792893903595146,1.4253561556633074
feat_gbm,1.0,44,334,0.8332643986476556,1.0406546288822482
feat_gbm,1.0,44,335,0.06373692255713558,-0.1286217558512718
feat_gbm,1.0,44,336,-1.7063041891568567,-1.7275974260064488
feat_gbm,1.0,44,337,-3.6497077627485095,-4.535227665039715
feat_gbm,1.0,44,338,0.04392799014842712,-1.078833843619319
feat_gbm,1.0,44,339,-3.175975208884879,-2.035297396751524
feat_gbm,1.0,44,340,0.5266391379947217,0.4788286932125707
feat_gbm,1.0,44,341,-1.5713580803969343,-0.4595082096564039
feat_gbm,1.0,44,342,-3.038386764302564,-3.653430804591794
feat_gbm,1.0,44,343,0.27498549283490425,0.2834522663037432
feat_gbm,1.0,44,344,-0.08632213586131424,-0.15984972455285287
feat_gbm,1.0,44,345,-2.2699095898224906,-3.8822970119574354
feat_gbm,1.0,44,346,-2.7248435748066338,-2.5801989990218064
feat_gbm,1.0,44,347,-3.155605402814804,-3.2622630695286134
feat_gbm,1.0,44,348,-0.5569934108906901,-0.4894561152880944
feat_gbm,1.0,44,349,-1.9791728128128583,-3.0223552414624764
feat_gbm,1.0,44,350,0.5149950055790135,0.4215072765335228
feat_gbm,1.0,44,351,-1.8656712579540462,-1.8152752103400673
feat_gbm,1.0,44,352,0.6297548008281251,1.102263670511441
feat_gbm,1.0,44,353,0.8753585150772352,1.4454852001466738
feat_gbm,1.0,44,354,-3.0184081312797026,-3.6770060333191017
feat_gbm,1.0,44,355,-3.6075515558506925,-5.078652858832153
feat_gbm,1.0,44,356,0.3444798266194614,0.7815322159665122
feat_gbm,1.0,44,357,0.17848829618534168,0.6775133790495483
feat_gbm,1.0,44,358,-3.00579912064252,-3.5163570325540956
feat_gbm,1.0,44,359,-1.4467775184583258,-4.157760523739404
feat_gbm,1.0,44,360,-0.8585041354897373,-0.18386357284099003
feat_gbm,1.0,44,361,-3.405472328526256,-4.477383009144865
feat_gbm,1.0,44,362,-0.18340302281408538,0.2909126951240761
feat_gbm,1.0,44,363,-3.3897859336485743,-3.5121531596302606
feat_gbm,1.0,44,364,0.1113737850602545,-0.0019354464452207268
feat_gbm,1.0,44,365,-3.149108384203276,-3.264666087597375
feat_gbm,1.0,44,366,-2.685188193232032,-1.4961090632143375
feat_gbm,1.0,44,367,-0.027540181953956133,-0.10305907560987346
feat_gbm,1.0,44,368,0.031630867928784646,0.24601275195113992
feat_gbm,1.0,44,369,-1.2048569522598505,-1.6400355118163064
feat_gbm,1.0,44,370,-2.8740015306875435,-1.5399226532969161
feat_gbm,1.0,44,371,-1.1009263844458945,-0.3336387161155974
feat_gbm,1.0,44,372,0.2305671009923572,0.3185760540422761
feat_gbm,1.0,44,373,-0.33108048005943164,-0.30756424411789
feat_gbm,1.0,44,374,-3.504187111833537,-3.551435429619069
feat_gbm,1.0,44,375,0.24683277527964015,-0.12846918127015178
feat_gbm,1.0,44,376,0.3126794140508463,0.43413099611324796
feat_gbm,1.0,44,377,0.5875468172237575,0.8095384731463161
feat_gbm,1.0,44,378,0.23256378692285237,0.20303525329731625
feat_gbm,1.0,44,379,0.18556762924863054,0.524784145223057
feat_gbm,1.0,44,380,0.002282587246823745,0.8722609808312535
feat_gbm,1.0,44,381,-0.5679598451604979,1.0190202163897197
feat_gbm,1.0,44,382,0.4949191883693685,1.2715191268303472
feat_gbm,1.0,44,383,-0.30293718011348636,-0.13923746667536385
feat_gbm,1.0,44,384,-0.619285168420795,-1.7983983483294153
feat_gbm,1.0,44,385,0.12391307034677138,0.5606037150840157
feat_gbm,1.0,44,386,0.3000519527934166,0.6003456151224621
feat_gbm,1.0,44,387,0.9095249838703277,1.3071718981356573
feat_gbm,1.0,44,388,0.1843343751803886,-0.19457283568776126
feat_gbm,1.0,44,389,-1.564537471445759,-0.981880356960367
feat_gbm,1.0,44,390,-2.1639741688527643,-2.628024059072158
feat_gbm,1.0,44,391,-2.2091119649984794,-2.479262758098376
feat_gbm,1.0,44,392,-2.1409257792365244,-2.207941629114672
feat_gbm,1.0,44,393,-2.0759816467999075,-2.806586620215901
feat_gbm,1.0,44,394,-0.8030364694854858,-0.16842623590390868
feat_gbm,1.0,44,395,0.3977627456265165,0.3596423409999632
feat_gbm,1.0,44,396,-2.6859303420164875,-3.117667066362407
feat_gbm,1.0,44,397,0.8147051164047497,0.6134086288650079
feat_gbm,1.0,44,398,0.5063590227149085,0.5049020087080688
feat_gbm,1.0,44,399,-1.2112166468554773,-1.0548605918119196
feat_gbm,1.0,44,400,-3.365322336457084,-2.877676775828332
feat_gbm,1.0,44,401,-0.03969990416056831,0.015654415635624343
feat_gbm,1.0,44,402,-0.489334821892247,-0.7027824676465185
feat_gbm,1.0,44,403,0.33708112967734405,0.6733427913489138
feat_gbm,1.0,44,404,-0.06231033821089706,0.03259550049258387
feat_gbm,1.0,44,405,-2.886503646807357,-3.4179416205706223
feat_gbm,1.0,44,406,-2.1741960715800093,-1.6563158072976616
feat_gbm,1.0,44,407,0.022974828248912737,0.3281041495218151
feat_gbm,1.0,44,408,-0.726709225082916,-1.498502430121411
feat_gbm,1.0,44,409,-1.0863882593411278,-1.5390850133499359
feat_gbm,1.0,44,410,-1.6169562417836256,-3.8769914364338094
feat_gbm,1.0,44,411,-0.9149337518730516,-1.1093409530974205
feat_gbm,1.0,44,412,-2.612844404986812,-2.1356441225652167
feat_gbm,1.0,44,413,0.6300868475579673,0.5613925387002681
feat_gbm,1.0,44,414,-2.5508641522914703,-2.672303525149137
feat_gbm,1.0,44,415,0.8255415326181244,0.9887747910888531
feat_gbm,1.0,44,416,-2.7891439542838747,-2.064740642123073
feat_gbm,1.0,44,417,-0.5390821602072898,-0.13534283366780814
feat_gbm,1.0,44,418,-0.042665853896497075,0.5266566940316069
feat_gbm,1.0,44,419,-0.5736063445603868,-0.7929716308762645
feat_gbm,1.0,44,420,-0.4066886180799417,0.22081989653443584
feat_gbm,1.0,44,421,-3.7822852815732517,-3.4911396429773087
feat_gbm,1.0,44,422,-0.4996312097917083,0.4691563032653497
feat_gbm,1.0,44,423,0.10910492240584367,-0.21242164749251408
feat_gbm,1.0,44,424,-2.2576979257674172,-2.0235730224261497
feat_gbm,1.0,44,425,-0.13057917405629518,0.1881042769243711
feat_gbm,1.0,44,426,-1.0567460937769158,-0.7546830882020855
feat_gbm,1.0,44,427,-1.461954352744024,-2.004418163271322
feat_gbm,1.0,44,428,-0.10961437327854584,0.08108350485015015
feat_gbm,1.0,44,429,-1.3768749506034172,-0.8958783842144782
feat_gbm,1.0,44,430,-0.9987545522387451,-0.700178367515834
feat_gbm,1.0,44,431,-2.0480143646411797,-2.026447754843476
feat_gbm,1.0,44,432,-3.1504085070609844,-3.3644112924118934
feat_gbm,1.0,44,433,-2.7979501923113084,-2.4777804975332844
feat_gbm,1.0,44,434,-3.3220722582328848,-3.6407879329147783
feat_gbm,1.0,44,435,0.1598216357608551,0.8140524350977956
feat_gbm,1.0,44,436,-0.460145504208871,-0.6342245759550225
feat_gbm,1.0,44,437,-0.9770671610602665,-1.0170271575608654
feat_gbm,1.0,44,438,0.2223690776789672,1.2058566336630974
feat_gbm,1.0,44,439,0.8707092927843355,1.04159183954478
feat_gbm,1.0,44,440,-0.6689660463465487,-0.383754051292973
feat_gbm,1.0,44,441,1.0373123556618635,0.9717849563735496
feat_gbm,1.0,44,442,0.7831627026685218,0.915394257773604
feat_gbm,1.0,44,443,-0.038108653722445346,0.17619398118278368
feat_gbm,1.0,44,444,-2.8340051835808144,-2.3026142847949007
feat_gbm,1.0,44,445,0.0839801954866896,-2.156995715227189
feat_gbm,1.0,44,446,-1.9642828016114213,-1.9647154613855007
feat_gbm,1.0,44,447,-1.4019618077828948,-1.2167428909736953
feat_gbm,1.0,44,448,-0.06926309122081387,0.371748058948411
feat_gbm,1.0,44,449,-2.663993865774176,-3.354914600670279
feat_gbm,1.0,44,450,-1.2573736848645758,-2.0984010901330774
feat_gbm,1.0,44,451,-1.0848957141159374,-1.8411195968283314
feat_gbm,1.0,44,452,-0.15676651588664423,-0.2866386615093297
feat_gbm,1.0,44,453,-2.467859757847195,-2.1769502099219324
feat_gbm,1.0,44,454,-0.053858249113852896,0.851829112076475
feat_gbm,1.0,44,455,0.5371059482876793,-0.5174982843777256
feat_gbm,1.0,44,456,-2.668806328955937,-3.7883351795095335
feat_gbm,1.0,44,457,-2.653372902875329,-1.3225504843777425
feat_gbm,1.0,44,458,-0.3341991939358179,-0.6304710111145473
feat_gbm,1.0,44,459,-2.0877506516775854,-2.867776928577639
feat_gbm,1.0,44,460,-0.040021719585313247,-0.20106453453544149
feat_gbm,1.0,44,461,0.6516177682072843,0.565413433251147
feat_gbm,1.0,44,462,-0.06172730934911361,0.6531860801292728
feat_gbm,1.0,44,463,-2.886829473094096,-3.295531334571209
feat_gbm,1.0,44,464,-0.8107851741008134,-1.118951529136503
feat_gbm,1.0,44,465,-0.03577471279183157,0.08535922256033004
feat_gbm,1.0,44,466,-0.4068787249094374,0.2656879386171551
feat_gbm,1.0,44,467,-1.3338150491546124,-1.0764680911985907
feat_gbm,1.0,44,468,1.958362570759584,2.2503813782282114
feat_gbm,1.0,44,469,-0.04920766128063858,-0.029700274932011248
feat_gbm,1.0,44,470,-2.7814833185795007,-2.1918010579584375
feat_gbm,1.0,44,471,0.6609742906363346,-0.12537364897776127
feat_gbm,1.0,44,472,-1.287958471681524,-1.3714574409892777
feat_gbm,1.0,44,473,-1.0586538655788302,-1.0216450817816245
feat_gbm,1.0,44,474,-0.8911526310196943,-0.8313233833759152
feat_gbm,1.0,44,475,-2.336392333000151,-3.25243582884057
feat_gbm,1.0,44,476,0.5839951287185083,0.8737365575305754
feat_gbm,1.0,44,477,-2.416422547819507,-1.8373017486027088
feat_gbm,1.0,44,478,-1.793307960465164,-1.909749317133085
feat_gbm,1.0,44,479,0.14682338392828878,0.418341725137149
feat_gbm,1.0,44,480,-2.8648229577544546,-2.8689304810445995
feat_gbm,1.0,44,481,-3.191472347969912,-3.9192950012633494
feat_gbm,1.0,44,482,0.40558368756008706,0.8191907452202399
feat_gbm,1.0,44,483,-2.443391682673514,-2.7371748494528005
feat_gbm,1.0,44,484,-0.1705967575344658,0.043868991079412875
feat_gbm,1.0,44,485,-2.074889791103945,-3.9571024828402512
feat_gbm,1.0,44,486,-2.006513439049657,-0.8286091055291892
feat_gbm,1.0,44,487,1.3293340581203852,1.1086460137612473
feat_gbm,1.0,44,488,-0.7447760010047866,-1.0899995989348372
feat_gbm,1.0,44,489,-2.0007485011565027,-2.9260181182274523
feat_gbm,1.0,44,490,0.15688265829182754,0.01778898425240747
feat_gbm,1.0,44,491,-0.09267922146485924,-0.388546054063584
feat_gbm,1.0,44,492,-1.4169345838358978,-0.8483910406321095
feat_gbm,1.0,44,493,-2.2855805981089485,-2.4855190663855797
feat_gbm,1.0,44,494,-0.14529694191093093,-0.6027729178489412
feat_gbm,1.0,44,495,-3.140841790053347,-1.5285925057254015
feat_gbm,1.0,44,496,0.4436592690814521,1.0092174422839322
feat_gbm,1.0,44,497,-2.666165813945484,-2.421052301727873
feat_gbm,1.0,44,498,-3.222099844298546,-3.2283141264699093
feat_gbm,1.0,44,499,-3.566432798624407,-4.907212199848568
feat_gbm,1.0,45,0,-0.42204688006997937,0.03894909458183669
feat_gbm,1.0,45,1,-2.1857319556441266,-2.5052564746229193
feat_gbm,1.0,45,2,0.30432738530267434,0.6287827851917782
feat_gbm,1.0,45,3,-3.5014815420302834,-3.3447289283878643
feat_gbm,1.0,45,4,1.049933945175687,0.9694015026406426
feat_gbm,1.0,45,5,-1.9297771590183839,-2.4693709778233526
feat_gbm,1.0,45,6,0.06985879205852602,-0.2819211013310965
feat_gbm,1.0,45,7,0.42773143338617003,0.5289578846490461
feat_gbm,1.0,45,8,0.3876184105183463,0.032863622186365654
feat_gbm,1.0,45,9,0.7533228913205302,0.9352707853930591
feat_gbm,1.0,45,10,-1.8359712468498577,-1.5987558134683666
feat_gbm,1.0,45,11,-3.100833014448815,-3.2678706438993954
feat_gbm,1.0,45,12,-2.6176755029448255,-2.445380546146449
feat_gbm,1.0,45,13,-0.3609117489647322,-0.4471217519653716
feat_gbm,1.0,45,14,-1.8692042519570253,-1.8343062920535937
feat_gbm,1.0,45,15,-1.9204895738489929,-2.278287047942225
feat_gbm,1.0,45,16,-1.0463027292159957,-1.113015507562239
feat_gbm,1.0,45,17,-1.4221987823886344,-1.149386040828735
feat_gbm,1.0,45,18,-1.0792265608888658,-0.4541092694382234
feat_gbm,1.0,45,19,-2.566187921278569,-2.8798658660471284
feat_gbm,1.0,45,20,-3.11485008050343,-3.281006200299989
feat_gbm,1.0,45,21,-1.474702501764724,-0.7889402030111288
feat_gbm,1.0,45,22,-0.4959095148135473,-0.48114593055133975
feat_gbm,1.0,45,23,-3.4454636722229894,-2.8038114998165153
feat_gbm,1.0,45,24,-3.5532541378179703,-2.6726430450531393
feat_gbm,1.0,45,25,-3.025074202609519,-3.141178249464176
feat_gbm,1.0,45,26,-3.2327734085787934,-3.8612362310489847
feat_gbm,1.0,45,27,-2.9882197614311012,-3.085821277369337
feat_gbm,1.0,45,28,-3.0362030569944918,-2.1153791712035637
feat_gbm,1.0,45,29,-1.1102035493900932,-0.5854112868629942
feat_gbm,1.0,45,30,-0.13454770454144044,0.13849791927417068
feat_gbm,1.0,45,31,-2.6444730031854338,-2.779654184179668
feat_gbm,1.0,45,32,1.1951240482108614,0.9166392391011026
feat_gbm,1.0,45,33,-2.621392181249196,-2.134444297962007
feat_gbm,1.0,45,34,0.6672692203918688,1.1224191581864646
feat_gbm,1.0,45,35,-3.526889969239111,-2.7514680837461087
feat_gbm,1.0,45,36,0.2518078399122235,0.7493710802437775
feat_gbm,1.0,45,37,-1.8860094965452074,-2.157600461660938
feat_gbm,1.0,45,38,-1.0981344831420068,-1.7436371170468024
feat_gbm,1.0,45,39,0.48033043018782884,0.632388610685479
feat_gbm,1.0,45,40,-2.425828530784844,-1.5024753827969588
feat_gbm,1.0,45,41,-2.5902547095925135,-2.936018587066778
feat_gbm,1.0,45,42,-0.818438332257241,-0.06406961406287034
feat_gbm,1.0,45,43,-0.616834368228163,-0.43711075337934485
feat_gbm,1.0,45,44,0.6117254573567676,0.521724778538647
feat_gbm,1.0,45,45,0.5830980687489106,-0.02881562555915001
feat_gbm,1.0,45,46,-2.479574266612179,-2.6856700943784895
feat_gbm,1.0,45,47,-2.960319179348656,-3.3419513202228783
feat_gbm,1.0,45,48,-0.29903378395212216,-0.35240032436669677
feat_gbm,1.0,45,49,-3.509406801214748,-4.466027560457086
feat_gbm,1.0,45,50,-1.1861872172820436,-1.2227887404747313
feat_gbm,1.0,45,51,-3.6785001674695703,-4.168130875201601
feat_gbm,1.0,45,52,-1.422866957873344,-2.1825653069440887
feat_gbm,1.0,45,53,-3.110527781787873,-2.816977102698189
feat_gbm,1.0,45,54,-0.2315883774745678,-0.9520374156321785
feat_gbm,1.0,45,55,0.5369862378745545,0.800460094219776
feat_gbm,1.0,45,56,0.34815919768119846,0.2782562560211116
feat_gbm,1.0,45,57,-0.15469501888060083,-0.7855200046266205
feat_gbm,1.0,45,58,-3.1613981735308863,-2.837973637743256
feat_gbm,1.0,45,59,-0.15565019464709062,0.3653424354755994
feat_gbm,1.0,45,60,-2.198923140653205,-3.145987746693799
feat_gbm,1.0,45,61,-2.727316232197822,-2.1381844357326614
feat_gbm,1.0,45,62,0.44976389676451844,0.3908315550690521
feat_gbm,1.0,45,63,-2.9816094904901016,-3.259739876316779
feat_gbm,1.0,45,64,-2.556502138031905,-3.799325775609258
feat_gbm,1.0,45,65,0.4078763758644189,0.2842997557356093
feat_gbm,1.0,45,66,0.5510311691087355,0.9099380077885143
feat_gbm,1.0,45,67,0.32046565452430065,0.5741223235018287
feat_gbm,1.0,45,68,1.0216101268659772,1.3807263582335993
feat_gbm,1.0,45,69,-0.101715297601008,2.7357387204405055
feat_gbm,1.0,45,70,0.13143354102254842,-0.3782017485149665
feat_gbm,1.0,45,71,-0.9429372455536039,-0.6946521973220513
feat_gbm,1.0,45,72,-3.5037138904161433,-3.510295151868067
feat_gbm,1.0,45,73,-0.41617239144850765,-0.3643686170400702
feat_gbm,1.0,45,74,1.3158969163360021,1.1835884152793859
feat_gbm,1.0,45,75,0.14875884887010285,-0.38644824542838596
feat_gbm,1.0,45,76,0.5239924870699942,0.7005004452467647
feat_gbm,1.0,45,77,0.5282418812048422,0.3770911051312199
feat_gbm,1.0,45,78,-0.24603988154334872,-0.5374783823521183
feat_gbm,1.0,45,79,-2.588859737076128,-3.2499450611549854
feat_gbm,1.0,45,80,-1.8363814118375787,-1.719925172279684
feat_gbm,1.0,45,81,0.2704684633135618,1.8185710395242058
feat_gbm,1.0,45,82,-1.2340511939903756,-1.0758778979961314
feat_gbm,1.0,45,83,-0.3014269800497717,-0.8033140510569362
feat_gbm,1.0,45,84,-2.109313341897456,-2.0837035815006346
feat_gbm,1.0,45,85,-1.655329209022834,-1.2430797823904942
feat_gbm,1.0,45,86,0.6446594861873177,0.639317965424242
feat_gbm,1.0,45,87,-0.4077860665416765,-0.02321591952008587
feat_gbm,1.0,45,88,-2.1469153076258145,-3.512086916650174
feat_gbm,1.0,45,89,-1.5644449230720259,-1.684363733317816
feat_gbm,1.0,45,90,-3.1101812404529436,-3.5341996208099964
feat_gbm,1.0,45,91,0.658227436690049,1.1574629997660548
feat_gbm,1.0,45,92,-1.1108393332983015,-0.7651863719989663
feat_gbm,1.0,45,93,-2.4079052899719033,-5.7708125015304885
feat_gbm,1.0,45,94,0.06310870427955287,0.07374698385127064
feat_gbm,1.0,45,95,-0.145919954495578,1.201566413592891
feat_gbm,1.0,45,96,1.3015476439265214,1.2655480006709303
feat_gbm,1.0,45,97,-2.9830920589155885,-3.2217777708537843
feat_gbm,1.0,45,98,-1.2190249570381484,-1.2120387208328698
feat_gbm,1.0,45,99,-0.35234360465204156,-0.04015373686183237
feat_gbm,1.0,45,100,-3.7751121696887164,-2.8384481914339785
feat_gbm,1.0,45,101,-3.1620470534978455,-3.541068619782685
feat_gbm,1.0,45,102,-3.1260633772940927,-4.424727465058162
feat_gbm,1.0,45,103,-0.6109855501997068,-0.7652009130347144
feat_gbm,1.0,45,104,-0.4059522748856996,-0.406664655497914
feat_gbm,1.0,45,105,-2.539141742837904,-2.8019031633754246
feat_gbm,1.0,45,106,-1.4435716134348224,-1.1978192780958505
feat_gbm,1.0,45,107,-1.675641103715736,-1.2497822804421463
feat_gbm,1.0,45,108,-0.1767845349141586,-0.2003702404752673
feat_gbm,1.0,45,109,-1.4507533949790288,-0.28745536208379296
feat_gbm,1.0,45,110,0.24607683979356704,0.2838469771831524
feat_gbm,1.0,45,111,-0.08402118262247578,0.6579850926301614
feat_gbm,1.0,45,112,-0.4122773812178515,-0.4279263804064609
feat_gbm,1.0,45,113,0.2142821114352023,0.527327823801956
feat_gbm,1.0,45,114,-2.846082170146534,-3.652947895428966
feat_gbm,1.0,45,115,-0.32359376140232765,-0.04287987221360797
feat_gbm,1.0,45,116,-2.7772110020580714,-3.4409421360670214
feat_gbm,1.0,45,117,-2.8600898980510294,-2.4284095097884006
feat_gbm,1.0,45,118,-1.9412502421196232,-1.419217075367618
feat_gbm,1.0,45,119,-1.058269261724468,-1.4944271796191557
feat_gbm,1.0,45,120,-3.3888927111494227,-2.797137626437216
feat_gbm,1.0,45,121,1.2615729158804578,3.1321125804877905
feat_gbm,1.0,45,122,-1.590359348873765,-3.164895556438051
feat_gbm,1.0,45,123,-0.07811420536441704,-0.021234684620174846
feat_gbm,1.0,45,124,-1.4065664335261396,-1.246001114532972
feat_gbm,1.0,45,125,-1.825694448987015,-2.7130193085566443
feat_gbm,1.0,45,126,-1.380881303521966,-2.0560780011130944
feat_gbm,1.0,45,127,-2.121417711577794,-1.631222331554067
feat_gbm,1.0,45,128,-1.517442359769698,-3.477307725783656
feat_gbm,1.0,45,129,0.2404037185251258,1.7007542891568868
feat_gbm,1.0,45,130,-1.2717933190556143,-3.4021624962570822
feat_gbm,1.0,45,131,-3.6063786121506918,-3.701149444421242
feat_gbm,1.0,45,132,-0.5883052954117404,-0.4116741376471012
feat_gbm,1.0,45,133,-1.191164216619111,-0.5680375850475197
feat_gbm,1.0,45,134,-2.5915647006374205,-1.4788189923590598
feat_gbm,1.0,45,135,-2.61799136908889,-2.9896549957503007
feat_gbm,1.0,45,136,0.1731459820424416,0.11194117436713467
feat_gbm,1.0,45,137,0.7877654304446641,1.7147062893715772
feat_gbm,1.0,45,138,-2.8630395502009534,-1.9709125209383296
feat_gbm,1.0,45,139,-0.1261055999774897,0.19937477723826902
feat_gbm,1.0,45,140,-2.6558015311993506,-2.8223726616431475
feat_gbm,1.0,45,141,-0.41031621997872664,-0.12380828599000025
feat_gbm,1.0,45,142,-2.1214621646338436,-2.97521232911642
feat_gbm,1.0,45,143,-1.805579585669294,-1.9484557479617686
feat_gbm,1.0,45,144,0.3074110327236941,1.244093655886106
feat_gbm,1.0,45,145,-1.4953630131682507,-2.0280859266176816
feat_gbm,1.0,45,146,-2.620008930194505,-2.0754073031653366
feat_gbm,1.0,45,147,-0.27778145618920075,-0.11331641159387335
feat_gbm,1.0,45,148,-2.7141989438869016,-2.620298039600635
feat_gbm,1.0,45,149,-3.0544623318182076,-3.8395532227602396
feat_gbm,1.0,45,150,-0.5002330571321325,-2.149698272240366
feat_gbm,1.0,45,151,-3.005883589691562,-3.1594376779318036
feat_gbm,1.0,45,152,-2.2211687053315967,-2.7712141114581046
feat_gbm,1.0,45,153,-1.6068624621584686,-1.1483368403810985
feat_gbm,1.0,45,154,-1.6999304613452408,-1.4700676700115773
feat_gbm,1.0,45,155,0.8527638079854358,1.4088416749712322
feat_gbm,1.0,45,156,0.17867124508008148,0.7564704220494097
feat_gbm,1.0,45,157,-1.3727491932652873,-1.7148995557963913
feat_gbm,1.0,45,158,-1.480908130345172,-2.8595355115547196
feat_gbm,1.0,45,159,-1.1885633304963015,-0.9922400520728849
feat_gbm,1.0,45,160,1.6603793338373043,1.8585227307534937
feat_gbm,1.0,45,161,-2.831313907829654,-2.477654537850602
feat_gbm,1.0,45,162,-3.4439593730439144,-2.993764039868935
feat_gbm,1.0,45,163,-0.8515661785360867,-1.1722671160336509
feat_gbm,1.0,45,164,-2.608324728956547,-1.6577576086204497
feat_gbm,1.0,45,165,-2.554210036105637,-2.9770186999323642
feat_gbm,1.0,45,166,-3.0173755002575735,-3.2329952824425443
feat_gbm,1.0,45,167,-0.17257980337893714,0.19550508612775644
feat_gbm,1.0,45,168,-1.1435217215465256,-1.2639642813248737
feat_gbm,1.0,45,169,1.030357469080299,1.4224064134580066
feat_gbm,1.0,45,170,-2.1624139098392883,-1.5303724784706008
feat_gbm,1.0,45,171,0.27294361656441934,0.6086346650572224
feat_gbm,1.0,45,172,-0.2891514655836941,-0.052232489626048526
feat_gbm,1.0,45,173,-0.9065157765074217,-0.19074605880313256
feat_gbm,1.0,45,174,-2.160617127878388,-2.7678232596734214
feat_gbm,1.0,45,175,-2.32275263131105,-1.6557092188829319
feat_gbm,1.0,45,176,0.35403281655083885,0.12081831439914445
feat_gbm,1.0,45,177,-0.013341976562060293,3.7031714993021168
feat_gbm,1.0,45,178,-0.1971521738201545,-0.17761292562564054
feat_gbm,1.0,45,179,-0.03302328471271164,0.2295122735959306
feat_gbm,1.0,45,180,-1.2303651722577909,-1.6401012725318311
feat_gbm,1.0,45,181,-2.7190341635756283,-3.399461101549646
feat_gbm,1.0,45,182,0.32929408589939746,0.5421608664871393
feat_gbm,1.0,45,183,-3.001380771359885,-3.7858185839721776
feat_gbm,1.0,45,184,0.14973352716649674,0.4440956773301304
feat_gbm,1.0,45,185,-0.06837836249151813,0.5450962365111649
feat_gbm,1.0,45,186,-2.8027428860298187,-3.094441269353033
feat_gbm,1.0,45,187,0.5590810641688797,1.436275522654785
feat_gbm,1.0,45,188,-0.0798537975804851,-0.003208414280501246
feat_gbm,1.0,45,189,-2.302484167567232,-2.0766448721687736
feat_gbm,1.0,45,190,-3.3515032135718026,-2.887011097372245
feat_gbm,1.0,45,191,-0.39383003506699044,-0.19564387773269687
feat_gbm,1.0,45,192,-1.5461684678003929,-3.39219136175158
feat_gbm,1.0,45,193,-3.965460020626465,-4.804455114758695
feat_gbm,1.0,45,194,-0.41605713390838256,-0.23230879418151415
feat_gbm,1.0,45,195,0.968760629319266,0.7768952289284052
feat_gbm,1.0,45,196,-3.1548676253474257,-3.0758975731441707
feat_gbm,1.0,45,197,1.7503704491417884,1.8852948766094535
feat_gbm,1.0,45,198,0.12531346158818168,-0.07474663349946693
feat_gbm,1.0,45,199,1.6073681389795982,0.9295509098669842
feat_gbm,1.0,45,200,0.1298103835701279,0.40408761039079466
feat_gbm,1.0,45,201,-1.5993630964027101,-1.0185563947000995
feat_gbm,1.0,45,202,-1.7533038508536414,-1.5812541435625456
feat_gbm,1.0,45,203,-1.7024057683062708,-2.9269603411540346
feat_gbm,1.0,45,204,-0.14432260866421642,-0.9368237022381455
feat_gbm,1.0,45,205,-0.7718706291004359,-0.771906247259438
feat_gbm,1.0,45,206,-1.8706631170371892,-1.4457766532498904
feat_gbm,1.0,45,207,-2.794355720335693,-2.4752738768021185
feat_gbm,1.0,45,208,-3.5071423310043937,-2.8789590131308262
feat_gbm,1.0,45,209,-3.275170649626261,-2.6986856152036793
feat_gbm,1.0,45,210,0.23917123450737623,0.05837096406180189
feat_gbm,1.0,45,211,-1.5474102778572612,-2.2327070274631113
feat_gbm,1.0,45,212,-0.09128014019333794,0.15758807445032513
feat_gbm,1.0,45,213,0.5436025063010287,0.5234750924970406
feat_gbm,1.0,45,214,0.7431459224507547,0.8312555987922697
feat_gbm,1.0,45,215,-1.6730453905154579,-0.7699972654610447
feat_gbm,1.0,45,216,-2.222760874389944,-2.4368834827463726
feat_gbm,1.0,45,217,-3.493965169682272,-3.7421886443248944
feat_gbm,1.0,45,218,-2.9083633158578444,-4.3753265313120195
feat_gbm,1.0,45,219,0.6196642480337761,0.13181597567614448
feat_gbm,1.0,45,220,-2.2798381784692587,-2.150299196146146
feat_gbm,1.0,45,221,0.0963023465926233,0.4316281043505307
feat_gbm,1.0,45,222,0.5783908328385936,0.20581216265343685
feat_gbm,1.0,45,223,-1.1066684264285807,-1.7226779576420432
feat_gbm,1.0,45,224,0.7647324927382994,1.0701061526100661
feat_gbm,1.0,45,225,-3.122536910602228,-2.995983076644188
feat_gbm,1.0,45,226,-0.025366380069495698,-0.39103048890459524
feat_gbm,1.0,45,227,-1.830995265848021,-2.811377433191803
feat_gbm,1.0,45,228,-0.38590912074882666,0.1103569248772952
feat_gbm,1.0,45,229,0.37824263893102156,1.0926797996732165
feat_gbm,1.0,45,230,-1.9214850010059141,-1.1465469989616057
feat_gbm,1.0,45,231,-3.511791919633968,-3.7045714701961474
feat_gbm,1.0,45,232,-0.24238452919077763,-0.3205795311611984
feat_gbm,1.0,45,233,-0.1919755369631585,-0.7282288274356463
feat_gbm,1.0,45,234,0.23537923745348627,-0.6143938277881194
feat_gbm,1.0,45,235,-3.4521602499619557,-3.717493513170671
feat_gbm,1.0,45,236,-1.4393495934538032,-1.894186438607053
feat_gbm,1.0,45,237,-0.10216175704611632,0.19101892391720615
feat_gbm,1.0,45,238,-2.6144009877275254,-2.723653519266766
feat_gbm,1.0,45,239,0.5826219244000137,0.28172679866345784
feat_gbm,1.0,45,240,-0.8572487774300648,-0.570916259780521
feat_gbm,1.0,45,241,-1.3271984262513932,-3.037607674189957
feat_gbm,1.0,45,242,-3.1207638058494083,-2.4824067099880884
feat_gbm,1.0,45,243,0.5062899887639943,1.793244191067856
feat_gbm,1.0,45,244,-2.8017717202948766,-2.170563194223024
feat_gbm,1.0,45,245,-3.066342001539546,-2.5580286375581696
feat_gbm,1.0,45,246,-2.5719281755130794,-3.9013363177662743
feat_gbm,1.0,45,247,-0.839783807894031,-1.2689211715035387
feat_gbm,1.0,45,248,-3.0204072048027655,-2.89795980370705
feat_gbm,1.0,45,249,-1.136279210666149,-1.149470325468549
feat_gbm,1.0,45,250,-1.8074971458473017,-2.1803876537888693
feat_gbm,1.0,45,251,-2.0211170652302113,-1.2010659028736028
feat_gbm,1.0,45,252,-2.433870078629054,-2.675840590612525
feat_gbm,1.0,45,253,-1.3791294380244061,-0.865421424414132
feat_gbm,1.0,45,254,-1.591458085557676,-0.45089388998719687
feat_gbm,1.0,45,255,-1.8336295129270865,-1.477655138121315
feat_gbm,1.0,45,256,-2.6564874555289055,-1.9234128661936198
feat_gbm,1.0,45,257,-2.294535816429334,-0.8895479413744646
feat_gbm,1.0,45,258,-1.51689960509611,-1.284701881398344
feat_gbm,1.0,45,259,-0.30379462475383556,0.03791276039075724
feat_gbm,1.0,45,260,-2.4856169124449226,-1.213907680807544
feat_gbm,1.0,45,261,0.19908568730156884,-0.6937064881158975
feat_gbm,1.0,45,262,-1.3845317490204407,-2.500344974429108
feat_gbm,1.0,45,263,-3.285100400779263,-3.0782877743164985
feat_gbm,1.0,45,264,-3.780461865739987,-3.2702790535172426
feat_gbm,1.0,45,265,-0.14617476397434886,-0.15746453031192983
feat_gbm,1.0,45,266,-2.065888498684803,-1.3930653126164372
feat_gbm,1.0,45,267,-3.305559274656081,-3.460520174484755
feat_gbm,1.0,45,268,-2.285130325215356,-1.8115923421665279
feat_gbm,1.0,45,269,-0.21408508558822922,-0.04785951915829837
feat_gbm,1.0,45,270,-1.3160516200597943,-1.3387838926701625
feat_gbm,1.0,45,271,0.5793842619405825,0.6172482925771328
feat_gbm,1.0,45,272,-0.17051355438186205,0.10718580269537517
feat_gbm,1.0,45,273,-2.0567578929742565,-2.4250613993713395
feat_gbm,1.0,45,274,-0.34903758643100735,-0.4656136934058211
feat_gbm,1.0,45,275,-2.5967440306894853,-1.7679071058666047
feat_gbm,1.0,45,276,-1.056629094492139,-0.15192249005847586
feat_gbm,1.0,45,277,-0.17622551857322413,-0.22686658439221394
feat_gbm,1.0,45,278,-0.4158338411670033,-0.3963273628232521
feat_gbm,1.0,45,279,-2.409380011880038,-2.1916982233579314
feat_gbm,1.0,45,280,0.4616360120460014,0.5138857123822332
feat_gbm,1.0,45,281,0.6409423397812113,0.13501120436460418
feat_gbm,1.0,45,282,-0.020575547525110028,-0.35232291748203215
feat_gbm,1.0,45,283,0.1331676464516879,0.33710059568630363
feat_gbm,1.0,45,284,1.7593291064387144,2.2269494594330284
feat_gbm,1.0,45,285,-1.1948814654589766,-0.8523290277873723
feat_gbm,1.0,45,286,0.05832779751958751,0.5032694866056324
feat_gbm,1.0,45,287,-2.9471826915960584,-3.0734310124071125
feat_gbm,1.0,45,288,-2.778628201420481,-3.0969464995649485
feat_gbm,1.0,45,289,0.4063332193366269,0.8088909840914691
feat_gbm,1.0,45,290,-1.9611862200486652,-1.710735902712342
feat_gbm,1.0,45,291,0.3324118621608439,-0.24588513525180683
feat_gbm,1.0,45,292,-2.8325630159224566,-2.9910915714149957
feat_gbm,1.0,45,293,-0.14072251901277302,0.24397961438558982
feat_gbm,1.0,45,294,0.7718610563522587,0.9827222917401395
feat_gbm,1.0,45,295,0.7062729991300605,1.5399914318848642
feat_gbm,1.0,45,296,-2.5922378865756803,-3.028104854063688
feat_gbm,1.0,45,297,-0.9149646548908675,-1.9675880903276046
feat_gbm,1.0,45,298,0.5008706962275689,0.3882116190950413
feat_gbm,1.0,45,299,-0.536228941155685,-0.4169590587595381
feat_gbm,1.0,45,300,-0.8680595357524207,-0.47104701624968015
feat_gbm,1.0,45,301,-0.48541557670574353,-0.5788171023402015
feat_gbm,1.0,45,302,-2.75281687407459,-3.325334912618423
feat_gbm,1.0,45,303,-0.028044695929379422,0.27214776974989446
feat_gbm,1.0,45,304,0.08831418372235827,0.2838761456734127
feat_gbm,1.0,45,305,0.7832691059326639,0.98356576927226
feat_gbm,1.0,45,306,-1.8574088309124777,-2.324804251846344
feat_gbm,1.0,45,307,-0.22809108545223844,-0.30060412365222405
feat_gbm,1.0,45,308,-2.983815145557689,-3.5706943269006843
feat_gbm,1.0,45,309,0.30553913182594394,0.7657986236992217
feat_gbm,1.0,45,310,-0.36537595188876926,-0.3760212383278314
feat_gbm,1.0,45,311,0.6236420910091808,0.903367601886353
feat_gbm,1.0,45,312,0.5344340298588536,0.2834145554969618
feat_gbm,1.0,45,313,-0.05120880617859967,-0.8750381269167363
feat_gbm,1.0,45,314,-0.7568280870146886,-0.8911054934067958
feat_gbm,1.0,45,315,0.16484749668938842,0.2699623908229132
feat_gbm,1.0,45,316,-3.471649551311471,-4.034449774534175
feat_gbm,1.0,45,317,0.35447030363464493,0.7302045063515665
feat_gbm,1.0,45,318,-2.7666487822199053,-2.5264159394565007
feat_gbm,1.0,45,319,-3.184803784682749,-3.1280680478747835
feat_gbm,1.0,45,320,0.22642978785781825,-0.623194388118803
feat_gbm,1.0,45,321,-3.668546470349174,-4.172922463867305
feat_gbm,1.0,45,322,1.186043721017817,1.0714029341973417
feat_gbm,1.0,45,323,-2.835115339188866,-2.5538050374755565
feat_gbm,1.0,45,324,-1.6534703644179083,-1.5310020975326282
feat_gbm,1.0,45,325,-0.5115748295702037,-0.735749980772127
feat_gbm,1.0,45,326,-0.4587631761221372,-0.5010306012352705
feat_gbm,1.0,45,327,-4.0544511116105255,-4.393123087746285
feat_gbm,1.0,45,328,-0.5000683092877463,0.6439364857563509
feat_gbm,1.0,45,329,-2.7412968852392523,-2.60760252445046
feat_gbm,1.0,45,330,0.5452069055815618,0.46983427811083467
feat_gbm,1.0,45,331,-1.8769729278033818,-1.149354435920189
feat_gbm,1.0,45,332,-2.0219322664086987,-1.0961264399974935
feat_gbm,1.0,45,333,0.5774330063545765,1.4253561556633074
feat_gbm,1.0,45,334,0.9169077754768672,1.0406546288822482
feat_gbm,1.0,45,335,-0.12360754352176277,-0.1286217558512718
feat_gbm,1.0,45,336,-1.904689316559833,-1.7275974260064488
feat_gbm,1.0,45,337,-3.803529481872629,-4.535227665039715
feat_gbm,1.0,45,338,0.01727928966510317,-1.078833843619319
feat_gbm,1.0,45,339,-3.0305931451756676,-2.035297396751524
feat_gbm,1.0,45,340,0.31954538074505234,0.4788286932125707
feat_gbm,1.0,45,341,-1.613070148816697,-0.4595082096564039
feat_gbm,1.0,45,342,-3.026102490946835,-3.653430804591794
feat_gbm,1.0,45,343,0.2267890755089598,0.2834522663037432
feat_gbm,1.0,45,344,-0.29270972557969654,-0.15984972455285287
feat_gbm,1.0,45,345,-2.3655400069473314,-3.8822970119574354
feat_gbm,1.0,45,346,-3.008349963876997,-2.5801989990218064
feat_gbm,1.0,45,347,-3.119368138456006,-3.2622630695286134
feat_gbm,1.0,45,348,-0.6291660930791454,-0.4894561152880944
feat_gbm,1.0,45,349,-2.082478590019263,-3.0223552414624764
feat_gbm,1.0,45,350,0.7060394922070493,0.4215072765335228
feat_gbm,1.0,45,351,-2.0196522225964872,-1.8152752103400673
feat_gbm,1.0,45,352,0.6977717568914541,1.102263670511441
feat_gbm,1.0,45,353,0.8266183536163596,1.4454852001466738
feat_gbm,1.0,45,354,-3.201671720659563,-3.6770060333191017
feat_gbm,1.0,45,355,-3.780903518597952,-5.078652858832153
feat_gbm,1.0,45,356,0.2036188961254404,0.7815322159665122
feat_gbm,1.0,45,357,0.4259530604322238,0.6775133790495483
feat_gbm,1.0,45,358,-3.125382286820647,-3.5163570325540956
feat_gbm,1.0,45,359,-1.517221119291078,-4.157760523739404
feat_gbm,1.0,45,360,-0.9609486274650995,-0.18386357284099003
feat_gbm,1.0,45,361,-3.195467233455577,-4.477383009144865
feat_gbm,1.0,45,362,-0.10479141711199538,0.2909126951240761
feat_gbm,1.0,45,363,-3.353879674466159,-3.5121531596302606
feat_gbm,1.0,45,364,-0.379912835280278,-0.0019354464452207268
feat_gbm,1.0,45,365,-3.0291224659529186,-3.264666087597375
feat_gbm,1.0,45,366,-2.3513658010683587,-1.4961090632143375
feat_gbm,1.0,45,367,-0.052193500889892525,-0.10305907560987346
feat_gbm,1.0,45,368,-0.01688876372108477,0.24601275195113992
feat_gbm,1.0,45,369,-1.2365891773798483,-1.6400355118163064
feat_gbm,1.0,45,370,-3.0965662927955235,-1.5399226532969161
feat_gbm,1.0,45,371,-1.00156479528616,-0.3336387161155974
feat_gbm,1.0,45,372,0.12913460852858538,0.3185760540422761
feat_gbm,1.0,45,373,-0.35955549944014437,-0.30756424411789
feat_gbm,1.0,45,374,-3.5098948612793093,-3.551435429619069
feat_gbm,1.0,45,375,0.3187776165286957,-0.12846918127015178
feat_gbm,1.0,45,376,0.5192229026661346,0.43413099611324796
feat_gbm,1.0,45,377,0.4724001045285099,0.8095384731463161
feat_gbm,1.0,45,378,0.25899251287319697,0.20303525329731625
feat_gbm,1.0,45,379,0.10191135538750906,0.524784145223057
feat_gbm,1.0,45,380,-0.10981170846173081,0.8722609808312535
feat_gbm,1.0,45,381,-0.6323772920265432,1.0190202163897197
feat_gbm,1.0,45,382,0.3511511416552539,1.2715191268303472
feat_gbm,1.0,45,383,-0.16619509059590898,-0.13923746667536385
feat_gbm,1.0,45,384,-0.7041900734659614,-1.7983983483294153
feat_gbm,1.0,45,385,0.19672301564440264,0.5606037150840157
feat_gbm,1.0,45,386,0.42196388706425664,0.6003456151224621
feat_gbm,1.0,45,387,0.7958076140588645,1.3071718981356573
feat_gbm,1.0,45,388,0.0875360990493543,-0.19457283568776126
feat_gbm,1.0,45,389,-1.5144128522249807,-0.981880356960367
feat_gbm,1.0,45,390,-2.1042784094128546,-2.628024059072158
feat_gbm,1.0,45,391,-2.3427473874063254,-2.479262758098376
feat_gbm,1.0,45,392,-2.1583286771862706,-2.207941629114672
feat_gbm,1.0,45,393,-2.0410311745775025,-2.806586620215901
feat_gbm,1.0,45,394,-0.760208359243225,-0.16842623590390868
feat_gbm,1.0,45,395,0.2874085601708093,0.3596423409999632
feat_gbm,1.0,45,396,-2.583733961045728,-3.117667066362407
feat_gbm,1.0,45,397,0.7496453616493757,0.6134086288650079
feat_gbm,1.0,45,398,0.4598840156307902,0.5049020087080688
feat_gbm,1.0,45,399,-1.0040023337872706,-1.0548605918119196
feat_gbm,1.0,45,400,-3.463365004552845,-2.877676775828332
feat_gbm,1.0,45,401,-0.12518169692704065,0.015654415635624343
feat_gbm,1.0,45,402,-0.5658056449537718,-0.7027824676465185
feat_gbm,1.0,45,403,0.24483993719247263,0.6733427913489138
feat_gbm,1.0,45,404,0.10724050309620667,0.03259550049258387
feat_gbm,1.0,45,405,-2.9615916290649387,-3.4179416205706223
feat_gbm,1.0,45,406,-2.353884586343745,-1.6563158072976616
feat_gbm,1.0,45,407,0.05415558422575389,0.3281041495218151
feat_gbm,1.0,45,408,-0.7357606727700273,-1.498502430121411
feat_gbm,1.0,45,409,-1.2153432402520083,-1.5390850133499359
feat_gbm,1.0,45,410,-2.1852005502242444,-3.8769914364338094
feat_gbm,1.0,45,411,-0.8009144985692154,-1.1093409530974205
feat_gbm,1.0,45,412,-2.531809960420468,-2.1356441225652167
feat_gbm,1.0,45,413,0.6235965674614868,0.5613925387002681
feat_gbm,1.0,45,414,-2.5856635913136574,-2.672303525149137
feat_gbm,1.0,45,415,0.6617219655997765,0.9887747910888531
feat_gbm,1.0,45,416,-3.05614175166239,-2.064740642123073
feat_gbm,1.0,45,417,-0.5628603681191997,-0.13534283366780814
feat_gbm,1.0,45,418,-0.022155066877894224,0.5266566940316069
feat_gbm,1.0,45,419,-0.49897168776360906,-0.7929716308762645
feat_gbm,1.0,45,420,-0.09611136917829116,0.22081989653443584
feat_gbm,1.0,45,421,-3.7212532970883383,-3.4911396429773087
feat_gbm,1.0,45,422,-0.4046412831406476,0.4691563032653497
feat_gbm,1.0,45,423,0.06291498630210976,-0.21242164749251408
feat_gbm,1.0,45,424,-2.200591682262158,-2.0235730224261497
feat_gbm,1.0,45,425,-0.17097480529219894,0.1881042769243711
feat_gbm,1.0,45,426,-0.9270904112095453,-0.7546830882020855
feat_gbm,1.0,45,427,-1.5484823085540595,-2.004418163271322
feat_gbm,1.0,45,428,-0.18227788491550295,0.08108350485015015
feat_gbm,1.0,45,429,-1.6081016781514923,-0.8958783842144782
feat_gbm,1.0,45,430,-1.1085254807973395,-0.700178367515834
feat_gbm,1.0,45,431,-2.150730329097679,-2.026447754843476
feat_gbm,1.0,45,432,-3.1131507743690743,-3.3644112924118934
feat_gbm,1.0,45,433,-2.576942927418631,-2.4777804975332844
feat_gbm,1.0,45,434,-3.296526184162429,-3.6407879329147783
feat_gbm,1.0,45,435,0.2533501991457941,0.8140524350977956
feat_gbm,1.0,45,436,-0.5706755959488538,-0.6342245759550225
feat_gbm,1.0,45,437,-1.2801868168587471,-1.0170271575608654
feat_gbm,1.0,45,438,0.028637333435089615,1.2058566336630974
feat_gbm,1.0,45,439,0.9235021538660425,1.04159183954478
feat_gbm,1.0,45,440,-0.6928607355343562,-0.383754051292973
feat_gbm,1.0,45,441,0.915315266730486,0.9717849563735496
feat_gbm,1.0,45,442,0.7898011319829139,0.915394257773604
feat_gbm,1.0,45,443,-0.01970174459267847,0.17619398118278368
feat_gbm,1.0,45,444,-2.8658763176551316,-2.3026142847949007
feat_gbm,1.0,45,445,-0.020691204897895173,-2.156995715227189
feat_gbm,1.0,45,446,-1.9635987663088692,-1.9647154613855007
feat_gbm,1.0,45,447,-1.5083405414645372,-1.2167428909736953
feat_gbm,1.0,45,448,-0.14398755211429043,0.371748058948411
feat_gbm,1.0,45,449,-2.7304167320799224,-3.354914600670279
feat_gbm,1.0,45,450,-1.2184954857907393,-2.0984010901330774
feat_gbm,1.0,45,451,-1.0906218804331578,-1.8411195968283314
feat_gbm,1.0,45,452,-0.4508908488655745,-0.2866386615093297
feat_gbm,1.0,45,453,-2.2509202724503754,-2.1769502099219324
feat_gbm,1.0,45,454,0.06792619852737887,0.851829112076475
feat_gbm,1.0,45,455,0.4378063340196417,-0.5174982843777256
feat_gbm,1.0,45,456,-2.70464856882017,-3.7883351795095335
feat_gbm,1.0,45,457,-2.9651516060003273,-1.3225504843777425
feat_gbm,1.0,45,458,-0.26652542460414397,-0.6304710111145473
feat_gbm,1.0,45,459,-2.1942320096080787,-2.867776928577639
feat_gbm,1.0,45,460,-0.23594097001428888,-0.20106453453544149
feat_gbm,1.0,45,461,0.6632646013868883,0.565413433251147
feat_gbm,1.0,45,462,-0.03661315608589909,0.6531860801292728
feat_gbm,1.0,45,463,-3.101447950686359,-3.295531334571209
feat_gbm,1.0,45,464,-0.7987297147139737,-1.118951529136503
feat_gbm,1.0,45,465,-0.03643460132705405,0.08535922256033004
feat_gbm,1.0,45,466,-0.641705286912977,0.2656879386171551
feat_gbm,1.0,45,467,-1.2420924860401612,-1.0764680911985907
feat_gbm,1.0,45,468,1.963111861542839,2.2503813782282114
feat_gbm,1.0,45,469,-0.0925847420360814,-0.029700274932011248
feat_gbm,1.0,45,470,-2.863082738909585,-2.1918010579584375
feat_gbm,1.0,45,471,0.449633073851663,-0.12537364897776127
feat_gbm,1.0,45,472,-1.0993021337438154,-1.3714574409892777
feat_gbm,1.0,45,473,-0.8405514533709398,-1.0216450817816245
feat_gbm,1.0,45,474,-0.8584372117373801,-0.8313233833759152
feat_gbm,1.0,45,475,-2.353149841110058,-3.25243582884057
feat_gbm,1.0,45,476,0.5159454939832249,0.8737365575305754
feat_gbm,1.0,45,477,-2.370761694433439,-1.8373017486027088
feat_gbm,1.0,45,478,-1.7980509261588546,-1.909749317133085
feat_gbm,1.0,45,479,0.0502536240290792,0.418341725137149
feat_gbm,1.0,45,480,-2.914109047524916,-2.8689304810445995
feat_gbm,1.0,45,481,-3.2277153529420373,-3.9192950012633494
feat_gbm,1.0,45,482,0.24044786943963195,0.8191907452202399
feat_gbm,1.0,45,483,-2.6660860377235975,-2.7371748494528005
feat_gbm,1.0,45,484,-0.2148500011950515,0.043868991079412875
feat_gbm,1.0,45,485,-2.2887123821233426,-3.9571024828402512
feat_gbm,1.0,45,486,-2.0004731712719828,-0.8286091055291892
feat_gbm,1.0,45,487,1.3385259118446589,1.1086460137612473
feat_gbm,1.0,45,488,-0.7412728009814535,-1.0899995989348372
feat_gbm,1.0,45,489,-2.035740359973094,-2.9260181182274523
feat_gbm,1.0,45,490,0.1898625457405962,0.01778898425240747
feat_gbm,1.0,45,491,-0.22492928501808845,-0.388546054063584
feat_gbm,1.0,45,492,-1.3233831173623638,-0.8483910406321095
feat_gbm,1.0,45,493,-2.4574827443207186,-2.4855190663855797
feat_gbm,1.0,45,494,-0.305339291714008,-0.6027729178489412
feat_gbm,1.0,45,495,-3.3789748221482485,-1.5285925057254015
feat_gbm,1.0,45,496,0.6004300876471126,1.0092174422839322
feat_gbm,1.0,45,497,-2.550899677630045,-2.421052301727873
feat_gbm,1.0,45,498,-3.1051585144144007,-3.2283141264699093
feat_gbm,1.0,45,499,-3.432774850534922,-4.907212199848568
feat_gbm,1.0,46,0,-0.6096446402057206,0.03894909458183669
feat_gbm,1.0,46,1,-1.8493250778542953,-2.5052564746229193
feat_gbm,1.0,46,2,0.11005701685726717,0.6287827851917782
feat_gbm,1.0,46,3,-3.2386862118037922,-3.3447289283878643
feat_gbm,1.0,46,4,1.2170307491510093,0.9694015026406426
feat_gbm,1.0,46,5,-1.5835020693276305,-2.4693709778233526
feat_gbm,1.0,46,6,0.04386509888356132,-0.2819211013310965
feat_gbm,1.0,46,7,0.6502411130042132,0.5289578846490461
feat_gbm,1.0,46,8,0.15752901798763394,0.032863622186365654
feat_gbm,1.0,46,9,0.8026709123869774,0.9352707853930591
feat_gbm,1.0,46,10,-1.7718580331041383,-1.5987558134683666
feat_gbm,1.0,46,11,-2.9249665185098106,-3.2678706438993954
feat_gbm,1.0,46,12,-2.6996614748514802,-2.445380546146449
feat_gbm,1.0,46,13,-0.3834427117917224,-0.4471217519653716
feat_gbm,1.0,46,14,-1.8672976592048969,-1.8343062920535937
feat_gbm,1.0,46,15,-1.7574273136870526,-2.278287047942225
feat_gbm,1.0,46,16,-1.1307245058050202,-1.113015507562239
feat_gbm,1.0,46,17,-1.6993162460303026,-1.149386040828735
feat_gbm,1.0,46,18,-1.4718013277696653,-0.4541092694382234
feat_gbm,1.0,46,19,-2.7032406392383344,-2.8798658660471284
feat_gbm,1.0,46,20,-3.2072388774071356,-3.281006200299989
feat_gbm,1.0,46,21,-1.9236726045913475,-0.7889402030111288
feat_gbm,1.0,46,22,-0.25713701026013286,-0.48114593055133975
feat_gbm,1.0,46,23,-3.3379453441465197,-2.8038114998165153
feat_gbm,1.0,46,24,-3.5329437209132246,-2.6726430450531393
feat_gbm,1.0,46,25,-3.1161312445368003,-3.141178249464176
feat_gbm,1.0,46,26,-3.17854356246408,-3.8612362310489847
feat_gbm,1.0,46,27,-3.028405697150369,-3.085821277369337
feat_gbm,1.0,46,28,-2.9961393818861097,-2.1153791712035637
feat_gbm,1.0,46,29,-1.4447248389583873,-0.5854112868629942
feat_gbm,1.0,46,30,-0.03162428858944219,0.13849791927417068
feat_gbm,1.0,46,31,-2.8522468655373476,-2.779654184179668
feat_gbm,1.0,46,32,1.2221526951793225,0.9166392391011026
feat_gbm,1.0,46,33,-2.4094549209486105,-2.134444297962007
feat_gbm,1.0,46,34,0.5674758224113646,1.1224191581864646
feat_gbm,1.0,46,35,-3.5011962501607172,-2.7514680837461087
feat_gbm,1.0,46,36,0.3661173255251783,0.7493710802437775
feat_gbm,1.0,46,37,-1.8658365847289604,-2.157600461660938
feat_gbm,1.0,46,38,-1.3440966634642764,-1.7436371170468024
feat_gbm,1.0,46,39,0.6294923533871901,0.632388610685479
feat_gbm,1.0,46,40,-2.32085358769481,-1.5024753827969588
feat_gbm,1.0,46,41,-2.6000663826379014,-2.936018587066778
feat_gbm,1.0,46,42,-0.7982673028776297,-0.06406961406287034
feat_gbm,1.0,46,43,-0.44725568884481787,-0.43711075337934485
feat_gbm,1.0,46,44,0.7423051867019633,0.521724778538647
feat_gbm,1.0,46,45,0.39471166431903076,-0.02881562555915001
feat_gbm,1.0,46,46,-2.4980568083607553,-2.6856700943784895
feat_gbm,1.0,46,47,-3.11013060182582,-3.3419513202228783
feat_gbm,1.0,46,48,-0.14460170984285317,-0.35240032436669677
feat_gbm,1.0,46,49,-3.6592845714325235,-4.466027560457086
feat_gbm,1.0,46,50,-1.2303607989768979,-1.2227887404747313
feat_gbm,1.0,46,51,-3.7067295719001576,-4.168130875201601
feat_gbm,1.0,46,52,-1.459075401538274,-2.1825653069440887
feat_gbm,1.0,46,53,-3.0081539255600394,-2.816977102698189
feat_gbm,1.0,46,54,-0.361670828925039,-0.9520374156321785
feat_gbm,1.0,46,55,0.3553667072108293,0.800460094219776
feat_gbm,1.0,46,56,0.21561215081845894,0.2782562560211116
feat_gbm,1.0,46,57,-0.11716865787302673,-0.7855200046266205
feat_gbm,1.0,46,58,-3.3840242329966,-2.837973637743256
feat_gbm,1.0,46,59,-0.6691646441411067,0.3653424354755994
feat_gbm,1.0,46,60,-2.212434042082612,-3.145987746693799
feat_gbm,1.0,46,61,-2.830063245598403,-2.1381844357326614
feat_gbm,1.0,46,62,0.4118814048505228,0.3908315550690521
feat_gbm,1.0,46,63,-2.893441406548525,-3.259739876316779
feat_gbm,1.0,46,64,-2.696037252936363,-3.799325775609258
feat_gbm,1.0,46,65,0.594711615244764,0.2842997557356093
feat_gbm,1.0,46,66,0.481463448094746,0.9099380077885143
feat_gbm,1.0,46,67,0.19184388356882648,0.5741223235018287
feat_gbm,1.0,46,68,1.2057715635443589,1.3807263582335993
feat_gbm,1.0,46,69,0.005025783875400045,2.7357387204405055
feat_gbm,1.0,46,70,0.034008030168013535,-0.3782017485149665
feat_gbm,1.0,46,71,-0.8420579474297392,-0.6946521973220513
feat_gbm,1.0,46,72,-3.4680700580741965,-3.510295151868067
feat_gbm,1.0,46,73,-0.27525956069282703,-0.3643686170400702
feat_gbm,1.0,46,74,1.1256876031853251,1.1835884152793859
feat_gbm,1.0,46,75,-0.10630788048356472,-0.38644824542838596
feat_gbm,1.0,46,76,0.45162987640282665,0.7005004452467647
feat_gbm,1.0,46,77,0.2038982583073673,0.3770911051312199
feat_gbm,1.0,46,78,-0.038029756645956585,-0.5374783823521183
feat_gbm,1.0,46,79,-2.5997573060124464,-3.2499450611549854
feat_gbm,1.0,46,80,-2.051142664327282,-1.719925172279684
feat_gbm,1.0,46,81,0.5648773404210834,1.8185710395242058
feat_gbm,1.0,46,82,-1.3101839474133352,-1.0758778979961314
feat_gbm,1.0,46,83,-0.20042060120013663,-0.8033140510569362
feat_gbm,1.0,46,84,-2.037448352717397,-2.0837035815006346
feat_gbm,1.0,46,85,-1.6520122901785166,-1.2430797823904942
feat_gbm,1.0,46,86,0.6529186958263407,0.639317965424242
feat_gbm,1.0,46,87,-0.4285134910806173,-0.02321591952008587
feat_gbm,1.0,46,88,-2.1440024289935935,-3.512086916650174
feat_gbm,1.0,46,89,-1.6029901378693665,-1.684363733317816
feat_gbm,1.0,46,90,-3.1503955523106377,-3.5341996208099964
feat_gbm,1.0,46,91,0.5684567538315387,1.1574629997660548
feat_gbm,1.0,46,92,-1.0607893716060286,-0.7651863719989663
feat_gbm,1.0,46,93,-2.1895078815482396,-5.7708125015304885
feat_gbm,1.0,46,94,-0.012030260995214889,0.07374698385127064
feat_gbm,1.0,46,95,-0.1849366041561808,1.201566413592891
feat_gbm,1.0,46,96,1.4475150145476845,1.2655480006709303
feat_gbm,1.0,46,97,-2.904575721191019,-3.2217777708537843
feat_gbm,1.0,46,98,-0.9871819761454048,-1.2120387208328698
feat_gbm,1.0,46,99,-0.4042164587964522,-0.04015373686183237
feat_gbm,1.0,46,100,-3.191583207381068,-2.8384481914339785
feat_gbm,1.0,46,101,-3.1367646246854624,-3.541068619782685
feat_gbm,1.0,46,102,-3.059529164302323,-4.424727465058162
feat_gbm,1.0,46,103,-0.7823526834975845,-0.7652009130347144
feat_gbm,1.0,46,104,-0.26212876233887983,-0.406664655497914
feat_gbm,1.0,46,105,-2.4881989962811453,-2.8019031633754246
feat_gbm,1.0,46,106,-1.5913343520336656,-1.1978192780958505
feat_gbm,1.0,46,107,-1.520778960420212,-1.2497822804421463
feat_gbm,1.0,46,108,-0.19422936173617586,-0.2003702404752673
feat_gbm,1.0,46,109,-1.3975041969832578,-0.28745536208379296
feat_gbm,1.0,46,110,0.3116530330893998,0.2838469771831524
feat_gbm,1.0,46,111,-0.07435624343997724,0.6579850926301614
feat_gbm,1.0,46,112,-0.2326328030464037,-0.4279263804064609
feat_gbm,1.0,46,113,0.1504288786546702,0.527327823801956
feat_gbm,1.0,46,114,-2.828671200037535,-3.652947895428966
feat_gbm,1.0,46,115,-0.3003444602123655,-0.04287987221360797
feat_gbm,1.0,46,116,-2.9346636253598275,-3.4409421360670214
feat_gbm,1.0,46,117,-2.941005875928264,-2.4284095097884006
feat_gbm,1.0,46,118,-1.8311374193292893,-1.419217075367618
feat_gbm,1.0,46,119,-1.1021695131488694,-1.4944271796191557
feat_gbm,1.0,46,120,-3.4130640780260353,-2.797137626437216
feat_gbm,1.0,46,121,1.0324524968967785,3.1321125804877905
feat_gbm,1.0,46,122,-1.583252138983845,-3.164895556438051
feat_gbm,1.0,46,123,0.3820927946940585,-0.021234684620174846
feat_gbm,1.0,46,124,-1.609799825019141,-1.246001114532972
feat_gbm,1.0,46,125,-1.9718177561530097,-2.7130193085566443
feat_gbm,1.0,46,126,-1.3535261571432424,-2.0560780011130944
feat_gbm,1.0,46,127,-2.3732206797348057,-1.631222331554067
feat_gbm,1.0,46,128,-1.68633494885219,-3.477307725783656
feat_gbm,1.0,46,129,-0.0644323211043267,1.7007542891568868
feat_gbm,1.0,46,130,-1.4364775221889157,-3.4021624962570822
feat_gbm,1.0,46,131,-3.6441380399121592,-3.701149444421242
feat_gbm,1.0,46,132,-0.6072654437587285,-0.4116741376471012
feat_gbm,1.0,46,133,-1.0486588599591284,-0.5680375850475197
feat_gbm,1.0,46,134,-2.7025951162252304,-1.4788189923590598
feat_gbm,1.0,46,135,-2.53076277683746,-2.9896549957503007
feat_gbm,1.0,46,136,0.28024798448437255,0.11194117436713467
feat_gbm,1.0,46,137,0.932087612170597,1.7147062893715772
feat_gbm,1.0,46,138,-2.4084987319161826,-1.9709125209383296
feat_gbm,1.0,46,139,-0.21060572819493167,0.19937477723826902
feat_gbm,1.0,46,140,-2.6368857108210815,-2.8223726616431475
feat_gbm,1.0,46,141,-0.2929041086663181,-0.12380828599000025
feat_gbm,1.0,46,142,-2.1811125128431095,-2.97521232911642
feat_gbm,1.0,46,143,-1.9119797552873479,-1.9484557479617686
feat_gbm,1.0,46,144,0.4100431184957108,1.244093655886106
feat_gbm,1.0,46,145,-1.9396758972247183,-2.0280859266176816
feat_gbm,1.0,46,146,-2.5397121924082775,-2.0754073031653366
feat_gbm,1.0,46,147,0.2271904693780606,-0.11331641159387335
feat_gbm,1.0,46,148,-2.7199609100429,-2.620298039600635
feat_gbm,1.0,46,149,-3.2585318293535632,-3.8395532227602396
feat_gbm,1.0,46,150,-0.8313688634587274,-2.149698272240366
feat_gbm,1.0,46,151,-3.0593939492475237,-3.1594376779318036
feat_gbm,1.0,46,152,-2.0950389363844333,-2.7712141114581046
feat_gbm,1.0,46,153,-1.5630717326457264,-1.1483368403810985
feat_gbm,1.0,46,154,-1.7082024948572962,-1.4700676700115773
feat_gbm,1.0,46,155,0.5867840716364489,1.4088416749712322
feat_gbm,1.0,46,156,0.07615554935982047,0.7564704220494097
feat_gbm,1.0,46,157,-1.4042059177629316,-1.7148995557963913
feat_gbm,1.0,46,158,-1.3248493688241552,-2.8595355115547196
feat_gbm,1.0,46,159,-1.2333012929761054,-0.9922400520728849
feat_gbm,1.0,46,160,1.924029747848976,1.8585227307534937
feat_gbm,1.0,46,161,-3.1214721734882978,-2.477654537850602
feat_gbm,1.0,46,162,-3.3703210424236234,-2.993764039868935
feat_gbm,1.0,46,163,-0.8340075450091496,-1.1722671160336509
feat_gbm,1.0,46,164,-2.505067191742398,-1.6577576086204497
feat_gbm,1.0,46,165,-2.6299282538273663,-2.9770186999323642
feat_gbm,1.0,46,166,-2.974806538850745,-3.2329952824425443
feat_gbm,1.0,46,167,-0.17211050109296508,0.19550508612775644
feat_gbm,1.0,46,168,-1.1671874696538003,-1.2639642813248737
feat_gbm,1.0,46,169,1.1551695839550924,1.4224064134580066
feat_gbm,1.0,46,170,-2.0385754268703193,-1.5303724784706008
feat_gbm,1.0,46,171,0.19896939073836822,0.6086346650572224
feat_gbm,1.0,46,172,0.11672046404703038,-0.052232489626048526
feat_gbm,1.0,46,173,-0.7940336680527194,-0.19074605880313256
feat_gbm,1.0,46,174,-2.511730666052223,-2.7678232596734214
feat_gbm,1.0,46,175,-2.2592190898228193,-1.6557092188829319
feat_gbm,1.0,46,176,0.2719107369603768,0.12081831439914445
feat_gbm,1.0,46,177,-0.2671177473750397,3.7031714993021168
feat_gbm,1.0,46,178,-0.0402984188023233,-0.17761292562564054
feat_gbm,1.0,46,179,-0.02325083753219251,0.2295122735959306
feat_gbm,1.0,46,180,-1.259172659182994,-1.6401012725318311
feat_gbm,1.0,46,181,-2.4704312277122042,-3.399461101549646
feat_gbm,1.0,46,182,0.2677070317054436,0.5421608664871393
feat_gbm,1.0,46,183,-3.130638187764441,-3.7858185839721776
feat_gbm,1.0,46,184,0.1540034953480579,0.4440956773301304
feat_gbm,1.0,46,185,-0.09993882383526481,0.5450962365111649
feat_gbm,1.0,46,186,-2.875515584467144,-3.094441269353033
feat_gbm,1.0,46,187,0.514723388950366,1.436275522654785
feat_gbm,1.0,46,188,-0.03643170088410038,-0.003208414280501246
feat_gbm,1.0,46,189,-2.3431401444541606,-2.0766448721687736
feat_gbm,1.0,46,190,-3.337512931535162,-2.887011097372245
feat_gbm,1.0,46,191,-0.18720062638118448,-0.19564387773269687
feat_gbm,1.0,46,192,-1.7300563435293361,-3.39219136175158
feat_gbm,1.0,46,193,-3.9728729553797217,-4.804455114758695
feat_gbm,1.0,46,194,-0.5133166623954097,-0.23230879418151415
feat_gbm,1.0,46,195,0.7848895602638676,0.7768952289284052
feat_gbm,1.0,46,196,-3.1968499265867196,-3.0758975731441707
feat_gbm,1.0,46,197,1.6641856959880617,1.8852948766094535
feat_gbm,1.0,46,198,0.056783570911892255,-0.07474663349946693
feat_gbm,1.0,46,199,1.4266855341593883,0.9295509098669842
feat_gbm,1.0,46,200,-0.09437792190910663,0.40408761039079466
feat_gbm,1.0,46,201,-1.5943055349805955,-1.0185563947000995
feat_gbm,1.0,46,202,-1.480937474854914,-1.5812541435625456
feat_gbm,1.0,46,203,-1.871948180196362,-2.9269603411540346
feat_gbm,1.0,46,204,-0.25990713271865457,-0.9368237022381455
feat_gbm,1.0,46,205,-0.8406362271343855,-0.771906247259438
feat_gbm,1.0,46,206,-2.0217599332330676,-1.4457766532498904
feat_gbm,1.0,46,207,-2.8026949320713332,-2.4752738768021185
feat_gbm,1.0,46,208,-3.257663758307516,-2.8789590131308262
feat_gbm,1.0,46,209,-3.253578858544998,-2.6986856152036793
feat_gbm,1.0,46,210,0.14677238890846597,0.05837096406180189
feat_gbm,1.0,46,211,-1.9042894903680911,-2.2327070274631113
feat_gbm,1.0,46,212,-0.10361296358350164,0.15758807445032513
feat_gbm,1.0,46,213,0.876984268995247,0.5234750924970406
feat_gbm,1.0,46,214,0.6704360284531623,0.8312555987922697
feat_gbm,1.0,46,215,-1.7071672383116534,-0.7699972654610447
feat_gbm,1.0,46,216,-2.0046940122104426,-2.4368834827463726
feat_gbm,1.0,46,217,-3.5595612191157686,-3.7421886443248944
feat_gbm,1.0,46,218,-2.858477349576594,-4.3753265313120195
feat_gbm,1.0,46,219,0.7422211471032378,0.13181597567614448
feat_gbm,1.0,46,220,-2.2109857992212594,-2.150299196146146
feat_gbm,1.0,46,221,0.2089818617831682,0.4316281043505307
feat_gbm,1.0,46,222,0.6885805226887404,0.20581216265343685
feat_gbm,1.0,46,223,-1.2030205435742631,-1.7226779576420432
feat_gbm,1.0,46,224,0.6774698837932154,1.0701061526100661
feat_gbm,1.0,46,225,-3.201798843756965,-2.995983076644188
feat_gbm,1.0,46,226,-0.03877688040754923,-0.39103048890459524
feat_gbm,1.0,46,227,-1.892458398835948,-2.811377433191803
feat_gbm,1.0,46,228,-0.17560174347270618,0.1103569248772952
feat_gbm,1.0,46,229,0.35670148738824015,1.0926797996732165
feat_gbm,1.0,46,230,-2.093279683072975,-1.1465469989616057
feat_gbm,1.0,46,231,-3.4709768679576323,-3.7045714701961474
feat_gbm,1.0,46,232,-0.08600028207191567,-0.3205795311611984
feat_gbm,1.0,46,233,-0.23768547349815763,-0.7282288274356463
feat_gbm,1.0,46,234,0.4464802282133616,-0.6143938277881194
feat_gbm,1.0,46,235,-3.802196416167473,-3.717493513170671
feat_gbm,1.0,46,236,-1.4605370865785743,-1.894186438607053
feat_gbm,1.0,46,237,-0.00714339385682565,0.19101892391720615
feat_gbm,1.0,46,238,-2.7284505745410694,-2.723653519266766
feat_gbm,1.0,46,239,0.6609144826988512,0.28172679866345784
feat_gbm,1.0,46,240,-1.0098382692486163,-0.570916259780521
feat_gbm,1.0,46,241,-1.3856321112600107,-3.037607674189957
feat_gbm,1.0,46,242,-3.1487942493068735,-2.4824067099880884
feat_gbm,1.0,46,243,0.586124410673855,1.793244191067856
feat_gbm,1.0,46,244,-2.7935117704097294,-2.170563194223024
feat_gbm,1.0,46,245,-3.1046320950917043,-2.5580286375581696
feat_gbm,1.0,46,246,-2.62930574812852,-3.9013363177662743
feat_gbm,1.0,46,247,-0.9215691861544811,-1.2689211715035387
feat_gbm,1.0,46,248,-2.9178170796364427,-2.89795980370705
feat_gbm,1.0,46,249,-1.290966156777301,-1.149470325468549
feat_gbm,1.0,46,250,-1.8679537751804982,-2.1803876537888693
feat_gbm,1.0,46,251,-1.9906203857062235,-1.2010659028736028
feat_gbm,1.0,46,252,-2.5484038463454164,-2.675840590612525
feat_gbm,1.0,46,253,-1.4019013127454774,-0.865421424414132
feat_gbm,1.0,46,254,-1.333748641385666,-0.45089388998719687
feat_gbm,1.0,46,255,-1.6580975171370664,-1.477655138121315
feat_gbm,1.0,46,256,-2.740208680248822,-1.9234128661936198
feat_gbm,1.0,46,257,-1.949596221519277,-0.8895479413744646
feat_gbm,1.0,46,258,-1.2075218101386946,-1.284701881398344
feat_gbm,1.0,46,259,-0.13212591638267804,0.03791276039075724
feat_gbm,1.0,46,260,-2.684897476168779,-1.213907680807544
feat_gbm,1.0,46,261,0.1192083471420827,-0.6937064881158975
feat_gbm,1.0,46,262,-1.4739800558921687,-2.500344974429108
feat_gbm,1.0,46,263,-3.37497940464915,-3.0782877743164985
feat_gbm,1.0,46,264,-3.5440249805916664,-3.2702790535172426
feat_gbm,1.0,46,265,-0.26070516065576255,-0.15746453031192983
feat_gbm,1.0,46,266,-2.1349845652073687,-1.3930653126164372
feat_gbm,1.0,46,267,-3.160629992255,-3.460520174484755
feat_gbm,1.0,46,268,-2.0343457673681558,-1.8115923421665279
feat_gbm,1.0,46,269,-0.19349094299505082,-0.04785951915829837
feat_gbm,1.0,46,270,-1.2392017410920486,-1.3387838926701625
feat_gbm,1.0,46,271,0.8151486958470658,0.6172482925771328
feat_gbm,1.0,46,272,-0.1004611253905357,0.10718580269537517
feat_gbm,1.0,46,273,-1.9911343001828543,-2.4250613993713395
feat_gbm,1.0,46,274,-0.3824892349306939,-0.4656136934058211
feat_gbm,1.0,46,275,-2.7097623825435893,-1.7679071058666047
feat_gbm,1.0,46,276,-0.933600045115877,-0.15192249005847586
feat_gbm,1.0,46,277,-0.6483033919824401,-0.22686658439221394
feat_gbm,1.0,46,278,-0.49999002085545424,-0.3963273628232521
feat_gbm,1.0,46,279,-2.4657208719460066,-2.1916982233579314
feat_gbm,1.0,46,280,0.6412029452048192,0.5138857123822332
feat_gbm,1.0,46,281,0.5172866519570952,0.13501120436460418
feat_gbm,1.0,46,282,0.09436641507409971,-0.35232291748203215
feat_gbm,1.0,46,283,0.2322261098959653,0.33710059568630363
feat_gbm,1.0,46,284,1.6873867903168218,2.2269494594330284
feat_gbm,1.0,46,285,-1.140958993894443,-0.8523290277873723
feat_gbm,1.0,46,286,-0.035681480046352465,0.5032694866056324
feat_gbm,1.0,46,287,-2.893134233935458,-3.0734310124071125
feat_gbm,1.0,46,288,-2.842986135440914,-3.0969464995649485
feat_gbm,1.0,46,289,0.5892451878650086,0.8088909840914691
feat_gbm,1.0,46,290,-1.9567385748916666,-1.710735902712342
feat_gbm,1.0,46,291,0.2880199819404447,-0.24588513525180683
feat_gbm,1.0,46,292,-2.8111057738603833,-2.9910915714149957
feat_gbm,1.0,46,293,-0.10385511749125911,0.24397961438558982
feat_gbm,1.0,46,294,0.6582202270685578,0.9827222917401395
feat_gbm,1.0,46,295,0.6071139469275804,1.5399914318848642
feat_gbm,1.0,46,296,-2.5598954807410195,-3.028104854063688
feat_gbm,1.0,46,297,-0.8315607649287983,-1.9675880903276046
feat_gbm,1.0,46,298,0.6234370563217888,0.3882116190950413
feat_gbm,1.0,46,299,-0.8722216782555073,-0.4169590587595381
feat_gbm,1.0,46,300,-0.9102380698741914,-0.47104701624968015
feat_gbm,1.0,46,301,-0.6032151826520737,-0.5788171023402015
feat_gbm,1.0,46,302,-2.8833339098412845,-3.325334912618423
feat_gbm,1.0,46,303,-0.18556168178898982,0.27214776974989446
feat_gbm,1.0,46,304,0.042364349832073815,0.2838761456734127
feat_gbm,1.0,46,305,0.7493667572203855,0.98356576927226
feat_gbm,1.0,46,306,-2.154555973863109,-2.324804251846344
feat_gbm,1.0,46,307,-0.36403790838881417,-0.30060412365222405
feat_gbm,1.0,46,308,-2.995063692240182,-3.5706943269006843
feat_gbm,1.0,46,309,-0.48201790512886633,0.7657986236992217
feat_gbm,1.0,46,310,-0.4027810805785876,-0.3760212383278314
feat_gbm,1.0,46,311,0.5385987488208436,0.903367601886353
feat_gbm,1.0,46,312,0.6004237182136912,0.2834145554969618
feat_gbm,1.0,46,313,-0.19841027553477344,-0.8750381269167363
feat_gbm,1.0,46,314,-0.8611291107099822,-0.8911054934067958
feat_gbm,1.0,46,315,0.21032991637807139,0.2699623908229132
feat_gbm,1.0,46,316,-3.2581113993405983,-4.034449774534175
feat_gbm,1.0,46,317,0.30580418006604837,0.7302045063515665
feat_gbm,1.0,46,318,-3.054844699107286,-2.5264159394565007
feat_gbm,1.0,46,319,-3.101550967978221,-3.1280680478747835
feat_gbm,1.0,46,320,-0.030267773070065954,-0.623194388118803
feat_gbm,1.0,46,321,-3.7400434379064973,-4.172922463867305
feat_gbm,1.0,46,322,1.340375127540384,1.0714029341973417
feat_gbm,1.0,46,323,-2.8542432880953115,-2.5538050374755565
feat_gbm,1.0,46,324,-1.7708262249244677,-1.5310020975326282
feat_gbm,1.0,46,325,-0.3191832806505418,-0.735749980772127
feat_gbm,1.0,46,326,-0.46967944532087674,-0.5010306012352705
feat_gbm,1.0,46,327,-4.184296696344725,-4.393123087746285
feat_gbm,1.0,46,328,-0.31807362879810497,0.6439364857563509
feat_gbm,1.0,46,329,-2.8098239274658945,-2.60760252445046
feat_gbm,1.0,46,330,0.551005085324156,0.46983427811083467
feat_gbm,1.0,46,331,-1.8506828578097494,-1.149354435920189
feat_gbm,1.0,46,332,-1.9786126574636391,-1.0961264399974935
feat_gbm,1.0,46,333,0.7610597359886875,1.4253561556633074
feat_gbm,1.0,46,334,0.8905689255717623,1.0406546288822482
feat_gbm,1.0,46,335,-0.10003310159990801,-0.1286217558512718
feat_gbm,1.0,46,336,-1.8307014354867677,-1.7275974260064488
feat_gbm,1.0,46,337,-3.8501856403457495,-4.535227665039715
feat_gbm,1.0,46,338,-0.08008267195632605,-1.078833843619319
feat_gbm,1.0,46,339,-3.174898329379764,-2.035297396751524
feat_gbm,1.0,46,340,0.17831016430981195,0.4788286932125707
feat_gbm,1.0,46,341,-1.4162404996254832,-0.4595082096564039
feat_gbm,1.0,46,342,-3.057607294867005,-3.653430804591794
feat_gbm,1.0,46,343,0.20147967784168566,0.2834522663037432
feat_gbm,1.0,46,344,-0.0033512958019429853,-0.15984972455285287
feat_gbm,1.0,46,345,-2.1995415312571978,-3.8822970119574354
feat_gbm,1.0,46,346,-2.7021952298324785,-2.5801989990218064
feat_gbm,1.0,46,347,-3.2627836304618114,-3.2622630695286134
feat_gbm,1.0,46,348,-0.561806260438162,-0.4894561152880944
feat_gbm,1.0,46,349,-2.259728272233645,-3.0223552414624764
feat_gbm,1.0,46,350,0.4976884764203705,0.4215072765335228
feat_gbm,1.0,46,351,-1.924790424887915,-1.8152752103400673
feat_gbm,1.0,46,352,0.6257246444658097,1.102263670511441
feat_gbm,1.0,46,353,0.8481712571628787,1.4454852001466738
feat_gbm,1.0,46,354,-3.1944844795585383,-3.6770060333191017
feat_gbm,1.0,46,355,-3.6519811634988115,-5.078652858832153
feat_gbm,1.0,46,356,0.08864924811688943,0.7815322159665122
feat_gbm,1.0,46,357,0.27089360232334236,0.6775133790495483
feat_gbm,1.0,46,358,-3.1204289470358937,-3.5163570325540956
feat_gbm,1.0,46,359,-1.6751964289650023,-4.157760523739404
feat_gbm,1.0,46,360,-0.9922638049881667,-0.18386357284099003
feat_gbm,1.0,46,361,-3.06404310116989,-4.477383009144865
feat_gbm,1.0,46,362,-0.2887554890462988,0.2909126951240761
feat_gbm,1.0,46,363,-3.518023121464843,-3.5121531596302606
feat_gbm,1.0,46,364,-0.17309843955631027,-0.0019354464452207268
feat_gbm,1.0,46,365,-3.1571820298493014,-3.264666087597375
feat_gbm,1.0,46,366,-2.6140869122493546,-1.4961090632143375
feat_gbm,1.0,46,367,-0.06933920619897643,-0.10305907560987346
feat_gbm,1.0,46,368,0.07454639334413384,0.24601275195113992
feat_gbm,1.0,46,369,-1.3146604411262253,-1.6400355118163064
feat_gbm,1.0,46,370,-3.0387539982242915,-1.5399226532969161
feat_gbm,1.0,46,371,-0.9287021897270084,-0.3336387161155974
feat_gbm,1.0,46,372,0.1341442255182608,0.3185760540422761
feat_gbm,1.0,46,373,-0.261082217082915,-0.30756424411789
feat_gbm,1.0,46,374,-3.410866144423805,-3.551435429619069
feat_gbm,1.0,46,375,0.1956095040759026,-0.12846918127015178
feat_gbm,1.0,46,376,0.5509763182704485,0.43413099611324796
feat_gbm,1.0,46,377,0.406659801569196,0.8095384731463161
feat_gbm,1.0,46,378,0.23694593096398578,0.20303525329731625
feat_gbm,1.0,46,379,0.08220966413248505,0.524784145223057
feat_gbm,1.0,46,380,0.21999096107897473,0.8722609808312535
feat_gbm,1.0,46,381,-0.6695120553488232,1.0190202163897197
feat_gbm,1.0,46,382,0.3629055087988039,1.2715191268303472
feat_gbm,1.0,46,383,-0.40116139257472205,-0.13923746667536385
feat_gbm,1.0,46,384,-0.7874641771189755,-1.7983983483294153
feat_gbm,1.0,46,385,0.1656843161394938,0.5606037150840157
feat_gbm,1.0,46,386,0.6873955487308784,0.6003456151224621
feat_gbm,1.0,46,387,0.8093359039590574,1.3071718981356573
feat_gbm,1.0,46,388,0.10285452770771916,-0.19457283568776126
feat_gbm,1.0,46,389,-1.5119714276389924,-0.981880356960367
feat_gbm,1.0,46,390,-1.9625399738804024,-2.628024059072158
feat_gbm,1.0,46,391,-2.1541633852294257,-2.479262758098376
feat_gbm,1.0,46,392,-2.2038513238180757,-2.207941629114672
feat_gbm,1.0,46,393,-2.0676556559582178,-2.806586620215901
feat_gbm,1.0,46,394,-0.8174724064710885,-0.16842623590390868
feat_gbm,1.0,46,395,0.2889957566332742,0.3596423409999632
feat_gbm,1.0,46,396,-2.8556322616180605,-3.117667066362407
feat_gbm,1.0,46,397,0.9192809680500369,0.6134086288650079
feat_gbm,1.0,46,398,0.5172787777549683,0.5049020087080688
feat_gbm,1.0,46,399,-1.213690561381195,-1.0548605918119196
feat_gbm,1.0,46,400,-3.3748207926024136,-2.877676775828332
feat_gbm,1.0,46,401,-0.04063513527836112,0.015654415635624343
feat_gbm,1.0,46,402,-0.4092987968279481,-0.7027824676465185
feat_gbm,1.0,46,403,0.053768744195991154,0.6733427913489138
feat_gbm,1.0,46,404,-0.1322778422823032,0.03259550049258387
feat_gbm,1.0,46,405,-2.9097029302042277,-3.4179416205706223
feat_gbm,1.0,46,406,-2.3598833385322324,-1.6563158072976616
feat_gbm,1.0,46,407,0.01720313294704133,0.3281041495218151
feat_gbm,1.0,46,408,-0.6948656646519666,-1.498502430121411
feat_gbm,1.0,46,409,-1.1112059357762125,-1.5390850133499359
feat_gbm,1.0,46,410,-1.815293759167037,-3.8769914364338094
feat_gbm,1.0,46,411,-0.7819240508639764,-1.1093409530974205
feat_gbm,1.0,46,412,-2.643073101494788,-2.1356441225652167
feat_gbm,1.0,46,413,0.3618412579005245,0.5613925387002681
feat_gbm,1.0,46,414,-2.532994285788675,-2.672303525149137
feat_gbm,1.0,46,415,0.3819339591581892,0.9887747910888531
feat_gbm,1.0,46,416,-2.960805576488263,-2.064740642123073
feat_gbm,1.0,46,417,-0.7216499942775069,-0.13534283366780814
feat_gbm,1.0,46,418,-0.11623737557850286,0.5266566940316069
feat_gbm,1.0,46,419,-0.3302513035475868,-0.7929716308762645
feat_gbm,1.0,46,420,-0.21608516595548913,0.22081989653443584
feat_gbm,1.0,46,421,-3.5873391314534433,-3.4911396429773087
feat_gbm,1.0,46,422,-0.5189031571149567,0.4691563032653497
feat_gbm,1.0,46,423,-0.0259610924020127,-0.21242164749251408
feat_gbm,1.0,46,424,-2.0708522943395766,-2.0235730224261497
feat_gbm,1.0,46,425,-0.2709463891675032,0.1881042769243711
feat_gbm,1.0,46,426,-0.9847644412319572,-0.7546830882020855
feat_gbm,1.0,46,427,-1.5372786205773112,-2.004418163271322
feat_gbm,1.0,46,428,-0.14855098729730778,0.08108350485015015
feat_gbm,1.0,46,429,-1.457895450473567,-0.8958783842144782
feat_gbm,1.0,46,430,-1.0202238673104917,-0.700178367515834
feat_gbm,1.0,46,431,-2.1340240522121157,-2.026447754843476
feat_gbm,1.0,46,432,-3.099166490640542,-3.3644112924118934
feat_gbm,1.0,46,433,-2.6242794924815414,-2.4777804975332844
feat_gbm,1.0,46,434,-3.3689302160506345,-3.6407879329147783
feat_gbm,1.0,46,435,0.2880935615720202,0.8140524350977956
feat_gbm,1.0,46,436,-0.6540599660131929,-0.6342245759550225
feat_gbm,1.0,46,437,-1.0383654597122745,-1.0170271575608654
feat_gbm,1.0,46,438,0.3431621681777133,1.2058566336630974
feat_gbm,1.0,46,439,0.9331184680128835,1.04159183954478
feat_gbm,1.0,46,440,-0.49533796586147383,-0.383754051292973
feat_gbm,1.0,46,441,1.0230755295224574,0.9717849563735496
feat_gbm,1.0,46,442,0.8742897217913257,0.915394257773604
feat_gbm,1.0,46,443,-0.0009524733183706815,0.17619398118278368
feat_gbm,1.0,46,444,-2.8569030170142824,-2.3026142847949007
feat_gbm,1.0,46,445,-0.14130192872675515,-2.156995715227189
feat_gbm,1.0,46,446,-1.8347266387814622,-1.9647154613855007
feat_gbm,1.0,46,447,-1.3811207517670376,-1.2167428909736953
feat_gbm,1.0,46,448,-0.4450583722897739,0.371748058948411
feat_gbm,1.0,46,449,-2.6778187417022723,-3.354914600670279
feat_gbm,1.0,46,450,-1.1276350760524942,-2.0984010901330774
feat_gbm,1.0,46,451,-0.9874728855232514,-1.8411195968283314
feat_gbm,1.0,46,452,-0.3682754238500569,-0.2866386615093297
feat_gbm,1.0,46,453,-1.974870803455694,-2.1769502099219324
feat_gbm,1.0,46,454,0.15082008529063057,0.851829112076475
feat_gbm,1.0,46,455,0.3048914211832176,-0.5174982843777256
feat_gbm,1.0,46,456,-2.5795471916847523,-3.7883351795095335
feat_gbm,1.0,46,457,-2.7507833830430677,-1.3225504843777425
feat_gbm,1.0,46,458,-0.37064368933356934,-0.6304710111145473
feat_gbm,1.0,46,459,-2.055796042332382,-2.867776928577639
feat_gbm,1.0,46,460,-0.2705388941727955,-0.20106453453544149
feat_gbm,1.0,46,461,0.9524381163949039,0.565413433251147
feat_gbm,1.0,46,462,-0.10665049392934177,0.6531860801292728
feat_gbm,1.0,46,463,-3.0939051036544236,-3.295531334571209
feat_gbm,1.0,46,464,-0.9049542864794569,-1.118951529136503
feat_gbm,1.0,46,465,-0.09163428119595692,0.08535922256033004
feat_gbm,1.0,46,466,-0.5718789158438785,0.2656879386171551
feat_gbm,1.0,46,467,-1.1446655009856432,-1.0764680911985907
feat_gbm,1.0,46,468,1.9968688058897768,2.2503813782282114
feat_gbm,1.0,46,469,0.15561066078585606,-0.029700274932011248
feat_gbm,1.0,46,470,-2.7598855627382375,-2.1918010579584375
feat_gbm,1.0,46,471,0.46164609452754396,-0.12537364897776127
feat_gbm,1.0,46,472,-1.2034240576468536,-1.3714574409892777
feat_gbm,1.0,46,473,-0.7991074068207937,-1.0216450817816245
feat_gbm,1.0,46,474,-0.9799653558652971,-0.8313233833759152
feat_gbm,1.0,46,475,-2.287689277949918,-3.25243582884057
feat_gbm,1.0,46,476,0.37221631655488246,0.8737365575305754
feat_gbm,1.0,46,477,-2.390467543264025,-1.8373017486027088
feat_gbm,1.0,46,478,-1.8032157439270267,-1.909749317133085
feat_gbm,1.0,46,479,0.10115504966705326,0.418341725137149
feat_gbm,1.0,46,480,-3.004486961715925,-2.8689304810445995
feat_gbm,1.0,46,481,-3.187736267327698,-3.9192950012633494
feat_gbm,1.0,46,482,0.20065333694614007,0.8191907452202399
feat_gbm,1.0,46,483,-2.4720201226906786,-2.7371748494528005
feat_gbm,1.0,46,484,-0.21689169508790618,0.043868991079412875
feat_gbm,1.0,46,485,-2.0695437630886535,-3.9571024828402512
feat_gbm,1.0,46,486,-2.021067867627715,-0.8286091055291892
feat_gbm,1.0,46,487,0.9665073973946354,1.1086460137612473
feat_gbm,1.0,46,488,-0.7386255513303103,-1.0899995989348372
feat_gbm,1.0,46,489,-1.8553283500573408,-2.9260181182274523
feat_gbm,1.0,46,490,0.038851169983197945,0.01778898425240747
feat_gbm,1.0,46,491,0.11806843900229803,-0.388546054063584
feat_gbm,1.0,46,492,-1.395087630261998,-0.8483910406321095
feat_gbm,1.0,46,493,-2.438822363325277,-2.4855190663855797
feat_gbm,1.0,46,494,-0.3049552529369964,-0.6027729178489412
feat_gbm,1.0,46,495,-3.2617855855993123,-1.5285925057254015
feat_gbm,1.0,46,496,0.47864720468632743,1.0092174422839322
feat_gbm,1.0,46,497,-2.504232220942926,-2.421052301727873
feat_gbm,1.0,46,498,-3.565406514148869,-3.2283141264699093
feat_gbm,1.0,46,499,-3.1660548557059847,-4.907212199848568
feat_gbm,2.0,42,0,-0.851532199721963,0.03894909458183669
feat_gbm,2.0,42,1,-2.3217011995629253,-2.5052564746229193
feat_gbm,2.0,42,2,0.06855669515431062,0.6287827851917782
feat_gbm,2.0,42,3,-2.7602294629422257,-3.3447289283878643
feat_gbm,2.0,42,4,1.0974701081549698,0.9694015026406426
feat_gbm,2.0,42,5,-1.685931088130856,-2.4693709778233526
feat_gbm,2.0,42,6,-0.017297957248615155,-0.2819211013310965
feat_gbm,2.0,42,7,0.10424647286149828,0.5289578846490461
feat_gbm,2.0,42,8,-0.051407729888487,0.032863622186365654
feat_gbm,2.0,42,9,0.6176964721904779,0.9352707853930591
feat_gbm,2.0,42,10,-1.6794465540942658,-1.5987558134683666
feat_gbm,2.0,42,11,-2.6136720907743602,-3.2678706438993954
feat_gbm,2.0,42,12,-2.9348415712052485,-2.445380546146449
feat_gbm,2.0,42,13,-0.7789685898733282,-0.4471217519653716
feat_gbm,2.0,42,14,-1.7731553025766507,-1.8343062920535937
feat_gbm,2.0,42,15,-1.3993970364655606,-2.278287047942225
feat_gbm,2.0,42,16,-1.422288770191533,-1.113015507562239
feat_gbm,2.0,42,17,-1.6646117897587227,-1.149386040828735
feat_gbm,2.0,42,18,-0.42790067361642875,-0.4541092694382234
feat_gbm,2.0,42,19,-2.7713824597941965,-2.8798658660471284
feat_gbm,2.0,42,20,-3.0917582670601966,-3.281006200299989
feat_gbm,2.0,42,21,-1.548647752629284,-0.7889402030111288
feat_gbm,2.0,42,22,-0.5162281042967586,-0.48114593055133975
feat_gbm,2.0,42,23,-3.1141603823545996,-2.8038114998165153
feat_gbm,2.0,42,24,-3.768283487516765,-2.6726430450531393
feat_gbm,2.0,42,25,-3.06814394350292,-3.141178249464176
feat_gbm,2.0,42,26,-3.1780978259689676,-3.8612362310489847
feat_gbm,2.0,42,27,-2.7257280751765083,-3.085821277369337
feat_gbm,2.0,42,28,-2.9556578053952496,-2.1153791712035637
feat_gbm,2.0,42,29,-0.9813905244372535,-0.5854112868629942
feat_gbm,2.0,42,30,-0.26465745422169235,0.13849791927417068
feat_gbm,2.0,42,31,-2.824461898781796,-2.779654184179668
feat_gbm,2.0,42,32,0.584754032212182,0.9166392391011026
feat_gbm,2.0,42,33,-2.703656630728559,-2.134444297962007
feat_gbm,2.0,42,34,0.07255655828264336,1.1224191581864646
feat_gbm,2.0,42,35,-3.1754761525265045,-2.7514680837461087
feat_gbm,2.0,42,36,-0.005485432914994961,0.7493710802437775
feat_gbm,2.0,42,37,-2.113763957481695,-2.157600461660938
feat_gbm,2.0,42,38,-1.1370004927140003,-1.7436371170468024
feat_gbm,2.0,42,39,0.368660236096289,0.632388610685479
feat_gbm,2.0,42,40,-2.6694323153301824,-1.5024753827969588
feat_gbm,2.0,42,41,-2.638620456472038,-2.936018587066778
feat_gbm,2.0,42,42,-1.0713700951759373,-0.06406961406287034
feat_gbm,2.0,42,43,-0.6559665647951517,-0.43711075337934485
feat_gbm,2.0,42,44,-0.9804062456981433,0.521724778538647
feat_gbm,2.0,42,45,0.4683942581897705,-0.02881562555915001
feat_gbm,2.0,42,46,-2.4439153517728296,-2.6856700943784895
feat_gbm,2.0,42,47,-2.5045574052189976,-3.3419513202228783
feat_gbm,2.0,42,48,-0.1653022858181727,-0.35240032436669677
feat_gbm,2.0,42,49,-3.3339558919495897,-4.466027560457086
feat_gbm,2.0,42,50,-1.612152179979434,-1.2227887404747313
feat_gbm,2.0,42,51,-3.5721404785314204,-4.168130875201601
feat_gbm,2.0,42,52,-1.2475445667744707,-2.1825653069440887
feat_gbm,2.0,42,53,-2.916913115600903,-2.816977102698189
feat_gbm,2.0,42,54,0.18778162775200738,-0.9520374156321785
feat_gbm,2.0,42,55,0.5692259477246981,0.800460094219776
feat_gbm,2.0,42,56,0.2463933813402505,0.2782562560211116
feat_gbm,2.0,42,57,-0.24977204172639483,-0.7855200046266205
feat_gbm,2.0,42,58,-3.392666889965292,-2.837973637743256
feat_gbm,2.0,42,59,-1.280687936733236,0.3653424354755994
feat_gbm,2.0,42,60,-1.3484751424851946,-3.145987746693799
feat_gbm,2.0,42,61,-2.643692619363659,-2.1381844357326614
feat_gbm,2.0,42,62,-0.07900083800886604,0.3908315550690521
feat_gbm,2.0,42,63,-2.906442023221155,-3.259739876316779
feat_gbm,2.0,42,64,-2.2873833570860187,-3.799325775609258
feat_gbm,2.0,42,65,0.03880739139746598,0.2842997557356093
feat_gbm,2.0,42,66,0.09410893975037395,0.9099380077885143
feat_gbm,2.0,42,67,0.15075432265658953,0.5741223235018287
feat_gbm,2.0,42,68,1.0855343610421504,1.3807263582335993
feat_gbm,2.0,42,69,-0.13304341068707168,2.7357387204405055
feat_gbm,2.0,42,70,0.17915777071994454,-0.3782017485149665
feat_gbm,2.0,42,71,-1.1863598019714519,-0.6946521973220513
feat_gbm,2.0,42,72,-2.346369684057064,-3.510295151868067
feat_gbm,2.0,42,73,-0.68993948695911,-0.3643686170400702
feat_gbm,2.0,42,74,1.6743813907296239,1.1835884152793859
feat_gbm,2.0,42,75,0.06836068498428402,-0.38644824542838596
feat_gbm,2.0,42,76,0.3290758408580743,0.7005004452467647
feat_gbm,2.0,42,77,-0.0873987050892909,0.3770911051312199
feat_gbm,2.0,42,78,-0.0814865478333891,-0.5374783823521183
feat_gbm,2.0,42,79,-2.3427439256214657,-3.2499450611549854
feat_gbm,2.0,42,80,-2.224604958845402,-1.719925172279684
feat_gbm,2.0,42,81,-0.1451385143868828,1.8185710395242058
feat_gbm,2.0,42,82,-1.5862599828268245,-1.0758778979961314
feat_gbm,2.0,42,83,-1.057957800966214,-0.8033140510569362
feat_gbm,2.0,42,84,-1.988110164201811,-2.0837035815006346
feat_gbm,2.0,42,85,-1.802801832223669,-1.2430797823904942
feat_gbm,2.0,42,86,0.26870671941167357,0.639317965424242
feat_gbm,2.0,42,87,-0.5180736015169137,-0.02321591952008587
feat_gbm,2.0,42,88,-2.2169089832878797,-3.512086916650174
feat_gbm,2.0,42,89,-1.7011220188951737,-1.684363733317816
feat_gbm,2.0,42,90,-2.7700419664791154,-3.5341996208099964
feat_gbm,2.0,42,91,0.525280889866973,1.1574629997660548
feat_gbm,2.0,42,92,-1.3289931046738428,-0.7651863719989663
feat_gbm,2.0,42,93,-1.9363171512863597,-5.7708125015304885
feat_gbm,2.0,42,94,0.19147241414689742,0.07374698385127064
feat_gbm,2.0,42,95,-0.7781755900583438,1.201566413592891
feat_gbm,2.0,42,96,0.9912313158653991,1.2655480006709303
feat_gbm,2.0,42,97,-2.7333710368327444,-3.2217777708537843
feat_gbm,2.0,42,98,-1.9993052683626362,-1.2120387208328698
feat_gbm,2.0,42,99,-0.4758466638527448,-0.04015373686183237
feat_gbm,2.0,42,100,-3.3471632667157913,-2.8384481914339785
feat_gbm,2.0,42,101,-2.8725972366538604,-3.541068619782685
feat_gbm,2.0,42,102,-3.3599134643601363,-4.424727465058162
feat_gbm,2.0,42,103,-1.0185456495432208,-0.7652009130347144
feat_gbm,2.0,42,104,-0.4829947089044329,-0.406664655497914
feat_gbm,2.0,42,105,-2.50668416554065,-2.8019031633754246
feat_gbm,2.0,42,106,-1.7130909617083006,-1.1978192780958505
feat_gbm,2.0,42,107,-1.7060404498903097,-1.2497822804421463
feat_gbm,2.0,42,108,0.13802198428197987,-0.2003702404752673
feat_gbm,2.0,42,109,-1.3443883701432158,-0.28745536208379296
feat_gbm,2.0,42,110,-0.09934436115464752,0.2838469771831524
feat_gbm,2.0,42,111,-0.6702785531568891,0.6579850926301614
feat_gbm,2.0,42,112,0.01993616781033566,-0.4279263804064609
feat_gbm,2.0,42,113,0.17219820040088288,0.527327823801956
feat_gbm,2.0,42,114,-2.346714647238243,-3.652947895428966
feat_gbm,2.0,42,115,-0.8220158135243897,-0.04287987221360797
feat_gbm,2.0,42,116,-2.6872278181113822,-3.4409421360670214
feat_gbm,2.0,42,117,-2.773563226198516,-2.4284095097884006
feat_gbm,2.0,42,118,-2.4640608823159234,-1.419217075367618
feat_gbm,2.0,42,119,-0.4996131184814384,-1.4944271796191557
feat_gbm,2.0,42,120,-3.299965379795227,-2.797137626437216
feat_gbm,2.0,42,121,-0.011276599469020966,3.1321125804877905
feat_gbm,2.0,42,122,-0.6806099999721864,-3.164895556438051
feat_gbm,2.0,42,123,0.40824846964757,-0.021234684620174846
feat_gbm,2.0,42,124,-1.5170061164659092,-1.246001114532972
feat_gbm,2.0,42,125,-1.141644761922537,-2.7130193085566443
feat_gbm,2.0,42,126,-0.7125245083300265,-2.0560780011130944
feat_gbm,2.0,42,127,-2.857217464089134,-1.631222331554067
feat_gbm,2.0,42,128,-0.944422374934959,-3.477307725783656
feat_gbm,2.0,42,129,-0.38279381988062,1.7007542891568868
feat_gbm,2.0,42,130,0.07937301657132753,-3.4021624962570822
feat_gbm,2.0,42,131,-3.0491394197174877,-3.701149444421242
feat_gbm,2.0,42,132,-0.3311090625387241,-0.4116741376471012
feat_gbm,2.0,42,133,-0.744077520073043,-0.5680375850475197
feat_gbm,2.0,42,134,-3.1000305691007934,-1.4788189923590598
feat_gbm,2.0,42,135,-2.229331429158766,-2.9896549957503007
feat_gbm,2.0,42,136,0.0037496812331595667,0.11194117436713467
feat_gbm,2.0,42,137,0.5628905334602397,1.7147062893715772
feat_gbm,2.0,42,138,-2.3260946379487115,-1.9709125209383296
feat_gbm,2.0,42,139,-0.19360337249082912,0.19937477723826902
feat_gbm,2.0,42,140,-2.873585029066213,-2.8223726616431475
feat_gbm,2.0,42,141,-0.32943818458816343,-0.12380828599000025
feat_gbm,2.0,42,142,-1.9616573940955382,-2.97521232911642
feat_gbm,2.0,42,143,-2.1185525265041307,-1.9484557479617686
feat_gbm,2.0,42,144,-0.06487831737793257,1.244093655886106
feat_gbm,2.0,42,145,-2.14828403635789,-2.0280859266176816
feat_gbm,2.0,42,146,-2.7378311324618503,-2.0754073031653366
feat_gbm,2.0,42,147,-0.1706179725544493,-0.11331641159387335
feat_gbm,2.0,42,148,-2.617884342707067,-2.620298039600635
feat_gbm,2.0,42,149,-3.0556779029138728,-3.8395532227602396
feat_gbm,2.0,42,150,0.1588862127798939,-2.149698272240366
feat_gbm,2.0,42,151,-2.991270293422161,-3.1594376779318036
feat_gbm,2.0,42,152,-2.1442092338638754,-2.7712141114581046
feat_gbm,2.0,42,153,-0.567622355513896,-1.1483368403810985
feat_gbm,2.0,42,154,-1.2218773561769987,-1.4700676700115773
feat_gbm,2.0,42,155,-0.08352030975726814,1.4088416749712322
feat_gbm,2.0,42,156,-0.2978816413089649,0.7564704220494097
feat_gbm,2.0,42,157,-1.2690709974684795,-1.7148995557963913
feat_gbm,2.0,42,158,-1.0226520605014175,-2.8595355115547196
feat_gbm,2.0,42,159,-1.4150220258422705,-0.9922400520728849
feat_gbm,2.0,42,160,1.179858841422386,1.8585227307534937
feat_gbm,2.0,42,161,-3.1189134520886888,-2.477654537850602
feat_gbm,2.0,42,162,-3.4366934157070803,-2.993764039868935
feat_gbm,2.0,42,163,-1.7504524377406967,-1.1722671160336509
feat_gbm,2.0,42,164,-2.7581626966984447,-1.6577576086204497
feat_gbm,2.0,42,165,-1.755572974314059,-2.9770186999323642
feat_gbm,2.0,42,166,-2.2214792223863102,-3.2329952824425443
feat_gbm,2.0,42,167,-0.19865013244958538,0.19550508612775644
feat_gbm,2.0,42,168,-0.9244663313847491,-1.2639642813248737
feat_gbm,2.0,42,169,1.3007259419267811,1.4224064134580066
feat_gbm,2.0,42,170,-2.424333028064245,-1.5303724784706008
feat_gbm,2.0,42,171,0.035073841646575364,0.6086346650572224
feat_gbm,2.0,42,172,0.13407710388438487,-0.052232489626048526
feat_gbm,2.0,42,173,-2.2550909184437664,-0.19074605880313256
feat_gbm,2.0,42,174,-2.567727984436047,-2.7678232596734214
feat_gbm,2.0,42,175,-2.412952333856164,-1.6557092188829319
feat_gbm,2.0,42,176,0.4788946480397451,0.12081831439914445
feat_gbm,2.0,42,177,-0.37235744558990164,3.7031714993021168
feat_gbm,2.0,42,178,-0.5378630197571485,-0.17761292562564054
feat_gbm,2.0,42,179,0.36597144533077336,0.2295122735959306
feat_gbm,2.0,42,180,-1.3341392949233637,-1.6401012725318311
feat_gbm,2.0,42,181,-2.80330571575428,-3.399461101549646
feat_gbm,2.0,42,182,0.18714700731158032,0.5421608664871393
feat_gbm,2.0,42,183,-2.813228788474369,-3.7858185839721776
feat_gbm,2.0,42,184,0.29731178691946397,0.4440956773301304
feat_gbm,2.0,42,185,-0.6150422580580611,0.5450962365111649
feat_gbm,2.0,42,186,-2.7027405061949294,-3.094441269353033
feat_gbm,2.0,42,187,0.07787801327733485,1.436275522654785
feat_gbm,2.0,42,188,-0.17715401512274442,-0.003208414280501246
feat_gbm,2.0,42,189,-2.6416431528864814,-2.0766448721687736
feat_gbm,2.0,42,190,-2.511609472060139,-2.887011097372245
feat_gbm,2.0,42,191,-0.43471151104382305,-0.19564387773269687
feat_gbm,2.0,42,192,-2.5235046575096574,-3.39219136175158
feat_gbm,2.0,42,193,-3.94063964230686,-4.804455114758695
feat_gbm,2.0,42,194,-0.8798376392291771,-0.23230879418151415
feat_gbm,2.0,42,195,1.050366338615836,0.7768952289284052
feat_gbm,2.0,42,196,-3.162812851998829,-3.0758975731441707
feat_gbm,2.0,42,197,1.3637147932541926,1.8852948766094535
feat_gbm,2.0,42,198,0.039305752957273836,-0.07474663349946693
feat_gbm,2.0,42,199,1.6383836665834877,0.9295509098669842
feat_gbm,2.0,42,200,-0.025206166745352955,0.40408761039079466
feat_gbm,2.0,42,201,-2.579855705785375,-1.0185563947000995
feat_gbm,2.0,42,202,-1.9257159979711218,-1.5812541435625456
feat_gbm,2.0,42,203,-1.7457734828318572,-2.9269603411540346
feat_gbm,2.0,42,204,-0.12192700731017396,-0.9368237022381455
feat_gbm,2.0,42,205,-0.9429672889705626,-0.771906247259438
feat_gbm,2.0,42,206,-2.780445517363529,-1.4457766532498904
feat_gbm,2.0,42,207,-2.5542248746546585,-2.4752738768021185
feat_gbm,2.0,42,208,-3.3974372918242746,-2.8789590131308262
feat_gbm,2.0,42,209,-2.9192030133202027,-2.6986856152036793
feat_gbm,2.0,42,210,0.3156124645212902,0.05837096406180189
feat_gbm,2.0,42,211,-2.1512949860111577,-2.2327070274631113
feat_gbm,2.0,42,212,-0.8279754251406646,0.15758807445032513
feat_gbm,2.0,42,213,0.814840139943277,0.5234750924970406
feat_gbm,2.0,42,214,0.4172778197253909,0.8312555987922697
feat_gbm,2.0,42,215,-2.5260903707956266,-0.7699972654610447
feat_gbm,2.0,42,216,-2.007374857482886,-2.4368834827463726
feat_gbm,2.0,42,217,-3.4521592752748314,-3.7421886443248944
feat_gbm,2.0,42,218,-2.521479994687311,-4.3753265313120195
feat_gbm,2.0,42,219,-0.04183750136625995,0.13181597567614448
feat_gbm,2.0,42,220,-2.372709137863047,-2.150299196146146
feat_gbm,2.0,42,221,-0.242781194878824,0.4316281043505307
feat_gbm,2.0,42,222,0.20629010600665265,0.20581216265343685
feat_gbm,2.0,42,223,-0.9091065889608807,-1.7226779576420432
feat_gbm,2.0,42,224,0.5618408864543548,1.0701061526100661
feat_gbm,2.0,42,225,-3.3403347381632043,-2.995983076644188
feat_gbm,2.0,42,226,0.023149837676368478,-0.39103048890459524
feat_gbm,2.0,42,227,-2.456573127336832,-2.811377433191803
feat_gbm,2.0,42,228,0.039747212308968605,0.1103569248772952
feat_gbm,2.0,42,229,0.23964408702782927,1.0926797996732165
feat_gbm,2.0,42,230,-1.777982314983207,-1.1465469989616057
feat_gbm,2.0,42,231,-3.617318375751334,-3.7045714701961474
feat_gbm,2.0,42,232,-0.4707679048301858,-0.3205795311611984
feat_gbm,2.0,42,233,-0.0035801564903671533,-0.7282288274356463
feat_gbm,2.0,42,234,-0.2300845381458225,-0.6143938277881194
feat_gbm,2.0,42,235,-3.5654019051145336,-3.717493513170671
feat_gbm,2.0,42,236,-1.450419151726842,-1.894186438607053
feat_gbm,2.0,42,237,-0.07568323550652944,0.19101892391720615
feat_gbm,2.0,42,238,-2.68864763257489,-2.723653519266766
feat_gbm,2.0,42,239,0.44411069468655456,0.28172679866345784
feat_gbm,2.0,42,240,-1.244630201207322,-0.570916259780521
feat_gbm,2.0,42,241,-1.038340934102002,-3.037607674189957
feat_gbm,2.0,42,242,-3.3814390274266137,-2.4824067099880884
feat_gbm,2.0,42,243,0.06331189212871009,1.793244191067856
feat_gbm,2.0,42,244,-2.621270477111778,-2.170563194223024
feat_gbm,2.0,42,245,-2.997089644234075,-2.5580286375581696
feat_gbm,2.0,42,246,-2.427849114896038,-3.9013363177662743
feat_gbm,2.0,42,247,-1.2481764515799028,-1.2689211715035387
feat_gbm,2.0,42,248,-2.9121414645404147,-2.89795980370705
feat_gbm,2.0,42,249,-1.5952269264919208,-1.149470325468549
feat_gbm,2.0,42,250,-1.4557526293224667,-2.1803876537888693
feat_gbm,2.0,42,251,-1.8942802201129034,-1.2010659028736028
feat_gbm,2.0,42,252,-2.8053660293468012,-2.675840590612525
feat_gbm,2.0,42,253,-1.852627493507935,-0.865421424414132
feat_gbm,2.0,42,254,-1.5066225803545248,-0.45089388998719687
feat_gbm,2.0,42,255,-2.6383309984556176,-1.477655138121315
feat_gbm,2.0,42,256,-2.539087750321344,-1.9234128661936198
feat_gbm,2.0,42,257,-2.2987599846431475,-0.8895479413744646
feat_gbm,2.0,42,258,-1.4395978235751747,-1.284701881398344
feat_gbm,2.0,42,259,-0.3272411492132737,0.03791276039075724
feat_gbm,2.0,42,260,-2.3955929555547066,-1.213907680807544
feat_gbm,2.0,42,261,-0.21095448105455838,-0.6937064881158975
feat_gbm,2.0,42,262,0.2768049049544928,-2.500344974429108
feat_gbm,2.0,42,263,-2.2206391714048395,-3.0782877743164985
feat_gbm,2.0,42,264,-3.007732919756203,-3.2702790535172426
feat_gbm,2.0,42,265,-0.057333265682588015,-0.15746453031192983
feat_gbm,2.0,42,266,-1.9930466008800964,-1.3930653126164372
feat_gbm,2.0,42,267,-2.879482400476868,-3.460520174484755
feat_gbm,2.0,42,268,-1.972696853160528,-1.8115923421665279
feat_gbm,2.0,42,269,0.002841061905071117,-0.04785951915829837
feat_gbm,2.0,42,270,-1.1343184154275172,-1.3387838926701625
feat_gbm,2.0,42,271,0.4847970184985309,0.6172482925771328
feat_gbm,2.0,42,272,-0.8131340906022436,0.10718580269537517
feat_gbm,2.0,42,273,-2.0137380787270693,-2.4250613993713395
feat_gbm,2.0,42,274,-0.9512593605911163,-0.4656136934058211
feat_gbm,2.0,42,275,-2.6861391019087066,-1.7679071058666047
feat_gbm,2.0,42,276,-1.3199909771472482,-0.15192249005847586
feat_gbm,2.0,42,277,-0.3605686899691983,-0.22686658439221394
feat_gbm,2.0,42,278,-1.0036932087595285,-0.3963273628232521
feat_gbm,2.0,42,279,-1.8337138003787825,-2.1916982233579314
feat_gbm,2.0,42,280,0.25467850684836285,0.5138857123822332
feat_gbm,2.0,42,281,-0.049709025224402764,0.13501120436460418
feat_gbm,2.0,42,282,0.01712016260869028,-0.35232291748203215
feat_gbm,2.0,42,283,0.21529872099734437,0.33710059568630363
feat_gbm,2.0,42,284,1.4780089411228972,2.2269494594330284
feat_gbm,2.0,42,285,-1.0094008013605915,-0.8523290277873723
feat_gbm,2.0,42,286,0.006595968517999077,0.5032694866056324
feat_gbm,2.0,42,287,-2.0769779196635256,-3.0734310124071125
feat_gbm,2.0,42,288,-2.72985405742918,-3.0969464995649485
feat_gbm,2.0,42,289,0.09493162316022073,0.8088909840914691
feat_gbm,2.0,42,290,-1.7251925011961242,-1.710735902712342
feat_gbm,2.0,42,291,-0.04573690806343076,-0.24588513525180683
feat_gbm,2.0,42,292,-2.97986362780364,-2.9910915714149957
feat_gbm,2.0,42,293,0.024460540256979375,0.24397961438558982
feat_gbm,2.0,42,294,0.2119951699499505,0.9827222917401395
feat_gbm,2.0,42,295,0.15852332355966797,1.5399914318848642
feat_gbm,2.0,42,296,-2.145040346304614,-3.028104854063688
feat_gbm,2.0,42,297,-0.011923471996805816,-1.9675880903276046
feat_gbm,2.0,42,298,-0.18792442946146232,0.3882116190950413
feat_gbm,2.0,42,299,-1.3753162015671394,-0.4169590587595381
feat_gbm,2.0,42,300,-1.210958865074395,-0.47104701624968015
feat_gbm,2.0,42,301,-0.9482229420303401,-0.5788171023402015
feat_gbm,2.0,42,302,-2.4803236893173852,-3.325334912618423
feat_gbm,2.0,42,303,-0.993906339898613,0.27214776974989446
feat_gbm,2.0,42,304,0.04884696654471698,0.2838761456734127
feat_gbm,2.0,42,305,0.5282168311961319,0.98356576927226
feat_gbm,2.0,42,306,-2.5644677152866273,-2.324804251846344
feat_gbm,2.0,42,307,-0.23349917449646695,-0.30060412365222405
feat_gbm,2.0,42,308,-2.9119403701376263,-3.5706943269006843
feat_gbm,2.0,42,309,-0.3601040908492191,0.7657986236992217
feat_gbm,2.0,42,310,-0.30857480636933327,-0.3760212383278314
feat_gbm,2.0,42,311,0.7200472259830086,0.903367601886353
feat_gbm,2.0,42,312,0.022476903927548215,0.2834145554969618
feat_gbm,2.0,42,313,0.07804511488367917,-0.8750381269167363
feat_gbm,2.0,42,314,-0.8020127051486584,-0.8911054934067958
feat_gbm,2.0,42,315,0.2919076618636543,0.2699623908229132
feat_gbm,2.0,42,316,-2.843001291651973,-4.034449774534175
feat_gbm,2.0,42,317,-0.18471616042418446,0.7302045063515665
feat_gbm,2.0,42,318,-1.8020574069571043,-2.5264159394565007
feat_gbm,2.0,42,319,-3.2341921635033675,-3.1280680478747835
feat_gbm,2.0,42,320,0.1145825996832342,-0.623194388118803
feat_gbm,2.0,42,321,-3.141413368113139,-4.172922463867305
feat_gbm,2.0,42,322,1.1256306310038948,1.0714029341973417
feat_gbm,2.0,42,323,-2.9025033866804173,-2.5538050374755565
feat_gbm,2.0,42,324,-1.7810513446762408,-1.5310020975326282
feat_gbm,2.0,42,325,-0.20180849280124377,-0.735749980772127
feat_gbm,2.0,42,326,-0.825887769342626,-0.5010306012352705
feat_gbm,2.0,42,327,-4.0639414041627395,-4.393123087746285
feat_gbm,2.0,42,328,-0.9803400944611732,0.6439364857563509
feat_gbm,2.0,42,329,-2.693481901753846,-2.60760252445046
feat_gbm,2.0,42,330,0.5028613813951348,0.46983427811083467
feat_gbm,2.0,42,331,-2.142262430545722,-1.149354435920189
feat_gbm,2.0,42,332,-2.003825774683963,-1.0961264399974935
feat_gbm,2.0,42,333,0.22143403113051174,1.4253561556633074
feat_gbm,2.0,42,334,0.8282625559418024,1.0406546288822482
feat_gbm,2.0,42,335,0.4045259789596464,-0.1286217558512718
feat_gbm,2.0,42,336,-1.9931342905777887,-1.7275974260064488
feat_gbm,2.0,42,337,-3.5068531000364227,-4.535227665039715
feat_gbm,2.0,42,338,-0.2191927799603952,-1.078833843619319
feat_gbm,2.0,42,339,-2.937107751574018,-2.035297396751524
feat_gbm,2.0,42,340,0.02561647115479989,0.4788286932125707
feat_gbm,2.0,42,341,0.16484963362112928,-0.4595082096564039
feat_gbm,2.0,42,342,-2.9655336609914817,-3.653430804591794
feat_gbm,2.0,42,343,0.535086414005516,0.2834522663037432
feat_gbm,2.0,42,344,0.06519045028575648,-0.15984972455285287
feat_gbm,2.0,42,345,-1.6418745919841913,-3.8822970119574354
feat_gbm,2.0,42,346,-2.3447576199378424,-2.5801989990218064
feat_gbm,2.0,42,347,-2.9725946116432604,-3.2622630695286134
feat_gbm,2.0,42,348,-0.823692980180402,-0.4894561152880944
feat_gbm,2.0,42,349,-1.6136736766058606,-3.0223552414624764
feat_gbm,2.0,42,350,0.7462076188108577,0.4215072765335228
feat_gbm,2.0,42,351,-2.4836359818935754,-1.8152752103400673
feat_gbm,2.0,42,352,0.25887104177991216,1.102263670511441
feat_gbm,2.0,42,353,0.4273593927982723,1.4454852001466738
feat_gbm,2.0,42,354,-3.1169094388110854,-3.6770060333191017
feat_gbm,2.0,42,355,-3.4731390011864187,-5.078652858832153
feat_gbm,2.0,42,356,0.021502459607917614,0.7815322159665122
feat_gbm,2.0,42,357,0.022111125931248997,0.6775133790495483
feat_gbm,2.0,42,358,-3.129218700424207,-3.5163570325540956
feat_gbm,2.0,42,359,-1.552459723875223,-4.157760523739404
feat_gbm,2.0,42,360,-0.9472952284772792,-0.18386357284099003
feat_gbm,2.0,42,361,-2.8892492199727817,-4.477383009144865
feat_gbm,2.0,42,362,-0.7245491638214132,0.2909126951240761
feat_gbm,2.0,42,363,-3.558330655202909,-3.5121531596302606
feat_gbm,2.0,42,364,-0.4034434288143285,-0.0019354464452207268
feat_gbm,2.0,42,365,-2.9752125369870948,-3.264666087597375
feat_gbm,2.0,42,366,-2.2571499473838594,-1.4961090632143375
feat_gbm,2.0,42,367,0.011541698129025474,-0.10305907560987346
feat_gbm,2.0,42,368,-0.5731427661199959,0.24601275195113992
feat_gbm,2.0,42,369,-0.96450811967005,-1.6400355118163064
feat_gbm,2.0,42,370,-2.6995483024777522,-1.5399226532969161
feat_gbm,2.0,42,371,-0.8959447200076478,-0.3336387161155974
feat_gbm,2.0,42,372,-0.5414978860976007,0.3185760540422761
feat_gbm,2.0,42,373,-0.4501780068057591,-0.30756424411789
feat_gbm,2.0,42,374,-3.2648055252215524,-3.551435429619069
feat_gbm,2.0,42,375,0.1302202002165243,-0.12846918127015178
feat_gbm,2.0,42,376,0.699130326489457,0.43413099611324796
feat_gbm,2.0,42,377,-0.013877841114724385,0.8095384731463161
feat_gbm,2.0,42,378,0.1685023169818017,0.20303525329731625
feat_gbm,2.0,42,379,-0.22972023700349115,0.524784145223057
feat_gbm,2.0,42,380,-0.03352924297287623,0.8722609808312535
feat_gbm,2.0,42,381,-0.8500515295624209,1.0190202163897197
feat_gbm,2.0,42,382,0.25438931923705466,1.2715191268303472
feat_gbm,2.0,42,383,-0.8783060265060909,-0.13923746667536385
feat_gbm,2.0,42,384,-1.610558453730432,-1.7983983483294153
feat_gbm,2.0,42,385,-0.512363603794542,0.5606037150840157
feat_gbm,2.0,42,386,0.6432325544683046,0.6003456151224621
feat_gbm,2.0,42,387,0.4645995482263597,1.3071718981356573
feat_gbm,2.0,42,388,0.04462507384176329,-0.19457283568776126
feat_gbm,2.0,42,389,-2.119249972506276,-0.981880356960367
feat_gbm,2.0,42,390,-2.417159802938847,-2.628024059072158
feat_gbm,2.0,42,391,-2.278090294761429,-2.479262758098376
feat_gbm,2.0,42,392,-2.373216482574855,-2.207941629114672
feat_gbm,2.0,42,393,-2.0008850310042163,-2.806586620215901
feat_gbm,2.0,42,394,-0.6970671505234116,-0.16842623590390868
feat_gbm,2.0,42,395,0.3194601947696362,0.3596423409999632
feat_gbm,2.0,42,396,-2.5396186213884313,-3.117667066362407
feat_gbm,2.0,42,397,0.7570307628859807,0.6134086288650079
feat_gbm,2.0,42,398,0.49675830268533483,0.5049020087080688
feat_gbm,2.0,42,399,-1.6723354889466584,-1.0548605918119196
feat_gbm,2.0,42,400,-3.589515399467359,-2.877676775828332
feat_gbm,2.0,42,401,0.06361172276207816,0.015654415635624343
feat_gbm,2.0,42,402,-0.1448612480332072,-0.7027824676465185
feat_gbm,2.0,42,403,0.3822881913286137,0.6733427913489138
feat_gbm,2.0,42,404,-0.7736008489934609,0.03259550049258387
feat_gbm,2.0,42,405,-2.621728901533851,-3.4179416205706223
feat_gbm,2.0,42,406,-2.5461700838130796,-1.6563158072976616
feat_gbm,2.0,42,407,-0.756508681729799,0.3281041495218151
feat_gbm,2.0,42,408,-0.7428773094260567,-1.498502430121411
feat_gbm,2.0,42,409,-1.0328690420170255,-1.5390850133499359
feat_gbm,2.0,42,410,-0.7188438795657379,-3.8769914364338094
feat_gbm,2.0,42,411,-0.5285760612810131,-1.1093409530974205
feat_gbm,2.0,42,412,-2.6066896919023437,-2.1356441225652167
feat_gbm,2.0,42,413,0.26134523119375846,0.5613925387002681
feat_gbm,2.0,42,414,-2.7264430224367335,-2.672303525149137
feat_gbm,2.0,42,415,0.31514625182708955,0.9887747910888531
feat_gbm,2.0,42,416,-3.5842338225864565,-2.064740642123073
feat_gbm,2.0,42,417,-0.29899478679216984,-0.13534283366780814
feat_gbm,2.0,42,418,0.24854213473131256,0.5266566940316069
feat_gbm,2.0,42,419,-2.0991279861759593,-0.7929716308762645
feat_gbm,2.0,42,420,-0.02535156528877469,0.22081989653443584
feat_gbm,2.0,42,421,-3.6417467284620426,-3.4911396429773087
feat_gbm,2.0,42,422,-0.9013328077220185,0.4691563032653497
feat_gbm,2.0,42,423,-0.15352453591567777,-0.21242164749251408
feat_gbm,2.0,42,424,-2.1680323874724485,-2.0235730224261497
feat_gbm,2.0,42,425,-0.34915164151893907,0.1881042769243711
feat_gbm,2.0,42,426,-0.8550493773448705,-0.7546830882020855
feat_gbm,2.0,42,427,-1.7877229522517835,-2.004418163271322
feat_gbm,2.0,42,428,-0.5006987488378738,0.08108350485015015
feat_gbm,2.0,42,429,-1.8417296655479372,-0.8958783842144782
feat_gbm,2.0,42,430,-1.5739207652310696,-0.700178367515834
feat_gbm,2.0,42,431,-2.0483871810875525,-2.026447754843476
feat_gbm,2.0,42,432,-3.2967600852357615,-3.3644112924118934
feat_gbm,2.0,42,433,-2.598156333484029,-2.4777804975332844
feat_gbm,2.0,42,434,-3.136326547575544,-3.6407879329147783
feat_gbm,2.0,42,435,-0.006843554119995582,0.8140524350977956
feat_gbm,2.0,42,436,-0.46733902217713935,-0.6342245759550225
feat_gbm,2.0,42,437,-0.9146837897680546,-1.0170271575608654
feat_gbm,2.0,42,438,-0.6077381347292665,1.2058566336630974
feat_gbm,2.0,42,439,0.45824193892777093,1.04159183954478
feat_gbm,2.0,42,440,-0.1454781316790322,-0.383754051292973
feat_gbm,2.0,42,441,0.8267736809084989,0.9717849563735496
feat_gbm,2.0,42,442,0.5472425534822665,0.915394257773604
feat_gbm,2.0,42,443,-0.5447093613828964,0.17619398118278368
feat_gbm,2.0,42,444,-2.824114291435331,-2.3026142847949007
feat_gbm,2.0,42,445,-0.26621185263683794,-2.156995715227189
feat_gbm,2.0,42,446,-1.9149267099985425,-1.9647154613855007
feat_gbm,2.0,42,447,-1.831199126304103,-1.2167428909736953
feat_gbm,2.0,42,448,-0.16062450883313187,0.371748058948411
feat_gbm,2.0,42,449,-2.0152581721180955,-3.354914600670279
feat_gbm,2.0,42,450,-0.9330694704554442,-2.0984010901330774
feat_gbm,2.0,42,451,-0.6748355969906981,-1.8411195968283314
feat_gbm,2.0,42,452,-0.011233053218954344,-0.2866386615093297
feat_gbm,2.0,42,453,-2.2947328171041983,-2.1769502099219324
feat_gbm,2.0,42,454,-0.3867139120301346,0.851829112076475
feat_gbm,2.0,42,455,0.4226857709866281,-0.5174982843777256
feat_gbm,2.0,42,456,-3.596100638110374,-3.7883351795095335
feat_gbm,2.0,42,457,-2.7359332853312175,-1.3225504843777425
feat_gbm,2.0,42,458,-0.6864740631484251,-0.6304710111145473
feat_gbm,2.0,42,459,-1.2481526054032304,-2.867776928577639
feat_gbm,2.0,42,460,-0.7576129689092848,-0.20106453453544149
feat_gbm,2.0,42,461,-0.2337356448183714,0.565413433251147
feat_gbm,2.0,42,462,-0.6880184064255719,0.6531860801292728
feat_gbm,2.0,42,463,-2.6541779629410835,-3.295531334571209
feat_gbm,2.0,42,464,-1.3410179784629477,-1.118951529136503
feat_gbm,2.0,42,465,-0.21850857742403854,0.08535922256033004
feat_gbm,2.0,42,466,-0.7539202793557116,0.2656879386171551
feat_gbm,2.0,42,467,-1.1553161875013875,-1.0764680911985907
feat_gbm,2.0,42,468,1.3149295445075615,2.2503813782282114
feat_gbm,2.0,42,469,0.20403524819973118,-0.029700274932011248
feat_gbm,2.0,42,470,-3.073720162119745,-2.1918010579584375
feat_gbm,2.0,42,471,-1.0444273773255948,-0.12537364897776127
feat_gbm,2.0,42,472,-0.9540019065343386,-1.3714574409892777
feat_gbm,2.0,42,473,-1.2328982777870976,-1.0216450817816245
feat_gbm,2.0,42,474,-0.551304058792301,-0.8313233833759152
feat_gbm,2.0,42,475,-2.4170887655300484,-3.25243582884057
feat_gbm,2.0,42,476,0.18857317924409478,0.8737365575305754
feat_gbm,2.0,42,477,-2.7950893200175795,-1.8373017486027088
feat_gbm,2.0,42,478,-2.039809433362487,-1.909749317133085
feat_gbm,2.0,42,479,0.06267244796081925,0.418341725137149
feat_gbm,2.0,42,480,-2.874682968455287,-2.8689304810445995
feat_gbm,2.0,42,481,-3.406731699323937,-3.9192950012633494
feat_gbm,2.0,42,482,0.5788758146574782,0.8191907452202399
feat_gbm,2.0,42,483,-2.4153636119813933,-2.7371748494528005
feat_gbm,2.0,42,484,0.17524678896827953,0.043868991079412875
feat_gbm,2.0,42,485,-1.8268434575246821,-3.9571024828402512
feat_gbm,2.0,42,486,-1.582144224772018,-0.8286091055291892
feat_gbm,2.0,42,487,0.41433887171836353,1.1086460137612473
feat_gbm,2.0,42,488,-0.7121816965032597,-1.0899995989348372
feat_gbm,2.0,42,489,-1.950720013460515,-2.9260181182274523
feat_gbm,2.0,42,490,-0.29141487140753497,0.01778898425240747
feat_gbm,2.0,42,491,0.09517262966917782,-0.388546054063584
feat_gbm,2.0,42,492,-1.9164527404863236,-0.8483910406321095
feat_gbm,2.0,42,493,-2.310913407565625,-2.4855190663855797
feat_gbm,2.0,42,494,-0.22556629709537762,-0.6027729178489412
feat_gbm,2.0,42,495,-3.8173532242645516,-1.5285925057254015
feat_gbm,2.0,42,496,0.1882047238541738,1.0092174422839322
feat_gbm,2.0,42,497,-2.83206769074796,-2.421052301727873
feat_gbm,2.0,42,498,-3.289116634475462,-3.2283141264699093
feat_gbm,2.0,42,499,-3.8293737864572015,-4.907212199848568
feat_gbm,2.0,43,0,-0.5736956433438842,0.03894909458183669
feat_gbm,2.0,43,1,-2.583660852100948,-2.5052564746229193
feat_gbm,2.0,43,2,0.08981458398162417,0.6287827851917782
feat_gbm,2.0,43,3,-2.8218317838484346,-3.3447289283878643
feat_gbm,2.0,43,4,1.1284005034835756,0.9694015026406426
feat_gbm,2.0,43,5,-1.0589529528430102,-2.4693709778233526
feat_gbm,2.0,43,6,-0.12541549583942957,-0.2819211013310965
feat_gbm,2.0,43,7,-0.16297698545911027,0.5289578846490461
feat_gbm,2.0,43,8,-0.001838898629307974,0.032863622186365654
feat_gbm,2.0,43,9,0.6450491282679998,0.9352707853930591
feat_gbm,2.0,43,10,-1.6643736533010345,-1.5987558134683666
feat_gbm,2.0,43,11,-2.626612395545902,-3.2678706438993954
feat_gbm,2.0,43,12,-2.876080048050272,-2.445380546146449
feat_gbm,2.0,43,13,-0.8197982918082671,-0.4471217519653716
feat_gbm,2.0,43,14,-1.7529666574062424,-1.8343062920535937
feat_gbm,2.0,43,15,-1.4477309103381637,-2.278287047942225
feat_gbm,2.0,43,16,-1.465915826316003,-1.113015507562239
feat_gbm,2.0,43,17,-1.2508803952003875,-1.149386040828735
feat_gbm,2.0,43,18,-0.19245563183071657,-0.4541092694382234
feat_gbm,2.0,43,19,-2.7120749365519665,-2.8798658660471284
feat_gbm,2.0,43,20,-3.106008413980098,-3.281006200299989
feat_gbm,2.0,43,21,-1.5180024292764678,-0.7889402030111288
feat_gbm,2.0,43,22,-0.7844641817500482,-0.48114593055133975
feat_gbm,2.0,43,23,-3.226328687344646,-2.8038114998165153
feat_gbm,2.0,43,24,-3.759862117372975,-2.6726430450531393
feat_gbm,2.0,43,25,-3.1042045333224184,-3.141178249464176
feat_gbm,2.0,43,26,-3.268353109932576,-3.8612362310489847
feat_gbm,2.0,43,27,-2.826215634499997,-3.085821277369337
feat_gbm,2.0,43,28,-3.0183079872506426,-2.1153791712035637
feat_gbm,2.0,43,29,-0.7436542033229986,-0.5854112868629942
feat_gbm,2.0,43,30,-0.3087639600993997,0.13849791927417068
feat_gbm,2.0,43,31,-2.895924696002521,-2.779654184179668
feat_gbm,2.0,43,32,0.7241336597324378,0.9166392391011026
feat_gbm,2.0,43,33,-2.6993790986460064,-2.134444297962007
feat_gbm,2.0,43,34,-0.1022391219296438,1.1224191581864646
feat_gbm,2.0,43,35,-3.239684543578693,-2.7514680837461087
feat_gbm,2.0,43,36,0.25385614827827,0.7493710802437775
feat_gbm,2.0,43,37,-1.9691461815208955,-2.157600461660938
feat_gbm,2.0,43,38,-1.2652065431523447,-1.7436371170468024
feat_gbm,2.0,43,39,0.380922146935421,0.632388610685479
feat_gbm,2.0,43,40,-2.5166188181607416,-1.5024753827969588
feat_gbm,2.0,43,41,-2.4805158407005763,-2.936018587066778
feat_gbm,2.0,43,42,-1.1994441377082892,-0.06406961406287034
feat_gbm,2.0,43,43,-0.5783547874238741,-0.43711075337934485
feat_gbm,2.0,43,44,-0.7251593124311815,0.521724778538647
feat_gbm,2.0,43,45,0.45465781390248483,-0.02881562555915001
feat_gbm,2.0,43,46,-2.4237891609985422,-2.6856700943784895
feat_gbm,2.0,43,47,-2.2927620533477118,-3.3419513202228783
feat_gbm,2.0,43,48,-0.3055187838993535,-0.35240032436669677
feat_gbm,2.0,43,49,-3.3178151303967915,-4.466027560457086
feat_gbm,2.0,43,50,-1.6526625278839506,-1.2227887404747313
feat_gbm,2.0,43,51,-3.5868176231250133,-4.168130875201601
feat_gbm,2.0,43,52,-1.3056440773521336,-2.1825653069440887
feat_gbm,2.0,43,53,-3.1449353281356047,-2.816977102698189
feat_gbm,2.0,43,54,-0.16206391558459549,-0.9520374156321785
feat_gbm,2.0,43,55,0.47647795602771187,0.800460094219776
feat_gbm,2.0,43,56,0.21248685741468942,0.2782562560211116
feat_gbm,2.0,43,57,-0.2270818256397829,-0.7855200046266205
feat_gbm,2.0,43,58,-3.3055445811559037,-2.837973637743256
feat_gbm,2.0,43,59,-1.1673873869945595,0.3653424354755994
feat_gbm,2.0,43,60,-1.3183176267006236,-3.145987746693799
feat_gbm,2.0,43,61,-2.9299622262479654,-2.1381844357326614
feat_gbm,2.0,43,62,-0.04821198537935174,0.3908315550690521
feat_gbm,2.0,43,63,-3.0885313931500367,-3.259739876316779
feat_gbm,2.0,43,64,-2.1179908830874647,-3.799325775609258
feat_gbm,2.0,43,65,0.6224105025790241,0.2842997557356093
feat_gbm,2.0,43,66,0.08184339850523153,0.9099380077885143
feat_gbm,2.0,43,67,0.004616780425174227,0.5741223235018287
feat_gbm,2.0,43,68,0.8807598976538015,1.3807263582335993
feat_gbm,2.0,43,69,-0.3766178124868731,2.7357387204405055
feat_gbm,2.0,43,70,0.28083395476011136,-0.3782017485149665
feat_gbm,2.0,43,71,-1.1346335404598271,-0.6946521973220513
feat_gbm,2.0,43,72,-2.345161339835051,-3.510295151868067
feat_gbm,2.0,43,73,-0.6161075946620782,-0.3643686170400702
feat_gbm,2.0,43,74,1.249130664149905,1.1835884152793859
feat_gbm,2.0,43,75,0.007712005956476328,-0.38644824542838596
feat_gbm,2.0,43,76,0.4596290510967009,0.7005004452467647
feat_gbm,2.0,43,77,0.2475719954199266,0.3770911051312199
feat_gbm,2.0,43,78,-0.034301659804032644,-0.5374783823521183
feat_gbm,2.0,43,79,-2.404759177300627,-3.2499450611549854
feat_gbm,2.0,43,80,-2.220607960915682,-1.719925172279684
feat_gbm,2.0,43,81,-0.5240109872728258,1.8185710395242058
feat_gbm,2.0,43,82,-0.9788225363580854,-1.0758778979961314
feat_gbm,2.0,43,83,-0.6469230509025473,-0.8033140510569362
feat_gbm,2.0,43,84,-1.9140462702441494,-2.0837035815006346
feat_gbm,2.0,43,85,-2.0631691031582178,-1.2430797823904942
feat_gbm,2.0,43,86,0.29405161401265545,0.639317965424242
feat_gbm,2.0,43,87,-0.5370417570318695,-0.02321591952008587
feat_gbm,2.0,43,88,-2.253328846956081,-3.512086916650174
feat_gbm,2.0,43,89,-1.8509089250205788,-1.684363733317816
feat_gbm,2.0,43,90,-3.0049695552484814,-3.5341996208099964
feat_gbm,2.0,43,91,0.20868280292358493,1.1574629997660548
feat_gbm,2.0,43,92,-1.3932116110053823,-0.7651863719989663
feat_gbm,2.0,43,93,-2.2320178261181964,-5.7708125015304885
feat_gbm,2.0,43,94,0.05158269773125059,0.07374698385127064
feat_gbm,2.0,43,95,-1.1240876150224894,1.201566413592891
feat_gbm,2.0,43,96,0.7594842165519503,1.2655480006709303
feat_gbm,2.0,43,97,-2.8416571211877364,-3.2217777708537843
feat_gbm,2.0,43,98,-1.4068095802442635,-1.2120387208328698
feat_gbm,2.0,43,99,-0.4646826838796951,-0.04015373686183237
feat_gbm,2.0,43,100,-3.586399686184473,-2.8384481914339785
feat_gbm,2.0,43,101,-2.986670927582336,-3.541068619782685
feat_gbm,2.0,43,102,-3.186973145744134,-4.424727465058162
feat_gbm,2.0,43,103,-0.982266881107424,-0.7652009130347144
feat_gbm,2.0,43,104,-0.54032890973207,-0.406664655497914
feat_gbm,2.0,43,105,-2.3822538535898996,-2.8019031633754246
feat_gbm,2.0,43,106,-1.7074999154238981,-1.1978192780958505
feat_gbm,2.0,43,107,-1.6381184996772322,-1.2497822804421463
feat_gbm,2.0,43,108,-0.02696330045383372,-0.2003702404752673
feat_gbm,2.0,43,109,-1.2361529211596312,-0.28745536208379296
feat_gbm,2.0,43,110,-0.050286041426523605,0.2838469771831524
feat_gbm,2.0,43,111,-0.6806387948380324,0.6579850926301614
feat_gbm,2.0,43,112,-0.2618126471494647,-0.4279263804064609
feat_gbm,2.0,43,113,0.08809502727585554,0.527327823801956
feat_gbm,2.0,43,114,-2.6377787982735423,-3.652947895428966
feat_gbm,2.0,43,115,-0.09113323248142273,-0.04287987221360797
feat_gbm,2.0,43,116,-2.5541792480013563,-3.4409421360670214
feat_gbm,2.0,43,117,-2.7250819793928427,-2.4284095097884006
feat_gbm,2.0,43,118,-2.4298593888616926,-1.419217075367618
feat_gbm,2.0,43,119,-0.666830019084122,-1.4944271796191557
feat_gbm,2.0,43,120,-3.4923385823917923,-2.797137626437216
feat_gbm,2.0,43,121,0.3156164074419289,3.1321125804877905
feat_gbm,2.0,43,122,-0.8107608921264011,-3.164895556438051
feat_gbm,2.0,43,123,-0.3046716821107188,-0.021234684620174846
feat_gbm,2.0,43,124,-1.335101165673485,-1.246001114532972
feat_gbm,2.0,43,125,-0.8866040813187908,-2.7130193085566443
feat_gbm,2.0,43,126,-0.7154779117647327,-2.0560780011130944
feat_gbm,2.0,43,127,-2.7503227489859983,-1.631222331554067
feat_gbm,2.0,43,128,-0.9006862891135454,-3.477307725783656
feat_gbm,2.0,43,129,-0.5241785112092379,1.7007542891568868
feat_gbm,2.0,43,130,0.2956134411301694,-3.4021624962570822
feat_gbm,2.0,43,131,-2.9894591379165,-3.701149444421242
feat_gbm,2.0,43,132,-0.4520496877009622,-0.4116741376471012
feat_gbm,2.0,43,133,-0.9684507869027575,-0.5680375850475197
feat_gbm,2.0,43,134,-3.0388235563360144,-1.4788189923590598
feat_gbm,2.0,43,135,-2.2313092859409425,-2.9896549957503007
feat_gbm,2.0,43,136,0.15624616038550904,0.11194117436713467
feat_gbm,2.0,43,137,0.4858752176666532,1.7147062893715772
feat_gbm,2.0,43,138,-2.6440347580618226,-1.9709125209383296
feat_gbm,2.0,43,139,-0.1336041417600451,0.19937477723826902
feat_gbm,2.0,43,140,-2.692276310896288,-2.8223726616431475
feat_gbm,2.0,43,141,-0.24436930067654955,-0.12380828599000025
feat_gbm,2.0,43,142,-1.9082997444115941,-2.97521232911642
feat_gbm,2.0,43,143,-2.335892087409976,-1.9484557479617686
feat_gbm,2.0,43,144,-0.381175760824779,1.244093655886106
feat_gbm,2.0,43,145,-1.9382326537831296,-2.0280859266176816
feat_gbm,2.0,43,146,-2.739649988150182,-2.0754073031653366
feat_gbm,2.0,43,147,-0.46771840670964027,-0.11331641159387335
feat_gbm,2.0,43,148,-2.7865055109552195,-2.620298039600635
feat_gbm,2.0,43,149,-3.274880582846023,-3.8395532227602396
feat_gbm,2.0,43,150,0.15747278719852936,-2.149698272240366
feat_gbm,2.0,43,151,-3.065426281549423,-3.1594376779318036
feat_gbm,2.0,43,152,-2.247102430988909,-2.7712141114581046
feat_gbm,2.0,43,153,-0.9131343942097115,-1.1483368403810985
feat_gbm,2.0,43,154,-1.4715085596136737,-1.4700676700115773
feat_gbm,2.0,43,155,0.24253374592570076,1.4088416749712322
feat_gbm,2.0,43,156,0.09647816929473091,0.7564704220494097
feat_gbm,2.0,43,157,-1.2804869306808384,-1.7148995557963913
feat_gbm,2.0,43,158,-1.1102389324975033,-2.8595355115547196
feat_gbm,2.0,43,159,-1.263690196818524,-0.9922400520728849
feat_gbm,2.0,43,160,1.3726487153962208,1.8585227307534937
feat_gbm,2.0,43,161,-2.8754517561155666,-2.477654537850602
feat_gbm,2.0,43,162,-3.406340319996548,-2.993764039868935
feat_gbm,2.0,43,163,-1.540017222243542,-1.1722671160336509
feat_gbm,2.0,43,164,-2.868365439481027,-1.6577576086204497
feat_gbm,2.0,43,165,-1.739827700208361,-2.9770186999323642
feat_gbm,2.0,43,166,-2.325824980099701,-3.2329952824425443
feat_gbm,2.0,43,167,-0.4463972669647976,0.19550508612775644
feat_gbm,2.0,43,168,-0.925880049023761,-1.2639642813248737
feat_gbm,2.0,43,169,1.260366323831979,1.4224064134580066
feat_gbm,2.0,43,170,-2.4224306096041923,-1.5303724784706008
feat_gbm,2.0,43,171,0.018577575435171738,0.6086346650572224
feat_gbm,2.0,43,172,-0.09389790154964008,-0.052232489626048526
feat_gbm,2.0,43,173,-2.1969481677878764,-0.19074605880313256
feat_gbm,2.0,43,174,-2.1776497677458986,-2.7678232596734214
feat_gbm,2.0,43,175,-2.107073017874846,-1.6557092188829319
feat_gbm,2.0,43,176,0.42417264067729427,0.12081831439914445
feat_gbm,2.0,43,177,-0.151051377050272,3.7031714993021168
feat_gbm,2.0,43,178,-0.32583653476183916,-0.17761292562564054
feat_gbm,2.0,43,179,0.009868898670116538,0.2295122735959306
feat_gbm,2.0,43,180,-1.5994139139858397,-1.6401012725318311
feat_gbm,2.0,43,181,-2.7965654789172008,-3.399461101549646
feat_gbm,2.0,43,182,0.10777879200271467,0.5421608664871393
feat_gbm,2.0,43,183,-2.5468521891154614,-3.7858185839721776
feat_gbm,2.0,43,184,-0.08262676182377847,0.4440956773301304
feat_gbm,2.0,43,185,-0.41652423083704737,0.5450962365111649
feat_gbm,2.0,43,186,-2.704274505952603,-3.094441269353033
feat_gbm,2.0,43,187,0.05892018028748211,1.436275522654785
feat_gbm,2.0,43,188,-0.1467970781225204,-0.003208414280501246
feat_gbm,2.0,43,189,-2.566154246954202,-2.0766448721687736
feat_gbm,2.0,43,190,-2.334277074150352,-2.887011097372245
feat_gbm,2.0,43,191,-0.5086461848355172,-0.19564387773269687
feat_gbm,2.0,43,192,-2.584010390527663,-3.39219136175158
feat_gbm,2.0,43,193,-3.8122128964871766,-4.804455114758695
feat_gbm,2.0,43,194,-0.7453198380356488,-0.23230879418151415
feat_gbm,2.0,43,195,0.8840258015089845,0.7768952289284052
feat_gbm,2.0,43,196,-3.1396591827502007,-3.0758975731441707
feat_gbm,2.0,43,197,1.1937140155358885,1.8852948766094535
feat_gbm,2.0,43,198,0.014043012626774565,-0.07474663349946693
feat_gbm,2.0,43,199,1.3285512026268946,0.9295509098669842
feat_gbm,2.0,43,200,-0.10180321166944208,0.40408761039079466
feat_gbm,2.0,43,201,-2.557684851085616,-1.0185563947000995
feat_gbm,2.0,43,202,-1.9937364310192,-1.5812541435625456
feat_gbm,2.0,43,203,-1.3071005404354636,-2.9269603411540346
feat_gbm,2.0,43,204,-0.1933953698198882,-0.9368237022381455
feat_gbm,2.0,43,205,-0.9902810913943365,-0.771906247259438
feat_gbm,2.0,43,206,-2.7283122788701664,-1.4457766532498904
feat_gbm,2.0,43,207,-2.6559727858976996,-2.4752738768021185
feat_gbm,2.0,43,208,-3.2633927923075943,-2.8789590131308262
feat_gbm,2.0,43,209,-3.065353995509881,-2.6986856152036793
feat_gbm,2.0,43,210,0.544651249460731,0.05837096406180189
feat_gbm,2.0,43,211,-1.8432104575301596,-2.2327070274631113
feat_gbm,2.0,43,212,-0.647438875039477,0.15758807445032513
feat_gbm,2.0,43,213,0.723555913311063,0.5234750924970406
feat_gbm,2.0,43,214,0.45764393468066344,0.8312555987922697
feat_gbm,2.0,43,215,-2.503371928353131,-0.7699972654610447
feat_gbm,2.0,43,216,-2.2125045332073676,-2.4368834827463726
feat_gbm,2.0,43,217,-3.5543882020149598,-3.7421886443248944
feat_gbm,2.0,43,218,-2.5706024430346623,-4.3753265313120195
feat_gbm,2.0,43,219,-0.14767965992875157,0.13181597567614448
feat_gbm,2.0,43,220,-2.4165807168670947,-2.150299196146146
feat_gbm,2.0,43,221,-0.43118641370613237,0.4316281043505307
feat_gbm,2.0,43,222,0.2978022620803997,0.20581216265343685
feat_gbm,2.0,43,223,-1.1607396004587505,-1.7226779576420432
feat_gbm,2.0,43,224,0.35801810241367144,1.0701061526100661
feat_gbm,2.0,43,225,-3.5459887743369833,-2.995983076644188
feat_gbm,2.0,43,226,0.027266942731381943,-0.39103048890459524
feat_gbm,2.0,43,227,-2.2893126606393075,-2.811377433191803
feat_gbm,2.0,43,228,-0.035616251910109434,0.1103569248772952
feat_gbm,2.0,43,229,0.2713476155120454,1.0926797996732165
feat_gbm,2.0,43,230,-2.0670553615856573,-1.1465469989616057
feat_gbm,2.0,43,231,-3.2943257840731475,-3.7045714701961474
feat_gbm,2.0,43,232,-0.5700151326236303,-0.3205795311611984
feat_gbm,2.0,43,233,-0.0786435437586529,-0.7282288274356463
feat_gbm,2.0,43,234,-0.16820679396744254,-0.6143938277881194
feat_gbm,2.0,43,235,-3.227662497944038,-3.717493513170671
feat_gbm,2.0,43,236,-1.59421731754701,-1.894186438607053
feat_gbm,2.0,43,237,-0.1020646931373295,0.19101892391720615
feat_gbm,2.0,43,238,-2.553864613662968,-2.723653519266766
feat_gbm,2.0,43,239,0.20793960630672065,0.28172679866345784
feat_gbm,2.0,43,240,-1.0653534659323904,-0.570916259780521
feat_gbm,2.0,43,241,-1.210323672758899,-3.037607674189957
feat_gbm,2.0,43,242,-3.270416100771049,-2.4824067099880884
feat_gbm,2.0,43,243,-0.3840514232760655,1.793244191067856
feat_gbm,2.0,43,244,-2.6223961572076284,-2.170563194223024
feat_gbm,2.0,43,245,-3.066136027947389,-2.5580286375581696
feat_gbm,2.0,43,246,-2.457689091515061,-3.9013363177662743
feat_gbm,2.0,43,247,-1.108247783129242,-1.2689211715035387
feat_gbm,2.0,43,248,-2.9971170861492493,-2.89795980370705
feat_gbm,2.0,43,249,-1.407709193662465,-1.149470325468549
feat_gbm,2.0,43,250,-1.397436879177366,-2.1803876537888693
feat_gbm,2.0,43,251,-2.021150714167889,-1.2010659028736028
feat_gbm,2.0,43,252,-2.7368312353451993,-2.675840590612525
feat_gbm,2.0,43,253,-1.5341870182938084,-0.865421424414132
feat_gbm,2.0,43,254,-1.443304774008715,-0.45089388998719687
feat_gbm,2.0,43,255,-2.8265155711879575,-1.477655138121315
feat_gbm,2.0,43,256,-2.7450395428595717,-1.9234128661936198
feat_gbm,2.0,43,257,-2.311595647263746,-0.8895479413744646
feat_gbm,2.0,43,258,-1.4488230266042224,-1.284701881398344
feat_gbm,2.0,43,259,-0.17868899689570614,0.03791276039075724
feat_gbm,2.0,43,260,-2.2853391823251323,-1.213907680807544
feat_gbm,2.0,43,261,-0.13030773527198392,-0.6937064881158975
feat_gbm,2.0,43,262,0.10157604432166457,-2.500344974429108
feat_gbm,2.0,43,263,-2.68167454162947,-3.0782877743164985
feat_gbm,2.0,43,264,-2.9272580178358014,-3.2702790535172426
feat_gbm,2.0,43,265,-0.17244899040953915,-0.15746453031192983
feat_gbm,2.0,43,266,-2.189243715050528,-1.3930653126164372
feat_gbm,2.0,43,267,-2.86827834268707,-3.460520174484755
feat_gbm,2.0,43,268,-2.0245271110706335,-1.8115923421665279
feat_gbm,2.0,43,269,-0.28243184009957745,-0.04785951915829837
feat_gbm,2.0,43,270,-0.9191310559708082,-1.3387838926701625
feat_gbm,2.0,43,271,0.5363370651046911,0.6172482925771328
feat_gbm,2.0,43,272,-0.8391619598732847,0.10718580269537517
feat_gbm,2.0,43,273,-2.098497010078538,-2.4250613993713395
feat_gbm,2.0,43,274,-0.6174178879002744,-0.4656136934058211
feat_gbm,2.0,43,275,-2.5058964950282294,-1.7679071058666047
feat_gbm,2.0,43,276,-1.2337333089901088,-0.15192249005847586
feat_gbm,2.0,43,277,-0.45106135550642573,-0.22686658439221394
feat_gbm,2.0,43,278,-0.7206386414579601,-0.3963273628232521
feat_gbm,2.0,43,279,-2.2283053440712357,-2.1916982233579314
feat_gbm,2.0,43,280,0.412010410889699,0.5138857123822332
feat_gbm,2.0,43,281,-0.3824391654423453,0.13501120436460418
feat_gbm,2.0,43,282,0.10866398422645977,-0.35232291748203215
feat_gbm,2.0,43,283,0.226649381937444,0.33710059568630363
feat_gbm,2.0,43,284,1.1385335468226052,2.2269494594330284
feat_gbm,2.0,43,285,-0.7928866896486947,-0.8523290277873723
feat_gbm,2.0,43,286,-0.035226287947652125,0.5032694866056324
feat_gbm,2.0,43,287,-2.209738418015281,-3.0734310124071125
feat_gbm,2.0,43,288,-2.7341642586049106,-3.0969464995649485
feat_gbm,2.0,43,289,0.13762152281503168,0.8088909840914691
feat_gbm,2.0,43,290,-1.8018335898213669,-1.710735902712342
feat_gbm,2.0,43,291,0.0593733080494265,-0.24588513525180683
feat_gbm,2.0,43,292,-2.7875887059747053,-2.9910915714149957
feat_gbm,2.0,43,293,-0.1080523099720981,0.24397961438558982
feat_gbm,2.0,43,294,0.33908175769171683,0.9827222917401395
feat_gbm,2.0,43,295,0.5245528554173405,1.5399914318848642
feat_gbm,2.0,43,296,-2.406406667350581,-3.028104854063688
feat_gbm,2.0,43,297,-0.04443757541826949,-1.9675880903276046
feat_gbm,2.0,43,298,-0.12400120702184433,0.3882116190950413
feat_gbm,2.0,43,299,-1.7373738360333262,-0.4169590587595381
feat_gbm,2.0,43,300,-1.158327890338888,-0.47104701624968015
feat_gbm,2.0,43,301,-0.8657742521601542,-0.5788171023402015
feat_gbm,2.0,43,302,-2.463538644852821,-3.325334912618423
feat_gbm,2.0,43,303,-0.6644815568383312,0.27214776974989446
feat_gbm,2.0,43,304,-0.06062433763728488,0.2838761456734127
feat_gbm,2.0,43,305,0.3862875419507946,0.98356576927226
feat_gbm,2.0,43,306,-2.7706692739116088,-2.324804251846344
feat_gbm,2.0,43,307,-0.33821684650751493,-0.30060412365222405
feat_gbm,2.0,43,308,-3.1306023157900893,-3.5706943269006843
feat_gbm,2.0,43,309,-0.3472953796341265,0.7657986236992217
feat_gbm,2.0,43,310,-0.2999660055837712,-0.3760212383278314
feat_gbm,2.0,43,311,0.8447440520056095,0.903367601886353
feat_gbm,2.0,43,312,-0.1892414778451577,0.2834145554969618
feat_gbm,2.0,43,313,0.10404292345270087,-0.8750381269167363
feat_gbm,2.0,43,314,-0.4672589181027101,-0.8911054934067958
feat_gbm,2.0,43,315,0.190177050590075,0.2699623908229132
feat_gbm,2.0,43,316,-3.0304666702838206,-4.034449774534175
feat_gbm,2.0,43,317,-0.06900738978518701,0.7302045063515665
feat_gbm,2.0,43,318,-2.32756488885531,-2.5264159394565007
feat_gbm,2.0,43,319,-3.2539846517766575,-3.1280680478747835
feat_gbm,2.0,43,320,0.20915996927691063,-0.623194388118803
feat_gbm,2.0,43,321,-3.180655924775969,-4.172922463867305
feat_gbm,2.0,43,322,1.4169547390198929,1.0714029341973417
feat_gbm,2.0,43,323,-2.5841971763904183,-2.5538050374755565
feat_gbm,2.0,43,324,-1.647126271108286,-1.5310020975326282
feat_gbm,2.0,43,325,-0.22218504318828391,-0.735749980772127
feat_gbm,2.0,43,326,-0.8698860009899807,-0.5010306012352705
feat_gbm,2.0,43,327,-4.040367317180423,-4.393123087746285
feat_gbm,2.0,43,328,-1.1265774792465102,0.6439364857563509
feat_gbm,2.0,43,329,-2.719958560963749,-2.60760252445046
feat_gbm,2.0,43,330,0.4956666942205,0.46983427811083467
feat_gbm,2.0,43,331,-2.0504087303925886,-1.149354435920189
feat_gbm,2.0,43,332,-2.1619888952941864,-1.0961264399974935
feat_gbm,2.0,43,333,0.15231992307881337,1.4253561556633074
feat_gbm,2.0,43,334,0.9256143046680068,1.0406546288822482
feat_gbm,2.0,43,335,0.22510568888968785,-0.1286217558512718
feat_gbm,2.0,43,336,-2.037206532603812,-1.7275974260064488
feat_gbm,2.0,43,337,-3.40776586074485,-4.535227665039715
feat_gbm,2.0,43,338,-0.24486130089792163,-1.078833843619319
feat_gbm,2.0,43,339,-3.0734715854915877,-2.035297396751524
feat_gbm,2.0,43,340,0.08072437763148144,0.4788286932125707
feat_gbm,2.0,43,341,0.24069492368219225,-0.4595082096564039
feat_gbm,2.0,43,342,-2.9507999245621037,-3.653430804591794
feat_gbm,2.0,43,343,0.6241466252852548,0.2834522663037432
feat_gbm,2.0,43,344,-0.033575964138641896,-0.15984972455285287
feat_gbm,2.0,43,345,-2.137345251266581,-3.8822970119574354
feat_gbm,2.0,43,346,-2.3889478756119282,-2.5801989990218064
feat_gbm,2.0,43,347,-2.9856057208302587,-3.2622630695286134
feat_gbm,2.0,43,348,-0.7652432912410613,-0.4894561152880944
feat_gbm,2.0,43,349,-1.6423390003187464,-3.0223552414624764
feat_gbm,2.0,43,350,0.5571756168340988,0.4215072765335228
feat_gbm,2.0,43,351,-2.2871170886718155,-1.8152752103400673
feat_gbm,2.0,43,352,0.165283103798536,1.102263670511441
feat_gbm,2.0,43,353,0.6079624693809786,1.4454852001466738
feat_gbm,2.0,43,354,-3.0139459076874124,-3.6770060333191017
feat_gbm,2.0,43,355,-3.418195686801794,-5.078652858832153
feat_gbm,2.0,43,356,-0.03217055349607838,0.7815322159665122
feat_gbm,2.0,43,357,-0.20276871438703753,0.6775133790495483
feat_gbm,2.0,43,358,-3.0625520107432256,-3.5163570325540956
feat_gbm,2.0,43,359,-1.5654044408584975,-4.157760523739404
feat_gbm,2.0,43,360,-1.0899882534899639,-0.18386357284099003
feat_gbm,2.0,43,361,-2.924630102621822,-4.477383009144865
feat_gbm,2.0,43,362,-0.5057225784628407,0.2909126951240761
feat_gbm,2.0,43,363,-3.6189195863591275,-3.5121531596302606
feat_gbm,2.0,43,364,-0.3044877764169567,-0.0019354464452207268
feat_gbm,2.0,43,365,-2.9974932369719935,-3.264666087597375
feat_gbm,2.0,43,366,-2.173926411920186,-1.4961090632143375
feat_gbm,2.0,43,367,0.04461018237101563,-0.10305907560987346
feat_gbm,2.0,43,368,-0.6124050018863914,0.24601275195113992
feat_gbm,2.0,43,369,-0.9962600392642469,-1.6400355118163064
feat_gbm,2.0,43,370,-2.9872812925014784,-1.5399226532969161
feat_gbm,2.0,43,371,-1.0949789932136138,-0.3336387161155974
feat_gbm,2.0,43,372,-0.5716635559285155,0.3185760540422761
feat_gbm,2.0,43,373,-0.5839684999485657,-0.30756424411789
feat_gbm,2.0,43,374,-3.403587709164849,-3.551435429619069
feat_gbm,2.0,43,375,0.12285660357458028,-0.12846918127015178
feat_gbm,2.0,43,376,0.7570473054416572,0.43413099611324796
feat_gbm,2.0,43,377,0.10444095063277131,0.8095384731463161
feat_gbm,2.0,43,378,0.22821088034753678,0.20303525329731625
feat_gbm,2.0,43,379,-0.1568030489758533,0.524784145223057
feat_gbm,2.0,43,380,0.10407621733742582,0.8722609808312535
feat_gbm,2.0,43,381,-0.4457679262025595,1.0190202163897197
feat_gbm,2.0,43,382,0.07278260245689346,1.2715191268303472
feat_gbm,2.0,43,383,-0.8295451690367551,-0.13923746667536385
feat_gbm,2.0,43,384,-1.4258855777325725,-1.7983983483294153
feat_gbm,2.0,43,385,-0.41324005063887953,0.5606037150840157
feat_gbm,2.0,43,386,0.7208418767316797,0.6003456151224621
feat_gbm,2.0,43,387,0.5377861371442605,1.3071718981356573
feat_gbm,2.0,43,388,0.1710998366468985,-0.19457283568776126
feat_gbm,2.0,43,389,-2.2108181114457106,-0.981880356960367
feat_gbm,2.0,43,390,-2.367800609755483,-2.628024059072158
feat_gbm,2.0,43,391,-2.30269703347334,-2.479262758098376
feat_gbm,2.0,43,392,-2.2519908795331713,-2.207941629114672
feat_gbm,2.0,43,393,-2.280683674412042,-2.806586620215901
feat_gbm,2.0,43,394,-0.8433571452931422,-0.16842623590390868
feat_gbm,2.0,43,395,0.27450728747630976,0.3596423409999632
feat_gbm,2.0,43,396,-2.816777285401001,-3.117667066362407
feat_gbm,2.0,43,397,0.4764241570314409,0.6134086288650079
feat_gbm,2.0,43,398,0.4631997185840071,0.5049020087080688
feat_gbm,2.0,43,399,-1.7491712231370138,-1.0548605918119196
feat_gbm,2.0,43,400,-3.4384334040164117,-2.877676775828332
feat_gbm,2.0,43,401,-0.1484982268968445,0.015654415635624343
feat_gbm,2.0,43,402,-0.18935424740192863,-0.7027824676465185
feat_gbm,2.0,43,403,0.2634301918550476,0.6733427913489138
feat_gbm,2.0,43,404,-0.41514288407520356,0.03259550049258387
feat_gbm,2.0,43,405,-2.8052876998915535,-3.4179416205706223
feat_gbm,2.0,43,406,-2.6929216609624116,-1.6563158072976616
feat_gbm,2.0,43,407,-0.6957314151049411,0.3281041495218151
feat_gbm,2.0,43,408,-0.559125038531443,-1.498502430121411
feat_gbm,2.0,43,409,-1.0409444911171812,-1.5390850133499359
feat_gbm,2.0,43,410,-1.2895430439639137,-3.8769914364338094
feat_gbm,2.0,43,411,-0.5598541717175926,-1.1093409530974205
feat_gbm,2.0,43,412,-2.569405348245198,-2.1356441225652167
feat_gbm,2.0,43,413,0.09356070081730633,0.5613925387002681
feat_gbm,2.0,43,414,-2.6163790075343165,-2.672303525149137
feat_gbm,2.0,43,415,0.29523432455991583,0.9887747910888531
feat_gbm,2.0,43,416,-3.411588209266558,-2.064740642123073
feat_gbm,2.0,43,417,-0.3843816481204905,-0.13534283366780814
feat_gbm,2.0,43,418,0.03782583058862382,0.5266566940316069
feat_gbm,2.0,43,419,-2.2287318136276624,-0.7929716308762645
feat_gbm,2.0,43,420,-0.19434432346684244,0.22081989653443584
feat_gbm,2.0,43,421,-3.395413680691872,-3.4911396429773087
feat_gbm,2.0,43,422,-0.596077258856325,0.4691563032653497
feat_gbm,2.0,43,423,0.027221462031463722,-0.21242164749251408
feat_gbm,2.0,43,424,-2.346035123377487,-2.0235730224261497
feat_gbm,2.0,43,425,-0.06597289859169479,0.1881042769243711
feat_gbm,2.0,43,426,-1.127313667124688,-0.7546830882020855
feat_gbm,2.0,43,427,-1.7920300944267544,-2.004418163271322
feat_gbm,2.0,43,428,-0.600147585341397,0.08108350485015015
feat_gbm,2.0,43,429,-2.248267244190989,-0.8958783842144782
feat_gbm,2.0,43,430,-1.3907233508652115,-0.700178367515834
feat_gbm,2.0,43,431,-1.9603426569733193,-2.026447754843476
feat_gbm,2.0,43,432,-3.2648872703704352,-3.3644112924118934
feat_gbm,2.0,43,433,-2.70899366603445,-2.4777804975332844
feat_gbm,2.0,43,434,-3.1270348548706832,-3.6407879329147783
feat_gbm,2.0,43,435,-0.25888489561969874,0.8140524350977956
feat_gbm,2.0,43,436,-0.9202573697090494,-0.6342245759550225
feat_gbm,2.0,43,437,-1.203412002854071,-1.0170271575608654
feat_gbm,2.0,43,438,-1.0111016942980344,1.2058566336630974
feat_gbm,2.0,43,439,0.561056707355199,1.04159183954478
feat_gbm,2.0,43,440,-0.2206872925520409,-0.383754051292973
feat_gbm,2.0,43,441,0.832502482540135,0.9717849563735496
feat_gbm,2.0,43,442,0.6328110586788295,0.915394257773604
feat_gbm,2.0,43,443,-0.4607753863211486,0.17619398118278368
feat_gbm,2.0,43,444,-2.8731575504181484,-2.3026142847949007
feat_gbm,2.0,43,445,-0.18482485516173486,-2.156995715227189
feat_gbm,2.0,43,446,-1.8073929515414948,-1.9647154613855007
feat_gbm,2.0,43,447,-1.677790112088619,-1.2167428909736953
feat_gbm,2.0,43,448,-0.12495357135710145,0.371748058948411
feat_gbm,2.0,43,449,-2.230493226077837,-3.354914600670279
feat_gbm,2.0,43,450,-1.108627817637363,-2.0984010901330774
feat_gbm,2.0,43,451,-0.44957984642714993,-1.8411195968283314
feat_gbm,2.0,43,452,-0.043965602449130024,-0.2866386615093297
feat_gbm,2.0,43,453,-2.5228118712272756,-2.1769502099219324
feat_gbm,2.0,43,454,-0.6901706727132533,0.851829112076475
feat_gbm,2.0,43,455,0.61772771672817,-0.5174982843777256
feat_gbm,2.0,43,456,-3.8337695999231447,-3.7883351795095335
feat_gbm,2.0,43,457,-2.7790764390699634,-1.3225504843777425
feat_gbm,2.0,43,458,-0.5911906211823085,-0.6304710111145473
feat_gbm,2.0,43,459,-0.39371071073710556,-2.867776928577639
feat_gbm,2.0,43,460,-0.6613916970307442,-0.20106453453544149
feat_gbm,2.0,43,461,0.1207918038878332,0.565413433251147
feat_gbm,2.0,43,462,-0.7345682613542268,0.6531860801292728
feat_gbm,2.0,43,463,-2.9277326148415885,-3.295531334571209
feat_gbm,2.0,43,464,-0.9857679451845747,-1.118951529136503
feat_gbm,2.0,43,465,-0.19209730352400123,0.08535922256033004
feat_gbm,2.0,43,466,-0.6068066544778987,0.2656879386171551
feat_gbm,2.0,43,467,-1.0307403804019193,-1.0764680911985907
feat_gbm,2.0,43,468,1.2665110370496293,2.2503813782282114
feat_gbm,2.0,43,469,-0.025085925694848216,-0.029700274932011248
feat_gbm,2.0,43,470,-3.1460579078250106,-2.1918010579584375
feat_gbm,2.0,43,471,-0.8071004973743283,-0.12537364897776127
feat_gbm,2.0,43,472,-0.7893459257638058,-1.3714574409892777
feat_gbm,2.0,43,473,-0.9895112321915415,-1.0216450817816245
feat_gbm,2.0,43,474,-0.5835072870774749,-0.8313233833759152
feat_gbm,2.0,43,475,-2.420857134138457,-3.25243582884057
feat_gbm,2.0,43,476,0.16898942863795308,0.8737365575305754
feat_gbm,2.0,43,477,-2.990366562862331,-1.8373017486027088
feat_gbm,2.0,43,478,-2.22305910128361,-1.909749317133085
feat_gbm,2.0,43,479,-0.12334713268547456,0.418341725137149
feat_gbm,2.0,43,480,-3.261287805062643,-2.8689304810445995
feat_gbm,2.0,43,481,-3.175872954105453,-3.9192950012633494
feat_gbm,2.0,43,482,0.588297283149586,0.8191907452202399
feat_gbm,2.0,43,483,-2.7001172767850963,-2.7371748494528005
feat_gbm,2.0,43,484,0.6849294632418652,0.043868991079412875
feat_gbm,2.0,43,485,-2.354505651954904,-3.9571024828402512
feat_gbm,2.0,43,486,-1.917684050380453,-0.8286091055291892
feat_gbm,2.0,43,487,0.5969119690907404,1.1086460137612473
feat_gbm,2.0,43,488,-0.7235588507053309,-1.0899995989348372
feat_gbm,2.0,43,489,-1.9010486988348947,-2.9260181182274523
feat_gbm,2.0,43,490,-0.45272506963159675,0.01778898425240747
feat_gbm,2.0,43,491,0.26209641716807164,-0.388546054063584
feat_gbm,2.0,43,492,-2.1544277495003983,-0.8483910406321095
feat_gbm,2.0,43,493,-2.254057500052113,-2.4855190663855797
feat_gbm,2.0,43,494,-0.3085159168580494,-0.6027729178489412
feat_gbm,2.0,43,495,-3.786335548440237,-1.5285925057254015
feat_gbm,2.0,43,496,0.17917071323274097,1.0092174422839322
feat_gbm,2.0,43,497,-2.755261429846504,-2.421052301727873
feat_gbm,2.0,43,498,-3.488276227956425,-3.2283141264699093
feat_gbm,2.0,43,499,-3.990468865037608,-4.907212199848568
feat_gbm,2.0,44,0,-0.5481820504707193,0.03894909458183669
feat_gbm,2.0,44,1,-2.133579154785762,-2.5052564746229193
feat_gbm,2.0,44,2,0.12182081772829484,0.6287827851917782
feat_gbm,2.0,44,3,-2.583253250018301,-3.3447289283878643
feat_gbm,2.0,44,4,1.2590680630176465,0.9694015026406426
feat_gbm,2.0,44,5,-1.2460400744988978,-2.4693709778233526
feat_gbm,2.0,44,6,0.10824698297572927,-0.2819211013310965
feat_gbm,2.0,44,7,-0.07435706801965945,0.5289578846490461
feat_gbm,2.0,44,8,0.13400006686701876,0.032863622186365654
feat_gbm,2.0,44,9,0.4643980654127787,0.9352707853930591
feat_gbm,2.0,44,10,-1.6192281870861605,-1.5987558134683666
feat_gbm,2.0,44,11,-2.528359957820288,-3.2678706438993954
feat_gbm,2.0,44,12,-3.0932898159396283,-2.445380546146449
feat_gbm,2.0,44,13,-0.6663557235013634,-0.4471217519653716
feat_gbm,2.0,44,14,-1.6790055298543438,-1.8343062920535937
feat_gbm,2.0,44,15,-1.5313848362416578,-2.278287047942225
feat_gbm,2.0,44,16,-1.3323750499824571,-1.113015507562239
feat_gbm,2.0,44,17,-1.3636678834731104,-1.149386040828735
feat_gbm,2.0,44,18,-0.7358620695462758,-0.4541092694382234
feat_gbm,2.0,44,19,-2.7330802190932273,-2.8798658660471284
feat_gbm,2.0,44,20,-3.051540666805161,-3.281006200299989
feat_gbm,2.0,44,21,-1.4590515262895978,-0.7889402030111288
feat_gbm,2.0,44,22,-0.5682603371002483,-0.48114593055133975
feat_gbm,2.0,44,23,-3.247340117982147,-2.8038114998165153
feat_gbm,2.0,44,24,-3.712395173128222,-2.6726430450531393
feat_gbm,2.0,44,25,-3.259278349314166,-3.141178249464176
feat_gbm,2.0,44,26,-3.219800731740377,-3.8612362310489847
feat_gbm,2.0,44,27,-2.4720963213852514,-3.085821277369337
feat_gbm,2.0,44,28,-3.0516068115371695,-2.1153791712035637
feat_gbm,2.0,44,29,-0.5579753726765541,-0.5854112868629942
feat_gbm,2.0,44,30,-0.04590182245995399,0.13849791927417068
feat_gbm,2.0,44,31,-2.548073147331748,-2.779654184179668
feat_gbm,2.0,44,32,0.7162430228273539,0.9166392391011026
feat_gbm,2.0,44,33,-2.6090689872461494,-2.134444297962007
feat_gbm,2.0,44,34,0.167739887314124,1.1224191581864646
feat_gbm,2.0,44,35,-3.2867496420951077,-2.7514680837461087
feat_gbm,2.0,44,36,0.3076900883972198,0.7493710802437775
feat_gbm,2.0,44,37,-1.889843405270754,-2.157600461660938
feat_gbm,2.0,44,38,-1.3026164207901585,-1.7436371170468024
feat_gbm,2.0,44,39,0.4341471447472074,0.632388610685479
feat_gbm,2.0,44,40,-2.441199259155156,-1.5024753827969588
feat_gbm,2.0,44,41,-2.2304007976899016,-2.936018587066778
feat_gbm,2.0,44,42,-1.1951157576260645,-0.06406961406287034
feat_gbm,2.0,44,43,-0.5069236654919559,-0.43711075337934485
feat_gbm,2.0,44,44,-0.7849957030174799,0.521724778538647
feat_gbm,2.0,44,45,0.3468348481841163,-0.02881562555915001
feat_gbm,2.0,44,46,-2.4943245139343304,-2.6856700943784895
feat_gbm,2.0,44,47,-2.3283584040788714,-3.3419513202228783
feat_gbm,2.0,44,48,-0.2204093605169654,-0.35240032436669677
feat_gbm,2.0,44,49,-3.520402973989572,-4.466027560457086
feat_gbm,2.0,44,50,-1.5785614799410965,-1.2227887404747313
feat_gbm,2.0,44,51,-3.6004727128280516,-4.168130875201601
feat_gbm,2.0,44,52,-1.2086854848695334,-2.1825653069440887
feat_gbm,2.0,44,53,-3.4075136394871905,-2.816977102698189
feat_gbm,2.0,44,54,-0.02283562181817087,-0.9520374156321785
feat_gbm,2.0,44,55,0.46669233796005605,0.800460094219776
feat_gbm,2.0,44,56,0.15976649823770173,0.2782562560211116
feat_gbm,2.0,44,57,-0.28434908433605205,-0.7855200046266205
feat_gbm,2.0,44,58,-3.2372925111469337,-2.837973637743256
feat_gbm,2.0,44,59,-1.1646483411798632,0.3653424354755994
feat_gbm,2.0,44,60,-1.326373954213863,-3.145987746693799
feat_gbm,2.0,44,61,-2.675866706326039,-2.1381844357326614
feat_gbm,2.0,44,62,-0.14312492423840303,0.3908315550690521
feat_gbm,2.0,44,63,-3.0458546625127085,-3.259739876316779
feat_gbm,2.0,44,64,-2.302083073083792,-3.799325775609258
feat_gbm,2.0,44,65,0.35942520897799357,0.2842997557356093
feat_gbm,2.0,44,66,0.22454879822772203,0.9099380077885143
feat_gbm,2.0,44,67,0.009958124177003532,0.5741223235018287
feat_gbm,2.0,44,68,0.9549947990534287,1.3807263582335993
feat_gbm,2.0,44,69,-0.302835184210572,2.7357387204405055
feat_gbm,2.0,44,70,0.06431590787296648,-0.3782017485149665
feat_gbm,2.0,44,71,-1.223681339925036,-0.6946521973220513
feat_gbm,2.0,44,72,-2.78913249678864,-3.510295151868067
feat_gbm,2.0,44,73,-0.9186385579031674,-0.3643686170400702
feat_gbm,2.0,44,74,1.2787524436910276,1.1835884152793859
feat_gbm,2.0,44,75,0.1825696232833428,-0.38644824542838596
feat_gbm,2.0,44,76,0.4575695292943949,0.7005004452467647
feat_gbm,2.0,44,77,0.36306574659286817,0.3770911051312199
feat_gbm,2.0,44,78,-0.07519921245992181,-0.5374783823521183
feat_gbm,2.0,44,79,-2.542660956923415,-3.2499450611549854
feat_gbm,2.0,44,80,-2.229358943925795,-1.719925172279684
feat_gbm,2.0,44,81,-0.009713663154414435,1.8185710395242058
feat_gbm,2.0,44,82,-0.8268798971430715,-1.0758778979961314
feat_gbm,2.0,44,83,-0.9722724351995589,-0.8033140510569362
feat_gbm,2.0,44,84,-1.8908530335945042,-2.0837035815006346
feat_gbm,2.0,44,85,-1.6041654856260261,-1.2430797823904942
feat_gbm,2.0,44,86,0.3950912139981205,0.639317965424242
feat_gbm,2.0,44,87,-0.5199283638190201,-0.02321591952008587
feat_gbm,2.0,44,88,-2.049154134185488,-3.512086916650174
feat_gbm,2.0,44,89,-1.7648768004112327,-1.684363733317816
feat_gbm,2.0,44,90,-2.682198618128968,-3.5341996208099964
feat_gbm,2.0,44,91,0.2848458481951773,1.1574629997660548
feat_gbm,2.0,44,92,-1.510319866799544,-0.7651863719989663
feat_gbm,2.0,44,93,-1.8925476623191948,-5.7708125015304885
feat_gbm,2.0,44,94,0.18451422775974827,0.07374698385127064
feat_gbm,2.0,44,95,-0.9389190943688828,1.201566413592891
feat_gbm,2.0,44,96,0.6067961155818936,1.2655480006709303
feat_gbm,2.0,44,97,-2.769483292171496,-3.2217777708537843
feat_gbm,2.0,44,98,-1.5671636956542498,-1.2120387208328698
feat_gbm,2.0,44,99,-0.48054493339453835,-0.04015373686183237
feat_gbm,2.0,44,100,-3.40633247666136,-2.8384481914339785
feat_gbm,2.0,44,101,-2.840787683525035,-3.541068619782685
feat_gbm,2.0,44,102,-3.0903636298990875,-4.424727465058162
feat_gbm,2.0,44,103,-0.9624749202016614,-0.7652009130347144
feat_gbm,2.0,44,104,-0.41038487023932596,-0.406664655497914
feat_gbm,2.0,44,105,-2.2466521759979594,-2.8019031633754246
feat_gbm,2.0,44,106,-1.729992617831396,-1.1978192780958505
feat_gbm,2.0,44,107,-1.7175055726649715,-1.2497822804421463
feat_gbm,2.0,44,108,0.002089075487810499,-0.2003702404752673
feat_gbm,2.0,44,109,-1.114069518145617,-0.28745536208379296
feat_gbm,2.0,44,110,-0.019171705853932942,0.2838469771831524
feat_gbm,2.0,44,111,-0.6423530715102951,0.6579850926301614
feat_gbm,2.0,44,112,-0.045613598380906034,-0.4279263804064609
feat_gbm,2.0,44,113,0.23590720200918758,0.527327823801956
feat_gbm,2.0,44,114,-2.459251539688041,-3.652947895428966
feat_gbm,2.0,44,115,0.11839736051480537,-0.04287987221360797
feat_gbm,2.0,44,116,-2.687780089429922,-3.4409421360670214
feat_gbm,2.0,44,117,-2.60684530340694,-2.4284095097884006
feat_gbm,2.0,44,118,-2.4452176518695348,-1.419217075367618
feat_gbm,2.0,44,119,-0.5824662535303652,-1.4944271796191557
feat_gbm,2.0,44,120,-3.537844064813473,-2.797137626437216
feat_gbm,2.0,44,121,0.2407577591069714,3.1321125804877905
feat_gbm,2.0,44,122,-1.0992601511719,-3.164895556438051
feat_gbm,2.0,44,123,0.32422360908112574,-0.021234684620174846
feat_gbm,2.0,44,124,-1.3431224764082206,-1.246001114532972
feat_gbm,2.0,44,125,-0.8879288807870105,-2.7130193085566443
feat_gbm,2.0,44,126,-0.9260945060699157,-2.0560780011130944
feat_gbm,2.0,44,127,-2.632375260427502,-1.631222331554067
feat_gbm,2.0,44,128,-0.8546242060167033,-3.477307725783656
feat_gbm,2.0,44,129,-0.5753283488660084,1.7007542891568868
feat_gbm,2.0,44,130,0.23988202497939395,-3.4021624962570822
feat_gbm,2.0,44,131,-2.9852159669147937,-3.701149444421242
feat_gbm,2.0,44,132,-0.44913046199016715,-0.4116741376471012
feat_gbm,2.0,44,133,-0.5909836140136411,-0.5680375850475197
feat_gbm,2.0,44,134,-3.0186952829447926,-1.4788189923590598
feat_gbm,2.0,44,135,-2.6665137633414475,-2.9896549957503007
feat_gbm,2.0,44,136,0.23590424554454792,0.11194117436713467
feat_gbm,2.0,44,137,0.5149524010632877,1.7147062893715772
feat_gbm,2.0,44,138,-2.5004677167167144,-1.9709125209383296
feat_gbm,2.0,44,139,-0.2227483690769722,0.19937477723826902
feat_gbm,2.0,44,140,-2.5124529657381394,-2.8223726616431475
feat_gbm,2.0,44,141,-0.3651769584147469,-0.12380828599000025
feat_gbm,2.0,44,142,-1.851996736143606,-2.97521232911642
feat_gbm,2.0,44,143,-1.851449873377745,-1.9484557479617686
feat_gbm,2.0,44,144,-0.40550206874706435,1.244093655886106
feat_gbm,2.0,44,145,-1.9386060630782243,-2.0280859266176816
feat_gbm,2.0,44,146,-2.8037959252307494,-2.0754073031653366
feat_gbm,2.0,44,147,-0.20685070155348284,-0.11331641159387335
feat_gbm,2.0,44,148,-2.3360443420187216,-2.620298039600635
feat_gbm,2.0,44,149,-3.1510505615994204,-3.8395532227602396
feat_gbm,2.0,44,150,0.20421187934179427,-2.149698272240366
feat_gbm,2.0,44,151,-3.087765023345077,-3.1594376779318036
feat_gbm,2.0,44,152,-2.3124192565092074,-2.7712141114581046
feat_gbm,2.0,44,153,-0.7790241455059005,-1.1483368403810985
feat_gbm,2.0,44,154,-1.0789432179573886,-1.4700676700115773
feat_gbm,2.0,44,155,0.12097988117166446,1.4088416749712322
feat_gbm,2.0,44,156,-0.08130344614124069,0.7564704220494097
feat_gbm,2.0,44,157,-1.2903357208419517,-1.7148995557963913
feat_gbm,2.0,44,158,-1.1106189538825904,-2.8595355115547196
feat_gbm,2.0,44,159,-1.3767472309278679,-0.9922400520728849
feat_gbm,2.0,44,160,1.2909096335520942,1.8585227307534937
feat_gbm,2.0,44,161,-3.0233326086122503,-2.477654537850602
feat_gbm,2.0,44,162,-3.4911778209751887,-2.993764039868935
feat_gbm,2.0,44,163,-1.2177683808618767,-1.1722671160336509
feat_gbm,2.0,44,164,-2.742724871506193,-1.6577576086204497
feat_gbm,2.0,44,165,-1.7588904951452047,-2.9770186999323642
feat_gbm,2.0,44,166,-2.2597043136954404,-3.2329952824425443
feat_gbm,2.0,44,167,-0.19814256553371778,0.19550508612775644
feat_gbm,2.0,44,168,-0.8375440219552794,-1.2639642813248737
feat_gbm,2.0,44,169,1.4019621481735733,1.4224064134580066
feat_gbm,2.0,44,170,-2.4704956862401,-1.5303724784706008
feat_gbm,2.0,44,171,0.10858484296352038,0.6086346650572224
feat_gbm,2.0,44,172,-0.04869423347359537,-0.052232489626048526
feat_gbm,2.0,44,173,-2.046681598149926,-0.19074605880313256
feat_gbm,2.0,44,174,-2.4671294385856406,-2.7678232596734214
feat_gbm,2.0,44,175,-2.1541847418246522,-1.6557092188829319
feat_gbm,2.0,44,176,0.3882261225831092,0.12081831439914445
feat_gbm,2.0,44,177,-0.20226443646501455,3.7031714993021168
feat_gbm,2.0,44,178,-0.23731659635481275,-0.17761292562564054
feat_gbm,2.0,44,179,0.4175703350462465,0.2295122735959306
feat_gbm,2.0,44,180,-1.4035590193247736,-1.6401012725318311
feat_gbm,2.0,44,181,-2.9869317430119824,-3.399461101549646
feat_gbm,2.0,44,182,0.3060778774839104,0.5421608664871393
feat_gbm,2.0,44,183,-2.4873853253458575,-3.7858185839721776
feat_gbm,2.0,44,184,0.07856928953862584,0.4440956773301304
feat_gbm,2.0,44,185,-0.6301844219669045,0.5450962365111649
feat_gbm,2.0,44,186,-2.634990123709286,-3.094441269353033
feat_gbm,2.0,44,187,0.13883034281873297,1.436275522654785
feat_gbm,2.0,44,188,-0.18588075723332,-0.003208414280501246
feat_gbm,2.0,44,189,-2.6900822263752153,-2.0766448721687736
feat_gbm,2.0,44,190,-2.177971299921017,-2.887011097372245
feat_gbm,2.0,44,191,-0.16013145220929695,-0.19564387773269687
feat_gbm,2.0,44,192,-2.2967304381049947,-3.39219136175158
feat_gbm,2.0,44,193,-3.9617209209861475,-4.804455114758695
feat_gbm,2.0,44,194,-0.8868056672952971,-0.23230879418151415
feat_gbm,2.0,44,195,0.8063689034503538,0.7768952289284052
feat_gbm,2.0,44,196,-3.272663256449222,-3.0758975731441707
feat_gbm,2.0,44,197,1.184225988157026,1.8852948766094535
feat_gbm,2.0,44,198,0.1373372356636367,-0.07474663349946693
feat_gbm,2.0,44,199,1.6206805054848699,0.9295509098669842
feat_gbm,2.0,44,200,-0.06789941822516649,0.40408761039079466
feat_gbm,2.0,44,201,-2.434740701941003,-1.0185563947000995
feat_gbm,2.0,44,202,-1.731952228198372,-1.5812541435625456
feat_gbm,2.0,44,203,-1.3862498541587436,-2.9269603411540346
feat_gbm,2.0,44,204,-0.08997751073285827,-0.9368237022381455
feat_gbm,2.0,44,205,-0.9645081509932087,-0.771906247259438
feat_gbm,2.0,44,206,-2.550498443913596,-1.4457766532498904
feat_gbm,2.0,44,207,-2.4486052372210882,-2.4752738768021185
feat_gbm,2.0,44,208,-3.341457569882278,-2.8789590131308262
feat_gbm,2.0,44,209,-3.0445762132903167,-2.6986856152036793
feat_gbm,2.0,44,210,0.27299370232375114,0.05837096406180189
feat_gbm,2.0,44,211,-2.071639926776468,-2.2327070274631113
feat_gbm,2.0,44,212,-0.7414915224588075,0.15758807445032513
feat_gbm,2.0,44,213,0.5657707902930985,0.5234750924970406
feat_gbm,2.0,44,214,0.8190516011048119,0.8312555987922697
feat_gbm,2.0,44,215,-2.6115491045256745,-0.7699972654610447
feat_gbm,2.0,44,216,-1.8737394624072736,-2.4368834827463726
feat_gbm,2.0,44,217,-3.4991423642692707,-3.7421886443248944
feat_gbm,2.0,44,218,-2.3921397819889885,-4.3753265313120195
feat_gbm,2.0,44,219,-0.1164385862222291,0.13181597567614448
feat_gbm,2.0,44,220,-2.3720187175259335,-2.150299196146146
feat_gbm,2.0,44,221,-0.19486020670382553,0.4316281043505307
feat_gbm,2.0,44,222,0.11196023580702406,0.20581216265343685
feat_gbm,2.0,44,223,-0.7047437200290073,-1.7226779576420432
feat_gbm,2.0,44,224,0.5136565792719769,1.0701061526100661
feat_gbm,2.0,44,225,-3.3609904494968714,-2.995983076644188
feat_gbm,2.0,44,226,0.008177530719320506,-0.39103048890459524
feat_gbm,2.0,44,227,-1.9825561401099323,-2.811377433191803
feat_gbm,2.0,44,228,-0.007594527178889112,0.1103569248772952
feat_gbm,2.0,44,229,0.12239159893895477,1.0926797996732165
feat_gbm,2.0,44,230,-1.9181737888792816,-1.1465469989616057
feat_gbm,2.0,44,231,-3.4929008934608987,-3.7045714701961474
feat_gbm,2.0,44,232,-0.4489349092867024,-0.3205795311611984
feat_gbm,2.0,44,233,-0.01173287777930341,-0.7282288274356463
feat_gbm,2.0,44,234,-0.19669094027939898,-0.6143938277881194
feat_gbm,2.0,44,235,-3.5655451743208033,-3.717493513170671
feat_gbm,2.0,44,236,-1.3695037543015123,-1.894186438607053
feat_gbm,2.0,44,237,0.025007937461648193,0.19101892391720615
feat_gbm,2.0,44,238,-2.6746851532587135,-2.723653519266766
feat_gbm,2.0,44,239,0.5878234011651546,0.28172679866345784
feat_gbm,2.0,44,240,-0.972542597623417,-0.570916259780521
feat_gbm,2.0,44,241,-0.9933712315496279,-3.037607674189957
feat_gbm,2.0,44,242,-3.2782764254350902,-2.4824067099880884
feat_gbm,2.0,44,243,0.046360002742777004,1.793244191067856
feat_gbm,2.0,44,244,-2.7213891269340706,-2.170563194223024
feat_gbm,2.0,44,245,-2.793358696300207,-2.5580286375581696
feat_gbm,2.0,44,246,-2.392019268508362,-3.9013363177662743
feat_gbm,2.0,44,247,-1.375415176318339,-1.2689211715035387
feat_gbm,2.0,44,248,-3.0288745508673554,-2.89795980370705
feat_gbm,2.0,44,249,-1.5836850297072733,-1.149470325468549
feat_gbm,2.0,44,250,-1.5621455795146793,-2.1803876537888693
feat_gbm,2.0,44,251,-2.1636563827315904,-1.2010659028736028
feat_gbm,2.0,44,252,-2.6044370627286786,-2.675840590612525
feat_gbm,2.0,44,253,-1.415120189206224,-0.865421424414132
feat_gbm,2.0,44,254,-1.527165569388927,-0.45089388998719687
feat_gbm,2.0,44,255,-2.7470034931032274,-1.477655138121315
feat_gbm,2.0,44,256,-2.6365459048455526,-1.9234128661936198
feat_gbm,2.0,44,257,-2.030612833046657,-0.8895479413744646
feat_gbm,2.0,44,258,-1.2292134703655546,-1.284701881398344
feat_gbm,2.0,44,259,-0.10676047726716124,0.03791276039075724
feat_gbm,2.0,44,260,-2.2148935436298296,-1.213907680807544
feat_gbm,2.0,44,261,-0.08033885617723494,-0.6937064881158975
feat_gbm,2.0,44,262,0.12388916219014086,-2.500344974429108
feat_gbm,2.0,44,263,-2.611657574466662,-3.0782877743164985
feat_gbm,2.0,44,264,-3.039063880475925,-3.2702790535172426
feat_gbm,2.0,44,265,-0.22315271956120158,-0.15746453031192983
feat_gbm,2.0,44,266,-1.9966862265278422,-1.3930653126164372
feat_gbm,2.0,44,267,-2.948455504651586,-3.460520174484755
feat_gbm,2.0,44,268,-2.0948592771462,-1.8115923421665279
feat_gbm,2.0,44,269,-0.19277498196496132,-0.04785951915829837
feat_gbm,2.0,44,270,-1.0026878420519731,-1.3387838926701625
feat_gbm,2.0,44,271,0.5939960178758396,0.6172482925771328
feat_gbm,2.0,44,272,-0.8716352580221174,0.10718580269537517
feat_gbm,2.0,44,273,-1.796965651004398,-2.4250613993713395
feat_gbm,2.0,44,274,-0.9739798028944884,-0.4656136934058211
feat_gbm,2.0,44,275,-2.526336006195974,-1.7679071058666047
feat_gbm,2.0,44,276,-1.4023365802749548,-0.15192249005847586
feat_gbm,2.0,44,277,-0.25110991512276126,-0.22686658439221394
feat_gbm,2.0,44,278,-0.914981184066535,-0.3963273628232521
feat_gbm,2.0,44,279,-1.3900411271133912,-2.1916982233579314
feat_gbm,2.0,44,280,0.6171213379857742,0.5138857123822332
feat_gbm,2.0,44,281,-0.4163296622044606,0.13501120436460418
feat_gbm,2.0,44,282,0.13770414052312427,-0.35232291748203215
feat_gbm,2.0,44,283,0.19887046385673024,0.33710059568630363
feat_gbm,2.0,44,284,1.3524138791266522,2.2269494594330284
feat_gbm,2.0,44,285,-0.8901361294146174,-0.8523290277873723
feat_gbm,2.0,44,286,-0.021078032978263515,0.5032694866056324
feat_gbm,2.0,44,287,-1.8205295012717204,-3.0734310124071125
feat_gbm,2.0,44,288,-2.8211587380436693,-3.0969464995649485
feat_gbm,2.0,44,289,0.10932372791272696,0.8088909840914691
feat_gbm,2.0,44,290,-1.5422010362879075,-1.710735902712342
feat_gbm,2.0,44,291,0.20730199495086052,-0.24588513525180683
feat_gbm,2.0,44,292,-2.75236902894075,-2.9910915714149957
feat_gbm,2.0,44,293,0.08182244637151291,0.24397961438558982
feat_gbm,2.0,44,294,0.23264930732884964,0.9827222917401395
feat_gbm,2.0,44,295,0.4671379109345578,1.5399914318848642
feat_gbm,2.0,44,296,-2.4205261870448065,-3.028104854063688
feat_gbm,2.0,44,297,-0.12992825222033988,-1.9675880903276046
feat_gbm,2.0,44,298,-0.17580749092937736,0.3882116190950413
feat_gbm,2.0,44,299,-1.5208837863172189,-0.4169590587595381
feat_gbm,2.0,44,300,-1.2970649634848497,-0.47104701624968015
feat_gbm,2.0,44,301,-0.9101554907558276,-0.5788171023402015
feat_gbm,2.0,44,302,-2.4104986428644968,-3.325334912618423
feat_gbm,2.0,44,303,-0.6206726998015724,0.27214776974989446
feat_gbm,2.0,44,304,-0.09958088107342446,0.2838761456734127
feat_gbm,2.0,44,305,0.5129598140326203,0.98356576927226
feat_gbm,2.0,44,306,-2.4698401369679517,-2.324804251846344
feat_gbm,2.0,44,307,-0.06591124830723924,-0.30060412365222405
feat_gbm,2.0,44,308,-3.0107810821190424,-3.5706943269006843
feat_gbm,2.0,44,309,-0.5388086864165466,0.7657986236992217
feat_gbm,2.0,44,310,-0.2922217953104572,-0.3760212383278314
feat_gbm,2.0,44,311,1.035456117208389,0.903367601886353
feat_gbm,2.0,44,312,-0.09859329343443206,0.2834145554969618
feat_gbm,2.0,44,313,0.03214905190423342,-0.8750381269167363
feat_gbm,2.0,44,314,-0.4890154540339041,-0.8911054934067958
feat_gbm,2.0,44,315,0.05823724567766585,0.2699623908229132
feat_gbm,2.0,44,316,-3.014966643300677,-4.034449774534175
feat_gbm,2.0,44,317,-0.05290837859803138,0.7302045063515665
feat_gbm,2.0,44,318,-2.2512084170874287,-2.5264159394565007
feat_gbm,2.0,44,319,-3.368104523250833,-3.1280680478747835
feat_gbm,2.0,44,320,-0.21670052687906893,-0.623194388118803
feat_gbm,2.0,44,321,-3.0937138760952676,-4.172922463867305
feat_gbm,2.0,44,322,1.4063009233211972,1.0714029341973417
feat_gbm,2.0,44,323,-2.6645528202866675,-2.5538050374755565
feat_gbm,2.0,44,324,-1.6477937222633396,-1.5310020975326282
feat_gbm,2.0,44,325,-0.05846060391658874,-0.735749980772127
feat_gbm,2.0,44,326,-0.8954764936757627,-0.5010306012352705
feat_gbm,2.0,44,327,-4.085705059562498,-4.393123087746285
feat_gbm,2.0,44,328,-1.19755064704865,0.6439364857563509
feat_gbm,2.0,44,329,-2.5063485586097465,-2.60760252445046
feat_gbm,2.0,44,330,0.6531783863959394,0.46983427811083467
feat_gbm,2.0,44,331,-2.079644558588759,-1.149354435920189
feat_gbm,2.0,44,332,-1.8442668476681439,-1.0961264399974935
feat_gbm,2.0,44,333,-0.07804336215862746,1.4253561556633074
feat_gbm,2.0,44,334,0.6170010477695147,1.0406546288822482
feat_gbm,2.0,44,335,0.359982388187686,-0.1286217558512718
feat_gbm,2.0,44,336,-1.7931376331231927,-1.7275974260064488
feat_gbm,2.0,44,337,-3.809095646948761,-4.535227665039715
feat_gbm,2.0,44,338,-0.23326442366803513,-1.078833843619319
feat_gbm,2.0,44,339,-2.9959552953268735,-2.035297396751524
feat_gbm,2.0,44,340,0.0743019980029236,0.4788286932125707
feat_gbm,2.0,44,341,0.09672509896811322,-0.4595082096564039
feat_gbm,2.0,44,342,-3.0325908862635162,-3.653430804591794
feat_gbm,2.0,44,343,0.4650942112636255,0.2834522663037432
feat_gbm,2.0,44,344,-0.08159266388060529,-0.15984972455285287
feat_gbm,2.0,44,345,-1.8895756287699923,-3.8822970119574354
feat_gbm,2.0,44,346,-2.2341873582328793,-2.5801989990218064
feat_gbm,2.0,44,347,-2.769411434698425,-3.2622630695286134
feat_gbm,2.0,44,348,-0.6413666590306575,-0.4894561152880944
feat_gbm,2.0,44,349,-1.77350407578736,-3.0223552414624764
feat_gbm,2.0,44,350,0.5691933390687364,0.4215072765335228
feat_gbm,2.0,44,351,-2.7558137810927574,-1.8152752103400673
feat_gbm,2.0,44,352,0.4813665076250258,1.102263670511441
feat_gbm,2.0,44,353,0.3060777655743095,1.4454852001466738
feat_gbm,2.0,44,354,-3.0069292100294667,-3.6770060333191017
feat_gbm,2.0,44,355,-3.412174658855062,-5.078652858832153
feat_gbm,2.0,44,356,0.052083792342087036,0.7815322159665122
feat_gbm,2.0,44,357,-0.055131919135690724,0.6775133790495483
feat_gbm,2.0,44,358,-2.951468275549165,-3.5163570325540956
feat_gbm,2.0,44,359,-1.4369556243250108,-4.157760523739404
feat_gbm,2.0,44,360,-0.9688758459427944,-0.18386357284099003
feat_gbm,2.0,44,361,-2.931189138607546,-4.477383009144865
feat_gbm,2.0,44,362,-0.7528430449486575,0.2909126951240761
feat_gbm,2.0,44,363,-3.544273160375977,-3.5121531596302606
feat_gbm,2.0,44,364,-0.3509884434026644,-0.0019354464452207268
feat_gbm,2.0,44,365,-3.0622293244664527,-3.264666087597375
feat_gbm,2.0,44,366,-1.9889304213338823,-1.4961090632143375
feat_gbm,2.0,44,367,-0.0057445605898460185,-0.10305907560987346
feat_gbm,2.0,44,368,-0.4383316948863635,0.24601275195113992
feat_gbm,2.0,44,369,-1.0182328985537215,-1.6400355118163064
feat_gbm,2.0,44,370,-2.857904201112195,-1.5399226532969161
feat_gbm,2.0,44,371,-0.8824676657832532,-0.3336387161155974
feat_gbm,2.0,44,372,-0.27564141620237476,0.3185760540422761
feat_gbm,2.0,44,373,-0.26321932204829424,-0.30756424411789
feat_gbm,2.0,44,374,-3.4168238136752933,-3.551435429619069
feat_gbm,2.0,44,375,0.26060805103588963,-0.12846918127015178
feat_gbm,2.0,44,376,0.2704378261583815,0.43413099611324796
feat_gbm,2.0,44,377,-0.038205572181397855,0.8095384731463161
feat_gbm,2.0,44,378,0.2513348601098582,0.20303525329731625
feat_gbm,2.0,44,379,-0.047853549748517896,0.524784145223057
feat_gbm,2.0,44,380,0.034647178655449806,0.8722609808312535
feat_gbm,2.0,44,381,-0.8463436414628414,1.0190202163897197
feat_gbm,2.0,44,382,0.22761133132613381,1.2715191268303472
feat_gbm,2.0,44,383,-0.9125374093081026,-0.13923746667536385
feat_gbm,2.0,44,384,-0.8788856853826845,-1.7983983483294153
feat_gbm,2.0,44,385,-0.5885559692008312,0.5606037150840157
feat_gbm,2.0,44,386,0.5470219309293688,0.6003456151224621
feat_gbm,2.0,44,387,0.46371729996119465,1.3071718981356573
feat_gbm,2.0,44,388,0.2350739451025915,-0.19457283568776126
feat_gbm,2.0,44,389,-1.9731658048540832,-0.981880356960367
feat_gbm,2.0,44,390,-1.9820425901872243,-2.628024059072158
feat_gbm,2.0,44,391,-2.337692809449118,-2.479262758098376
feat_gbm,2.0,44,392,-2.172277593930054,-2.207941629114672
feat_gbm,2.0,44,393,-2.371541496541332,-2.806586620215901
feat_gbm,2.0,44,394,-0.7323437002078318,-0.16842623590390868
feat_gbm,2.0,44,395,0.3277612852334544,0.3596423409999632
feat_gbm,2.0,44,396,-2.6276929256816577,-3.117667066362407
feat_gbm,2.0,44,397,0.7726004172648064,0.6134086288650079
feat_gbm,2.0,44,398,0.42892709022982134,0.5049020087080688
feat_gbm,2.0,44,399,-1.6733276305406029,-1.0548605918119196
feat_gbm,2.0,44,400,-3.645279358863593,-2.877676775828332
feat_gbm,2.0,44,401,0.3803787450843974,0.015654415635624343
feat_gbm,2.0,44,402,-0.10224442250448976,-0.7027824676465185
feat_gbm,2.0,44,403,0.35247098861583787,0.6733427913489138
feat_gbm,2.0,44,404,-0.448451465350755,0.03259550049258387
feat_gbm,2.0,44,405,-2.6077521605954646,-3.4179416205706223
feat_gbm,2.0,44,406,-2.3319261496195147,-1.6563158072976616
feat_gbm,2.0,44,407,-0.6801314453425676,0.3281041495218151
feat_gbm,2.0,44,408,-0.7125423087962218,-1.498502430121411
feat_gbm,2.0,44,409,-1.2230740661192754,-1.5390850133499359
feat_gbm,2.0,44,410,-1.224605974259929,-3.8769914364338094
feat_gbm,2.0,44,411,-0.8836034922757985,-1.1093409530974205
feat_gbm,2.0,44,412,-2.5700970287163725,-2.1356441225652167
feat_gbm,2.0,44,413,0.2619147172556335,0.5613925387002681
feat_gbm,2.0,44,414,-2.3672969123089507,-2.672303525149137
feat_gbm,2.0,44,415,0.3864738258171541,0.9887747910888531
feat_gbm,2.0,44,416,-3.4666365260081187,-2.064740642123073
feat_gbm,2.0,44,417,-0.27525700485078064,-0.13534283366780814
feat_gbm,2.0,44,418,0.2709273296123367,0.5266566940316069
feat_gbm,2.0,44,419,-1.8345673243535505,-0.7929716308762645
feat_gbm,2.0,44,420,-0.30644900890824195,0.22081989653443584
feat_gbm,2.0,44,421,-3.548508966293461,-3.4911396429773087
feat_gbm,2.0,44,422,-0.659305592107359,0.4691563032653497
feat_gbm,2.0,44,423,0.015135638361921978,-0.21242164749251408
feat_gbm,2.0,44,424,-2.3560989653278903,-2.0235730224261497
feat_gbm,2.0,44,425,-0.18166606664791451,0.1881042769243711
feat_gbm,2.0,44,426,-0.7288255487010483,-0.7546830882020855
feat_gbm,2.0,44,427,-1.8100610666262178,-2.004418163271322
feat_gbm,2.0,44,428,-0.5043974778947168,0.08108350485015015
feat_gbm,2.0,44,429,-1.8127181177144398,-0.8958783842144782
feat_gbm,2.0,44,430,-1.5167029381249326,-0.700178367515834
feat_gbm,2.0,44,431,-2.0282358148231023,-2.026447754843476
feat_gbm,2.0,44,432,-3.29189715901084,-3.3644112924118934
feat_gbm,2.0,44,433,-2.59633656831973,-2.4777804975332844
feat_gbm,2.0,44,434,-3.1287652191914166,-3.6407879329147783
feat_gbm,2.0,44,435,-0.09680915272062829,0.8140524350977956
feat_gbm,2.0,44,436,-0.39189313326584163,-0.6342245759550225
feat_gbm,2.0,44,437,-1.4643475801254084,-1.0170271575608654
feat_gbm,2.0,44,438,-0.8853489726089817,1.2058566336630974
feat_gbm,2.0,44,439,0.6148962729123043,1.04159183954478
feat_gbm,2.0,44,440,-0.12509471754084125,-0.383754051292973
feat_gbm,2.0,44,441,0.7506289736906155,0.9717849563735496
feat_gbm,2.0,44,442,0.7589372981197636,0.915394257773604
feat_gbm,2.0,44,443,-0.8324698720148238,0.17619398118278368
feat_gbm,2.0,44,444,-2.8724846663186656,-2.3026142847949007
feat_gbm,2.0,44,445,0.06891934144175903,-2.156995715227189
feat_gbm,2.0,44,446,-1.9633695227089183,-1.9647154613855007
feat_gbm,2.0,44,447,-1.7366867769182732,-1.2167428909736953
feat_gbm,2.0,44,448,-0.2603700884894033,0.371748058948411
feat_gbm,2.0,44,449,-1.9522291074487461,-3.354914600670279
feat_gbm,2.0,44,450,-0.8777341798021989,-2.0984010901330774
feat_gbm,2.0,44,451,-0.6786341467896584,-1.8411195968283314
feat_gbm,2.0,44,452,0.01708597293919931,-0.2866386615093297
feat_gbm,2.0,44,453,-2.5536396917489994,-2.1769502099219324
feat_gbm,2.0,44,454,-0.8333392699573801,0.851829112076475
feat_gbm,2.0,44,455,0.5070905341749549,-0.5174982843777256
feat_gbm,2.0,44,456,-3.7404723028076186,-3.7883351795095335
feat_gbm,2.0,44,457,-2.7677719720098812,-1.3225504843777425
feat_gbm,2.0,44,458,-0.4729940399442953,-0.6304710111145473
feat_gbm,2.0,44,459,-0.4938153980044929,-2.867776928577639
feat_gbm,2.0,44,460,-0.5156349988310502,-0.20106453453544149
feat_gbm,2.0,44,461,-0.48762676506982533,0.565413433251147
feat_gbm,2.0,44,462,-0.7780226622829506,0.6531860801292728
feat_gbm,2.0,44,463,-2.678023160224285,-3.295531334571209
feat_gbm,2.0,44,464,-1.027593951911584,-1.118951529136503
feat_gbm,2.0,44,465,-0.1481328564353161,0.08535922256033004
feat_gbm,2.0,44,466,-0.35889999861044997,0.2656879386171551
feat_gbm,2.0,44,467,-1.0064495854801736,-1.0764680911985907
feat_gbm,2.0,44,468,1.4168688257750341,2.2503813782282114
feat_gbm,2.0,44,469,-0.06204210463247187,-0.029700274932011248
feat_gbm,2.0,44,470,-3.048181498495699,-2.1918010579584375
feat_gbm,2.0,44,471,-0.42076449258296894,-0.12537364897776127
feat_gbm,2.0,44,472,-0.6787343409796796,-1.3714574409892777
feat_gbm,2.0,44,473,-0.9271328709704402,-1.0216450817816245
feat_gbm,2.0,44,474,-0.6005247554760367,-0.8313233833759152
feat_gbm,2.0,44,475,-2.4025278584245657,-3.25243582884057
feat_gbm,2.0,44,476,0.10785824490826965,0.8737365575305754
feat_gbm,2.0,44,477,-2.8605594326236377,-1.8373017486027088
feat_gbm,2.0,44,478,-1.8314946800388836,-1.909749317133085
feat_gbm,2.0,44,479,-0.24138375120350078,0.418341725137149
feat_gbm,2.0,44,480,-3.1291891952915365,-2.8689304810445995
feat_gbm,2.0,44,481,-3.2078490229866543,-3.9192950012633494
feat_gbm,2.0,44,482,0.6637478501852467,0.8191907452202399
feat_gbm,2.0,44,483,-2.6930281876495124,-2.7371748494528005
feat_gbm,2.0,44,484,0.22547852794349893,0.043868991079412875
feat_gbm,2.0,44,485,-1.8211709059070942,-3.9571024828402512
feat_gbm,2.0,44,486,-1.6444109427678892,-0.8286091055291892
feat_gbm,2.0,44,487,0.6957461127621365,1.1086460137612473
feat_gbm,2.0,44,488,-0.6416752420534606,-1.0899995989348372
feat_gbm,2.0,44,489,-1.7182287830419525,-2.9260181182274523
feat_gbm,2.0,44,490,-0.15665389298284074,0.01778898425240747
feat_gbm,2.0,44,491,0.2758816520394119,-0.388546054063584
feat_gbm,2.0,44,492,-1.7139760584267654,-0.8483910406321095
feat_gbm,2.0,44,493,-2.2934305960794457,-2.4855190663855797
feat_gbm,2.0,44,494,-0.09874681975441371,-0.6027729178489412
feat_gbm,2.0,44,495,-3.733931137662579,-1.5285925057254015
feat_gbm,2.0,44,496,0.17663844185031,1.0092174422839322
feat_gbm,2.0,44,497,-2.8361106162547025,-2.421052301727873
feat_gbm,2.0,44,498,-3.2757289352168453,-3.2283141264699093
feat_gbm,2.0,44,499,-3.7584568972820676,-4.907212199848568
feat_gbm,2.0,45,0,-0.4743641276216517,0.03894909458183669
feat_gbm,2.0,45,1,-2.391135936767744,-2.5052564746229193
feat_gbm,2.0,45,2,-0.001580782059001677,0.6287827851917782
feat_gbm,2.0,45,3,-2.7892291431995497,-3.3447289283878643
feat_gbm,2.0,45,4,0.9960380203266553,0.9694015026406426
feat_gbm,2.0,45,5,-1.6231243611678512,-2.4693709778233526
feat_gbm,2.0,45,6,-0.03405522322808967,-0.2819211013310965
feat_gbm,2.0,45,7,0.07917885480487774,0.5289578846490461
feat_gbm,2.0,45,8,0.06573196814563444,0.032863622186365654
feat_gbm,2.0,45,9,0.4661393285830844,0.9352707853930591
feat_gbm,2.0,45,10,-1.6885312129602288,-1.5987558134683666
feat_gbm,2.0,45,11,-2.5630033526096256,-3.2678706438993954
feat_gbm,2.0,45,12,-2.7001618217847922,-2.445380546146449
feat_gbm,2.0,45,13,-0.8432560575860389,-0.4471217519653716
feat_gbm,2.0,45,14,-1.760205462114031,-1.8343062920535937
feat_gbm,2.0,45,15,-1.5564100974026271,-2.278287047942225
feat_gbm,2.0,45,16,-1.632767319853347,-1.113015507562239
feat_gbm,2.0,45,17,-1.6432019909600002,-1.149386040828735
feat_gbm,2.0,45,18,-0.5232355464425438,-0.4541092694382234
feat_gbm,2.0,45,19,-2.5480412258348526,-2.8798658660471284
feat_gbm,2.0,45,20,-3.101580583054363,-3.281006200299989
feat_gbm,2.0,45,21,-1.4942300911182802,-0.7889402030111288
feat_gbm,2.0,45,22,-0.5796648994118603,-0.48114593055133975
feat_gbm,2.0,45,23,-3.0118314197918914,-2.8038114998165153
feat_gbm,2.0,45,24,-3.685288267994818,-2.6726430450531393
feat_gbm,2.0,45,25,-3.0474945864104153,-3.141178249464176
feat_gbm,2.0,45,26,-3.119992542745256,-3.8612362310489847
feat_gbm,2.0,45,27,-2.637993427220802,-3.085821277369337
feat_gbm,2.0,45,28,-2.978716553200258,-2.1153791712035637
feat_gbm,2.0,45,29,-1.0413203882936877,-0.5854112868629942
feat_gbm,2.0,45,30,-0.008651977564531772,0.13849791927417068
feat_gbm,2.0,45,31,-2.8452072486105977,-2.779654184179668
feat_gbm,2.0,45,32,0.43403212535972924,0.9166392391011026
feat_gbm,2.0,45,33,-2.807072262364075,-2.134444297962007
feat_gbm,2.0,45,34,-0.19054354345094218,1.1224191581864646
feat_gbm,2.0,45,35,-3.336260505564277,-2.7514680837461087
feat_gbm,2.0,45,36,0.16948707809618785,0.7493710802437775
feat_gbm,2.0,45,37,-1.9527806926887716,-2.157600461660938
feat_gbm,2.0,45,38,-1.2599978448606444,-1.7436371170468024
feat_gbm,2.0,45,39,0.3876642586583713,0.632388610685479
feat_gbm,2.0,45,40,-2.6369885492252663,-1.5024753827969588
feat_gbm,2.0,45,41,-2.1733359788363638,-2.936018587066778
feat_gbm,2.0,45,42,-1.2897364276985133,-0.06406961406287034
feat_gbm,2.0,45,43,-0.4903824407358335,-0.43711075337934485
feat_gbm,2.0,45,44,-1.1097384386989795,0.521724778538647
feat_gbm,2.0,45,45,0.4025461674740704,-0.02881562555915001
feat_gbm,2.0,45,46,-2.3238916606031346,-2.6856700943784895
feat_gbm,2.0,45,47,-2.585703088121178,-3.3419513202228783
feat_gbm,2.0,45,48,-0.2700693105896227,-0.35240032436669677
feat_gbm,2.0,45,49,-3.5704675936805166,-4.466027560457086
feat_gbm,2.0,45,50,-1.6944466766211332,-1.2227887404747313
feat_gbm,2.0,45,51,-3.574201957532573,-4.168130875201601
feat_gbm,2.0,45,52,-1.3010604894888194,-2.1825653069440887
feat_gbm,2.0,45,53,-3.2089863772153153,-2.816977102698189
feat_gbm,2.0,45,54,0.15345609416661135,-0.9520374156321785
feat_gbm,2.0,45,55,0.5234386415760133,0.800460094219776
feat_gbm,2.0,45,56,0.2008974726786683,0.2782562560211116
feat_gbm,2.0,45,57,-0.3853495780850991,-0.7855200046266205
feat_gbm,2.0,45,58,-3.0490627693212464,-2.837973637743256
feat_gbm,2.0,45,59,-1.4015815961343052,0.3653424354755994
feat_gbm,2.0,45,60,-1.4439790042155318,-3.145987746693799
feat_gbm,2.0,45,61,-2.8411744738685614,-2.1381844357326614
feat_gbm,2.0,45,62,-0.8622650634609652,0.3908315550690521
feat_gbm,2.0,45,63,-2.983879902607777,-3.259739876316779
feat_gbm,2.0,45,64,-2.284302425132484,-3.799325775609258
feat_gbm,2.0,45,65,0.3475556641765822,0.2842997557356093
feat_gbm,2.0,45,66,0.06913830702970461,0.9099380077885143
feat_gbm,2.0,45,67,-0.00905429170597525,0.5741223235018287
feat_gbm,2.0,45,68,1.063727211341116,1.3807263582335993
feat_gbm,2.0,45,69,-0.20872369677058702,2.7357387204405055
feat_gbm,2.0,45,70,0.13986707224737,-0.3782017485149665
feat_gbm,2.0,45,71,-1.162768422944522,-0.6946521973220513
feat_gbm,2.0,45,72,-2.5672338145201716,-3.510295151868067
feat_gbm,2.0,45,73,-0.7104666688688144,-0.3643686170400702
feat_gbm,2.0,45,74,1.2723874247301319,1.1835884152793859
feat_gbm,2.0,45,75,-0.018650787942490248,-0.38644824542838596
feat_gbm,2.0,45,76,0.37040951338520983,0.7005004452467647
feat_gbm,2.0,45,77,0.33333814410995083,0.3770911051312199
feat_gbm,2.0,45,78,-0.061266144506220886,-0.5374783823521183
feat_gbm,2.0,45,79,-2.5526572061967268,-3.2499450611549854
feat_gbm,2.0,45,80,-2.1013893656089833,-1.719925172279684
feat_gbm,2.0,45,81,-0.3572842153130001,1.8185710395242058
feat_gbm,2.0,45,82,-0.8525589669691204,-1.0758778979961314
feat_gbm,2.0,45,83,-0.9676051091445966,-0.8033140510569362
feat_gbm,2.0,45,84,-1.9734206961287568,-2.0837035815006346
feat_gbm,2.0,45,85,-1.853734683897905,-1.2430797823904942
feat_gbm,2.0,45,86,0.08013447631669275,0.639317965424242
feat_gbm,2.0,45,87,-0.4884545443051467,-0.02321591952008587
feat_gbm,2.0,45,88,-2.2302542295198036,-3.512086916650174
feat_gbm,2.0,45,89,-1.587646920253615,-1.684363733317816
feat_gbm,2.0,45,90,-2.90440875808309,-3.5341996208099964
feat_gbm,2.0,45,91,0.43311730197161175,1.1574629997660548
feat_gbm,2.0,45,92,-1.3580421335784945,-0.7651863719989663
feat_gbm,2.0,45,93,-1.6958022725329698,-5.7708125015304885
feat_gbm,2.0,45,94,0.10945865150440288,0.07374698385127064
feat_gbm,2.0,45,95,-1.1134596039338804,1.201566413592891
feat_gbm,2.0,45,96,0.7566255615592735,1.2655480006709303
feat_gbm,2.0,45,97,-2.777260433961526,-3.2217777708537843
feat_gbm,2.0,45,98,-1.5920835807713865,-1.2120387208328698
feat_gbm,2.0,45,99,-0.49055403547524673,-0.04015373686183237
feat_gbm,2.0,45,100,-3.4535550204295546,-2.8384481914339785
feat_gbm,2.0,45,101,-2.952115231361371,-3.541068619782685
feat_gbm,2.0,45,102,-2.948171204765376,-4.424727465058162
feat_gbm,2.0,45,103,-0.8968148373088487,-0.7652009130347144
feat_gbm,2.0,45,104,-0.4711760627307333,-0.406664655497914
feat_gbm,2.0,45,105,-2.2561258919103184,-2.8019031633754246
feat_gbm,2.0,45,106,-1.638030508868903,-1.1978192780958505
feat_gbm,2.0,45,107,-1.6952924060599963,-1.2497822804421463
feat_gbm,2.0,45,108,-0.005276064251604647,-0.2003702404752673
feat_gbm,2.0,45,109,-1.0340832127007533,-0.28745536208379296
feat_gbm,2.0,45,110,-0.02949090177262062,0.2838469771831524
feat_gbm,2.0,45,111,-0.7862509411553359,0.6579850926301614
feat_gbm,2.0,45,112,-0.08986319640769327,-0.4279263804064609
feat_gbm,2.0,45,113,0.03644929153640586,0.527327823801956
feat_gbm,2.0,45,114,-2.7556514546908146,-3.652947895428966
feat_gbm,2.0,45,115,-0.6107319276899924,-0.04287987221360797
feat_gbm,2.0,45,116,-2.757682126222625,-3.4409421360670214
feat_gbm,2.0,45,117,-2.653822094731636,-2.4284095097884006
feat_gbm,2.0,45,118,-2.5422029652821707,-1.419217075367618
feat_gbm,2.0,45,119,-0.4869362033089923,-1.4944271796191557
feat_gbm,2.0,45,120,-3.2892455952943416,-2.797137626437216
feat_gbm,2.0,45,121,0.2878118571721396,3.1321125804877905
feat_gbm,2.0,45,122,-1.3079228556263771,-3.164895556438051
feat_gbm,2.0,45,123,-0.058684617956704696,-0.021234684620174846
feat_gbm,2.0,45,124,-1.2482244274402061,-1.246001114532972
feat_gbm,2.0,45,125,-0.8951258380747861,-2.7130193085566443
feat_gbm,2.0,45,126,-0.829970986969777,-2.0560780011130944
feat_gbm,2.0,45,127,-2.6955516846789833,-1.631222331554067
feat_gbm,2.0,45,128,-1.0570261370802048,-3.477307725783656
feat_gbm,2.0,45,129,-0.36229817501786415,1.7007542891568868
feat_gbm,2.0,45,130,0.1726593000592837,-3.4021624962570822
feat_gbm,2.0,45,131,-3.005748780889895,-3.701149444421242
feat_gbm,2.0,45,132,-1.2008498716709202,-0.4116741376471012
feat_gbm,2.0,45,133,-0.6438879125313741,-0.5680375850475197
feat_gbm,2.0,45,134,-2.963699708531622,-1.4788189923590598
feat_gbm,2.0,45,135,-2.426737269757177,-2.9896549957503007
feat_gbm,2.0,45,136,0.2829004790247522,0.11194117436713467
feat_gbm,2.0,45,137,0.13718826796616548,1.7147062893715772
feat_gbm,2.0,45,138,-2.581821459372628,-1.9709125209383296
feat_gbm,2.0,45,139,-0.36783616208491754,0.19937477723826902
feat_gbm,2.0,45,140,-2.898921105485365,-2.8223726616431475
feat_gbm,2.0,45,141,-0.2732000776263481,-0.12380828599000025
feat_gbm,2.0,45,142,-1.9678016908761031,-2.97521232911642
feat_gbm,2.0,45,143,-2.1494509773344963,-1.9484557479617686
feat_gbm,2.0,45,144,-0.46315687556985086,1.244093655886106
feat_gbm,2.0,45,145,-1.9959926177071419,-2.0280859266176816
feat_gbm,2.0,45,146,-2.8588261734908302,-2.0754073031653366
feat_gbm,2.0,45,147,-0.3885269754340345,-0.11331641159387335
feat_gbm,2.0,45,148,-2.32071357299848,-2.620298039600635
feat_gbm,2.0,45,149,-2.9715057558527773,-3.8395532227602396
feat_gbm,2.0,45,150,0.1896885896367238,-2.149698272240366
feat_gbm,2.0,45,151,-3.048465955747314,-3.1594376779318036
feat_gbm,2.0,45,152,-2.2486227328155257,-2.7712141114581046
feat_gbm,2.0,45,153,-0.8861357365500655,-1.1483368403810985
feat_gbm,2.0,45,154,-1.2242356042058602,-1.4700676700115773
feat_gbm,2.0,45,155,0.06396547191247313,1.4088416749712322
feat_gbm,2.0,45,156,-0.07237287405610389,0.7564704220494097
feat_gbm,2.0,45,157,-1.3400920707609911,-1.7148995557963913
feat_gbm,2.0,45,158,-0.8491137441182809,-2.8595355115547196
feat_gbm,2.0,45,159,-1.3166938615687918,-0.9922400520728849
feat_gbm,2.0,45,160,1.3155249898571066,1.8585227307534937
feat_gbm,2.0,45,161,-3.0900454032394467,-2.477654537850602
feat_gbm,2.0,45,162,-3.5025960376584386,-2.993764039868935
feat_gbm,2.0,45,163,-1.4809350787968498,-1.1722671160336509
feat_gbm,2.0,45,164,-2.7015537037837767,-1.6577576086204497
feat_gbm,2.0,45,165,-1.7165148028466417,-2.9770186999323642
feat_gbm,2.0,45,166,-2.3511259493443104,-3.2329952824425443
feat_gbm,2.0,45,167,-0.5106047277062821,0.19550508612775644
feat_gbm,2.0,45,168,-1.02994408673478,-1.2639642813248737
feat_gbm,2.0,45,169,0.7587850530423653,1.4224064134580066
feat_gbm,2.0,45,170,-2.539298527862316,-1.5303724784706008
feat_gbm,2.0,45,171,-0.13695897890923409,0.6086346650572224
feat_gbm,2.0,45,172,-0.263849379420488,-0.052232489626048526
feat_gbm,2.0,45,173,-2.1549090037577074,-0.19074605880313256
feat_gbm,2.0,45,174,-2.1477087455222206,-2.7678232596734214
feat_gbm,2.0,45,175,-2.054724854386699,-1.6557092188829319
feat_gbm,2.0,45,176,0.41781868288056817,0.12081831439914445
feat_gbm,2.0,45,177,-0.826836240046485,3.7031714993021168
feat_gbm,2.0,45,178,-0.47477217098279745,-0.17761292562564054
feat_gbm,2.0,45,179,0.2569308162910323,0.2295122735959306
feat_gbm,2.0,45,180,-1.3195296624874449,-1.6401012725318311
feat_gbm,2.0,45,181,-2.9852607941031395,-3.399461101549646
feat_gbm,2.0,45,182,0.2957620487629808,0.5421608664871393
feat_gbm,2.0,45,183,-2.563914165262421,-3.7858185839721776
feat_gbm,2.0,45,184,-0.19263108037006454,0.4440956773301304
feat_gbm,2.0,45,185,-0.37047298691228125,0.5450962365111649
feat_gbm,2.0,45,186,-2.6948132860956266,-3.094441269353033
feat_gbm,2.0,45,187,0.1552178812644112,1.436275522654785
feat_gbm,2.0,45,188,-0.09829844146948584,-0.003208414280501246
feat_gbm,2.0,45,189,-2.6404810761384048,-2.0766448721687736
feat_gbm,2.0,45,190,-2.3740082668370666,-2.887011097372245
feat_gbm,2.0,45,191,-0.707872489544437,-0.19564387773269687
feat_gbm,2.0,45,192,-2.339599149040074,-3.39219136175158
feat_gbm,2.0,45,193,-4.224768256446231,-4.804455114758695
feat_gbm,2.0,45,194,-0.9992500218206084,-0.23230879418151415
feat_gbm,2.0,45,195,0.929391281942517,0.7768952289284052
feat_gbm,2.0,45,196,-3.0835580388997696,-3.0758975731441707
feat_gbm,2.0,45,197,1.0714836105773258,1.8852948766094535
feat_gbm,2.0,45,198,0.1546215445156187,-0.07474663349946693
feat_gbm,2.0,45,199,1.572307004121175,0.9295509098669842
feat_gbm,2.0,45,200,-0.11759124130965247,0.40408761039079466
feat_gbm,2.0,45,201,-2.70843514703599,-1.0185563947000995
feat_gbm,2.0,45,202,-1.8595595449936333,-1.5812541435625456
feat_gbm,2.0,45,203,-1.561025258595072,-2.9269603411540346
feat_gbm,2.0,45,204,-0.3026663076945125,-0.9368237022381455
feat_gbm,2.0,45,205,-0.7919791052243909,-0.771906247259438
feat_gbm,2.0,45,206,-2.502916509169409,-1.4457766532498904
feat_gbm,2.0,45,207,-2.4204002335846573,-2.4752738768021185
feat_gbm,2.0,45,208,-3.4064409892082943,-2.8789590131308262
feat_gbm,2.0,45,209,-2.928065940189257,-2.6986856152036793
feat_gbm,2.0,45,210,0.49769733479501227,0.05837096406180189
feat_gbm,2.0,45,211,-1.841756473574535,-2.2327070274631113
feat_gbm,2.0,45,212,-0.7764889782269105,0.15758807445032513
feat_gbm,2.0,45,213,0.6891467214637506,0.5234750924970406
feat_gbm,2.0,45,214,0.6117683161368015,0.8312555987922697
feat_gbm,2.0,45,215,-2.461129464667986,-0.7699972654610447
feat_gbm,2.0,45,216,-2.0273506986372127,-2.4368834827463726
feat_gbm,2.0,45,217,-3.515205404434364,-3.7421886443248944
feat_gbm,2.0,45,218,-2.484043830290854,-4.3753265313120195
feat_gbm,2.0,45,219,-0.12502798026784318,0.13181597567614448
feat_gbm,2.0,45,220,-2.441742809490251,-2.150299196146146
feat_gbm,2.0,45,221,-0.2679874200766752,0.4316281043505307
feat_gbm,2.0,45,222,-0.15816887275654595,0.20581216265343685
feat_gbm,2.0,45,223,-0.40755847508601006,-1.7226779576420432
feat_gbm,2.0,45,224,0.2799952144378516,1.0701061526100661
feat_gbm,2.0,45,225,-3.4393878272043277,-2.995983076644188
feat_gbm,2.0,45,226,0.14482047287275754,-0.39103048890459524
feat_gbm,2.0,45,227,-1.934858640144155,-2.811377433191803
feat_gbm,2.0,45,228,-0.16452031932044586,0.1103569248772952
feat_gbm,2.0,45,229,0.2639691917963946,1.0926797996732165
feat_gbm,2.0,45,230,-1.9812323511237697,-1.1465469989616057
feat_gbm,2.0,45,231,-3.4511113217884843,-3.7045714701961474
feat_gbm,2.0,45,232,-0.33788164531878295,-0.3205795311611984
feat_gbm,2.0,45,233,-0.19414993582004061,-0.7282288274356463
feat_gbm,2.0,45,234,0.1535665487042207,-0.6143938277881194
feat_gbm,2.0,45,235,-3.293595255134253,-3.717493513170671
feat_gbm,2.0,45,236,-1.4405517916046044,-1.894186438607053
feat_gbm,2.0,45,237,-0.03505108246028899,0.19101892391720615
feat_gbm,2.0,45,238,-2.694787287134471,-2.723653519266766
feat_gbm,2.0,45,239,0.36935709346475587,0.28172679866345784
feat_gbm,2.0,45,240,-1.249799643946811,-0.570916259780521
feat_gbm,2.0,45,241,-1.1402471875698745,-3.037607674189957
feat_gbm,2.0,45,242,-3.403870996604174,-2.4824067099880884
feat_gbm,2.0,45,243,-0.11281442870832321,1.793244191067856
feat_gbm,2.0,45,244,-2.692901368692701,-2.170563194223024
feat_gbm,2.0,45,245,-3.067570081243505,-2.5580286375581696
feat_gbm,2.0,45,246,-2.500757636809007,-3.9013363177662743
feat_gbm,2.0,45,247,-1.358308488176365,-1.2689211715035387
feat_gbm,2.0,45,248,-3.0510683346477774,-2.89795980370705
feat_gbm,2.0,45,249,-2.218063691742107,-1.149470325468549
feat_gbm,2.0,45,250,-1.4185027440127052,-2.1803876537888693
feat_gbm,2.0,45,251,-2.110274667330573,-1.2010659028736028
feat_gbm,2.0,45,252,-2.6342312391834786,-2.675840590612525
feat_gbm,2.0,45,253,-1.8046838753605634,-0.865421424414132
feat_gbm,2.0,45,254,-1.5045173656715651,-0.45089388998719687
feat_gbm,2.0,45,255,-2.6613240533283316,-1.477655138121315
feat_gbm,2.0,45,256,-2.6433258918289884,-1.9234128661936198
feat_gbm,2.0,45,257,-2.453114068901844,-0.8895479413744646
feat_gbm,2.0,45,258,-1.577377109574879,-1.284701881398344
feat_gbm,2.0,45,259,-0.31857426805815015,0.03791276039075724
feat_gbm,2.0,45,260,-2.3073258539442083,-1.213907680807544
feat_gbm,2.0,45,261,-0.21017039356435196,-0.6937064881158975
feat_gbm,2.0,45,262,0.1458166703020833,-2.500344974429108
feat_gbm,2.0,45,263,-2.421573584304548,-3.0782877743164985
feat_gbm,2.0,45,264,-2.905520455213367,-3.2702790535172426
feat_gbm,2.0,45,265,0.09920437586709406,-0.15746453031192983
feat_gbm,2.0,45,266,-2.2170361988559555,-1.3930653126164372
feat_gbm,2.0,45,267,-3.0562553799006014,-3.460520174484755
feat_gbm,2.0,45,268,-1.8605184689269678,-1.8115923421665279
feat_gbm,2.0,45,269,-0.1665237945384188,-0.04785951915829837
feat_gbm,2.0,45,270,-0.803899551758387,-1.3387838926701625
feat_gbm,2.0,45,271,0.5454182211693912,0.6172482925771328
feat_gbm,2.0,45,272,-0.6616779229243729,0.10718580269537517
feat_gbm,2.0,45,273,-1.9521430718789954,-2.4250613993713395
feat_gbm,2.0,45,274,-0.968278185500096,-0.4656136934058211
feat_gbm,2.0,45,275,-2.596252436338526,-1.7679071058666047
feat_gbm,2.0,45,276,-1.450208625891553,-0.15192249005847586
feat_gbm,2.0,45,277,-0.2810968136189035,-0.22686658439221394
feat_gbm,2.0,45,278,-0.6650367224496394,-0.3963273628232521
feat_gbm,2.0,45,279,-1.6160504792430062,-2.1916982233579314
feat_gbm,2.0,45,280,0.5043315770118232,0.5138857123822332
feat_gbm,2.0,45,281,-0.7457598600101801,0.13501120436460418
feat_gbm,2.0,45,282,0.1054436623610711,-0.35232291748203215
feat_gbm,2.0,45,283,0.1663955798364014,0.33710059568630363
feat_gbm,2.0,45,284,1.2661071572634912,2.2269494594330284
feat_gbm,2.0,45,285,-0.8659576505694586,-0.8523290277873723
feat_gbm,2.0,45,286,-0.11771311740903695,0.5032694866056324
feat_gbm,2.0,45,287,-2.008548479129549,-3.0734310124071125
feat_gbm,2.0,45,288,-2.682213216435082,-3.0969464995649485
feat_gbm,2.0,45,289,-0.1551448978115007,0.8088909840914691
feat_gbm,2.0,45,290,-1.6440542748123779,-1.710735902712342
feat_gbm,2.0,45,291,0.051037801855506326,-0.24588513525180683
feat_gbm,2.0,45,292,-2.9469843993899625,-2.9910915714149957
feat_gbm,2.0,45,293,-0.19061482372131366,0.24397961438558982
feat_gbm,2.0,45,294,0.3742972322122718,0.9827222917401395
feat_gbm,2.0,45,295,0.11009634151365766,1.5399914318848642
feat_gbm,2.0,45,296,-2.0788881475234193,-3.028104854063688
feat_gbm,2.0,45,297,-0.54443099590667,-1.9675880903276046
feat_gbm,2.0,45,298,-0.034449155110792246,0.3882116190950413
feat_gbm,2.0,45,299,-1.5950802223178466,-0.4169590587595381
feat_gbm,2.0,45,300,-0.8105013829491687,-0.47104701624968015
feat_gbm,2.0,45,301,-0.8231834931083518,-0.5788171023402015
feat_gbm,2.0,45,302,-2.6306249842494704,-3.325334912618423
feat_gbm,2.0,45,303,-0.7085558771153267,0.27214776974989446
feat_gbm,2.0,45,304,-0.06856183962973764,0.2838761456734127
feat_gbm,2.0,45,305,0.33385155953499007,0.98356576927226
feat_gbm,2.0,45,306,-2.5434211021797455,-2.324804251846344
feat_gbm,2.0,45,307,-0.22741421581771873,-0.30060412365222405
feat_gbm,2.0,45,308,-2.993699342870847,-3.5706943269006843
feat_gbm,2.0,45,309,-0.33140760415375853,0.7657986236992217
feat_gbm,2.0,45,310,-0.24750384156216454,-0.3760212383278314
feat_gbm,2.0,45,311,0.9650767737737976,0.903367601886353
feat_gbm,2.0,45,312,-0.02366845984804054,0.2834145554969618
feat_gbm,2.0,45,313,0.14507739098724728,-0.8750381269167363
feat_gbm,2.0,45,314,-0.3744439811714008,-0.8911054934067958
feat_gbm,2.0,45,315,0.06881837581454005,0.2699623908229132
feat_gbm,2.0,45,316,-3.11722792835614,-4.034449774534175
feat_gbm,2.0,45,317,-0.18283589391477084,0.7302045063515665
feat_gbm,2.0,45,318,-2.0698977789466984,-2.5264159394565007
feat_gbm,2.0,45,319,-3.262209512268921,-3.1280680478747835
feat_gbm,2.0,45,320,0.17782393624097126,-0.623194388118803
feat_gbm,2.0,45,321,-2.9952909721198706,-4.172922463867305
feat_gbm,2.0,45,322,1.1886845225674185,1.0714029341973417
feat_gbm,2.0,45,323,-2.8574921798451283,-2.5538050374755565
feat_gbm,2.0,45,324,-1.748035880446522,-1.5310020975326282
feat_gbm,2.0,45,325,-0.2994075713379345,-0.735749980772127
feat_gbm,2.0,45,326,-0.6310487601381323,-0.5010306012352705
feat_gbm,2.0,45,327,-4.0825745747602324,-4.393123087746285
feat_gbm,2.0,45,328,-1.2921002712611926,0.6439364857563509
feat_gbm,2.0,45,329,-2.6269022980674226,-2.60760252445046
feat_gbm,2.0,45,330,0.5288032506675342,0.46983427811083467
feat_gbm,2.0,45,331,-2.3473772923263097,-1.149354435920189
feat_gbm,2.0,45,332,-2.076806805877944,-1.0961264399974935
feat_gbm,2.0,45,333,0.11080434080294638,1.4253561556633074
feat_gbm,2.0,45,334,0.6371408540706242,1.0406546288822482
feat_gbm,2.0,45,335,0.34731563328289655,-0.1286217558512718
feat_gbm,2.0,45,336,-1.9292964573963294,-1.7275974260064488
feat_gbm,2.0,45,337,-3.799724414925108,-4.535227665039715
feat_gbm,2.0,45,338,-0.3322955967565474,-1.078833843619319
feat_gbm,2.0,45,339,-2.96047257575833,-2.035297396751524
feat_gbm,2.0,45,340,0.008098232832968968,0.4788286932125707
feat_gbm,2.0,45,341,0.06086255986464131,-0.4595082096564039
feat_gbm,2.0,45,342,-3.0760439706338945,-3.653430804591794
feat_gbm,2.0,45,343,0.5392868674155298,0.2834522663037432
feat_gbm,2.0,45,344,-0.014502499303091481,-0.15984972455285287
feat_gbm,2.0,45,345,-1.872337379630854,-3.8822970119574354
feat_gbm,2.0,45,346,-2.381719419637314,-2.5801989990218064
feat_gbm,2.0,45,347,-2.847608393989345,-3.2622630695286134
feat_gbm,2.0,45,348,-0.7674605065401794,-0.4894561152880944
feat_gbm,2.0,45,349,-1.4405773697812825,-3.0223552414624764
feat_gbm,2.0,45,350,0.5890933734345956,0.4215072765335228
feat_gbm,2.0,45,351,-2.627252504436879,-1.8152752103400673
feat_gbm,2.0,45,352,0.2865169791320544,1.102263670511441
feat_gbm,2.0,45,353,0.28124984820369947,1.4454852001466738
feat_gbm,2.0,45,354,-3.075073910024856,-3.6770060333191017
feat_gbm,2.0,45,355,-3.424143643351981,-5.078652858832153
feat_gbm,2.0,45,356,0.019285303997598667,0.7815322159665122
feat_gbm,2.0,45,357,0.00391044646785245,0.6775133790495483
feat_gbm,2.0,45,358,-3.113066341767313,-3.5163570325540956
feat_gbm,2.0,45,359,-1.632433820582209,-4.157760523739404
feat_gbm,2.0,45,360,-0.9426077907294036,-0.18386357284099003
feat_gbm,2.0,45,361,-2.8965387227811545,-4.477383009144865
feat_gbm,2.0,45,362,-0.718740727634054,0.2909126951240761
feat_gbm,2.0,45,363,-3.502290808266847,-3.5121531596302606
feat_gbm,2.0,45,364,-0.5263202688055647,-0.0019354464452207268
feat_gbm,2.0,45,365,-2.9974362853646195,-3.264666087597375
feat_gbm,2.0,45,366,-2.069219661017082,-1.4961090632143375
feat_gbm,2.0,45,367,-0.02267338297139359,-0.10305907560987346
feat_gbm,2.0,45,368,-0.4088870757747327,0.24601275195113992
feat_gbm,2.0,45,369,-0.49302094863651474,-1.6400355118163064
feat_gbm,2.0,45,370,-2.6486804707596487,-1.5399226532969161
feat_gbm,2.0,45,371,-0.7793691814048374,-0.3336387161155974
feat_gbm,2.0,45,372,-0.37829920002554906,0.3185760540422761
feat_gbm,2.0,45,373,-0.402107810384919,-0.30756424411789
feat_gbm,2.0,45,374,-3.230110917229365,-3.551435429619069
feat_gbm,2.0,45,375,0.07775236513368343,-0.12846918127015178
feat_gbm,2.0,45,376,0.38045161198898514,0.43413099611324796
feat_gbm,2.0,45,377,-0.008771781459964953,0.8095384731463161
feat_gbm,2.0,45,378,-0.020773248480791547,0.20303525329731625
feat_gbm,2.0,45,379,0.2386171962106568,0.524784145223057
feat_gbm,2.0,45,380,-0.10828721207673925,0.8722609808312535
feat_gbm,2.0,45,381,-0.7966370935009645,1.0190202163897197
feat_gbm,2.0,45,382,0.14111423785866428,1.2715191268303472
feat_gbm,2.0,45,383,-0.8826524663878113,-0.13923746667536385
feat_gbm,2.0,45,384,-1.0965574474297637,-1.7983983483294153
feat_gbm,2.0,45,385,-0.37047217887531503,0.5606037150840157
feat_gbm,2.0,45,386,0.6498429722527518,0.6003456151224621
feat_gbm,2.0,45,387,0.3633483368625579,1.3071718981356573
feat_gbm,2.0,45,388,0.0926338384462536,-0.19457283568776126
feat_gbm,2.0,45,389,-2.361187349103633,-0.981880356960367
feat_gbm,2.0,45,390,-2.14687166264588,-2.628024059072158
feat_gbm,2.0,45,391,-2.3747117161810043,-2.479262758098376
feat_gbm,2.0,45,392,-2.3060930033947225,-2.207941629114672
feat_gbm,2.0,45,393,-2.1541104571733274,-2.806586620215901
feat_gbm,2.0,45,394,-1.1573646816675878,-0.16842623590390868
feat_gbm,2.0,45,395,0.28350744635987696,0.3596423409999632
feat_gbm,2.0,45,396,-2.629641165958335,-3.117667066362407
feat_gbm,2.0,45,397,0.5724023990770253,0.6134086288650079
feat_gbm,2.0,45,398,0.5504523065115191,0.5049020087080688
feat_gbm,2.0,45,399,-1.7841535827313775,-1.0548605918119196
feat_gbm,2.0,45,400,-3.5822909395549005,-2.877676775828332
feat_gbm,2.0,45,401,0.0051447834730152485,0.015654415635624343
feat_gbm,2.0,45,402,-0.23992091047373773,-0.7027824676465185
feat_gbm,2.0,45,403,0.05417582039744194,0.6733427913489138
feat_gbm,2.0,45,404,-0.45130409099308405,0.03259550049258387
feat_gbm,2.0,45,405,-2.755162575849906,-3.4179416205706223
feat_gbm,2.0,45,406,-2.577099848845136,-1.6563158072976616
feat_gbm,2.0,45,407,-0.5958478695118627,0.3281041495218151
feat_gbm,2.0,45,408,-0.5927655386602634,-1.498502430121411
feat_gbm,2.0,45,409,-1.0112802346714882,-1.5390850133499359
feat_gbm,2.0,45,410,-1.094449078530438,-3.8769914364338094
feat_gbm,2.0,45,411,-1.8712292634253802,-1.1093409530974205
feat_gbm,2.0,45,412,-2.399494585298691,-2.1356441225652167
feat_gbm,2.0,45,413,0.07807365503494011,0.5613925387002681
feat_gbm,2.0,45,414,-2.748634015041458,-2.672303525149137
feat_gbm,2.0,45,415,0.3256373089156109,0.9887747910888531
feat_gbm,2.0,45,416,-3.3528469361053284,-2.064740642123073
feat_gbm,2.0,45,417,-0.5750771299286556,-0.13534283366780814
feat_gbm,2.0,45,418,0.08665655538050021,0.5266566940316069
feat_gbm,2.0,45,419,-2.347664414788115,-0.7929716308762645
feat_gbm,2.0,45,420,-0.000247708717512916,0.22081989653443584
feat_gbm,2.0,45,421,-3.762084237993387,-3.4911396429773087
feat_gbm,2.0,45,422,-0.6880922401813985,0.4691563032653497
feat_gbm,2.0,45,423,-0.1401939229350228,-0.21242164749251408
feat_gbm,2.0,45,424,-2.504588640818086,-2.0235730224261497
feat_gbm,2.0,45,425,-0.5116303586569293,0.1881042769243711
feat_gbm,2.0,45,426,-0.5130911292545829,-0.7546830882020855
feat_gbm,2.0,45,427,-1.9644447513756675,-2.004418163271322
feat_gbm,2.0,45,428,-0.48777614327909297,0.08108350485015015
feat_gbm,2.0,45,429,-2.2057320309510673,-0.8958783842144782
feat_gbm,2.0,45,430,-1.3782524829608498,-0.700178367515834
feat_gbm,2.0,45,431,-2.14786059009794,-2.026447754843476
feat_gbm,2.0,45,432,-3.232428782038508,-3.3644112924118934
feat_gbm,2.0,45,433,-2.414291113821814,-2.4777804975332844
feat_gbm,2.0,45,434,-3.1635806008209393,-3.6407879329147783
feat_gbm,2.0,45,435,0.03409912081930027,0.8140524350977956
feat_gbm,2.0,45,436,-0.4666853671987661,-0.6342245759550225
feat_gbm,2.0,45,437,-1.3006653206477345,-1.0170271575608654
feat_gbm,2.0,45,438,-0.7135607990318013,1.2058566336630974
feat_gbm,2.0,45,439,0.7013743074637611,1.04159183954478
feat_gbm,2.0,45,440,-0.05100446079743564,-0.383754051292973
feat_gbm,2.0,45,441,0.784509572284723,0.9717849563735496
feat_gbm,2.0,45,442,0.539146861698273,0.915394257773604
feat_gbm,2.0,45,443,-0.8661942560231384,0.17619398118278368
feat_gbm,2.0,45,444,-2.877906833174672,-2.3026142847949007
feat_gbm,2.0,45,445,0.010930131916187556,-2.156995715227189
feat_gbm,2.0,45,446,-1.9445121009192639,-1.9647154613855007
feat_gbm,2.0,45,447,-1.85596346472278,-1.2167428909736953
feat_gbm,2.0,45,448,-0.029858581024110462,0.371748058948411
feat_gbm,2.0,45,449,-2.145260880084274,-3.354914600670279
feat_gbm,2.0,45,450,-1.0354479092717348,-2.0984010901330774
feat_gbm,2.0,45,451,-1.442300059241935,-1.8411195968283314
feat_gbm,2.0,45,452,-0.07895859284278622,-0.2866386615093297
feat_gbm,2.0,45,453,-2.225685455316069,-2.1769502099219324
feat_gbm,2.0,45,454,-0.8604208409718126,0.851829112076475
feat_gbm,2.0,45,455,0.3105326600067831,-0.5174982843777256
feat_gbm,2.0,45,456,-3.572553286953173,-3.7883351795095335
feat_gbm,2.0,45,457,-2.7633062699509936,-1.3225504843777425
feat_gbm,2.0,45,458,-0.28339928973950756,-0.6304710111145473
feat_gbm,2.0,45,459,-1.05429724991618,-2.867776928577639
feat_gbm,2.0,45,460,-0.5904095855684661,-0.20106453453544149
feat_gbm,2.0,45,461,0.16014347981410929,0.565413433251147
feat_gbm,2.0,45,462,-0.770208052699336,0.6531860801292728
feat_gbm,2.0,45,463,-2.7378992558088293,-3.295531334571209
feat_gbm,2.0,45,464,-1.0109527129619733,-1.118951529136503
feat_gbm,2.0,45,465,-0.24274844131074316,0.08535922256033004
feat_gbm,2.0,45,466,-0.5794975727505121,0.2656879386171551
feat_gbm,2.0,45,467,-1.2778280704906293,-1.0764680911985907
feat_gbm,2.0,45,468,1.1461215961968785,2.2503813782282114
feat_gbm,2.0,45,469,0.1882140399889708,-0.029700274932011248
feat_gbm,2.0,45,470,-3.1208974197625485,-2.1918010579584375
feat_gbm,2.0,45,471,-0.6393782170685376,-0.12537364897776127
feat_gbm,2.0,45,472,-0.54932250827927,-1.3714574409892777
feat_gbm,2.0,45,473,-1.1113798505789343,-1.0216450817816245
feat_gbm,2.0,45,474,-0.6502545453073794,-0.8313233833759152
feat_gbm,2.0,45,475,-2.525077540586477,-3.25243582884057
feat_gbm,2.0,45,476,0.15652717453476345,0.8737365575305754
feat_gbm,2.0,45,477,-2.7481767639130226,-1.8373017486027088
feat_gbm,2.0,45,478,-2.168238108401115,-1.909749317133085
feat_gbm,2.0,45,479,-0.12019331136740678,0.418341725137149
feat_gbm,2.0,45,480,-3.0400526804811774,-2.8689304810445995
feat_gbm,2.0,45,481,-3.32273323413283,-3.9192950012633494
feat_gbm,2.0,45,482,0.5755318513567781,0.8191907452202399
feat_gbm,2.0,45,483,-2.6254558321675643,-2.7371748494528005
feat_gbm,2.0,45,484,0.30302964699089974,0.043868991079412875
feat_gbm,2.0,45,485,-2.078196853465401,-3.9571024828402512
feat_gbm,2.0,45,486,-1.64042004694111,-0.8286091055291892
feat_gbm,2.0,45,487,0.6262676057422292,1.1086460137612473
feat_gbm,2.0,45,488,-0.6387967359504721,-1.0899995989348372
feat_gbm,2.0,45,489,-1.8563350123633626,-2.9260181182274523
feat_gbm,2.0,45,490,0.14806231216789517,0.01778898425240747
feat_gbm,2.0,45,491,0.2825902034348924,-0.388546054063584
feat_gbm,2.0,45,492,-2.1716368192797195,-0.8483910406321095
feat_gbm,2.0,45,493,-2.3120580937464545,-2.4855190663855797
feat_gbm,2.0,45,494,0.008303968301391176,-0.6027729178489412
feat_gbm,2.0,45,495,-3.9615344258582157,-1.5285925057254015
feat_gbm,2.0,45,496,0.1784281201903175,1.0092174422839322
feat_gbm,2.0,45,497,-2.9746397372181876,-2.421052301727873
feat_gbm,2.0,45,498,-3.3854809629097997,-3.2283141264699093
feat_gbm,2.0,45,499,-3.8924960789177687,-4.907212199848568
feat_gbm,2.0,46,0,-0.5425045742085143,0.03894909458183669
feat_gbm,2.0,46,1,-2.3724885904998154,-2.5052564746229193
feat_gbm,2.0,46,2,-0.01186292470129417,0.6287827851917782
feat_gbm,2.0,46,3,-2.7489264421875617,-3.3447289283878643
feat_gbm,2.0,46,4,1.1924012570836406,0.9694015026406426
feat_gbm,2.0,46,5,-1.2975466624265517,-2.4693709778233526
feat_gbm,2.0,46,6,-0.006357045065133594,-0.2819211013310965
feat_gbm,2.0,46,7,-0.024298327455744114,0.5289578846490461
feat_gbm,2.0,46,8,0.05994898419055175,0.032863622186365654
feat_gbm,2.0,46,9,0.5337771762001069,0.9352707853930591
feat_gbm,2.0,46,10,-1.811527435546177,-1.5987558134683666
feat_gbm,2.0,46,11,-2.4642763972671524,-3.2678706438993954
feat_gbm,2.0,46,12,-2.709181761914725,-2.445380546146449
feat_gbm,2.0,46,13,-0.6133452313574398,-0.4471217519653716
feat_gbm,2.0,46,14,-1.514353950645424,-1.8343062920535937
feat_gbm,2.0,46,15,-1.6141933143977767,-2.278287047942225
feat_gbm,2.0,46,16,-1.323139466074549,-1.113015507562239
feat_gbm,2.0,46,17,-1.4875372993663751,-1.149386040828735
feat_gbm,2.0,46,18,-0.5565622383699015,-0.4541092694382234
feat_gbm,2.0,46,19,-2.6601355579933785,-2.8798658660471284
feat_gbm,2.0,46,20,-3.280853495445157,-3.281006200299989
feat_gbm,2.0,46,21,-1.5489176827123083,-0.7889402030111288
feat_gbm,2.0,46,22,-0.685602470351887,-0.48114593055133975
feat_gbm,2.0,46,23,-3.101162574685578,-2.8038114998165153
feat_gbm,2.0,46,24,-3.7499710241830577,-2.6726430450531393
feat_gbm,2.0,46,25,-3.3190954196951337,-3.141178249464176
feat_gbm,2.0,46,26,-3.1401075236599434,-3.8612362310489847
feat_gbm,2.0,46,27,-2.808452127803889,-3.085821277369337
feat_gbm,2.0,46,28,-2.8260691497982915,-2.1153791712035637
feat_gbm,2.0,46,29,-0.9188489918901898,-0.5854112868629942
feat_gbm,2.0,46,30,-0.293920874398256,0.13849791927417068
feat_gbm,2.0,46,31,-2.821019808713743,-2.779654184179668
feat_gbm,2.0,46,32,0.8137583768265686,0.9166392391011026
feat_gbm,2.0,46,33,-2.7340844103956234,-2.134444297962007
feat_gbm,2.0,46,34,0.15896268620691648,1.1224191581864646
feat_gbm,2.0,46,35,-3.2595078822040326,-2.7514680837461087
feat_gbm,2.0,46,36,0.25941901859647243,0.7493710802437775
feat_gbm,2.0,46,37,-2.047131916295671,-2.157600461660938
feat_gbm,2.0,46,38,-1.4525296799599565,-1.7436371170468024
feat_gbm,2.0,46,39,0.6988799611991141,0.632388610685479
feat_gbm,2.0,46,40,-2.5223851166835547,-1.5024753827969588
feat_gbm,2.0,46,41,-2.3967500881016557,-2.936018587066778
feat_gbm,2.0,46,42,-1.24753224833044,-0.06406961406287034
feat_gbm,2.0,46,43,-0.600265493683577,-0.43711075337934485
feat_gbm,2.0,46,44,-0.8534121499639553,0.521724778538647
feat_gbm,2.0,46,45,0.3887291209165319,-0.02881562555915001
feat_gbm,2.0,46,46,-2.3894498006800724,-2.6856700943784895
feat_gbm,2.0,46,47,-2.396378305238527,-3.3419513202228783
feat_gbm,2.0,46,48,-0.17908615378885914,-0.35240032436669677
feat_gbm,2.0,46,49,-3.5957586745404635,-4.466027560457086
feat_gbm,2.0,46,50,-1.6995503602010944,-1.2227887404747313
feat_gbm,2.0,46,51,-3.6870436856615663,-4.168130875201601
feat_gbm,2.0,46,52,-1.2596418337938864,-2.1825653069440887
feat_gbm,2.0,46,53,-3.050422578344524,-2.816977102698189
feat_gbm,2.0,46,54,-0.10561885268293524,-0.9520374156321785
feat_gbm,2.0,46,55,0.45211888759463703,0.800460094219776
feat_gbm,2.0,46,56,0.28425645832126517,0.2782562560211116
feat_gbm,2.0,46,57,-0.18228246035224194,-0.7855200046266205
feat_gbm,2.0,46,58,-3.381464111433702,-2.837973637743256
feat_gbm,2.0,46,59,-1.4225205156958491,0.3653424354755994
feat_gbm,2.0,46,60,-1.361086609999795,-3.145987746693799
feat_gbm,2.0,46,61,-2.853250999652054,-2.1381844357326614
feat_gbm,2.0,46,62,-0.08352417816505611,0.3908315550690521
feat_gbm,2.0,46,63,-2.937684646178716,-3.259739876316779
feat_gbm,2.0,46,64,-2.276410987881526,-3.799325775609258
feat_gbm,2.0,46,65,0.28408127021213336,0.2842997557356093
feat_gbm,2.0,46,66,0.3088976575027534,0.9099380077885143
feat_gbm,2.0,46,67,0.2296588435192979,0.5741223235018287
feat_gbm,2.0,46,68,0.9639345163625486,1.3807263582335993
feat_gbm,2.0,46,69,-0.22590737573843486,2.7357387204405055
feat_gbm,2.0,46,70,0.25049421131080135,-0.3782017485149665
feat_gbm,2.0,46,71,-1.139340674941463,-0.6946521973220513
feat_gbm,2.0,46,72,-2.698612305849172,-3.510295151868067
feat_gbm,2.0,46,73,-0.7564773010643939,-0.3643686170400702
feat_gbm,2.0,46,74,1.3599678810730742,1.1835884152793859
feat_gbm,2.0,46,75,0.13951717447132994,-0.38644824542838596
feat_gbm,2.0,46,76,0.3854173977606847,0.7005004452467647
feat_gbm,2.0,46,77,0.30410167132162547,0.3770911051312199
feat_gbm,2.0,46,78,-0.08509454517316237,-0.5374783823521183
feat_gbm,2.0,46,79,-2.2675051476076287,-3.2499450611549854
feat_gbm,2.0,46,80,-2.150114738988631,-1.719925172279684
feat_gbm,2.0,46,81,-0.3187647987967828,1.8185710395242058
feat_gbm,2.0,46,82,-1.3773514223663172,-1.0758778979961314
feat_gbm,2.0,46,83,-1.1242084180146013,-0.8033140510569362
feat_gbm,2.0,46,84,-1.9801036752332033,-2.0837035815006346
feat_gbm,2.0,46,85,-1.90253005384207,-1.2430797823904942
feat_gbm,2.0,46,86,0.16052058923263895,0.639317965424242
feat_gbm,2.0,46,87,-0.43019712835321827,-0.02321591952008587
feat_gbm,2.0,46,88,-2.477058498408914,-3.512086916650174
feat_gbm,2.0,46,89,-1.5636661940537764,-1.684363733317816
feat_gbm,2.0,46,90,-2.641188386489033,-3.5341996208099964
feat_gbm,2.0,46,91,0.1790114515170964,1.1574629997660548
feat_gbm,2.0,46,92,-1.6815105409206297,-0.7651863719989663
feat_gbm,2.0,46,93,-1.7824506968491085,-5.7708125015304885
feat_gbm,2.0,46,94,0.3347771814670558,0.07374698385127064
feat_gbm,2.0,46,95,-1.2505186664644632,1.201566413592891
feat_gbm,2.0,46,96,0.7802409472506044,1.2655480006709303
feat_gbm,2.0,46,97,-2.731967955325859,-3.2217777708537843
feat_gbm,2.0,46,98,-1.9253827552862675,-1.2120387208328698
feat_gbm,2.0,46,99,-0.325452147856502,-0.04015373686183237
feat_gbm,2.0,46,100,-3.2323737391708707,-2.8384481914339785
feat_gbm,2.0,46,101,-2.933881776048444,-3.541068619782685
feat_gbm,2.0,46,102,-3.16329724001515,-4.424727465058162
feat_gbm,2.0,46,103,-1.022430395517954,-0.7652009130347144
feat_gbm,2.0,46,104,-0.5774973313280761,-0.406664655497914
feat_gbm,2.0,46,105,-2.1081039274105047,-2.8019031633754246
feat_gbm,2.0,46,106,-1.5998291659090589,-1.1978192780958505
feat_gbm,2.0,46,107,-1.8726917762592588,-1.2497822804421463
feat_gbm,2.0,46,108,0.1654637724549537,-0.2003702404752673
feat_gbm,2.0,46,109,-1.1806968388401442,-0.28745536208379296
feat_gbm,2.0,46,110,0.09682125983973383,0.2838469771831524
feat_gbm,2.0,46,111,-0.6972676553904193,0.6579850926301614
feat_gbm,2.0,46,112,-0.06136243944795917,-0.4279263804064609
feat_gbm,2.0,46,113,0.39192477858262376,0.527327823801956
feat_gbm,2.0,46,114,-2.252423850539972,-3.652947895428966
feat_gbm,2.0,46,115,-0.3643106462489558,-0.04287987221360797
feat_gbm,2.0,46,116,-2.7720575811839367,-3.4409421360670214
feat_gbm,2.0,46,117,-2.5546775622682683,-2.4284095097884006
feat_gbm,2.0,46,118,-2.514253904871804,-1.419217075367618
feat_gbm,2.0,46,119,-0.649528270262168,-1.4944271796191557
feat_gbm,2.0,46,120,-3.493718665312218,-2.797137626437216
feat_gbm,2.0,46,121,0.0747588365236933,3.1321125804877905
feat_gbm,2.0,46,122,-1.0882215943006248,-3.164895556438051
feat_gbm,2.0,46,123,0.34267873996814996,-0.021234684620174846
feat_gbm,2.0,46,124,-1.3657226801659341,-1.246001114532972
feat_gbm,2.0,46,125,-0.9572737134890364,-2.7130193085566443
feat_gbm,2.0,46,126,-0.7121102099902495,-2.0560780011130944
feat_gbm,2.0,46,127,-2.817606198922382,-1.631222331554067
feat_gbm,2.0,46,128,-1.107764465098541,-3.477307725783656
feat_gbm,2.0,46,129,-0.5479317026582358,1.7007542891568868
feat_gbm,2.0,46,130,0.07266301259105845,-3.4021624962570822
feat_gbm,2.0,46,131,-3.0567152971485223,-3.701149444421242
feat_gbm,2.0,46,132,-0.3298516953244328,-0.4116741376471012
feat_gbm,2.0,46,133,-0.7195233134050587,-0.5680375850475197
feat_gbm,2.0,46,134,-3.0039731196140202,-1.4788189923590598
feat_gbm,2.0,46,135,-2.4303874462861543,-2.9896549957503007
feat_gbm,2.0,46,136,0.2064904337226095,0.11194117436713467
feat_gbm,2.0,46,137,0.6392744193398106,1.7147062893715772
feat_gbm,2.0,46,138,-2.6335900197569804,-1.9709125209383296
feat_gbm,2.0,46,139,-0.3213983906096675,0.19937477723826902
feat_gbm,2.0,46,140,-2.508955447694189,-2.8223726616431475
feat_gbm,2.0,46,141,-0.19232309790342064,-0.12380828599000025
feat_gbm,2.0,46,142,-2.053364858319692,-2.97521232911642
feat_gbm,2.0,46,143,-2.1126909496164363,-1.9484557479617686
feat_gbm,2.0,46,144,-0.42667244062322063,1.244093655886106
feat_gbm,2.0,46,145,-1.9308410730466674,-2.0280859266176816
feat_gbm,2.0,46,146,-2.61703082701029,-2.0754073031653366
feat_gbm,2.0,46,147,-0.19991585464031064,-0.11331641159387335
feat_gbm,2.0,46,148,-2.5715396002753477,-2.620298039600635
feat_gbm,2.0,46,149,-3.116207866722908,-3.8395532227602396
feat_gbm,2.0,46,150,0.036424989387703784,-2.149698272240366
feat_gbm,2.0,46,151,-3.0503463476755313,-3.1594376779318036
feat_gbm,2.0,46,152,-2.1108214590450918,-2.7712141114581046
feat_gbm,2.0,46,153,-0.7421372857876999,-1.1483368403810985
feat_gbm,2.0,46,154,-1.617874508706603,-1.4700676700115773
feat_gbm,2.0,46,155,-0.012338260245985985,1.4088416749712322
feat_gbm,2.0,46,156,-0.07669038137501664,0.7564704220494097
feat_gbm,2.0,46,157,-1.389926997970616,-1.7148995557963913
feat_gbm,2.0,46,158,-0.973737941631181,-2.8595355115547196
feat_gbm,2.0,46,159,-1.3037710403863565,-0.9922400520728849
feat_gbm,2.0,46,160,1.3633142257094257,1.8585227307534937
feat_gbm,2.0,46,161,-3.2476873468161704,-2.477654537850602
feat_gbm,2.0,46,162,-3.4639895748368974,-2.993764039868935
feat_gbm,2.0,46,163,-1.4585843781404322,-1.1722671160336509
feat_gbm,2.0,46,164,-2.8308634733363185,-1.6577576086204497
feat_gbm,2.0,46,165,-1.908733156700339,-2.9770186999323642
feat_gbm,2.0,46,166,-2.234235411202035,-3.2329952824425443
feat_gbm,2.0,46,167,-0.4284101987767307,0.19550508612775644
feat_gbm,2.0,46,168,-0.9519554275696387,-1.2639642813248737
feat_gbm,2.0,46,169,0.988431762949771,1.4224064134580066
feat_gbm,2.0,46,170,-2.2544018325747683,-1.5303724784706008
feat_gbm,2.0,46,171,0.2504594628461029,0.6086346650572224
feat_gbm,2.0,46,172,-0.19064522544623042,-0.052232489626048526
feat_gbm,2.0,46,173,-1.7407338474561356,-0.19074605880313256
feat_gbm,2.0,46,174,-2.5386779659499523,-2.7678232596734214
feat_gbm,2.0,46,175,-2.250018457400674,-1.6557092188829319
feat_gbm,2.0,46,176,0.373481436156334,0.12081831439914445
feat_gbm,2.0,46,177,-0.36107628454899887,3.7031714993021168
feat_gbm,2.0,46,178,-0.311269415934038,-0.17761292562564054
feat_gbm,2.0,46,179,0.17389314976216658,0.2295122735959306
feat_gbm,2.0,46,180,-1.335142798866144,-1.6401012725318311
feat_gbm,2.0,46,181,-2.9566739838760037,-3.399461101549646
feat_gbm,2.0,46,182,0.3129111008431083,0.5421608664871393
feat_gbm,2.0,46,183,-2.703363999824337,-3.7858185839721776
feat_gbm,2.0,46,184,0.0910458945206722,0.4440956773301304
feat_gbm,2.0,46,185,-0.5274956830008493,0.5450962365111649
feat_gbm,2.0,46,186,-2.7607251659882412,-3.094441269353033
feat_gbm,2.0,46,187,-0.034921708056643096,1.436275522654785
feat_gbm,2.0,46,188,-0.21512776694452318,-0.003208414280501246
feat_gbm,2.0,46,189,-2.828587996187411,-2.0766448721687736
feat_gbm,2.0,46,190,-2.3240428402871656,-2.887011097372245
feat_gbm,2.0,46,191,-0.46540179536812015,-0.19564387773269687
feat_gbm,2.0,46,192,-2.052869651201134,-3.39219136175158
feat_gbm,2.0,46,193,-4.066076269312269,-4.804455114758695
feat_gbm,2.0,46,194,-1.1147968085706965,-0.23230879418151415
feat_gbm,2.0,46,195,0.9634961648487484,0.7768952289284052
feat_gbm,2.0,46,196,-3.2064122542974216,-3.0758975731441707
feat_gbm,2.0,46,197,1.2391258955251772,1.8852948766094535
feat_gbm,2.0,46,198,0.04196125339697683,-0.07474663349946693
feat_gbm,2.0,46,199,1.3683825773181653,0.9295509098669842
feat_gbm,2.0,46,200,-0.056141126261740185,0.40408761039079466
feat_gbm,2.0,46,201,-2.5573358214616504,-1.0185563947000995
feat_gbm,2.0,46,202,-1.9425974101911565,-1.5812541435625456
feat_gbm,2.0,46,203,-1.3777893791897466,-2.9269603411540346
feat_gbm,2.0,46,204,-0.24559246477670946,-0.9368237022381455
feat_gbm,2.0,46,205,-0.8674309840703882,-0.771906247259438
feat_gbm,2.0,46,206,-2.74886336481708,-1.4457766532498904
feat_gbm,2.0,46,207,-2.5094579814810403,-2.4752738768021185
feat_gbm,2.0,46,208,-3.299814623635908,-2.8789590131308262
feat_gbm,2.0,46,209,-3.0726088826738653,-2.6986856152036793
feat_gbm,2.0,46,210,0.4452330937300081,0.05837096406180189
feat_gbm,2.0,46,211,-2.031508697799078,-2.2327070274631113
feat_gbm,2.0,46,212,-0.6070969128535919,0.15758807445032513
feat_gbm,2.0,46,213,0.7724183590351356,0.5234750924970406
feat_gbm,2.0,46,214,0.752203095766838,0.8312555987922697
feat_gbm,2.0,46,215,-2.5326702895915556,-0.7699972654610447
feat_gbm,2.0,46,216,-2.269594330175228,-2.4368834827463726
feat_gbm,2.0,46,217,-3.4183237916569125,-3.7421886443248944
feat_gbm,2.0,46,218,-2.531314474376505,-4.3753265313120195
feat_gbm,2.0,46,219,-0.05882551532910582,0.13181597567614448
feat_gbm,2.0,46,220,-2.497699289960093,-2.150299196146146
feat_gbm,2.0,46,221,-0.46923085429125033,0.4316281043505307
feat_gbm,2.0,46,222,0.1797434635649064,0.20581216265343685
feat_gbm,2.0,46,223,-0.8275700880031741,-1.7226779576420432
feat_gbm,2.0,46,224,0.3276091565827733,1.0701061526100661
feat_gbm,2.0,46,225,-3.2413978454958827,-2.995983076644188
feat_gbm,2.0,46,226,0.03954310933212656,-0.39103048890459524
feat_gbm,2.0,46,227,-2.23317666393226,-2.811377433191803
feat_gbm,2.0,46,228,-0.037905136109724374,0.1103569248772952
feat_gbm,2.0,46,229,0.0012370064294775713,1.0926797996732165
feat_gbm,2.0,46,230,-1.8129896489811326,-1.1465469989616057
feat_gbm,2.0,46,231,-3.4405432349788923,-3.7045714701961474
feat_gbm,2.0,46,232,-0.5088409888620865,-0.3205795311611984
feat_gbm,2.0,46,233,-0.08413540723165464,-0.7282288274356463
feat_gbm,2.0,46,234,0.20583740073589812,-0.6143938277881194
feat_gbm,2.0,46,235,-3.295331583962338,-3.717493513170671
feat_gbm,2.0,46,236,-1.4738458010744118,-1.894186438607053
feat_gbm,2.0,46,237,0.0464554718691069,0.19101892391720615
feat_gbm,2.0,46,238,-2.7287633257685244,-2.723653519266766
feat_gbm,2.0,46,239,0.28130707394095716,0.28172679866345784
feat_gbm,2.0,46,240,-1.4047020077374561,-0.570916259780521
feat_gbm,2.0,46,241,-0.9801774913700292,-3.037607674189957
feat_gbm,2.0,46,242,-3.234372591504109,-2.4824067099880884
feat_gbm,2.0,46,243,-0.212894973359038,1.793244191067856
feat_gbm,2.0,46,244,-2.7935886943074735,-2.170563194223024
feat_gbm,2.0,46,245,-2.9291176780992756,-2.5580286375581696
feat_gbm,2.0,46,246,-2.437372120365027,-3.9013363177662743
feat_gbm,2.0,46,247,-1.4542185388972733,-1.2689211715035387
feat_gbm,2.0,46,248,-3.0587514872837085,-2.89795980370705
feat_gbm,2.0,46,249,-1.5549855538705168,-1.149470325468549
feat_gbm,2.0,46,250,-1.4813516209119273,-2.1803876537888693
feat_gbm,2.0,46,251,-1.9751512863685738,-1.2010659028736028
feat_gbm,2.0,46,252,-2.6428553099037018,-2.675840590612525
feat_gbm,2.0,46,253,-2.025607688817162,-0.865421424414132
feat_gbm,2.0,46,254,-1.349018931755384,-0.45089388998719687
feat_gbm,2.0,46,255,-2.782721191925062,-1.477655138121315
feat_gbm,2.0,46,256,-2.5910003606627803,-1.9234128661936198
feat_gbm,2.0,46,257,-2.2712069118720293,-0.8895479413744646
feat_gbm,2.0,46,258,-1.1472919505938064,-1.284701881398344
feat_gbm,2.0,46,259,-0.21579312259394676,0.03791276039075724
feat_gbm,2.0,46,260,-2.2702440239750645,-1.213907680807544
feat_gbm,2.0,46,261,-0.19525435425353813,-0.6937064881158975
feat_gbm,2.0,46,262,-0.059287130346903645,-2.500344974429108
feat_gbm,2.0,46,263,-2.58824798778125,-3.0782877743164985
feat_gbm,2.0,46,264,-2.8910687183726576,-3.2702790535172426
feat_gbm,2.0,46,265,-0.22583368202145826,-0.15746453031192983
feat_gbm,2.0,46,266,-2.4137986914069622,-1.3930653126164372
feat_gbm,2.0,46,267,-2.941717653498494,-3.460520174484755
feat_gbm,2.0,46,268,-1.9936062742599983,-1.8115923421665279
feat_gbm,2.0,46,269,-0.25496625867001543,-0.04785951915829837
feat_gbm,2.0,46,270,-1.0504528246824685,-1.3387838926701625
feat_gbm,2.0,46,271,0.6186611650131186,0.6172482925771328
feat_gbm,2.0,46,272,-0.6463678316562116,0.10718580269537517
feat_gbm,2.0,46,273,-1.8100385052963273,-2.4250613993713395
feat_gbm,2.0,46,274,-0.9730297474571978,-0.4656136934058211
feat_gbm,2.0,46,275,-2.9208829801417253,-1.7679071058666047
feat_gbm,2.0,46,276,-1.3048235400466284,-0.15192249005847586
feat_gbm,2.0,46,277,-0.3870407503573466,-0.22686658439221394
feat_gbm,2.0,46,278,-0.8294865216397035,-0.3963273628232521
feat_gbm,2.0,46,279,-2.347317412259279,-2.1916982233579314
feat_gbm,2.0,46,280,0.3750917173690098,0.5138857123822332
feat_gbm,2.0,46,281,-0.16734089716999764,0.13501120436460418
feat_gbm,2.0,46,282,0.12105188578811513,-0.35232291748203215
feat_gbm,2.0,46,283,0.16765655618119504,0.33710059568630363
feat_gbm,2.0,46,284,1.262142579554245,2.2269494594330284
feat_gbm,2.0,46,285,-0.9748979802974818,-0.8523290277873723
feat_gbm,2.0,46,286,-0.09012475295133623,0.5032694866056324
feat_gbm,2.0,46,287,-2.0582407320824783,-3.0734310124071125
feat_gbm,2.0,46,288,-2.7903442293068785,-3.0969464995649485
feat_gbm,2.0,46,289,0.07102938575674325,0.8088909840914691
feat_gbm,2.0,46,290,-1.9466854289774258,-1.710735902712342
feat_gbm,2.0,46,291,-0.07965687455156172,-0.24588513525180683
feat_gbm,2.0,46,292,-2.7246641492718657,-2.9910915714149957
feat_gbm,2.0,46,293,-0.16274510648083682,0.24397961438558982
feat_gbm,2.0,46,294,0.25169760726644247,0.9827222917401395
feat_gbm,2.0,46,295,0.6701812193495952,1.5399914318848642
feat_gbm,2.0,46,296,-2.2043477026157974,-3.028104854063688
feat_gbm,2.0,46,297,-0.28798358367022264,-1.9675880903276046
feat_gbm,2.0,46,298,0.44012645462486655,0.3882116190950413
feat_gbm,2.0,46,299,-1.7664433199285152,-0.4169590587595381
feat_gbm,2.0,46,300,-1.2676999724632312,-0.47104701624968015
feat_gbm,2.0,46,301,-0.8510767314699665,-0.5788171023402015
feat_gbm,2.0,46,302,-2.4258713756982604,-3.325334912618423
feat_gbm,2.0,46,303,-0.7181744554412669,0.27214776974989446
feat_gbm,2.0,46,304,-0.1056855433473359,0.2838761456734127
feat_gbm,2.0,46,305,0.627315873808976,0.98356576927226
feat_gbm,2.0,46,306,-2.6534303954767497,-2.324804251846344
feat_gbm,2.0,46,307,-0.28459158658047373,-0.30060412365222405
feat_gbm,2.0,46,308,-3.0048647829527337,-3.5706943269006843
feat_gbm,2.0,46,309,-0.6304477608746503,0.7657986236992217
feat_gbm,2.0,46,310,-0.3844006248346233,-0.3760212383278314
feat_gbm,2.0,46,311,1.0312276207473712,0.903367601886353
feat_gbm,2.0,46,312,0.30164289730237065,0.2834145554969618
feat_gbm,2.0,46,313,0.03475576405572918,-0.8750381269167363
feat_gbm,2.0,46,314,-0.5312626696078552,-0.8911054934067958
feat_gbm,2.0,46,315,0.04939736775188459,0.2699623908229132
feat_gbm,2.0,46,316,-2.8014171746599597,-4.034449774534175
feat_gbm,2.0,46,317,-0.11094079163879145,0.7302045063515665
feat_gbm,2.0,46,318,-2.137335170795371,-2.5264159394565007
feat_gbm,2.0,46,319,-3.2369630131174,-3.1280680478747835
feat_gbm,2.0,46,320,0.05771821941361245,-0.623194388118803
feat_gbm,2.0,46,321,-3.0048104206759256,-4.172922463867305
feat_gbm,2.0,46,322,1.2555078988740187,1.0714029341973417
feat_gbm,2.0,46,323,-2.869529823374954,-2.5538050374755565
feat_gbm,2.0,46,324,-1.612010193410687,-1.5310020975326282
feat_gbm,2.0,46,325,-0.1890434491303683,-0.735749980772127
feat_gbm,2.0,46,326,-0.6914496739049123,-0.5010306012352705
feat_gbm,2.0,46,327,-4.17042487502437,-4.393123087746285
feat_gbm,2.0,46,328,-0.9694465523697184,0.6439364857563509
feat_gbm,2.0,46,329,-2.6934621382962263,-2.60760252445046
feat_gbm,2.0,46,330,0.47191737406410833,0.46983427811083467
feat_gbm,2.0,46,331,-2.2246131598354637,-1.149354435920189
feat_gbm,2.0,46,332,-2.203081002602928,-1.0961264399974935
feat_gbm,2.0,46,333,0.10510260600212247,1.4253561556633074
feat_gbm,2.0,46,334,0.6236288460917714,1.0406546288822482
feat_gbm,2.0,46,335,0.34746450999687634,-0.1286217558512718
feat_gbm,2.0,46,336,-1.906805316407187,-1.7275974260064488
feat_gbm,2.0,46,337,-3.655257584141462,-4.535227665039715
feat_gbm,2.0,46,338,-0.2797042532246271,-1.078833843619319
feat_gbm,2.0,46,339,-2.8885042865351496,-2.035297396751524
feat_gbm,2.0,46,340,0.06457589579742713,0.4788286932125707
feat_gbm,2.0,46,341,0.17445312572859778,-0.4595082096564039
feat_gbm,2.0,46,342,-3.050286401680627,-3.653430804591794
feat_gbm,2.0,46,343,0.5175447970584359,0.2834522663037432
feat_gbm,2.0,46,344,0.07933661878569971,-0.15984972455285287
feat_gbm,2.0,46,345,-1.7179861077428085,-3.8822970119574354
feat_gbm,2.0,46,346,-2.3433844338651864,-2.5801989990218064
feat_gbm,2.0,46,347,-2.9822974230530126,-3.2622630695286134
feat_gbm,2.0,46,348,-0.746894376987732,-0.4894561152880944
feat_gbm,2.0,46,349,-1.7833163511785741,-3.0223552414624764
feat_gbm,2.0,46,350,0.7830276302979382,0.4215072765335228
feat_gbm,2.0,46,351,-2.565864143500565,-1.8152752103400673
feat_gbm,2.0,46,352,0.3552978337039529,1.102263670511441
feat_gbm,2.0,46,353,0.3438539181047761,1.4454852001466738
feat_gbm,2.0,46,354,-3.1047942110149047,-3.6770060333191017
feat_gbm,2.0,46,355,-3.092531646419109,-5.078652858832153
feat_gbm,2.0,46,356,0.1393600808098663,0.7815322159665122
feat_gbm,2.0,46,357,-0.03984538080996715,0.6775133790495483
feat_gbm,2.0,46,358,-3.0578332208910797,-3.5163570325540956
feat_gbm,2.0,46,359,-1.5564275237342908,-4.157760523739404
feat_gbm,2.0,46,360,-0.9158076808008947,-0.18386357284099003
feat_gbm,2.0,46,361,-3.1240788727594966,-4.477383009144865
feat_gbm,2.0,46,362,-0.6691223778454566,0.2909126951240761
feat_gbm,2.0,46,363,-4.01439707088686,-3.5121531596302606
feat_gbm,2.0,46,364,-0.26847223522671293,-0.0019354464452207268
feat_gbm,2.0,46,365,-3.098995626057118,-3.264666087597375
feat_gbm,2.0,46,366,-1.8849839891627,-1.4961090632143375
feat_gbm,2.0,46,367,0.0558101462452653,-0.10305907560987346
feat_gbm,2.0,46,368,-0.5019921797334803,0.24601275195113992
feat_gbm,2.0,46,369,-0.8735576582205788,-1.6400355118163064
feat_gbm,2.0,46,370,-2.7734141790843814,-1.5399226532969161
feat_gbm,2.0,46,371,-0.95736438301159,-0.3336387161155974
feat_gbm,2.0,46,372,-0.41307506603749466,0.3185760540422761
feat_gbm,2.0,46,373,-0.3265234045075811,-0.30756424411789
feat_gbm,2.0,46,374,-3.1826679368713755,-3.551435429619069
feat_gbm,2.0,46,375,0.2765448997630711,-0.12846918127015178
feat_gbm,2.0,46,376,0.6335953322997063,0.43413099611324796
feat_gbm,2.0,46,377,0.008582954878713021,0.8095384731463161
feat_gbm,2.0,46,378,0.13599375288871,0.20303525329731625
feat_gbm,2.0,46,379,-0.13459901895100887,0.524784145223057
feat_gbm,2.0,46,380,-0.14249060331322352,0.8722609808312535
feat_gbm,2.0,46,381,-0.6813940319526356,1.0190202163897197
feat_gbm,2.0,46,382,0.08778106726265648,1.2715191268303472
feat_gbm,2.0,46,383,-0.7669749103968639,-0.13923746667536385
feat_gbm,2.0,46,384,-1.1507361521945916,-1.7983983483294153
feat_gbm,2.0,46,385,-0.6498236394750924,0.5606037150840157
feat_gbm,2.0,46,386,0.6229185710366221,0.6003456151224621
feat_gbm,2.0,46,387,0.2469812874810011,1.3071718981356573
feat_gbm,2.0,46,388,0.2277172399275178,-0.19457283568776126
feat_gbm,2.0,46,389,-2.253016563301521,-0.981880356960367
feat_gbm,2.0,46,390,-2.4192171314019997,-2.628024059072158
feat_gbm,2.0,46,391,-2.2730588881648397,-2.479262758098376
feat_gbm,2.0,46,392,-2.2361617655500354,-2.207941629114672
feat_gbm,2.0,46,393,-2.2557533662644067,-2.806586620215901
feat_gbm,2.0,46,394,-0.7402125156065559,-0.16842623590390868
feat_gbm,2.0,46,395,0.2889957566332742,0.3596423409999632
feat_gbm,2.0,46,396,-2.7358474338237144,-3.117667066362407
feat_gbm,2.0,46,397,0.7540673879351865,0.6134086288650079
feat_gbm,2.0,46,398,0.29939002919581553,0.5049020087080688
feat_gbm,2.0,46,399,-1.6652636074617917,-1.0548605918119196
feat_gbm,2.0,46,400,-3.3924594973091375,-2.877676775828332
feat_gbm,2.0,46,401,0.08442038774047832,0.015654415635624343
feat_gbm,2.0,46,402,-0.2494958601229872,-0.7027824676465185
feat_gbm,2.0,46,403,0.12772659137469936,0.6733427913489138
feat_gbm,2.0,46,404,-0.47248542552938333,0.03259550049258387
feat_gbm,2.0,46,405,-2.397092966779225,-3.4179416205706223
feat_gbm,2.0,46,406,-2.7070787620752594,-1.6563158072976616
feat_gbm,2.0,46,407,-0.5427274228311633,0.3281041495218151
feat_gbm,2.0,46,408,-0.589904079230616,-1.498502430121411
feat_gbm,2.0,46,409,-1.2995116549547343,-1.5390850133499359
feat_gbm,2.0,46,410,-1.0647421087656936,-3.8769914364338094
feat_gbm,2.0,46,411,-0.856513802735221,-1.1093409530974205
feat_gbm,2.0,46,412,-2.50646959419132,-2.1356441225652167
feat_gbm,2.0,46,413,0.15026924314168857,0.5613925387002681
feat_gbm,2.0,46,414,-2.5551369598908664,-2.672303525149137
feat_gbm,2.0,46,415,0.556389489228142,0.9887747910888531
feat_gbm,2.0,46,416,-3.465930089145882,-2.064740642123073
feat_gbm,2.0,46,417,-0.6174755997354094,-0.13534283366780814
feat_gbm,2.0,46,418,0.09253266908506677,0.5266566940316069
feat_gbm,2.0,46,419,-1.9785649297662595,-0.7929716308762645
feat_gbm,2.0,46,420,0.1391821917549969,0.22081989653443584
feat_gbm,2.0,46,421,-3.540510647368838,-3.4911396429773087
feat_gbm,2.0,46,422,-0.7684800063444325,0.4691563032653497
feat_gbm,2.0,46,423,-0.16845992283174566,-0.21242164749251408
feat_gbm,2.0,46,424,-2.1229466209933854,-2.0235730224261497
feat_gbm,2.0,46,425,-0.2502485012268502,0.1881042769243711
feat_gbm,2.0,46,426,-0.8501756548183896,-0.7546830882020855
feat_gbm,2.0,46,427,-1.9368318518287682,-2.004418163271322
feat_gbm,2.0,46,428,-0.5632529190515683,0.08108350485015015
feat_gbm,2.0,46,429,-2.137222089356358,-0.8958783842144782
feat_gbm,2.0,46,430,-1.3015295006916443,-0.700178367515834
feat_gbm,2.0,46,431,-2.048827324422598,-2.026447754843476
feat_gbm,2.0,46,432,-3.24818131142678,-3.3644112924118934
feat_gbm,2.0,46,433,-2.6774701094050926,-2.4777804975332844
feat_gbm,2.0,46,434,-3.1574887387922383,-3.6407879329147783
feat_gbm,2.0,46,435,-0.07874935251836208,0.8140524350977956
feat_gbm,2.0,46,436,-0.7448004686240418,-0.6342245759550225
feat_gbm,2.0,46,437,-1.2329167397319112,-1.0170271575608654
feat_gbm,2.0,46,438,-0.6063380617223068,1.2058566336630974
feat_gbm,2.0,46,439,0.47234198010125605,1.04159183954478
feat_gbm,2.0,46,440,-0.22077784354114768,-0.383754051292973
feat_gbm,2.0,46,441,0.8731370469247753,0.9717849563735496
feat_gbm,2.0,46,442,0.5516154612994632,0.915394257773604
feat_gbm,2.0,46,443,-0.8739903403423465,0.17619398118278368
feat_gbm,2.0,46,444,-2.878621337013962,-2.3026142847949007
feat_gbm,2.0,46,445,0.08694038784777719,-2.156995715227189
feat_gbm,2.0,46,446,-1.83659171688067,-1.9647154613855007
feat_gbm,2.0,46,447,-1.7733382175378076,-1.2167428909736953
feat_gbm,2.0,46,448,-0.15101272920153763,0.371748058948411
feat_gbm,2.0,46,449,-2.1442576961034905,-3.354914600670279
feat_gbm,2.0,46,450,-1.0566747570379715,-2.0984010901330774
feat_gbm,2.0,46,451,-0.4866945832072011,-1.8411195968283314
feat_gbm,2.0,46,452,-0.07176336321781861,-0.2866386615093297
feat_gbm,2.0,46,453,-2.493143100236003,-2.1769502099219324
feat_gbm,2.0,46,454,-0.760521748372557,0.851829112076475
feat_gbm,2.0,46,455,0.44792941355054494,-0.5174982843777256
feat_gbm,2.0,46,456,-3.824023572948222,-3.7883351795095335
feat_gbm,2.0,46,457,-3.0467740188494234,-1.3225504843777425
feat_gbm,2.0,46,458,-0.5236287221766637,-0.6304710111145473
feat_gbm,2.0,46,459,-0.853239017211938,-2.867776928577639
feat_gbm,2.0,46,460,-0.60095430100315,-0.20106453453544149
feat_gbm,2.0,46,461,-0.20374766892803367,0.565413433251147
feat_gbm,2.0,46,462,-0.6895132995378837,0.6531860801292728
feat_gbm,2.0,46,463,-2.7332649804796176,-3.295531334571209
feat_gbm,2.0,46,464,-1.2777007253050607,-1.118951529136503
feat_gbm,2.0,46,465,-0.206941750178576,0.08535922256033004
feat_gbm,2.0,46,466,-0.7907607194557269,0.2656879386171551
feat_gbm,2.0,46,467,-1.1589512238014743,-1.0764680911985907
feat_gbm,2.0,46,468,1.1713119526922529,2.2503813782282114
feat_gbm,2.0,46,469,0.04204771325001159,-0.029700274932011248
feat_gbm,2.0,46,470,-3.214665600306892,-2.1918010579584375
feat_gbm,2.0,46,471,-0.18196482331603447,-0.12537364897776127
feat_gbm,2.0,46,472,-0.6288571824843805,-1.3714574409892777
feat_gbm,2.0,46,473,-1.0008747169854928,-1.0216450817816245
feat_gbm,2.0,46,474,-0.6700424148674792,-0.8313233833759152
feat_gbm,2.0,46,475,-2.2126376473859044,-3.25243582884057
feat_gbm,2.0,46,476,0.06117652525256908,0.8737365575305754
feat_gbm,2.0,46,477,-2.8038737985019635,-1.8373017486027088
feat_gbm,2.0,46,478,-1.9236862229578262,-1.909749317133085
feat_gbm,2.0,46,479,-0.043127846793951194,0.418341725137149
feat_gbm,2.0,46,480,-3.2321220082136985,-2.8689304810445995
feat_gbm,2.0,46,481,-3.3492873219648587,-3.9192950012633494
feat_gbm,2.0,46,482,0.4823889041497981,0.8191907452202399
feat_gbm,2.0,46,483,-2.544081296646876,-2.7371748494528005
feat_gbm,2.0,46,484,0.4289498195440401,0.043868991079412875
feat_gbm,2.0,46,485,-1.9570648291025767,-3.9571024828402512
feat_gbm,2.0,46,486,-1.9119168327362046,-0.8286091055291892
feat_gbm,2.0,46,487,0.47623381483415295,1.1086460137612473
feat_gbm,2.0,46,488,-0.7576619126583604,-1.0899995989348372
feat_gbm,2.0,46,489,-1.8421535321491096,-2.9260181182274523
feat_gbm,2.0,46,490,-0.594774573395825,0.01778898425240747
feat_gbm,2.0,46,491,0.22529321109630396,-0.388546054063584
feat_gbm,2.0,46,492,-2.025992875730375,-0.8483910406321095
feat_gbm,2.0,46,493,-2.371066482568554,-2.4855190663855797
feat_gbm,2.0,46,494,-0.15258268537877367,-0.6027729178489412
feat_gbm,2.0,46,495,-3.7867196475082308,-1.5285925057254015
feat_gbm,2.0,46,496,0.2120720272751564,1.0092174422839322
feat_gbm,2.0,46,497,-2.7235221588922665,-2.421052301727873
feat_gbm,2.0,46,498,-3.4078175743823875,-3.2283141264699093
feat_gbm,2.0,46,499,-3.988918495778963,-4.907212199848568
feat_gbm,4.0,42,0,-0.4633415289469261,0.03894909458183669
feat_gbm,4.0,42,1,-2.2693849866554037,-2.5052564746229193
feat_gbm,4.0,42,2,-0.5700948305618436,0.6287827851917782
feat_gbm,4.0,42,3,-2.8095998014265113,-3.3447289283878643
feat_gbm,4.0,42,4,0.8071002119959618,0.9694015026406426
feat_gbm,4.0,42,5,-0.5870770262341548,-2.4693709778233526
feat_gbm,4.0,42,6,-0.32513595876269735,-0.2819211013310965
feat_gbm,4.0,42,7,0.08493986342844527,0.5289578846490461
feat_gbm,4.0,42,8,0.21483100776960806,0.032863622186365654
feat_gbm,4.0,42,9,0.15837278595301316,0.9352707853930591
feat_gbm,4.0,42,10,-1.3473337881310627,-1.5987558134683666
feat_gbm,4.0,42,11,-2.1330234438912647,-3.2678706438993954
feat_gbm,4.0,42,12,-2.0690443178520526,-2.445380546146449
feat_gbm,4.0,42,13,-1.1663239224703026,-0.4471217519653716
feat_gbm,4.0,42,14,-0.8811497387223983,-1.8343062920535937
feat_gbm,4.0,42,15,-1.2580700358701777,-2.278287047942225
feat_gbm,4.0,42,16,-0.9406061408153384,-1.113015507562239
feat_gbm,4.0,42,17,-1.2463330645600037,-1.149386040828735
feat_gbm,4.0,42,18,-1.4947784477311896,-0.4541092694382234
feat_gbm,4.0,42,19,-2.663660136240556,-2.8798658660471284
feat_gbm,4.0,42,20,-3.4135954592672375,-3.281006200299989
feat_gbm,4.0,42,21,-2.6426205120261503,-0.7889402030111288
feat_gbm,4.0,42,22,-0.5831442719139738,-0.48114593055133975
feat_gbm,4.0,42,23,-3.0479621881540595,-2.8038114998165153
feat_gbm,4.0,42,24,-3.5111552452328305,-2.6726430450531393
feat_gbm,4.0,42,25,-2.628569960717124,-3.141178249464176
feat_gbm,4.0,42,26,-2.9661938736693436,-3.8612362310489847
feat_gbm,4.0,42,27,-1.7907739538822962,-3.085821277369337
feat_gbm,4.0,42,28,-3.2534255051568355,-2.1153791712035637
feat_gbm,4.0,42,29,-2.007444200035916,-0.5854112868629942
feat_gbm,4.0,42,30,-0.3447281805006468,0.13849791927417068
feat_gbm,4.0,42,31,-1.4561296771180539,-2.779654184179668
feat_gbm,4.0,42,32,0.584037636730957,0.9166392391011026
feat_gbm,4.0,42,33,-2.4943496902479247,-2.134444297962007
feat_gbm,4.0,42,34,0.12669259460612767,1.1224191581864646
feat_gbm,4.0,42,35,-3.2258982952702095,-2.7514680837461087
feat_gbm,4.0,42,36,-1.6616645544875077,0.7493710802437775
feat_gbm,4.0,42,37,-1.6889547520561279,-2.157600461660938
feat_gbm,4.0,42,38,-1.4643901777191617,-1.7436371170468024
feat_gbm,4.0,42,39,-0.33550459765965135,0.632388610685479
feat_gbm,4.0,42,40,-2.5843623779661162,-1.5024753827969588
feat_gbm,4.0,42,41,-1.6605830707826337,-2.936018587066778
feat_gbm,4.0,42,42,-1.4998154548299907,-0.06406961406287034
feat_gbm,4.0,42,43,-0.5436765092731002,-0.43711075337934485
feat_gbm,4.0,42,44,-1.2623653033938558,0.521724778538647
feat_gbm,4.0,42,45,0.5536537818471152,-0.02881562555915001
feat_gbm,4.0,42,46,-2.202923498163332,-2.6856700943784895
feat_gbm,4.0,42,47,-1.9744966076599424,-3.3419513202228783
feat_gbm,4.0,42,48,0.06304080006510673,-0.35240032436669677
feat_gbm,4.0,42,49,-3.2831086973135672,-4.466027560457086
feat_gbm,4.0,42,50,-2.6531135593858832,-1.2227887404747313
feat_gbm,4.0,42,51,-3.0163492111034897,-4.168130875201601
feat_gbm,4.0,42,52,-0.4487719910043602,-2.1825653069440887
feat_gbm,4.0,42,53,-2.427646555677933,-2.816977102698189
feat_gbm,4.0,42,54,0.1852991882845146,-0.9520374156321785
feat_gbm,4.0,42,55,0.8464734098923268,0.800460094219776
feat_gbm,4.0,42,56,0.5073136739756356,0.2782562560211116
feat_gbm,4.0,42,57,-0.3065112572343145,-0.7855200046266205
feat_gbm,4.0,42,58,-3.5995695005353276,-2.837973637743256
feat_gbm,4.0,42,59,-2.2254956642683057,0.3653424354755994
feat_gbm,4.0,42,60,-0.9129597703534293,-3.145987746693799
feat_gbm,4.0,42,61,-2.4455687493137512,-2.1381844357326614
feat_gbm,4.0,42,62,-2.0778580705969025,0.3908315550690521
feat_gbm,4.0,42,63,-3.3014510682856217,-3.259739876316779
feat_gbm,4.0,42,64,-2.1574382847244644,-3.799325775609258
feat_gbm,4.0,42,65,-2.3693432049859537,0.2842997557356093
feat_gbm,4.0,42,66,0.4263831376161138,0.9099380077885143
feat_gbm,4.0,42,67,0.12424063080699377,0.5741223235018287
feat_gbm,4.0,42,68,0.4136937693175901,1.3807263582335993
feat_gbm,4.0,42,69,-0.2829188031930036,2.7357387204405055
feat_gbm,4.0,42,70,0.31176660893319946,-0.3782017485149665
feat_gbm,4.0,42,71,-1.3217183232175027,-0.6946521973220513
feat_gbm,4.0,42,72,-2.1637890488390252,-3.510295151868067
feat_gbm,4.0,42,73,-1.2402627065320193,-0.3643686170400702
feat_gbm,4.0,42,74,1.1013063561269736,1.1835884152793859
feat_gbm,4.0,42,75,-0.2119479477091182,-0.38644824542838596
feat_gbm,4.0,42,76,-0.8604941420074117,0.7005004452467647
feat_gbm,4.0,42,77,-1.703688614666464,0.3770911051312199
feat_gbm,4.0,42,78,0.018041620298536627,-0.5374783823521183
feat_gbm,4.0,42,79,-3.0798789210327207,-3.2499450611549854
feat_gbm,4.0,42,80,-2.506971923359303,-1.719925172279684
feat_gbm,4.0,42,81,0.31217578911945104,1.8185710395242058
feat_gbm,4.0,42,82,-1.167603754913237,-1.0758778979961314
feat_gbm,4.0,42,83,-0.718236257377759,-0.8033140510569362
feat_gbm,4.0,42,84,-2.0673866967974592,-2.0837035815006346
feat_gbm,4.0,42,85,-2.6731519290801975,-1.2430797823904942
feat_gbm,4.0,42,86,0.4711870771010108,0.639317965424242
feat_gbm,4.0,42,87,-1.0444810923679826,-0.02321591952008587
feat_gbm,4.0,42,88,-2.3112962942522333,-3.512086916650174
feat_gbm,4.0,42,89,-1.8866757674167727,-1.684363733317816
feat_gbm,4.0,42,90,-2.113842564029619,-3.5341996208099964
feat_gbm,4.0,42,91,0.6513854492668609,1.1574629997660548
feat_gbm,4.0,42,92,-1.2390140338844438,-0.7651863719989663
feat_gbm,4.0,42,93,-1.956328555132562,-5.7708125015304885
feat_gbm,4.0,42,94,0.02891283975694126,0.07374698385127064
feat_gbm,4.0,42,95,-1.8706561763936347,1.201566413592891
feat_gbm,4.0,42,96,-1.141031020187074,1.2655480006709303
feat_gbm,4.0,42,97,-2.20670988300596,-3.2217777708537843
feat_gbm,4.0,42,98,-1.7672977790095663,-1.2120387208328698
feat_gbm,4.0,42,99,0.06803201666335638,-0.04015373686183237
feat_gbm,4.0,42,100,-3.270802450130918,-2.8384481914339785
feat_gbm,4.0,42,101,-2.7403420704686967,-3.541068619782685
feat_gbm,4.0,42,102,-2.541858667605644,-4.424727465058162
feat_gbm,4.0,42,103,-0.9548593695237474,-0.7652009130347144
feat_gbm,4.0,42,104,-1.4758232614844211,-0.406664655497914
feat_gbm,4.0,42,105,-2.3619551128291967,-2.8019031633754246
feat_gbm,4.0,42,106,-2.56150025024531,-1.1978192780958505
feat_gbm,4.0,42,107,-1.9665465222401957,-1.2497822804421463
feat_gbm,4.0,42,108,-0.6256284870997058,-0.2003702404752673
feat_gbm,4.0,42,109,-3.069266931429564,-0.28745536208379296
feat_gbm,4.0,42,110,-0.10704156714925944,0.2838469771831524
feat_gbm,4.0,42,111,-1.0005358100122936,0.6579850926301614
feat_gbm,4.0,42,112,0.4226482700166403,-0.4279263804064609
feat_gbm,4.0,42,113,0.040592614080111424,0.527327823801956
feat_gbm,4.0,42,114,-2.0220108864226547,-3.652947895428966
feat_gbm,4.0,42,115,-1.1326219776131115,-0.04287987221360797
feat_gbm,4.0,42,116,-2.6720798306344182,-3.4409421360670214
feat_gbm,4.0,42,117,-2.7482933161322807,-2.4284095097884006
feat_gbm,4.0,42,118,-2.717310295563452,-1.419217075367618
feat_gbm,4.0,42,119,-1.0112592827805222,-1.4944271796191557
feat_gbm,4.0,42,120,-2.904177624385003,-2.797137626437216
feat_gbm,4.0,42,121,-0.12951722362237086,3.1321125804877905
feat_gbm,4.0,42,122,-0.17299321149455296,-3.164895556438051
feat_gbm,4.0,42,123,0.18964223602259694,-0.021234684620174846
feat_gbm,4.0,42,124,-0.994870645804028,-1.246001114532972
feat_gbm,4.0,42,125,-1.510118362166695,-2.7130193085566443
feat_gbm,4.0,42,126,-0.256784127729831,-2.0560780011130944
feat_gbm,4.0,42,127,-3.3809249169627256,-1.631222331554067
feat_gbm,4.0,42,128,-0.8600330020175109,-3.477307725783656
feat_gbm,4.0,42,129,-1.0759714355966337,1.7007542891568868
feat_gbm,4.0,42,130,-1.3120482744699795,-3.4021624962570822
feat_gbm,4.0,42,131,-2.8887282113938277,-3.701149444421242
feat_gbm,4.0,42,132,-0.7086604141281281,-0.4116741376471012
feat_gbm,4.0,42,133,-1.0809181257103624,-0.5680375850475197
feat_gbm,4.0,42,134,-2.318585459946127,-1.4788189923590598
feat_gbm,4.0,42,135,-1.2249025941212095,-2.9896549957503007
feat_gbm,4.0,42,136,0.10015869466617605,0.11194117436713467
feat_gbm,4.0,42,137,-0.26008586978868414,1.7147062893715772
feat_gbm,4.0,42,138,-2.0699466826743786,-1.9709125209383296
feat_gbm,4.0,42,139,-0.9585695678851247,0.19937477723826902
feat_gbm,4.0,42,140,-3.712238451948269,-2.8223726616431475
feat_gbm,4.0,42,141,-0.28454061482082105,-0.12380828599000025
feat_gbm,4.0,42,142,-1.1776742859166012,-2.97521232911642
feat_gbm,4.0,42,143,-2.3450712087174104,-1.9484557479617686
feat_gbm,4.0,42,144,-0.04954135603080111,1.244093655886106
feat_gbm,4.0,42,145,-1.612909067930789,-2.0280859266176816
feat_gbm,4.0,42,146,-2.7259812734143387,-2.0754073031653366
feat_gbm,4.0,42,147,-0.1902287873895492,-0.11331641159387335
feat_gbm,4.0,42,148,-3.0186242367007483,-2.620298039600635
feat_gbm,4.0,42,149,-2.7887372537606745,-3.8395532227602396
feat_gbm,4.0,42,150,0.40109096605263655,-2.149698272240366
feat_gbm,4.0,42,151,-3.2853259793014997,-3.1594376779318036
feat_gbm,4.0,42,152,-1.014922089677868,-2.7712141114581046
feat_gbm,4.0,42,153,-0.6021859308761064,-1.1483368403810985
feat_gbm,4.0,42,154,-0.9622596679117105,-1.4700676700115773
feat_gbm,4.0,42,155,-0.033691571248694555,1.4088416749712322
feat_gbm,4.0,42,156,-0.7146568002529111,0.7564704220494097
feat_gbm,4.0,42,157,-1.747633288582735,-1.7148995557963913
feat_gbm,4.0,42,158,-0.7574515622192098,-2.8595355115547196
feat_gbm,4.0,42,159,-1.7449796533793624,-0.9922400520728849
feat_gbm,4.0,42,160,0.458837897945578,1.8585227307534937
feat_gbm,4.0,42,161,-3.035254778693993,-2.477654537850602
feat_gbm,4.0,42,162,-3.151252490489812,-2.993764039868935
feat_gbm,4.0,42,163,-3.6177550939110596,-1.1722671160336509
feat_gbm,4.0,42,164,-3.0159997716160656,-1.6577576086204497
feat_gbm,4.0,42,165,-1.4496165437768964,-2.9770186999323642
feat_gbm,4.0,42,166,-2.2167677034335744,-3.2329952824425443
feat_gbm,4.0,42,167,-0.46492852090511944,0.19550508612775644
feat_gbm,4.0,42,168,-1.192425832861346,-1.2639642813248737
feat_gbm,4.0,42,169,-0.38532058150618986,1.4224064134580066
feat_gbm,4.0,42,170,-2.5898967803878183,-1.5303724784706008
feat_gbm,4.0,42,171,0.3488239726925345,0.6086346650572224
feat_gbm,4.0,42,172,-0.3708781128128034,-0.052232489626048526
feat_gbm,4.0,42,173,-0.6501208081709388,-0.19074605880313256
feat_gbm,4.0,42,174,-2.1663309635231367,-2.7678232596734214
feat_gbm,4.0,42,175,-2.201587564716023,-1.6557092188829319
feat_gbm,4.0,42,176,0.4783874815844321,0.12081831439914445
feat_gbm,4.0,42,177,-0.23658162182821763,3.7031714993021168
feat_gbm,4.0,42,178,-0.31621013638975515,-0.17761292562564054
feat_gbm,4.0,42,179,0.26300337229029047,0.2295122735959306
feat_gbm,4.0,42,180,-1.5462975870186713,-1.6401012725318311
feat_gbm,4.0,42,181,-2.83040910216953,-3.399461101549646
feat_gbm,4.0,42,182,0.4872982888588101,0.5421608664871393
feat_gbm,4.0,42,183,-2.023949062919454,-3.7858185839721776
feat_gbm,4.0,42,184,-0.0555922116773386,0.4440956773301304
feat_gbm,4.0,42,185,-1.7511664779611809,0.5450962365111649
feat_gbm,4.0,42,186,-2.6691251857221934,-3.094441269353033
feat_gbm,4.0,42,187,-0.1550631528510888,1.436275522654785
feat_gbm,4.0,42,188,-0.5624997587306811,-0.003208414280501246
feat_gbm,4.0,42,189,-2.761375480336471,-2.0766448721687736
feat_gbm,4.0,42,190,-1.8619490654466693,-2.887011097372245
feat_gbm,4.0,42,191,-0.47929073717968984,-0.19564387773269687
feat_gbm,4.0,42,192,-1.39119168138612,-3.39219136175158
feat_gbm,4.0,42,193,-3.8865655511017847,-4.804455114758695
feat_gbm,4.0,42,194,-1.9023184743618045,-0.23230879418151415
feat_gbm,4.0,42,195,0.7608928692988144,0.7768952289284052
feat_gbm,4.0,42,196,-3.1099199512290134,-3.0758975731441707
feat_gbm,4.0,42,197,1.170016381116314,1.8852948766094535
feat_gbm,4.0,42,198,0.23795704110328156,-0.07474663349946693
feat_gbm,4.0,42,199,1.669566719756088,0.9295509098669842
feat_gbm,4.0,42,200,-0.02734262881256068,0.40408761039079466
feat_gbm,4.0,42,201,-2.107230984172584,-1.0185563947000995
feat_gbm,4.0,42,202,-2.558163978435948,-1.5812541435625456
feat_gbm,4.0,42,203,-3.1080337784662584,-2.9269603411540346
feat_gbm,4.0,42,204,-0.19640951941319107,-0.9368237022381455
feat_gbm,4.0,42,205,-1.2383870552360416,-0.771906247259438
feat_gbm,4.0,42,206,-2.0290228846247387,-1.4457766532498904
feat_gbm,4.0,42,207,-2.6833054527893294,-2.4752738768021185
feat_gbm,4.0,42,208,-0.7256139124450459,-2.8789590131308262
feat_gbm,4.0,42,209,-1.9142030997743924,-2.6986856152036793
feat_gbm,4.0,42,210,-0.061009789634114804,0.05837096406180189
feat_gbm,4.0,42,211,-3.094316737652114,-2.2327070274631113
feat_gbm,4.0,42,212,-1.6862237255596404,0.15758807445032513
feat_gbm,4.0,42,213,0.19384447188815176,0.5234750924970406
feat_gbm,4.0,42,214,0.6151599317933005,0.8312555987922697
feat_gbm,4.0,42,215,-2.7360664996912734,-0.7699972654610447
feat_gbm,4.0,42,216,-2.814091202132935,-2.4368834827463726
feat_gbm,4.0,42,217,-3.1496544374279805,-3.7421886443248944
feat_gbm,4.0,42,218,-1.8170523731877721,-4.3753265313120195
feat_gbm,4.0,42,219,-0.15569084227725832,0.13181597567614448
feat_gbm,4.0,42,220,-2.0302863405346754,-2.150299196146146
feat_gbm,4.0,42,221,-1.5413418940694015,0.4316281043505307
feat_gbm,4.0,42,222,0.3324439816312871,0.20581216265343685
feat_gbm,4.0,42,223,-0.9364820336968005,-1.7226779576420432
feat_gbm,4.0,42,224,-0.09145196792580997,1.0701061526100661
feat_gbm,4.0,42,225,-3.330943984491984,-2.995983076644188
feat_gbm,4.0,42,226,0.02881002882647751,-0.39103048890459524
feat_gbm,4.0,42,227,-2.9115738193815637,-2.811377433191803
feat_gbm,4.0,42,228,0.3746063950886275,0.1103569248772952
feat_gbm,4.0,42,229,0.4609920513779131,1.0926797996732165
feat_gbm,4.0,42,230,-2.6397822492650187,-1.1465469989616057
feat_gbm,4.0,42,231,-3.309701559665301,-3.7045714701961474
feat_gbm,4.0,42,232,-1.6770006095547585,-0.3205795311611984
feat_gbm,4.0,42,233,0.2060471071993097,-0.7282288274356463
feat_gbm,4.0,42,234,-0.8164265730430329,-0.6143938277881194
feat_gbm,4.0,42,235,-3.320808834940151,-3.717493513170671
feat_gbm,4.0,42,236,-1.2132171116855834,-1.894186438607053
feat_gbm,4.0,42,237,-0.08106896595462598,0.19101892391720615
feat_gbm,4.0,42,238,-2.774912444489547,-2.723653519266766
feat_gbm,4.0,42,239,0.5263256348646261,0.28172679866345784
feat_gbm,4.0,42,240,-1.8325029289062882,-0.570916259780521
feat_gbm,4.0,42,241,-0.7493016943278787,-3.037607674189957
feat_gbm,4.0,42,242,-3.2510757086376083,-2.4824067099880884
feat_gbm,4.0,42,243,-2.5989480631648676,1.793244191067856
feat_gbm,4.0,42,244,-2.387649134199867,-2.170563194223024
feat_gbm,4.0,42,245,-3.4154699395449124,-2.5580286375581696
feat_gbm,4.0,42,246,-2.2731750151713572,-3.9013363177662743
feat_gbm,4.0,42,247,-1.5826288229791534,-1.2689211715035387
feat_gbm,4.0,42,248,-2.890311378549415,-2.89795980370705
feat_gbm,4.0,42,249,-1.525645362336642,-1.149470325468549
feat_gbm,4.0,42,250,-1.3632438393550648,-2.1803876537888693
feat_gbm,4.0,42,251,-1.342816173353112,-1.2010659028736028
feat_gbm,4.0,42,252,-2.7254547878463495,-2.675840590612525
feat_gbm,4.0,42,253,-2.4291429911875375,-0.865421424414132
feat_gbm,4.0,42,254,-2.18773456961518,-0.45089388998719687
feat_gbm,4.0,42,255,-2.8231134050473536,-1.477655138121315
feat_gbm,4.0,42,256,-3.0102342130831126,-1.9234128661936198
feat_gbm,4.0,42,257,-3.2948817608600782,-0.8895479413744646
feat_gbm,4.0,42,258,-2.521791312787903,-1.284701881398344
feat_gbm,4.0,42,259,-0.23795847794250188,0.03791276039075724
feat_gbm,4.0,42,260,-1.8520327728234756,-1.213907680807544
feat_gbm,4.0,42,261,-0.35409491304422724,-0.6937064881158975
feat_gbm,4.0,42,262,0.4036196007390389,-2.500344974429108
feat_gbm,4.0,42,263,-2.2422224702058435,-3.0782877743164985
feat_gbm,4.0,42,264,-2.6741174027149186,-3.2702790535172426
feat_gbm,4.0,42,265,-1.6504732550510768,-0.15746453031192983
feat_gbm,4.0,42,266,-2.8939697629315035,-1.3930653126164372
feat_gbm,4.0,42,267,-2.632633755808814,-3.460520174484755
feat_gbm,4.0,42,268,-2.016474363504548,-1.8115923421665279
feat_gbm,4.0,42,269,0.8902687631180964,-0.04785951915829837
feat_gbm,4.0,42,270,-0.6820760215021727,-1.3387838926701625
feat_gbm,4.0,42,271,-0.0012917958296038631,0.6172482925771328
feat_gbm,4.0,42,272,-0.9448795277453091,0.10718580269537517
feat_gbm,4.0,42,273,-2.0526654898255137,-2.4250613993713395
feat_gbm,4.0,42,274,-1.7771076427376384,-0.4656136934058211
feat_gbm,4.0,42,275,-2.924508126110782,-1.7679071058666047
feat_gbm,4.0,42,276,-1.0671749129412536,-0.15192249005847586
feat_gbm,4.0,42,277,-0.1651673273370796,-0.22686658439221394
feat_gbm,4.0,42,278,-0.9879800098676751,-0.3963273628232521
feat_gbm,4.0,42,279,-1.2602096414004067,-2.1916982233579314
feat_gbm,4.0,42,280,-1.471709121067583,0.5138857123822332
feat_gbm,4.0,42,281,0.23500540084674715,0.13501120436460418
feat_gbm,4.0,42,282,0.22440996277596534,-0.35232291748203215
feat_gbm,4.0,42,283,0.6689331525538182,0.33710059568630363
feat_gbm,4.0,42,284,-0.5481234079306797,2.2269494594330284
feat_gbm,4.0,42,285,-1.928535674614255,-0.8523290277873723
feat_gbm,4.0,42,286,-0.8598252525620642,0.5032694866056324
feat_gbm,4.0,42,287,-1.9282036672416356,-3.0734310124071125
feat_gbm,4.0,42,288,-3.0614048758602976,-3.0969464995649485
feat_gbm,4.0,42,289,-0.11832774277603092,0.8088909840914691
feat_gbm,4.0,42,290,-2.2600354646270095,-1.710735902712342
feat_gbm,4.0,42,291,-0.18450346783665048,-0.24588513525180683
feat_gbm,4.0,42,292,-2.895647520670098,-2.9910915714149957
feat_gbm,4.0,42,293,-0.07423187656015394,0.24397961438558982
feat_gbm,4.0,42,294,-0.5689126168915428,0.9827222917401395
feat_gbm,4.0,42,295,0.7878427560228562,1.5399914318848642
feat_gbm,4.0,42,296,-1.7819518271189674,-3.028104854063688
feat_gbm,4.0,42,297,-0.1835035372368034,-1.9675880903276046
feat_gbm,4.0,42,298,-0.35205682262403043,0.3882116190950413
feat_gbm,4.0,42,299,-1.014638430648091,-0.4169590587595381
feat_gbm,4.0,42,300,-1.693429805426678,-0.47104701624968015
feat_gbm,4.0,42,301,-1.447783654251834,-0.5788171023402015
feat_gbm,4.0,42,302,-1.642896932483345,-3.325334912618423
feat_gbm,4.0,42,303,-1.9831041948359123,0.27214776974989446
feat_gbm,4.0,42,304,-0.5837448775099876,0.2838761456734127
feat_gbm,4.0,42,305,0.4317645832829824,0.98356576927226
feat_gbm,4.0,42,306,-3.053100053003202,-2.324804251846344
feat_gbm,4.0,42,307,-0.2536582248514678,-0.30060412365222405
feat_gbm,4.0,42,308,-3.109706630961975,-3.5706943269006843
feat_gbm,4.0,42,309,-0.6164492149764496,0.7657986236992217
feat_gbm,4.0,42,310,-1.5463852767158281,-0.3760212383278314
feat_gbm,4.0,42,311,1.1247060142133305,0.903367601886353
feat_gbm,4.0,42,312,-0.36918784546041244,0.2834145554969618
feat_gbm,4.0,42,313,0.17414020680258283,-0.8750381269167363
feat_gbm,4.0,42,314,0.12433317610625766,-0.8911054934067958
feat_gbm,4.0,42,315,0.2293251476053469,0.2699623908229132
feat_gbm,4.0,42,316,-2.96455629149584,-4.034449774534175
feat_gbm,4.0,42,317,-1.1584720148335452,0.7302045063515665
feat_gbm,4.0,42,318,-1.9304062234898365,-2.5264159394565007
feat_gbm,4.0,42,319,-2.449365293960854,-3.1280680478747835
feat_gbm,4.0,42,320,-0.3076371783376553,-0.623194388118803
feat_gbm,4.0,42,321,-2.6441230396599518,-4.172922463867305
feat_gbm,4.0,42,322,0.9087216580567146,1.0714029341973417
feat_gbm,4.0,42,323,0.4182079571500261,-2.5538050374755565
feat_gbm,4.0,42,324,-1.8865803859451422,-1.5310020975326282
feat_gbm,4.0,42,325,-0.0003439546321841482,-0.735749980772127
feat_gbm,4.0,42,326,-0.3253505869431391,-0.5010306012352705
feat_gbm,4.0,42,327,-3.8892132707376916,-4.393123087746285
feat_gbm,4.0,42,328,-0.6691687746788181,0.6439364857563509
feat_gbm,4.0,42,329,-2.226437207443196,-2.60760252445046
feat_gbm,4.0,42,330,0.3517722786150834,0.46983427811083467
feat_gbm,4.0,42,331,-2.7494143263245574,-1.149354435920189
feat_gbm,4.0,42,332,-2.8188862114778597,-1.0961264399974935
feat_gbm,4.0,42,333,0.048752102146090256,1.4253561556633074
feat_gbm,4.0,42,334,0.7470750270149558,1.0406546288822482
feat_gbm,4.0,42,335,-0.21812171098579655,-0.1286217558512718
feat_gbm,4.0,42,336,-2.0299261533497432,-1.7275974260064488
feat_gbm,4.0,42,337,-3.177928096448669,-4.535227665039715
feat_gbm,4.0,42,338,-0.012915695431871913,-1.078833843619319
feat_gbm,4.0,42,339,-2.678328852736481,-2.035297396751524
feat_gbm,4.0,42,340,-0.3705358123217756,0.4788286932125707
feat_gbm,4.0,42,341,-0.020154556798850105,-0.4595082096564039
feat_gbm,4.0,42,342,-3.0465178503640007,-3.653430804591794
feat_gbm,4.0,42,343,0.330602427797974,0.2834522663037432
feat_gbm,4.0,42,344,0.5553277415579477,-0.15984972455285287
feat_gbm,4.0,42,345,-2.209415204721934,-3.8822970119574354
feat_gbm,4.0,42,346,-2.281746710601345,-2.5801989990218064
feat_gbm,4.0,42,347,-2.673152801411364,-3.2622630695286134
feat_gbm,4.0,42,348,-0.5722400755650997,-0.4894561152880944
feat_gbm,4.0,42,349,-1.2177576420937455,-3.0223552414624764
feat_gbm,4.0,42,350,0.6579582365002536,0.4215072765335228
feat_gbm,4.0,42,351,-1.0978489501737623,-1.8152752103400673
feat_gbm,4.0,42,352,0.09718797326033948,1.102263670511441
feat_gbm,4.0,42,353,-0.42431830190726344,1.4454852001466738
feat_gbm,4.0,42,354,-2.8791617147486144,-3.6770060333191017
feat_gbm,4.0,42,355,-3.0822833518618387,-5.078652858832153
feat_gbm,4.0,42,356,0.10039505230150701,0.7815322159665122
feat_gbm,4.0,42,357,-1.4073997536057778,0.6775133790495483
feat_gbm,4.0,42,358,-3.163248014106727,-3.5163570325540956
feat_gbm,4.0,42,359,-1.5296042956544875,-4.157760523739404
feat_gbm,4.0,42,360,-1.2618722304582097,-0.18386357284099003
feat_gbm,4.0,42,361,-1.8685462339478487,-4.477383009144865
feat_gbm,4.0,42,362,-1.179083876657382,0.2909126951240761
feat_gbm,4.0,42,363,-2.1757283530422975,-3.5121531596302606
feat_gbm,4.0,42,364,-1.9157700952575376,-0.0019354464452207268
feat_gbm,4.0,42,365,-1.6686962332323658,-3.264666087597375
feat_gbm,4.0,42,366,-1.6468775621786043,-1.4961090632143375
feat_gbm,4.0,42,367,-0.055065357845436105,-0.10305907560987346
feat_gbm,4.0,42,368,-0.9431477983589975,0.24601275195113992
feat_gbm,4.0,42,369,-1.662590983002567,-1.6400355118163064
feat_gbm,4.0,42,370,-1.5236110008158936,-1.5399226532969161
feat_gbm,4.0,42,371,-0.5046568700338734,-0.3336387161155974
feat_gbm,4.0,42,372,-1.7905177683888958,0.3185760540422761
feat_gbm,4.0,42,373,-1.0785041955313863,-0.30756424411789
feat_gbm,4.0,42,374,-3.2619999014387284,-3.551435429619069
feat_gbm,4.0,42,375,0.5791734173515546,-0.12846918127015178
feat_gbm,4.0,42,376,0.669373843938367,0.43413099611324796
feat_gbm,4.0,42,377,-0.8287737655353593,0.8095384731463161
feat_gbm,4.0,42,378,-0.04602802876771505,0.20303525329731625
feat_gbm,4.0,42,379,-0.0721216782610045,0.524784145223057
feat_gbm,4.0,42,380,0.05285939142252752,0.8722609808312535
feat_gbm,4.0,42,381,-0.16473473802760114,1.0190202163897197
feat_gbm,4.0,42,382,-0.3770651774185654,1.2715191268303472
feat_gbm,4.0,42,383,-2.3108340550473327,-0.13923746667536385
feat_gbm,4.0,42,384,-2.7025154971147978,-1.7983983483294153
feat_gbm,4.0,42,385,-0.6947136037748126,0.5606037150840157
feat_gbm,4.0,42,386,0.779965209167162,0.6003456151224621
feat_gbm,4.0,42,387,-1.2834377354064412,1.3071718981356573
feat_gbm,4.0,42,388,-2.0750262414264533,-0.19457283568776126
feat_gbm,4.0,42,389,-3.0034518906495133,-0.981880356960367
feat_gbm,4.0,42,390,-1.3757275653556105,-2.628024059072158
feat_gbm,4.0,42,391,-2.3709850422537455,-2.479262758098376
feat_gbm,4.0,42,392,-2.304017341796939,-2.207941629114672
feat_gbm,4.0,42,393,-2.4363108293054028,-2.806586620215901
feat_gbm,4.0,42,394,-2.8223110555113857,-0.16842623590390868
feat_gbm,4.0,42,395,0.16173264820312955,0.3596423409999632
feat_gbm,4.0,42,396,-2.754770305525488,-3.117667066362407
feat_gbm,4.0,42,397,0.6529233299969082,0.6134086288650079
feat_gbm,4.0,42,398,0.5886669470961516,0.5049020087080688
feat_gbm,4.0,42,399,-2.6617171707780147,-1.0548605918119196
feat_gbm,4.0,42,400,-3.1057225258621592,-2.877676775828332
feat_gbm,4.0,42,401,0.8772477757735643,0.015654415635624343
feat_gbm,4.0,42,402,-0.079124632678517,-0.7027824676465185
feat_gbm,4.0,42,403,0.4247359765062372,0.6733427913489138
feat_gbm,4.0,42,404,-0.9534810754958101,0.03259550049258387
feat_gbm,4.0,42,405,-2.78075665281771,-3.4179416205706223
feat_gbm,4.0,42,406,-3.487900623744757,-1.6563158072976616
feat_gbm,4.0,42,407,-1.5003296333566511,0.3281041495218151
feat_gbm,4.0,42,408,-1.017834632041178,-1.498502430121411
feat_gbm,4.0,42,409,-0.571166282683931,-1.5390850133499359
feat_gbm,4.0,42,410,-0.7373801558018542,-3.8769914364338094
feat_gbm,4.0,42,411,-0.6853869456977163,-1.1093409530974205
feat_gbm,4.0,42,412,-2.3642919973626726,-2.1356441225652167
feat_gbm,4.0,42,413,-0.40007055307958544,0.5613925387002681
feat_gbm,4.0,42,414,-2.4496393065155924,-2.672303525149137
feat_gbm,4.0,42,415,0.3578504887398319,0.9887747910888531
feat_gbm,4.0,42,416,-3.402894532468656,-2.064740642123073
feat_gbm,4.0,42,417,-0.6196287584003317,-0.13534283366780814
feat_gbm,4.0,42,418,-0.10670153172217649,0.5266566940316069
feat_gbm,4.0,42,419,-0.10721044789299272,-0.7929716308762645
feat_gbm,4.0,42,420,-0.102665827012603,0.22081989653443584
feat_gbm,4.0,42,421,-2.6638149305091723,-3.4911396429773087
feat_gbm,4.0,42,422,-1.1511558438684653,0.4691563032653497
feat_gbm,4.0,42,423,-0.29433900449737727,-0.21242164749251408
feat_gbm,4.0,42,424,-2.2628880174531845,-2.0235730224261497
feat_gbm,4.0,42,425,-0.20571955888341,0.1881042769243711
feat_gbm,4.0,42,426,-0.9311553254820192,-0.7546830882020855
feat_gbm,4.0,42,427,-3.162410217927837,-2.004418163271322
feat_gbm,4.0,42,428,-1.2058335623891008,0.08108350485015015
feat_gbm,4.0,42,429,-2.209761205123294,-0.8958783842144782
feat_gbm,4.0,42,430,-1.6167314834056528,-0.700178367515834
feat_gbm,4.0,42,431,-1.7183458519254642,-2.026447754843476
feat_gbm,4.0,42,432,-3.211646505566896,-3.3644112924118934
feat_gbm,4.0,42,433,-2.7937149043842235,-2.4777804975332844
feat_gbm,4.0,42,434,-2.9386172669490316,-3.6407879329147783
feat_gbm,4.0,42,435,-0.26936017377771254,0.8140524350977956
feat_gbm,4.0,42,436,-0.5759079476000843,-0.6342245759550225
feat_gbm,4.0,42,437,-2.8195153782902125,-1.0170271575608654
feat_gbm,4.0,42,438,-2.4266363792720482,1.2058566336630974
feat_gbm,4.0,42,439,0.22287299504364072,1.04159183954478
feat_gbm,4.0,42,440,-1.781204030104244,-0.383754051292973
feat_gbm,4.0,42,441,0.22233220486797162,0.9717849563735496
feat_gbm,4.0,42,442,-0.024417821235983118,0.915394257773604
feat_gbm,4.0,42,443,-0.781499273214462,0.17619398118278368
feat_gbm,4.0,42,444,-2.346512973048777,-2.3026142847949007
feat_gbm,4.0,42,445,0.012654680159057302,-2.156995715227189
feat_gbm,4.0,42,446,-2.419396812352103,-1.9647154613855007
feat_gbm,4.0,42,447,-2.005806206044284,-1.2167428909736953
feat_gbm,4.0,42,448,-0.20343029271025875,0.371748058948411
feat_gbm,4.0,42,449,-1.7527450777993425,-3.354914600670279
feat_gbm,4.0,42,450,-0.7145363979667277,-2.0984010901330774
feat_gbm,4.0,42,451,-1.525645362336642,-1.8411195968283314
feat_gbm,4.0,42,452,0.24993105419048875,-0.2866386615093297
feat_gbm,4.0,42,453,-2.444872968477966,-2.1769502099219324
feat_gbm,4.0,42,454,-1.1585691455449687,0.851829112076475
feat_gbm,4.0,42,455,0.9822611395476433,-0.5174982843777256
feat_gbm,4.0,42,456,-3.012857017398126,-3.7883351795095335
feat_gbm,4.0,42,457,-3.425111582703272,-1.3225504843777425
feat_gbm,4.0,42,458,-0.3364954237199724,-0.6304710111145473
feat_gbm,4.0,42,459,-1.6074281831502628,-2.867776928577639
feat_gbm,4.0,42,460,-0.96382491219367,-0.20106453453544149
feat_gbm,4.0,42,461,-0.4898103298736788,0.565413433251147
feat_gbm,4.0,42,462,-2.0404701301671655,0.6531860801292728
feat_gbm,4.0,42,463,-3.2364462364929056,-3.295531334571209
feat_gbm,4.0,42,464,-1.0400669305488228,-1.118951529136503
feat_gbm,4.0,42,465,-0.565474588626236,0.08535922256033004
feat_gbm,4.0,42,466,0.3340087317732933,0.2656879386171551
feat_gbm,4.0,42,467,-1.204070475644274,-1.0764680911985907
feat_gbm,4.0,42,468,-0.19945646009505633,2.2503813782282114
feat_gbm,4.0,42,469,-0.2590180762523535,-0.029700274932011248
feat_gbm,4.0,42,470,-3.1438091200272726,-2.1918010579584375
feat_gbm,4.0,42,471,-1.5678687620113403,-0.12537364897776127
feat_gbm,4.0,42,472,-0.38756758093066634,-1.3714574409892777
feat_gbm,4.0,42,473,-2.023440500326299,-1.0216450817816245
feat_gbm,4.0,42,474,-1.7371956196101621,-0.8313233833759152
feat_gbm,4.0,42,475,-1.1160854484533222,-3.25243582884057
feat_gbm,4.0,42,476,0.03095006291740196,0.8737365575305754
feat_gbm,4.0,42,477,-3.5226047716263924,-1.8373017486027088
feat_gbm,4.0,42,478,-2.902428203066445,-1.909749317133085
feat_gbm,4.0,42,479,-0.5816564064062213,0.418341725137149
feat_gbm,4.0,42,480,-2.5508107426345377,-2.8689304810445995
feat_gbm,4.0,42,481,-3.8312371121378055,-3.9192950012633494
feat_gbm,4.0,42,482,0.5667762889948813,0.8191907452202399
feat_gbm,4.0,42,483,-2.4513818994855785,-2.7371748494528005
feat_gbm,4.0,42,484,0.547667338362438,0.043868991079412875
feat_gbm,4.0,42,485,-1.4629716203959966,-3.9571024828402512
feat_gbm,4.0,42,486,-2.295933455502206,-0.8286091055291892
feat_gbm,4.0,42,487,0.8884128495150294,1.1086460137612473
feat_gbm,4.0,42,488,-0.9767259749508805,-1.0899995989348372
feat_gbm,4.0,42,489,-1.5478800030243574,-2.9260181182274523
feat_gbm,4.0,42,490,-1.662657773404759,0.01778898425240747
feat_gbm,4.0,42,491,0.108045515234259,-0.388546054063584
feat_gbm,4.0,42,492,-2.869606371929286,-0.8483910406321095
feat_gbm,4.0,42,493,-2.01176934258479,-2.4855190663855797
feat_gbm,4.0,42,494,-0.3620623669989475,-0.6027729178489412
feat_gbm,4.0,42,495,-3.8039010319622832,-1.5285925057254015
feat_gbm,4.0,42,496,0.26808405846326555,1.0092174422839322
feat_gbm,4.0,42,497,-2.4427060709512043,-2.421052301727873
feat_gbm,4.0,42,498,-3.29930324322059,-3.2283141264699093
feat_gbm,4.0,42,499,-2.9978655732579984,-4.907212199848568
feat_gbm,4.0,43,0,-1.0891780701462972,0.03894909458183669
feat_gbm,4.0,43,1,-2.2923690165138533,-2.5052564746229193
feat_gbm,4.0,43,2,-0.16778451454346738,0.6287827851917782
feat_gbm,4.0,43,3,-2.9505329488897294,-3.3447289283878643
feat_gbm,4.0,43,4,0.7532325624009792,0.9694015026406426
feat_gbm,4.0,43,5,-0.8196406962089969,-2.4693709778233526
feat_gbm,4.0,43,6,-0.24835498622260016,-0.2819211013310965
feat_gbm,4.0,43,7,0.12829633688421377,0.5289578846490461
feat_gbm,4.0,43,8,0.25903263040967395,0.032863622186365654
feat_gbm,4.0,43,9,0.1488617195537698,0.9352707853930591
feat_gbm,4.0,43,10,-1.3143340147462443,-1.5987558134683666
feat_gbm,4.0,43,11,-2.197966193639501,-3.2678706438993954
feat_gbm,4.0,43,12,-1.7496557787715594,-2.445380546146449
feat_gbm,4.0,43,13,-1.2196594765182374,-0.4471217519653716
feat_gbm,4.0,43,14,-0.6724355659509075,-1.8343062920535937
feat_gbm,4.0,43,15,-1.326367806865279,-2.278287047942225
feat_gbm,4.0,43,16,-0.4221313139498955,-1.113015507562239
feat_gbm,4.0,43,17,-1.863999731979082,-1.149386040828735
feat_gbm,4.0,43,18,-1.5882376501651039,-0.4541092694382234
feat_gbm,4.0,43,19,-2.6659739489897056,-2.8798658660471284
feat_gbm,4.0,43,20,-3.764026622025834,-3.281006200299989
feat_gbm,4.0,43,21,-2.8227245548666224,-0.7889402030111288
feat_gbm,4.0,43,22,0.0383269481861811,-0.48114593055133975
feat_gbm,4.0,43,23,-3.0191939909138874,-2.8038114998165153
feat_gbm,4.0,43,24,-3.301815356543439,-2.6726430450531393
feat_gbm,4.0,43,25,-2.715773817853309,-3.141178249464176
feat_gbm,4.0,43,26,-3.0288296165143316,-3.8612362310489847
feat_gbm,4.0,43,27,-2.018904942474597,-3.085821277369337
feat_gbm,4.0,43,28,-3.257204094962376,-2.1153791712035637
feat_gbm,4.0,43,29,-1.8674273420351184,-0.5854112868629942
feat_gbm,4.0,43,30,-0.16080099753577004,0.13849791927417068
feat_gbm,4.0,43,31,-1.26087020210454,-2.779654184179668
feat_gbm,4.0,43,32,1.0706037698030098,0.9166392391011026
feat_gbm,4.0,43,33,-2.6276501666894023,-2.134444297962007
feat_gbm,4.0,43,34,-0.04095670987222997,1.1224191581864646
feat_gbm,4.0,43,35,-3.288900784870467,-2.7514680837461087
feat_gbm,4.0,43,36,-1.6064374668863628,0.7493710802437775
feat_gbm,4.0,43,37,-2.0346554717735557,-2.157600461660938
feat_gbm,4.0,43,38,-1.4103839744790052,-1.7436371170468024
feat_gbm,4.0,43,39,-0.010178327182255408,0.632388610685479
feat_gbm,4.0,43,40,-2.752522302050711,-1.5024753827969588
feat_gbm,4.0,43,41,-2.094844554050167,-2.936018587066778
feat_gbm,4.0,43,42,-1.5611954808384054,-0.06406961406287034
feat_gbm,4.0,43,43,-0.5839949614925372,-0.43711075337934485
feat_gbm,4.0,43,44,-0.8005590184118739,0.521724778538647
feat_gbm,4.0,43,45,0.33611036119407944,-0.02881562555915001
feat_gbm,4.0,43,46,-2.2159388496658163,-2.6856700943784895
feat_gbm,4.0,43,47,-2.508369394091862,-3.3419513202228783
feat_gbm,4.0,43,48,-0.15855276583701539,-0.35240032436669677
feat_gbm,4.0,43,49,-3.3237293503386205,-4.466027560457086
feat_gbm,4.0,43,50,-2.653971240430288,-1.2227887404747313
feat_gbm,4.0,43,51,-3.281533798635258,-4.168130875201601
feat_gbm,4.0,43,52,-0.6643602029396992,-2.1825653069440887
feat_gbm,4.0,43,53,-2.7248650795396903,-2.816977102698189
feat_gbm,4.0,43,54,0.025484099460731074,-0.9520374156321785
feat_gbm,4.0,43,55,0.5934770552108979,0.800460094219776
feat_gbm,4.0,43,56,0.5742903108868964,0.2782562560211116
feat_gbm,4.0,43,57,-0.43010570029601164,-0.7855200046266205
feat_gbm,4.0,43,58,-3.618716023517904,-2.837973637743256
feat_gbm,4.0,43,59,-2.130658175451774,0.3653424354755994
feat_gbm,4.0,43,60,-1.614520168196409,-3.145987746693799
feat_gbm,4.0,43,61,-2.558789617976472,-2.1381844357326614
feat_gbm,4.0,43,62,-2.1333025866463107,0.3908315550690521
feat_gbm,4.0,43,63,-3.062146043311777,-3.259739876316779
feat_gbm,4.0,43,64,-2.209848664803181,-3.799325775609258
feat_gbm,4.0,43,65,-2.308353175745687,0.2842997557356093
feat_gbm,4.0,43,66,0.7248133558657224,0.9099380077885143
feat_gbm,4.0,43,67,-0.04168881153930709,0.5741223235018287
feat_gbm,4.0,43,68,0.3714375981558309,1.3807263582335993
feat_gbm,4.0,43,69,-0.5798651245902421,2.7357387204405055
feat_gbm,4.0,43,70,0.23772777712369164,-0.3782017485149665
feat_gbm,4.0,43,71,-1.520451997255412,-0.6946521973220513
feat_gbm,4.0,43,72,-2.419486985168678,-3.510295151868067
feat_gbm,4.0,43,73,-1.1743143603148714,-0.3643686170400702
feat_gbm,4.0,43,74,0.7260878704456538,1.1835884152793859
feat_gbm,4.0,43,75,-0.18913679002116657,-0.38644824542838596
feat_gbm,4.0,43,76,-0.40732726691491855,0.7005004452467647
feat_gbm,4.0,43,77,-0.8125041919036059,0.3770911051312199
feat_gbm,4.0,43,78,-0.11377691340255294,-0.5374783823521183
feat_gbm,4.0,43,79,-2.914859737401334,-3.2499450611549854
feat_gbm,4.0,43,80,-2.46790952291392,-1.719925172279684
feat_gbm,4.0,43,81,0.20969845497141293,1.8185710395242058
feat_gbm,4.0,43,82,-0.5065511830556803,-1.0758778979961314
feat_gbm,4.0,43,83,-0.5669454281043529,-0.8033140510569362
feat_gbm,4.0,43,84,-2.135433745859799,-2.0837035815006346
feat_gbm,4.0,43,85,-2.784803992490175,-1.2430797823904942
feat_gbm,4.0,43,86,0.47486074113311566,0.639317965424242
feat_gbm,4.0,43,87,-1.0708058906928661,-0.02321591952008587
feat_gbm,4.0,43,88,-2.376967820385381,-3.512086916650174
feat_gbm,4.0,43,89,-1.813316838853663,-1.684363733317816
feat_gbm,4.0,43,90,-2.337514311863698,-3.5341996208099964
feat_gbm,4.0,43,91,1.065430678897596,1.1574629997660548
feat_gbm,4.0,43,92,-1.371985692120437,-0.7651863719989663
feat_gbm,4.0,43,93,-2.328156130725279,-5.7708125015304885
feat_gbm,4.0,43,94,-0.03295555643129227,0.07374698385127064
feat_gbm,4.0,43,95,-1.9611379749893443,1.201566413592891
feat_gbm,4.0,43,96,-1.7763958414521293,1.2655480006709303
feat_gbm,4.0,43,97,-2.2479744012132867,-3.2217777708537843
feat_gbm,4.0,43,98,-1.9541017624195602,-1.2120387208328698
feat_gbm,4.0,43,99,-0.23338814125199353,-0.04015373686183237
feat_gbm,4.0,43,100,-3.0367490140117055,-2.8384481914339785
feat_gbm,4.0,43,101,-2.9150073816539606,-3.541068619782685
feat_gbm,4.0,43,102,-2.621037092847209,-4.424727465058162
feat_gbm,4.0,43,103,-1.0072413102840025,-0.7652009130347144
feat_gbm,4.0,43,104,-1.5600021739103593,-0.406664655497914
feat_gbm,4.0,43,105,-2.1618187144145034,-2.8019031633754246
feat_gbm,4.0,43,106,-2.5949002307601083,-1.1978192780958505
feat_gbm,4.0,43,107,-1.7719099939864211,-1.2497822804421463
feat_gbm,4.0,43,108,-0.5459741342813299,-0.2003702404752673
feat_gbm,4.0,43,109,-3.000116202470867,-0.28745536208379296
feat_gbm,4.0,43,110,-0.1638188293675606,0.2838469771831524
feat_gbm,4.0,43,111,-1.0636492427372486,0.6579850926301614
feat_gbm,4.0,43,112,0.5174470014476171,-0.4279263804064609
feat_gbm,4.0,43,113,0.05048776041536029,0.527327823801956
feat_gbm,4.0,43,114,-2.397224580582077,-3.652947895428966
feat_gbm,4.0,43,115,-1.538030388053412,-0.04287987221360797
feat_gbm,4.0,43,116,-2.6965438659540935,-3.4409421360670214
feat_gbm,4.0,43,117,-2.9219678683470414,-2.4284095097884006
feat_gbm,4.0,43,118,-2.7458023782553047,-1.419217075367618
feat_gbm,4.0,43,119,-0.4609372700349597,-1.4944271796191557
feat_gbm,4.0,43,120,-2.998789965628344,-2.797137626437216
feat_gbm,4.0,43,121,0.2785631199930868,3.1321125804877905
feat_gbm,4.0,43,122,-0.45503132135994395,-3.164895556438051
feat_gbm,4.0,43,123,-0.09385674602356163,-0.021234684620174846
feat_gbm,4.0,43,124,-0.6480537265241828,-1.246001114532972
feat_gbm,4.0,43,125,-1.789586708565434,-2.7130193085566443
feat_gbm,4.0,43,126,-0.2661980415795293,-2.0560780011130944
feat_gbm,4.0,43,127,-3.0819878851473814,-1.631222331554067
feat_gbm,4.0,43,128,-1.1207660617512794,-3.477307725783656
feat_gbm,4.0,43,129,-1.1501826446322283,1.7007542891568868
feat_gbm,4.0,43,130,-1.0627704161214915,-3.4021624962570822
feat_gbm,4.0,43,131,-2.9731537195269855,-3.701149444421242
feat_gbm,4.0,43,132,-1.1237131075702322,-0.4116741376471012
feat_gbm,4.0,43,133,-1.26362017766651,-0.5680375850475197
feat_gbm,4.0,43,134,-2.279676155775745,-1.4788189923590598
feat_gbm,4.0,43,135,-1.8255830640253143,-2.9896549957503007
feat_gbm,4.0,43,136,0.03581464738855777,0.11194117436713467
feat_gbm,4.0,43,137,0.2213428526595675,1.7147062893715772
feat_gbm,4.0,43,138,-1.99212907361939,-1.9709125209383296
feat_gbm,4.0,43,139,-0.8006687481795745,0.19937477723826902
feat_gbm,4.0,43,140,-3.5178514218607053,-2.8223726616431475
feat_gbm,4.0,43,141,-0.3987455297399989,-0.12380828599000025
feat_gbm,4.0,43,142,-1.2384449716266106,-2.97521232911642
feat_gbm,4.0,43,143,-2.2612156607806386,-1.9484557479617686
feat_gbm,4.0,43,144,-0.45586902421773556,1.244093655886106
feat_gbm,4.0,43,145,-1.081474950903286,-2.0280859266176816
feat_gbm,4.0,43,146,-2.9531940244452564,-2.0754073031653366
feat_gbm,4.0,43,147,-0.2966175284039539,-0.11331641159387335
feat_gbm,4.0,43,148,-3.1278153789314693,-2.620298039600635
feat_gbm,4.0,43,149,-2.873315098329998,-3.8395532227602396
feat_gbm,4.0,43,150,0.2610193147232807,-2.149698272240366
feat_gbm,4.0,43,151,-3.3048054628690826,-3.1594376779318036
feat_gbm,4.0,43,152,-0.8374379498700967,-2.7712141114581046
feat_gbm,4.0,43,153,-0.9518084184767851,-1.1483368403810985
feat_gbm,4.0,43,154,-1.0314884559639628,-1.4700676700115773
feat_gbm,4.0,43,155,0.12550386632717436,1.4088416749712322
feat_gbm,4.0,43,156,-0.5473790232119432,0.7564704220494097
feat_gbm,4.0,43,157,-1.962532952428467,-1.7148995557963913
feat_gbm,4.0,43,158,-0.6685800517562744,-2.8595355115547196
feat_gbm,4.0,43,159,-1.440831264972987,-0.9922400520728849
feat_gbm,4.0,43,160,0.46063573499522187,1.8585227307534937
feat_gbm,4.0,43,161,-3.3408267373694636,-2.477654537850602
feat_gbm,4.0,43,162,-3.3022359774005694,-2.993764039868935
feat_gbm,4.0,43,163,-3.5692168919511906,-1.1722671160336509
feat_gbm,4.0,43,164,-3.0496700559078445,-1.6577576086204497
feat_gbm,4.0,43,165,-1.4719958341997188,-2.9770186999323642
feat_gbm,4.0,43,166,-2.2572225344830645,-3.2329952824425443
feat_gbm,4.0,43,167,-0.31918631378236545,0.19550508612775644
feat_gbm,4.0,43,168,-1.460404387957357,-1.2639642813248737
feat_gbm,4.0,43,169,-0.1041170059239419,1.4224064134580066
feat_gbm,4.0,43,170,-2.683990273013218,-1.5303724784706008
feat_gbm,4.0,43,171,0.45177136981211335,0.6086346650572224
feat_gbm,4.0,43,172,-0.4817924976463763,-0.052232489626048526
feat_gbm,4.0,43,173,-0.8274623173832912,-0.19074605880313256
feat_gbm,4.0,43,174,-2.269127476757474,-2.7678232596734214
feat_gbm,4.0,43,175,-1.8585716099244418,-1.6557092188829319
feat_gbm,4.0,43,176,0.4256056244162965,0.12081831439914445
feat_gbm,4.0,43,177,-0.3253561663543589,3.7031714993021168
feat_gbm,4.0,43,178,-0.13993203887404876,-0.17761292562564054
feat_gbm,4.0,43,179,0.30543776301753894,0.2295122735959306
feat_gbm,4.0,43,180,-1.9562672994073436,-1.6401012725318311
feat_gbm,4.0,43,181,-3.0240560058630868,-3.399461101549646
feat_gbm,4.0,43,182,0.8927165132342224,0.5421608664871393
feat_gbm,4.0,43,183,-1.2357285166165741,-3.7858185839721776
feat_gbm,4.0,43,184,-0.0789534412441907,0.4440956773301304
feat_gbm,4.0,43,185,-1.9427491359189224,0.5450962365111649
feat_gbm,4.0,43,186,-2.6409544435929933,-3.094441269353033
feat_gbm,4.0,43,187,-0.1296968231444905,1.436275522654785
feat_gbm,4.0,43,188,-0.5548857500491666,-0.003208414280501246
feat_gbm,4.0,43,189,-2.7843341251199893,-2.0766448721687736
feat_gbm,4.0,43,190,-1.9148239281912176,-2.887011097372245
feat_gbm,4.0,43,191,-0.2353837982082181,-0.19564387773269687
feat_gbm,4.0,43,192,-1.1863463952888469,-3.39219136175158
feat_gbm,4.0,43,193,-3.657556576307732,-4.804455114758695
feat_gbm,4.0,43,194,-2.0813240777846356,-0.23230879418151415
feat_gbm,4.0,43,195,0.9890139483058249,0.7768952289284052
feat_gbm,4.0,43,196,-3.025516245822338,-3.0758975731441707
feat_gbm,4.0,43,197,1.227542398949956,1.8852948766094535
feat_gbm,4.0,43,198,0.10377461824449502,-0.07474663349946693
feat_gbm,4.0,43,199,1.3371754141891692,0.9295509098669842
feat_gbm,4.0,43,200,-0.035839606205080164,0.40408761039079466
feat_gbm,4.0,43,201,-2.2209536045894125,-1.0185563947000995
feat_gbm,4.0,43,202,-2.7949478797489467,-1.5812541435625456
feat_gbm,4.0,43,203,-2.802758066852514,-2.9269603411540346
feat_gbm,4.0,43,204,-0.07586096364257183,-0.9368237022381455
feat_gbm,4.0,43,205,-1.6864008827446133,-0.771906247259438
feat_gbm,4.0,43,206,-2.065298128596872,-1.4457766532498904
feat_gbm,4.0,43,207,-2.7056169043091414,-2.4752738768021185
feat_gbm,4.0,43,208,-0.6702041243498886,-2.8789590131308262
feat_gbm,4.0,43,209,-2.0431433233251277,-2.6986856152036793
feat_gbm,4.0,43,210,0.6308073779821024,0.05837096406180189
feat_gbm,4.0,43,211,-3.2407854093800497,-2.2327070274631113
feat_gbm,4.0,43,212,-1.81184074339328,0.15758807445032513
feat_gbm,4.0,43,213,0.4168106253172872,0.5234750924970406
feat_gbm,4.0,43,214,0.8191898187860613,0.8312555987922697
feat_gbm,4.0,43,215,-2.6573332173429014,-0.7699972654610447
feat_gbm,4.0,43,216,-2.845113745050973,-2.4368834827463726
feat_gbm,4.0,43,217,-3.0340482274440403,-3.7421886443248944
feat_gbm,4.0,43,218,-2.1694958329657847,-4.3753265313120195
feat_gbm,4.0,43,219,-0.6766569657114113,0.13181597567614448
feat_gbm,4.0,43,220,-1.8818691653066297,-2.150299196146146
feat_gbm,4.0,43,221,-1.6312435764629083,0.4316281043505307
feat_gbm,4.0,43,222,0.27489926974839085,0.20581216265343685
feat_gbm,4.0,43,223,-1.0419385039367837,-1.7226779576420432
feat_gbm,4.0,43,224,-0.0813545518072139,1.0701061526100661
feat_gbm,4.0,43,225,-3.322796997764412,-2.995983076644188
feat_gbm,4.0,43,226,0.11789592279013354,-0.39103048890459524
feat_gbm,4.0,43,227,-2.838518432296316,-2.811377433191803
feat_gbm,4.0,43,228,0.3832556272277494,0.1103569248772952
feat_gbm,4.0,43,229,0.6384206022395547,1.0926797996732165
feat_gbm,4.0,43,230,-2.8137201395369886,-1.1465469989616057
feat_gbm,4.0,43,231,-3.2997308125309432,-3.7045714701961474
feat_gbm,4.0,43,232,-1.9353208269842581,-0.3205795311611984
feat_gbm,4.0,43,233,0.29636048096330475,-0.7282288274356463
feat_gbm,4.0,43,234,-0.8570368452736891,-0.6143938277881194
feat_gbm,4.0,43,235,-3.167293580807896,-3.717493513170671
feat_gbm,4.0,43,236,-1.3184920679067684,-1.894186438607053
feat_gbm,4.0,43,237,-0.3186530199021572,0.19101892391720615
feat_gbm,4.0,43,238,-2.647930710601917,-2.723653519266766
feat_gbm,4.0,43,239,0.14725430229232067,0.28172679866345784
feat_gbm,4.0,43,240,-1.5560119489458772,-0.570916259780521
feat_gbm,4.0,43,241,-1.1807732327315885,-3.037607674189957
feat_gbm,4.0,43,242,-3.0963507289792473,-2.4824067099880884
feat_gbm,4.0,43,243,-2.4507064745921743,1.793244191067856
feat_gbm,4.0,43,244,-2.4570911657906915,-2.170563194223024
feat_gbm,4.0,43,245,-3.4477625776817877,-2.5580286375581696
feat_gbm,4.0,43,246,-2.431580052912682,-3.9013363177662743
feat_gbm,4.0,43,247,-1.580491360928919,-1.2689211715035387
feat_gbm,4.0,43,248,-2.9857146685812896,-2.89795980370705
feat_gbm,4.0,43,249,-1.747538132924781,-1.149470325468549
feat_gbm,4.0,43,250,-1.555775448544244,-2.1803876537888693
feat_gbm,4.0,43,251,-1.2835585224997923,-1.2010659028736028
feat_gbm,4.0,43,252,-2.91980776817987,-2.675840590612525
feat_gbm,4.0,43,253,-2.488465884318841,-0.865421424414132
feat_gbm,4.0,43,254,-2.124894383100091,-0.45089388998719687
feat_gbm,4.0,43,255,-3.0262199842051056,-1.477655138121315
feat_gbm,4.0,43,256,-2.9297975092362827,-1.9234128661936198
feat_gbm,4.0,43,257,-3.0888745249045715,-0.8895479413744646
feat_gbm,4.0,43,258,-2.5466942740316516,-1.284701881398344
feat_gbm,4.0,43,259,-0.3106584305815354,0.03791276039075724
feat_gbm,4.0,43,260,-2.0132620114334405,-1.213907680807544
feat_gbm,4.0,43,261,0.07128120178877383,-0.6937064881158975
feat_gbm,4.0,43,262,0.5940335999576964,-2.500344974429108
feat_gbm,4.0,43,263,-2.511756395026452,-3.0782877743164985
feat_gbm,4.0,43,264,-2.812645832064657,-3.2702790535172426
feat_gbm,4.0,43,265,-1.5136122827178762,-0.15746453031192983
feat_gbm,4.0,43,266,-2.467832897097153,-1.3930653126164372
feat_gbm,4.0,43,267,-2.6338313236938538,-3.460520174484755
feat_gbm,4.0,43,268,-2.337011577591368,-1.8115923421665279
feat_gbm,4.0,43,269,0.9335886626591949,-0.04785951915829837
feat_gbm,4.0,43,270,-0.8388953420532864,-1.3387838926701625
feat_gbm,4.0,43,271,-0.2667522681591991,0.6172482925771328
feat_gbm,4.0,43,272,-1.5479564355215834,0.10718580269537517
feat_gbm,4.0,43,273,-1.8688170445821708,-2.4250613993713395
feat_gbm,4.0,43,274,-1.8095622559028122,-0.4656136934058211
feat_gbm,4.0,43,275,-3.1911748543924303,-1.7679071058666047
feat_gbm,4.0,43,276,-0.835636126259008,-0.15192249005847586
feat_gbm,4.0,43,277,-0.29115858521964955,-0.22686658439221394
feat_gbm,4.0,43,278,-0.3510282282026164,-0.3963273628232521
feat_gbm,4.0,43,279,-1.11985354684618,-2.1916982233579314
feat_gbm,4.0,43,280,-1.624797228205527,0.5138857123822332
feat_gbm,4.0,43,281,0.30215245089948345,0.13501120436460418
feat_gbm,4.0,43,282,0.13676002624638334,-0.35232291748203215
feat_gbm,4.0,43,283,0.44017829781453316,0.33710059568630363
feat_gbm,4.0,43,284,-0.09186045022295108,2.2269494594330284
feat_gbm,4.0,43,285,-1.9523107118958838,-0.8523290277873723
feat_gbm,4.0,43,286,-0.4534340217890935,0.5032694866056324
feat_gbm,4.0,43,287,-2.0373797928963704,-3.0734310124071125
feat_gbm,4.0,43,288,-2.9284391514108963,-3.0969464995649485
feat_gbm,4.0,43,289,-0.060565729911678606,0.8088909840914691
feat_gbm,4.0,43,290,-2.284078384385881,-1.710735902712342
feat_gbm,4.0,43,291,-0.13997183960942616,-0.24588513525180683
feat_gbm,4.0,43,292,-2.9265424478230027,-2.9910915714149957
feat_gbm,4.0,43,293,-0.22332912889923084,0.24397961438558982
feat_gbm,4.0,43,294,-0.5597701834970834,0.9827222917401395
feat_gbm,4.0,43,295,0.9182454808277419,1.5399914318848642
feat_gbm,4.0,43,296,-2.121532476995376,-3.028104854063688
feat_gbm,4.0,43,297,-1.027532582842591,-1.9675880903276046
feat_gbm,4.0,43,298,-0.24663769469800328,0.3882116190950413
feat_gbm,4.0,43,299,-0.9309353951206223,-0.4169590587595381
feat_gbm,4.0,43,300,-1.7132712771908378,-0.47104701624968015
feat_gbm,4.0,43,301,-1.4376799912787848,-0.5788171023402015
feat_gbm,4.0,43,302,-1.6494696892613199,-3.325334912618423
feat_gbm,4.0,43,303,-1.6819671822378006,0.27214776974989446
feat_gbm,4.0,43,304,-0.5720829511912847,0.2838761456734127
feat_gbm,4.0,43,305,0.18380367828059008,0.98356576927226
feat_gbm,4.0,43,306,-3.07909135685044,-2.324804251846344
feat_gbm,4.0,43,307,-0.19263340720488586,-0.30060412365222405
feat_gbm,4.0,43,308,-3.073575037140878,-3.5706943269006843
feat_gbm,4.0,43,309,-0.7812063002825191,0.7657986236992217
feat_gbm,4.0,43,310,-0.909805986602952,-0.3760212383278314
feat_gbm,4.0,43,311,1.1050553706480855,0.903367601886353
feat_gbm,4.0,43,312,-0.2860532981933233,0.2834145554969618
feat_gbm,4.0,43,313,0.04020706630134405,-0.8750381269167363
feat_gbm,4.0,43,314,0.23243440908496021,-0.8911054934067958
feat_gbm,4.0,43,315,0.1320089056826062,0.2699623908229132
feat_gbm,4.0,43,316,-2.8457365738870393,-4.034449774534175
feat_gbm,4.0,43,317,-0.867377012953406,0.7302045063515665
feat_gbm,4.0,43,318,-1.866158521200872,-2.5264159394565007
feat_gbm,4.0,43,319,-2.357749764026196,-3.1280680478747835
feat_gbm,4.0,43,320,-0.8411907246514367,-0.623194388118803
feat_gbm,4.0,43,321,-2.5995003039866336,-4.172922463867305
feat_gbm,4.0,43,322,1.238036415591575,1.0714029341973417
feat_gbm,4.0,43,323,0.036413105071897406,-2.5538050374755565
feat_gbm,4.0,43,324,-1.891648027110408,-1.5310020975326282
feat_gbm,4.0,43,325,0.02586611915725953,-0.735749980772127
feat_gbm,4.0,43,326,-0.6400051068556186,-0.5010306012352705
feat_gbm,4.0,43,327,-3.7423268200191733,-4.393123087746285
feat_gbm,4.0,43,328,-0.8817192287016871,0.6439364857563509
feat_gbm,4.0,43,329,-2.388064895700905,-2.60760252445046
feat_gbm,4.0,43,330,0.14075849551734732,0.46983427811083467
feat_gbm,4.0,43,331,-2.9092693835691112,-1.149354435920189
feat_gbm,4.0,43,332,-2.817043101356224,-1.0961264399974935
feat_gbm,4.0,43,333,0.1716013946235883,1.4253561556633074
feat_gbm,4.0,43,334,0.5783656826861197,1.0406546288822482
feat_gbm,4.0,43,335,-0.2818934638390215,-0.1286217558512718
feat_gbm,4.0,43,336,-2.237532307727818,-1.7275974260064488
feat_gbm,4.0,43,337,-2.9785732415350896,-4.535227665039715
feat_gbm,4.0,43,338,0.024721059333660488,-1.078833843619319
feat_gbm,4.0,43,339,-2.953532302702527,-2.035297396751524
feat_gbm,4.0,43,340,-0.3907701069991841,0.4788286932125707
feat_gbm,4.0,43,341,0.3434379494893515,-0.4595082096564039
feat_gbm,4.0,43,342,-3.1781079039986166,-3.653430804591794
feat_gbm,4.0,43,343,0.5340749486914335,0.2834522663037432
feat_gbm,4.0,43,344,0.4870252766158403,-0.15984972455285287
feat_gbm,4.0,43,345,-2.398562061124101,-3.8822970119574354
feat_gbm,4.0,43,346,-2.4492661766253305,-2.5801989990218064
feat_gbm,4.0,43,347,-2.662444043142151,-3.2622630695286134
feat_gbm,4.0,43,348,-0.6587119254478507,-0.4894561152880944
feat_gbm,4.0,43,349,-1.551011633993969,-3.0223552414624764
feat_gbm,4.0,43,350,0.4600310577531754,0.4215072765335228
feat_gbm,4.0,43,351,-1.556557343479527,-1.8152752103400673
feat_gbm,4.0,43,352,0.06290027596035078,1.102263670511441
feat_gbm,4.0,43,353,-0.24204303810130046,1.4454852001466738
feat_gbm,4.0,43,354,-2.8787839695097897,-3.6770060333191017
feat_gbm,4.0,43,355,-3.218648225280374,-5.078652858832153
feat_gbm,4.0,43,356,-0.11332914334333996,0.7815322159665122
feat_gbm,4.0,43,357,-1.2092875320862828,0.6775133790495483
feat_gbm,4.0,43,358,-3.2888217955997594,-3.5163570325540956
feat_gbm,4.0,43,359,-1.2103363556072093,-4.157760523739404
feat_gbm,4.0,43,360,-1.2925062051416991,-0.18386357284099003
feat_gbm,4.0,43,361,-1.6403300668456031,-4.477383009144865
feat_gbm,4.0,43,362,-1.0320766028756183,0.2909126951240761
feat_gbm,4.0,43,363,-1.9696828276924836,-3.5121531596302606
feat_gbm,4.0,43,364,-2.0271238161406586,-0.0019354464452207268
feat_gbm,4.0,43,365,-1.8801007037828983,-3.264666087597375
feat_gbm,4.0,43,366,-1.229717504505285,-1.4961090632143375
feat_gbm,4.0,43,367,0.03601078390355859,-0.10305907560987346
feat_gbm,4.0,43,368,-0.9064999134053172,0.24601275195113992
feat_gbm,4.0,43,369,-1.5825934490363733,-1.6400355118163064
feat_gbm,4.0,43,370,-1.6118366670247644,-1.5399226532969161
feat_gbm,4.0,43,371,-0.786036091864302,-0.3336387161155974
feat_gbm,4.0,43,372,-1.5332508513477119,0.3185760540422761
feat_gbm,4.0,43,373,-1.3121067452576352,-0.30756424411789
feat_gbm,4.0,43,374,-3.321325939478463,-3.551435429619069
feat_gbm,4.0,43,375,0.48831570339309294,-0.12846918127015178
feat_gbm,4.0,43,376,0.4839323999210437,0.43413099611324796
feat_gbm,4.0,43,377,-0.8830454493497539,0.8095384731463161
feat_gbm,4.0,43,378,-0.24772652321703778,0.20303525329731625
feat_gbm,4.0,43,379,-0.19392451992617993,0.524784145223057
feat_gbm,4.0,43,380,-0.06398572675489052,0.8722609808312535
feat_gbm,4.0,43,381,0.023860117414357153,1.0190202163897197
feat_gbm,4.0,43,382,-0.45057521449660237,1.2715191268303472
feat_gbm,4.0,43,383,-2.34280436940376,-0.13923746667536385
feat_gbm,4.0,43,384,-2.7182628602166883,-1.7983983483294153
feat_gbm,4.0,43,385,-0.6018808992070833,0.5606037150840157
feat_gbm,4.0,43,386,0.683302362993389,0.6003456151224621
feat_gbm,4.0,43,387,-0.5439609679030619,1.3071718981356573
feat_gbm,4.0,43,388,-2.593094474185747,-0.19457283568776126
feat_gbm,4.0,43,389,-2.99132323393721,-0.981880356960367
feat_gbm,4.0,43,390,-1.2558229168750414,-2.628024059072158
feat_gbm,4.0,43,391,-2.3483169140854527,-2.479262758098376
feat_gbm,4.0,43,392,-2.5841706788262693,-2.207941629114672
feat_gbm,4.0,43,393,-2.161037581063202,-2.806586620215901
feat_gbm,4.0,43,394,-2.6663964922116854,-0.16842623590390868
feat_gbm,4.0,43,395,0.27551922291972025,0.3596423409999632
feat_gbm,4.0,43,396,-2.856972771812758,-3.117667066362407
feat_gbm,4.0,43,397,0.7943995693833079,0.6134086288650079
feat_gbm,4.0,43,398,0.447704627773968,0.5049020087080688
feat_gbm,4.0,43,399,-2.7009533419883485,-1.0548605918119196
feat_gbm,4.0,43,400,-3.186070605861579,-2.877676775828332
feat_gbm,4.0,43,401,1.0375490841747594,0.015654415635624343
feat_gbm,4.0,43,402,0.06677158788728914,-0.7027824676465185
feat_gbm,4.0,43,403,0.7727456595714143,0.6733427913489138
feat_gbm,4.0,43,404,-1.057958269708809,0.03259550049258387
feat_gbm,4.0,43,405,-2.7200032967651926,-3.4179416205706223
feat_gbm,4.0,43,406,-3.360693978710772,-1.6563158072976616
feat_gbm,4.0,43,407,-1.3949537739640372,0.3281041495218151
feat_gbm,4.0,43,408,-0.6726223315435511,-1.498502430121411
feat_gbm,4.0,43,409,-1.058513990954291,-1.5390850133499359
feat_gbm,4.0,43,410,-1.1104153068038818,-3.8769914364338094
feat_gbm,4.0,43,411,-1.0214291056171418,-1.1093409530974205
feat_gbm,4.0,43,412,-2.7263913685968513,-2.1356441225652167
feat_gbm,4.0,43,413,-0.503458987133049,0.5613925387002681
feat_gbm,4.0,43,414,-2.9629699931960922,-2.672303525149137
feat_gbm,4.0,43,415,0.3992941399997072,0.9887747910888531
feat_gbm,4.0,43,416,-3.5036007677309,-2.064740642123073
feat_gbm,4.0,43,417,-1.2649514592273738,-0.13534283366780814
feat_gbm,4.0,43,418,-0.25908512848029086,0.5266566940316069
feat_gbm,4.0,43,419,-0.24884138939473333,-0.7929716308762645
feat_gbm,4.0,43,420,-0.11728952929499853,0.22081989653443584
feat_gbm,4.0,43,421,-2.7608576872028654,-3.4911396429773087
feat_gbm,4.0,43,422,-1.1267520772163033,0.4691563032653497
feat_gbm,4.0,43,423,-0.2665268877181421,-0.21242164749251408
feat_gbm,4.0,43,424,-2.59724916224089,-2.0235730224261497
feat_gbm,4.0,43,425,-0.41366576032221863,0.1881042769243711
feat_gbm,4.0,43,426,-1.2092160397248979,-0.7546830882020855
feat_gbm,4.0,43,427,-3.110344051447386,-2.004418163271322
feat_gbm,4.0,43,428,-0.861960619997067,0.08108350485015015
feat_gbm,4.0,43,429,-1.975325265386717,-0.8958783842144782
feat_gbm,4.0,43,430,-1.5374447976264096,-0.700178367515834
feat_gbm,4.0,43,431,-1.6825485559521598,-2.026447754843476
feat_gbm,4.0,43,432,-3.0254917917256474,-3.3644112924118934
feat_gbm,4.0,43,433,-2.9538110178638615,-2.4777804975332844
feat_gbm,4.0,43,434,-3.0604272572657134,-3.6407879329147783
feat_gbm,4.0,43,435,-0.4846638798541992,0.8140524350977956
feat_gbm,4.0,43,436,-1.0655915863350016,-0.6342245759550225
feat_gbm,4.0,43,437,-3.0311436886323957,-1.0170271575608654
feat_gbm,4.0,43,438,-2.3903162745130655,1.2058566336630974
feat_gbm,4.0,43,439,0.2590866740450903,1.04159183954478
feat_gbm,4.0,43,440,-1.6909355648991575,-0.383754051292973
feat_gbm,4.0,43,441,0.19060001288253253,0.9717849563735496
feat_gbm,4.0,43,442,0.16865901926407528,0.915394257773604
feat_gbm,4.0,43,443,-0.9373042488736438,0.17619398118278368
feat_gbm,4.0,43,444,-2.123325886017019,-2.3026142847949007
feat_gbm,4.0,43,445,-0.35924130612824456,-2.156995715227189
feat_gbm,4.0,43,446,-2.421445444952399,-1.9647154613855007
feat_gbm,4.0,43,447,-1.9103233093814598,-1.2167428909736953
feat_gbm,4.0,43,448,-0.3529551237715877,0.371748058948411
feat_gbm,4.0,43,449,-1.7508656901166806,-3.354914600670279
feat_gbm,4.0,43,450,-0.5127458144024638,-2.0984010901330774
feat_gbm,4.0,43,451,-1.747538132924781,-1.8411195968283314
feat_gbm,4.0,43,452,0.2249089198595121,-0.2866386615093297
feat_gbm,4.0,43,453,-2.3553838493649026,-2.1769502099219324
feat_gbm,4.0,43,454,-1.4157057787403453,0.851829112076475
feat_gbm,4.0,43,455,1.030485525759381,-0.5174982843777256
feat_gbm,4.0,43,456,-3.146545212452648,-3.7883351795095335
feat_gbm,4.0,43,457,-3.3602692839386634,-1.3225504843777425
feat_gbm,4.0,43,458,-0.3033829745883286,-0.6304710111145473
feat_gbm,4.0,43,459,-1.5225440440484406,-2.867776928577639
feat_gbm,4.0,43,460,-1.0543252628244404,-0.20106453453544149
feat_gbm,4.0,43,461,0.05620264677076037,0.565413433251147
feat_gbm,4.0,43,462,-2.074233805172935,0.6531860801292728
feat_gbm,4.0,43,463,-3.3557286034053044,-3.295531334571209
feat_gbm,4.0,43,464,-1.2581133287747055,-1.118951529136503
feat_gbm,4.0,43,465,-0.5217535294781525,0.08535922256033004
feat_gbm,4.0,43,466,0.37336085279668557,0.2656879386171551
feat_gbm,4.0,43,467,-1.0286634708024376,-1.0764680911985907
feat_gbm,4.0,43,468,-0.9048819312250173,2.2503813782282114
feat_gbm,4.0,43,469,-0.3185374799244283,-0.029700274932011248
feat_gbm,4.0,43,470,-3.072611294928943,-2.1918010579584375
feat_gbm,4.0,43,471,-1.4004941323919884,-0.12537364897776127
feat_gbm,4.0,43,472,-0.5203149963836667,-1.3714574409892777
feat_gbm,4.0,43,473,-1.9154352711771638,-1.0216450817816245
feat_gbm,4.0,43,474,-1.3424146727686044,-0.8313233833759152
feat_gbm,4.0,43,475,-0.9762526310572983,-3.25243582884057
feat_gbm,4.0,43,476,0.03655519839432703,0.8737365575305754
feat_gbm,4.0,43,477,-3.3577567649642917,-1.8373017486027088
feat_gbm,4.0,43,478,-2.88706973021418,-1.909749317133085
feat_gbm,4.0,43,479,-0.7028349963518261,0.418341725137149
feat_gbm,4.0,43,480,-2.750340093209706,-2.8689304810445995
feat_gbm,4.0,43,481,-3.713828716933704,-3.9192950012633494
feat_gbm,4.0,43,482,0.5924716103572832,0.8191907452202399
feat_gbm,4.0,43,483,-2.8504067381027607,-2.7371748494528005
feat_gbm,4.0,43,484,0.6254530004624104,0.043868991079412875
feat_gbm,4.0,43,485,-1.532022650977425,-3.9571024828402512
feat_gbm,4.0,43,486,-2.370225914660055,-0.8286091055291892
feat_gbm,4.0,43,487,0.9356476236088526,1.1086460137612473
feat_gbm,4.0,43,488,-1.0201537188428806,-1.0899995989348372
feat_gbm,4.0,43,489,-1.367334637921191,-2.9260181182274523
feat_gbm,4.0,43,490,-1.2804991036422493,0.01778898425240747
feat_gbm,4.0,43,491,0.4973431999850227,-0.388546054063584
feat_gbm,4.0,43,492,-2.9527603392643287,-0.8483910406321095
feat_gbm,4.0,43,493,-1.967124109965514,-2.4855190663855797
feat_gbm,4.0,43,494,-0.35081538243773336,-0.6027729178489412
feat_gbm,4.0,43,495,-3.7864064456892,-1.5285925057254015
feat_gbm,4.0,43,496,0.08142568252857657,1.0092174422839322
feat_gbm,4.0,43,497,-2.4822021311180995,-2.421052301727873
feat_gbm,4.0,43,498,-3.306373086551052,-3.2283141264699093
feat_gbm,4.0,43,499,-2.9812081187350996,-4.907212199848568
feat_gbm,4.0,44,0,-0.5740725696249538,0.03894909458183669
feat_gbm,4.0,44,1,-2.0622517515083327,-2.5052564746229193
feat_gbm,4.0,44,2,-0.11480830568135103,0.6287827851917782
feat_gbm,4.0,44,3,-3.0077074472810574,-3.3447289283878643
feat_gbm,4.0,44,4,0.7755383679474425,0.9694015026406426
feat_gbm,4.0,44,5,-0.7936263294864254,-2.4693709778233526
feat_gbm,4.0,44,6,0.01665667335493337,-0.2819211013310965
feat_gbm,4.0,44,7,0.10117070689462077,0.5289578846490461
feat_gbm,4.0,44,8,0.26530094073541655,0.032863622186365654
feat_gbm,4.0,44,9,0.05624660608699979,0.9352707853930591
feat_gbm,4.0,44,10,-1.5977661847835598,-1.5987558134683666
feat_gbm,4.0,44,11,-2.0272768411973963,-3.2678706438993954
feat_gbm,4.0,44,12,-1.8134980559987754,-2.445380546146449
feat_gbm,4.0,44,13,-1.0744813339562094,-0.4471217519653716
feat_gbm,4.0,44,14,-0.9574378505190477,-1.8343062920535937
feat_gbm,4.0,44,15,-1.3447736109110024,-2.278287047942225
feat_gbm,4.0,44,16,-0.7973517678657431,-1.113015507562239
feat_gbm,4.0,44,17,-1.5938242946067156,-1.149386040828735
feat_gbm,4.0,44,18,-1.710864979353265,-0.4541092694382234
feat_gbm,4.0,44,19,-2.5790357356538243,-2.8798658660471284
feat_gbm,4.0,44,20,-3.640544216417351,-3.281006200299989
feat_gbm,4.0,44,21,-2.7796178681249137,-0.7889402030111288
feat_gbm,4.0,44,22,0.12615464626611095,-0.48114593055133975
feat_gbm,4.0,44,23,-3.1158283082196374,-2.8038114998165153
feat_gbm,4.0,44,24,-3.707507396370494,-2.6726430450531393
feat_gbm,4.0,44,25,-2.7116991570813016,-3.141178249464176
feat_gbm,4.0,44,26,-2.803253492787967,-3.8612362310489847
feat_gbm,4.0,44,27,-1.9298788847675616,-3.085821277369337
feat_gbm,4.0,44,28,-3.1842279250331433,-2.1153791712035637
feat_gbm,4.0,44,29,-1.93939559066931,-0.5854112868629942
feat_gbm,4.0,44,30,-0.048670371340813416,0.13849791927417068
feat_gbm,4.0,44,31,-1.4265600791796502,-2.779654184179668
feat_gbm,4.0,44,32,0.9285810415845642,0.9166392391011026
feat_gbm,4.0,44,33,-2.3270496362828417,-2.134444297962007
feat_gbm,4.0,44,34,0.4282762303412899,1.1224191581864646
feat_gbm,4.0,44,35,-3.069907067954376,-2.7514680837461087
feat_gbm,4.0,44,36,-1.4998155140229668,0.7493710802437775
feat_gbm,4.0,44,37,-1.6873702623734228,-2.157600461660938
feat_gbm,4.0,44,38,-1.7339144596574283,-1.7436371170468024
feat_gbm,4.0,44,39,0.00028295935189933226,0.632388610685479
feat_gbm,4.0,44,40,-2.4829895100030894,-1.5024753827969588
feat_gbm,4.0,44,41,-1.736327971835865,-2.936018587066778
feat_gbm,4.0,44,42,-1.6999593800327837,-0.06406961406287034
feat_gbm,4.0,44,43,-0.4743118137473775,-0.43711075337934485
feat_gbm,4.0,44,44,-1.315813424481928,0.521724778538647
feat_gbm,4.0,44,45,0.23779133457632723,-0.02881562555915001
feat_gbm,4.0,44,46,-2.205024021846316,-2.6856700943784895
feat_gbm,4.0,44,47,-2.106045029178694,-3.3419513202228783
feat_gbm,4.0,44,48,-0.19298173514187625,-0.35240032436669677
feat_gbm,4.0,44,49,-3.2056006895969147,-4.466027560457086
feat_gbm,4.0,44,50,-2.5945152497420696,-1.2227887404747313
feat_gbm,4.0,44,51,-3.25733754020573,-4.168130875201601
feat_gbm,4.0,44,52,-0.6498410719866751,-2.1825653069440887
feat_gbm,4.0,44,53,-2.6980579458363043,-2.816977102698189
feat_gbm,4.0,44,54,0.04140130268325629,-0.9520374156321785
feat_gbm,4.0,44,55,0.6641912709078414,0.800460094219776
feat_gbm,4.0,44,56,0.4167370795973205,0.2782562560211116
feat_gbm,4.0,44,57,-0.11502408684220139,-0.7855200046266205
feat_gbm,4.0,44,58,-3.6527720219986084,-2.837973637743256
feat_gbm,4.0,44,59,-2.7368472817758374,0.3653424354755994
feat_gbm,4.0,44,60,-1.0087478710253515,-3.145987746693799
feat_gbm,4.0,44,61,-2.9117368941828636,-2.1381844357326614
feat_gbm,4.0,44,62,-2.544810016296601,0.3908315550690521
feat_gbm,4.0,44,63,-2.958806617724377,-3.259739876316779
feat_gbm,4.0,44,64,-2.0699836654022774,-3.799325775609258
feat_gbm,4.0,44,65,-2.6802880147419583,0.2842997557356093
feat_gbm,4.0,44,66,0.714843015119657,0.9099380077885143
feat_gbm,4.0,44,67,0.05035034545041676,0.5741223235018287
feat_gbm,4.0,44,68,0.12894701283041313,1.3807263582335993
feat_gbm,4.0,44,69,-0.3473920889913551,2.7357387204405055
feat_gbm,4.0,44,70,0.25794567102189003,-0.3782017485149665
feat_gbm,4.0,44,71,-1.643219424057362,-0.6946521973220513
feat_gbm,4.0,44,72,-2.575750638443018,-3.510295151868067
feat_gbm,4.0,44,73,-0.9142585035368624,-0.3643686170400702
feat_gbm,4.0,44,74,0.4350743343497492,1.1835884152793859
feat_gbm,4.0,44,75,-0.233519074120249,-0.38644824542838596
feat_gbm,4.0,44,76,-0.9566988686399449,0.7005004452467647
feat_gbm,4.0,44,77,-1.0198708885371266,0.3770911051312199
feat_gbm,4.0,44,78,-0.20685409869462576,-0.5374783823521183
feat_gbm,4.0,44,79,-3.2028689411926483,-3.2499450611549854
feat_gbm,4.0,44,80,-2.6293406075417707,-1.719925172279684
feat_gbm,4.0,44,81,0.5489341421106932,1.8185710395242058
feat_gbm,4.0,44,82,-0.7156643670666114,-1.0758778979961314
feat_gbm,4.0,44,83,-0.7293754038888935,-0.8033140510569362
feat_gbm,4.0,44,84,-2.0425017454631686,-2.0837035815006346
feat_gbm,4.0,44,85,-2.69114858237334,-1.2430797823904942
feat_gbm,4.0,44,86,0.24896817621639591,0.639317965424242
feat_gbm,4.0,44,87,-1.0633829211557595,-0.02321591952008587
feat_gbm,4.0,44,88,-2.4048975082657575,-3.512086916650174
feat_gbm,4.0,44,89,-1.9739323049456972,-1.684363733317816
feat_gbm,4.0,44,90,-2.548786957530979,-3.5341996208099964
feat_gbm,4.0,44,91,0.7454984927683277,1.1574629997660548
feat_gbm,4.0,44,92,-1.2566146982005948,-0.7651863719989663
feat_gbm,4.0,44,93,-2.0522478133359896,-5.7708125015304885
feat_gbm,4.0,44,94,-0.15720860735443742,0.07374698385127064
feat_gbm,4.0,44,95,-1.3644006317358424,1.201566413592891
feat_gbm,4.0,44,96,-1.418911851402128,1.2655480006709303
feat_gbm,4.0,44,97,-2.394045571150704,-3.2217777708537843
feat_gbm,4.0,44,98,-2.02807458102416,-1.2120387208328698
feat_gbm,4.0,44,99,-0.22503610892578585,-0.04015373686183237
feat_gbm,4.0,44,100,-3.181875391810923,-2.8384481914339785
feat_gbm,4.0,44,101,-2.923830985919821,-3.541068619782685
feat_gbm,4.0,44,102,-2.5307386189918444,-4.424727465058162
feat_gbm,4.0,44,103,-0.9647705392550796,-0.7652009130347144
feat_gbm,4.0,44,104,-1.4904995812513586,-0.406664655497914
feat_gbm,4.0,44,105,-2.184035201722772,-2.8019031633754246
feat_gbm,4.0,44,106,-2.535026288776756,-1.1978192780958505
feat_gbm,4.0,44,107,-2.0658917929692366,-1.2497822804421463
feat_gbm,4.0,44,108,-0.3883555961819115,-0.2003702404752673
feat_gbm,4.0,44,109,-2.7199091100960624,-0.28745536208379296
feat_gbm,4.0,44,110,-0.14182675179038645,0.2838469771831524
feat_gbm,4.0,44,111,-0.9845093037775776,0.6579850926301614
feat_gbm,4.0,44,112,0.451072138675081,-0.4279263804064609
feat_gbm,4.0,44,113,0.14629379122356148,0.527327823801956
feat_gbm,4.0,44,114,-2.0488841218603757,-3.652947895428966
feat_gbm,4.0,44,115,-1.3457756533579543,-0.04287987221360797
feat_gbm,4.0,44,116,-2.6133069566108835,-3.4409421360670214
feat_gbm,4.0,44,117,-2.883903366890236,-2.4284095097884006
feat_gbm,4.0,44,118,-2.7805480518413823,-1.419217075367618
feat_gbm,4.0,44,119,-0.20971363688610575,-1.4944271796191557
feat_gbm,4.0,44,120,-3.29233408468623,-2.797137626437216
feat_gbm,4.0,44,121,0.11953862651095616,3.1321125804877905
feat_gbm,4.0,44,122,-0.15988607148557782,-3.164895556438051
feat_gbm,4.0,44,123,0.13231206790506578,-0.021234684620174846
feat_gbm,4.0,44,124,-0.757746222268175,-1.246001114532972
feat_gbm,4.0,44,125,-2.0245097427225334,-2.7130193085566443
feat_gbm,4.0,44,126,-0.31084817589451147,-2.0560780011130944
feat_gbm,4.0,44,127,-3.2662002209443424,-1.631222331554067
feat_gbm,4.0,44,128,-1.101494755614805,-3.477307725783656
feat_gbm,4.0,44,129,-1.3325854442967449,1.7007542891568868
feat_gbm,4.0,44,130,-0.9762075271252264,-3.4021624962570822
feat_gbm,4.0,44,131,-3.1430092667267733,-3.701149444421242
feat_gbm,4.0,44,132,-1.1469399465568335,-0.4116741376471012
feat_gbm,4.0,44,133,-1.4182115321346789,-0.5680375850475197
feat_gbm,4.0,44,134,-2.2140538966840553,-1.4788189923590598
feat_gbm,4.0,44,135,-2.1461715253623277,-2.9896549957503007
feat_gbm,4.0,44,136,0.10640417865320305,0.11194117436713467
feat_gbm,4.0,44,137,-0.17513930159870225,1.7147062893715772
feat_gbm,4.0,44,138,-2.0238853091392524,-1.9709125209383296
feat_gbm,4.0,44,139,-0.9592215822165684,0.19937477723826902
feat_gbm,4.0,44,140,-3.565289836806245,-2.8223726616431475
feat_gbm,4.0,44,141,-0.43896764370967845,-0.12380828599000025
feat_gbm,4.0,44,142,-1.2554956787066718,-2.97521232911642
feat_gbm,4.0,44,143,-2.1603809111561896,-1.9484557479617686
feat_gbm,4.0,44,144,0.037616796608774344,1.244093655886106
feat_gbm,4.0,44,145,-0.8881796757480588,-2.0280859266176816
feat_gbm,4.0,44,146,-2.843050977970967,-2.0754073031653366
feat_gbm,4.0,44,147,-0.30171258901190484,-0.11331641159387335
feat_gbm,4.0,44,148,-2.8947146327793676,-2.620298039600635
feat_gbm,4.0,44,149,-2.674040515987382,-3.8395532227602396
feat_gbm,4.0,44,150,0.32418131277770923,-2.149698272240366
feat_gbm,4.0,44,151,-3.2754590130148533,-3.1594376779318036
feat_gbm,4.0,44,152,-1.3867323206373738,-2.7712141114581046
feat_gbm,4.0,44,153,-1.251999734873857,-1.1483368403810985
feat_gbm,4.0,44,154,-1.1297053369984127,-1.4700676700115773
feat_gbm,4.0,44,155,-0.16105798938214616,1.4088416749712322
feat_gbm,4.0,44,156,-0.6553875953321431,0.7564704220494097
feat_gbm,4.0,44,157,-1.7426512678451416,-1.7148995557963913
feat_gbm,4.0,44,158,-1.0139184324126607,-2.8595355115547196
feat_gbm,4.0,44,159,-1.5615105821529927,-0.9922400520728849
feat_gbm,4.0,44,160,0.4904876707783656,1.8585227307534937
feat_gbm,4.0,44,161,-3.002387453660101,-2.477654537850602
feat_gbm,4.0,44,162,-3.29966917560045,-2.993764039868935
feat_gbm,4.0,44,163,-3.128631767387762,-1.1722671160336509
feat_gbm,4.0,44,164,-3.015356818385424,-1.6577576086204497
feat_gbm,4.0,44,165,-1.2471027185541528,-2.9770186999323642
feat_gbm,4.0,44,166,-2.395218031289102,-3.2329952824425443
feat_gbm,4.0,44,167,-0.470945238450016,0.19550508612775644
feat_gbm,4.0,44,168,-1.3054206373019166,-1.2639642813248737
feat_gbm,4.0,44,169,-0.2975652744398767,1.4224064134580066
feat_gbm,4.0,44,170,-2.4894935039930086,-1.5303724784706008
feat_gbm,4.0,44,171,1.1588013161112183,0.6086346650572224
feat_gbm,4.0,44,172,-0.29676480673207567,-0.052232489626048526
feat_gbm,4.0,44,173,-1.162875116473135,-0.19074605880313256
feat_gbm,4.0,44,174,-1.960547957672701,-2.7678232596734214
feat_gbm,4.0,44,175,-2.258563186328461,-1.6557092188829319
feat_gbm,4.0,44,176,0.36214396018627365,0.12081831439914445
feat_gbm,4.0,44,177,-0.3523586315054389,3.7031714993021168
feat_gbm,4.0,44,178,-0.04310919944684511,-0.17761292562564054
feat_gbm,4.0,44,179,0.24103174771623972,0.2295122735959306
feat_gbm,4.0,44,180,-1.679164098717584,-1.6401012725318311
feat_gbm,4.0,44,181,-2.8833422020226807,-3.399461101549646
feat_gbm,4.0,44,182,0.8758067896107918,0.5421608664871393
feat_gbm,4.0,44,183,-1.435050929750678,-3.7858185839721776
feat_gbm,4.0,44,184,-0.07002294288377206,0.4440956773301304
feat_gbm,4.0,44,185,-1.8384451140905624,0.5450962365111649
feat_gbm,4.0,44,186,-2.639444551215793,-3.094441269353033
feat_gbm,4.0,44,187,0.033054022413844183,1.436275522654785
feat_gbm,4.0,44,188,-0.5950115423742316,-0.003208414280501246
feat_gbm,4.0,44,189,-2.968286298335055,-2.0766448721687736
feat_gbm,4.0,44,190,-2.0973372636478715,-2.887011097372245
feat_gbm,4.0,44,191,-0.48852031172025767,-0.19564387773269687
feat_gbm,4.0,44,192,-1.2390746476768395,-3.39219136175158
feat_gbm,4.0,44,193,-3.809689644547321,-4.804455114758695
feat_gbm,4.0,44,194,-1.9143437913552381,-0.23230879418151415
feat_gbm,4.0,44,195,0.8500513291576697,0.7768952289284052
feat_gbm,4.0,44,196,-3.1968931715581896,-3.0758975731441707
feat_gbm,4.0,44,197,1.1704323213739354,1.8852948766094535
feat_gbm,4.0,44,198,0.1789221195663498,-0.07474663349946693
feat_gbm,4.0,44,199,1.2389879314964096,0.9295509098669842
feat_gbm,4.0,44,200,-0.05925645372207788,0.40408761039079466
feat_gbm,4.0,44,201,-2.303728248933482,-1.0185563947000995
feat_gbm,4.0,44,202,-2.6547317914451494,-1.5812541435625456
feat_gbm,4.0,44,203,-2.5596937441117653,-2.9269603411540346
feat_gbm,4.0,44,204,-0.19797481759872432,-0.9368237022381455
feat_gbm,4.0,44,205,-1.3751633611722807,-0.771906247259438
feat_gbm,4.0,44,206,-2.2315791788775736,-1.4457766532498904
feat_gbm,4.0,44,207,-2.7551347332920098,-2.4752738768021185
feat_gbm,4.0,44,208,-0.655507303239549,-2.8789590131308262
feat_gbm,4.0,44,209,-2.0265648104500458,-2.6986856152036793
feat_gbm,4.0,44,210,0.23816481113289759,0.05837096406180189
feat_gbm,4.0,44,211,-2.9069351065966655,-2.2327070274631113
feat_gbm,4.0,44,212,-1.754262317233009,0.15758807445032513
feat_gbm,4.0,44,213,0.3135430108412968,0.5234750924970406
feat_gbm,4.0,44,214,0.40525755630532684,0.8312555987922697
feat_gbm,4.0,44,215,-2.5952885528357044,-0.7699972654610447
feat_gbm,4.0,44,216,-2.7516593079414413,-2.4368834827463726
feat_gbm,4.0,44,217,-3.087663709757011,-3.7421886443248944
feat_gbm,4.0,44,218,-1.9595392739665178,-4.3753265313120195
feat_gbm,4.0,44,219,-0.8292031704919685,0.13181597567614448
feat_gbm,4.0,44,220,-2.053524357275666,-2.150299196146146
feat_gbm,4.0,44,221,-1.4385934997413876,0.4316281043505307
feat_gbm,4.0,44,222,-0.07581049802156499,0.20581216265343685
feat_gbm,4.0,44,223,-0.7563639481536917,-1.7226779576420432
feat_gbm,4.0,44,224,-0.01755091116158968,1.0701061526100661
feat_gbm,4.0,44,225,-3.3474310179797504,-2.995983076644188
feat_gbm,4.0,44,226,0.06474207544978408,-0.39103048890459524
feat_gbm,4.0,44,227,-2.9180887320388864,-2.811377433191803
feat_gbm,4.0,44,228,0.3277643933294631,0.1103569248772952
feat_gbm,4.0,44,229,0.8972903948939077,1.0926797996732165
feat_gbm,4.0,44,230,-2.560712411780289,-1.1465469989616057
feat_gbm,4.0,44,231,-3.305141840512038,-3.7045714701961474
feat_gbm,4.0,44,232,-1.4060836511540362,-0.3205795311611984
feat_gbm,4.0,44,233,0.39584776226958684,-0.7282288274356463
feat_gbm,4.0,44,234,-0.7038727757955422,-0.6143938277881194
feat_gbm,4.0,44,235,-3.3186038702128196,-3.717493513170671
feat_gbm,4.0,44,236,-1.0312582858615706,-1.894186438607053
feat_gbm,4.0,44,237,-0.10342324771442128,0.19101892391720615
feat_gbm,4.0,44,238,-2.552792712752113,-2.723653519266766
feat_gbm,4.0,44,239,0.0896320597633926,0.28172679866345784
feat_gbm,4.0,44,240,-1.2567689824791641,-0.570916259780521
feat_gbm,4.0,44,241,-0.8939118888206666,-3.037607674189957
feat_gbm,4.0,44,242,-3.102034184844921,-2.4824067099880884
feat_gbm,4.0,44,243,-2.651600878244695,1.793244191067856
feat_gbm,4.0,44,244,-2.363885137661019,-2.170563194223024
feat_gbm,4.0,44,245,-3.2991663313253783,-2.5580286375581696
feat_gbm,4.0,44,246,-2.2735572348217086,-3.9013363177662743
feat_gbm,4.0,44,247,-1.6042495499003744,-1.2689211715035387
feat_gbm,4.0,44,248,-3.02935809963944,-2.89795980370705
feat_gbm,4.0,44,249,-1.9428921025606565,-1.149470325468549
feat_gbm,4.0,44,250,-1.691180442741926,-2.1803876537888693
feat_gbm,4.0,44,251,-1.0090486946032,-1.2010659028736028
feat_gbm,4.0,44,252,-2.5841114429687684,-2.675840590612525
feat_gbm,4.0,44,253,-2.2404295686447626,-0.865421424414132
feat_gbm,4.0,44,254,-2.0580856855581007,-0.45089388998719687
feat_gbm,4.0,44,255,-3.0197263250090565,-1.477655138121315
feat_gbm,4.0,44,256,-3.006909718788211,-1.9234128661936198
feat_gbm,4.0,44,257,-3.103333024868108,-0.8895479413744646
feat_gbm,4.0,44,258,-2.5571698736581907,-1.284701881398344
feat_gbm,4.0,44,259,-0.17798170830259577,0.03791276039075724
feat_gbm,4.0,44,260,-2.1729035093764804,-1.213907680807544
feat_gbm,4.0,44,261,-0.3582343878236634,-0.6937064881158975
feat_gbm,4.0,44,262,0.6215438285134951,-2.500344974429108
feat_gbm,4.0,44,263,-2.112217886270358,-3.0782877743164985
feat_gbm,4.0,44,264,-2.5740754561872845,-3.2702790535172426
feat_gbm,4.0,44,265,-1.4537418035478067,-0.15746453031192983
feat_gbm,4.0,44,266,-2.620621420893768,-1.3930653126164372
feat_gbm,4.0,44,267,-2.7554554600978123,-3.460520174484755
feat_gbm,4.0,44,268,-1.9876434338604112,-1.8115923421665279
feat_gbm,4.0,44,269,0.9403926540121414,-0.04785951915829837
feat_gbm,4.0,44,270,-0.9100607553076597,-1.3387838926701625
feat_gbm,4.0,44,271,-0.06150480743880524,0.6172482925771328
feat_gbm,4.0,44,272,-1.5114754524935812,0.10718580269537517
feat_gbm,4.0,44,273,-1.9489195679887394,-2.4250613993713395
feat_gbm,4.0,44,274,-1.2998262386436643,-0.4656136934058211
feat_gbm,4.0,44,275,-3.0459134561773933,-1.7679071058666047
feat_gbm,4.0,44,276,-0.6831331607623995,-0.15192249005847586
feat_gbm,4.0,44,277,-0.4106370604034341,-0.22686658439221394
feat_gbm,4.0,44,278,-0.7156643670666114,-0.3963273628232521
feat_gbm,4.0,44,279,-1.2180153788918595,-2.1916982233579314
feat_gbm,4.0,44,280,-1.4088347537556012,0.5138857123822332
feat_gbm,4.0,44,281,0.4583008052211761,0.13501120436460418
feat_gbm,4.0,44,282,0.1482287756915189,-0.35232291748203215
feat_gbm,4.0,44,283,0.6531905877686739,0.33710059568630363
feat_gbm,4.0,44,284,0.04232997242944127,2.2269494594330284
feat_gbm,4.0,44,285,-1.7959088280568352,-0.8523290277873723
feat_gbm,4.0,44,286,-0.718459344237465,0.5032694866056324
feat_gbm,4.0,44,287,-1.9949002724699083,-3.0734310124071125
feat_gbm,4.0,44,288,-2.948920484085385,-3.0969464995649485
feat_gbm,4.0,44,289,-0.1244310053102643,0.8088909840914691
feat_gbm,4.0,44,290,-2.1179674290768653,-1.710735902712342
feat_gbm,4.0,44,291,0.04711430178117709,-0.24588513525180683
feat_gbm,4.0,44,292,-2.308919055171369,-2.9910915714149957
feat_gbm,4.0,44,293,-0.06517989940849461,0.24397961438558982
feat_gbm,4.0,44,294,-0.7049592730799895,0.9827222917401395
feat_gbm,4.0,44,295,0.7276989074827187,1.5399914318848642
feat_gbm,4.0,44,296,-1.6666402054582583,-3.028104854063688
feat_gbm,4.0,44,297,-0.2274721205386834,-1.9675880903276046
feat_gbm,4.0,44,298,-0.15487614851818338,0.3882116190950413
feat_gbm,4.0,44,299,-1.3409993500731712,-0.4169590587595381
feat_gbm,4.0,44,300,-1.6632025442451421,-0.47104701624968015
feat_gbm,4.0,44,301,-1.3967140242377245,-0.5788171023402015
feat_gbm,4.0,44,302,-1.763252258728644,-3.325334912618423
feat_gbm,4.0,44,303,-1.9765311542171875,0.27214776974989446
feat_gbm,4.0,44,304,-0.4298294014625939,0.2838761456734127
feat_gbm,4.0,44,305,0.3525267317604486,0.98356576927226
feat_gbm,4.0,44,306,-3.10941950757007,-2.324804251846344
feat_gbm,4.0,44,307,-0.0479308528113009,-0.30060412365222405
feat_gbm,4.0,44,308,-3.1277234789910437,-3.5706943269006843
feat_gbm,4.0,44,309,-0.9637492348486085,0.7657986236992217
feat_gbm,4.0,44,310,-0.7730676781912034,-0.3760212383278314
feat_gbm,4.0,44,311,1.1228301373938843,0.903367601886353
feat_gbm,4.0,44,312,0.2024232146252069,0.2834145554969618
feat_gbm,4.0,44,313,0.22666631814584096,-0.8750381269167363
feat_gbm,4.0,44,314,0.3224428691713123,-0.8911054934067958
feat_gbm,4.0,44,315,0.177805774949461,0.2699623908229132
feat_gbm,4.0,44,316,-2.910207399917971,-4.034449774534175
feat_gbm,4.0,44,317,-1.041880479994182,0.7302045063515665
feat_gbm,4.0,44,318,-1.7913004977280005,-2.5264159394565007
feat_gbm,4.0,44,319,-2.7211141771198495,-3.1280680478747835
feat_gbm,4.0,44,320,-0.5347420913820126,-0.623194388118803
feat_gbm,4.0,44,321,-2.527883849403314,-4.172922463867305
feat_gbm,4.0,44,322,1.2688389557416686,1.0714029341973417
feat_gbm,4.0,44,323,-0.505771565698925,-2.5538050374755565
feat_gbm,4.0,44,324,-1.8435628076598962,-1.5310020975326282
feat_gbm,4.0,44,325,-0.08812798746524364,-0.735749980772127
feat_gbm,4.0,44,326,-0.5433690548246949,-0.5010306012352705
feat_gbm,4.0,44,327,-3.6204302085512383,-4.393123087746285
feat_gbm,4.0,44,328,-0.4127242930547573,0.6439364857563509
feat_gbm,4.0,44,329,-2.5746298427734726,-2.60760252445046
feat_gbm,4.0,44,330,0.23271735634987648,0.46983427811083467
feat_gbm,4.0,44,331,-2.96562750979841,-1.149354435920189
feat_gbm,4.0,44,332,-2.6918144595319666,-1.0961264399974935
feat_gbm,4.0,44,333,-0.09588956641708542,1.4253561556633074
feat_gbm,4.0,44,334,0.741954556059686,1.0406546288822482
feat_gbm,4.0,44,335,-0.34340598773670733,-0.1286217558512718
feat_gbm,4.0,44,336,-1.998199154198041,-1.7275974260064488
feat_gbm,4.0,44,337,-3.137296237616767,-4.535227665039715
feat_gbm,4.0,44,338,-0.21651808008099466,-1.078833843619319
feat_gbm,4.0,44,339,-2.712135626713848,-2.035297396751524
feat_gbm,4.0,44,340,-0.40066299295163615,0.4788286932125707
feat_gbm,4.0,44,341,0.18158140462280334,-0.4595082096564039
feat_gbm,4.0,44,342,-3.0933373372015915,-3.653430804591794
feat_gbm,4.0,44,343,0.3457235041307948,0.2834522663037432
feat_gbm,4.0,44,344,0.3221791012665451,-0.15984972455285287
feat_gbm,4.0,44,345,-2.1933056878466655,-3.8822970119574354
feat_gbm,4.0,44,346,-2.3723436710617474,-2.5801989990218064
feat_gbm,4.0,44,347,-2.6802002284418176,-3.2622630695286134
feat_gbm,4.0,44,348,-0.5028201981154987,-0.4894561152880944
feat_gbm,4.0,44,349,-1.6088088130638645,-3.0223552414624764
feat_gbm,4.0,44,350,0.7676634300929885,0.4215072765335228
feat_gbm,4.0,44,351,-1.3886610551837155,-1.8152752103400673
feat_gbm,4.0,44,352,0.17244085084964392,1.102263670511441
feat_gbm,4.0,44,353,-0.5694501132771764,1.4454852001466738
feat_gbm,4.0,44,354,-2.9376066503127536,-3.6770060333191017
feat_gbm,4.0,44,355,-3.203500301365741,-5.078652858832153
feat_gbm,4.0,44,356,-0.02636496049363273,0.7815322159665122
feat_gbm,4.0,44,357,-1.0188371621357635,0.6775133790495483
feat_gbm,4.0,44,358,-2.9950024145155028,-3.5163570325540956
feat_gbm,4.0,44,359,-1.579048360482226,-4.157760523739404
feat_gbm,4.0,44,360,-1.2901064821436543,-0.18386357284099003
feat_gbm,4.0,44,361,-1.2495234178844452,-4.477383009144865
feat_gbm,4.0,44,362,-1.0093698141487477,0.2909126951240761
feat_gbm,4.0,44,363,-2.2209731642665935,-3.5121531596302606
feat_gbm,4.0,44,364,-1.7917666304329771,-0.0019354464452207268
feat_gbm,4.0,44,365,-1.8396193979735822,-3.264666087597375
feat_gbm,4.0,44,366,-1.322573424870811,-1.4961090632143375
feat_gbm,4.0,44,367,-0.04524744290635336,-0.10305907560987346
feat_gbm,4.0,44,368,-0.939624593765284,0.24601275195113992
feat_gbm,4.0,44,369,-0.9772297740112971,-1.6400355118163064
feat_gbm,4.0,44,370,-1.3776421572040924,-1.5399226532969161
feat_gbm,4.0,44,371,-0.7922100989104397,-0.3336387161155974
feat_gbm,4.0,44,372,-1.9023457399057513,0.3185760540422761
feat_gbm,4.0,44,373,-1.6369512315341943,-0.30756424411789
feat_gbm,4.0,44,374,-3.3153561801201605,-3.551435429619069
feat_gbm,4.0,44,375,0.575597257738086,-0.12846918127015178
feat_gbm,4.0,44,376,0.09824263243176563,0.43413099611324796
feat_gbm,4.0,44,377,-0.8875172235202842,0.8095384731463161
feat_gbm,4.0,44,378,-0.05580729485664699,0.20303525329731625
feat_gbm,4.0,44,379,-0.17334638700036062,0.524784145223057
feat_gbm,4.0,44,380,0.19076274213195255,0.8722609808312535
feat_gbm,4.0,44,381,-0.3007569218950712,1.0190202163897197
feat_gbm,4.0,44,382,-0.6684548816279279,1.2715191268303472
feat_gbm,4.0,44,383,-2.1429218701689297,-0.13923746667536385
feat_gbm,4.0,44,384,-2.744324971243281,-1.7983983483294153
feat_gbm,4.0,44,385,-0.679849575707717,0.5606037150840157
feat_gbm,4.0,44,386,0.7643276805306203,0.6003456151224621
feat_gbm,4.0,44,387,-0.44747657835007804,1.3071718981356573
feat_gbm,4.0,44,388,-2.102565051213901,-0.19457283568776126
feat_gbm,4.0,44,389,-3.130430928813822,-0.981880356960367
feat_gbm,4.0,44,390,-0.7726268448906612,-2.628024059072158
feat_gbm,4.0,44,391,-2.260890235472325,-2.479262758098376
feat_gbm,4.0,44,392,-1.968135873391307,-2.207941629114672
feat_gbm,4.0,44,393,-2.033945374710764,-2.806586620215901
feat_gbm,4.0,44,394,-2.8178479786817596,-0.16842623590390868
feat_gbm,4.0,44,395,0.29480421891891295,0.3596423409999632
feat_gbm,4.0,44,396,-2.5367348979841378,-3.117667066362407
feat_gbm,4.0,44,397,0.5776690411622643,0.6134086288650079
feat_gbm,4.0,44,398,0.605457042798018,0.5049020087080688
feat_gbm,4.0,44,399,-2.5088731573113985,-1.0548605918119196
feat_gbm,4.0,44,400,-3.0367669674113844,-2.877676775828332
feat_gbm,4.0,44,401,1.4275099999363212,0.015654415635624343
feat_gbm,4.0,44,402,-0.11416510749146067,-0.7027824676465185
feat_gbm,4.0,44,403,0.3187643570642672,0.6733427913489138
feat_gbm,4.0,44,404,-0.9044343754507542,0.03259550049258387
feat_gbm,4.0,44,405,-2.766528884623027,-3.4179416205706223
feat_gbm,4.0,44,406,-3.4220884568915273,-1.6563158072976616
feat_gbm,4.0,44,407,-1.211205009884115,0.3281041495218151
feat_gbm,4.0,44,408,-0.9170923985671875,-1.498502430121411
feat_gbm,4.0,44,409,-1.2548974907968706,-1.5390850133499359
feat_gbm,4.0,44,410,-1.1829436546269947,-3.8769914364338094
feat_gbm,4.0,44,411,-1.3376554751812577,-1.1093409530974205
feat_gbm,4.0,44,412,-2.195524707511976,-2.1356441225652167
feat_gbm,4.0,44,413,-0.2988535013169994,0.5613925387002681
feat_gbm,4.0,44,414,-2.1697988155088703,-2.672303525149137
feat_gbm,4.0,44,415,0.8091980863107615,0.9887747910888531
feat_gbm,4.0,44,416,-3.726173421405571,-2.064740642123073
feat_gbm,4.0,44,417,-1.2799645882344413,-0.13534283366780814
feat_gbm,4.0,44,418,0.02315575188727193,0.5266566940316069
feat_gbm,4.0,44,419,-0.686827647002965,-0.7929716308762645
feat_gbm,4.0,44,420,-0.16871447519443683,0.22081989653443584
feat_gbm,4.0,44,421,-2.9291788661305045,-3.4911396429773087
feat_gbm,4.0,44,422,-1.0382197507366675,0.4691563032653497
feat_gbm,4.0,44,423,-0.2552283737165814,-0.21242164749251408
feat_gbm,4.0,44,424,-2.562849920739264,-2.0235730224261497
feat_gbm,4.0,44,425,-0.24588042427537876,0.1881042769243711
feat_gbm,4.0,44,426,-1.2001276972287758,-0.7546830882020855
feat_gbm,4.0,44,427,-2.6300194040404326,-2.004418163271322
feat_gbm,4.0,44,428,-1.1645961899411195,0.08108350485015015
feat_gbm,4.0,44,429,-2.175477786897792,-0.8958783842144782
feat_gbm,4.0,44,430,-1.5154568231564216,-0.700178367515834
feat_gbm,4.0,44,431,-1.678524491019861,-2.026447754843476
feat_gbm,4.0,44,432,-3.0825276585654247,-3.3644112924118934
feat_gbm,4.0,44,433,-2.8208286403586227,-2.4777804975332844
feat_gbm,4.0,44,434,-3.140234667907208,-3.6407879329147783
feat_gbm,4.0,44,435,0.0498615104263425,0.8140524350977956
feat_gbm,4.0,44,436,-0.5387349771360344,-0.6342245759550225
feat_gbm,4.0,44,437,-3.0504795909224014,-1.0170271575608654
feat_gbm,4.0,44,438,-2.6619937323701786,1.2058566336630974
feat_gbm,4.0,44,439,0.20141540840410993,1.04159183954478
feat_gbm,4.0,44,440,-1.3912640202963673,-0.383754051292973
feat_gbm,4.0,44,441,0.29006709777455914,0.9717849563735496
feat_gbm,4.0,44,442,0.18038567600098163,0.915394257773604
feat_gbm,4.0,44,443,-1.4575215705662254,0.17619398118278368
feat_gbm,4.0,44,444,-2.30863302574482,-2.3026142847949007
feat_gbm,4.0,44,445,-0.6620480840676924,-2.156995715227189
feat_gbm,4.0,44,446,-2.2640292568425204,-1.9647154613855007
feat_gbm,4.0,44,447,-1.8899635464055264,-1.2167428909736953
feat_gbm,4.0,44,448,-0.2990477699510183,0.371748058948411
feat_gbm,4.0,44,449,-1.7506246462587267,-3.354914600670279
feat_gbm,4.0,44,450,-0.6533239903864281,-2.0984010901330774
feat_gbm,4.0,44,451,-1.9494062947209945,-1.8411195968283314
feat_gbm,4.0,44,452,0.036593088171553656,-0.2866386615093297
feat_gbm,4.0,44,453,-2.2642193525167778,-2.1769502099219324
feat_gbm,4.0,44,454,-1.1764655719265866,0.851829112076475
feat_gbm,4.0,44,455,0.7606100906506192,-0.5174982843777256
feat_gbm,4.0,44,456,-3.2933884185771563,-3.7883351795095335
feat_gbm,4.0,44,457,-3.5790869266602408,-1.3225504843777425
feat_gbm,4.0,44,458,-0.4588499117702642,-0.6304710111145473
feat_gbm,4.0,44,459,-1.235469740304382,-2.867776928577639
feat_gbm,4.0,44,460,-1.173700414903424,-0.20106453453544149
feat_gbm,4.0,44,461,-0.16736921832349677,0.565413433251147
feat_gbm,4.0,44,462,-2.2625200873790483,0.6531860801292728
feat_gbm,4.0,44,463,-3.2357337982999477,-3.295531334571209
feat_gbm,4.0,44,464,-1.0612758520975658,-1.118951529136503
feat_gbm,4.0,44,465,-0.5430303301014915,0.08535922256033004
feat_gbm,4.0,44,466,0.3634905766332905,0.2656879386171551
feat_gbm,4.0,44,467,-1.0260656903669565,-1.0764680911985907
feat_gbm,4.0,44,468,-1.0742594801646972,2.2503813782282114
feat_gbm,4.0,44,469,-0.38851076052216504,-0.029700274932011248
feat_gbm,4.0,44,470,-3.1550304133063722,-2.1918010579584375
feat_gbm,4.0,44,471,-1.4857645884189696,-0.12537364897776127
feat_gbm,4.0,44,472,-0.4458262192542765,-1.3714574409892777
feat_gbm,4.0,44,473,-2.3103940230951543,-1.0216450817816245
feat_gbm,4.0,44,474,-1.4598736353609294,-0.8313233833759152
feat_gbm,4.0,44,475,-0.7115944799964267,-3.25243582884057
feat_gbm,4.0,44,476,0.1704104687110999,0.8737365575305754
feat_gbm,4.0,44,477,-3.549993203743791,-1.8373017486027088
feat_gbm,4.0,44,478,-2.8240500027478923,-1.909749317133085
feat_gbm,4.0,44,479,-0.5751215675924948,0.418341725137149
feat_gbm,4.0,44,480,-2.429437069963403,-2.8689304810445995
feat_gbm,4.0,44,481,-3.719554934874834,-3.9192950012633494
feat_gbm,4.0,44,482,0.7247072054371468,0.8191907452202399
feat_gbm,4.0,44,483,-2.5830534274588417,-2.7371748494528005
feat_gbm,4.0,44,484,0.7418853945074897,0.043868991079412875
feat_gbm,4.0,44,485,-0.9450668070549528,-3.9571024828402512
feat_gbm,4.0,44,486,-2.9690601031424575,-0.8286091055291892
feat_gbm,4.0,44,487,0.6957759296936998,1.1086460137612473
feat_gbm,4.0,44,488,-0.9559248352088114,-1.0899995989348372
feat_gbm,4.0,44,489,-1.5311259955130934,-2.9260181182274523
feat_gbm,4.0,44,490,-1.101579162996478,0.01778898425240747
feat_gbm,4.0,44,491,0.21731447141931953,-0.388546054063584
feat_gbm,4.0,44,492,-2.869027379791379,-0.8483910406321095
feat_gbm,4.0,44,493,-2.016387850594817,-2.4855190663855797
feat_gbm,4.0,44,494,-0.09276825782254472,-0.6027729178489412
feat_gbm,4.0,44,495,-3.8740503963551314,-1.5285925057254015
feat_gbm,4.0,44,496,0.15048425318994707,1.0092174422839322
feat_gbm,4.0,44,497,-2.455254843863582,-2.421052301727873
feat_gbm,4.0,44,498,-3.360280559838269,-3.2283141264699093
feat_gbm,4.0,44,499,-3.208404714979008,-4.907212199848568
feat_gbm,4.0,45,0,-1.1755294666072316,0.03894909458183669
feat_gbm,4.0,45,1,-2.125301252669656,-2.5052564746229193
feat_gbm,4.0,45,2,-0.266467345918771,0.6287827851917782
feat_gbm,4.0,45,3,-2.901030154244897,-3.3447289283878643
feat_gbm,4.0,45,4,0.6963672833302319,0.9694015026406426
feat_gbm,4.0,45,5,-0.9452156309500422,-2.4693709778233526
feat_gbm,4.0,45,6,0.06580500885701292,-0.2819211013310965
feat_gbm,4.0,45,7,0.03930801079362059,0.5289578846490461
feat_gbm,4.0,45,8,0.1999226160127596,0.032863622186365654
feat_gbm,4.0,45,9,0.14272720360031033,0.9352707853930591
feat_gbm,4.0,45,10,-1.3477092483610984,-1.5987558134683666
feat_gbm,4.0,45,11,-2.006781711985335,-3.2678706438993954
feat_gbm,4.0,45,12,-1.6462840642349408,-2.445380546146449
feat_gbm,4.0,45,13,-1.2842506438912267,-0.4471217519653716
feat_gbm,4.0,45,14,-0.8153601079659332,-1.8343062920535937
feat_gbm,4.0,45,15,-1.4594942055712672,-2.278287047942225
feat_gbm,4.0,45,16,-0.70057396055349,-1.113015507562239
feat_gbm,4.0,45,17,-2.1891593307666217,-1.149386040828735
feat_gbm,4.0,45,18,-1.3063824059254192,-0.4541092694382234
feat_gbm,4.0,45,19,-2.6420604981520546,-2.8798658660471284
feat_gbm,4.0,45,20,-3.6761544489898537,-3.281006200299989
feat_gbm,4.0,45,21,-2.7578176277849895,-0.7889402030111288
feat_gbm,4.0,45,22,-0.38265364037316524,-0.48114593055133975
feat_gbm,4.0,45,23,-3.109946004055272,-2.8038114998165153
feat_gbm,4.0,45,24,-3.7208787187361008,-2.6726430450531393
feat_gbm,4.0,45,25,-2.909027510004367,-3.141178249464176
feat_gbm,4.0,45,26,-2.946218916332479,-3.8612362310489847
feat_gbm,4.0,45,27,-2.1390176217437777,-3.085821277369337
feat_gbm,4.0,45,28,-3.1631017473165812,-2.1153791712035637
feat_gbm,4.0,45,29,-2.3635064602750395,-0.5854112868629942
feat_gbm,4.0,45,30,-0.4519744583030449,0.13849791927417068
feat_gbm,4.0,45,31,-1.6333431515147518,-2.779654184179668
feat_gbm,4.0,45,32,0.5105020391027734,0.9166392391011026
feat_gbm,4.0,45,33,-2.4040424266082923,-2.134444297962007
feat_gbm,4.0,45,34,0.36921775435833537,1.1224191581864646
feat_gbm,4.0,45,35,-3.2553189478716225,-2.7514680837461087
feat_gbm,4.0,45,36,-1.9335680186203812,0.7493710802437775
feat_gbm,4.0,45,37,-1.6652249457241173,-2.157600461660938
feat_gbm,4.0,45,38,-1.6713684586295692,-1.7436371170468024
feat_gbm,4.0,45,39,-0.09495401766788208,0.632388610685479
feat_gbm,4.0,45,40,-2.53170300381655,-1.5024753827969588
feat_gbm,4.0,45,41,-1.7382365918752158,-2.936018587066778
feat_gbm,4.0,45,42,-1.7549621694128814,-0.06406961406287034
feat_gbm,4.0,45,43,-0.38909055089467404,-0.43711075337934485
feat_gbm,4.0,45,44,-1.1034625086197987,0.521724778538647
feat_gbm,4.0,45,45,0.44724631574271206,-0.02881562555915001
feat_gbm,4.0,45,46,-2.2464245568888552,-2.6856700943784895
feat_gbm,4.0,45,47,-2.065652709560983,-3.3419513202228783
feat_gbm,4.0,45,48,-0.32553892159310077,-0.35240032436669677
feat_gbm,4.0,45,49,-3.3301218562307615,-4.466027560457086
feat_gbm,4.0,45,50,-2.7954257015145334,-1.2227887404747313
feat_gbm,4.0,45,51,-3.299319740155553,-4.168130875201601
feat_gbm,4.0,45,52,-0.5134285192804467,-2.1825653069440887
feat_gbm,4.0,45,53,-3.090386030142097,-2.816977102698189
feat_gbm,4.0,45,54,0.12695525105761407,-0.9520374156321785
feat_gbm,4.0,45,55,0.7641544314600819,0.800460094219776
feat_gbm,4.0,45,56,0.4855345392456604,0.2782562560211116
feat_gbm,4.0,45,57,-0.315813212430078,-0.7855200046266205
feat_gbm,4.0,45,58,-3.5925984755994054,-2.837973637743256
feat_gbm,4.0,45,59,-2.178028321101748,0.3653424354755994
feat_gbm,4.0,45,60,-1.4274825941908007,-3.145987746693799
feat_gbm,4.0,45,61,-2.6797918333123874,-2.1381844357326614
feat_gbm,4.0,45,62,-2.256014351864815,0.3908315550690521
feat_gbm,4.0,45,63,-3.053481064341995,-3.259739876316779
feat_gbm,4.0,45,64,-2.1538215544423043,-3.799325775609258
feat_gbm,4.0,45,65,-2.5396551621080357,0.2842997557356093
feat_gbm,4.0,45,66,0.34371014346428175,0.9099380077885143
feat_gbm,4.0,45,67,0.15994066351869393,0.5741223235018287
feat_gbm,4.0,45,68,0.39065304653542915,1.3807263582335993
feat_gbm,4.0,45,69,-0.4299666859494587,2.7357387204405055
feat_gbm,4.0,45,70,0.365190452185141,-0.3782017485149665
feat_gbm,4.0,45,71,-1.538231587879034,-0.6946521973220513
feat_gbm,4.0,45,72,-2.6578465311984956,-3.510295151868067
feat_gbm,4.0,45,73,-1.2517307436179677,-0.3643686170400702
feat_gbm,4.0,45,74,0.4259093436850798,1.1835884152793859
feat_gbm,4.0,45,75,-0.22315423499823464,-0.38644824542838596
feat_gbm,4.0,45,76,-0.35934666713533,0.7005004452467647
feat_gbm,4.0,45,77,-0.682511278301005,0.3770911051312199
feat_gbm,4.0,45,78,-0.07126370450276846,-0.5374783823521183
feat_gbm,4.0,45,79,-3.078845778551975,-3.2499450611549854
feat_gbm,4.0,45,80,-2.707776795331835,-1.719925172279684
feat_gbm,4.0,45,81,0.2252299688560081,1.8185710395242058
feat_gbm,4.0,45,82,-0.29336019492901344,-1.0758778979961314
feat_gbm,4.0,45,83,-0.7600973488914465,-0.8033140510569362
feat_gbm,4.0,45,84,-2.1745301313295293,-2.0837035815006346
feat_gbm,4.0,45,85,-2.7080722587295747,-1.2430797823904942
feat_gbm,4.0,45,86,0.15944283037236237,0.639317965424242
feat_gbm,4.0,45,87,-1.1689623944995526,-0.02321591952008587
feat_gbm,4.0,45,88,-2.4395733256379413,-3.512086916650174
feat_gbm,4.0,45,89,-1.5798159908024452,-1.684363733317816
feat_gbm,4.0,45,90,-2.3311462109517493,-3.5341996208099964
feat_gbm,4.0,45,91,0.2801691482023414,1.1574629997660548
feat_gbm,4.0,45,92,-1.3551598450620645,-0.7651863719989663
feat_gbm,4.0,45,93,-2.361482468917057,-5.7708125015304885
feat_gbm,4.0,45,94,-0.0990999012509649,0.07374698385127064
feat_gbm,4.0,45,95,-1.721170239360073,1.201566413592891
feat_gbm,4.0,45,96,-2.0786601410558228,1.2655480006709303
feat_gbm,4.0,45,97,-2.4082954023282714,-3.2217777708537843
feat_gbm,4.0,45,98,-1.833647545770332,-1.2120387208328698
feat_gbm,4.0,45,99,-0.04739375713437819,-0.04015373686183237
feat_gbm,4.0,45,100,-3.4612467003236707,-2.8384481914339785
feat_gbm,4.0,45,101,-2.796856850071558,-3.541068619782685
feat_gbm,4.0,45,102,-2.826848348233287,-4.424727465058162
feat_gbm,4.0,45,103,-1.0511075204286908,-0.7652009130347144
feat_gbm,4.0,45,104,-1.5636692329009307,-0.406664655497914
feat_gbm,4.0,45,105,-2.186654666199992,-2.8019031633754246
feat_gbm,4.0,45,106,-2.5804019106915757,-1.1978192780958505
feat_gbm,4.0,45,107,-1.9952352400226265,-1.2497822804421463
feat_gbm,4.0,45,108,-0.4971625181617252,-0.2003702404752673
feat_gbm,4.0,45,109,-2.5431380413561637,-0.28745536208379296
feat_gbm,4.0,45,110,-0.3269695822090649,0.2838469771831524
feat_gbm,4.0,45,111,-1.0630541275584444,0.6579850926301614
feat_gbm,4.0,45,112,0.4050430034354961,-0.4279263804064609
feat_gbm,4.0,45,113,-0.11357216802924254,0.527327823801956
feat_gbm,4.0,45,114,-2.275537162080147,-3.652947895428966
feat_gbm,4.0,45,115,-1.5735996343732221,-0.04287987221360797
feat_gbm,4.0,45,116,-2.669786442153186,-3.4409421360670214
feat_gbm,4.0,45,117,-3.002928564300306,-2.4284095097884006
feat_gbm,4.0,45,118,-2.744112019418296,-1.419217075367618
feat_gbm,4.0,45,119,-0.9118546862365069,-1.4944271796191557
feat_gbm,4.0,45,120,-3.220261287483147,-2.797137626437216
feat_gbm,4.0,45,121,0.27601783482434206,3.1321125804877905
feat_gbm,4.0,45,122,-0.08311916502355601,-3.164895556438051
feat_gbm,4.0,45,123,0.031049138358049014,-0.021234684620174846
feat_gbm,4.0,45,124,-0.5284453678111487,-1.246001114532972
feat_gbm,4.0,45,125,-2.358758699133286,-2.7130193085566443
feat_gbm,4.0,45,126,-0.06278019117650806,-2.0560780011130944
feat_gbm,4.0,45,127,-3.261028062615342,-1.631222331554067
feat_gbm,4.0,45,128,-0.8588045721967927,-3.477307725783656
feat_gbm,4.0,45,129,-1.2605352066198994,1.7007542891568868
feat_gbm,4.0,45,130,-0.8393935696048516,-3.4021624962570822
feat_gbm,4.0,45,131,-2.9075934092307336,-3.701149444421242
feat_gbm,4.0,45,132,-1.702563924114772,-0.4116741376471012
feat_gbm,4.0,45,133,-1.4526165083996538,-0.5680375850475197
feat_gbm,4.0,45,134,-2.243953950103782,-1.4788189923590598
feat_gbm,4.0,45,135,-2.463019110183411,-2.9896549957503007
feat_gbm,4.0,45,136,0.04778999960447275,0.11194117436713467
feat_gbm,4.0,45,137,-0.15347388077076204,1.7147062893715772
feat_gbm,4.0,45,138,-2.223268749471698,-1.9709125209383296
feat_gbm,4.0,45,139,-1.0168931812201647,0.19937477723826902
feat_gbm,4.0,45,140,-3.431792734980524,-2.8223726616431475
feat_gbm,4.0,45,141,-0.5978618657757371,-0.12380828599000025
feat_gbm,4.0,45,142,-1.3632823548527166,-2.97521232911642
feat_gbm,4.0,45,143,-2.418847832423494,-1.9484557479617686
feat_gbm,4.0,45,144,-0.1373532319502227,1.244093655886106
feat_gbm,4.0,45,145,-0.613078638453997,-2.0280859266176816
feat_gbm,4.0,45,146,-3.0414597384966293,-2.0754073031653366
feat_gbm,4.0,45,147,0.05226314000693982,-0.11331641159387335
feat_gbm,4.0,45,148,-2.9454387268716604,-2.620298039600635
feat_gbm,4.0,45,149,-3.0184299333410296,-3.8395532227602396
feat_gbm,4.0,45,150,0.40081222840555636,-2.149698272240366
feat_gbm,4.0,45,151,-3.1860257039724713,-3.1594376779318036
feat_gbm,4.0,45,152,-1.6847013394903254,-2.7712141114581046
feat_gbm,4.0,45,153,-0.9804970088548746,-1.1483368403810985
feat_gbm,4.0,45,154,-1.2628192114533072,-1.4700676700115773
feat_gbm,4.0,45,155,0.0023011867233459714,1.4088416749712322
feat_gbm,4.0,45,156,-0.5278693592579936,0.7564704220494097
feat_gbm,4.0,45,157,-1.5753711750161141,-1.7148995557963913
feat_gbm,4.0,45,158,-0.5120184377206091,-2.8595355115547196
feat_gbm,4.0,45,159,-1.7872496261012318,-0.9922400520728849
feat_gbm,4.0,45,160,0.5960676720288944,1.8585227307534937
feat_gbm,4.0,45,161,-3.025578861080944,-2.477654537850602
feat_gbm,4.0,45,162,-3.1454113940837005,-2.993764039868935
feat_gbm,4.0,45,163,-3.3089658908261765,-1.1722671160336509
feat_gbm,4.0,45,164,-2.9218277590237127,-1.6577576086204497
feat_gbm,4.0,45,165,-1.7076685840019619,-2.9770186999323642
feat_gbm,4.0,45,166,-2.389522817316867,-3.2329952824425443
feat_gbm,4.0,45,167,-0.6333108930768119,0.19550508612775644
feat_gbm,4.0,45,168,-1.4626375518117158,-1.2639642813248737
feat_gbm,4.0,45,169,-0.21279144790922153,1.4224064134580066
feat_gbm,4.0,45,170,-2.5362605719175115,-1.5303724784706008
feat_gbm,4.0,45,171,0.9299866677072303,0.6086346650572224
feat_gbm,4.0,45,172,-0.05962166125130184,-0.052232489626048526
feat_gbm,4.0,45,173,-0.7693235599357178,-0.19074605880313256
feat_gbm,4.0,45,174,-2.1409404160673153,-2.7678232596734214
feat_gbm,4.0,45,175,-2.0196046489284103,-1.6557092188829319
feat_gbm,4.0,45,176,0.36046527485789803,0.12081831439914445
feat_gbm,4.0,45,177,-1.011918500448269,3.7031714993021168
feat_gbm,4.0,45,178,-0.33289903274873567,-0.17761292562564054
feat_gbm,4.0,45,179,0.03428736263251378,0.2295122735959306
feat_gbm,4.0,45,180,-1.7141640365801436,-1.6401012725318311
feat_gbm,4.0,45,181,-3.030264482755576,-3.399461101549646
feat_gbm,4.0,45,182,0.6167249975388777,0.5421608664871393
feat_gbm,4.0,45,183,-1.187583746432247,-3.7858185839721776
feat_gbm,4.0,45,184,0.06591408838144505,0.4440956773301304
feat_gbm,4.0,45,185,-1.62898217826609,0.5450962365111649
feat_gbm,4.0,45,186,-2.706654960223283,-3.094441269353033
feat_gbm,4.0,45,187,-0.10479122413525284,1.436275522654785
feat_gbm,4.0,45,188,-0.5365120260642848,-0.003208414280501246
feat_gbm,4.0,45,189,-2.898349992514962,-2.0766448721687736
feat_gbm,4.0,45,190,-1.8571276569375488,-2.887011097372245
feat_gbm,4.0,45,191,-1.2887851654812164,-0.19564387773269687
feat_gbm,4.0,45,192,-1.3870336574864959,-3.39219136175158
feat_gbm,4.0,45,193,-3.8681288577461848,-4.804455114758695
feat_gbm,4.0,45,194,-1.922714420775498,-0.23230879418151415
feat_gbm,4.0,45,195,0.8378838878914827,0.7768952289284052
feat_gbm,4.0,45,196,-3.0513732281186052,-3.0758975731441707
feat_gbm,4.0,45,197,1.105476829082246,1.8852948766094535
feat_gbm,4.0,45,198,0.12492200402213002,-0.07474663349946693
feat_gbm,4.0,45,199,1.3167139187105095,0.9295509098669842
feat_gbm,4.0,45,200,-0.12018799848684887,0.40408761039079466
feat_gbm,4.0,45,201,-2.0896307572156227,-1.0185563947000995
feat_gbm,4.0,45,202,-2.62889553347224,-1.5812541435625456
feat_gbm,4.0,45,203,-2.65159608617575,-2.9269603411540346
feat_gbm,4.0,45,204,-0.12380230480195116,-0.9368237022381455
feat_gbm,4.0,45,205,-1.3038238017705126,-0.771906247259438
feat_gbm,4.0,45,206,-2.3227133210107143,-1.4457766532498904
feat_gbm,4.0,45,207,-2.8772425779345796,-2.4752738768021185
feat_gbm,4.0,45,208,-1.261359408864623,-2.8789590131308262
feat_gbm,4.0,45,209,-2.145032839824511,-2.6986856152036793
feat_gbm,4.0,45,210,0.2738795028586506,0.05837096406180189
feat_gbm,4.0,45,211,-3.137214816550908,-2.2327070274631113
feat_gbm,4.0,45,212,-1.7046296299169674,0.15758807445032513
feat_gbm,4.0,45,213,0.31507277000185896,0.5234750924970406
feat_gbm,4.0,45,214,-0.14609810125543923,0.8312555987922697
feat_gbm,4.0,45,215,-2.743662043075843,-0.7699972654610447
feat_gbm,4.0,45,216,-2.966896944446953,-2.4368834827463726
feat_gbm,4.0,45,217,-3.119888084282664,-3.7421886443248944
feat_gbm,4.0,45,218,-1.7952801494489243,-4.3753265313120195
feat_gbm,4.0,45,219,-0.8415719795784323,0.13181597567614448
feat_gbm,4.0,45,220,-1.9319084079813518,-2.150299196146146
feat_gbm,4.0,45,221,-1.6202983086134892,0.4316281043505307
feat_gbm,4.0,45,222,-0.026284906340595857,0.20581216265343685
feat_gbm,4.0,45,223,-0.781026346343942,-1.7226779576420432
feat_gbm,4.0,45,224,-0.03776985399252789,1.0701061526100661
feat_gbm,4.0,45,225,-3.3113122228058027,-2.995983076644188
feat_gbm,4.0,45,226,0.09189781453908281,-0.39103048890459524
feat_gbm,4.0,45,227,-2.9885197051222403,-2.811377433191803
feat_gbm,4.0,45,228,0.18608250604715937,0.1103569248772952
feat_gbm,4.0,45,229,0.420279378571279,1.0926797996732165
feat_gbm,4.0,45,230,-2.7557494646993654,-1.1465469989616057
feat_gbm,4.0,45,231,-3.2007365832019334,-3.7045714701961474
feat_gbm,4.0,45,232,-1.3750438756990253,-0.3205795311611984
feat_gbm,4.0,45,233,0.09368233603268245,-0.7282288274356463
feat_gbm,4.0,45,234,-0.10280460867664627,-0.6143938277881194
feat_gbm,4.0,45,235,-3.4608771426963085,-3.717493513170671
feat_gbm,4.0,45,236,-1.2013940600338204,-1.894186438607053
feat_gbm,4.0,45,237,-0.16323711616126318,0.19101892391720615
feat_gbm,4.0,45,238,-2.768641106432716,-2.723653519266766
feat_gbm,4.0,45,239,-0.24474012963385414,0.28172679866345784
feat_gbm,4.0,45,240,-1.3341775732055805,-0.570916259780521
feat_gbm,4.0,45,241,-0.909691605089135,-3.037607674189957
feat_gbm,4.0,45,242,-2.9533807730001804,-2.4824067099880884
feat_gbm,4.0,45,243,-2.513469149684196,1.793244191067856
feat_gbm,4.0,45,244,-2.386779483967484,-2.170563194223024
feat_gbm,4.0,45,245,-3.423468659378862,-2.5580286375581696
feat_gbm,4.0,45,246,-2.2812047147451313,-3.9013363177662743
feat_gbm,4.0,45,247,-2.042370188962867,-1.2689211715035387
feat_gbm,4.0,45,248,-2.866500052764063,-2.89795980370705
feat_gbm,4.0,45,249,-2.2641893358292546,-1.149470325468549
feat_gbm,4.0,45,250,-1.5282323114791625,-2.1803876537888693
feat_gbm,4.0,45,251,-1.3841932003296675,-1.2010659028736028
feat_gbm,4.0,45,252,-2.759179541369092,-2.675840590612525
feat_gbm,4.0,45,253,-2.561825494854286,-0.865421424414132
feat_gbm,4.0,45,254,-2.507279770111291,-0.45089388998719687
feat_gbm,4.0,45,255,-2.961290367862613,-1.477655138121315
feat_gbm,4.0,45,256,-3.0078588581143233,-1.9234128661936198
feat_gbm,4.0,45,257,-2.7944280626871643,-0.8895479413744646
feat_gbm,4.0,45,258,-2.416739860045928,-1.284701881398344
feat_gbm,4.0,45,259,-0.15400175227138913,0.03791276039075724
feat_gbm,4.0,45,260,-2.547296320757863,-1.213907680807544
feat_gbm,4.0,45,261,-0.12232360277390317,-0.6937064881158975
feat_gbm,4.0,45,262,0.5303632925896479,-2.500344974429108
feat_gbm,4.0,45,263,-2.299010838903623,-3.0782877743164985
feat_gbm,4.0,45,264,-2.718842257157726,-3.2702790535172426
feat_gbm,4.0,45,265,-1.0308580077013711,-0.15746453031192983
feat_gbm,4.0,45,266,-2.6500976468655963,-1.3930653126164372
feat_gbm,4.0,45,267,-2.816075667735522,-3.460520174484755
feat_gbm,4.0,45,268,-2.120530452891051,-1.8115923421665279
feat_gbm,4.0,45,269,0.7250418950418565,-0.04785951915829837
feat_gbm,4.0,45,270,-0.971474275716191,-1.3387838926701625
feat_gbm,4.0,45,271,-0.11081737934701928,0.6172482925771328
feat_gbm,4.0,45,272,-0.9485087061008182,0.10718580269537517
feat_gbm,4.0,45,273,-2.0250607994154946,-2.4250613993713395
feat_gbm,4.0,45,274,-1.886670086555044,-0.4656136934058211
feat_gbm,4.0,45,275,-2.9841113196350246,-1.7679071058666047
feat_gbm,4.0,45,276,-1.0650869116239452,-0.15192249005847586
feat_gbm,4.0,45,277,-0.45361651929302194,-0.22686658439221394
feat_gbm,4.0,45,278,-0.12668245104937048,-0.3963273628232521
feat_gbm,4.0,45,279,-1.3375125337354867,-2.1916982233579314
feat_gbm,4.0,45,280,-1.753238374691599,0.5138857123822332
feat_gbm,4.0,45,281,0.2307477823972818,0.13501120436460418
feat_gbm,4.0,45,282,0.2325079843354447,-0.35232291748203215
feat_gbm,4.0,45,283,0.25420350688494636,0.33710059568630363
feat_gbm,4.0,45,284,-0.44323154212960963,2.2269494594330284
feat_gbm,4.0,45,285,-2.0764118971733048,-0.8523290277873723
feat_gbm,4.0,45,286,-0.6786617722712522,0.5032694866056324
feat_gbm,4.0,45,287,-1.9156207201498647,-3.0734310124071125
feat_gbm,4.0,45,288,-3.0006041743080933,-3.0969464995649485
feat_gbm,4.0,45,289,-0.15261557860736624,0.8088909840914691
feat_gbm,4.0,45,290,-2.422303325867563,-1.710735902712342
feat_gbm,4.0,45,291,-0.1083085738544823,-0.24588513525180683
feat_gbm,4.0,45,292,-2.492902507743892,-2.9910915714149957
feat_gbm,4.0,45,293,-0.156502902690808,0.24397961438558982
feat_gbm,4.0,45,294,-0.38858018735959565,0.9827222917401395
feat_gbm,4.0,45,295,0.6697353238471787,1.5399914318848642
feat_gbm,4.0,45,296,-2.0222064329041474,-3.028104854063688
feat_gbm,4.0,45,297,-0.8412218069483464,-1.9675880903276046
feat_gbm,4.0,45,298,-0.31084568924513883,0.3882116190950413
feat_gbm,4.0,45,299,-1.0036515655802112,-0.4169590587595381
feat_gbm,4.0,45,300,-1.7453503749003871,-0.47104701624968015
feat_gbm,4.0,45,301,-1.4510208250710255,-0.5788171023402015
feat_gbm,4.0,45,302,-1.7955590324332944,-3.325334912618423
feat_gbm,4.0,45,303,-2.004444173597664,0.27214776974989446
feat_gbm,4.0,45,304,-0.46593417459385106,0.2838761456734127
feat_gbm,4.0,45,305,0.29775023513046267,0.98356576927226
feat_gbm,4.0,45,306,-3.046288845738528,-2.324804251846344
feat_gbm,4.0,45,307,-0.01740929156172398,-0.30060412365222405
feat_gbm,4.0,45,308,-3.330411809012509,-3.5706943269006843
feat_gbm,4.0,45,309,-1.0938448394482656,0.7657986236992217
feat_gbm,4.0,45,310,-0.6784541309002818,-0.3760212383278314
feat_gbm,4.0,45,311,0.8662610704258976,0.903367601886353
feat_gbm,4.0,45,312,-0.32392286018386984,0.2834145554969618
feat_gbm,4.0,45,313,0.18465204754197725,-0.8750381269167363
feat_gbm,4.0,45,314,0.06169573189153212,-0.8911054934067958
feat_gbm,4.0,45,315,-0.06020525459202909,0.2699623908229132
feat_gbm,4.0,45,316,-3.0856949134463236,-4.034449774534175
feat_gbm,4.0,45,317,-1.0916221059779818,0.7302045063515665
feat_gbm,4.0,45,318,-1.9571370540315682,-2.5264159394565007
feat_gbm,4.0,45,319,-2.078827565436535,-3.1280680478747835
feat_gbm,4.0,45,320,-1.0044591138826588,-0.623194388118803
feat_gbm,4.0,45,321,-2.597269779395562,-4.172922463867305
feat_gbm,4.0,45,322,1.273496605073499,1.0714029341973417
feat_gbm,4.0,45,323,-0.31577118124771203,-2.5538050374755565
feat_gbm,4.0,45,324,-1.9297934851368008,-1.5310020975326282
feat_gbm,4.0,45,325,-0.04338505847902237,-0.735749980772127
feat_gbm,4.0,45,326,-0.4416106891958708,-0.5010306012352705
feat_gbm,4.0,45,327,-3.6142026710934174,-4.393123087746285
feat_gbm,4.0,45,328,-1.0884248205650437,0.6439364857563509
feat_gbm,4.0,45,329,-2.4231736750442714,-2.60760252445046
feat_gbm,4.0,45,330,0.15693585505498134,0.46983427811083467
feat_gbm,4.0,45,331,-3.052010034379671,-1.149354435920189
feat_gbm,4.0,45,332,-2.83487491536248,-1.0961264399974935
feat_gbm,4.0,45,333,-0.01656263992902429,1.4253561556633074
feat_gbm,4.0,45,334,0.518383247681595,1.0406546288822482
feat_gbm,4.0,45,335,0.0720586110472917,-0.1286217558512718
feat_gbm,4.0,45,336,-2.1002722271699246,-1.7275974260064488
feat_gbm,4.0,45,337,-3.2040409167058286,-4.535227665039715
feat_gbm,4.0,45,338,-0.10155421141761176,-1.078833843619319
feat_gbm,4.0,45,339,-3.0301397043092937,-2.035297396751524
feat_gbm,4.0,45,340,-0.38255022230097335,0.4788286932125707
feat_gbm,4.0,45,341,-0.037658544738327845,-0.4595082096564039
feat_gbm,4.0,45,342,-3.0962962317458738,-3.653430804591794
feat_gbm,4.0,45,343,0.3676236226219173,0.2834522663037432
feat_gbm,4.0,45,344,0.5245591343694735,-0.15984972455285287
feat_gbm,4.0,45,345,-2.1400487707827462,-3.8822970119574354
feat_gbm,4.0,45,346,-2.4575286304304518,-2.5801989990218064
feat_gbm,4.0,45,347,-2.82860504745446,-3.2622630695286134
feat_gbm,4.0,45,348,-0.5545027698577767,-0.4894561152880944
feat_gbm,4.0,45,349,-1.3796538335486017,-3.0223552414624764
feat_gbm,4.0,45,350,0.14050980976572194,0.4215072765335228
feat_gbm,4.0,45,351,-1.6389851388463335,-1.8152752103400673
feat_gbm,4.0,45,352,0.07184377032886936,1.102263670511441
feat_gbm,4.0,45,353,-0.7971509525153075,1.4454852001466738
feat_gbm,4.0,45,354,-3.018207954173833,-3.6770060333191017
feat_gbm,4.0,45,355,-3.3000298633398613,-5.078652858832153
feat_gbm,4.0,45,356,-0.022605075775282025,0.7815322159665122
feat_gbm,4.0,45,357,-1.4527989975028677,0.6775133790495483
feat_gbm,4.0,45,358,-3.1707113657035677,-3.5163570325540956
feat_gbm,4.0,45,359,-1.5716025959781297,-4.157760523739404
feat_gbm,4.0,45,360,-1.408918384357829,-0.18386357284099003
feat_gbm,4.0,45,361,-1.8258059929997918,-4.477383009144865
feat_gbm,4.0,45,362,-1.3221890678933623,0.2909126951240761
feat_gbm,4.0,45,363,-2.0730602607894344,-3.5121531596302606
feat_gbm,4.0,45,364,-2.215042193052645,-0.0019354464452207268
feat_gbm,4.0,45,365,-2.3142724526855467,-3.264666087597375
feat_gbm,4.0,45,366,-1.4488948618742281,-1.4961090632143375
feat_gbm,4.0,45,367,-0.20964151907244885,-0.10305907560987346
feat_gbm,4.0,45,368,-0.8138334934699305,0.24601275195113992
feat_gbm,4.0,45,369,-1.2356743434509647,-1.6400355118163064
feat_gbm,4.0,45,370,-1.4731801544554426,-1.5399226532969161
feat_gbm,4.0,45,371,-0.8120076458563972,-0.3336387161155974
feat_gbm,4.0,45,372,-1.810621998230952,0.3185760540422761
feat_gbm,4.0,45,373,-1.232333219108635,-0.30756424411789
feat_gbm,4.0,45,374,-3.3138874806746554,-3.551435429619069
feat_gbm,4.0,45,375,0.582539587386335,-0.12846918127015178
feat_gbm,4.0,45,376,0.28519858992759345,0.43413099611324796
feat_gbm,4.0,45,377,-0.7931418364098348,0.8095384731463161
feat_gbm,4.0,45,378,-0.11819282808341736,0.20303525329731625
feat_gbm,4.0,45,379,-0.26407258703802694,0.524784145223057
feat_gbm,4.0,45,380,-0.08094282625761856,0.8722609808312535
feat_gbm,4.0,45,381,-0.43669928386005036,1.0190202163897197
feat_gbm,4.0,45,382,-0.484466741737011,1.2715191268303472
feat_gbm,4.0,45,383,-2.159225626707869,-0.13923746667536385
feat_gbm,4.0,45,384,-2.4979617438313904,-1.7983983483294153
feat_gbm,4.0,45,385,-0.4524233210028249,0.5606037150840157
feat_gbm,4.0,45,386,0.7099936185204361,0.6003456151224621
feat_gbm,4.0,45,387,-0.8423848280664876,1.3071718981356573
feat_gbm,4.0,45,388,-2.264059125800441,-0.19457283568776126
feat_gbm,4.0,45,389,-2.8278024082882456,-0.981880356960367
feat_gbm,4.0,45,390,-0.9225317300120954,-2.628024059072158
feat_gbm,4.0,45,391,-2.3849263972737536,-2.479262758098376
feat_gbm,4.0,45,392,-2.1026956659609155,-2.207941629114672
feat_gbm,4.0,45,393,-2.1650223767928947,-2.806586620215901
feat_gbm,4.0,45,394,-2.3794187468326697,-0.16842623590390868
feat_gbm,4.0,45,395,0.3727518116700948,0.3596423409999632
feat_gbm,4.0,45,396,-2.895373575186891,-3.117667066362407
feat_gbm,4.0,45,397,0.4785378053454784,0.6134086288650079
feat_gbm,4.0,45,398,0.36601876225584523,0.5049020087080688
feat_gbm,4.0,45,399,-2.5627368994761546,-1.0548605918119196
feat_gbm,4.0,45,400,-3.09898766930267,-2.877676775828332
feat_gbm,4.0,45,401,1.0880650134082652,0.015654415635624343
feat_gbm,4.0,45,402,-0.12341146011296213,-0.7027824676465185
feat_gbm,4.0,45,403,0.14839705396885117,0.6733427913489138
feat_gbm,4.0,45,404,-1.1881932482570927,0.03259550049258387
feat_gbm,4.0,45,405,-2.7730752299695043,-3.4179416205706223
feat_gbm,4.0,45,406,-3.240951903458594,-1.6563158072976616
feat_gbm,4.0,45,407,-1.3742603707823946,0.3281041495218151
feat_gbm,4.0,45,408,-0.8352015667175351,-1.498502430121411
feat_gbm,4.0,45,409,-1.5514909512014017,-1.5390850133499359
feat_gbm,4.0,45,410,-1.0243096600082908,-3.8769914364338094
feat_gbm,4.0,45,411,-1.8293416270192258,-1.1093409530974205
feat_gbm,4.0,45,412,-2.2293424885876663,-2.1356441225652167
feat_gbm,4.0,45,413,-0.3869458871741976,0.5613925387002681
feat_gbm,4.0,45,414,-2.371769707264196,-2.672303525149137
feat_gbm,4.0,45,415,0.22907692296052984,0.9887747910888531
feat_gbm,4.0,45,416,-3.816580659918691,-2.064740642123073
feat_gbm,4.0,45,417,-1.1133543853434957,-0.13534283366780814
feat_gbm,4.0,45,418,-0.230444833056992,0.5266566940316069
feat_gbm,4.0,45,419,-0.8354784469947816,-0.7929716308762645
feat_gbm,4.0,45,420,-0.056105883370456466,0.22081989653443584
feat_gbm,4.0,45,421,-2.964523934236601,-3.4911396429773087
feat_gbm,4.0,45,422,-0.6915993169754435,0.4691563032653497
feat_gbm,4.0,45,423,-0.3777215164540463,-0.21242164749251408
feat_gbm,4.0,45,424,-2.5439524697794598,-2.0235730224261497
feat_gbm,4.0,45,425,-0.41864384533377375,0.1881042769243711
feat_gbm,4.0,45,426,-1.0011827242962554,-0.7546830882020855
feat_gbm,4.0,45,427,-2.556814502147577,-2.004418163271322
feat_gbm,4.0,45,428,-1.0612228440659865,0.08108350485015015
feat_gbm,4.0,45,429,-2.2307269449849767,-0.8958783842144782
feat_gbm,4.0,45,430,-1.4295287927521192,-0.700178367515834
feat_gbm,4.0,45,431,-1.60994182519452,-2.026447754843476
feat_gbm,4.0,45,432,-3.158950914954917,-3.3644112924118934
feat_gbm,4.0,45,433,-3.0656568088865566,-2.4777804975332844
feat_gbm,4.0,45,434,-3.0534563682107163,-3.6407879329147783
feat_gbm,4.0,45,435,-0.1679420668290929,0.8140524350977956
feat_gbm,4.0,45,436,-0.48437946529957454,-0.6342245759550225
feat_gbm,4.0,45,437,-2.769584508544027,-1.0170271575608654
feat_gbm,4.0,45,438,-2.5402878916863876,1.2058566336630974
feat_gbm,4.0,45,439,0.22090313357295696,1.04159183954478
feat_gbm,4.0,45,440,-1.6660435654348094,-0.383754051292973
feat_gbm,4.0,45,441,0.2678103673259172,0.9717849563735496
feat_gbm,4.0,45,442,-0.1219635308084839,0.915394257773604
feat_gbm,4.0,45,443,-1.1202325104485604,0.17619398118278368
feat_gbm,4.0,45,444,-2.4852910667489416,-2.3026142847949007
feat_gbm,4.0,45,445,-0.6334943734214894,-2.156995715227189
feat_gbm,4.0,45,446,-2.2783889086514315,-1.9647154613855007
feat_gbm,4.0,45,447,-1.9334662792168176,-1.2167428909736953
feat_gbm,4.0,45,448,-0.44695760073330976,0.371748058948411
feat_gbm,4.0,45,449,-1.5146717193342043,-3.354914600670279
feat_gbm,4.0,45,450,-0.3765878448998463,-2.0984010901330774
feat_gbm,4.0,45,451,-2.371169529378185,-1.8411195968283314
feat_gbm,4.0,45,452,0.16315619834214123,-0.2866386615093297
feat_gbm,4.0,45,453,-2.401553875303619,-2.1769502099219324
feat_gbm,4.0,45,454,-1.348178847910625,0.851829112076475
feat_gbm,4.0,45,455,0.8603320315549138,-0.5174982843777256
feat_gbm,4.0,45,456,-3.2065067737260566,-3.7883351795095335
feat_gbm,4.0,45,457,-3.3519326243696135,-1.3225504843777425
feat_gbm,4.0,45,458,-0.34397192066726434,-0.6304710111145473
feat_gbm,4.0,45,459,-1.5793395449793062,-2.867776928577639
feat_gbm,4.0,45,460,-1.2335958584577802,-0.20106453453544149
feat_gbm,4.0,45,461,-0.10834195160412396,0.565413433251147
feat_gbm,4.0,45,462,-2.1979901421049663,0.6531860801292728
feat_gbm,4.0,45,463,-3.385635294906456,-3.295531334571209
feat_gbm,4.0,45,464,-1.2074504471058556,-1.118951529136503
feat_gbm,4.0,45,465,-0.5814401470596273,0.08535922256033004
feat_gbm,4.0,45,466,0.3539137560732401,0.2656879386171551
feat_gbm,4.0,45,467,-1.2212523498072179,-1.0764680911985907
feat_gbm,4.0,45,468,-0.41036822172911874,2.2503813782282114
feat_gbm,4.0,45,469,-0.21098413762993143,-0.029700274932011248
feat_gbm,4.0,45,470,-3.113906780689163,-2.1918010579584375
feat_gbm,4.0,45,471,-1.2273361384454107,-0.12537364897776127
feat_gbm,4.0,45,472,-0.43614148863367813,-1.3714574409892777
feat_gbm,4.0,45,473,-2.0658648110352162,-1.0216450817816245
feat_gbm,4.0,45,474,-1.5123976835276431,-0.8313233833759152
feat_gbm,4.0,45,475,-0.9236430429321788,-3.25243582884057
feat_gbm,4.0,45,476,0.0074257327926250845,0.8737365575305754
feat_gbm,4.0,45,477,-3.468186356144917,-1.8373017486027088
feat_gbm,4.0,45,478,-3.0025647336830725,-1.909749317133085
feat_gbm,4.0,45,479,-0.5431261983953486,0.418341725137149
feat_gbm,4.0,45,480,-3.1109110904976625,-2.8689304810445995
feat_gbm,4.0,45,481,-4.066218056337467,-3.9192950012633494
feat_gbm,4.0,45,482,0.7203293848127208,0.8191907452202399
feat_gbm,4.0,45,483,-2.771694686959865,-2.7371748494528005
feat_gbm,4.0,45,484,0.25287263584166114,0.043868991079412875
feat_gbm,4.0,45,485,-1.1233407364711316,-3.9571024828402512
feat_gbm,4.0,45,486,-2.737788036946556,-0.8286091055291892
feat_gbm,4.0,45,487,0.4389754676562878,1.1086460137612473
feat_gbm,4.0,45,488,-0.9156663677512882,-1.0899995989348372
feat_gbm,4.0,45,489,-1.6140931011189084,-2.9260181182274523
feat_gbm,4.0,45,490,-0.5864724132959757,0.01778898425240747
feat_gbm,4.0,45,491,0.32476848379302753,-0.388546054063584
feat_gbm,4.0,45,492,-3.0095979101512698,-0.8483910406321095
feat_gbm,4.0,45,493,-1.9948728041094113,-2.4855190663855797
feat_gbm,4.0,45,494,-0.15796805271552714,-0.6027729178489412
feat_gbm,4.0,45,495,-3.6396831767041102,-1.5285925057254015
feat_gbm,4.0,45,496,0.20571438966018063,1.0092174422839322
feat_gbm,4.0,45,497,-2.6135984077265113,-2.421052301727873
feat_gbm,4.0,45,498,-3.4739167720137596,-3.2283141264699093
feat_gbm,4.0,45,499,-3.0904351441045135,-4.907212199848568
feat_gbm,4.0,46,0,-0.7367689346598459,0.03894909458183669
feat_gbm,4.0,46,1,-2.502884959183398,-2.5052564746229193
feat_gbm,4.0,46,2,-0.15699957077663645,0.6287827851917782
feat_gbm,4.0,46,3,-2.8780360721648197,-3.3447289283878643
feat_gbm,4.0,46,4,0.6981855745950571,0.9694015026406426
feat_gbm,4.0,46,5,-0.6919228785279943,-2.4693709778233526
feat_gbm,4.0,46,6,-0.41676585794865295,-0.2819211013310965
feat_gbm,4.0,46,7,0.2616423444791657,0.5289578846490461
feat_gbm,4.0,46,8,0.14099073723736497,0.032863622186365654
feat_gbm,4.0,46,9,0.12401456893085387,0.9352707853930591
feat_gbm,4.0,46,10,-1.6765700180480831,-1.5987558134683666
feat_gbm,4.0,46,11,-1.9528983417992756,-3.2678706438993954
feat_gbm,4.0,46,12,-1.4083963613879098,-2.445380546146449
feat_gbm,4.0,46,13,-1.2051772337995537,-0.4471217519653716
feat_gbm,4.0,46,14,-0.7818185037449067,-1.8343062920535937
feat_gbm,4.0,46,15,-1.3960901919685296,-2.278287047942225
feat_gbm,4.0,46,16,-0.9120044989528706,-1.113015507562239
feat_gbm,4.0,46,17,-1.8468814141845609,-1.149386040828735
feat_gbm,4.0,46,18,-1.5926214355543236,-0.4541092694382234
feat_gbm,4.0,46,19,-2.8160853738486944,-2.8798658660471284
feat_gbm,4.0,46,20,-3.6683535746958147,-3.281006200299989
feat_gbm,4.0,46,21,-2.7755127609722914,-0.7889402030111288
feat_gbm,4.0,46,22,-0.33918441247361025,-0.48114593055133975
feat_gbm,4.0,46,23,-3.0896560114571487,-2.8038114998165153
feat_gbm,4.0,46,24,-3.5303140844428142,-2.6726430450531393
feat_gbm,4.0,46,25,-2.4404610418364414,-3.141178249464176
feat_gbm,4.0,46,26,-2.97332711705728,-3.8612362310489847
feat_gbm,4.0,46,27,-2.048350444703122,-3.085821277369337
feat_gbm,4.0,46,28,-3.1802126179430537,-2.1153791712035637
feat_gbm,4.0,46,29,-1.9840748389054825,-0.5854112868629942
feat_gbm,4.0,46,30,-0.14032422109405002,0.13849791927417068
feat_gbm,4.0,46,31,-1.7008223817433075,-2.779654184179668
feat_gbm,4.0,46,32,0.7156601085148198,0.9166392391011026
feat_gbm,4.0,46,33,-2.6523194141567954,-2.134444297962007
feat_gbm,4.0,46,34,0.18556115876991772,1.1224191581864646
feat_gbm,4.0,46,35,-3.242433687296604,-2.7514680837461087
feat_gbm,4.0,46,36,-1.79760898205806,0.7493710802437775
feat_gbm,4.0,46,37,-1.8789467626125678,-2.157600461660938
feat_gbm,4.0,46,38,-1.8984743767819399,-1.7436371170468024
feat_gbm,4.0,46,39,0.08648262389216689,0.632388610685479
feat_gbm,4.0,46,40,-2.673665277984196,-1.5024753827969588
feat_gbm,4.0,46,41,-1.9506073404034892,-2.936018587066778
feat_gbm,4.0,46,42,-1.5633102727196868,-0.06406961406287034
feat_gbm,4.0,46,43,-0.48949046124832357,-0.43711075337934485
feat_gbm,4.0,46,44,-1.1277981280915776,0.521724778538647
feat_gbm,4.0,46,45,0.3383619090977722,-0.02881562555915001
feat_gbm,4.0,46,46,-2.4223227615867087,-2.6856700943784895
feat_gbm,4.0,46,47,-2.2676963352760007,-3.3419513202228783
feat_gbm,4.0,46,48,-0.17752668657642492,-0.35240032436669677
feat_gbm,4.0,46,49,-3.4790132664394124,-4.466027560457086
feat_gbm,4.0,46,50,-2.7441891712981583,-1.2227887404747313
feat_gbm,4.0,46,51,-3.3029004696346673,-4.168130875201601
feat_gbm,4.0,46,52,-0.6581776630915822,-2.1825653069440887
feat_gbm,4.0,46,53,-2.3796617650602996,-2.816977102698189
feat_gbm,4.0,46,54,-0.011725330942763398,-0.9520374156321785
feat_gbm,4.0,46,55,0.6715785909838998,0.800460094219776
feat_gbm,4.0,46,56,0.44033744131603325,0.2782562560211116
feat_gbm,4.0,46,57,-0.3076650441396147,-0.7855200046266205
feat_gbm,4.0,46,58,-3.4034326711855227,-2.837973637743256
feat_gbm,4.0,46,59,-2.125455704362026,0.3653424354755994
feat_gbm,4.0,46,60,-1.3901401657390393,-3.145987746693799
feat_gbm,4.0,46,61,-2.952856972282801,-2.1381844357326614
feat_gbm,4.0,46,62,-2.2919912437725403,0.3908315550690521
feat_gbm,4.0,46,63,-3.531685263030902,-3.259739876316779
feat_gbm,4.0,46,64,-2.2489998439601973,-3.799325775609258
feat_gbm,4.0,46,65,-2.1580853470415633,0.2842997557356093
feat_gbm,4.0,46,66,0.5302283346169294,0.9099380077885143
feat_gbm,4.0,46,67,0.27337111785095913,0.5741223235018287
feat_gbm,4.0,46,68,0.3926170380860671,1.3807263582335993
feat_gbm,4.0,46,69,-0.3898995879837949,2.7357387204405055
feat_gbm,4.0,46,70,0.29354743773101905,-0.3782017485149665
feat_gbm,4.0,46,71,-1.7301044271512998,-0.6946521973220513
feat_gbm,4.0,46,72,-2.6288094291644115,-3.510295151868067
feat_gbm,4.0,46,73,-0.9414764061931111,-0.3643686170400702
feat_gbm,4.0,46,74,0.536642756613438,1.1835884152793859
feat_gbm,4.0,46,75,-0.14095928917912956,-0.38644824542838596
feat_gbm,4.0,46,76,-0.844693716742358,0.7005004452467647
feat_gbm,4.0,46,77,-1.436317036604527,0.3770911051312199
feat_gbm,4.0,46,78,-0.04600177633552284,-0.5374783823521183
feat_gbm,4.0,46,79,-3.0757881557904745,-3.2499450611549854
feat_gbm,4.0,46,80,-2.713137961747248,-1.719925172279684
feat_gbm,4.0,46,81,0.0002788642628171519,1.8185710395242058
feat_gbm,4.0,46,82,-1.12820855826649,-1.0758778979961314
feat_gbm,4.0,46,83,-0.6821816965623632,-0.8033140510569362
feat_gbm,4.0,46,84,-2.151118974009842,-2.0837035815006346
feat_gbm,4.0,46,85,-2.9315706842014526,-1.2430797823904942
feat_gbm,4.0,46,86,0.28177085479577096,0.639317965424242
feat_gbm,4.0,46,87,-1.022317793514325,-0.02321591952008587
feat_gbm,4.0,46,88,-2.264426593733757,-3.512086916650174
feat_gbm,4.0,46,89,-1.8361444814988062,-1.684363733317816
feat_gbm,4.0,46,90,-2.411398699260806,-3.5341996208099964
feat_gbm,4.0,46,91,0.5628036668285337,1.1574629997660548
feat_gbm,4.0,46,92,-1.6368320458497245,-0.7651863719989663
feat_gbm,4.0,46,93,-2.0071447252191175,-5.7708125015304885
feat_gbm,4.0,46,94,0.0647782785917921,0.07374698385127064
feat_gbm,4.0,46,95,-1.4709894231628775,1.201566413592891
feat_gbm,4.0,46,96,-1.7018387022525707,1.2655480006709303
feat_gbm,4.0,46,97,-2.3390281380236755,-3.2217777708537843
feat_gbm,4.0,46,98,-2.001063567269081,-1.2120387208328698
feat_gbm,4.0,46,99,-0.24938858768452585,-0.04015373686183237
feat_gbm,4.0,46,100,-3.272330352186082,-2.8384481914339785
feat_gbm,4.0,46,101,-2.806356559253989,-3.541068619782685
feat_gbm,4.0,46,102,-2.6438729037036928,-4.424727465058162
feat_gbm,4.0,46,103,-0.9810423008169336,-0.7652009130347144
feat_gbm,4.0,46,104,-1.7349516163346033,-0.406664655497914
feat_gbm,4.0,46,105,-2.083800515489852,-2.8019031633754246
feat_gbm,4.0,46,106,-2.408138903573652,-1.1978192780958505
feat_gbm,4.0,46,107,-1.9442511369918347,-1.2497822804421463
feat_gbm,4.0,46,108,-0.4455414454045526,-0.2003702404752673
feat_gbm,4.0,46,109,-2.7653101855893465,-0.28745536208379296
feat_gbm,4.0,46,110,0.028767102839396406,0.2838469771831524
feat_gbm,4.0,46,111,-1.0637632063052682,0.6579850926301614
feat_gbm,4.0,46,112,0.461415686248432,-0.4279263804064609
feat_gbm,4.0,46,113,-0.03874894195997841,0.527327823801956
feat_gbm,4.0,46,114,-1.9060853252011283,-3.652947895428966
feat_gbm,4.0,46,115,-1.754503648256403,-0.04287987221360797
feat_gbm,4.0,46,116,-2.512556429890507,-3.4409421360670214
feat_gbm,4.0,46,117,-2.8719047363310173,-2.4284095097884006
feat_gbm,4.0,46,118,-2.7055003765318086,-1.419217075367618
feat_gbm,4.0,46,119,-0.2722295259287327,-1.4944271796191557
feat_gbm,4.0,46,120,-3.1410969482631796,-2.797137626437216
feat_gbm,4.0,46,121,0.06360484971047223,3.1321125804877905
feat_gbm,4.0,46,122,-0.3262616027749439,-3.164895556438051
feat_gbm,4.0,46,123,0.25179663000974867,-0.021234684620174846
feat_gbm,4.0,46,124,-0.7129073738419978,-1.246001114532972
feat_gbm,4.0,46,125,-2.0832706550806863,-2.7130193085566443
feat_gbm,4.0,46,126,-0.36671239037183634,-2.0560780011130944
feat_gbm,4.0,46,127,-3.174679528529951,-1.631222331554067
feat_gbm,4.0,46,128,-1.44184276801138,-3.477307725783656
feat_gbm,4.0,46,129,-1.576800454337133,1.7007542891568868
feat_gbm,4.0,46,130,-0.8779970884293029,-3.4021624962570822
feat_gbm,4.0,46,131,-3.2793017357619565,-3.701149444421242
feat_gbm,4.0,46,132,-1.2964172528179896,-0.4116741376471012
feat_gbm,4.0,46,133,-1.129593423078405,-0.5680375850475197
feat_gbm,4.0,46,134,-2.30305215950323,-1.4788189923590598
feat_gbm,4.0,46,135,-2.0472863749962458,-2.9896549957503007
feat_gbm,4.0,46,136,0.01807238522132597,0.11194117436713467
feat_gbm,4.0,46,137,-0.04232340684710649,1.7147062893715772
feat_gbm,4.0,46,138,-1.8743008737645677,-1.9709125209383296
feat_gbm,4.0,46,139,-1.1873447563834432,0.19937477723826902
feat_gbm,4.0,46,140,-3.6423578537480132,-2.8223726616431475
feat_gbm,4.0,46,141,-0.35576749173087086,-0.12380828599000025
feat_gbm,4.0,46,142,-1.538490895618524,-2.97521232911642
feat_gbm,4.0,46,143,-2.4751373772393785,-1.9484557479617686
feat_gbm,4.0,46,144,-0.3295409083569678,1.244093655886106
feat_gbm,4.0,46,145,-1.5136580765539145,-2.0280859266176816
feat_gbm,4.0,46,146,-2.860197375563875,-2.0754073031653366
feat_gbm,4.0,46,147,-0.2459730079585883,-0.11331641159387335
feat_gbm,4.0,46,148,-3.048228774255974,-2.620298039600635
feat_gbm,4.0,46,149,-2.8463963874387215,-3.8395532227602396
feat_gbm,4.0,46,150,0.3965912861561417,-2.149698272240366
feat_gbm,4.0,46,151,-3.3151536754016053,-3.1594376779318036
feat_gbm,4.0,46,152,-1.0013261884394613,-2.7712141114581046
feat_gbm,4.0,46,153,-0.7694108883683981,-1.1483368403810985
feat_gbm,4.0,46,154,-0.5802784307780934,-1.4700676700115773
feat_gbm,4.0,46,155,-0.09437289265896114,1.4088416749712322
feat_gbm,4.0,46,156,-0.5302056197789622,0.7564704220494097
feat_gbm,4.0,46,157,-1.8348155815334977,-1.7148995557963913
feat_gbm,4.0,46,158,-0.7928892758280024,-2.8595355115547196
feat_gbm,4.0,46,159,-1.6523311624932568,-0.9922400520728849
feat_gbm,4.0,46,160,0.5524479123228652,1.8585227307534937
feat_gbm,4.0,46,161,-3.1556863302072213,-2.477654537850602
feat_gbm,4.0,46,162,-3.3391534402526264,-2.993764039868935
feat_gbm,4.0,46,163,-3.1830348502828705,-1.1722671160336509
feat_gbm,4.0,46,164,-3.0246824463115414,-1.6577576086204497
feat_gbm,4.0,46,165,-1.1876402565654833,-2.9770186999323642
feat_gbm,4.0,46,166,-2.3367045627918253,-3.2329952824425443
feat_gbm,4.0,46,167,-0.35857061019365843,0.19550508612775644
feat_gbm,4.0,46,168,-1.2260988528494123,-1.2639642813248737
feat_gbm,4.0,46,169,-0.5361642876308488,1.4224064134580066
feat_gbm,4.0,46,170,-2.4534634393053327,-1.5303724784706008
feat_gbm,4.0,46,171,0.9572613707074729,0.6086346650572224
feat_gbm,4.0,46,172,-0.34129848334263996,-0.052232489626048526
feat_gbm,4.0,46,173,-1.3128593837682998,-0.19074605880313256
feat_gbm,4.0,46,174,-2.195186013661455,-2.7678232596734214
feat_gbm,4.0,46,175,-2.0948604733089278,-1.6557092188829319
feat_gbm,4.0,46,176,0.4383238741793732,0.12081831439914445
feat_gbm,4.0,46,177,-0.761596076654029,3.7031714993021168
feat_gbm,4.0,46,178,-0.470412181884172,-0.17761292562564054
feat_gbm,4.0,46,179,-0.13344615403891202,0.2295122735959306
feat_gbm,4.0,46,180,-1.6568144150616413,-1.6401012725318311
feat_gbm,4.0,46,181,-3.0999888900187207,-3.399461101549646
feat_gbm,4.0,46,182,1.0002433398803707,0.5421608664871393
feat_gbm,4.0,46,183,-1.9287986600315339,-3.7858185839721776
feat_gbm,4.0,46,184,0.07676329594757242,0.4440956773301304
feat_gbm,4.0,46,185,-2.017015241580682,0.5450962365111649
feat_gbm,4.0,46,186,-2.7095898638375204,-3.094441269353033
feat_gbm,4.0,46,187,0.016449969274571357,1.436275522654785
feat_gbm,4.0,46,188,-0.4658389530340117,-0.003208414280501246
feat_gbm,4.0,46,189,-2.819659295617338,-2.0766448721687736
feat_gbm,4.0,46,190,-2.002489677394598,-2.887011097372245
feat_gbm,4.0,46,191,-0.7863333849412971,-0.19564387773269687
feat_gbm,4.0,46,192,-1.1858339806772502,-3.39219136175158
feat_gbm,4.0,46,193,-4.063706640908137,-4.804455114758695
feat_gbm,4.0,46,194,-1.9991226063976035,-0.23230879418151415
feat_gbm,4.0,46,195,0.6898555787478935,0.7768952289284052
feat_gbm,4.0,46,196,-3.1653870160902664,-3.0758975731441707
feat_gbm,4.0,46,197,1.2190323390808604,1.8852948766094535
feat_gbm,4.0,46,198,0.2151655284652767,-0.07474663349946693
feat_gbm,4.0,46,199,0.738623580888768,0.9295509098669842
feat_gbm,4.0,46,200,-0.07094935545558187,0.40408761039079466
feat_gbm,4.0,46,201,-2.2491516417999025,-1.0185563947000995
feat_gbm,4.0,46,202,-2.7201319109474436,-1.5812541435625456
feat_gbm,4.0,46,203,-2.712318456266933,-2.9269603411540346
feat_gbm,4.0,46,204,-0.13536136858513317,-0.9368237022381455
feat_gbm,4.0,46,205,-1.3932684160078146,-0.771906247259438
feat_gbm,4.0,46,206,-1.980196475942726,-1.4457766532498904
feat_gbm,4.0,46,207,-2.830530912419865,-2.4752738768021185
feat_gbm,4.0,46,208,-0.9152362107632103,-2.8789590131308262
feat_gbm,4.0,46,209,-2.0704313094128604,-2.6986856152036793
feat_gbm,4.0,46,210,0.5405267920404232,0.05837096406180189
feat_gbm,4.0,46,211,-2.9536987428786414,-2.2327070274631113
feat_gbm,4.0,46,212,-1.7236042615380156,0.15758807445032513
feat_gbm,4.0,46,213,0.3778722357437597,0.5234750924970406
feat_gbm,4.0,46,214,0.6397124218521695,0.8312555987922697
feat_gbm,4.0,46,215,-2.7723681313261417,-0.7699972654610447
feat_gbm,4.0,46,216,-2.944554577203186,-2.4368834827463726
feat_gbm,4.0,46,217,-3.097083993939206,-3.7421886443248944
feat_gbm,4.0,46,218,-2.039141808388354,-4.3753265313120195
feat_gbm,4.0,46,219,-0.5998817578377287,0.13181597567614448
feat_gbm,4.0,46,220,-1.9677589889262719,-2.150299196146146
feat_gbm,4.0,46,221,-1.6283973031410468,0.4316281043505307
feat_gbm,4.0,46,222,0.08653431983878183,0.20581216265343685
feat_gbm,4.0,46,223,-1.3000058134372268,-1.7226779576420432
feat_gbm,4.0,46,224,-0.05928868055692257,1.0701061526100661
feat_gbm,4.0,46,225,-3.1005126673136134,-2.995983076644188
feat_gbm,4.0,46,226,0.1784977216198015,-0.39103048890459524
feat_gbm,4.0,46,227,-3.1122589647252803,-2.811377433191803
feat_gbm,4.0,46,228,0.3130405579953054,0.1103569248772952
feat_gbm,4.0,46,229,0.8423504952998662,1.0926797996732165
feat_gbm,4.0,46,230,-2.8481185584577786,-1.1465469989616057
feat_gbm,4.0,46,231,-3.2903343858951484,-3.7045714701961474
feat_gbm,4.0,46,232,-1.9358047685059148,-0.3205795311611984
feat_gbm,4.0,46,233,-0.04119980032823924,-0.7282288274356463
feat_gbm,4.0,46,234,-0.516632809335265,-0.6143938277881194
feat_gbm,4.0,46,235,-3.4052687327608098,-3.717493513170671
feat_gbm,4.0,46,236,-1.5015279129490362,-1.894186438607053
feat_gbm,4.0,46,237,-0.12721765873492213,0.19101892391720615
feat_gbm,4.0,46,238,-2.790554749030435,-2.723653519266766
feat_gbm,4.0,46,239,-0.21202037454029693,0.28172679866345784
feat_gbm,4.0,46,240,-1.796870012204152,-0.570916259780521
feat_gbm,4.0,46,241,-0.6927613946897325,-3.037607674189957
feat_gbm,4.0,46,242,-2.905094505079582,-2.4824067099880884
feat_gbm,4.0,46,243,-2.452366593277679,1.793244191067856
feat_gbm,4.0,46,244,-2.4697614505198744,-2.170563194223024
feat_gbm,4.0,46,245,-3.369624744691586,-2.5580286375581696
feat_gbm,4.0,46,246,-2.185534930814491,-3.9013363177662743
feat_gbm,4.0,46,247,-1.5831771294831924,-1.2689211715035387
feat_gbm,4.0,46,248,-2.7645689908598707,-2.89795980370705
feat_gbm,4.0,46,249,-1.942698923690709,-1.149470325468549
feat_gbm,4.0,46,250,-1.8022349496357508,-2.1803876537888693
feat_gbm,4.0,46,251,-1.352989451832772,-1.2010659028736028
feat_gbm,4.0,46,252,-2.8620751530582296,-2.675840590612525
feat_gbm,4.0,46,253,-2.5966010188252775,-0.865421424414132
feat_gbm,4.0,46,254,-1.933301182365656,-0.45089388998719687
feat_gbm,4.0,46,255,-2.7604881951435645,-1.477655138121315
feat_gbm,4.0,46,256,-3.0365138996660064,-1.9234128661936198
feat_gbm,4.0,46,257,-3.0682831645052477,-0.8895479413744646
feat_gbm,4.0,46,258,-2.616180502770502,-1.284701881398344
feat_gbm,4.0,46,259,-0.22484695035343852,0.03791276039075724
feat_gbm,4.0,46,260,-2.0558599039381917,-1.213907680807544
feat_gbm,4.0,46,261,-0.5069058721339814,-0.6937064881158975
feat_gbm,4.0,46,262,0.11300392679177773,-2.500344974429108
feat_gbm,4.0,46,263,-2.4579811968549192,-3.0782877743164985
feat_gbm,4.0,46,264,-2.8255853848425616,-3.2702790535172426
feat_gbm,4.0,46,265,-1.871585353849822,-0.15746453031192983
feat_gbm,4.0,46,266,-2.374029261683986,-1.3930653126164372
feat_gbm,4.0,46,267,-2.719395637730867,-3.460520174484755
feat_gbm,4.0,46,268,-2.10664661829604,-1.8115923421665279
feat_gbm,4.0,46,269,0.9123450221319398,-0.04785951915829837
feat_gbm,4.0,46,270,-0.7791352178483247,-1.3387838926701625
feat_gbm,4.0,46,271,-0.3387094736580741,0.6172482925771328
feat_gbm,4.0,46,272,-1.1684128345197757,0.10718580269537517
feat_gbm,4.0,46,273,-1.8753439611077245,-2.4250613993713395
feat_gbm,4.0,46,274,-1.7103365844277925,-0.4656136934058211
feat_gbm,4.0,46,275,-3.2278310458222026,-1.7679071058666047
feat_gbm,4.0,46,276,-0.730789848024369,-0.15192249005847586
feat_gbm,4.0,46,277,-0.3247460758630461,-0.22686658439221394
feat_gbm,4.0,46,278,-0.8011623939147373,-0.3963273628232521
feat_gbm,4.0,46,279,-1.4184759607784956,-2.1916982233579314
feat_gbm,4.0,46,280,-1.4197579601577368,0.5138857123822332
feat_gbm,4.0,46,281,0.5001625531543696,0.13501120436460418
feat_gbm,4.0,46,282,0.11100694120645171,-0.35232291748203215
feat_gbm,4.0,46,283,0.373577757574297,0.33710059568630363
feat_gbm,4.0,46,284,-0.168857075198102,2.2269494594330284
feat_gbm,4.0,46,285,-1.8141167309018134,-0.8523290277873723
feat_gbm,4.0,46,286,-0.6361821024694208,0.5032694866056324
feat_gbm,4.0,46,287,-1.8426065283331614,-3.0734310124071125
feat_gbm,4.0,46,288,-2.8765529441737283,-3.0969464995649485
feat_gbm,4.0,46,289,-0.03248918638343469,0.8088909840914691
feat_gbm,4.0,46,290,-2.2716746075648095,-1.710735902712342
feat_gbm,4.0,46,291,-0.1760476657847091,-0.24588513525180683
feat_gbm,4.0,46,292,-2.5992945302828336,-2.9910915714149957
feat_gbm,4.0,46,293,-0.040567771551145666,0.24397961438558982
feat_gbm,4.0,46,294,-0.6326811700249062,0.9827222917401395
feat_gbm,4.0,46,295,0.8408057109325426,1.5399914318848642
feat_gbm,4.0,46,296,-1.6798471283072716,-3.028104854063688
feat_gbm,4.0,46,297,-0.6202498291496132,-1.9675880903276046
feat_gbm,4.0,46,298,-0.12143737275473855,0.3882116190950413
feat_gbm,4.0,46,299,-0.9110922106631686,-0.4169590587595381
feat_gbm,4.0,46,300,-1.6353981599808898,-0.47104701624968015
feat_gbm,4.0,46,301,-1.4146516533316396,-0.5788171023402015
feat_gbm,4.0,46,302,-1.635765475232291,-3.325334912618423
feat_gbm,4.0,46,303,-1.8514125357798432,0.27214776974989446
feat_gbm,4.0,46,304,-0.32423723808989124,0.2838761456734127
feat_gbm,4.0,46,305,0.5514945847667638,0.98356576927226
feat_gbm,4.0,46,306,-3.104973088234403,-2.324804251846344
feat_gbm,4.0,46,307,-0.14773897607713063,-0.30060412365222405
feat_gbm,4.0,46,308,-3.156733359816295,-3.5706943269006843
feat_gbm,4.0,46,309,-0.9647745407168785,0.7657986236992217
feat_gbm,4.0,46,310,-0.891047569937623,-0.3760212383278314
feat_gbm,4.0,46,311,0.7661917806676791,0.903367601886353
feat_gbm,4.0,46,312,-0.19582273917331766,0.2834145554969618
feat_gbm,4.0,46,313,0.22050522513333357,-0.8750381269167363
feat_gbm,4.0,46,314,0.14518837311038976,-0.8911054934067958
feat_gbm,4.0,46,315,0.020662157597928093,0.2699623908229132
feat_gbm,4.0,46,316,-2.952757985892234,-4.034449774534175
feat_gbm,4.0,46,317,-1.054892545975167,0.7302045063515665
feat_gbm,4.0,46,318,-1.7760446830401007,-2.5264159394565007
feat_gbm,4.0,46,319,-2.060822195002037,-3.1280680478747835
feat_gbm,4.0,46,320,-0.8985860508683795,-0.623194388118803
feat_gbm,4.0,46,321,-2.672644889520078,-4.172922463867305
feat_gbm,4.0,46,322,1.1642453522933494,1.0714029341973417
feat_gbm,4.0,46,323,-0.08532733902066598,-2.5538050374755565
feat_gbm,4.0,46,324,-1.9351398480342141,-1.5310020975326282
feat_gbm,4.0,46,325,-0.19089975485289828,-0.735749980772127
feat_gbm,4.0,46,326,-0.5858752419169758,-0.5010306012352705
feat_gbm,4.0,46,327,-3.5776768212224366,-4.393123087746285
feat_gbm,4.0,46,328,-0.25880571982395667,0.6439364857563509
feat_gbm,4.0,46,329,-2.3218260226852503,-2.60760252445046
feat_gbm,4.0,46,330,0.3560809621482386,0.46983427811083467
feat_gbm,4.0,46,331,-2.843917679120085,-1.149354435920189
feat_gbm,4.0,46,332,-2.83546826888213,-1.0961264399974935
feat_gbm,4.0,46,333,0.13473801369177413,1.4253561556633074
feat_gbm,4.0,46,334,0.7508262691458993,1.0406546288822482
feat_gbm,4.0,46,335,0.20651862267786142,-0.1286217558512718
feat_gbm,4.0,46,336,-2.1022129892310644,-1.7275974260064488
feat_gbm,4.0,46,337,-3.170331044777437,-4.535227665039715
feat_gbm,4.0,46,338,0.01824603200173153,-1.078833843619319
feat_gbm,4.0,46,339,-3.080433474339017,-2.035297396751524
feat_gbm,4.0,46,340,-0.599135341522099,0.4788286932125707
feat_gbm,4.0,46,341,0.2939620197551211,-0.4595082096564039
feat_gbm,4.0,46,342,-3.1626173882665967,-3.653430804591794
feat_gbm,4.0,46,343,0.43561684194614003,0.2834522663037432
feat_gbm,4.0,46,344,0.5362905653377005,-0.15984972455285287
feat_gbm,4.0,46,345,-2.0923369393060987,-3.8822970119574354
feat_gbm,4.0,46,346,-2.3516800666856503,-2.5801989990218064
feat_gbm,4.0,46,347,-2.7128900554434416,-3.2622630695286134
feat_gbm,4.0,46,348,-0.5379897090594289,-0.4894561152880944
feat_gbm,4.0,46,349,-1.2593393765092686,-3.0223552414624764
feat_gbm,4.0,46,350,0.8042207025085332,0.4215072765335228
feat_gbm,4.0,46,351,-1.540939915327921,-1.8152752103400673
feat_gbm,4.0,46,352,0.11937441354560299,1.102263670511441
feat_gbm,4.0,46,353,-0.3080886454311655,1.4454852001466738
feat_gbm,4.0,46,354,-2.9323318838577053,-3.6770060333191017
feat_gbm,4.0,46,355,-3.1775565627985154,-5.078652858832153
feat_gbm,4.0,46,356,-0.05013550898950354,0.7815322159665122
feat_gbm,4.0,46,357,-1.6796419879551368,0.6775133790495483
feat_gbm,4.0,46,358,-3.0686879468816843,-3.5163570325540956
feat_gbm,4.0,46,359,-1.493027254350286,-4.157760523739404
feat_gbm,4.0,46,360,-1.2803257184179198,-0.18386357284099003
feat_gbm,4.0,46,361,-1.488791995763769,-4.477383009144865
feat_gbm,4.0,46,362,-1.0478861066749439,0.2909126951240761
feat_gbm,4.0,46,363,-1.9801719672454454,-3.5121531596302606
feat_gbm,4.0,46,364,-1.9720861544491732,-0.0019354464452207268
feat_gbm,4.0,46,365,-1.8843384064606525,-3.264666087597375
feat_gbm,4.0,46,366,-1.086484730016099,-1.4961090632143375
feat_gbm,4.0,46,367,0.028622980862463097,-0.10305907560987346
feat_gbm,4.0,46,368,-0.8590588812429228,0.24601275195113992
feat_gbm,4.0,46,369,-1.3248709949638195,-1.6400355118163064
feat_gbm,4.0,46,370,-1.590791207056722,-1.5399226532969161
feat_gbm,4.0,46,371,-0.6954836481882581,-0.3336387161155974
feat_gbm,4.0,46,372,-1.7388767291584795,0.3185760540422761
feat_gbm,4.0,46,373,-1.2456559637386468,-0.30756424411789
feat_gbm,4.0,46,374,-3.1166151943401417,-3.551435429619069
feat_gbm,4.0,46,375,0.8523426716001613,-0.12846918127015178
feat_gbm,4.0,46,376,0.401986277881854,0.43413099611324796
feat_gbm,4.0,46,377,-1.05586395107023,0.8095384731463161
feat_gbm,4.0,46,378,0.13461623365693148,0.20303525329731625
feat_gbm,4.0,46,379,-0.201228300065874,0.524784145223057
feat_gbm,4.0,46,380,-0.037837723735597566,0.8722609808312535
feat_gbm,4.0,46,381,-0.10702561241168283,1.0190202163897197
feat_gbm,4.0,46,382,-0.8608774934030214,1.2715191268303472
feat_gbm,4.0,46,383,-2.657197198698549,-0.13923746667536385
feat_gbm,4.0,46,384,-2.769514057719381,-1.7983983483294153
feat_gbm,4.0,46,385,-0.6611192662451826,0.5606037150840157
feat_gbm,4.0,46,386,0.7300638126528551,0.6003456151224621
feat_gbm,4.0,46,387,-0.8817614227677656,1.3071718981356573
feat_gbm,4.0,46,388,-2.287553407269984,-0.19457283568776126
feat_gbm,4.0,46,389,-3.152796706205007,-0.981880356960367
feat_gbm,4.0,46,390,-1.197493018923746,-2.628024059072158
feat_gbm,4.0,46,391,-2.388725242174039,-2.479262758098376
feat_gbm,4.0,46,392,-2.252204186390112,-2.207941629114672
feat_gbm,4.0,46,393,-2.4952710163162886,-2.806586620215901
feat_gbm,4.0,46,394,-2.3385331636020297,-0.16842623590390868
feat_gbm,4.0,46,395,0.23626565670034697,0.3596423409999632
feat_gbm,4.0,46,396,-2.9558472943681666,-3.117667066362407
feat_gbm,4.0,46,397,0.7258488341941073,0.6134086288650079
feat_gbm,4.0,46,398,0.5119191189799651,0.5049020087080688
feat_gbm,4.0,46,399,-2.5114136603447004,-1.0548605918119196
feat_gbm,4.0,46,400,-3.1423587379220757,-2.877676775828332
feat_gbm,4.0,46,401,1.2255353782747012,0.015654415635624343
feat_gbm,4.0,46,402,-0.06337346611378421,-0.7027824676465185
feat_gbm,4.0,46,403,0.5785614962977937,0.6733427913489138
feat_gbm,4.0,46,404,-0.9469778555284116,0.03259550049258387
feat_gbm,4.0,46,405,-2.691523435185491,-3.4179416205706223
feat_gbm,4.0,46,406,-3.171384071480327,-1.6563158072976616
feat_gbm,4.0,46,407,-1.3325430146770152,0.3281041495218151
feat_gbm,4.0,46,408,-0.7331885786833782,-1.498502430121411
feat_gbm,4.0,46,409,-1.2190795286921252,-1.5390850133499359
feat_gbm,4.0,46,410,-0.9955281665750093,-3.8769914364338094
feat_gbm,4.0,46,411,-1.2679738177023552,-1.1093409530974205
feat_gbm,4.0,46,412,-2.450606037157006,-2.1356441225652167
feat_gbm,4.0,46,413,-0.2168813251356118,0.5613925387002681
feat_gbm,4.0,46,414,-2.3877735372928104,-2.672303525149137
feat_gbm,4.0,46,415,1.0303971030077599,0.9887747910888531
feat_gbm,4.0,46,416,-3.495393770463229,-2.064740642123073
feat_gbm,4.0,46,417,-1.2110669923304014,-0.13534283366780814
feat_gbm,4.0,46,418,-0.222530207748786,0.5266566940316069
feat_gbm,4.0,46,419,-0.5445660621724324,-0.7929716308762645
feat_gbm,4.0,46,420,-0.052584528225022444,0.22081989653443584
feat_gbm,4.0,46,421,-2.7954236299041257,-3.4911396429773087
feat_gbm,4.0,46,422,-1.3072710388218978,0.4691563032653497
feat_gbm,4.0,46,423,-0.24673849767731304,-0.21242164749251408
feat_gbm,4.0,46,424,-2.306694197367849,-2.0235730224261497
feat_gbm,4.0,46,425,-0.3095303351835239,0.1881042769243711
feat_gbm,4.0,46,426,-1.1543345912849174,-0.7546830882020855
feat_gbm,4.0,46,427,-3.189607437168278,-2.004418163271322
feat_gbm,4.0,46,428,-1.2182326973012538,0.08108350485015015
feat_gbm,4.0,46,429,-2.1779509862497433,-0.8958783842144782
feat_gbm,4.0,46,430,-1.473121337070277,-0.700178367515834
feat_gbm,4.0,46,431,-1.8505709831847321,-2.026447754843476
feat_gbm,4.0,46,432,-3.1335211994469017,-3.3644112924118934
feat_gbm,4.0,46,433,-3.3226149158045,-2.4777804975332844
feat_gbm,4.0,46,434,-3.012475657944963,-3.6407879329147783
feat_gbm,4.0,46,435,-0.13849895622830555,0.8140524350977956
feat_gbm,4.0,46,436,-0.7648467761673593,-0.6342245759550225
feat_gbm,4.0,46,437,-3.207592968683527,-1.0170271575608654
feat_gbm,4.0,46,438,-2.4909027344440764,1.2058566336630974
feat_gbm,4.0,46,439,0.21008801139652475,1.04159183954478
feat_gbm,4.0,46,440,-1.4410960781326536,-0.383754051292973
feat_gbm,4.0,46,441,0.0689006522475194,0.9717849563735496
feat_gbm,4.0,46,442,0.06298636868079466,0.915394257773604
feat_gbm,4.0,46,443,-1.2904744636438197,0.17619398118278368
feat_gbm,4.0,46,444,-2.151197110883379,-2.3026142847949007
feat_gbm,4.0,46,445,-0.8191843449667467,-2.156995715227189
feat_gbm,4.0,46,446,-2.367258771352485,-1.9647154613855007
feat_gbm,4.0,46,447,-1.9521785889000711,-1.2167428909736953
feat_gbm,4.0,46,448,-0.5453700582590426,0.371748058948411
feat_gbm,4.0,46,449,-1.9623735784538483,-3.354914600670279
feat_gbm,4.0,46,450,-0.500169228717222,-2.0984010901330774
feat_gbm,4.0,46,451,-2.051521760221903,-1.8411195968283314
feat_gbm,4.0,46,452,0.29257323642078,-0.2866386615093297
feat_gbm,4.0,46,453,-2.279765651141011,-2.1769502099219324
feat_gbm,4.0,46,454,-1.344255345399374,0.851829112076475
feat_gbm,4.0,46,455,0.9844643021410021,-0.5174982843777256
feat_gbm,4.0,46,456,-3.321403394603705,-3.7883351795095335
feat_gbm,4.0,46,457,-3.2860236015935764,-1.3225504843777425
feat_gbm,4.0,46,458,-0.10258394275721171,-0.6304710111145473
feat_gbm,4.0,46,459,-1.4155906085832985,-2.867776928577639
feat_gbm,4.0,46,460,-1.355920665292554,-0.20106453453544149
feat_gbm,4.0,46,461,-0.18929835754293947,0.565413433251147
feat_gbm,4.0,46,462,-2.3489852253998222,0.6531860801292728
feat_gbm,4.0,46,463,-3.1064841401304664,-3.295531334571209
feat_gbm,4.0,46,464,-1.2475015963793976,-1.118951529136503
feat_gbm,4.0,46,465,-0.6991842666520613,0.08535922256033004
feat_gbm,4.0,46,466,0.647038655642598,0.2656879386171551
feat_gbm,4.0,46,467,-1.1597979465899992,-1.0764680911985907
feat_gbm,4.0,46,468,-0.3444101010681646,2.2503813782282114
feat_gbm,4.0,46,469,-0.3222437859465215,-0.029700274932011248
feat_gbm,4.0,46,470,-3.0832981210079917,-2.1918010579584375
feat_gbm,4.0,46,471,-1.3313299750348762,-0.12537364897776127
feat_gbm,4.0,46,472,-0.36424688413255685,-1.3714574409892777
feat_gbm,4.0,46,473,-1.9145243063464614,-1.0216450817816245
feat_gbm,4.0,46,474,-1.4753766682882337,-0.8313233833759152
feat_gbm,4.0,46,475,-1.1776634103476082,-3.25243582884057
feat_gbm,4.0,46,476,-0.013156974740994658,0.8737365575305754
feat_gbm,4.0,46,477,-3.2847844698473163,-1.8373017486027088
feat_gbm,4.0,46,478,-2.9978057661061324,-1.909749317133085
feat_gbm,4.0,46,479,-0.44849887710944386,0.418341725137149
feat_gbm,4.0,46,480,-2.935310637377404,-2.8689304810445995
feat_gbm,4.0,46,481,-3.924817818273384,-3.9192950012633494
feat_gbm,4.0,46,482,0.7610852267200848,0.8191907452202399
feat_gbm,4.0,46,483,-2.4221295972616677,-2.7371748494528005
feat_gbm,4.0,46,484,0.44186455661904334,0.043868991079412875
feat_gbm,4.0,46,485,-1.4460457809745204,-3.9571024828402512
feat_gbm,4.0,46,486,-2.5851476979872463,-0.8286091055291892
feat_gbm,4.0,46,487,1.0191808396876618,1.1086460137612473
feat_gbm,4.0,46,488,-0.8864826547985247,-1.0899995989348372
feat_gbm,4.0,46,489,-1.666466099088222,-2.9260181182274523
feat_gbm,4.0,46,490,-1.4996517260870987,0.01778898425240747
feat_gbm,4.0,46,491,0.3528796815572908,-0.388546054063584
feat_gbm,4.0,46,492,-2.8745902660091227,-0.8483910406321095
feat_gbm,4.0,46,493,-1.8704065408393273,-2.4855190663855797
feat_gbm,4.0,46,494,-0.12878860897747108,-0.6027729178489412
feat_gbm,4.0,46,495,-3.8730331253939476,-1.5285925057254015
feat_gbm,4.0,46,496,0.1692201945336045,1.0092174422839322
feat_gbm,4.0,46,497,-2.4638617180568265,-2.421052301727873
feat_gbm,4.0,46,498,-3.3537119184745117,-3.2283141264699093
feat_gbm,4.0,46,499,-3.047506009844805,-4.907212199848568
