dataset_version,model,severity,omega0_true,omega0_pred,Gamma_true,Gamma_pred,fit_ok,kappa_true,kappa_pred
v8,tuned_cnn,1.0,11.375003814697266,11.671574592590332,1.3106588125228882,1.3500375747680664,,98.72188745697521,100.90508295208261
v8,tuned_cnn,1.0,5.178821086883545,5.196639537811279,6.580916404724121,6.686865329742432,,4.07544879778396,4.038523456697702
v8,tuned_cnn,1.0,9.862879753112791,9.793217658996582,1.6132118701934814,1.7937837839126587,,60.29982720911627,53.46637257879923
v8,tuned_cnn,1.0,3.794994115829468,3.7689807415008545,6.506075859069824,6.483860015869141,,2.213620106980945,2.1908578832728187
v8,tuned_cnn,1.0,10.20608615875244,10.258133888244627,0.7645562887191772,0.7007123827934265,,136.2413679892414,150.17475565316926
v8,tuned_cnn,1.0,5.589702129364014,5.471702575683594,6.968480110168457,7.094937801361084,,4.483728072843889,4.219843769595684
v8,tuned_cnn,1.0,9.93369483947754,9.957615852355955,2.943662405014038,2.752002000808716,,33.522286046042744,36.02981154590467
v8,tuned_cnn,1.0,10.344606399536133,10.276385307312012,1.3637847900390625,1.39175283908844,,78.46610575430954,75.87848360597273
v8,tuned_cnn,1.0,10.235347747802734,10.223889350891112,2.30011248588562,2.270526647567749,,45.54661746384699,46.03685826424361
v8,tuned_cnn,1.0,7.979221343994141,7.967679977416992,1.5645191669464111,1.6051796674728394,,40.69491419572519,39.54941961262154
v8,tuned_cnn,1.0,4.025465965270996,3.9871597290039062,3.836078405380249,4.03231954574585,,4.22420360721196,3.9425056779943235
v8,tuned_cnn,1.0,3.6606791019439697,3.621269464492798,6.5962300300598145,6.75348424911499,,2.0315500560685864,1.9417521461142706
v8,tuned_cnn,1.0,4.533627986907959,4.531108379364014,5.879399299621582,5.662603855133057,,3.495898420268551,3.6257071253416076
v8,tuned_cnn,1.0,3.5990653038024902,3.635902166366577,2.0151798725128174,1.985517144203186,,6.427848569608281,6.6581064797073015
v8,tuned_cnn,1.0,5.158423900604248,5.19133996963501,5.122577667236328,5.427574157714844,,5.194520974960853,4.965387832061738
v8,tuned_cnn,1.0,3.636087417602539,3.747042417526245,4.284270286560059,4.171043872833252,,3.085970497688431,3.3661422192626804
v8,tuned_cnn,1.0,4.8720197677612305,4.97936487197876,3.3514254093170166,3.366093397140503,,7.082531674871274,7.365830832073353
v8,tuned_cnn,1.0,4.6641669273376465,4.759921550750732,3.6248509883880615,3.377354383468628,,6.001475149118974,6.708461889638037
v8,tuned_cnn,1.0,5.310877323150635,5.350242614746094,2.935889482498169,3.169184446334839,,9.607111612919253,9.032322517469765
v8,tuned_cnn,1.0,3.4313790798187256,3.473102569580078,5.234691143035889,5.180704593658447,,2.2492945749209943,2.328339946961854
v8,tuned_cnn,1.0,3.852588176727295,3.8607139587402344,6.86264181137085,6.6812424659729,,2.162787461071655,2.230889291493668
v8,tuned_cnn,1.0,5.150369644165039,5.072526931762695,3.0268547534942627,3.1162478923797607,,8.763653902095633,8.256894304325845
v8,tuned_cnn,1.0,4.01640510559082,3.946653366088867,2.416226863861084,2.3640143871307373,,6.67632258108337,6.588823180118481
v8,tuned_cnn,1.0,3.779040098190307,3.71954607963562,5.304140567779541,5.431811809539795,,2.6924520346391736,2.547036518134613
v8,tuned_cnn,1.0,4.29055118560791,4.240468502044678,6.078914642333984,6.080432415008545,,3.02830859774228,2.9572852536685525
v8,tuned_cnn,1.0,3.908665895462036,3.789573907852173,6.24760103225708,6.748094081878662,,2.4453656697134925,2.128137253100647
v8,tuned_cnn,1.0,3.519279718399048,3.477602243423462,7.600098609924316,7.424267292022705,,1.6296275051170972,1.6289442294808625
v8,tuned_cnn,1.0,3.5093882083892822,3.6730241775512695,5.827407360076904,5.660736083984375,,2.113427951091307,2.3832777943924754
v8,tuned_cnn,1.0,3.901975393295288,3.928234338760376,4.6692795753479,4.7336344718933105,,3.2607625489522114,3.25986831299296
v8,tuned_cnn,1.0,4.886674404144287,4.826613903045654,2.6479196548461914,2.7788774967193604,,9.018244450285636,8.383313692876435
v8,tuned_cnn,1.0,9.238633155822754,9.351794242858888,2.71194839477539,2.4907658100128174,,31.472701601660297,35.11211500061445
v8,tuned_cnn,1.0,3.845800876617432,3.840584754943848,5.41652774810791,5.565218448638916,,2.730565607784043,2.650406519714338
v8,tuned_cnn,1.0,8.588512420654297,8.573792457580566,1.5823969841003418,1.610027313232422,,46.61443767960048,45.65755903735627
v8,tuned_cnn,1.0,3.962247848510742,3.8740005493164062,4.336302757263184,4.52949857711792,,3.6204593848369893,3.3133646032963764
v8,tuned_cnn,1.0,9.16904354095459,9.087851524353027,1.2710304260253906,1.5948137044906616,,66.14425409061107,51.78601431385508
v8,tuned_cnn,1.0,3.889122009277344,3.7650833129882817,5.8494768142700195,6.399252414703369,,2.5857474921768695,2.215235692402348
v8,tuned_cnn,1.0,4.928391933441162,4.885859966278076,1.4199771881103516,1.653925895690918,,17.105237501688883,14.433311475606692
v8,tuned_cnn,1.0,4.944215774536133,4.937648773193359,5.6290411949157715,5.597715377807617,,4.342705760840983,4.355415336777381
v8,tuned_cnn,1.0,3.511913061141968,3.577906370162964,3.5710713863372803,3.435311079025269,,3.4537347520430313,3.726420606219153
v8,tuned_cnn,1.0,8.909622192382812,8.942123413085938,1.9789328575134275,1.745628833770752,,40.113219258355606,45.8067428699226
v8,tuned_cnn,1.0,3.754594087600708,3.710873603820801,3.545215845108032,3.5997941493988037,,3.9763380788502096,3.825380655678265
v8,tuned_cnn,1.0,3.3969900608062744,3.545837163925171,5.298373699188232,5.035276412963867,,2.1779402753310126,2.4969753717397603
v8,tuned_cnn,1.0,4.157882213592529,4.148982524871826,2.0316390991210938,1.8385273218154907,,8.509377728351486,9.362959031086591
v8,tuned_cnn,1.0,11.341178894042969,11.410125732421877,1.885354995727539,1.7935510873794556,,68.2218144583703,72.5883807524529
v8,tuned_cnn,1.0,6.156332969665527,6.216390609741211,1.887113332748413,1.8199602365493777,,20.083815304400478,21.23316292126598
v8,tuned_cnn,1.0,10.15516757965088,10.183627128601074,2.17134690284729,2.248812437057495,,47.4946810367156,46.116012071720995
v8,tuned_cnn,1.0,4.149276256561279,4.161867618560791,5.940452575683594,5.941108703613281,,2.8981787555608935,2.915473009926657
v8,tuned_cnn,1.0,3.4457170963287354,3.512827157974243,6.126592636108398,5.96278190612793,,1.9379395714930086,2.0694962244249906
v8,tuned_cnn,1.0,9.884563446044922,9.924184799194336,2.6122348308563232,2.6210384368896484,,37.40268423220537,37.57649736927782
v8,tuned_cnn,1.0,3.4688782691955566,3.5895607471466064,9.169191360473633,8.670432090759277,,1.3123421655664511,1.4860789200100126
v8,tuned_cnn,1.0,5.026120185852051,4.913902282714844,3.5535590648651123,3.6637113094329834,,7.108896647420255,6.59070368942557
v8,tuned_cnn,1.0,3.503986120223999,3.5062758922576904,8.466278076171875,8.269532203674316,,1.450214441370444,1.4866585351907826
v8,tuned_cnn,1.0,3.4872024059295654,3.4589107036590576,4.048015594482422,4.0803704261779785,,3.0040844300343656,2.932102237368129
v8,tuned_cnn,1.0,3.742253541946411,3.727855920791626,5.772942543029785,5.902456283569336,,2.425879257904508,2.3544282411486894
v8,tuned_cnn,1.0,7.600223064422607,7.769443511962891,4.6217522621154785,4.48270845413208,,12.498158134192547,13.466022406596524
v8,tuned_cnn,1.0,10.617960929870604,10.6214017868042,0.8238989114761353,0.8255491256713867,,136.83850377501588,136.6534981488595
v8,tuned_cnn,1.0,10.647772789001465,10.660673141479492,1.2148494720458984,1.1919339895248413,,93.32437308077999,95.34919955992548
v8,tuned_cnn,1.0,9.168699264526367,9.555004119873049,4.613410472869873,3.3670814037323,,18.221887407957404,27.114908368294856
v8,tuned_cnn,1.0,3.7913076877593994,3.7426042556762695,5.822432994842529,5.886325359344482,,2.468729824112347,2.3795977557322776
v8,tuned_cnn,1.0,3.9814133644104,4.087916374206543,1.5815002918243408,1.7439616918563845,,10.023173856022533,9.58224045891607
v8,tuned_cnn,1.0,4.309682369232178,4.553372383117676,6.650712966918945,5.972698211669922,,2.792687372926139,3.4713289244764796
v8,tuned_cnn,1.0,3.788532257080078,3.8854644298553462,4.541248798370361,4.237054824829102,,3.16057923716641,3.5630489714704248
v8,tuned_cnn,1.0,4.722323894500732,4.6596879959106445,1.7373312711715698,1.8504619598388672,,12.835976266940916,11.733660399657412
v8,tuned_cnn,1.0,3.4799468517303467,3.802675485610962,6.105237007141113,5.395450115203857,,1.9835479075919922,2.6800990723866986
v8,tuned_cnn,1.0,3.7387118339538574,3.808479070663452,8.111538887023926,7.740604400634766,,1.7232200168216227,1.8738217432339153
v8,tuned_cnn,1.0,5.277451992034912,5.320003032684326,1.9841684103012085,1.9100669622421265,,14.036862689495818,14.817507881790542
v8,tuned_cnn,1.0,10.273270606994627,10.410346031188965,0.8863791227340698,0.8584883809089661,,119.06878925464463,126.23968698835998
v8,tuned_cnn,1.0,11.012072563171388,10.99170207977295,0.9002621173858643,0.7992727160453796,,134.70048310893878,151.15931294172367
v8,tuned_cnn,1.0,9.604085922241213,9.675328254699709,0.9273954033851624,0.9368218779563904,,99.45969762746788,99.92505409928972
v8,tuned_cnn,1.0,11.638958930969238,11.451922416687012,0.0930903032422065,0.3155611455440521,,1455.2038212221607,415.5978291044406
v8,tuned_cnn,1.0,9.711485862731934,9.68207550048828,3.845339059829712,3.579671859741211,,24.52656480862283,26.18748021332112
v8,tuned_cnn,1.0,4.088611602783203,4.133838653564453,2.4812097549438477,2.357342481613159,,6.737336416280432,7.249104509417576
v8,tuned_cnn,1.0,3.519289970397949,3.5443830490112305,6.53683614730835,7.097347259521484,,1.8947089412426976,1.7700488279285833
v8,tuned_cnn,1.0,5.881686687469482,5.860490798950195,3.0095598697662354,3.0746443271636963,,11.494783219661553,11.17051234223988
v8,tuned_cnn,1.0,6.9804792404174805,6.942317485809326,1.197094440460205,1.1541509628295898,,40.70446639712653,41.75863784371336
v8,tuned_cnn,1.0,10.125547409057615,10.283936500549316,2.8697726726531982,2.85593581199646,,35.72642227381868,37.031416988814875
v8,tuned_cnn,1.0,5.6170973777771,5.708702087402344,1.5823278427124023,1.5080822706222534,,19.940104761946667,21.60974912148867
v8,tuned_cnn,1.0,4.688468933105469,4.729069232940674,1.7483288049697876,1.7394862174987793,,12.573001642602916,12.856724925422863
v8,tuned_cnn,1.0,10.3717622756958,10.341670036315918,3.1842753887176514,3.0429279804229736,,33.78271021554695,35.14711482759713
v8,tuned_cnn,1.0,4.890622138977051,5.178677082061768,8.208775520324707,8.456400871276855,,2.9137335826801065,3.171407875348553
v8,tuned_cnn,1.0,3.697276353836059,3.658783197402954,3.548274278640747,3.5609467029571533,,3.8525354477027163,3.75930773535064
v8,tuned_cnn,1.0,9.877034187316896,9.954283714294434,0.4763875007629394,0.5284107327461243,,204.7824600376587,187.520347570749
v8,tuned_cnn,1.0,4.64545202255249,4.747629642486572,3.4843502044677734,3.3559248447418213,,6.193471731448232,6.7164755663505415
v8,tuned_cnn,1.0,6.040050029754639,6.071769714355469,3.778892993927002,3.623155355453491,,9.654204133477442,10.175215757357421
v8,tuned_cnn,1.0,3.5642497539520264,3.539402723312378,4.017948627471924,4.189417362213135,,3.161781666815463,2.9902419727341916
v8,tuned_cnn,1.0,5.715700626373291,5.681560039520264,3.9411098957061768,3.9621260166168217,,8.28934856293072,8.147172590496462
v8,tuned_cnn,1.0,9.98642349243164,9.987748146057127,1.4204086065292358,1.6173657178878784,,70.2112432378717,61.67752409104975
v8,tuned_cnn,1.0,3.4633071422576904,3.372424364089966,1.5912693738937378,1.891121506690979,,7.537690700514985,6.0140218654739614
v8,tuned_cnn,1.0,4.359559059143066,4.399806499481201,8.31615924835205,7.745376110076904,,2.2854005824771337,2.499335985465115
v8,tuned_cnn,1.0,5.9066267013549805,5.8543219566345215,5.361093521118164,5.661492824554443,,6.507672147805206,6.053718804214916
v8,tuned_cnn,1.0,3.591205596923828,3.5692193508148193,6.7747721672058105,6.95424222946167,,1.9036444800026644,1.8318784928515663
v8,tuned_cnn,1.0,10.411980628967283,10.342850685119627,0.79791259765625,0.8743948936462402,,135.8661850137801,122.34124543956789
v8,tuned_cnn,1.0,3.643949031829834,3.5582332611083984,2.5464963912963867,2.4869844913482666,,5.21436613535264,5.0909139097985285
v8,tuned_cnn,1.0,3.731714963912964,4.961066722869873,14.744474411010742,9.69717025756836,,0.9444688351517386,2.538078880233925
v8,tuned_cnn,1.0,10.359314918518066,10.425416946411133,1.7218279838562012,1.903315186500549,,62.32643828954835,57.1052652116718
v8,tuned_cnn,1.0,9.796476364135742,9.849041938781738,1.0023709535598757,0.9459853172302246,,95.74394470653175,102.54242359268432
v8,tuned_cnn,1.0,6.178822994232178,6.0205817222595215,1.0901830196380615,0.7627875208854675,,35.019673675276344,47.51966082550526
v8,tuned_cnn,1.0,3.466125726699829,3.5330870151519775,6.0644450187683105,5.697653293609619,,1.9810596874255229,2.1908500242785705
v8,tuned_cnn,1.0,3.5962789058685303,3.577181100845337,2.8433094024658203,2.6953182220458984,,4.548650933865585,4.747574710689263
v8,tuned_cnn,1.0,10.586426734924316,10.676840782165527,1.5913234949111938,1.649040699005127,,70.4271830160936,69.12802646804691
v8,tuned_cnn,1.0,4.776411056518555,4.621486186981201,6.490675926208496,6.696406841278076,,3.5149039699721176,3.1894917800994342
v8,tuned_cnn,1.0,3.8377878665924072,4.034425258636475,7.593856334686279,6.925666332244873,,1.9395436336724396,2.350183561651334
v8,tuned_cnn,1.0,3.505107879638672,3.3826496601104736,9.330896377563477,9.495770454406738,,1.3166774927912361,1.204991082923179
v8,tuned_cnn,1.0,3.763864040374756,3.718418836593628,2.3987417221069336,2.36698055267334,,5.905876561809619,5.841466939269139
v8,tuned_cnn,1.0,3.5952885150909424,3.687200546264648,1.983875751495361,1.9447526931762695,,6.5155791621535215,6.990836375276867
v8,tuned_cnn,1.0,4.446148872375488,4.611370086669922,6.019216537475586,5.667208194732666,,3.2841881783532707,3.75224155272758
v8,tuned_cnn,1.0,5.172037601470947,5.174023151397705,3.6321961879730225,3.65311598777771,,7.3646828438409315,7.328131836154667
v8,tuned_cnn,1.0,3.726931095123291,3.645573377609253,2.900205373764038,2.9574203491210938,,4.789321305811424,4.493850613925413
v8,tuned_cnn,1.0,9.942330360412598,10.0161714553833,2.6289403438568115,2.5958144664764404,,37.60067558268111,38.64825160629243
v8,tuned_cnn,1.0,7.7672834396362305,7.906092166900635,3.4083125591278076,3.445526361465454,,17.701044427417756,18.141290123504483
v8,tuned_cnn,1.0,11.19007968902588,11.115429878234863,1.2504147291183472,1.2168487310409546,,100.14108161940736,101.53503736841878
v8,tuned_cnn,1.0,3.7952277660369873,3.760744094848633,1.2749764919281006,1.4187082052230835,,11.297270096577098,9.969066292046241
v8,tuned_cnn,1.0,10.694748878479004,10.992627143859863,2.159799337387085,2.1974070072174072,,52.957537116434835,54.99111048933193
v8,tuned_cnn,1.0,10.556097984313965,10.646965980529783,1.0886166095733645,1.0387839078903198,,102.36037524552187,109.12556858988947
v8,tuned_cnn,1.0,3.5043764114379883,3.5315959453582764,7.105572700500488,6.8153252601623535,,1.7283130509913707,1.8300182962909548
v8,tuned_cnn,1.0,4.42929744720459,4.3787665367126465,2.121161699295044,2.420729637145996,,9.24902419383362,7.920585632041027
v8,tuned_cnn,1.0,3.609426975250244,3.5556907653808594,6.849427223205566,7.1851935386657715,,1.9020514657818313,1.7595819445891232
v8,tuned_cnn,1.0,3.672379493713379,3.6468002796173096,4.907479763031006,5.013286113739014,,2.748125676939511,2.652781424736619
v8,tuned_cnn,1.0,4.0590081214904785,4.10569429397583,3.614835739135742,3.528160333633423,,4.557758116628763,4.777766326233265
v8,tuned_cnn,1.0,3.864439249038696,3.775235414505005,3.3362088203430176,3.3518362045288086,,4.476305745146765,4.252117814013629
v8,tuned_cnn,1.0,3.699239730834961,3.6275484561920166,5.634031295776367,6.0178680419921875,,2.4288779859008955,2.1866727070447394
v8,tuned_cnn,1.0,10.079726219177246,9.774006843566896,0.1049863621592521,0.0868804827332496,,967.7531306347438,1099.5704302357915
v8,tuned_cnn,1.0,5.932997703552246,6.404186248779297,8.619876861572266,7.949635982513428,,4.083638585056963,5.159179816443195
v8,tuned_cnn,1.0,7.415160655975342,7.485628604888916,2.898185014724731,2.8252522945404053,,18.972083312337148,19.833497956488362
v8,tuned_cnn,1.0,4.611291885375977,4.6487298011779785,3.7307281494140625,3.5435664653778076,,5.699695073058056,6.098570176545612
v8,tuned_cnn,1.0,3.9311447143554688,3.8583946228027344,5.779407024383545,6.190652370452881,,2.6739592314582334,2.404788409106547
v8,tuned_cnn,1.0,5.735916614532471,5.721164226531982,6.068376541137695,5.8158135414123535,,5.42167071964546,5.628055279605903
v8,tuned_cnn,1.0,5.446302890777588,5.296509265899658,4.952539443969727,5.532010555267334,,5.989294081081856,5.071033419675982
v8,tuned_cnn,1.0,4.884008407592773,5.1929168701171875,8.888764381408691,7.608358860015869,,2.683560627990973,3.5443104243759924
v8,tuned_cnn,1.0,8.223346710205078,8.157236099243164,0.7774053812026978,1.0216344594955444,,86.9860599776435,65.13141775939286
v8,tuned_cnn,1.0,3.5489070415496826,3.602219343185425,6.454442024230957,6.160441875457764,,1.9513291996857896,2.1063398468401306
v8,tuned_cnn,1.0,3.786980152130127,3.6295671463012695,7.392953395843506,7.885101795196533,,1.9398497332189992,1.670714977647437
v8,tuned_cnn,1.0,5.915241241455078,5.913381576538086,2.7354085445404053,2.796574354171753,,12.791536757625336,12.503898427580474
v8,tuned_cnn,1.0,5.845428943634033,5.8436760902404785,3.3259904384613037,3.277301788330078,,10.27334268311428,10.419714891452934
v8,tuned_cnn,1.0,4.047914028167725,4.140669822692871,3.681343555450439,3.6706178188323975,,4.450985824231815,4.670915749548992
v8,tuned_cnn,1.0,4.521310329437256,4.722157001495361,7.0621337890625,6.700904846191406,,2.894627559553745,3.3277247265263905
v8,tuned_cnn,1.0,8.792576789855957,8.845793724060059,2.805283308029175,2.4988720417022705,,27.558502338869538,31.31335470675662
v8,tuned_cnn,1.0,10.0659818649292,10.061615943908691,0.5112695693969727,0.4410961866378784,,198.18114937799285,229.51029383037542
v8,tuned_cnn,1.0,4.459483623504639,4.5539231300354,4.8205156326293945,4.771421909332275,,4.1254910685682225,4.346338736826057
v8,tuned_cnn,1.0,9.639402389526367,9.687336921691896,2.38769793510437,2.325881242752075,,38.915340613696614,40.347931317135725
v8,tuned_cnn,1.0,4.6406683921813965,4.851259708404541,6.771627426147461,6.604307174682617,,3.1802994717392026,3.5635412066550827
v8,tuned_cnn,1.0,10.388019561767578,10.352840423583984,2.0295448303222656,1.9870615005493164,,53.17002551677116,53.93960116813934
v8,tuned_cnn,1.0,3.437861442565918,3.468658208847046,5.503909111022949,5.423749923706055,,2.147363094098182,2.218315729715797
v8,tuned_cnn,1.0,5.274281024932861,5.120144367218018,5.431895732879639,5.761038303375244,,5.12123974721796,4.550547481309955
v8,tuned_cnn,1.0,8.464584350585938,8.529250144958496,1.232515573501587,1.237779140472412,,58.132481056307,58.77309259510498
v8,tuned_cnn,1.0,3.6038079261779785,3.751551866531372,3.930079936981201,3.642898797988891,,3.304622749927884,3.8634456205714063
v8,tuned_cnn,1.0,4.0306806564331055,4.002649307250977,4.675289154052734,4.793107986450195,,3.474947969808663,3.342549661331983
v8,tuned_cnn,1.0,9.87641429901123,9.886566162109377,2.5003321170806885,2.489067792892456,,39.01224110963402,39.26939666202547
v8,tuned_cnn,1.0,5.642462730407715,5.7043375968933105,6.733610153198242,6.884152889251709,,4.728130221337269,4.726720620940118
v8,tuned_cnn,1.0,5.194596767425537,5.156679153442383,9.897872924804688,9.608500480651855,,2.726225703355381,2.7674807265808923
v8,tuned_cnn,1.0,6.024568557739258,6.4100189208984375,6.537765026092529,6.0124831199646,,5.551656592435445,6.833839155380097
v8,tuned_cnn,1.0,3.443131446838379,3.5410873889923096,5.783787727355957,5.478678226470947,,2.049721517982974,2.28874545613851
v8,tuned_cnn,1.0,4.399581432342529,4.406096935272217,6.420050621032715,6.538574695587158,,3.0149788408832716,2.969101234878818
v8,tuned_cnn,1.0,5.260622978210449,5.190212249755859,3.960221767425537,3.880923986434937,,6.988031414429148,6.941208663625908
v8,tuned_cnn,1.0,4.782918453216553,4.758368968963623,3.881606101989746,4.013722896575928,,5.893516325212087,5.641165528420433
v8,tuned_cnn,1.0,7.711391448974609,7.564245700836182,1.0477287769317627,1.1193305253982544,,56.75663338508421,51.11788852739519
v8,tuned_cnn,1.0,7.09242057800293,6.9947190284729,1.7255194187164309,1.9251928329467771,,29.152050744637858,25.413607120276176
v8,tuned_cnn,1.0,3.633620262145996,3.6208670139312744,3.7230515480041504,3.727245569229126,,3.5463372019535675,3.5175245872750884
v8,tuned_cnn,1.0,5.795433521270752,6.6435699462890625,8.246275901794434,7.277444362640381,,4.072996113574127,6.064906776590126
v8,tuned_cnn,1.0,3.653861522674561,3.6220531463623047,2.7913177013397217,2.808619737625122,,4.782939620407184,4.671073417067951
v8,tuned_cnn,1.0,5.038337707519531,5.079933166503906,0.4721833169460296,0.6541863679885864,,53.7605754883429,39.44704787336173
v8,tuned_cnn,1.0,4.566389083862305,4.602998733520508,5.455893516540527,5.392673015594482,,3.821905468279483,3.9289601426827288
v8,tuned_cnn,1.0,3.673720836639404,3.812084913253784,5.787698268890381,5.445990085601807,,2.3318812001832327,2.668383738757993
v8,tuned_cnn,1.0,6.437160968780518,6.3786940574646,4.630541801452637,4.7865753173828125,,8.948637786833544,8.500386013142545
v8,tuned_cnn,1.0,3.9527628421783447,3.863760709762573,3.9084153175354,4.164590358734131,,3.9976135638416093,3.5846615240310675
v8,tuned_cnn,1.0,4.3221893310546875,4.13102388381958,6.723984241485596,7.865623950958252,,2.7783111831558247,2.1696127904269784
v8,tuned_cnn,1.0,3.572364091873169,3.824150085449219,6.236904144287109,5.693919658660889,,2.0461730547188823,2.5683755220881728
v8,tuned_cnn,1.0,10.12390422821045,10.227068901062012,1.692859411239624,1.758173942565918,,60.54456509588408,59.489528183101434
v8,tuned_cnn,1.0,3.650897026062012,3.5909347534179688,2.906425714492798,2.867210149765014,,4.586062196065625,4.497337735903934
v8,tuned_cnn,1.0,4.307141304016113,4.245522975921631,0.8020302653312683,0.7331945300102234,,23.13063111789077,24.583469463182077
v8,tuned_cnn,1.0,3.8245017528533936,3.822644472122192,3.347320556640625,3.3215181827545166,,4.3697080724943085,4.399377018652415
v8,tuned_cnn,1.0,9.966201782226562,9.9827241897583,1.525175929069519,1.5342707633972168,,65.12375134628064,64.95253942539298
v8,tuned_cnn,1.0,8.234606742858887,8.252692222595215,3.1059231758117676,3.093440055847168,,21.832075158077426,22.016566570329683
v8,tuned_cnn,1.0,4.231251239776611,4.231506824493408,2.1981301307678223,2.366665840148926,,8.144871317448935,7.565770250272235
v8,tuned_cnn,1.0,4.951167583465576,5.101632595062256,6.439277648925781,5.898458003997803,,3.8069581366242002,4.412450697684299
v8,tuned_cnn,1.0,4.186464786529541,4.171756744384766,4.066434383392334,4.06882905960083,,4.310038170155041,4.277288153272073
v8,tuned_cnn,1.0,9.946416854858398,9.899593353271484,2.4554078578948975,2.3117103576660156,,40.291150788866595,42.39369704562953
v8,tuned_cnn,1.0,10.18207836151123,10.095865249633787,0.0564325377345085,0.2661619186401367,,1837.1443837543056,382.9492049783893
v8,tuned_cnn,1.0,6.514780521392822,6.541418552398682,2.927743673324585,2.998280763626098,,14.496612401086367,14.27156429003519
v8,tuned_cnn,1.0,10.167652130126951,10.324599266052246,1.9200633764266968,1.9977771043777464,,53.842571609105406,53.35797961192912
v8,tuned_cnn,1.0,3.467100143432617,3.481346845626831,3.2711267471313477,3.283045530319214,,3.6748143174617858,3.6916258844504872
v8,tuned_cnn,1.0,4.720379829406738,4.848316669464111,7.856057643890381,7.623114109039307,,2.8362808349807085,3.083539638942373
v8,tuned_cnn,1.0,10.320342063903809,10.293461799621582,1.2375668287277222,1.1181412935256958,,86.0636030665747,94.76025653803818
v8,tuned_cnn,1.0,3.614983081817627,3.431957244873047,7.788790702819824,8.238826751708984,,1.677808941135951,1.4296125996572764
v8,tuned_cnn,1.0,7.609090805053711,7.630983829498291,2.213501453399658,2.2423887252807617,,26.156866890974264,25.968697375952686
v8,tuned_cnn,1.0,5.033222675323486,4.9324164390563965,1.6517382860183716,1.5533267259597778,,15.33737560837089,15.66234039605635
v8,tuned_cnn,1.0,3.4497199058532715,3.464881896972656,5.692428112030029,5.570968151092529,,2.0905959978116146,2.154994649828403
v8,tuned_cnn,1.0,10.310094833374023,10.260420799255373,0.5452355742454529,0.572246789932251,,194.9580337274778,183.9699878268536
v8,tuned_cnn,1.0,4.5564494132995605,4.578784465789795,2.104092597961426,2.120910882949829,,9.867071095669775,9.885029754290661
v8,tuned_cnn,1.0,4.5155229568481445,4.626835346221924,4.649511814117432,4.391002655029297,,4.385395368157167,4.875334178295029
v8,tuned_cnn,1.0,3.685263156890869,3.671467065811157,5.804656028747559,6.100090503692627,,2.3397018648954457,2.209749249978538
v8,tuned_cnn,1.0,5.379354000091553,5.314405918121338,2.606318712234497,2.5352566242218018,,11.102805394621829,11.140059744931058
v8,tuned_cnn,1.0,3.596119165420532,3.6358797550201416,6.390341758728027,6.171497344970703,,2.023690365893504,2.142044443029422
v8,tuned_cnn,1.0,3.4547102451324463,3.428232431411743,10.19128131866455,10.20882797241211,,1.1711013075426548,1.1512367174315665
v8,tuned_cnn,1.0,3.7154664993286137,3.825300931930542,1.8672975301742551,1.9166043996810913,,7.39287182923922,7.634818756684209
v8,tuned_cnn,1.0,5.744992256164551,5.722219944000244,1.5175657272338867,1.5046390295028689,,21.748603985377134,21.761898000434478
v8,tuned_cnn,1.0,3.511986494064331,3.5127580165863037,5.6922607421875,5.707841396331787,,2.1668102873570008,2.1618450875354474
v8,tuned_cnn,1.0,8.271446228027344,8.262069702148438,0.6781219244003296,0.6507923603057861,,100.89162470841728,104.89028440820229
v8,tuned_cnn,1.0,9.342514991760254,9.35257625579834,3.098379373550415,3.0167367458343506,,28.170400021495265,28.995132817375083
v8,tuned_cnn,1.0,10.045104026794434,9.854416847229004,1.1584757566452026,1.1934709548950195,,87.10075660221594,81.36731857667436
v8,tuned_cnn,1.0,10.085603713989258,10.15089511871338,1.4600794315338137,1.5028499364852903,,69.66703323036177,68.5635133685403
v8,tuned_cnn,1.0,4.339848518371582,4.4272027015686035,3.2288999557495117,3.053413152694702,,5.833034600181685,6.419086700887108
v8,tuned_cnn,1.0,5.750981330871582,5.6212592124938965,5.057851314544678,5.198966026306152,,6.539098168608555,6.077853745179821
v8,tuned_cnn,1.0,5.624582767486572,5.179553985595703,7.573858261108398,8.269461631774902,,4.176990143947735,3.244199040311914
v8,tuned_cnn,1.0,10.868119239807127,10.525914192199709,3.0290307998657227,3.454977035522461,,38.99465657988751,32.06819276724856
v8,tuned_cnn,1.0,3.568878173828125,3.5328986644744873,2.3609657287597656,2.340740442276001,,5.394780307259083,5.332232804637429
v8,tuned_cnn,1.0,4.577452659606934,4.594767093658447,3.645509004592895,3.8603923320770264,,5.747639856202325,5.468844311377947
v8,tuned_cnn,1.0,3.580228328704834,3.609377145767212,4.569444179534912,4.660772800445557,,2.805162812376287,2.795159502119748
v8,tuned_cnn,1.0,3.983222484588623,3.924951314926147,6.151262283325195,6.174960613250732,,2.579317972628478,2.4947920787515097
v8,tuned_cnn,1.0,3.720113515853882,3.777542114257813,5.481692314147949,5.240157127380371,,2.524629945960373,2.723167278788275
v8,tuned_cnn,1.0,6.633410930633545,6.58831262588501,2.6248207092285156,2.616553544998169,,16.76386521180018,16.588945156261346
v8,tuned_cnn,1.0,3.4580202102661133,3.438239812850952,4.25620698928833,4.322153091430664,,2.809521201554238,2.73509354263996
v8,tuned_cnn,1.0,5.269375801086426,5.299924850463867,2.107671022415161,1.9401932954788208,,13.173935133984067,14.477528340098868
v8,tuned_cnn,1.0,9.91265869140625,9.913337707519531,1.849953532218933,1.7960243225097656,,53.11528134139273,54.71766906029428
v8,tuned_cnn,1.0,7.417022705078125,7.467109680175781,1.6482456922531128,1.6785684823989868,,33.376229081748136,33.21742756428185
v8,tuned_cnn,1.0,4.500529766082764,4.493730068206787,2.727174997329712,2.805710554122925,,7.427014472936003,7.197324719127476
v8,tuned_cnn,1.0,4.980789661407471,5.05039644241333,6.29035758972168,6.141292095184326,,3.943856179451509,4.153279770806222
v8,tuned_cnn,1.0,3.665769100189209,3.820263147354126,7.804495811462402,7.222185134887695,,1.721810533380762,2.0207749098720655
v8,tuned_cnn,1.0,3.548903465270996,3.5513298511505127,9.306079864501951,9.001644134521484,,1.3533857423526996,1.4010711291402498
v8,tuned_cnn,1.0,7.186307430267334,7.072963714599609,2.635021924972534,2.886277437210083,,19.598703901810527,17.33264275398256
v8,tuned_cnn,1.0,3.6397953033447266,3.609081029891968,4.258936882019043,4.4288554191589355,,3.1106612324270397,2.941045630882139
v8,tuned_cnn,1.0,4.916306972503662,4.932704448699951,1.731215000152588,1.743205428123474,,13.961335966796609,13.957949410711016
v8,tuned_cnn,1.0,7.958548069000244,7.526653289794922,2.630415678024292,3.088362693786621,,24.07926925609002,18.343217867109352
v8,tuned_cnn,1.0,3.4763433933258057,3.5292699337005615,3.509392261505127,3.028703451156616,,3.4436057550138077,4.11256713170981
v8,tuned_cnn,1.0,4.90072774887085,4.898266315460205,1.139048457145691,1.2515006065368652,,21.08525964622839,19.171395340802285
v8,tuned_cnn,1.0,3.914950132369995,3.8684608936309814,6.34531831741333,6.508286952972412,,2.415455580357997,2.2993745963701744
v8,tuned_cnn,1.0,9.935040473937988,9.925942420959473,2.662761926651001,2.5756616592407227,,37.06866476903885,38.25204781486972
v8,tuned_cnn,1.0,5.100916385650635,4.8470611572265625,7.309002876281738,7.8989715576171875,,3.5599039176511846,2.9743114898595393
v8,tuned_cnn,1.0,11.039443969726562,11.028175354003906,1.2574883699417114,1.2657097578048706,,96.91487100304649,96.08889470014574
v8,tuned_cnn,1.0,10.160040855407717,10.315314292907717,0.8853618502616882,1.0718413591384888,,116.59236294521062,99.27374797982388
v8,tuned_cnn,1.0,5.141302585601807,5.2186126708984375,3.896744728088379,3.8539011478424072,,6.783352290485556,7.066584524127853
v8,tuned_cnn,1.0,3.7368688583374023,3.840272665023804,7.870880603790283,7.63823938369751,,1.7741583905728817,1.9307713991270572
v8,tuned_cnn,1.0,4.524646282196045,4.619321346282959,2.4454996585845947,2.3948960304260254,,8.371468753685908,8.90983551232894
v8,tuned_cnn,1.0,10.11161994934082,10.196046829223633,3.331122875213623,3.2153549194335938,,30.693811615505282,32.33216038310148
v8,tuned_cnn,1.0,7.517040729522705,7.358280658721924,4.032729625701904,4.5449700355529785,,14.01182488634315,11.913014569728293
v8,tuned_cnn,1.0,4.191009998321533,4.4332685470581055,8.011113166809082,7.11079740524292,,2.192524863935635,2.7639474014325778
v8,tuned_cnn,1.0,5.430942535400391,5.465553283691406,5.474796295166016,5.443292140960693,,5.387440049388508,5.4879054666350715
v8,tuned_cnn,1.0,10.475589752197266,10.659430503845217,1.4732288122177124,1.4225021600723269,,74.48807662887562,79.8757723225733
v8,tuned_cnn,1.0,3.4212863445281982,3.4472496509552,4.934702396392822,4.862033843994141,,2.372017461440311,2.4441479712630874
v8,tuned_cnn,1.0,10.078723907470703,10.016386985778809,1.9741252660751345,1.9343644380569456,,51.45604351895033,51.86613560248131
v8,tuned_cnn,1.0,4.957858562469482,4.898751735687256,2.9814629554748535,2.8136539459228516,,8.244396087603604,8.52904053914415
v8,tuned_cnn,1.0,5.9029645919799805,5.741764068603516,8.9603271484375,9.113309860229492,,3.8888078969578292,3.617550058665096
v8,tuned_cnn,1.0,4.432933330535889,4.384850025177002,5.807094573974609,5.944688320159912,,3.383946595435958,3.234300724916315
v8,tuned_cnn,1.0,8.816666603088379,8.72217082977295,0.7144975066184998,0.4749538600444793,,108.79479532112519,160.17611474221437
v8,tuned_cnn,1.0,4.057738780975342,4.097814559936523,4.505522727966309,4.393770694732666,,3.654458097043779,3.8217934740559913
v8,tuned_cnn,1.0,3.6777055263519287,3.6921422481536865,5.141979694366455,5.162299633026123,,2.6304106088513057,2.640667018510581
v8,tuned_cnn,1.0,4.790297031402588,4.597848415374756,9.43831729888916,10.040996551513672,,2.4312538901150504,2.1053896336193128
v8,tuned_cnn,1.0,3.4852280616760254,3.50551438331604,2.889057159423828,2.7787272930145264,,4.204421709785934,4.422395505499285
v8,tuned_cnn,1.0,3.518557071685791,3.527191162109375,5.37953519821167,5.31648063659668,,2.301359394548748,2.3400964556181627
v8,tuned_cnn,1.0,5.550873756408691,5.504334926605225,3.672920703887939,3.659379720687866,,8.389018425301353,8.279464088671011
v8,tuned_cnn,1.0,4.001707077026367,3.9419214725494385,4.81127405166626,4.943100452423096,,3.3283615438154053,3.143521974781896
v8,tuned_cnn,1.0,4.775125980377197,4.834078311920166,3.4676218032836914,3.34637713432312,,6.575638700529833,6.98316782232726
v8,tuned_cnn,1.0,3.5433709621429443,3.571307420730591,4.950824737548828,4.912956714630127,,2.5360376181634092,2.5960409248843934
v8,tuned_cnn,1.0,5.228298664093018,5.250373840332031,3.476158618927002,3.4124984741210938,,7.863595974050935,8.078077007885781
v8,tuned_cnn,1.0,7.923909664154053,7.874576568603516,3.7694714069366455,3.597637176513672,,16.657068747127198,17.236022726141037
v8,tuned_cnn,1.0,4.7296600341796875,4.85670804977417,4.142796993255615,4.03399658203125,,5.399657302864217,5.847207007018356
v8,tuned_cnn,1.0,4.698041915893555,4.847423553466797,4.958639621734619,4.479798793792725,,4.451139733314951,5.245216624296424
v8,tuned_cnn,1.0,5.784217357635498,5.746576309204102,3.78098464012146,3.872406005859375,,8.848798295910827,8.527809126299825
v8,tuned_cnn,1.0,5.750991344451904,5.851934909820557,4.470271110534668,4.826643466949463,,7.398634361575647,7.095022125265895
v8,tuned_cnn,1.0,10.10426139831543,10.110458374023438,1.9631614685058592,1.9430431127548216,,52.00596081543487,52.60890397225027
v8,tuned_cnn,1.0,5.458595275878906,5.430464267730713,3.784044981002808,3.988576650619507,,7.874182927379267,7.393600461086709
v8,tuned_cnn,1.0,8.520758628845215,8.548995018005371,4.453048229217529,4.971516132354736,,16.304186227912858,14.700810350838411
v8,tuned_cnn,1.0,4.337833404541016,4.29118013381958,5.314363956451416,5.351565837860107,,3.540743313733545,3.4409044938987416
v8,tuned_cnn,1.0,3.6870715618133545,3.615155935287475,6.194606781005859,6.534905910491943,,2.1945697576183103,1.9999297029603915
v8,tuned_cnn,1.0,3.997481346130371,3.862339735031128,7.087351322174072,7.342283725738525,,2.2547008587911233,2.031747721285427
v8,tuned_cnn,1.0,10.107675552368164,10.2799072265625,2.3286147117614746,2.403202772140503,,43.87376948016383,43.97319019926361
v8,tuned_cnn,1.0,5.260525226593018,5.187576770782471,4.393368721008301,4.922322750091553,,6.298839778071346,5.467124794338477
v8,tuned_cnn,1.0,3.4770607948303223,3.4556620121002197,6.494834899902344,6.469471454620361,,1.861471762912381,1.8458385705286786
v8,tuned_cnn,1.0,3.737471342086792,3.7214488983154297,3.980870246887207,4.123294830322266,,3.508954365905971,3.3587658590231615
v8,tuned_cnn,1.0,10.334107398986816,10.46517276763916,1.979973316192627,2.1671042442321777,,53.93697726146747,50.53741247013248
v8,tuned_cnn,1.0,3.8678808212280273,3.9102489948272705,3.1032683849334717,2.9264469146728516,,4.8208856571534735,5.224782012919909
v8,tuned_cnn,1.0,8.152019500732422,8.166707038879395,2.01094388961792,2.0583553314208984,,33.046880265241136,32.40213331526297
v8,tuned_cnn,1.0,4.864607334136963,4.803048133850098,2.079721450805664,1.9598699808120728,,11.378641359001113,11.770817249071872
v8,tuned_cnn,1.0,3.5872411727905273,3.621761560440063,4.764013290405273,4.768245697021484,,2.701146795219972,2.7509397866965952
v8,tuned_cnn,1.0,4.433175563812256,4.371703624725342,2.3523287773132324,2.315133810043335,,8.354718851005726,8.255156785982471
v8,tuned_cnn,1.0,5.640810966491699,5.1807332038879395,4.89055061340332,5.1375250816345215,,6.5061689112241785,5.224304719370393
v8,tuned_cnn,1.0,7.252518653869629,7.304575443267822,3.103196144104004,2.7629849910736084,,16.949952365938515,19.31129650677492
v8,tuned_cnn,1.0,7.5977783203125,7.493502140045166,3.2849183082580566,3.122664213180542,,17.57311141025665,17.982264659083576
v8,tuned_cnn,1.0,3.929666757583618,4.059253692626953,2.31494665145874,2.1777658462524414,,6.670685398269093,7.566259049135404
v8,tuned_cnn,1.0,5.07360315322876,5.116434574127197,5.806361198425293,5.792687892913818,,4.4333185753986495,4.519128811228985
v8,tuned_cnn,1.0,4.551400661468506,4.44592809677124,1.5808002948760986,1.7230838537216189,,13.10427892021591,11.471453695632725
v8,tuned_cnn,1.0,3.4466640949249268,3.633674383163452,1.46455717086792,1.5663743019104004,,8.111321032421484,8.429396158220147
v8,tuned_cnn,1.0,9.896679878234863,9.897385597229004,3.751794815063477,3.8127105236053462,,26.10597792262307,25.692546301051358
v8,tuned_cnn,1.0,6.511682987213135,6.580133438110352,2.2054357528686523,2.14267897605896,,19.226139446958662,20.207486304353658
v8,tuned_cnn,1.0,4.008245944976807,4.0976481437683105,0.3075911700725555,0.3833142220973968,,52.23178399962948,43.80406293889483
v8,tuned_cnn,1.0,4.11839485168457,4.088395595550537,2.621975898742676,2.456413507461548,,6.46885280773001,6.804627354044414
v8,tuned_cnn,1.0,5.979467868804932,5.996067047119141,1.8963795900344849,2.001939058303833,,18.853839274562336,17.958998244436827
v8,tuned_cnn,1.0,3.482438087463379,3.4785587787628174,5.735476493835449,5.8082275390625,,2.1144494352038974,2.083315623557849
v8,tuned_cnn,1.0,3.4611897468566895,3.5248022079467773,5.707027435302734,5.262819766998291,,2.0991373529485045,2.3607554799910577
v8,tuned_cnn,1.0,10.368830680847168,10.35252857208252,0.958418607711792,0.9999276995658876,,112.17713097699777,107.18259718409064
v8,tuned_cnn,1.0,3.6555585861206055,3.694352388381958,3.452012777328491,3.5761525630950928,,3.8711063482510557,3.8164589817530556
v8,tuned_cnn,1.0,7.19161319732666,7.347586154937744,3.2324154376983643,3.04647159576416,,16.0002021326781,17.7211638471525
v8,tuned_cnn,1.0,3.550790309906006,3.5209553241729736,5.5407938957214355,5.905959606170654,,2.275506373672966,2.099087569422125
v8,tuned_cnn,1.0,9.990497589111328,10.103156089782717,1.6837437152862549,1.7329951524734497,,59.27864268884321,58.90020109336539
v8,tuned_cnn,1.0,6.7851643562316895,6.747747898101807,1.4132763147354126,1.5956954956054688,,32.575692991569106,28.534329902999886
v8,tuned_cnn,1.0,10.072864532470703,9.811144828796388,0.5435363054275513,0.5421648025512695,,186.67124693665994,177.5448395001914
v8,tuned_cnn,1.0,5.360074996948242,5.41680908203125,8.189936637878418,7.703994750976563,,3.5080129729003904,3.808650132771293
v8,tuned_cnn,1.0,6.7157793045043945,6.4178314208984375,6.665081024169922,8.335929870605469,,6.766863223906052,4.941087651458323
v8,tuned_cnn,1.0,10.904298782348633,10.96860408782959,1.1445146799087524,1.15900981426239,,103.89008898008157,103.80436313399049
v8,tuned_cnn,1.0,3.8496768474578857,3.873901605606079,2.099743604660034,2.2253735065460205,,7.058010224182951,6.743638137945546
v8,tuned_cnn,1.0,4.915558815002441,4.890470504760742,2.790109872817993,2.869667053222656,,8.660131523546065,8.334312418256385
v8,tuned_cnn,1.0,4.330667972564697,4.389942169189453,2.6642584800720215,2.5757551193237305,,7.039363946433095,7.481919420153417
v8,tuned_cnn,1.0,3.530689477920532,3.525880813598633,6.460649490356445,6.475637435913086,,1.9294914865921629,1.9197856017629293
v8,tuned_cnn,1.0,6.126095294952393,6.177436828613281,2.1964781284332275,2.2159745693206787,,17.086008313503093,17.2207417448866
v8,tuned_cnn,1.0,9.970504760742188,10.03183937072754,1.9253336191177368,1.821738839149475,,51.63311137190687,55.2427159136951
v8,tuned_cnn,1.0,9.914801597595217,9.928610801696776,0.9815354943275452,0.957918643951416,,100.15255819864642,102.90781276052662
v8,tuned_cnn,1.0,5.33188009262085,5.262065887451172,6.27897310256958,6.099610805511475,,4.527642475559002,4.539525272474403
v8,tuned_cnn,1.0,10.233708381652832,10.213561058044434,2.71786117553711,2.722536087036133,,38.5335307716792,38.316050238278166
v8,tuned_cnn,1.0,3.415393829345703,3.4916274547576904,6.59787654876709,6.381646633148193,,1.7679801862483266,1.9103944457675772
v8,tuned_cnn,1.0,3.588228702545166,3.4831011295318604,1.1340700387954712,0.816676676273346,,11.353254015461237,14.855320142001313
v8,tuned_cnn,1.0,4.679145812988281,4.637989044189453,2.5970869064331055,2.7035515308380127,,8.430370768483835,7.956549793357816
v8,tuned_cnn,1.0,9.904617309570312,9.880684852600098,1.2759981155395508,1.4409531354904177,,76.88212298617545,67.75233055943494
v8,tuned_cnn,1.0,8.460116386413574,8.529059410095215,2.564372301101685,2.414327383041382,,27.910755876170793,30.130484760229752
v8,tuned_cnn,1.0,10.166122436523438,10.11316204071045,4.733439922332764,4.280218601226807,,21.834024956516533,23.895052096720512
v8,tuned_cnn,1.0,3.505760431289673,3.490439176559448,2.535888910293579,2.4411985874176025,,4.846567273395861,4.990649145897153
v8,tuned_cnn,1.0,10.357783317565918,10.367161750793455,1.4031959772109983,1.4115501642227173,,76.4566582259483,76.14185134277432
v8,tuned_cnn,1.0,3.9422318935394287,3.967702865600586,9.169538497924805,8.880195617675781,,1.6948718090835935,1.7727836984085987
v8,tuned_cnn,1.0,4.937266826629639,4.916816234588623,1.430832028388977,1.5276910066604614,,17.03666344733977,15.824588728555174
v8,tuned_cnn,1.0,5.413091659545898,5.492311954498291,6.917874336242676,6.867498397827148,,4.235630757432927,4.392500566883145
v8,tuned_cnn,1.0,3.502753734588623,3.55084228515625,5.793550968170166,5.975862503051758,,2.1177484745680375,2.1099014456264267
v8,tuned_cnn,1.0,8.776312828063965,8.324936866760254,4.227216720581055,5.212808132171631,,18.22089378125207,13.295055578167249
v8,tuned_cnn,1.0,3.6544904708862305,3.801215887069702,8.893882751464844,7.657344818115234,,1.501627688941437,1.88697813188823
v8,tuned_cnn,1.0,4.187318325042725,4.168567657470703,1.0301644802093506,0.9963249564170836,,17.020228412141925,17.441052944614196
v8,tuned_cnn,1.0,3.7348954677581783,3.767294645309448,5.230159282684326,5.199402332305908,,2.667116506616443,2.729642377623609
v8,tuned_cnn,1.0,3.547348737716675,3.5064213275909424,3.2028112411499023,3.2667465209960938,,3.928949325924739,3.7636806062429504
v8,tuned_cnn,1.0,10.567598342895508,10.503589630126951,2.9120092391967773,2.8881568908691406,,38.349512506207255,38.19923892185438
v8,tuned_cnn,1.0,4.016662120819092,3.9804413318634033,2.4564919471740723,2.5060107707977295,,6.567729485693146,6.322364365322727
v8,tuned_cnn,1.0,3.740762948989868,3.595799684524536,9.302722930908203,9.980085372924805,,1.5042162971491662,1.2955575917520934
v8,tuned_cnn,1.0,8.388860702514648,8.50043773651123,2.0204379558563232,2.0245707035064697,,34.83055922712972,35.69025353728441
v8,tuned_cnn,1.0,3.4821131229400635,3.499702215194702,4.913679599761963,5.01366662979126,,2.467623611750914,2.4429058610042924
v8,tuned_cnn,1.0,9.811535835266112,9.80753231048584,1.8293333053588867,1.605177402496338,,52.62367178507426,59.92340153283659
v8,tuned_cnn,1.0,4.282839298248291,4.324339389801025,3.376452684402466,3.333610773086548,,5.432539463489044,5.60950645742925
v8,tuned_cnn,1.0,4.225952625274658,4.221088886260986,3.296907424926758,3.1909377574920654,,5.416796193924831,5.583810384230072
v8,tuned_cnn,1.0,10.144230842590332,10.08700180053711,0.8202241063117981,0.7292180061340332,,125.46012558748515,139.5297489477204
v8,tuned_cnn,1.0,9.778109550476074,9.79503345489502,1.320548415184021,1.2851556539535522,,72.40281786093225,74.65452148723162
v8,tuned_cnn,1.0,9.98552417755127,10.053431510925291,2.262717962265014,2.2481651306152344,,44.066779317316715,44.957322648806624
v8,tuned_cnn,1.0,4.458492755889893,4.525417327880859,4.402963638305664,4.215095520019531,,4.514722193338873,4.858585503986264
v8,tuned_cnn,1.0,3.6325113773345943,3.750368118286133,9.45378875732422,8.696211814880371,,1.3957514013884094,1.6174009237665465
v8,tuned_cnn,1.0,9.718292236328123,9.47834300994873,5.157408714294434,5.159057140350342,,18.312530424224132,17.413838182095258
v8,tuned_cnn,1.0,5.906352996826172,5.74365758895874,6.117281913757324,6.483954906463623,,5.702697082615017,5.0878827775802655
v8,tuned_cnn,1.0,3.931262969970703,3.8743784427642822,1.477372407913208,1.569968581199646,,10.461024218594183,9.561215745022432
v8,tuned_cnn,1.0,5.588515758514404,5.613833904266357,3.039987325668335,2.939070701599121,,10.273565326887553,10.722821702636606
v8,tuned_cnn,1.0,3.5843045711517334,3.50848650932312,7.287495136260986,7.458730220794678,,1.762915654633394,1.6503449275835103
v8,tuned_cnn,1.0,9.63840103149414,9.72539234161377,2.4256577491760254,2.608628034591675,,38.2983850361677,36.2578546822697
v8,tuned_cnn,1.0,3.7413275241851807,3.681989908218384,1.7962974309921265,1.6937313079833984,,7.792435373853723,8.004250509110213
v8,tuned_cnn,1.0,5.0357866287231445,4.693939685821533,9.735703468322754,10.2019624710083,,2.60475753524523,2.1596893574881713
v8,tuned_cnn,1.0,3.9984521865844727,4.038799285888672,5.197235107421875,5.2018208503723145,,3.0761779211356326,3.1358057382017184
v8,tuned_cnn,1.0,3.54730224609375,3.5655429363250732,6.2861008644104,6.15193510055542,,2.001773992584831,2.066519919826501
v8,tuned_cnn,1.0,3.540313959121704,3.576120615005493,2.157440423965454,2.077690839767456,,5.809580088480206,6.155217325065853
v8,tuned_cnn,1.0,3.491666555404663,3.531562089920044,5.704252243041992,5.435977935791016,,2.137306489032434,2.294330650763684
v8,tuned_cnn,1.0,10.172119140625,10.19973850250244,1.8000017404556274,1.7038391828536987,,57.48439320112992,61.058969981654485
v8,tuned_cnn,1.0,3.6579976081848145,3.589411735534668,3.907256364822388,4.136314392089844,,3.4246400164464457,3.114820438173828
v8,tuned_cnn,1.0,10.63463306427002,10.515644073486328,0.5791087746620178,0.5424690842628479,,195.29218923969927,203.8434511535561
v8,tuned_cnn,1.0,10.070305824279783,10.192713737487791,0.5941997766494751,0.5609028339385986,,170.66828931904297,185.22176578224455
v8,tuned_cnn,1.0,3.496346950531006,3.52362322807312,7.193535327911377,6.793109893798828,,1.6993649771977692,1.8277226259434516
v8,tuned_cnn,1.0,3.587162733078003,3.7350590229034424,11.971484184265137,11.824572563171388,,1.0748655952364294,1.1798029763902775
v8,tuned_cnn,1.0,10.202893257141112,10.220746040344238,1.0300155878067017,1.126235842704773,,101.06549070609924,92.75468393043865
v8,tuned_cnn,1.0,7.069024562835693,6.995849609375,1.7891520261764526,1.8032010793685913,,27.93005152098016,27.141682820049017
v8,tuned_cnn,1.0,3.602377414703369,3.538144111633301,7.019222259521484,7.165915012359619,,1.8487978522637076,1.7469456075175072
v8,tuned_cnn,1.0,5.941581726074219,6.053073883056641,12.19370937347412,12.012229919433594,,2.8951316064999064,3.050199977813116
v8,tuned_cnn,1.0,3.896409749984741,3.7862226963043217,1.8835070133209229,2.060063123703003,,8.060500349827661,6.958758758926602
v8,tuned_cnn,1.0,3.712935209274292,3.767054796218872,10.12936019897461,10.270954132080078,,1.3609830825903761,1.3816342333174942
v8,tuned_cnn,1.0,3.479120969772339,3.5056698322296143,1.393778681755066,1.4032177925109863,,8.684508437930573,8.758241976545198
v8,tuned_cnn,1.0,3.472222328186035,3.724339485168457,6.536082744598389,6.090982913970947,,1.844580059259096,2.2772522590679865
v8,tuned_cnn,1.0,5.768742084503174,5.774847507476807,2.1511967182159424,2.551182508468628,,15.46970807259174,13.071923950524836
v8,tuned_cnn,1.0,3.765545129776001,3.6184158325195312,6.782168388366699,7.309004306793213,,2.0906779826789976,1.7913429227096007
v8,tuned_cnn,1.0,5.411145210266113,5.179055690765381,4.287146091461182,5.151940822601318,,6.829833148187929,5.2063132655522235
v8,tuned_cnn,1.0,5.688502311706543,5.764333248138428,2.579328775405884,2.44653058052063,,12.545534659573848,13.581492935405363
v8,tuned_cnn,1.0,3.708646059036255,3.757801055908203,1.6031928062438965,1.69329035282135,,8.579164987291438,8.339425516868012
v8,tuned_cnn,1.0,3.704625844955444,3.5251426696777344,3.434272289276123,3.790489196777344,,3.996262234059676,3.278371259347666
v8,tuned_cnn,1.0,4.735357761383057,4.804740905761719,3.902538061141968,3.9277050495147705,,5.745905043583127,5.877614250681052
v8,tuned_cnn,1.0,6.120434284210205,6.017082214355469,3.0425314903259277,3.20987868309021,,12.312022388738812,11.27932920488366
v8,tuned_cnn,1.0,4.859566688537598,4.891264915466309,1.8550989627838137,1.8100104331970217,,12.729988466440817,13.21786440259012
v8,tuned_cnn,1.0,4.316736698150635,4.337724208831787,2.361501455307007,2.240285634994507,,7.890833892684561,8.398862635179773
v8,tuned_cnn,1.0,3.5223288536071777,3.3851985931396484,6.918027877807617,7.474921703338623,,1.7934013525376942,1.533068836008853
v8,tuned_cnn,1.0,10.246094703674316,10.238404273986816,1.9841388463974,1.8647865056991575,,52.91084183311036,56.21282745087749
v8,tuned_cnn,1.0,9.735876083374023,9.730154991149902,1.9388126134872437,1.9175156354904177,,48.8893472486365,49.37426031865724
v8,tuned_cnn,1.0,3.905467748641968,3.884249448776245,1.1614502668380735,1.2219520807266235,,13.132442060740475,12.34696025996942
v8,tuned_cnn,1.0,10.165915489196776,10.150382995605469,1.8702489137649536,1.8089298009872437,,55.25779855979056,56.956480511983784
v8,tuned_cnn,1.0,8.146417617797852,8.167407989501953,2.122593641281128,2.3069305419921875,,31.265579389709288,28.915718116668916
v8,tuned_cnn,1.0,10.536123275756836,10.542320251464844,0.7240080833435059,0.6564891934394836,,153.32687056378663,169.29527156746855
v8,tuned_cnn,1.0,8.827542304992676,8.701151847839355,1.4580965042114258,1.4668540954589844,,53.443309768155174,51.613888329819375
v8,tuned_cnn,1.0,9.963156700134276,9.956246376037598,0.6793676018714905,0.6571875214576721,,146.11307804196326,150.83494233197536
v8,tuned_cnn,1.0,4.775153636932373,4.792936325073242,2.339357614517212,2.125340461730957,,9.747159696664967,10.808733485221065
v8,tuned_cnn,1.0,6.819714546203613,6.662206172943115,6.270632743835449,6.548046588897705,,7.4168761577406785,6.778356031561635
v8,tuned_cnn,1.0,3.5035288333892822,3.454753875732422,1.202790141105652,1.318780779838562,,10.2052002813281,9.050271678473543
v8,tuned_cnn,1.0,10.016031265258787,10.072882652282717,1.2958563566207886,1.3815449476242063,,77.41666874887956,73.4416676787392
v8,tuned_cnn,1.0,6.031460285186768,6.082071304321289,1.0393024682998655,1.211002230644226,,35.00281610154813,30.54626194302695
v8,tuned_cnn,1.0,11.004694938659668,11.1715087890625,1.662240743637085,1.5645147562026978,,72.8554580054272,79.77080953011563
v8,tuned_cnn,1.0,4.34663724899292,4.334958553314209,3.197582244873047,3.1484792232513428,,5.9086065431548755,5.9685531732828805
v8,tuned_cnn,1.0,3.7259061336517334,3.808220863342285,5.373531341552734,5.530706882476807,,2.58347362923767,2.6221867208230734
v8,tuned_cnn,1.0,3.6474130153656006,3.7196338176727295,4.6625285148620605,4.572436809539795,,2.853306239790786,3.025886701967814
v8,tuned_cnn,1.0,3.5516250133514404,3.559358596801758,4.204514026641846,4.171606063842773,,3.0001184811217008,3.0369678792144144
v8,tuned_cnn,1.0,3.5452191829681396,3.5766677856445312,5.266636848449707,5.276650905609131,,2.3864525724770607,2.424369676468221
v8,tuned_cnn,1.0,7.881540775299072,8.001643180847168,3.205335855484009,3.103379964828491,,19.37977416201895,20.631148721467113
v8,tuned_cnn,1.0,5.973021030426025,5.968261241912842,2.0260744094848633,2.0447962284088135,,17.60891903223958,17.419898255307974
v8,tuned_cnn,1.0,5.494721412658691,5.372230529785156,7.9952073097229,8.696266174316406,,3.7762577295542727,3.31876466136622
v8,tuned_cnn,1.0,10.35887622833252,10.305970191955566,1.1792019605636597,1.252116322517395,,90.99909964754472,84.82680058345865
v8,tuned_cnn,1.0,10.119288444519045,10.160634994506836,1.3669661283493042,1.3731845617294312,,74.9104140181081,75.18181194928026
v8,tuned_cnn,1.0,6.836850643157959,6.813902378082275,4.616952419281006,4.761621475219727,,10.124108388391962,9.750725852456132
v8,tuned_cnn,1.0,3.8209903240203857,3.918465852737427,5.994977951049805,5.754754543304443,,2.435366264141264,2.668119817018747
v8,tuned_cnn,1.0,11.120468139648438,11.201271057128906,1.5962284803390503,1.565593123435974,,77.47312691643536,80.14117551813892
v8,tuned_cnn,1.0,10.702428817749023,10.604498863220217,2.996903896331787,2.9687347412109375,,38.22010533577144,37.87990707925918
v8,tuned_cnn,1.0,11.247090339660645,11.13778018951416,0.8072259426116943,0.849765956401825,,156.70586688433224,145.98154540716274
v8,tuned_cnn,1.0,6.836725234985352,6.922401428222656,2.68306303024292,2.6402904987335205,,17.420690983339917,18.149382257916276
v8,tuned_cnn,1.0,3.562652349472046,3.6260273456573486,6.500528335571289,6.135019779205322,,1.9525323339865464,2.1431184877382687
v8,tuned_cnn,1.0,5.66127872467041,5.596659183502197,4.67869758605957,5.173762798309326,,6.850213378590817,6.054122548199355
v8,tuned_cnn,1.0,3.8970797061920166,3.867248773574829,1.4211337566375732,1.487539768218994,,10.686700083985691,10.05392487396967
v8,tuned_cnn,1.0,3.466298818588257,3.4817683696746826,3.1104416847229004,2.9181392192840576,,3.8628685947593144,4.154260667193702
v8,tuned_cnn,1.0,5.132115364074707,5.22302770614624,4.564218521118164,4.492887020111084,,5.770672019384187,6.071823817750212
v8,tuned_cnn,1.0,5.562092304229736,6.221998691558838,10.441765785217283,9.003907203674316,,2.9628006830578313,4.29960758613347
v8,tuned_cnn,1.0,5.871910095214844,5.819678783416748,3.8274130821228023,3.959586381912231,,9.008520226712161,8.553585621181627
v8,tuned_cnn,1.0,3.7106213569641113,3.691767930984497,4.432826042175293,4.271364212036133,,3.106079671017622,3.190819087222867
v8,tuned_cnn,1.0,10.30653476715088,10.403929710388184,1.1411553621292114,1.1658108234405518,,93.08518579651751,92.84675630241095
v8,tuned_cnn,1.0,3.5150253772735596,3.558973550796509,4.9907660484313965,4.8208770751953125,,2.4756526919871242,2.627383469377499
v8,tuned_cnn,1.0,10.03524112701416,10.074896812438965,1.1009021997451782,1.0912861824035645,,91.47594082437703,93.01276550366526
v8,tuned_cnn,1.0,5.413191795349121,5.343682765960693,5.360456466674805,5.556299209594727,,5.466445925903031,5.139202268646024
v8,tuned_cnn,1.0,6.790647029876709,6.983264923095703,2.969856977462769,3.0903711318969727,,15.526972320319912,15.779978165989613
v8,tuned_cnn,1.0,11.191515922546388,11.232536315917969,0.8395963907241821,0.8955192565917969,,149.17885549338376,140.89018316434465
v8,tuned_cnn,1.0,4.7643866539001465,4.740266799926758,2.870323181152344,3.013890504837036,,7.9083011756009824,7.455522786386974
v8,tuned_cnn,1.0,9.991547584533691,9.97651481628418,2.0015554428100586,2.2307159900665283,,49.87672137317592,44.61834152027994
v8,tuned_cnn,1.0,3.6676137447357178,3.6407432556152344,7.12152099609375,7.4481987953186035,,1.8888367510188657,1.7796264328550082
v8,tuned_cnn,1.0,10.40081787109375,10.289830207824709,1.4641884565353394,1.4611908197402954,,73.88189129945664,72.46186074771573
v8,tuned_cnn,1.0,10.183405876159668,9.982550621032717,3.0251505374908447,2.998345136642456,,34.279866060687596,33.2354390038867
v8,tuned_cnn,1.0,3.929131507873535,4.0241827964782715,4.476321697235107,4.248106479644775,,3.4488304126354916,3.8120624464257356
v8,tuned_cnn,1.0,10.204825401306152,10.316914558410645,1.6544586420059204,1.7085624933242798,,62.944130984672036,62.29723900730845
v8,tuned_cnn,1.0,4.00644063949585,3.971145868301392,2.7286784648895264,2.79620361328125,,5.88254233847731,5.639789403183575
v8,tuned_cnn,1.0,4.727865695953369,4.7579803466796875,5.146015167236328,5.044792175292969,,4.343693773249639,4.487474645687554
v8,tuned_cnn,1.0,5.90685510635376,5.882592678070068,2.4151289463043213,2.193493604660034,,14.446821690762432,15.776155691799673
v8,tuned_cnn,1.0,4.360846996307373,4.4517412185668945,3.1138157844543457,3.088782548904419,,6.107293379442968,6.416120126072597
v8,tuned_cnn,1.0,6.185948848724365,6.228390216827393,3.627121686935425,3.5968639850616455,,10.54995295494633,10.785185332051503
v8,tuned_cnn,1.0,3.726964950561523,3.76369309425354,3.9885096549987793,4.0178046226501465,,3.482570921021954,3.525653195746559
v8,tuned_cnn,1.0,3.463200330734253,3.495959520339966,6.249391555786133,6.228007793426514,,1.9191878799293929,1.9623824139647574
v8,tuned_cnn,1.0,5.800538063049316,5.659396648406982,6.601285934448242,7.080641269683838,,5.0969223504323455,4.523427921865377
v8,tuned_cnn,1.0,3.4850947856903076,3.5234270095825195,6.887485980987549,6.709941387176514,,1.7634715625953632,1.8501708398796533
v8,tuned_cnn,1.0,10.957379341125488,10.787029266357422,0.6939951181411743,0.7496566772460938,,173.00433228825662,155.2177202245521
v8,tuned_cnn,1.0,7.787615776062012,7.680280685424805,4.10145378112793,4.2569684982299805,,14.786698256756065,13.856506439132822
v8,tuned_cnn,1.0,5.354927062988281,5.352086544036865,3.469293117523194,3.657365560531616,,8.265442808821009,7.832093866683867
v8,tuned_cnn,1.0,8.685922622680664,8.628121376037598,1.297862887382507,1.421953201293945,,58.13037150584649,52.35367690856081
v8,tuned_cnn,1.0,7.673964023590088,7.658832550048828,1.4096938371658323,1.3020795583724976,,41.774832437199166,45.04925651624944
v8,tuned_cnn,1.0,4.642374515533447,4.599822521209717,2.572437047958374,2.565634489059448,,8.37790808508957,8.246836140086616
v8,tuned_cnn,1.0,8.468949317932129,8.338581085205078,1.541096568107605,1.4054745435714722,,46.54030385505025,49.472211953303166
v8,tuned_cnn,1.0,7.929326057434082,7.972479343414307,1.5989984273910522,1.5180352926254272,,39.320996598908195,41.870190495532334
v8,tuned_cnn,1.0,10.267914772033691,10.293449401855469,2.433154582977295,2.455998182296753,,43.330610600473925,43.141359530434855
v8,tuned_cnn,1.0,3.7202107906341553,3.721465826034546,4.7668232917785645,4.751959323883057,,2.9033944578186643,2.914441591437286
v8,tuned_cnn,1.0,7.263066291809082,7.698320388793945,7.471799373626709,6.622272968292236,,7.0601644023544186,8.949213826171183
v8,tuned_cnn,1.0,3.8498518466949463,3.8683431148529057,4.269043445587158,4.324636936187744,,3.471822067498772,3.4601930000211816
v8,tuned_cnn,1.0,3.7903974056243896,3.758891105651855,2.9241034984588623,2.9112355709075928,,4.913339250863123,4.853355903364342
v8,tuned_cnn,1.0,11.118364334106444,11.209725379943848,0.9522162079811096,0.8890941143035889,,129.82138345242552,141.3325553191664
v8,tuned_cnn,1.0,3.625242233276367,3.746037721633911,6.738675594329834,6.2450103759765625,,1.9502914283318666,2.2470416808090263
v8,tuned_cnn,1.0,3.430148124694824,3.426131010055542,3.918914318084717,4.024325847625732,,3.0023407511235796,2.9168546838694986
v8,tuned_cnn,1.0,3.7690141201019287,3.692337036132813,4.051290512084961,4.544224262237549,,3.506405525635089,3.000149640872932
v8,tuned_cnn,1.0,10.64951229095459,10.5595064163208,1.91509473323822,1.9677900075912476,,59.22010544273449,56.66416402470206
v8,tuned_cnn,1.0,4.952906131744385,4.775947093963623,5.658895969390869,6.133764743804932,,4.334993836706227,3.7187064709935633
v8,tuned_cnn,1.0,10.137285232543944,10.15768814086914,1.348077416419983,1.3859949111938477,,76.23045281691599,74.44372813625925
v8,tuned_cnn,1.0,10.187838554382324,10.274197578430176,2.945478916168213,3.0441906452178955,,35.23775160651378,34.67559958718184
v8,tuned_cnn,1.0,4.205826759338379,4.168915271759033,8.855966567993164,9.177353858947754,,1.9974080292373146,1.8937762246315315
v8,tuned_cnn,1.0,5.794275283813477,5.705814361572266,4.5709638595581055,4.72059440612793,,7.344977360608021,6.896656380065632
v8,tuned_cnn,1.0,10.10426425933838,10.223441123962402,3.1013009548187256,3.336301803588867,,32.92042846209701,31.32772589778736
v8,tuned_cnn,1.0,3.680478096008301,3.848443984985352,5.683004856109619,5.3087639808654785,,2.3835839240281658,2.7898247424356963
v8,tuned_cnn,1.0,5.675521373748779,5.733994960784912,2.6656947135925293,2.604609251022339,,12.083732881950336,12.623274757010673
v8,tuned_cnn,1.0,6.422728538513184,6.326015949249268,1.8768306970596311,1.7108250856399536,,21.979309025613748,23.391332127437646
v8,tuned_cnn,1.0,4.2020134925842285,4.139492034912109,1.3785876035690308,1.545345664024353,,12.80797632747302,11.088389287919703
v8,tuned_cnn,1.0,3.595635414123535,3.4930436611175537,6.216083526611328,6.2452521324157715,,2.0798616968307204,1.9537007889790077
v8,tuned_cnn,1.0,5.427168846130371,5.473211765289307,3.6235523223876953,3.5663890838623047,,8.128532187165883,8.399545401047405
v8,tuned_cnn,1.0,6.0722880363464355,6.156247615814209,2.440824270248413,2.4213242530822754,,15.106651652805533,15.652337624328224
v8,tuned_cnn,1.0,6.682358264923096,6.602494716644287,2.2946534156799316,2.4268081188201904,,19.459981047967783,17.963075096562942
v8,tuned_cnn,1.0,3.835479497909546,3.80019474029541,2.7554540634155273,2.802647829055786,,5.338830784444122,5.152798690741763
v8,tuned_cnn,1.0,3.45662260055542,3.370891571044922,0.314193844795227,0.1983313560485839,,38.02824275713508,57.29255428959103
v8,tuned_cnn,1.0,8.823040962219238,8.856728553771973,3.083496332168579,2.9555442333221436,,25.246033539547156,26.540506411920084
v8,tuned_cnn,1.0,4.373350620269775,4.547489643096924,5.169534206390381,4.548117637634277,,3.6997909065329244,4.5468617352717375
v8,tuned_cnn,1.0,7.409543991088867,7.408594131469727,3.0083935260772705,3.0144970417022705,,18.24938847926207,18.207769404163397
v8,tuned_cnn,1.0,4.135859489440918,4.191862106323242,3.5825750827789307,3.5399608612060547,,4.774591828827836,4.963814179697483
v8,tuned_cnn,1.0,3.7764060497283936,3.655933141708374,2.9445855617523193,3.0008208751678467,,4.843208782134475,4.454063635469099
v8,tuned_cnn,1.0,8.204080581665039,8.105143547058105,4.637571811676025,4.5512776374816895,,14.513400745837409,14.434046250530885
v8,tuned_cnn,1.0,3.9054863452911377,4.023260593414307,6.871179580688477,6.422466278076172,,2.2198260741319804,2.5203130856093945
v8,tuned_cnn,1.0,10.115745544433594,10.170495986938477,0.9150707721710204,0.9815757870674132,,111.8255669744019,105.38054216818982
v8,tuned_cnn,1.0,4.577920913696289,4.586949348449707,4.713162899017334,4.781811237335205,,4.4465596333255,4.400028207087565
v8,tuned_cnn,1.0,4.3362226486206055,4.398743152618408,4.263265132904053,4.229920387268066,,4.410428690744406,4.57430389965425
v8,tuned_cnn,1.0,9.954934120178224,10.051688194274902,1.6943830251693726,1.539540410041809,,58.48778692006925,65.62766062904554
v8,tuned_cnn,1.0,4.128199100494385,4.148348808288574,6.364387512207031,6.3535075187683105,,2.6777168707335424,2.7085507940919737
v8,tuned_cnn,1.0,3.5492053031921387,3.419285535812378,7.682964324951172,7.829375743865967,,1.6395830764562687,1.4932880931887347
v8,tuned_cnn,1.0,10.255324363708496,10.324536323547363,0.8926544189453125,0.8620357513427734,,117.81903004427551,123.65618262375622
v8,tuned_cnn,1.0,4.637657642364502,4.604084491729736,6.585826396942139,6.524585247039795,,3.265781256816635,3.2488799217702944
v8,tuned_cnn,1.0,10.365508079528809,10.268077850341797,2.1943612098693848,2.17663311958313,,48.96356956345049,48.43876618071147
v8,tuned_cnn,1.0,4.643919467926025,4.804993629455566,10.17524528503418,9.853047370910645,,2.1194563295984366,2.3432307701342885
v8,tuned_cnn,1.0,3.999621868133545,4.044939041137695,2.8144278526306152,2.9856560230255127,,5.683917274020675,5.480045832587235
v8,tuned_cnn,1.0,8.882977485656738,9.074233055114746,1.305778980255127,1.1400871276855469,,60.429284131428865,72.22404633731482
v8,tuned_cnn,1.0,6.757650852203369,6.733588695526123,4.559385299682617,4.689578533172607,,10.015789857344094,9.6685056876194
v8,tuned_cnn,1.0,3.9112460613250737,3.913235664367676,5.745826721191406,5.72755765914917,,2.662427270180342,2.673637574022072
v8,tuned_cnn,1.0,3.7046210765838623,3.717840194702149,1.7969058752059937,1.96099853515625,,7.63769405534169,7.048621131296034
v8,tuned_cnn,1.0,10.704784393310549,10.612186431884766,2.1667070388793945,2.161648988723755,,52.887818634923285,52.098421830997395
v8,tuned_cnn,1.0,4.337713718414307,4.312131881713867,2.7183547019958496,2.5838184356689453,,6.921745822612813,7.196512382062598
v8,tuned_cnn,1.0,3.68376350402832,3.5792229175567627,5.020768642425537,5.317685127258301,,2.7027960298635216,2.409100273330507
v8,tuned_cnn,1.0,11.154215812683104,11.136252403259276,2.355804681777954,2.3191444873809814,,52.81275283908984,53.474942274575504
v8,tuned_cnn,1.0,5.152708530426025,5.202728271484375,4.503441333770752,4.290111064910889,,5.895581452438807,6.309482681764799
v8,tuned_cnn,1.0,9.894705772399902,9.97113800048828,1.0031589269638062,1.0014973878860474,,97.5969008407143,99.27493993233865
v8,tuned_cnn,1.0,4.063135147094727,4.12421178817749,4.936396598815918,4.943692684173584,,3.344355927057497,3.4405704319352357
v8,tuned_cnn,1.0,3.973112106323242,3.840921640396118,6.940004348754883,7.350982666015625,,2.274583561643507,2.006898902899936
v8,tuned_cnn,1.0,3.5037765502929688,3.699085235595703,10.896817207336426,10.40625286102295,,1.1266087960177595,1.3149047753253458
v8,dho_matched,1.0,11.375003814697266,11.363476903714176,1.3106588125228882,1.2678381553045823,True,98.72188745697521,101.84944095662115
v8,dho_matched,1.0,5.178821086883545,5.05529569712435,6.580916404724121,6.9088686227486695,True,4.07544879778396,3.6990158564046625
v8,dho_matched,1.0,9.862879753112791,12.80318903295426,1.6132118701934814,1.9164610466548784,True,60.29982720911627,85.53351486046651
v8,dho_matched,1.0,3.794994115829468,4.075753802668469,6.506075859069824,6.000315373663937,True,2.213620106980945,2.7684826589078004
v8,dho_matched,1.0,10.20608615875244,10.194761037996171,0.7645562887191772,0.7499827753784954,True,136.2413679892414,138.58071949638122
v8,dho_matched,1.0,5.589702129364014,6.5962107607441895,6.968480110168457,4.380510311680596,True,4.483728072843889,9.932631886321184
v8,dho_matched,1.0,9.93369483947754,10.356727454448173,2.943662405014038,3.2755495617633192,True,33.522286046042744,32.74620076515604
v8,dho_matched,1.0,10.344606399536133,12.125371166812108,1.3637847900390625,1.3537776656432947,True,78.46610575430954,108.6032290709232
v8,dho_matched,1.0,10.235347747802734,11.68348531976663,2.30011248588562,2.466345976249949,True,45.54661746384699,55.346585812244754
v8,dho_matched,1.0,7.979221343994141,8.058154878715335,1.5645191669464111,1.006284317527928,True,40.69491419572519,64.52834344957544
v8,dho_matched,1.0,4.025465965270996,4.140070075614291,3.836078405380249,3.849557045527113,True,4.22420360721196,4.45250713998705
v8,dho_matched,1.0,3.6606791019439697,4.055846193027982,6.5962300300598145,5.796818164146866,True,2.0315500560685864,2.837744410069925
v8,dho_matched,1.0,4.533627986907959,4.380946456773914,5.879399299621582,5.455862164978476,True,3.495898420268551,3.51781098509398
v8,dho_matched,1.0,3.5990653038024902,3.5952929880377984,2.0151798725128174,2.2738221591894607,True,6.427848569608281,5.684759301686761
v8,dho_matched,1.0,5.158423900604248,6.053646747732203,5.122577667236328,2.9954803139249373,True,5.194520974960853,12.233977561451935
v8,dho_matched,1.0,3.636087417602539,3.7229837587324033,4.284270286560059,4.157326856315844,True,3.085970497688431,3.3340193222306076
v8,dho_matched,1.0,4.8720197677612305,5.1494956300353865,3.3514254093170166,2.0148062330912015,True,7.082531674871274,13.161218586796588
v8,dho_matched,1.0,4.6641669273376465,4.630096082840327,3.6248509883880615,2.634354704798966,True,6.001475149118974,8.13777647227248
v8,dho_matched,1.0,5.310877323150635,5.597020534019658,2.935889482498169,1.864157539864257,True,9.607111612919253,16.804716440713925
v8,dho_matched,1.0,3.4313790798187256,3.620586804630771,5.234691143035889,4.99965100093475,True,2.2492945749209943,2.6219127709945407
v8,dho_matched,1.0,3.852588176727295,3.4065183857556582,6.86264181137085,7.999499253108836,True,2.162787461071655,1.450636739291093
v8,dho_matched,1.0,5.150369644165039,4.958894867837773,3.0268547534942627,3.161218275952113,True,8.763653902095633,7.778848584209663
v8,dho_matched,1.0,4.01640510559082,4.133102436517578,2.416226863861084,2.360311850158708,True,6.67632258108337,7.237406256126242
v8,dho_matched,1.0,3.779040098190307,3.5380861049198016,5.304140567779541,5.789149615950018,True,2.6924520346391736,2.1623302412736694
v8,dho_matched,1.0,4.29055118560791,3.5751364100132035,6.078914642333984,8.74123692270019,True,3.02830859774228,1.4622187298240883
v8,dho_matched,1.0,3.908665895462036,4.156499486405483,6.24760103225708,5.345627200432278,True,2.4453656697134925,3.2318916626082657
v8,dho_matched,1.0,3.519279718399048,3.593168872499559,7.600098609924316,7.1897884937503465,True,1.6296275051170972,1.7957221631098599
v8,dho_matched,1.0,3.5093882083892822,1.5419070101106518,5.827407360076904,19.693112665450812,True,2.113427951091307,0.1207263304799635
v8,dho_matched,1.0,3.901975393295288,3.6615610209273832,4.6692795753479,4.998265836242663,True,3.2607625489522114,2.682336144020147
v8,dho_matched,1.0,4.886674404144287,5.224970867897863,2.6479196548461914,2.217397876417212,True,9.018244450285636,12.311872785993723
v8,dho_matched,1.0,9.238633155822754,8.813269549672363,2.71194839477539,5.214169295451172,True,31.472701601660297,14.896662489065028
v8,dho_matched,1.0,3.845800876617432,4.379984114634649,5.41652774810791,4.432745858416182,True,2.730565607784043,4.32785037924696
v8,dho_matched,1.0,8.588512420654297,9.000075763217517,1.5823969841003418,1.0435082577274437,True,46.61443767960048,77.6240754625751
v8,dho_matched,1.0,3.962247848510742,3.9032147624918583,4.336302757263184,4.337397832602345,True,3.6204593848369893,3.5124943733818514
v8,dho_matched,1.0,9.16904354095459,9.177025723587922,1.2710304260253906,0.0200000000075643,False,66.14425409061107,4210.8900549771
v8,dho_matched,1.0,3.889122009277344,2.8709315739745525,5.8494768142700195,10.343549558276372,True,2.5857474921768695,0.796849094791544
v8,dho_matched,1.0,4.928391933441162,4.984948612673075,1.4199771881103516,1.0708759271028092,True,17.105237501688883,23.205034348115966
v8,dho_matched,1.0,4.944215774536133,5.150176417771627,5.6290411949157715,5.22032975078539,True,4.342705760840983,5.080965839405154
v8,dho_matched,1.0,3.511913061141968,3.380741273623078,3.5710713863372803,3.1951214224618045,True,3.4537347520430313,3.5771446677517376
v8,dho_matched,1.0,8.909622192382812,8.693354879701833,1.9789328575134275,2.6569167532334985,True,40.113219258355606,28.444406085535316
v8,dho_matched,1.0,3.754594087600708,3.7236244647661385,3.545215845108032,2.741292410590726,True,3.9763380788502096,5.057971598008779
v8,dho_matched,1.0,3.3969900608062744,3.11712620964947,5.298373699188232,5.338859293854128,True,2.1779402753310126,1.819953527913514
v8,dho_matched,1.0,4.157882213592529,4.096280794639526,2.0316390991210938,1.1032464834846176,True,8.509377728351486,15.209218066604949
v8,dho_matched,1.0,11.341178894042969,11.859051578070572,1.885354995727539,1.626903219964552,True,68.2218144583703,86.44466530369424
v8,dho_matched,1.0,6.156332969665527,6.32244165876711,1.887113332748413,0.9664698244533242,True,20.083815304400478,41.36007924626551
v8,dho_matched,1.0,10.15516757965088,10.023846838152346,2.17134690284729,2.1250995613742214,True,47.4946810367156,47.28131672558523
v8,dho_matched,1.0,4.149276256561279,4.2455587604929566,5.940452575683594,5.7927217329894845,True,2.8981787555608935,3.1116235199332354
v8,dho_matched,1.0,3.4457170963287354,2.5038748825859125,6.126592636108398,9.116843634439554,True,1.9379395714930086,0.6876710492172458
v8,dho_matched,1.0,9.884563446044922,10.07033096024798,2.6122348308563232,2.7939045024466083,True,37.40268423220537,36.297434490020464
v8,dho_matched,1.0,3.4688782691955566,2.34483346013548,9.169191360473633,15.658271517423184,True,1.3123421655664511,0.3511399038937951
v8,dho_matched,1.0,5.026120185852051,4.9776672885648825,3.5535590648651123,3.682364914135244,True,7.108896647420255,6.728603007414725
v8,dho_matched,1.0,3.503986120223999,3.2815155785947323,8.466278076171875,9.623208664774026,True,1.450214441370444,1.1189972978532297
v8,dho_matched,1.0,3.4872024059295654,3.6262446103387176,4.048015594482422,3.966739549670144,True,3.0040844300343656,3.314976899631352
v8,dho_matched,1.0,3.742253541946411,4.574718010007218,5.772942543029785,3.7549596708847,True,2.425879257904508,5.5734406506031995
v8,dho_matched,1.0,7.600223064422607,7.629657460282996,4.6217522621154785,4.97965859690804,True,12.498158134192547,11.689892354748306
v8,dho_matched,1.0,10.617960929870604,10.606324299153464,0.8238989114761353,0.9164263344592644,True,136.83850377501588,122.75303634218473
v8,dho_matched,1.0,10.647772789001465,10.629486841172998,1.2148494720458984,1.1381394305004475,True,93.32437308077999,99.2725385649711
v8,dho_matched,1.0,9.168699264526367,13.497399887763482,4.613410472869873,3.481488294504658,True,18.221887407957404,52.328139094351876
v8,dho_matched,1.0,3.7913076877593994,3.4920011663634547,5.822432994842529,6.763299990111232,True,2.468729824112347,1.8029766776149139
v8,dho_matched,1.0,3.9814133644104,3.9519593948091583,1.5815002918243408,1.0356990609708856,True,10.023173856022533,15.079653585453432
v8,dho_matched,1.0,4.309682369232178,5.083174579282109,6.650712966918945,5.335374099029091,True,2.792687372926139,4.842896360006294
v8,dho_matched,1.0,3.788532257080078,3.8303273445441177,4.541248798370361,3.4436948861293253,True,3.16057923716641,4.2603680208303505
v8,dho_matched,1.0,4.722323894500732,4.663925124439895,1.7373312711715698,1.0527920696731492,True,12.835976266940916,20.661437517414903
v8,dho_matched,1.0,3.4799468517303467,1.2722605224646493,6.105237007141113,24.522456874313026,True,1.9835479075919922,0.06600671561247744
v8,dho_matched,1.0,3.7387118339538574,4.2394429705818055,8.111538887023926,6.82710123824905,True,1.7232200168216227,2.632578025959521
v8,dho_matched,1.0,5.277451992034912,5.510132890184145,1.9841684103012085,0.794651169466514,True,14.036862689495818,38.207411797898935
v8,dho_matched,1.0,10.273270606994627,13.599530933982596,0.8863791227340698,0.4482150735796554,True,119.06878925464463,412.6305707375575
v8,dho_matched,1.0,11.012072563171388,11.318715065517065,0.9002621173858643,0.482013446861401,True,134.70048310893878,265.787835523188
v8,dho_matched,1.0,9.604085922241213,9.766317697431832,0.9273954033851624,0.9028159544976272,True,99.45969762746788,105.64828954561955
v8,dho_matched,1.0,11.638958930969238,11.643588929541988,0.0930903032422065,0.0306987708290474,False,1455.2038212221607,4416.240764658643
v8,dho_matched,1.0,9.711485862731934,9.56398161677968,3.845339059829712,4.053528791195356,True,24.52656480862283,22.56546063390015
v8,dho_matched,1.0,4.088611602783203,4.097370664578004,2.4812097549438477,3.1470150880751655,True,6.737336416280432,5.334720645782747
v8,dho_matched,1.0,3.519289970397949,1.6592650923965797,6.53683614730835,17.121528008967523,False,1.8947089412426976,0.16080110638512185
v8,dho_matched,1.0,5.881686687469482,5.77122058108693,3.0095598697662354,2.7233567657564555,True,11.494783219661553,12.230122551097276
v8,dho_matched,1.0,6.9804792404174805,7.003027775164024,1.197094440460205,0.8634376839826734,True,40.70446639712653,56.79900116648478
v8,dho_matched,1.0,10.125547409057615,12.3288997329392,2.8697726726531982,2.707815267902114,True,35.72642227381868,56.13446767461062
v8,dho_matched,1.0,5.6170973777771,5.703090973508501,1.5823278427124023,1.49780022748261,True,19.940104761946667,21.715343645514146
v8,dho_matched,1.0,4.688468933105469,4.770128151550925,1.7483288049697876,1.0990818899310395,True,12.573001642602916,20.702845521043322
v8,dho_matched,1.0,10.3717622756958,9.873134290290848,3.1842753887176514,3.2594281401183096,True,33.78271021554695,29.90671262676732
v8,dho_matched,1.0,4.890622138977051,4.258088475968028,8.208775520324707,9.570665720289682,True,2.9137335826801065,1.8944677412286564
v8,dho_matched,1.0,3.697276353836059,3.621099550342466,3.548274278640747,3.61193447189046,True,3.8525354477027163,3.630287884660182
v8,dho_matched,1.0,9.877034187316896,9.605570464683527,0.4763875007629394,0.2110584718933057,True,204.7824600376587,437.16313836785156
v8,dho_matched,1.0,4.64545202255249,4.830660527923713,3.4843502044677734,2.195973395438826,True,6.193471731448232,10.626395194271952
v8,dho_matched,1.0,6.040050029754639,6.019294994703829,3.778892993927002,3.110971836342181,True,9.654204133477442,11.646493166542882
v8,dho_matched,1.0,3.5642497539520264,3.7007318456807905,4.017948627471924,4.051498129271486,True,3.161781666815463,3.3803338312533224
v8,dho_matched,1.0,5.715700626373291,5.712076380075871,3.9411098957061768,4.084545363480154,True,8.28934856293072,7.988114629242555
v8,dho_matched,1.0,9.98642349243164,13.4213845407283,1.4204086065292358,0.7445689355369898,True,70.2112432378717,241.93000055822455
v8,dho_matched,1.0,3.4633071422576904,3.4318074036262782,1.5912693738937378,1.74363208430145,True,7.537690700514985,6.754465097092125
v8,dho_matched,1.0,4.359559059143066,4.370955616226591,8.31615924835205,8.590073518346015,True,2.2854005824771337,2.2241082056188755
v8,dho_matched,1.0,5.9066267013549805,5.87425924348032,5.361093521118164,5.13663005042965,True,6.507672147805206,6.717813297986619
v8,dho_matched,1.0,3.591205596923828,3.894426287547319,6.7747721672058105,5.966256224249307,True,1.9036444800026644,2.542055778210883
v8,dho_matched,1.0,10.411980628967283,10.337106401852736,0.79791259765625,0.9489372268575744,True,135.8661850137801,112.60572958769882
v8,dho_matched,1.0,3.643949031829834,3.6938762065918898,2.5464963912963867,1.6336644856154976,True,5.21436613535264,8.352217698167639
v8,dho_matched,1.0,3.731714963912964,3.510667130165566,14.744474411010742,15.866700442875764,True,0.9444688351517386,0.7767704283065877
v8,dho_matched,1.0,10.359314918518066,12.455163878990378,1.7218279838562012,1.559544439512288,True,62.32643828954835,99.47206589446105
v8,dho_matched,1.0,9.796476364135742,9.523489012759905,1.0023709535598757,0.5553245665815543,True,95.74394470653175,163.3222234961921
v8,dho_matched,1.0,6.178822994232178,6.211492408857912,1.0901830196380615,0.0200039354203827,False,35.019673675276344,1928.752374694545
v8,dho_matched,1.0,3.466125726699829,3.752978991969624,6.0644450187683105,5.527794108604409,True,1.9810596874255229,2.548005775439655
v8,dho_matched,1.0,3.5962789058685303,3.5307778047020797,2.8433094024658203,3.0409950440785503,True,4.548650933865585,4.0994449926682694
v8,dho_matched,1.0,10.586426734924316,10.298176362101156,1.5913234949111938,1.689811572368921,True,70.4271830160936,62.75991839508218
v8,dho_matched,1.0,4.776411056518555,4.218067550040503,6.490675926208496,7.994164444523981,True,3.5149039699721176,2.225635209304747
v8,dho_matched,1.0,3.8377878665924072,3.791640772139049,7.593856334686279,7.658162496932557,True,1.9395436336724396,1.8772831930251754
v8,dho_matched,1.0,3.505107879638672,4.06674531562365,9.330896377563477,7.418739676248721,True,1.3166774927912361,2.2292758856460555
v8,dho_matched,1.0,3.763864040374756,3.7849739689398954,2.3987417221069336,2.437641528647544,True,5.905876561809619,5.877003561512596
v8,dho_matched,1.0,3.5952885150909424,3.5973866868096507,1.983875751495361,1.572213018574229,True,6.5155791621535215,8.23119438749535
v8,dho_matched,1.0,4.446148872375488,4.882407765973381,6.019216537475586,4.984394945555765,True,3.2841881783532707,4.782507376244688
v8,dho_matched,1.0,5.172037601470947,5.200550479726846,3.6321961879730225,3.852805196971675,True,7.3646828438409315,7.019748964584352
v8,dho_matched,1.0,3.726931095123291,3.6603480988269097,2.900205373764038,3.1138588985295157,True,4.789321305811424,4.302747375904828
v8,dho_matched,1.0,9.942330360412598,12.864708141370851,2.6289403438568115,2.157089657252859,True,37.60067558268111,76.72407820703444
v8,dho_matched,1.0,7.7672834396362305,7.1860548981212355,3.4083125591278076,3.464751038682444,True,17.701044427417756,14.904212286043311
v8,dho_matched,1.0,11.19007968902588,11.180962881292924,1.2504147291183472,1.2615165326857465,True,100.14108161940736,99.09813126800464
v8,dho_matched,1.0,3.7952277660369873,3.7927891945699774,1.2749764919281006,1.4681666030880605,True,11.297270096577098,9.798104550389334
v8,dho_matched,1.0,10.694748878479004,13.283284761102422,2.159799337387085,0.4287009581887949,True,52.957537116434835,411.5821312599708
v8,dho_matched,1.0,10.556097984313965,12.75793385571031,1.0886166095733645,0.827573068165029,False,102.36037524552187,196.67734793204008
v8,dho_matched,1.0,3.5043764114379883,4.0463896567466815,7.105572700500488,5.77798825504906,True,1.7283130509913707,2.833731833898909
v8,dho_matched,1.0,4.42929744720459,4.500249021397683,2.121161699295044,2.038707241693055,True,9.24902419383362,9.933864382495756
v8,dho_matched,1.0,3.609426975250244,3.798906031684649,6.849427223205566,6.537810380441694,True,1.9020514657818313,2.2074190283559436
v8,dho_matched,1.0,3.672379493713379,3.5399743158941144,4.907479763031006,5.2310754537424975,True,2.748125676939511,2.3955720516752597
v8,dho_matched,1.0,4.0590081214904785,3.9698643060279566,3.614835739135742,3.67144273441971,True,4.557758116628763,4.292542128065018
v8,dho_matched,1.0,3.864439249038696,3.955602387518522,3.3362088203430176,3.283846911980448,True,4.476305745146765,4.764774567004965
v8,dho_matched,1.0,3.699239730834961,3.6996283615119343,5.634031295776367,5.645946504089822,True,2.4288779859008955,2.424261371125051
v8,dho_matched,1.0,10.079726219177246,10.104002511232007,0.1049863621592521,0.3072210782819429,True,967.7531306347438,332.30423940277916
v8,dho_matched,1.0,5.932997703552246,6.7851278208543375,8.619876861572266,8.80144454067696,True,4.083638585056963,5.230727675731118
v8,dho_matched,1.0,7.415160655975342,7.456672670776635,2.898185014724731,2.517339780366014,True,18.972083312337148,22.087589348396502
v8,dho_matched,1.0,4.611291885375977,4.743391261051183,3.7307281494140625,2.56910674755712,True,5.699695073058056,8.757814628298737
v8,dho_matched,1.0,3.9311447143554688,4.709397190354414,5.779407024383545,4.026870116647351,True,2.6739592314582334,5.507607957065952
v8,dho_matched,1.0,5.735916614532471,6.7150402802782985,6.068376541137695,4.265378342345175,True,5.42167071964546,10.571574745926958
v8,dho_matched,1.0,5.446302890777588,4.984286113130119,4.952539443969727,6.411798337180103,True,5.989294081081856,3.8745928600848196
v8,dho_matched,1.0,4.884008407592773,6.313443182032969,8.888764381408691,6.904835454579938,True,2.683560627990973,5.772703068010108
v8,dho_matched,1.0,8.223346710205078,8.215611900169035,0.7774053812026978,0.6980682754343297,True,86.9860599776435,96.69008214447747
v8,dho_matched,1.0,3.5489070415496826,4.612969950587995,6.454442024230957,4.14318198055744,True,1.9513291996857896,5.136026335527936
v8,dho_matched,1.0,3.786980152130127,3.40183556987171,7.392953395843506,8.605350378825229,True,1.9398497332189992,1.3448011684591297
v8,dho_matched,1.0,5.915241241455078,6.305408315210722,2.7354085445404053,1.946356462771644,True,12.791536757625336,20.426974596889725
v8,dho_matched,1.0,5.845428943634033,6.050098950753273,3.3259904384613037,2.010815133691226,True,10.27334268311428,18.203412487110608
v8,dho_matched,1.0,4.047914028167725,4.006976393834787,3.681343555450439,2.57705849875898,True,4.450985824231815,6.230304755783063
v8,dho_matched,1.0,4.521310329437256,4.932864179476715,7.0621337890625,5.454160859160814,True,2.894627559553745,4.461391888047178
v8,dho_matched,1.0,8.792576789855957,8.575567220353946,2.805283308029175,2.9459009999574337,True,27.558502338869538,24.96362001026909
v8,dho_matched,1.0,10.0659818649292,10.059147146803651,0.5112695693969727,0.321726205984059,True,198.18114937799285,314.5110327943309
v8,dho_matched,1.0,4.459483623504639,5.026518728429155,4.8205156326293945,3.8985006679273457,True,4.1254910685682225,6.480925022050019
v8,dho_matched,1.0,9.639402389526367,6.343441868342449,2.38769793510437,11.82766672564109,True,38.915340613696614,3.4021295721670644
v8,dho_matched,1.0,4.6406683921813965,5.015292336780714,6.771627426147461,5.958917336838568,True,3.1802994717392026,4.221095175775011
v8,dho_matched,1.0,10.388019561767578,10.226976055656014,2.0295448303222656,1.8986372459667755,True,53.17002551677116,55.08742623960495
v8,dho_matched,1.0,3.437861442565918,3.781000191115627,5.503909111022949,4.755985450010506,True,2.147363094098182,3.005888599845239
v8,dho_matched,1.0,5.274281024932861,5.123350890570954,5.431895732879639,6.183142633541697,True,5.12123974721796,4.245207640128293
v8,dho_matched,1.0,8.464584350585938,8.41020538451823,1.232515573501587,1.456440993718611,True,58.132481056307,48.564655152411206
v8,dho_matched,1.0,3.6038079261779785,3.673125399456357,3.930079936981201,3.130060367840666,True,3.304622749927884,4.310412137334923
v8,dho_matched,1.0,4.0306806564331055,4.200046810114299,4.675289154052734,4.751655523981553,True,3.474947969808663,3.7124730776716506
v8,dho_matched,1.0,9.87641429901123,10.407202843050287,2.5003321170806885,2.960520522728435,True,39.01224110963402,36.58473913113593
v8,dho_matched,1.0,5.642462730407715,5.556819447703982,6.733610153198242,6.406705011140307,True,4.728130221337269,4.819675998924334
v8,dho_matched,1.0,5.194596767425537,5.096434432446524,9.897872924804688,9.948321965989502,True,2.726225703355381,2.610856787006197
v8,dho_matched,1.0,6.024568557739258,6.09113376625471,6.537765026092529,6.709047318628746,True,5.551656592435445,5.530131000177757
v8,dho_matched,1.0,3.443131446838379,3.485791570597479,5.783787727355957,5.534969242433122,True,2.049721517982974,2.1952683640039674
v8,dho_matched,1.0,4.399581432342529,4.631853552495439,6.420050621032715,5.167352560557683,True,3.0149788408832716,4.151848955599268
v8,dho_matched,1.0,5.260622978210449,5.346537896659252,3.960221767425537,4.183600371336129,True,6.988031414429148,6.832743317518187
v8,dho_matched,1.0,4.782918453216553,4.781280652955178,3.881606101989746,2.866363712336993,True,5.893516325212087,7.975486357132547
v8,dho_matched,1.0,7.711391448974609,8.003222972978175,1.0477287769317627,0.4077022038547158,True,56.75663338508421,157.10383056460086
v8,dho_matched,1.0,7.09242057800293,7.169012131945748,1.7255194187164309,1.677632513595842,True,29.152050744637858,30.6352759209618
v8,dho_matched,1.0,3.633620262145996,3.833169368679132,3.7230515480041504,3.603349336237198,True,3.5463372019535675,4.077647221494032
v8,dho_matched,1.0,5.795433521270752,6.649665079284527,8.246275901794434,6.723897535585623,True,4.072996113574127,6.576252156228745
v8,dho_matched,1.0,3.653861522674561,3.662249310460217,2.7913177013397217,3.09214168907929,True,4.782939620407184,4.337469417826027
v8,dho_matched,1.0,5.038337707519531,5.030179154529261,0.4721833169460296,0.8172578472523856,True,53.7605754883429,30.960488677751087
v8,dho_matched,1.0,4.566389083862305,4.026840235145043,5.455893516540527,6.470210227948032,True,3.821905468279483,2.506169306422299
v8,dho_matched,1.0,3.673720836639404,3.706317923889954,5.787698268890381,5.619258205253738,True,2.3318812001832327,2.4445918039688395
v8,dho_matched,1.0,6.437160968780518,6.268882206704532,4.630541801452637,4.113174813094851,True,8.948637786833544,9.55439190097716
v8,dho_matched,1.0,3.9527628421783447,3.8817294032082623,3.9084153175354,4.498998168497519,True,3.9976135638416093,3.349150765438877
v8,dho_matched,1.0,4.3221893310546875,4.8508070987832985,6.723984241485596,6.30725513111978,True,2.7783111831558247,3.730676660518869
v8,dho_matched,1.0,3.572364091873169,4.070459523580513,6.236904144287109,5.248101789390806,True,2.0461730547188823,3.1570730519368535
v8,dho_matched,1.0,10.12390422821045,9.689958266346398,1.692859411239624,1.6275353745892784,True,60.54456509588408,57.691705304549906
v8,dho_matched,1.0,3.650897026062012,3.665110987518391,2.906425714492798,2.387035358577256,True,4.586062196065625,5.627498772718024
v8,dho_matched,1.0,4.307141304016113,4.259876497249754,0.8020302653312683,0.02,False,23.13063111789077,907.3273885910415
v8,dho_matched,1.0,3.8245017528533936,3.7481195428719745,3.347320556640625,3.719009226678532,True,4.3697080724943085,3.7774577182766294
v8,dho_matched,1.0,9.966201782226562,11.997259432775836,1.525175929069519,1.616798328260563,True,65.12375134628064,89.02423473692036
v8,dho_matched,1.0,8.234606742858887,7.949282482503462,3.1059231758117676,3.374583217106809,True,21.832075158077426,18.725598961762497
v8,dho_matched,1.0,4.231251239776611,4.280017187572591,2.1981301307678223,1.0168280238351073,True,8.144871317448935,18.015383817635026
v8,dho_matched,1.0,4.951167583465576,5.186018025870613,6.439277648925781,5.596966693170336,True,3.8069581366242002,4.805242632133781
v8,dho_matched,1.0,4.186464786529541,4.422886437282029,4.066434383392334,3.3872141939889717,True,4.310038170155041,5.775225101444238
v8,dho_matched,1.0,9.946416854858398,9.669712995248918,2.4554078578948975,2.1160511089623224,True,40.291150788866595,44.187661164922595
v8,dho_matched,1.0,10.18207836151123,10.301220626153707,0.0564325377345085,1.0261876164594217,True,1837.1443837543056,103.40715936021108
v8,dho_matched,1.0,6.514780521392822,6.83761499507822,2.927743673324585,1.6494746538469394,True,14.496612401086367,28.34416322304817
v8,dho_matched,1.0,10.167652130126951,10.45462666006338,1.9200633764266968,1.8680840305189297,True,53.842571609105406,58.50872702495404
v8,dho_matched,1.0,3.467100143432617,3.428097129957938,3.2711267471313477,3.2367384490056503,True,3.6748143174617858,3.630769095981822
v8,dho_matched,1.0,4.720379829406738,3.8714111143332888,7.856057643890381,10.067531956521554,True,2.8362808349807085,1.4887287252636423
v8,dho_matched,1.0,10.320342063903809,13.23833530623784,1.2375668287277222,0.7175601461177105,True,86.0636030665747,244.2353057490379
v8,dho_matched,1.0,3.614983081817627,4.238099975578396,7.788790702819824,6.156077554534147,True,1.677808941135951,2.9176843930058007
v8,dho_matched,1.0,7.609090805053711,7.644975204188174,2.213501453399658,2.579361161325332,True,26.156866890974264,22.658961741759867
v8,dho_matched,1.0,5.033222675323486,4.984599332306469,1.6517382860183716,2.398431539764037,True,15.33737560837089,10.359366148960218
v8,dho_matched,1.0,3.4497199058532715,3.491919498561698,5.692428112030029,5.701190317816273,True,2.0905959978116146,2.1387642061922705
v8,dho_matched,1.0,10.310094833374023,10.296004608366772,0.5452355742454529,0.4179382169833205,True,194.9580337274778,253.64445410298637
v8,dho_matched,1.0,4.5564494132995605,4.586453618691533,2.104092597961426,2.5298050026899346,True,9.867071095669775,8.315090204202146
v8,dho_matched,1.0,4.5155229568481445,4.425237587122627,4.649511814117432,5.191938485199472,True,4.385395368157167,3.771756494863504
v8,dho_matched,1.0,3.685263156890869,3.7061092377072247,5.804656028747559,4.8051677740349374,True,2.3397018648954457,2.8584320730772803
v8,dho_matched,1.0,5.379354000091553,5.392798952850712,2.606318712234497,1.9461188058556804,True,11.102805394621829,14.943733372475519
v8,dho_matched,1.0,3.596119165420532,4.504736047149473,6.390341758728027,4.145858836939882,True,2.023690365893504,4.894678678800881
v8,dho_matched,1.0,3.4547102451324463,2.6476739338734467,10.19128131866455,15.035770422238873,True,1.1711013075426548,0.46623332647753046
v8,dho_matched,1.0,3.7154664993286137,3.664086851793922,1.8672975301742551,2.0052703865476613,True,7.39287182923922,6.695123284896719
v8,dho_matched,1.0,5.744992256164551,5.738704808837024,1.5175657272338867,0.9918192731178768,True,21.748603985377134,33.20436875504754
v8,dho_matched,1.0,3.511986494064331,3.2608751680989756,5.6922607421875,6.457738377087047,True,2.1668102873570008,1.6465992025401606
v8,dho_matched,1.0,8.271446228027344,8.345542821024061,0.6781219244003296,0.2981868912034105,True,100.89162470841728,233.57192094013033
v8,dho_matched,1.0,9.342514991760254,9.31049642644936,3.098379373550415,3.64307375364504,True,28.170400021495265,23.794561836744087
v8,dho_matched,1.0,10.045104026794434,10.014951768932784,1.1584757566452026,1.114487491746281,True,87.10075660221594,89.99585879325737
v8,dho_matched,1.0,10.085603713989258,9.910145573337738,1.4600794315338137,1.488899162214316,True,69.66703323036177,65.96214691845519
v8,dho_matched,1.0,4.339848518371582,4.27858227535108,3.2288999557495117,2.7956763340884434,True,5.833034600181685,6.548063545030278
v8,dho_matched,1.0,5.750981330871582,5.478650090841654,5.057851314544678,4.932234416986136,True,6.539098168608555,6.085600212858585
v8,dho_matched,1.0,5.624582767486572,5.768761183605373,7.573858261108398,6.1990895941567725,True,4.176990143947735,5.368305311289628
v8,dho_matched,1.0,10.868119239807127,13.058081931454169,3.0290307998657227,1.728598020949918,True,38.99465657988751,98.64265819005587
v8,dho_matched,1.0,3.568878173828125,3.5506189439336966,2.3609657287597656,1.981798342925579,True,5.394780307259083,6.361340915448659
v8,dho_matched,1.0,4.577452659606934,4.884405911027779,3.645509004592895,3.7572811027118673,True,5.747639856202325,6.349650306032119
v8,dho_matched,1.0,3.580228328704834,3.6620409977317223,4.569444179534912,4.6994091718090605,True,2.805162812376287,2.853666020297929
v8,dho_matched,1.0,3.983222484588623,3.968798851999,6.151262283325195,5.4202199450209045,True,2.579317972628478,2.906037852227384
v8,dho_matched,1.0,3.720113515853882,3.669312548070068,5.481692314147949,4.532226288266394,True,2.524629945960373,2.9706933676902674
v8,dho_matched,1.0,6.633410930633545,6.893659971563839,2.6248207092285156,1.3972399017604515,True,16.76386521180018,34.0117310876003
v8,dho_matched,1.0,3.4580202102661133,3.312270883206516,4.25620698928833,3.890498473812111,True,2.809521201554238,2.8199827033957394
v8,dho_matched,1.0,5.269375801086426,5.205472218205311,2.107671022415161,2.132128569111492,True,13.173935133984067,12.70886822073739
v8,dho_matched,1.0,9.91265869140625,10.670377248721548,1.849953532218933,2.2733820840736136,True,53.11528134139273,50.08262862088592
v8,dho_matched,1.0,7.417022705078125,7.486885309297461,1.6482456922531128,1.2104774084900152,True,33.376229081748136,46.30689613984358
v8,dho_matched,1.0,4.500529766082764,4.164372868142957,2.727174997329712,3.824769325122854,True,7.427014472936003,4.53413001171467
v8,dho_matched,1.0,4.980789661407471,4.83830617040113,6.29035758972168,6.79637830056658,True,3.943856179451509,3.4443648607067883
v8,dho_matched,1.0,3.665769100189209,3.7865281886737185,7.804495811462402,7.114480099129501,True,1.721810533380762,2.015297748232508
v8,dho_matched,1.0,3.548903465270996,3.920172736832382,9.306079864501951,8.089987655328017,True,1.3533857423526996,1.8996016979683252
v8,dho_matched,1.0,7.186307430267334,7.548386939478975,2.635021924972534,1.5010243722431218,True,19.598703901810527,37.959507148407575
v8,dho_matched,1.0,3.6397953033447266,3.576928440181204,4.258936882019043,4.371518135051734,True,3.1106612324270397,2.9267674686258
v8,dho_matched,1.0,4.916306972503662,4.825467257558557,1.731215000152588,1.9039488539717997,True,13.961335966796609,12.229915843167179
v8,dho_matched,1.0,7.958548069000244,8.620937770843048,2.630415678024292,0.9413855894660136,True,24.07926925609002,78.94806217599474
v8,dho_matched,1.0,3.4763433933258057,3.735675664765356,3.509392261505127,2.7689860212603072,True,3.4436057550138077,5.0398494485603536
v8,dho_matched,1.0,4.90072774887085,4.889515043532931,1.139048457145691,1.4751020384219644,True,21.08525964622839,16.207256676636735
v8,dho_matched,1.0,3.914950132369995,4.106958368210338,6.34531831741333,5.923652698630396,True,2.415455580357997,2.847416601941022
v8,dho_matched,1.0,9.935040473937988,9.755445889466,2.662761926651001,2.641816977381838,True,37.06866476903885,36.02396582242258
v8,dho_matched,1.0,5.100916385650635,4.966442686837175,7.309002876281738,7.84080958496436,True,3.5599039176511846,3.14579160408862
v8,dho_matched,1.0,11.039443969726562,10.907298505063176,1.2574883699417114,1.2573139629912382,True,96.91487100304649,94.62168096464737
v8,dho_matched,1.0,10.160040855407717,13.043035869777691,0.8853618502616882,0.6950541018805959,True,116.59236294521062,244.75905435276854
v8,dho_matched,1.0,5.141302585601807,4.965965122517817,3.896744728088379,4.189341309634719,True,6.783352290485556,5.886560147617489
v8,dho_matched,1.0,3.7368688583374023,3.2797196796467296,7.870880603790283,9.079326783159718,True,1.7741583905728817,1.1847311407507937
v8,dho_matched,1.0,4.524646282196045,4.572676032345093,2.4454996585845947,1.673685131213369,True,8.371468753685908,12.493010606854487
v8,dho_matched,1.0,10.11161994934082,10.972428976057753,3.331122875213623,3.681161304351604,True,30.693811615505282,32.705493641995645
v8,dho_matched,1.0,7.517040729522705,9.044883881661535,4.032729625701904,1.5596466427004492,True,14.01182488634315,52.45414069631241
v8,dho_matched,1.0,4.191009998321533,4.105646868590833,8.011113166809082,8.322163913647536,True,2.192524863935635,2.0254751509913147
v8,dho_matched,1.0,5.430942535400391,5.75625230743916,5.474796295166016,5.284178184480575,True,5.387440049388508,6.270500250012995
v8,dho_matched,1.0,10.475589752197266,11.428519210659015,1.4732288122177124,1.2951961720306155,True,74.48807662887562,100.84267863734452
v8,dho_matched,1.0,3.4212863445281982,3.5223556840157544,4.934702396392822,4.741575348416016,True,2.372017461440311,2.616638701916401
v8,dho_matched,1.0,10.078723907470703,9.881574640653424,1.9741252660751345,1.5976044207279556,True,51.45604351895033,61.119959429201025
v8,dho_matched,1.0,4.957858562469482,5.0537831765176735,2.9814629554748535,3.309890246714737,True,8.244396087603604,7.7164867991027055
v8,dho_matched,1.0,5.9029645919799805,6.1306433898314365,8.9603271484375,7.874455178351425,True,3.8888078969578292,4.773001753392739
v8,dho_matched,1.0,4.432933330535889,4.241962025513904,5.807094573974609,6.499909632081061,True,3.383946595435958,2.768383384453431
v8,dho_matched,1.0,8.816666603088379,8.790852983664303,0.7144975066184998,0.8319549201269432,True,108.79479532112519,92.88856200118151
v8,dho_matched,1.0,4.057738780975342,4.01513358813423,4.505522727966309,4.944160052248338,True,3.654458097043779,3.2606747273953145
v8,dho_matched,1.0,3.6777055263519287,1.71311535864752,5.141979694366455,16.837405153768476,True,2.6304106088513057,0.1743002680776601
v8,dho_matched,1.0,4.790297031402588,4.921704133605663,9.43831729888916,9.478388017968388,True,2.4312538901150504,2.555621434027671
v8,dho_matched,1.0,3.4852280616760254,3.4491872796336844,2.889057159423828,2.079079470902699,True,4.204421709785934,5.722192468583896
v8,dho_matched,1.0,3.518557071685791,3.6867788187688073,5.37953519821167,5.065060431679803,True,2.301359394548748,2.6835490399103668
v8,dho_matched,1.0,5.550873756408691,5.863077538403539,3.672920703887939,2.283102082100581,True,8.389018425301353,15.056566454402496
v8,dho_matched,1.0,4.001707077026367,4.3429334954164664,4.81127405166626,4.593035778229712,True,3.3283615438154053,4.106449907272415
v8,dho_matched,1.0,4.775125980377197,4.645933696028398,3.4676218032836914,3.1039067769323228,True,6.575638700529833,6.954042585397764
v8,dho_matched,1.0,3.5433709621429443,3.411427354944257,4.950824737548828,4.5941423731394755,True,2.5360376181634092,2.5331902350490454
v8,dho_matched,1.0,5.228298664093018,5.154855144035299,3.476158618927002,3.992832364963739,True,7.863595974050935,6.655058145980666
v8,dho_matched,1.0,7.923909664154053,7.889874802109395,3.7694714069366455,2.971519686149971,True,16.657068747127198,20.948918724349664
v8,dho_matched,1.0,4.7296600341796875,4.697843588983409,4.142796993255615,3.005393368071806,True,5.399657302864217,7.343376285119034
v8,dho_matched,1.0,4.698041915893555,4.570803371968398,4.958639621734619,4.819004727069151,True,4.451139733314951,4.335385551261751
v8,dho_matched,1.0,5.784217357635498,5.39934946281432,3.78098464012146,4.802783399193579,True,8.848798295910827,6.07001652968324
v8,dho_matched,1.0,5.750991344451904,6.0200959975251,4.470271110534668,3.509848590785801,True,7.398634361575647,10.325674991952804
v8,dho_matched,1.0,10.10426139831543,10.64645966282407,1.9631614685058592,2.0927966773413016,True,52.00596081543487,54.16059026629222
v8,dho_matched,1.0,5.458595275878906,5.498392286353268,3.784044981002808,2.9442384156097754,True,7.874182927379267,10.268298101927918
v8,dho_matched,1.0,8.520758628845215,9.16315520819774,4.453048229217529,2.364701227648803,True,16.304186227912858,35.50698599374657
v8,dho_matched,1.0,4.337833404541016,5.111739136200684,5.314363956451416,4.036160073060102,True,3.540743313733545,6.473944671068208
v8,dho_matched,1.0,3.6870715618133545,4.52081842878468,6.194606781005859,4.529764757281443,True,2.1945697576183103,4.511889769371823
v8,dho_matched,1.0,3.997481346130371,2.246316594740111,7.087351322174072,23.430448037742835,True,2.2547008587911233,0.2153581628348114
v8,dho_matched,1.0,10.107675552368164,5.156243287501769,2.3286147117614746,17.612835771348745,False,43.87376948016383,1.5095152867522081
v8,dho_matched,1.0,5.260525226593018,5.175434360836976,4.393368721008301,5.928678167813732,True,6.298839778071346,4.517890846014561
v8,dho_matched,1.0,3.4770607948303223,3.524854135799671,6.494834899902344,6.561314316842066,True,1.861471762912381,1.8936140045557144
v8,dho_matched,1.0,3.737471342086792,3.781064919044393,3.980870246887207,3.468859659119241,True,3.508954365905971,4.121369362535154
v8,dho_matched,1.0,10.334107398986816,13.43556923713364,1.979973316192627,0.6960491108327352,True,53.93697726146747,259.34164402544656
v8,dho_matched,1.0,3.8678808212280273,3.950789342085895,3.1032683849334717,3.172037759080906,True,4.8208856571534735,4.920728443680983
v8,dho_matched,1.0,8.152019500732422,8.098784017022929,2.01094388961792,2.0522210055603294,True,33.046880265241136,31.96064282388415
v8,dho_matched,1.0,4.864607334136963,4.830542173966518,2.079721450805664,1.729885814335459,True,11.378641359001113,13.488831170878788
v8,dho_matched,1.0,3.5872411727905273,3.8213494321468047,4.764013290405273,4.2271034848145455,True,2.701146795219972,3.4545431724175937
v8,dho_matched,1.0,4.433175563812256,4.282232294728343,2.3523287773132324,2.1912256403878967,True,8.354718851005726,8.36861028276769
v8,dho_matched,1.0,5.640810966491699,4.581938395822924,4.89055061340332,7.549708289189304,True,6.5061689112241785,2.7807908145508926
v8,dho_matched,1.0,7.252518653869629,7.252918165706029,3.103196144104004,2.731976106924069,True,16.949952365938515,19.255227666561204
v8,dho_matched,1.0,7.5977783203125,7.372258696996536,3.2849183082580566,3.485832362104991,True,17.57311141025665,15.591741842290022
v8,dho_matched,1.0,3.929666757583618,3.959330132398321,2.31494665145874,1.451488597474211,True,6.670685398269093,10.80015035915281
v8,dho_matched,1.0,5.07360315322876,5.200550130444354,5.806361198425293,6.073137843677098,True,4.4333185753986495,4.453335714654129
v8,dho_matched,1.0,4.551400661468506,4.54041926407253,1.5808002948760986,0.4029281640475308,True,13.10427892021591,51.16397644302936
v8,dho_matched,1.0,3.4466640949249268,3.3902527205474557,1.46455717086792,0.5260651562479406,True,8.111321032421484,21.848650062963415
v8,dho_matched,1.0,9.896679878234863,9.543858465548569,3.751794815063477,4.46766035042722,True,26.10597792262307,20.387681082719965
v8,dho_matched,1.0,6.511682987213135,6.635932301150346,2.2054357528686523,2.1665062488495925,True,19.226139446958662,20.32562681452374
v8,dho_matched,1.0,4.008245944976807,3.964738277162123,0.3075911700725555,0.1362401033513693,True,52.23178399962948,115.37828597981972
v8,dho_matched,1.0,4.11839485168457,3.916012657840429,2.621975898742676,2.7097999376707462,True,6.46885280773001,5.659146611962819
v8,dho_matched,1.0,5.979467868804932,6.006822398559754,1.8963795900344849,2.2652593911054377,True,18.853839274562336,15.928381301282817
v8,dho_matched,1.0,3.482438087463379,3.628926749917211,5.735476493835449,5.537406023535877,True,2.1144494352038974,2.378209092902246
v8,dho_matched,1.0,3.4611897468566895,3.4939029283480068,5.707027435302734,5.57934671019633,True,2.0991373529485045,2.1879546668805627
v8,dho_matched,1.0,10.368830680847168,9.836661556380292,0.958418607711792,0.3984665787622062,True,112.17713097699777,242.83068074452888
v8,dho_matched,1.0,3.6555585861206055,3.6558823811852754,3.452012777328491,3.2929139659811613,True,3.8711063482510557,4.058859758602447
v8,dho_matched,1.0,7.19161319732666,7.196828270028291,3.2324154376983643,3.1699900041856717,True,16.0002021326781,16.33895913863731
v8,dho_matched,1.0,3.550790309906006,2.3063138953950952,5.5407938957214355,10.015439903802909,True,2.275506373672966,0.5310883830547292
v8,dho_matched,1.0,9.990497589111328,9.712954348808708,1.6837437152862549,1.7196426145357206,True,59.27864268884321,54.86109810526698
v8,dho_matched,1.0,6.7851643562316895,6.775186333946006,1.4132763147354126,1.9324335719872896,True,32.575692991569106,23.754063542004456
v8,dho_matched,1.0,10.072864532470703,13.451447155104944,0.5435363054275513,0.583358608122446,True,186.67124693665994,310.17187035080417
v8,dho_matched,1.0,5.360074996948242,5.474082527633485,8.189936637878418,7.5509445340144525,True,3.5080129729003904,3.9684544608104844
v8,dho_matched,1.0,6.7157793045043945,8.210815615928238,6.665081024169922,4.104817756806483,True,6.766863223906052,16.42399177575701
v8,dho_matched,1.0,10.904298782348633,12.88083325524897,1.1445146799087524,0.5274810337772212,True,103.89008898008157,314.54375555728785
v8,dho_matched,1.0,3.8496768474578857,3.778114054188707,2.099743604660034,1.600307404596102,True,7.058010224182951,8.919627419996127
v8,dho_matched,1.0,4.915558815002441,4.816173072634855,2.790109872817993,3.1790344317081902,True,8.660131523546065,7.296405107858303
v8,dho_matched,1.0,4.330667972564697,4.289624788688697,2.6642584800720215,3.0463210637585796,True,7.039363946433095,6.040361617376393
v8,dho_matched,1.0,3.530689477920532,3.8679770037704713,6.460649490356445,5.725295598036281,True,1.9294914865921629,2.6131831702853474
v8,dho_matched,1.0,6.126095294952393,6.113459406061023,2.1964781284332275,1.958802507901802,True,17.086008313503093,19.080221593952356
v8,dho_matched,1.0,9.970504760742188,13.338466991844353,1.9253336191177368,1.3058383713170472,True,51.63311137190687,136.2455764820875
v8,dho_matched,1.0,9.914801597595217,9.831564799175789,0.9815354943275452,0.9088255400238028,True,100.15255819864642,106.35667919044273
v8,dho_matched,1.0,5.33188009262085,4.8800146818337415,6.27897310256958,6.183910484025102,True,4.527642475559002,3.851049163216866
v8,dho_matched,1.0,10.233708381652832,10.31934762360802,2.71786117553711,2.8353624875537897,True,38.5335307716792,37.5574325485056
v8,dho_matched,1.0,3.415393829345703,3.4459647100490907,6.59787654876709,6.592540823569604,True,1.7679801862483266,1.8012285552255467
v8,dho_matched,1.0,3.588228702545166,3.5853737431699546,1.1340700387954712,1.202108651066324,True,11.353254015461237,10.693629786966143
v8,dho_matched,1.0,4.679145812988281,4.698873483957992,2.5970869064331055,2.937719279113826,True,8.430370768483835,7.515834537091595
v8,dho_matched,1.0,9.904617309570312,9.787232591097569,1.2759981155395508,1.4424453635130772,True,76.88212298617545,66.40800699649793
v8,dho_matched,1.0,8.460116386413574,8.849700091222294,2.564372301101685,1.3626718142191323,True,27.910755876170793,57.47326016973419
v8,dho_matched,1.0,10.166122436523438,10.141473387063074,4.733439922332764,4.566540544169316,True,21.834024956516533,22.52240650569272
v8,dho_matched,1.0,3.505760431289673,3.512638743383792,2.535888910293579,2.7347075547356696,True,4.846567273395861,4.511864868385712
v8,dho_matched,1.0,10.357783317565918,10.292962576738011,1.4031959772109983,1.350256286297475,True,76.4566582259483,78.46294046639116
v8,dho_matched,1.0,3.9422318935394287,3.445820902425054,9.169538497924805,10.666231403663062,True,1.6948718090835935,1.1132030838475606
v8,dho_matched,1.0,4.937266826629639,4.8410071358588445,1.430832028388977,1.7562912028113826,True,17.03666344733977,13.343658529930641
v8,dho_matched,1.0,5.413091659545898,5.739958142236826,6.917874336242676,6.337303688149813,True,4.235630757432927,5.1989175674568004
v8,dho_matched,1.0,3.502753734588623,3.262312503517863,5.793550968170166,5.673960098681731,True,2.1177484745680375,1.8757063295319385
v8,dho_matched,1.0,8.776312828063965,13.861252686593469,4.227216720581055,3.55438863325059,True,18.22089378125207,54.055520053214416
v8,dho_matched,1.0,3.6544904708862305,4.837779889110856,8.893882751464844,4.942738052569946,True,1.501627688941437,4.735050493585559
v8,dho_matched,1.0,4.187318325042725,4.186601434042196,1.0301644802093506,1.1945976535241027,True,17.020228412141925,14.67241419386442
v8,dho_matched,1.0,3.7348954677581783,3.7702764268289424,5.230159282684326,4.324242699771459,True,2.667116506616443,3.287277176984838
v8,dho_matched,1.0,3.547348737716675,3.556435631424816,3.2028112411499023,3.4763408970170997,True,3.928949325924739,3.638375744830129
v8,dho_matched,1.0,10.567598342895508,10.57226944765806,2.9120092391967773,2.976272225337289,True,38.349512506207255,37.55465656748428
v8,dho_matched,1.0,4.016662120819092,4.042031949588682,2.4564919471740723,2.468455222324128,True,6.567729485693146,6.618723375550204
v8,dho_matched,1.0,3.740762948989868,3.526153714806837,9.302722930908203,9.489186647825257,True,1.5042162971491662,1.3103082995311977
v8,dho_matched,1.0,8.388860702514648,8.22447378531408,2.0204379558563232,2.566938668162275,True,34.83055922712972,26.351221353389334
v8,dho_matched,1.0,3.4821131229400635,3.5072858276033227,4.913679599761963,5.059190919094283,True,2.467623611750914,2.4314270944155845
v8,dho_matched,1.0,9.811535835266112,9.697105144145038,1.8293333053588867,1.3140720304386015,True,52.62367178507426,71.55912765696581
v8,dho_matched,1.0,4.282839298248291,4.288695606158605,3.376452684402466,3.606310275354272,True,5.432539463489044,5.100201756898819
v8,dho_matched,1.0,4.225952625274658,4.324462209261486,3.296907424926758,3.4676204269489745,True,5.416796193924831,5.3930278106548695
v8,dho_matched,1.0,10.144230842590332,10.283257516191876,0.8202241063117981,0.7010980666443835,True,125.46012558748515,150.82823669795357
v8,dho_matched,1.0,9.778109550476074,9.74886507966513,1.320548415184021,1.183567218588169,True,72.40281786093225,80.29993467957328
v8,dho_matched,1.0,9.98552417755127,9.387501980662307,2.262717962265014,1.2765763135752517,True,44.066779317316715,69.03245227081673
v8,dho_matched,1.0,4.458492755889893,4.457714786341589,4.402963638305664,4.358424184518202,True,4.514722193338873,4.559267357902908
v8,dho_matched,1.0,3.6325113773345943,3.0587549458627943,9.45378875732422,11.638890261145988,True,1.3957514013884094,0.8038551450281392
v8,dho_matched,1.0,9.718292236328123,11.980734031513116,5.157408714294434,4.676265104657419,True,18.312530424224132,30.695006532220987
v8,dho_matched,1.0,5.906352996826172,5.099117412083046,6.117281913757324,7.863596372036318,True,5.702697082615017,3.3065021590719574
v8,dho_matched,1.0,3.931262969970703,3.8697192496149606,1.477372407913208,1.7626199765994732,True,10.461024218594183,8.495720728032653
v8,dho_matched,1.0,5.588515758514404,5.773203425761696,3.039987325668335,3.0546411677519423,True,10.273565326887553,10.911225235583283
v8,dho_matched,1.0,3.5843045711517334,3.212336014068591,7.287495136260986,8.493478517073264,True,1.762915654633394,1.214944224152568
v8,dho_matched,1.0,9.63840103149414,9.64620032964055,2.4256577491760254,2.339895439361883,True,38.2983850361677,39.76638410173279
v8,dho_matched,1.0,3.7413275241851807,3.719706345081944,1.7962974309921265,1.3007911400646883,True,7.792435373853723,10.636769322517678
v8,dho_matched,1.0,5.0357866287231445,4.558206010085963,9.735703468322754,11.128085110865262,True,2.60475753524523,1.8670994895696178
v8,dho_matched,1.0,3.9984521865844727,4.170461756452064,5.197235107421875,5.339847218289282,True,3.0761779211356326,3.257162714779192
v8,dho_matched,1.0,3.54730224609375,3.3842905319814793,6.2861008644104,6.839583932438483,True,2.001773992584831,1.674578822044816
v8,dho_matched,1.0,3.540313959121704,3.552913279369243,2.157440423965454,2.315873382391767,True,5.809580088480206,5.450726653147782
v8,dho_matched,1.0,3.491666555404663,3.7840095692128424,5.704252243041992,5.146309947485327,True,2.137306489032434,2.7823291962605183
v8,dho_matched,1.0,10.172119140625,10.116658298462472,1.8000017404556274,1.641353468700647,True,57.48439320112992,62.35510941398314
v8,dho_matched,1.0,3.6579976081848145,3.793384650368719,3.907256364822388,3.239372997239397,True,3.4246400164464457,4.442145784976293
v8,dho_matched,1.0,10.63463306427002,10.631736377111055,0.5791087746620178,0.5971347278146554,True,195.29218923969927,189.2936604207536
v8,dho_matched,1.0,10.070305824279783,9.850635408425974,0.5941997766494751,0.020000002033403,False,170.66828931904297,4851.7504042085875
v8,dho_matched,1.0,3.496346950531006,3.763528473595702,7.193535327911377,6.410061352622989,True,1.6993649771977692,2.209674103317224
v8,dho_matched,1.0,3.587162733078003,3.1844160038966813,11.971484184265137,14.164565747575711,True,1.0748655952364294,0.715906542183185
v8,dho_matched,1.0,10.202893257141112,10.077386540821571,1.0300155878067017,1.3093340793164503,True,101.06549070609924,77.56135053488319
v8,dho_matched,1.0,7.069024562835693,6.9643885173592395,1.7891520261764526,2.354587419794034,True,27.93005152098016,20.59923832641897
v8,dho_matched,1.0,3.602377414703369,3.6766937716535737,7.019222259521484,6.597918885722285,True,1.8487978522637076,2.0488395393536782
v8,dho_matched,1.0,5.941581726074219,5.95438312922168,12.19370937347412,11.842514572068032,True,2.8951316064999064,2.9938471457053386
v8,dho_matched,1.0,3.896409749984741,3.867074190265364,1.8835070133209229,1.4646662535298889,True,8.060500349827661,10.210013890178946
v8,dho_matched,1.0,3.712935209274292,4.794431610911841,10.12936019897461,7.478389357807665,True,1.3609830825903761,3.0737333096613946
v8,dho_matched,1.0,3.479120969772339,3.44825244648909,1.393778681755066,1.7426378913780018,True,8.684508437930573,6.823244802347061
v8,dho_matched,1.0,3.472222328186035,4.160767253441058,6.536082744598389,4.76993903410553,True,1.844580059259096,3.629393166982863
v8,dho_matched,1.0,5.768742084503174,5.944097776350392,2.1511967182159424,2.023504576894921,True,15.46970807259174,17.46094314697883
v8,dho_matched,1.0,3.765545129776001,4.676087724802649,6.782168388366699,4.7252926393860815,True,2.0906779826789976,4.627395185600792
v8,dho_matched,1.0,5.411145210266113,5.942751878288679,4.287146091461182,3.814898209455654,True,6.829833148187929,9.25746846911097
v8,dho_matched,1.0,5.688502311706543,5.751678740839618,2.579328775405884,3.069433018606141,True,12.545534659573848,10.777823831728108
v8,dho_matched,1.0,3.708646059036255,3.651983433029912,1.6031928062438965,2.094222636579525,True,8.579164987291438,6.368464728711039
v8,dho_matched,1.0,3.704625844955444,4.057785922720291,3.434272289276123,2.9487382549281924,True,3.996262234059676,5.583956652343812
v8,dho_matched,1.0,4.735357761383057,4.4324401881660265,3.902538061141968,3.804702168791656,True,5.745905043583127,5.163748737764897
v8,dho_matched,1.0,6.120434284210205,6.104457682511703,3.0425314903259277,2.7625079725189883,True,12.312022388738812,13.489337937945088
v8,dho_matched,1.0,4.859566688537598,4.882703807958519,1.8550989627838137,1.5472491224471476,True,12.729988466440817,15.408505411556307
v8,dho_matched,1.0,4.316736698150635,4.339877713043846,2.361501455307007,2.7993408824165944,True,7.890833892684561,6.728204729363057
v8,dho_matched,1.0,3.5223288536071777,3.4298653627566016,6.918027877807617,7.018467725916062,True,1.7934013525376942,1.6761459717479887
v8,dho_matched,1.0,10.246094703674316,10.489316527326809,1.9841388463974,1.7571220311590805,True,52.91084183311036,62.61702901640426
v8,dho_matched,1.0,9.735876083374023,9.954289193200182,1.9388126134872437,2.2110862669416043,True,48.8893472486365,44.814114593059834
v8,dho_matched,1.0,3.905467748641968,3.896064923331803,1.1614502668380735,1.3751502063642704,True,13.132442060740475,11.038300991823085
v8,dho_matched,1.0,10.165915489196776,9.74517040681068,1.8702489137649536,1.4043681093789755,True,55.25779855979056,67.62354230599448
v8,dho_matched,1.0,8.146417617797852,8.167034889967296,2.122593641281128,2.414428760203186,True,31.265579389709288,27.625772188171727
v8,dho_matched,1.0,10.536123275756836,10.468277033116628,0.7240080833435059,0.7702201172626856,True,153.32687056378663,142.27728098239595
v8,dho_matched,1.0,8.827542304992676,7.739656843870971,1.4580965042114258,6.215930874259939,True,53.443309768155174,9.636897396805535
v8,dho_matched,1.0,9.963156700134276,9.510098292740269,0.6793676018714905,0.02,False,146.11307804196326,4522.098476879069
v8,dho_matched,1.0,4.775153636932373,4.658758678457698,2.339357614517212,2.0611896067756477,True,9.747159696664967,10.529857298308855
v8,dho_matched,1.0,6.819714546203613,6.236069868682082,6.270632743835449,6.000697020304047,True,7.4168761577406785,6.480675040832862
v8,dho_matched,1.0,3.5035288333892822,3.501347459798326,1.202790141105652,1.4086560177933218,True,10.2052002813281,8.70292951535518
v8,dho_matched,1.0,10.016031265258787,10.047609690814294,1.2958563566207886,1.2955463873772644,True,77.41666874887956,77.92423450257154
v8,dho_matched,1.0,6.031460285186768,6.100103601275807,1.0393024682998655,0.7909565939319362,True,35.00281610154813,47.045898892272454
v8,dho_matched,1.0,11.004694938659668,10.409195672701676,1.662240743637085,1.466829938943418,True,72.8554580054272,73.86770045792669
v8,dho_matched,1.0,4.34663724899292,4.507502115005946,3.197582244873047,2.9016982294264753,True,5.9086065431548755,7.00196013173943
v8,dho_matched,1.0,3.7259061336517334,4.509193266354553,5.373531341552734,3.5556047711491208,True,2.58347362923767,5.718527570421155
v8,dho_matched,1.0,3.6474130153656006,3.6169505495275,4.6625285148620605,4.923743327905377,True,2.853306239790786,2.656988881524959
v8,dho_matched,1.0,3.5516250133514404,3.4828849108271323,4.204514026641846,4.046298558063145,True,3.0001184811217008,2.99792195953871
v8,dho_matched,1.0,3.5452191829681396,3.912565241263035,5.266636848449707,4.688596759885531,True,2.3864525724770607,3.2649783189103707
v8,dho_matched,1.0,7.881540775299072,7.332542796907654,3.205335855484009,3.3571954959818995,True,19.37977416201895,16.015207911732585
v8,dho_matched,1.0,5.973021030426025,5.971983749669402,2.0260744094848633,2.051652511686492,True,17.60891903223958,17.383348156261867
v8,dho_matched,1.0,5.494721412658691,5.186799436019472,7.9952073097229,8.922284551411602,True,3.7762577295542727,3.0152466259592203
v8,dho_matched,1.0,10.35887622833252,10.350276384996612,1.1792019605636597,0.9421048451034012,True,90.99909964754472,113.71157021707134
v8,dho_matched,1.0,10.119288444519045,10.028481835591508,1.3669661283493042,1.314779044732563,True,74.9104140181081,76.49228083586144
v8,dho_matched,1.0,6.836850643157959,5.752612275786144,4.616952419281006,6.8669849671306915,True,10.124108388391962,4.819079720419553
v8,dho_matched,1.0,3.8209903240203857,3.1015753675208715,5.994977951049805,8.525630188433047,True,2.435366264141264,1.1283353309722055
v8,dho_matched,1.0,11.120468139648438,12.280531948276243,1.5962284803390503,1.2232292017241575,True,77.47312691643536,123.28962120922455
v8,dho_matched,1.0,10.702428817749023,10.709225490524334,2.996903896331787,3.179833304794684,True,38.22010533577144,36.067145543121896
v8,dho_matched,1.0,11.247090339660645,11.06277726220244,0.8072259426116943,1.1236032243470024,True,156.70586688433224,108.92193801261924
v8,dho_matched,1.0,6.836725234985352,6.8623221746198775,2.68306303024292,2.8277021801782305,True,17.420690983339917,16.65361577268774
v8,dho_matched,1.0,3.562652349472046,3.814968499876661,6.500528335571289,5.982169940174256,True,1.9525323339865464,2.432893883089392
v8,dho_matched,1.0,5.66127872467041,5.391952427601098,4.67869758605957,4.919268667240436,True,6.850213378590817,5.910055528197559
v8,dho_matched,1.0,3.8970797061920166,3.8840120449716378,1.4211337566375732,1.721627634794286,True,10.686700083985691,8.762376521266345
v8,dho_matched,1.0,3.466298818588257,3.382262039216578,3.1104416847229004,2.623397244708004,True,3.8628685947593144,4.3606421120560315
v8,dho_matched,1.0,5.132115364074707,5.860807477424005,4.564218521118164,2.871994176964584,True,5.770672019384187,11.960004850613142
v8,dho_matched,1.0,5.562092304229736,10.054363112818978,10.441765785217283,6.896843219165686,True,2.9628006830578313,14.657462028931526
v8,dho_matched,1.0,5.871910095214844,6.441170900693653,3.8274130821228023,2.123184543199766,True,9.008520226712161,19.540780242030568
v8,dho_matched,1.0,3.7106213569641113,3.610684698335299,4.432826042175293,3.9466797172949,True,3.106079671017622,3.303294142076573
v8,dho_matched,1.0,10.30653476715088,12.326266190225114,1.1411553621292114,1.0160063194779156,True,93.08518579651751,149.54320192650073
v8,dho_matched,1.0,3.5150253772735596,1.4776011857691784,4.9907660484313965,16.1983643455759,True,2.4756526919871242,0.13478553868821866
v8,dho_matched,1.0,10.03524112701416,10.792026587299222,1.1009021997451782,1.126180264170059,True,91.47594082437703,103.4184682208088
v8,dho_matched,1.0,5.413191795349121,4.8209596235175045,5.360456466674805,6.609069676105075,True,5.466445925903031,3.5166298481639022
v8,dho_matched,1.0,6.790647029876709,7.145213496747823,2.969856977462769,2.117606484514138,True,15.526972320319912,24.109331118628997
v8,dho_matched,1.0,11.191515922546388,11.433626292578088,0.8395963907241821,0.7131231427029685,True,149.17885549338376,183.31730155724867
v8,dho_matched,1.0,4.7643866539001465,4.844654480982876,2.870323181152344,2.109781220521374,True,7.9083011756009824,11.124697106891174
v8,dho_matched,1.0,9.991547584533691,12.656056969281009,2.0015554428100586,1.670724265741002,True,49.87672137317592,95.87206057526494
v8,dho_matched,1.0,3.6676137447357178,3.3784687661368533,7.12152099609375,8.233266878364624,True,1.8888367510188657,1.38633319827833
v8,dho_matched,1.0,10.40081787109375,10.621022995966152,1.4641884565353394,1.5289908907456764,True,73.88189129945664,73.77815666764842
v8,dho_matched,1.0,10.183405876159668,10.642110590874651,3.0251505374908447,3.548170223265299,True,34.279866060687596,31.91913315933893
v8,dho_matched,1.0,3.929131507873535,3.9879484307229025,4.476321697235107,4.239188684134823,True,3.4488304126354916,3.7515982116165367
v8,dho_matched,1.0,10.204825401306152,9.78978560429821,1.6544586420059204,1.4071837365156774,True,62.944130984672036,68.10759653564025
v8,dho_matched,1.0,4.00644063949585,4.023206491189407,2.7286784648895264,3.1483815466696146,True,5.88254233847731,5.141114642814013
v8,dho_matched,1.0,4.727865695953369,4.984592254176221,5.146015167236328,4.178874410969013,True,4.343693773249639,5.9456584469673395
v8,dho_matched,1.0,5.90685510635376,5.831334367347135,2.4151289463043213,1.9402037505300964,True,14.446821690762432,17.52623171381522
v8,dho_matched,1.0,4.360846996307373,4.325038007825631,3.1138157844543457,2.75098458733169,True,6.107293379442968,6.7997304875052365
v8,dho_matched,1.0,6.185948848724365,6.214853723296654,3.627121686935425,3.537097153844341,True,10.54995295494633,10.919803760548346
v8,dho_matched,1.0,3.726964950561523,3.5050141624491453,3.9885096549987793,4.552704988160871,True,3.482570921021954,2.6984230937247338
v8,dho_matched,1.0,3.463200330734253,3.3140547162752574,6.249391555786133,6.5651902105381765,True,1.9191878799293929,1.6729079143566745
v8,dho_matched,1.0,5.800538063049316,5.493118694525284,6.601285934448242,6.388711389937883,True,5.0969223504323455,4.723073425991238
v8,dho_matched,1.0,3.4850947856903076,3.6000091667145675,6.887485980987549,6.678013253914519,True,1.7634715625953632,1.9407068401417116
v8,dho_matched,1.0,10.957379341125488,11.337923473040556,0.6939951181411743,0.5556027071468695,True,173.00433228825662,231.36767878732306
v8,dho_matched,1.0,7.787615776062012,7.963029271306112,4.10145378112793,3.88123433606524,True,14.786698256756065,16.337543597009983
v8,dho_matched,1.0,5.354927062988281,5.634709872564494,3.469293117523194,2.7826062546802635,True,8.265442808821009,11.410150212439605
v8,dho_matched,1.0,8.685922622680664,7.999785250399995,1.297862887382507,2.623726278492262,True,58.13037150584649,24.391478858569528
v8,dho_matched,1.0,7.673964023590088,7.635251339081386,1.4096938371658323,1.7565393390069153,True,41.774832437199166,33.18858947042039
v8,dho_matched,1.0,4.642374515533447,4.712678566327436,2.572437047958374,2.560391904014194,True,8.37790808508957,8.67419524124495
v8,dho_matched,1.0,8.468949317932129,8.43706170497507,1.541096568107605,0.8515140397681513,True,46.54030385505025,83.59698946706585
v8,dho_matched,1.0,7.929326057434082,7.928912278090752,1.5989984273910522,1.276450175021932,True,39.320996598908195,49.251941943270985
v8,dho_matched,1.0,10.267914772033691,13.068864502454332,2.433154582977295,1.2426310194664505,True,43.330610600473925,137.44644766460556
v8,dho_matched,1.0,3.7202107906341553,3.566670333099235,4.7668232917785645,4.753534101342501,True,2.9033944578186643,2.67614305352674
v8,dho_matched,1.0,7.263066291809082,14.99999999717564,7.471799373626709,6.006288558589496,False,7.0601644023544186,37.46073764529684
v8,dho_matched,1.0,3.8498518466949463,3.8959979443427657,4.269043445587158,4.425840798028297,True,3.471822067498772,3.4295856256477144
v8,dho_matched,1.0,3.7903974056243896,3.812295733417242,2.9241034984588623,3.185954247957132,True,4.913339250863123,4.561772589280089
v8,dho_matched,1.0,11.118364334106444,10.909565532321494,0.9522162079811096,0.7626240136301292,True,129.82138345242552,156.06461110171767
v8,dho_matched,1.0,3.625242233276367,3.8628536114935743,6.738675594329834,6.129001704533438,True,1.9502914283318666,2.4345951825713903
v8,dho_matched,1.0,3.430148124694824,3.3063559801271407,3.918914318084717,4.4970041869219495,True,3.0023407511235796,2.4309494527744904
v8,dho_matched,1.0,3.7690141201019287,4.313964630460611,4.051290512084961,2.88228179624636,True,3.506405525635089,6.45679088599235
v8,dho_matched,1.0,10.64951229095459,12.371984244286894,1.91509473323822,1.8333074982324968,True,59.22010544273449,83.49171881337693
v8,dho_matched,1.0,4.952906131744385,4.767749480116755,5.658895969390869,5.319330092183018,True,4.334993836706227,4.273364260390306
v8,dho_matched,1.0,10.137285232543944,9.684476921482668,1.348077416419983,1.4906321358263954,True,76.23045281691599,62.919006633876464
v8,dho_matched,1.0,10.187838554382324,13.136764762047015,2.945478916168213,1.7552873341813906,True,35.23775160651378,98.31700203878209
v8,dho_matched,1.0,4.205826759338379,4.336272690114398,8.855966567993164,7.752192839063149,True,1.9974080292373146,2.425540906088235
v8,dho_matched,1.0,5.794275283813477,5.202251125273217,4.5709638595581055,6.00786516725939,True,7.344977360608021,4.5046644718147
v8,dho_matched,1.0,10.10426425933838,9.739618873313434,3.1013009548187256,3.132357932510967,True,32.92042846209701,30.283951528285673
v8,dho_matched,1.0,3.680478096008301,4.422573797849209,5.683004856109619,4.086029993327124,True,2.3835839240281658,4.786836863499374
v8,dho_matched,1.0,5.675521373748779,5.8672532213874895,2.6656947135925293,1.851865584703161,True,12.083732881950336,18.58917874398528
v8,dho_matched,1.0,6.422728538513184,6.623328099099206,1.8768306970596311,0.02,False,21.979309025613748,2193.423755415855
v8,dho_matched,1.0,4.2020134925842285,4.190893922558022,1.3785876035690308,1.4452807361204398,True,12.80797632747302,12.152373882239397
v8,dho_matched,1.0,3.595635414123535,3.7174176195936774,6.216083526611328,6.062221559445561,True,2.0798616968307204,2.2795593369453493
v8,dho_matched,1.0,5.427168846130371,5.5777812452228845,3.6235523223876953,3.5532846563389713,True,8.128532187165883,8.755741976387329
v8,dho_matched,1.0,6.0722880363464355,6.096910612243016,2.440824270248413,2.9112793647079966,True,15.106651652805533,12.768379243951365
v8,dho_matched,1.0,6.682358264923096,7.1599405702523935,2.2946534156799316,1.4407601659723668,True,19.459981047967783,35.58173676667946
v8,dho_matched,1.0,3.835479497909546,3.761432607764787,2.7554540634155273,2.5667770540263977,True,5.338830784444122,5.512116933008354
v8,dho_matched,1.0,3.45662260055542,3.4176660605547724,0.314193844795227,0.02,False,38.02824275713508,584.0220650733988
v8,dho_matched,1.0,8.823040962219238,8.159022165699454,3.083496332168579,4.856636729229357,True,25.246033539547156,13.706942975522523
v8,dho_matched,1.0,4.373350620269775,4.337976850270668,5.169534206390381,5.2381420728461565,True,3.6997909065329244,3.59250338990126
v8,dho_matched,1.0,7.409543991088867,8.718721517452853,3.0083935260772705,1.8210484913680016,True,18.24938847926207,41.743042680753014
v8,dho_matched,1.0,4.135859489440918,4.252579781195882,3.5825750827789307,3.580478246013706,True,4.774591828827836,5.050843365846494
v8,dho_matched,1.0,3.7764060497283936,3.853403152427724,2.9445855617523193,2.579794679530542,True,4.843208782134475,5.755774276518011
v8,dho_matched,1.0,8.204080581665039,6.72526243513341,4.637571811676025,7.432997612884031,True,14.513400745837409,6.084914482283478
v8,dho_matched,1.0,3.9054863452911377,5.051438737017457,6.871179580688477,4.2903223074877594,True,2.2198260741319804,5.947579572123632
v8,dho_matched,1.0,10.115745544433594,10.016336087955311,0.9150707721710204,1.016879532003168,True,111.8255669744019,98.6616265441395
v8,dho_matched,1.0,4.577920913696289,4.259701258516457,4.713162899017334,5.459399140353253,True,4.4465596333255,3.323635870051554
v8,dho_matched,1.0,4.3362226486206055,4.3838954967857795,4.263265132904053,5.006754566398217,True,4.410428690744406,3.8385224344168645
v8,dho_matched,1.0,9.954934120178224,13.57899939060257,1.6943830251693726,0.8951485595649443,True,58.48778692006925,205.98728834418378
v8,dho_matched,1.0,4.128199100494385,2.1089092970940393,6.364387512207031,19.421595542515508,True,2.6777168707335424,0.22899758228584907
v8,dho_matched,1.0,3.5492053031921387,3.124663991105988,7.682964324951172,9.250750533856715,True,1.6395830764562687,1.0554305860460715
v8,dho_matched,1.0,10.255324363708496,10.22350243385401,0.8926544189453125,1.009928985551955,True,117.81903004427551,103.49242720060728
v8,dho_matched,1.0,4.637657642364502,4.893996503480218,6.585826396942139,6.139988618431022,True,3.265781256816635,3.9008544257199214
v8,dho_matched,1.0,10.365508079528809,9.708798472649274,2.1943612098693848,1.7001751901974356,True,48.96356956345049,55.44179701361875
v8,dho_matched,1.0,4.643919467926025,4.944031603858814,10.17524528503418,10.180130229618332,True,2.1194563295984366,2.4010938906103934
v8,dho_matched,1.0,3.999621868133545,4.027024069917566,2.8144278526306152,1.7276535213544222,True,5.683917274020675,9.386675429562935
v8,dho_matched,1.0,8.882977485656738,9.127434291859954,1.305778980255127,1.025940899933998,True,60.429284131428865,81.20356324382877
v8,dho_matched,1.0,6.757650852203369,6.594325770258477,4.559385299682617,4.173984500443998,True,10.015789857344094,10.418134604876808
v8,dho_matched,1.0,3.9112460613250737,4.227799654351837,5.745826721191406,5.169702249244213,True,2.662427270180342,3.4575085866793684
v8,dho_matched,1.0,3.7046210765838623,3.708774498885321,1.7969058752059937,1.1447076469880062,True,7.63769405534169,12.016175763108347
v8,dho_matched,1.0,10.704784393310549,9.769390464118349,2.1667070388793945,1.7287296829044825,True,52.887818634923285,55.208741415288074
v8,dho_matched,1.0,4.337713718414307,4.32552769784514,2.7183547019958496,2.7828288080327033,True,6.921745822612813,6.723442638949998
v8,dho_matched,1.0,3.68376350402832,3.775887749529817,5.020768642425537,4.922365642744358,True,2.7027960298635216,2.896438284316579
v8,dho_matched,1.0,11.154215812683104,11.827511539554358,2.355804681777954,2.2123971927993016,True,52.81275283908984,63.230069932104485
v8,dho_matched,1.0,5.152708530426025,4.70506597526879,4.503441333770752,5.3883948517034375,True,5.895581452438807,4.108393397457436
v8,dho_matched,1.0,9.894705772399902,9.869428607686327,1.0031589269638062,1.0767884368835117,True,97.5969008407143,90.45938617629746
v8,dho_matched,1.0,4.063135147094727,4.0460999780270965,4.936396598815918,5.455408947763313,True,3.344355927057497,3.000861198298041
v8,dho_matched,1.0,3.973112106323242,3.6390500763041462,6.940004348754883,8.06609596399026,True,2.274583561643507,1.6417713745247975
v8,dho_matched,1.0,3.5037765502929688,2.103589670593621,10.896817207336426,26.751636879238628,True,1.1266087960177595,0.1654137846668514
v8,dho_two_mode,1.0,11.375003814697266,11.74829345641586,1.3106588125228882,1.5626261032798887,True,98.72188745697521,88.32720690404462
v8,dho_two_mode,1.0,5.178821086883545,4.3073048191784125,6.580916404724121,5.480935583881313,True,4.07544879778396,3.3849831878847585
v8,dho_two_mode,1.0,9.862879753112791,9.491065284902737,1.6132118701934814,1.8342792829947108,True,60.29982720911627,49.10938103995672
v8,dho_two_mode,1.0,3.794994115829468,4.050056851654108,6.506075859069824,4.689702297839143,True,2.213620106980945,3.49765495971638
v8,dho_two_mode,1.0,10.20608615875244,10.183223519189598,0.7645562887191772,1.0380907925698213,True,136.2413679892414,99.89303631628302
v8,dho_two_mode,1.0,5.589702129364014,4.958678563476131,6.968480110168457,3.947210483096277,True,4.483728072843889,6.229334159193344
v8,dho_two_mode,1.0,9.93369483947754,9.022709005797292,2.943662405014038,2.146707285221359,True,33.522286046042744,37.9228590519741
v8,dho_two_mode,1.0,10.344606399536133,9.28036879296239,1.3637847900390625,1.537954896097414,True,78.46610575430954,55.99985093966958
v8,dho_two_mode,1.0,10.235347747802734,9.441119830198394,2.30011248588562,1.3726654517111474,True,45.54661746384699,64.9355190932001
v8,dho_two_mode,1.0,7.979221343994141,8.675448726763948,1.5645191669464111,2.0204138784197054,True,40.69491419572519,37.251481696205
v8,dho_two_mode,1.0,4.025465965270996,4.165492851070299,3.836078405380249,3.887660915159235,True,4.22420360721196,4.463180064048121
v8,dho_two_mode,1.0,3.6606791019439697,3.593695783383717,6.5962300300598145,3.383318808262013,True,2.0315500560685864,3.8171541363387127
v8,dho_two_mode,1.0,4.533627986907959,4.8822965490926675,5.879399299621582,2.6564666502296155,True,3.495898420268551,8.973129623600506
v8,dho_two_mode,1.0,3.5990653038024902,3.61417092844296,2.0151798725128174,2.649312906751332,True,6.427848569608281,4.930422324488485
v8,dho_two_mode,1.0,5.158423900604248,4.892644953419464,5.122577667236328,3.192563584602847,True,5.194520974960853,7.498041622622473
v8,dho_two_mode,1.0,3.636087417602539,3.729022831417652,4.284270286560059,4.247630851867085,True,3.085970497688431,3.2737334674744116
v8,dho_two_mode,1.0,4.8720197677612305,4.655260973587406,3.3514254093170166,2.730388662202359,True,7.082531674871274,7.937131820173012
v8,dho_two_mode,1.0,4.6641669273376465,4.675434310512965,3.6248509883880615,2.473732908888096,True,6.001475149118974,8.836720372429951
v8,dho_two_mode,1.0,5.310877323150635,5.180995594980797,2.935889482498169,2.1830872488724804,True,9.607111612919253,12.29575930557706
v8,dho_two_mode,1.0,3.4313790798187256,3.3215245657685526,5.234691143035889,5.381864368585271,True,2.2492945749209943,2.0499449048553577
v8,dho_two_mode,1.0,3.852588176727295,4.724933592713629,6.86264181137085,3.1492444511630495,True,2.162787461071655,7.0890011244788775
v8,dho_two_mode,1.0,5.150369644165039,4.961877946317025,3.0268547534942627,3.1078795332932905,True,8.763653902095633,7.921874863681806
v8,dho_two_mode,1.0,4.01640510559082,4.1174372248960065,2.416226863861084,2.4640017052792196,True,6.67632258108337,6.880388623366715
v8,dho_two_mode,1.0,3.779040098190307,4.225439117067441,5.304140567779541,3.5348056565610633,True,2.6924520346391736,5.0510091548890905
v8,dho_two_mode,1.0,4.29055118560791,1.3819496533954203,6.078914642333984,28.980376100212183,True,3.02830859774228,0.06589924291927114
v8,dho_two_mode,1.0,3.908665895462036,3.87392709399392,6.24760103225708,5.493854253843758,True,2.4453656697134925,2.731654397107524
v8,dho_two_mode,1.0,3.519279718399048,3.803946143660882,7.600098609924316,4.506029999219473,True,1.6296275051170972,3.211253867901227
v8,dho_two_mode,1.0,3.5093882083892822,0.7459220998170666,5.827407360076904,39.99999998512764,False,2.113427951091307,0.013909994480059409
v8,dho_two_mode,1.0,3.901975393295288,4.1374145684952355,4.6692795753479,3.3627986462589172,True,3.2607625489522114,5.090462175200545
v8,dho_two_mode,1.0,4.886674404144287,4.66424443911034,2.6479196548461914,1.9141193065817672,True,9.018244450285636,11.365632284761867
v8,dho_two_mode,1.0,9.238633155822754,9.184376831174347,2.71194839477539,1.3728455362204286,True,31.472701601660297,61.44374989865443
v8,dho_two_mode,1.0,3.845800876617432,4.202182024605649,5.41652774810791,4.3758581905143075,True,2.730565607784043,4.035399000405768
v8,dho_two_mode,1.0,8.588512420654297,8.857758417214567,1.5823969841003418,1.3904049068406472,True,46.61443767960048,56.429521926829416
v8,dho_two_mode,1.0,3.962247848510742,4.054627575437209,4.336302757263184,3.856748039389821,True,3.6204593848369893,4.262659786843842
v8,dho_two_mode,1.0,9.16904354095459,8.80839320672457,1.2710304260253906,0.9161829900486804,True,66.14425409061107,84.68591070452968
v8,dho_two_mode,1.0,3.889122009277344,1.514171634426674,5.8494768142700195,21.999740229107537,True,2.5857474921768695,0.10421558230350768
v8,dho_two_mode,1.0,4.928391933441162,4.956422203255793,1.4199771881103516,1.571630217846913,True,17.105237501688883,15.630980352733275
v8,dho_two_mode,1.0,4.944215774536133,5.169856226211178,5.6290411949157715,7.446067847229393,True,4.342705760840983,3.589466809604681
v8,dho_two_mode,1.0,3.511913061141968,3.764909099589329,3.5710713863372803,2.132584014984878,True,3.4537347520430313,6.646650461867521
v8,dho_two_mode,1.0,8.909622192382812,9.196420364488326,1.9789328575134275,0.8717921345148919,True,40.113219258355606,97.01182675551073
v8,dho_two_mode,1.0,3.754594087600708,3.80063135035981,3.545215845108032,2.550494257528752,True,3.9763380788502096,5.663529184078156
v8,dho_two_mode,1.0,3.3969900608062744,0.652514818539679,5.298373699188232,39.99999999999999,False,2.1779402753310126,0.010644389710346756
v8,dho_two_mode,1.0,4.157882213592529,4.119650533883261,2.0316390991210938,2.280714058073414,True,8.509377728351486,7.441318854175424
v8,dho_two_mode,1.0,11.341178894042969,11.79150913409832,1.885354995727539,2.9687374136485545,True,68.2218144583703,46.834619667033955
v8,dho_two_mode,1.0,6.156332969665527,6.0264182554027395,1.887113332748413,1.2906008306999368,True,20.083815304400478,28.14016241517144
v8,dho_two_mode,1.0,10.15516757965088,9.260446434836949,2.17134690284729,0.3407233799147646,True,47.4946810367156,251.68765405513722
v8,dho_two_mode,1.0,4.149276256561279,4.288636645424299,5.940452575683594,5.454359927593258,True,2.8981787555608935,3.372055478669493
v8,dho_two_mode,1.0,3.4457170963287354,4.18625169256109,6.126592636108398,2.504887794641707,True,1.9379395714930086,6.996202892184749
v8,dho_two_mode,1.0,9.884563446044922,9.150085255128005,2.6122348308563232,1.0869356668881056,True,37.40268423220537,77.02761324946924
v8,dho_two_mode,1.0,3.4688782691955566,1.028105303411425,9.169191360473633,39.99999999999999,False,1.3123421655664511,0.02642501287256746
v8,dho_two_mode,1.0,5.026120185852051,4.776907969643688,3.5535590648651123,4.047495352376837,True,7.108896647420255,5.637770463910556
v8,dho_two_mode,1.0,3.503986120223999,4.0571687386045525,8.466278076171875,5.755643622890747,True,1.450214441370444,2.859909204253821
v8,dho_two_mode,1.0,3.4872024059295654,3.782435098388316,4.048015594482422,3.847854659622448,True,3.0040844300343656,3.7181277722489696
v8,dho_two_mode,1.0,3.742253541946411,4.210564672376496,5.772942543029785,4.242411371413232,True,2.425879257904508,4.178957038378659
v8,dho_two_mode,1.0,7.600223064422607,7.725629660175837,4.6217522621154785,7.110647383975059,True,12.498158134192547,8.39380022987763
v8,dho_two_mode,1.0,10.617960929870604,10.700676790055224,0.8238989114761353,1.0918875774715513,True,136.83850377501588,104.86838217390559
v8,dho_two_mode,1.0,10.647772789001465,10.22926598445184,1.2148494720458984,1.7011328257609368,True,93.32437308077999,61.51070686315028
v8,dho_two_mode,1.0,9.168699264526367,8.959303996680942,4.613410472869873,2.4256304932799537,True,18.221887407957404,33.0920675376251
v8,dho_two_mode,1.0,3.7913076877593994,3.3396416989077644,5.822432994842529,7.185150039402622,True,2.468729824112347,1.552258006571958
v8,dho_two_mode,1.0,3.9814133644104,3.889130583243475,1.5815002918243408,1.7312875251066542,True,10.023173856022533,8.736467209620743
v8,dho_two_mode,1.0,4.309682369232178,5.460508485257005,6.650712966918945,5.9054640802257214,True,2.792687372926139,5.0490787027908
v8,dho_two_mode,1.0,3.788532257080078,3.9751511646803617,4.541248798370361,2.7316093394318406,True,3.16057923716641,5.784804786670676
v8,dho_two_mode,1.0,4.722323894500732,4.609515955143912,1.7373312711715698,1.5431311175112354,True,12.835976266940916,13.769171718210519
v8,dho_two_mode,1.0,3.4799468517303467,0.8059468966507713,6.105237007141113,39.99999999999993,False,1.9835479075919922,0.016238760005525255
v8,dho_two_mode,1.0,3.7387118339538574,4.08127278503367,8.111538887023926,4.133926505099695,True,1.7232200168216227,4.029289714103127
v8,dho_two_mode,1.0,5.277451992034912,5.276461042297525,1.9841684103012085,1.454723353733893,True,14.036862689495818,19.13837504527774
v8,dho_two_mode,1.0,10.273270606994627,9.41603072683576,0.8863791227340698,1.748388312198113,True,119.06878925464463,50.710493790276935
v8,dho_two_mode,1.0,11.012072563171388,10.825509504732787,0.9002621173858643,2.128331172145408,True,134.70048310893878,55.06269774685862
v8,dho_two_mode,1.0,9.604085922241213,9.875631649374862,0.9273954033851624,1.0232021466543917,True,99.45969762746788,95.31655185930394
v8,dho_two_mode,1.0,11.638958930969238,11.830600887796331,0.0930903032422065,0.607315656081123,True,1455.2038212221607,230.46189566308755
v8,dho_two_mode,1.0,9.711485862731934,9.114687482352004,3.845339059829712,1.5495009949607614,True,24.52656480862283,53.615666057089626
v8,dho_two_mode,1.0,4.088611602783203,4.147520961190066,2.4812097549438477,3.1891879639393244,True,6.737336416280432,5.393827619449227
v8,dho_two_mode,1.0,3.519289970397949,0.6704145401503547,6.53683614730835,39.99999999999999,False,1.8947089412426976,0.011236391391125292
v8,dho_two_mode,1.0,5.881686687469482,5.726663901171965,3.0095598697662354,2.4118631244114006,True,11.494783219661553,13.597239041079263
v8,dho_two_mode,1.0,6.9804792404174805,6.98792008172725,1.197094440460205,1.243338438648708,True,40.70446639712653,39.27412324007113
v8,dho_two_mode,1.0,10.125547409057615,9.456903993719758,2.8697726726531982,1.9007270818475976,True,35.72642227381868,47.05201183301893
v8,dho_two_mode,1.0,5.6170973777771,5.436035427818121,1.5823278427124023,1.8595117369728744,True,19.940104761946667,15.891527106249615
v8,dho_two_mode,1.0,4.688468933105469,4.662026528406697,1.7483288049697876,1.8286904656771217,True,12.573001642602916,11.885276245217378
v8,dho_two_mode,1.0,10.3717622756958,10.694446416090624,3.1842753887176514,4.628020135077442,True,33.78271021554695,24.71276718953164
v8,dho_two_mode,1.0,4.890622138977051,4.46906764965535,8.208775520324707,3.5302773117734,True,2.9137335826801065,5.657506165475418
v8,dho_two_mode,1.0,3.697276353836059,3.588537335605437,3.548274278640747,3.71510679001614,True,3.8525354477027163,3.4662799582615014
v8,dho_two_mode,1.0,9.877034187316896,10.206359733674825,0.4763875007629394,1.0197727994469366,True,204.7824600376587,102.14998779107881
v8,dho_two_mode,1.0,4.64545202255249,4.698203319398202,3.4843502044677734,2.61970512332235,True,6.193471731448232,8.425801146050674
v8,dho_two_mode,1.0,6.040050029754639,5.4414693567560475,3.778892993927002,3.5956783782301738,True,9.654204133477442,8.234771201947485
v8,dho_two_mode,1.0,3.5642497539520264,3.5986245464914735,4.017948627471924,3.3342166540399254,True,3.161781666815463,3.884000342605179
v8,dho_two_mode,1.0,5.715700626373291,5.407478719333397,3.9411098957061768,4.006986476270154,True,8.28934856293072,7.297460641110512
v8,dho_two_mode,1.0,9.98642349243164,9.582903376466836,1.4204086065292358,1.8481914541391096,True,70.2112432378717,49.687513118317604
v8,dho_two_mode,1.0,3.4633071422576904,3.346699602461308,1.5912693738937378,2.226415102274898,True,7.537690700514985,5.030687322265456
v8,dho_two_mode,1.0,4.359559059143066,5.612015115409988,8.31615924835205,8.82703093884908,True,2.2854005824771337,3.5679849627553972
v8,dho_two_mode,1.0,5.9066267013549805,5.406221985099721,5.361093521118164,3.365650518065503,True,6.507672147805206,8.683978326120057
v8,dho_two_mode,1.0,3.591205596923828,3.948869236872055,6.7747721672058105,5.426171541875655,True,1.9036444800026644,2.873769863258744
v8,dho_two_mode,1.0,10.411980628967283,9.38910437179919,0.79791259765625,0.9583487690427572,True,135.8661850137801,91.9866375918573
v8,dho_two_mode,1.0,3.643949031829834,3.5595077170318077,2.5464963912963867,2.8155372451727123,True,5.21436613535264,4.500063072982639
v8,dho_two_mode,1.0,3.731714963912964,1.0151255444094571,14.744474411010742,39.99999978583581,False,0.9444688351517386,0.025761996910747344
v8,dho_two_mode,1.0,10.359314918518066,9.23355551756319,1.7218279838562012,2.2620445790976738,True,62.32643828954835,37.69092275357859
v8,dho_two_mode,1.0,9.796476364135742,9.606327284392073,1.0023709535598757,1.234499773241824,True,95.74394470653175,74.75215945364027
v8,dho_two_mode,1.0,6.178822994232178,6.217990402970791,1.0901830196380615,1.0575641521699637,True,35.019673675276344,36.55892134023769
v8,dho_two_mode,1.0,3.466125726699829,3.9199210244543248,6.0644450187683105,4.708890026039686,True,1.9810596874255229,3.263142853833457
v8,dho_two_mode,1.0,3.5962789058685303,3.621362136789053,2.8433094024658203,3.0211926692129873,True,4.548650933865585,4.3407571650124535
v8,dho_two_mode,1.0,10.586426734924316,10.098043607522628,1.5913234949111938,2.08759710144016,True,70.4271830160936,48.84586428534642
v8,dho_two_mode,1.0,4.776411056518555,3.9708086840640746,6.490675926208496,9.019220476896674,True,3.5149039699721176,1.7481911708254274
v8,dho_two_mode,1.0,3.8377878665924072,3.680949390082726,7.593856334686279,10.872519837402006,True,1.9395436336724396,1.2462049842153269
v8,dho_two_mode,1.0,3.505107879638672,3.9235377365594943,9.330896377563477,4.914738419646542,True,1.3166774927912361,3.132241648643737
v8,dho_two_mode,1.0,3.763864040374756,3.7047169515645937,2.3987417221069336,2.6906371200164183,True,5.905876561809619,5.10099544420405
v8,dho_two_mode,1.0,3.5952885150909424,3.5539932261162757,1.983875751495361,2.0358973013788475,True,6.5155791621535215,6.204079077429836
v8,dho_two_mode,1.0,4.446148872375488,5.7280846958737754,6.019216537475586,8.380274881437126,True,3.2841881783532707,3.915259910600527
v8,dho_two_mode,1.0,5.172037601470947,4.344829255376163,3.6321961879730225,4.270860192170652,True,7.3646828438409315,4.420079424041771
v8,dho_two_mode,1.0,3.726931095123291,3.584836874793995,2.900205373764038,3.3716564416525485,True,4.789321305811424,3.8114961121555124
v8,dho_two_mode,1.0,9.942330360412598,9.343818203305448,2.6289403438568115,1.667097242901857,True,37.60067558268111,52.370633439744736
v8,dho_two_mode,1.0,7.7672834396362305,6.665444493936149,3.4083125591278076,2.0720694020584323,True,17.701044427417756,21.441439296197302
v8,dho_two_mode,1.0,11.19007968902588,11.021347886840523,1.2504147291183472,2.215638654450205,True,100.14108161940736,54.823970956990735
v8,dho_two_mode,1.0,3.7952277660369873,3.720678177044811,1.2749764919281006,2.0992448072729313,True,11.297270096577098,6.594488670009442
v8,dho_two_mode,1.0,10.694748878479004,10.564979960698372,2.159799337387085,2.4460653048780903,True,52.957537116434835,45.63197938638893
v8,dho_two_mode,1.0,10.556097984313965,9.237595027905348,1.0886166095733645,1.5610628466164176,True,102.36037524552187,54.66350191123956
v8,dho_two_mode,1.0,3.5043764114379883,3.4341253556667044,7.105572700500488,3.1740102475139103,True,1.7283130509913707,3.7155573040982395
v8,dho_two_mode,1.0,4.42929744720459,4.443777473660425,2.121161699295044,2.058296481882127,True,9.24902419383362,9.593932851381464
v8,dho_two_mode,1.0,3.609426975250244,3.938585375000329,6.849427223205566,5.358043692846666,True,1.9020514657818313,2.8951713807180424
v8,dho_two_mode,1.0,3.672379493713379,3.803582133706397,4.907479763031006,4.429911729143802,True,2.748125676939511,3.2658070707532327
v8,dho_two_mode,1.0,4.0590081214904785,3.9714597695183818,3.614835739135742,3.5302296752679947,True,4.557758116628763,4.467837549324788
v8,dho_two_mode,1.0,3.864439249038696,3.9236594732157335,3.3362088203430176,3.3702551277628614,True,4.476305745146765,4.567934200273636
v8,dho_two_mode,1.0,3.699239730834961,3.5206035599292456,5.634031295776367,6.255912512773683,True,2.4288779859008955,1.9812696230771076
v8,dho_two_mode,1.0,10.079726219177246,10.019469909745425,0.1049863621592521,0.7169074020651407,True,967.7531306347438,140.03172094904974
v8,dho_two_mode,1.0,5.932997703552246,7.175474091100529,8.619876861572266,24.154073127655774,True,4.083638585056963,2.1316250952765077
v8,dho_two_mode,1.0,7.415160655975342,6.882484047682104,2.898185014724731,2.763338250536955,True,18.972083312337148,17.141798206352146
v8,dho_two_mode,1.0,4.611291885375977,4.5853755486899646,3.7307281494140625,2.564612172644089,True,5.699695073058056,8.198381473346334
v8,dho_two_mode,1.0,3.9311447143554688,4.370348770980907,5.779407024383545,4.348400783710435,True,2.6739592314582334,4.392407537861903
v8,dho_two_mode,1.0,5.735916614532471,6.63932172210996,6.068376541137695,5.216148314445464,True,5.42167071964546,8.450793626324913
v8,dho_two_mode,1.0,5.446302890777588,4.6041311337251765,4.952539443969727,4.615098597876008,True,5.989294081081856,4.593189732997986
v8,dho_two_mode,1.0,4.884008407592773,8.000596641558646,8.888764381408691,39.999832284237065,False,2.683560627990973,1.6002453751823364
v8,dho_two_mode,1.0,8.223346710205078,8.298380551330197,0.7774053812026978,1.0353977794259,True,86.9860599776435,66.50885402987633
v8,dho_two_mode,1.0,3.5489070415496826,4.699707456575395,6.454442024230957,4.115528715972335,True,1.9513291996857896,5.366807450928461
v8,dho_two_mode,1.0,3.786980152130127,1.0035514952632454,7.392953395843506,39.99999999999999,False,1.9398497332189992,0.025177890091127395
v8,dho_two_mode,1.0,5.915241241455078,5.8735974168570335,2.7354085445404053,1.9404924249868665,True,12.791536757625336,17.778552583395484
v8,dho_two_mode,1.0,5.845428943634033,5.607201220934357,3.3259904384613037,2.428339352496773,True,10.27334268311428,12.947410130186706
v8,dho_two_mode,1.0,4.047914028167725,4.193286963258756,3.681343555450439,2.847953752857024,True,4.450985824231815,6.1741366195276814
v8,dho_two_mode,1.0,4.521310329437256,4.312469366645149,7.0621337890625,4.679720052137562,True,2.894627559553745,3.9740394363457825
v8,dho_two_mode,1.0,8.792576789855957,8.324232321655868,2.805283308029175,0.6523879157964891,True,27.558502338869538,106.21417421612081
v8,dho_two_mode,1.0,10.0659818649292,10.111409265287952,0.5112695693969727,0.7969917228001622,True,198.18114937799285,128.28313570301265
v8,dho_two_mode,1.0,4.459483623504639,4.598068789639156,4.8205156326293945,3.9824876642287736,True,4.1254910685682225,5.30880152728558
v8,dho_two_mode,1.0,9.639402389526367,9.137772422020676,2.38769793510437,1.4704818337718313,True,38.915340613696614,56.783350136644934
v8,dho_two_mode,1.0,4.6406683921813965,5.172911408399738,6.771627426147461,3.609719285320391,True,3.1802994717392026,7.413045260326133
v8,dho_two_mode,1.0,10.388019561767578,10.79559837700459,2.0295448303222656,1.8201507120436424,True,53.17002551677116,64.0303814109596
v8,dho_two_mode,1.0,3.437861442565918,3.873175828642102,5.503909111022949,4.436398085575819,True,2.147363094098182,3.3814573692906835
v8,dho_two_mode,1.0,5.274281024932861,5.6759854067167,5.431895732879639,5.764675244984887,True,5.12123974721796,5.588660066373853
v8,dho_two_mode,1.0,8.464584350585938,8.73198544839084,1.232515573501587,1.4972026251444095,True,58.132481056307,50.926687270238446
v8,dho_two_mode,1.0,3.6038079261779785,4.022476638962443,3.930079936981201,2.3047519789126145,True,3.304622749927884,7.020416278645519
v8,dho_two_mode,1.0,4.0306806564331055,3.784149915112155,4.675289154052734,3.4334501479374677,True,3.474947969808663,4.170670888769267
v8,dho_two_mode,1.0,9.87641429901123,9.073579032200175,2.5003321170806885,1.0029928673203174,True,39.01224110963402,82.08416942539401
v8,dho_two_mode,1.0,5.642462730407715,9.106189018625836,6.733610153198242,1.9943523806834913,True,4.728130221337269,41.57874969644183
v8,dho_two_mode,1.0,5.194596767425537,3.313523846542914,9.897872924804688,18.143604036586915,True,2.726225703355381,0.6051410877060756
v8,dho_two_mode,1.0,6.024568557739258,7.0100799627970325,6.537765026092529,26.843421182969823,True,5.551656592435445,1.8306616265435247
v8,dho_two_mode,1.0,3.443131446838379,3.524566261039825,5.783787727355957,5.224035451524725,True,2.049721517982974,2.377963825807214
v8,dho_two_mode,1.0,4.399581432342529,4.888047384863857,6.420050621032715,3.1626425519159693,True,3.0149788408832716,7.554760566349712
v8,dho_two_mode,1.0,5.260622978210449,5.563811997994723,3.960221767425537,3.834905376214465,True,6.988031414429148,8.072168909572289
v8,dho_two_mode,1.0,4.782918453216553,4.804944138918797,3.881606101989746,2.604118952828337,True,5.893516325212087,8.865757899828175
v8,dho_two_mode,1.0,7.711391448974609,7.486486948614691,1.0477287769317627,0.779951361200056,True,56.75663338508421,71.86023336832415
v8,dho_two_mode,1.0,7.09242057800293,6.999081403241656,1.7255194187164309,1.8372173451141431,True,29.152050744637858,26.663769868860946
v8,dho_two_mode,1.0,3.633620262145996,3.682061829734306,3.7230515480041504,3.8697479897681863,True,3.5463372019535675,3.503478612517737
v8,dho_two_mode,1.0,5.795433521270752,6.840561313551429,8.246275901794434,18.09102979116507,True,4.072996113574127,2.5865459083655042
v8,dho_two_mode,1.0,3.653861522674561,3.820447774378526,2.7913177013397217,2.77720073025527,True,4.782939620407184,5.255587411361597
v8,dho_two_mode,1.0,5.038337707519531,5.0344948518855945,0.4721833169460296,0.7958876711727715,True,53.7605754883429,31.846376482141043
v8,dho_two_mode,1.0,4.566389083862305,1.0524536792347416,5.455893516540527,39.99999999999999,False,3.821905468279483,0.027691468673368618
v8,dho_two_mode,1.0,3.673720836639404,4.0525052560943085,5.787698268890381,4.382177341688983,True,2.3318812001832327,3.7476344680159164
v8,dho_two_mode,1.0,6.437160968780518,5.888308014634566,4.630541801452637,2.4240510449477553,True,8.948637786833544,14.30339981803351
v8,dho_two_mode,1.0,3.9527628421783447,3.7464276355779145,3.9084153175354,4.651210863997113,True,3.9976135638416093,3.017648616463722
v8,dho_two_mode,1.0,4.3221893310546875,5.481240294283325,6.723984241485596,7.378780190436347,True,2.7783111831558247,4.071675044964104
v8,dho_two_mode,1.0,3.572364091873169,4.079580189189934,6.236904144287109,4.6140027715499174,True,2.0461730547188823,3.6070577639554244
v8,dho_two_mode,1.0,10.12390422821045,10.494464436715107,1.692859411239624,1.5599939539779946,True,60.54456509588408,70.59885298442104
v8,dho_two_mode,1.0,3.650897026062012,3.624530081356189,2.906425714492798,2.7336018760150527,True,4.586062196065625,4.805827222289908
v8,dho_two_mode,1.0,4.307141304016113,4.370568520570287,0.8020302653312683,1.0524223209590864,True,23.13063111789077,18.150383940538394
v8,dho_two_mode,1.0,3.8245017528533936,3.484138565919253,3.347320556640625,4.610958106898398,True,4.3697080724943085,2.6326896200519645
v8,dho_two_mode,1.0,9.966201782226562,9.542154049844228,1.525175929069519,1.1223459418362,True,65.12375134628064,81.12712891534403
v8,dho_two_mode,1.0,8.234606742858887,7.786272265181069,3.1059231758117676,4.18590520975307,True,21.832075158077426,14.48337521983789
v8,dho_two_mode,1.0,4.231251239776611,4.285774858811279,2.1981301307678223,1.9941152147931267,True,8.144871317448935,9.211035553090825
v8,dho_two_mode,1.0,4.951167583465576,4.820311893014436,6.439277648925781,8.73360187468845,True,3.8069581366242002,2.6604609506275763
v8,dho_two_mode,1.0,4.186464786529541,4.221525476086249,4.066434383392334,3.7463407447120103,True,4.310038170155041,4.756982495625928
v8,dho_two_mode,1.0,9.946416854858398,10.104428101582196,2.4554078578948975,1.419689808833464,True,40.291150788866595,71.91674309752032
v8,dho_two_mode,1.0,10.18207836151123,9.322231911155605,0.0564325377345085,1.1331653828284465,True,1837.1443837543056,76.6913719058823
v8,dho_two_mode,1.0,6.514780521392822,5.968601825748054,2.927743673324585,1.6519606682110417,True,14.496612401086367,21.56480383573632
v8,dho_two_mode,1.0,10.167652130126951,9.535360400614316,1.9200633764266968,1.210876970725418,True,53.842571609105406,75.08863424426427
v8,dho_two_mode,1.0,3.467100143432617,3.394017746711423,3.2711267471313477,3.48055588047339,True,3.6748143174617858,3.3096312372451666
v8,dho_two_mode,1.0,4.720379829406738,1.0776491739513532,7.856057643890381,37.07915383412592,True,2.8362808349807085,0.03132023312379913
v8,dho_two_mode,1.0,10.320342063903809,9.41633210774004,1.2375668287277222,1.8977285594436064,True,86.0636030665747,46.72286240412184
v8,dho_two_mode,1.0,3.614983081817627,4.01855571916353,7.788790702819824,7.150653062923544,True,1.677808941135951,2.258365764066238
v8,dho_two_mode,1.0,7.609090805053711,8.144086764615146,2.213501453399658,2.8645060483997655,True,26.156866890974264,23.154480426610444
v8,dho_two_mode,1.0,5.033222675323486,5.071434513852629,1.6517382860183716,2.3480317567642395,True,15.33737560837089,10.953620177496639
v8,dho_two_mode,1.0,3.4497199058532715,3.677678261534598,5.692428112030029,5.043158704713663,True,2.0905959978116146,2.68191389311673
v8,dho_two_mode,1.0,10.310094833374023,10.138035739816894,0.5452355742454529,0.8383585635607448,True,194.9580337274778,122.5964320389
v8,dho_two_mode,1.0,4.5564494132995605,4.585887150738683,2.104092597961426,2.5993053845432468,True,9.867071095669775,8.090761895222881
v8,dho_two_mode,1.0,4.5155229568481445,4.161304824215826,4.649511814117432,6.9187760398868114,True,4.385395368157167,2.5028209816609692
v8,dho_two_mode,1.0,3.685263156890869,4.504251376406974,5.804656028747559,2.2331286785590367,True,2.3397018648954457,9.085137214285147
v8,dho_two_mode,1.0,5.379354000091553,5.214551335508509,2.606318712234497,2.387506053280362,True,11.102805394621829,11.38910018397365
v8,dho_two_mode,1.0,3.596119165420532,4.444372571651548,6.390341758728027,4.249853993354278,True,2.023690365893504,4.64779439165123
v8,dho_two_mode,1.0,3.4547102451324463,1.0807924748711886,10.19128131866455,29.904926095386223,True,1.1711013075426548,0.039060868099533845
v8,dho_two_mode,1.0,3.7154664993286137,3.708509795533187,1.8672975301742551,2.133028620174777,True,7.39287182923922,6.4476607456109525
v8,dho_two_mode,1.0,5.744992256164551,5.6802771155966445,1.5175657272338867,1.4878378917877848,True,21.748603985377134,21.686198669937543
v8,dho_two_mode,1.0,3.511986494064331,3.905635396298987,5.6922607421875,4.540653981296027,True,2.1668102873570008,3.3594252968092584
v8,dho_two_mode,1.0,8.271446228027344,8.053155077911732,0.6781219244003296,0.8171476710411818,True,100.89162470841728,79.3654672309861
v8,dho_two_mode,1.0,9.342514991760254,9.126411822363073,3.098379373550415,1.7527026477628054,True,28.170400021495265,47.521690491928986
v8,dho_two_mode,1.0,10.045104026794434,9.652907439238252,1.1584757566452026,0.1760214682229613,True,87.10075660221594,529.3594183209206
v8,dho_two_mode,1.0,10.085603713989258,9.891527902515998,1.4600794315338137,1.648521956415636,True,69.66703323036177,59.35154449443311
v8,dho_two_mode,1.0,4.339848518371582,4.345744632558864,3.2288999557495117,2.4803749761084464,True,5.833034600181685,7.61396828839337
v8,dho_two_mode,1.0,5.750981330871582,4.481039226894313,5.057851314544678,6.742993165081026,True,6.539098168608555,2.9778634000327213
v8,dho_two_mode,1.0,5.624582767486572,3.3282602526173033,7.573858261108398,16.772516358962353,True,4.176990143947735,0.6604445076741904
v8,dho_two_mode,1.0,10.868119239807127,9.60330958470083,3.0290307998657227,1.0925432485138349,True,38.99465657988751,84.41181171093841
v8,dho_two_mode,1.0,3.568878173828125,3.4274891882104743,2.3609657287597656,2.6379852361561764,True,5.394780307259083,4.453278196665464
v8,dho_two_mode,1.0,4.577452659606934,4.464390925023767,3.645509004592895,3.95239068657438,True,5.747639856202325,5.042716652262177
v8,dho_two_mode,1.0,3.580228328704834,3.6955360004482576,4.569444179534912,3.450779789171123,True,2.805162812376287,3.9576522307989728
v8,dho_two_mode,1.0,3.983222484588623,4.464997322791277,6.151262283325195,3.360576934234695,True,2.579317972628478,5.932374554333285
v8,dho_two_mode,1.0,3.720113515853882,4.110715458469148,5.481692314147949,2.953021552735184,True,2.524629945960373,5.722268286476189
v8,dho_two_mode,1.0,6.633410930633545,5.981062984782917,2.6248207092285156,1.4530152082623953,True,16.76386521180018,24.619917413472926
v8,dho_two_mode,1.0,3.4580202102661133,3.973843361472942,4.25620698928833,2.1100975124119996,True,2.809521201554238,7.483744693614552
v8,dho_two_mode,1.0,5.269375801086426,5.188751471228677,2.107671022415161,2.11158389179854,True,13.173935133984067,12.750211788765824
v8,dho_two_mode,1.0,9.91265869140625,9.42375357483158,1.849953532218933,1.3031983853870754,True,53.11528134139273,68.14551984943836
v8,dho_two_mode,1.0,7.417022705078125,7.294872784870249,1.6482456922531128,1.5578672950840509,True,33.376229081748136,34.15898717134923
v8,dho_two_mode,1.0,4.500529766082764,3.9698975621796033,2.727174997329712,4.410788133505565,True,7.427014472936003,3.5730772318175035
v8,dho_two_mode,1.0,4.980789661407471,5.046979151678437,6.29035758972168,7.959892454494777,True,3.943856179451509,3.2000430537341393
v8,dho_two_mode,1.0,3.665769100189209,3.7176120592796296,7.804495811462402,7.422780052275588,True,1.721810533380762,1.8619222617359328
v8,dho_two_mode,1.0,3.548903465270996,4.256323341053944,9.306079864501951,5.7999537774955785,True,1.3533857423526996,3.123522889767447
v8,dho_two_mode,1.0,7.186307430267334,6.887010354390093,2.635021924972534,1.5567275809496646,True,19.598703901810527,30.468344109726413
v8,dho_two_mode,1.0,3.6397953033447266,3.683729083910304,4.258936882019043,4.019813688513949,True,3.1106612324270397,3.375743508317465
v8,dho_two_mode,1.0,4.916306972503662,4.790009426859142,1.731215000152588,2.0663378719712724,True,13.961335966796609,11.10379411838919
v8,dho_two_mode,1.0,7.958548069000244,9.00479175624238,2.630415678024292,1.8642736226747485,True,24.07926925609002,43.494835515053296
v8,dho_two_mode,1.0,3.4763433933258057,3.694939248503971,3.509392261505127,3.0358388649471526,True,3.4436057550138077,4.49713461665323
v8,dho_two_mode,1.0,4.90072774887085,4.838748817985474,1.139048457145691,1.6783092937281092,True,21.08525964622839,13.950640809207645
v8,dho_two_mode,1.0,3.914950132369995,4.005410676886132,6.34531831741333,4.045693220792053,True,2.415455580357997,3.9655292220532026
v8,dho_two_mode,1.0,9.935040473937988,9.225322658174528,2.662761926651001,1.2621001350711771,True,37.06866476903885,67.4325085486412
v8,dho_two_mode,1.0,5.100916385650635,5.043437993677915,7.309002876281738,9.357085524732886,True,3.5599039176511846,2.7183963135572635
v8,dho_two_mode,1.0,11.039443969726562,11.366458934540928,1.2574883699417114,1.17628910500243,True,96.91487100304649,109.83387345948289
v8,dho_two_mode,1.0,10.160040855407717,9.574483111246527,0.8853618502616882,1.8784214039975864,True,116.59236294521062,48.802002922483084
v8,dho_two_mode,1.0,5.141302585601807,5.093051100692048,3.896744728088379,3.180427279142304,True,6.783352290485556,8.155875685123585
v8,dho_two_mode,1.0,3.7368688583374023,3.9951494473778064,7.870880603790283,6.533979773928957,True,1.7741583905728817,2.442802037828398
v8,dho_two_mode,1.0,4.524646282196045,4.495472820909852,2.4454996585845947,2.234780458796936,True,8.371468753685908,9.04306989260975
v8,dho_two_mode,1.0,10.11161994934082,9.498762222556527,3.331122875213623,1.1955263780272636,True,30.693811615505282,75.47009034593583
v8,dho_two_mode,1.0,7.517040729522705,9.06868552584595,4.032729625701904,1.748782630263025,True,14.01182488634315,47.02760408497333
v8,dho_two_mode,1.0,4.191009998321533,2.687429682621397,8.011113166809082,16.558530744248102,True,2.192524863935635,0.43616661469456336
v8,dho_two_mode,1.0,5.430942535400391,6.3687014331638085,5.474796295166016,5.9694928766481326,True,5.387440049388508,6.794606976322815
v8,dho_two_mode,1.0,10.475589752197266,9.38793154282331,1.4732288122177124,1.1223393232181658,True,74.48807662887562,78.52639289161313
v8,dho_two_mode,1.0,3.4212863445281982,3.5384793324065247,4.934702396392822,4.077867991728344,True,2.372017461440311,3.0704368094469268
v8,dho_two_mode,1.0,10.078723907470703,9.470619120843722,1.9741252660751345,1.1214024451656393,True,51.45604351895033,79.98254945738277
v8,dho_two_mode,1.0,4.957858562469482,4.771400124368249,2.9814629554748535,3.702587297055085,True,8.244396087603604,6.14874338410032
v8,dho_two_mode,1.0,5.9029645919799805,9.272545123288449,8.9603271484375,1.2976893761613577,True,3.8888078969578292,66.25629726410693
v8,dho_two_mode,1.0,4.432933330535889,4.035334819541886,5.807094573974609,6.197475050580225,True,3.383946595435958,2.627509908939867
v8,dho_two_mode,1.0,8.816666603088379,8.718186351061473,0.7144975066184998,0.7148247044634407,True,108.79479532112519,106.32924796420754
v8,dho_two_mode,1.0,4.057738780975342,3.5481863049660327,4.505522727966309,6.144395007406011,True,3.654458097043779,2.048961051425548
v8,dho_two_mode,1.0,3.6777055263519287,0.7780236698367878,5.141979694366455,39.99999999999999,False,2.6304106088513057,0.01513302077065758
v8,dho_two_mode,1.0,4.790297031402588,5.640974085381867,9.43831729888916,9.227472003778557,True,2.4312538901150504,3.4484622244228516
v8,dho_two_mode,1.0,3.4852280616760254,3.1668584521101235,2.889057159423828,3.65141031313466,False,4.204421709785934,2.7466079119143547
v8,dho_two_mode,1.0,3.518557071685791,3.5646539725610857,5.37953519821167,4.966964796723455,True,2.301359394548748,2.5582540775158633
v8,dho_two_mode,1.0,5.550873756408691,5.509016947292524,3.672920703887939,2.4616814666417355,True,8.389018425301353,12.328673769055586
v8,dho_two_mode,1.0,4.001707077026367,3.8562463858360694,4.81127405166626,2.8186627954968797,True,3.3283615438154053,5.275776943602905
v8,dho_two_mode,1.0,4.775125980377197,4.8563757349574646,3.4676218032836914,2.6017443911925326,True,6.575638700529833,9.064835638320927
v8,dho_two_mode,1.0,3.5433709621429443,4.085944405524642,4.950824737548828,2.557231635172388,True,2.5360376181634092,6.528521489963768
v8,dho_two_mode,1.0,5.228298664093018,5.36611680252451,3.476158618927002,3.5344904243207953,True,7.863595974050935,8.146919663495565
v8,dho_two_mode,1.0,7.923909664154053,6.923694038606486,3.7694714069366455,2.0981093946172673,True,16.657068747127198,22.847969349557992
v8,dho_two_mode,1.0,4.7296600341796875,4.774338409548086,4.142796993255615,2.428969884547526,True,5.399657302864217,9.384351528562622
v8,dho_two_mode,1.0,4.698041915893555,4.7730888691368785,4.958639621734619,3.5214411359873528,True,4.451139733314951,6.469617543753311
v8,dho_two_mode,1.0,5.784217357635498,5.4787089739038795,3.78098464012146,4.674624045934843,True,8.848798295910827,6.42110503984544
v8,dho_two_mode,1.0,5.750991344451904,5.330630314494539,4.470271110534668,2.9587728342027155,True,7.398634361575647,9.603853064125198
v8,dho_two_mode,1.0,10.10426139831543,9.348085327288295,1.9631614685058592,1.597371483561625,True,52.00596081543487,54.70656023695781
v8,dho_two_mode,1.0,5.458595275878906,5.32186365765838,3.784044981002808,2.6474217716118496,True,7.874182927379267,10.698043316861217
v8,dho_two_mode,1.0,8.520758628845215,9.004427115403992,4.453048229217529,1.7066690515008938,True,16.304186227912858,47.50757483140556
v8,dho_two_mode,1.0,4.337833404541016,5.046975997177655,5.314363956451416,4.326776841645368,True,3.540743313733545,5.887053492317624
v8,dho_two_mode,1.0,3.6870715618133545,4.405626527624494,6.194606781005859,4.514059849900101,True,2.1945697576183103,4.299797908381344
v8,dho_two_mode,1.0,3.997481346130371,1.1121086234709543,7.087351322174072,39.99999999999999,False,2.2547008587911233,0.030919639759961526
v8,dho_two_mode,1.0,10.107675552368164,9.813572034950438,2.3286147117614746,3.3081669716600226,True,43.87376948016383,29.111649112691335
v8,dho_two_mode,1.0,5.260525226593018,6.249219892569752,4.393368721008301,6.691861725090704,True,6.298839778071346,5.835857175479843
v8,dho_two_mode,1.0,3.4770607948303223,3.9439846509459633,6.494834899902344,5.27077507046641,True,1.861471762912381,2.951181698884542
v8,dho_two_mode,1.0,3.737471342086792,3.712319910386989,3.980870246887207,3.6836638200327414,True,3.508954365905971,3.7411989232321337
v8,dho_two_mode,1.0,10.334107398986816,9.412533914736452,1.979973316192627,1.5859011082611243,True,53.93697726146747,55.864640130812184
v8,dho_two_mode,1.0,3.8678808212280273,4.052897709062674,3.1032683849334717,3.341627014326816,True,4.8208856571534735,4.915563517322878
v8,dho_two_mode,1.0,8.152019500732422,7.927935448262432,2.01094388961792,1.6428433690121462,True,33.046880265241136,38.2581575683685
v8,dho_two_mode,1.0,4.864607334136963,4.629805395523598,2.079721450805664,2.436688684149733,True,11.378641359001113,8.79681435706222
v8,dho_two_mode,1.0,3.5872411727905273,3.874691073727095,4.764013290405273,4.2939845930444935,True,2.701146795219972,3.4963401920768984
v8,dho_two_mode,1.0,4.433175563812256,4.296749599154276,2.3523287773132324,2.220001761650893,True,8.354718851005726,8.316235345733787
v8,dho_two_mode,1.0,5.640810966491699,5.442905715496091,4.89055061340332,5.066542748098674,True,6.5061689112241785,5.847226422573362
v8,dho_two_mode,1.0,7.252518653869629,6.71239536812193,3.103196144104004,2.183719664991129,True,16.949952365938515,20.632800217132164
v8,dho_two_mode,1.0,7.5977783203125,6.7737246343502475,3.2849183082580566,2.4702858371622356,True,17.57311141025665,18.574103746112364
v8,dho_two_mode,1.0,3.929666757583618,3.952363809875968,2.31494665145874,2.0516061989939733,True,6.670685398269093,7.6141218978950675
v8,dho_two_mode,1.0,5.07360315322876,5.614397197079201,5.806361198425293,7.249054378764986,True,4.4333185753986495,4.348354176912806
v8,dho_two_mode,1.0,4.551400661468506,4.653030292409833,1.5808002948760986,1.3457118798977803,True,13.10427892021591,16.088652575266043
v8,dho_two_mode,1.0,3.4466640949249268,3.641346391586609,1.46455717086792,1.3295659761938166,True,8.111321032421484,9.972730786537468
v8,dho_two_mode,1.0,9.896679878234863,9.10826547167337,3.751794815063477,1.9336429576439231,True,26.10597792262307,42.90373234341143
v8,dho_two_mode,1.0,6.511682987213135,6.6646713759635,2.2054357528686523,2.265517167807523,True,19.226139446958662,19.606050742300496
v8,dho_two_mode,1.0,4.008245944976807,3.989000059963654,0.3075911700725555,0.944014568202683,True,52.23178399962948,16.85580076236032
v8,dho_two_mode,1.0,4.11839485168457,3.91903980118728,2.621975898742676,2.7200867186535502,True,6.46885280773001,5.646464452020381
v8,dho_two_mode,1.0,5.979467868804932,5.663706709690967,1.8963795900344849,2.68246330430276,True,18.853839274562336,11.95825256656633
v8,dho_two_mode,1.0,3.482438087463379,3.9428214559139496,5.735476493835449,4.847419803683977,True,2.1144494352038974,3.2070341878375705
v8,dho_two_mode,1.0,3.4611897468566895,3.337288139531809,5.707027435302734,6.261594206453711,True,2.0991373529485045,1.7786991234245861
v8,dho_two_mode,1.0,10.368830680847168,9.966359424671309,0.958418607711792,1.7494952501912142,True,112.17713097699777,56.775415749701715
v8,dho_two_mode,1.0,3.6555585861206055,3.723040806272704,3.452012777328491,3.3932084877743343,True,3.8711063482510557,4.084934036653729
v8,dho_two_mode,1.0,7.19161319732666,7.589166959748556,3.2324154376983643,4.260501181138324,True,16.0002021326781,13.51846946972345
v8,dho_two_mode,1.0,3.550790309906006,0.7064937465107562,5.5407938957214355,39.999999789322054,False,2.275506373672966,0.01247833541219287
v8,dho_two_mode,1.0,9.990497589111328,10.38761049538803,1.6837437152862549,1.6681785891609102,True,59.27864268884321,64.6827938597211
v8,dho_two_mode,1.0,6.7851643562316895,6.597848846996129,1.4132763147354126,2.076638740987175,True,32.575692991569106,20.96253361194372
v8,dho_two_mode,1.0,10.072864532470703,9.312794234481643,0.5435363054275513,1.5127321454938585,True,186.67124693665994,57.33211706523271
v8,dho_two_mode,1.0,5.360074996948242,4.323010964233891,8.189936637878418,9.781191299113347,True,3.5080129729003904,1.9106490431876655
v8,dho_two_mode,1.0,6.7157793045043945,5.461274467957205,6.665081024169922,2.2335747060156974,True,6.766863223906052,13.353266731590415
v8,dho_two_mode,1.0,10.904298782348633,9.50801996845058,1.1445146799087524,1.6963333971716228,True,103.89008898008157,53.292851435447325
v8,dho_two_mode,1.0,3.8496768474578857,3.729773148174467,2.099743604660034,2.350497853363521,True,7.058010224182951,5.918409037020213
v8,dho_two_mode,1.0,4.915558815002441,4.903461727304255,2.790109872817993,2.9532135250093585,True,8.660131523546065,8.141618175428556
v8,dho_two_mode,1.0,4.330667972564697,4.257699985871707,2.6642584800720215,3.178205525095698,True,7.039363946433095,5.703850498827033
v8,dho_two_mode,1.0,3.530689477920532,3.935171420011472,6.460649490356445,5.276673472910088,True,1.9294914865921629,2.9347228295206227
v8,dho_two_mode,1.0,6.126095294952393,5.978654796264063,2.1964781284332275,2.176344048607087,True,17.086008313503093,16.42401769874966
v8,dho_two_mode,1.0,9.970504760742188,9.933748427462884,1.9253336191177368,1.953347636144468,True,51.63311137190687,50.518072663653136
v8,dho_two_mode,1.0,9.914801597595217,10.396671666764847,0.9815354943275452,1.5785068337388288,True,100.15255819864642,68.47660044048631
v8,dho_two_mode,1.0,5.33188009262085,8.836358262300427,6.27897310256958,1.898551692472671,True,4.527642475559002,41.126732366202866
v8,dho_two_mode,1.0,10.233708381652832,9.22229363741902,2.71786117553711,1.3434770484489442,True,38.5335307716792,63.30640336057181
v8,dho_two_mode,1.0,3.415393829345703,3.273086771971729,6.59787654876709,6.417123366471706,True,1.7679801862483266,1.6694547393042627
v8,dho_two_mode,1.0,3.588228702545166,3.4820861588533334,1.1340700387954712,1.9038696202422865,True,11.353254015461237,6.368568461182202
v8,dho_two_mode,1.0,4.679145812988281,4.551803073936342,2.5970869064331055,2.827881037930206,True,8.430370768483835,7.326655876253196
v8,dho_two_mode,1.0,9.904617309570312,10.30734420817354,1.2759981155395508,1.3100697086833433,True,76.88212298617545,81.09594773589882
v8,dho_two_mode,1.0,8.460116386413574,9.077051179549274,2.564372301101685,1.4787035408146805,True,27.910755876170793,55.719659716756446
v8,dho_two_mode,1.0,10.166122436523438,9.136113328752524,4.733439922332764,1.30589194085487,True,21.834024956516533,63.916901655100865
v8,dho_two_mode,1.0,3.505760431289673,3.711279885663999,2.535888910293579,2.6183149681361173,True,4.846567273395861,5.26048185850578
v8,dho_two_mode,1.0,10.357783317565918,10.180965216016402,1.4031959772109983,1.6903527559602478,True,76.4566582259483,61.319776220824224
v8,dho_two_mode,1.0,3.9422318935394287,1.1492718199795786,9.169538497924805,39.99999999999999,False,1.6948718090835935,0.03302064290497933
v8,dho_two_mode,1.0,4.937266826629639,4.889892728621254,1.430832028388977,1.5260748426504238,True,17.03666344733977,15.668334362877829
v8,dho_two_mode,1.0,5.413091659545898,5.651004974936834,6.917874336242676,6.844874793905409,True,4.235630757432927,4.665367620046806
v8,dho_two_mode,1.0,3.502753734588623,3.13051026555014,5.793550968170166,5.694877345910867,False,2.1177484745680375,1.7208613860229383
v8,dho_two_mode,1.0,8.776312828063965,9.351502871106996,4.227216720581055,1.754250886580763,True,18.22089378125207,49.85068362643025
v8,dho_two_mode,1.0,3.6544904708862305,4.955382978337152,8.893882751464844,3.3860422393613265,True,1.501627688941437,7.252071511850156
v8,dho_two_mode,1.0,4.187318325042725,4.312824045400688,1.0301644802093506,1.201643226644992,True,17.020228412141925,15.47917953860492
v8,dho_two_mode,1.0,3.7348954677581783,4.256600216659567,5.230159282684326,2.763334596411928,True,2.667116506616443,6.5568047488684735
v8,dho_two_mode,1.0,3.547348737716675,3.226325681001471,3.2028112411499023,4.5769006007251445,True,3.928949325924739,2.2742852222397882
v8,dho_two_mode,1.0,10.567598342895508,11.398951892481842,2.9120092391967773,3.83707960056601,True,38.349512506207255,33.86328087328405
v8,dho_two_mode,1.0,4.016662120819092,4.083095810000859,2.4564919471740723,2.438998584404437,True,6.567729485693146,6.835457593230838
v8,dho_two_mode,1.0,3.740762948989868,2.58844058151331,9.302722930908203,10.754125424417948,True,1.5042162971491662,0.6230190163871546
v8,dho_two_mode,1.0,8.388860702514648,7.761891868879482,2.0204379558563232,1.5386795222136165,True,34.83055922712972,39.15497965262013
v8,dho_two_mode,1.0,3.4821131229400635,3.803862415543667,4.913679599761963,4.166605017751255,True,2.467623611750914,3.4727000074979313
v8,dho_two_mode,1.0,9.811535835266112,10.180930091971536,1.8293333053588867,1.6951547200415382,True,52.62367178507426,61.145650194733655
v8,dho_two_mode,1.0,4.282839298248291,4.340207530782792,3.376452684402466,3.5170616868113704,True,5.432539463489044,5.356005406701291
v8,dho_two_mode,1.0,4.225952625274658,3.882548149521486,3.296907424926758,4.330851509267709,True,5.416796193924831,3.4806504220001684
v8,dho_two_mode,1.0,10.144230842590332,10.119159956312108,0.8202241063117981,1.3689160231274051,True,125.46012558748515,74.80181142704058
v8,dho_two_mode,1.0,9.778109550476074,9.56898230419382,1.320548415184021,1.314113543893536,True,72.40281786093225,69.67847090798475
v8,dho_two_mode,1.0,9.98552417755127,9.380673333354231,2.262717962265014,0.964708854779638,True,44.066779317316715,91.21615475085876
v8,dho_two_mode,1.0,4.458492755889893,4.4541151983981075,4.402963638305664,4.320430902877121,True,4.514722193338873,4.591936000501584
v8,dho_two_mode,1.0,3.6325113773345943,1.0324148228982415,9.45378875732422,39.99999999999999,False,1.3957514013884094,0.02664700916350019
v8,dho_two_mode,1.0,9.718292236328123,9.07114416158108,5.157408714294434,1.4256101169104087,True,18.312530424224132,57.71960750286797
v8,dho_two_mode,1.0,5.906352996826172,4.346147715018547,6.117281913757324,7.559124938549214,True,5.702697082615017,2.498834205588115
v8,dho_two_mode,1.0,3.931262969970703,3.883562995568971,1.477372407913208,1.6868184553854917,True,10.461024218594183,8.94112907788047
v8,dho_two_mode,1.0,5.588515758514404,5.677665161944908,3.039987325668335,3.1917986394146305,True,10.273565326887553,10.099597541364608
v8,dho_two_mode,1.0,3.5843045711517334,1.5160386075626515,7.287495136260986,23.48054672033509,True,1.762915654633394,0.097884137324197
v8,dho_two_mode,1.0,9.63840103149414,9.036673184148428,2.4256577491760254,1.5743942828151456,True,38.2983850361677,51.86849515935102
v8,dho_two_mode,1.0,3.7413275241851807,3.68773261835986,1.7962974309921265,1.7327021938888747,True,7.792435373853723,7.8486493019281385
v8,dho_two_mode,1.0,5.0357866287231445,3.008466825517055,9.735703468322754,17.13844775359179,True,2.60475753524523,0.5281034064674749
v8,dho_two_mode,1.0,3.9984521865844727,4.153813305378489,5.197235107421875,4.18615847958841,True,3.0761779211356326,4.121718052498535
v8,dho_two_mode,1.0,3.54730224609375,3.135673946748935,6.2861008644104,7.52516963733038,True,2.001773992584831,1.3066085648812287
v8,dho_two_mode,1.0,3.540313959121704,3.4730541937261847,2.157440423965454,2.5258075237034627,True,5.809580088480206,4.77554418512183
v8,dho_two_mode,1.0,3.491666555404663,4.198974981843415,5.704252243041992,4.488687632667736,True,2.137306489032434,3.9279612084898288
v8,dho_two_mode,1.0,10.172119140625,10.480150981515749,1.8000017404556274,1.656683153767358,True,57.48439320112992,66.29726652655336
v8,dho_two_mode,1.0,3.6579976081848145,3.775532443421555,3.907256364822388,3.3150479253258616,True,3.4246400164464457,4.29998164503988
v8,dho_two_mode,1.0,10.63463306427002,10.435826438842144,0.5791087746620178,0.9724263579182256,True,195.29218923969927,111.9945716967032
v8,dho_two_mode,1.0,10.070305824279783,10.062823909508651,0.5941997766494751,1.011979083468539,True,170.66828931904297,100.06177665916849
v8,dho_two_mode,1.0,3.496346950531006,3.631258790943938,7.193535327911377,3.8378703328492385,True,1.6993649771977692,3.4357701702283157
v8,dho_two_mode,1.0,3.587162733078003,5.33250841233132,11.971484184265137,10.716538003509504,True,1.0748655952364294,2.653435835180359
v8,dho_two_mode,1.0,10.202893257141112,9.61942763712942,1.0300155878067017,1.8484899583232035,True,101.06549070609924,50.058907623121684
v8,dho_two_mode,1.0,7.069024562835693,6.87975661744985,1.7891520261764526,2.2076888882197583,True,27.93005152098016,21.43918528009258
v8,dho_two_mode,1.0,3.602377414703369,4.164052028104538,7.019222259521484,4.7324705324737275,True,1.8487978522637076,3.6639064467027986
v8,dho_two_mode,1.0,5.941581726074219,4.080946127105001,12.19370937347412,39.9999999946298,False,2.8951316064999064,0.41635303236423016
v8,dho_two_mode,1.0,3.896409749984741,3.851779459866561,1.8835070133209229,2.3679653130567044,True,8.060500349827661,6.2653810533645515
v8,dho_two_mode,1.0,3.712935209274292,6.32160640375704,10.12936019897461,8.036109791483202,True,1.3609830825903761,4.972892178050521
v8,dho_two_mode,1.0,3.479120969772339,3.4417304787456517,1.393778681755066,2.517222592454299,False,8.684508437930573,4.705785147422092
v8,dho_two_mode,1.0,3.472222328186035,4.141298010432921,6.536082744598389,4.138733116832844,True,1.844580059259096,4.143864493572355
v8,dho_two_mode,1.0,5.768742084503174,5.545735373594675,2.1511967182159424,2.349802172994364,True,15.46970807259174,13.088412798064525
v8,dho_two_mode,1.0,3.765545129776001,4.068838701435008,6.782168388366699,4.296125907863562,True,2.0906779826789976,3.85357615985893
v8,dho_two_mode,1.0,5.411145210266113,5.21942160345142,4.287146091461182,4.054761341055107,True,6.829833148187929,6.718610439224159
v8,dho_two_mode,1.0,5.688502311706543,5.8058801765748616,2.579328775405884,3.1107980568945752,True,12.545534659573848,10.835883271186997
v8,dho_two_mode,1.0,3.708646059036255,3.7247354691237233,1.6031928062438965,2.2484164855582955,True,8.579164987291438,6.1704112223245025
v8,dho_two_mode,1.0,3.704625844955444,3.789835822904187,3.434272289276123,3.116035250163528,False,3.996262234059676,4.609336676731787
v8,dho_two_mode,1.0,4.735357761383057,4.244826249817419,3.902538061141968,4.346356544914406,True,5.745905043583127,4.145667688542993
v8,dho_two_mode,1.0,6.120434284210205,5.594592918850148,3.0425314903259277,2.7593369534893193,True,12.312022388738812,11.343112659027918
v8,dho_two_mode,1.0,4.859566688537598,4.725686407211461,1.8550989627838137,2.23402873284903,True,12.729988466440817,9.996340553249416
v8,dho_two_mode,1.0,4.316736698150635,4.393409106963551,2.361501455307007,2.6009065405579017,True,7.890833892684561,7.421275343869113
v8,dho_two_mode,1.0,3.5223288536071777,3.102433812006902,6.918027877807617,8.00026927441912,True,1.7934013525376942,1.203096449348267
v8,dho_two_mode,1.0,10.246094703674316,9.450988651133889,1.9841388463974,1.0590285510449062,True,52.91084183311036,84.34256696453697
v8,dho_two_mode,1.0,9.735876083374023,9.2059263987011,1.9388126134872437,0.9265381789891342,True,48.8893472486365,91.46852529138542
v8,dho_two_mode,1.0,3.905467748641968,3.868730273393584,1.1614502668380735,1.7104000929630367,True,13.132442060740475,8.750627405745497
v8,dho_two_mode,1.0,10.165915489196776,10.17654615002301,1.8702489137649536,1.250926852503744,True,55.25779855979056,82.78828720981363
v8,dho_two_mode,1.0,8.146417617797852,8.067873266967295,2.122593641281128,1.8104640457503092,True,31.265579389709288,35.952428442107006
v8,dho_two_mode,1.0,10.536123275756836,10.417813997809446,0.7240080833435059,1.0395585748432978,True,153.32687056378663,104.4008977650098
v8,dho_two_mode,1.0,8.827542304992676,9.004113219644472,1.4580965042114258,1.2007953956706574,True,53.443309768155174,67.51696014531733
v8,dho_two_mode,1.0,9.963156700134276,10.06653447612219,0.6793676018714905,1.5226463552621252,True,146.11307804196326,66.55197118408476
v8,dho_two_mode,1.0,4.775153636932373,4.624972063136641,2.339357614517212,2.07991363618026,True,9.747159696664967,10.284257102173525
v8,dho_two_mode,1.0,6.819714546203613,8.975411781497442,6.270632743835449,1.9881348812755737,True,7.4168761577406785,40.51939202221411
v8,dho_two_mode,1.0,3.5035288333892822,3.421816998393135,1.202790141105652,1.9855940460702568,True,10.2052002813281,5.896890954959032
v8,dho_two_mode,1.0,10.016031265258787,9.323156266093156,1.2958563566207886,0.8118836038866205,True,77.41666874887956,107.06121215638026
v8,dho_two_mode,1.0,6.031460285186768,5.824153830144205,1.0393024682998655,1.336662488473915,True,35.00281610154813,25.377212370125832
v8,dho_two_mode,1.0,11.004694938659668,10.63091822745084,1.662240743637085,1.4057726076283987,True,72.8554580054272,80.39452593219202
v8,dho_two_mode,1.0,4.34663724899292,4.320702219083018,3.197582244873047,3.506986940460789,True,5.9086065431548755,5.323221324438703
v8,dho_two_mode,1.0,3.7259061336517334,4.440775034547654,5.373531341552734,3.8203202239920966,True,2.58347362923767,5.161997359178055
v8,dho_two_mode,1.0,3.6474130153656006,3.505191248294048,4.6625285148620605,5.143275967639592,True,2.853306239790786,2.3888210091040047
v8,dho_two_mode,1.0,3.5516250133514404,3.723813597379655,4.204514026641846,3.3576704100291512,True,3.0001184811217008,4.129883524782653
v8,dho_two_mode,1.0,3.5452191829681396,3.7657564944727095,5.266636848449707,3.214483258892336,True,2.3864525724770607,4.411571264661036
v8,dho_two_mode,1.0,7.881540775299072,7.621724837476337,3.205335855484009,1.667547295650481,True,19.37977416201895,34.8360071403813
v8,dho_two_mode,1.0,5.973021030426025,5.929834969670709,2.0260744094848633,2.1358926123320376,True,17.60891903223958,16.462879530791373
v8,dho_two_mode,1.0,5.494721412658691,9.230056350323276,7.9952073097229,2.0171805152993594,True,3.7762577295542727,42.23416773262845
v8,dho_two_mode,1.0,10.35887622833252,9.312534394722688,1.1792019605636597,1.0600288550808068,True,90.99909964754472,81.81220391994148
v8,dho_two_mode,1.0,10.119288444519045,10.32367882975892,1.3669661283493042,1.4695528608352293,True,74.9104140181081,72.52433540868891
v8,dho_two_mode,1.0,6.836850643157959,7.398754782489186,4.616952419281006,5.967701809427212,True,10.124108388391962,9.172973797874926
v8,dho_two_mode,1.0,3.8209903240203857,1.8790428555793208,5.994977951049805,15.137329244093028,True,2.435366264141264,0.23325132169411572
v8,dho_two_mode,1.0,11.120468139648438,9.515381682768531,1.5962284803390503,1.022614286489362,True,77.47312691643536,88.54021478577181
v8,dho_two_mode,1.0,10.702428817749023,11.333520742473128,2.996903896331787,4.335549843253783,True,38.22010533577144,29.626851740601676
v8,dho_two_mode,1.0,11.247090339660645,11.441635103612796,0.8072259426116943,1.4668325216701177,True,156.70586688433224,89.2474170774254
v8,dho_two_mode,1.0,6.836725234985352,6.603778134406016,2.68306303024292,2.47044088004993,True,17.420690983339917,17.652673253843506
v8,dho_two_mode,1.0,3.562652349472046,4.100108016244589,6.500528335571289,4.6798262043690935,True,1.9525323339865464,3.5922030030043572
v8,dho_two_mode,1.0,5.66127872467041,4.511053698427645,4.67869758605957,7.580481525100185,True,6.850213378590817,2.684473987927672
v8,dho_two_mode,1.0,3.8970797061920166,3.90118722805864,1.4211337566375732,2.3570038089335754,True,10.686700083985691,6.457037417879184
v8,dho_two_mode,1.0,3.466298818588257,3.597041646514282,3.1104416847229004,2.1310366190610974,True,3.8628685947593144,6.071556204631893
v8,dho_two_mode,1.0,5.132115364074707,5.3744573662857675,4.564218521118164,3.184556363446353,True,5.770672019384187,9.070271863790781
v8,dho_two_mode,1.0,5.562092304229736,9.100126532371997,10.441765785217283,1.0304954694555528,True,2.9628006830578313,80.36163705691347
v8,dho_two_mode,1.0,5.871910095214844,5.69823581311313,3.8274130821228023,2.225864153243959,True,9.008520226712161,14.58754404868943
v8,dho_two_mode,1.0,3.7106213569641113,3.9921828318986297,4.432826042175293,2.8601466320387585,True,3.106079671017622,5.572275066172268
v8,dho_two_mode,1.0,10.30653476715088,9.353915267237747,1.1411553621292114,1.218280685234984,True,93.08518579651751,71.81902486600377
v8,dho_two_mode,1.0,3.5150253772735596,0.6342605608273081,4.9907660484313965,39.99999999999661,False,2.4756526919871242,0.010057161475525137
v8,dho_two_mode,1.0,10.03524112701416,9.534983827910704,1.1009021997451782,1.058563766959289,True,91.47594082437703,85.88610288416868
v8,dho_two_mode,1.0,5.413191795349121,2.7287004725206625,5.360456466674805,14.755381125036385,True,5.466445925903031,0.5046163298419123
v8,dho_two_mode,1.0,6.790647029876709,6.56594900721705,2.969856977462769,2.2611644010684184,True,15.526972320319912,19.066144126894947
v8,dho_two_mode,1.0,11.191515922546388,11.38257795738382,0.8395963907241821,1.9230926152733927,True,149.17885549338376,67.37225234339581
v8,dho_two_mode,1.0,4.7643866539001465,4.739383496626329,2.870323181152344,2.369221349205457,True,7.9083011756009824,9.480648963266681
v8,dho_two_mode,1.0,9.991547584533691,9.2626890950754,2.0015554428100586,2.167964761556554,True,49.87672137317592,39.57509402063711
v8,dho_two_mode,1.0,3.6676137447357178,4.7052736741641485,7.12152099609375,3.518242870195043,True,1.8888367510188657,6.292800459098157
v8,dho_two_mode,1.0,10.40081787109375,10.480281448703924,1.4641884565353394,1.7723856057528802,True,73.88189129945664,61.97088200645308
v8,dho_two_mode,1.0,10.183405876159668,9.29316464731616,3.0251505374908447,1.4702314802468142,True,34.279866060687596,58.74102841793918
v8,dho_two_mode,1.0,3.929131507873535,3.9451930069520382,4.476321697235107,4.210444567790787,True,3.4488304126354916,3.696651888299282
v8,dho_two_mode,1.0,10.204825401306152,10.475590709885113,1.6544586420059204,1.6560816601595536,True,62.944130984672036,66.2636410758022
v8,dho_two_mode,1.0,4.00644063949585,4.217222660670789,2.7286784648895264,3.1944612137124735,True,5.88254233847731,5.567438694616748
v8,dho_two_mode,1.0,4.727865695953369,4.907688203425402,5.146015167236328,3.361436852009091,True,4.343693773249639,7.165210760287016
v8,dho_two_mode,1.0,5.90685510635376,5.506716726621275,2.4151289463043213,2.7444635277174942,True,14.446821690762432,11.049128108643597
v8,dho_two_mode,1.0,4.360846996307373,4.383209404739988,3.1138157844543457,2.791339756625127,True,6.107293379442968,6.882904397503373
v8,dho_two_mode,1.0,6.185948848724365,5.916764491561994,3.627121686935425,3.5122412559962575,True,10.54995295494633,9.967453684692488
v8,dho_two_mode,1.0,3.726964950561523,3.540374265167633,3.9885096549987793,4.474861750289569,True,3.482570921021954,2.801036241320788
v8,dho_two_mode,1.0,3.463200330734253,2.492549506548338,6.249391555786133,9.999060837080116,True,1.9191878799293929,0.6213386580822724
v8,dho_two_mode,1.0,5.800538063049316,9.1764826839432,6.601285934448242,1.6221640585111552,True,5.0969223504323455,51.91080027133417
v8,dho_two_mode,1.0,3.4850947856903076,3.97970409501388,6.887485980987549,5.06662860006876,True,1.7634715625953632,3.12595335755522
v8,dho_two_mode,1.0,10.957379341125488,11.2150857101337,0.6939951181411743,2.288812093456154,True,173.00433228825662,54.95346159925146
v8,dho_two_mode,1.0,7.787615776062012,9.174036677853277,4.10145378112793,1.8151027654097496,True,14.786698256756065,46.36814541329722
v8,dho_two_mode,1.0,5.354927062988281,5.115543806436953,3.469293117523194,2.881025565411344,True,8.265442808821009,9.083150371780604
v8,dho_two_mode,1.0,8.685922622680664,8.228643793199163,1.297862887382507,1.989769432121998,True,58.13037150584649,34.02935917210512
v8,dho_two_mode,1.0,7.673964023590088,8.207208552219903,1.4096938371658323,2.1654824672770063,True,41.774832437199166,31.105434118028864
v8,dho_two_mode,1.0,4.642374515533447,4.6883013225703,2.572437047958374,2.7778040480784716,True,8.37790808508957,7.912786111179826
v8,dho_two_mode,1.0,8.468949317932129,8.784507119659013,1.541096568107605,1.6763211935571305,True,46.54030385505025,46.033878013312815
v8,dho_two_mode,1.0,7.929326057434082,7.582376783336663,1.5989984273910522,1.482676173972263,True,39.320996598908195,38.7761256933494
v8,dho_two_mode,1.0,10.267914772033691,9.1647389124553,2.433154582977295,1.558641202063079,True,43.330610600473925,53.88824523713132
v8,dho_two_mode,1.0,3.7202107906341553,4.085864124495394,4.7668232917785645,3.1382844754409325,True,2.9033944578186643,5.319557794865919
v8,dho_two_mode,1.0,7.263066291809082,9.215347419612346,7.471799373626709,1.3799642996065828,True,7.0601644023544186,61.539728301932676
v8,dho_two_mode,1.0,3.8498518466949463,3.79381965425812,4.269043445587158,4.402477881265545,True,3.471822067498772,3.2693105921744556
v8,dho_two_mode,1.0,3.7903974056243896,3.767031034791458,2.9241034984588623,3.4975766492874096,True,4.913339250863123,4.057244269392396
v8,dho_two_mode,1.0,11.118364334106444,10.958527722379168,0.9522162079811096,1.0744956991874834,True,129.82138345242552,111.76343463539445
v8,dho_two_mode,1.0,3.625242233276367,4.166004950287074,6.738675594329834,5.419077238561974,True,1.9502914283318666,3.2026849741713495
v8,dho_two_mode,1.0,3.430148124694824,3.2675764707680797,3.918914318084717,4.300693673038361,True,3.0023407511235796,2.4826357801889283
v8,dho_two_mode,1.0,3.7690141201019287,3.9062838279895193,4.051290512084961,2.8639837298622615,True,3.506405525635089,5.327912021883696
v8,dho_two_mode,1.0,10.64951229095459,9.43512044954478,1.91509473323822,0.8709596850747333,True,59.22010544273449,102.2108134543329
v8,dho_two_mode,1.0,4.952906131744385,5.0759494673142616,5.658895969390869,2.7410843757448284,True,4.334993836706227,9.399660668134961
v8,dho_two_mode,1.0,10.137285232543944,9.684346949507052,1.348077416419983,1.673615350359548,True,76.23045281691599,56.03831000849633
v8,dho_two_mode,1.0,10.187838554382324,9.522552007674,2.945478916168213,1.3043916225410532,True,35.23775160651378,69.5182299332823
v8,dho_two_mode,1.0,4.205826759338379,1.0982108579345218,8.855966567993164,39.99999999999999,False,1.9974080292373146,0.030151677212131966
v8,dho_two_mode,1.0,5.794275283813477,5.678655218487926,4.5709638595581055,4.036642048476585,True,7.344977360608021,7.988601590926328
v8,dho_two_mode,1.0,10.10426425933838,10.2704057228649,3.1013009548187256,4.387036491401846,True,32.92042846209701,24.04384689276891
v8,dho_two_mode,1.0,3.680478096008301,4.511755274800358,5.683004856109619,4.002856009908754,True,2.3835839240281658,5.085352960311174
v8,dho_two_mode,1.0,5.675521373748779,5.496713776162864,2.6656947135925293,2.3333438083594,True,12.083732881950336,12.948740013715474
v8,dho_two_mode,1.0,6.422728538513184,7.19744056252028,1.8768306970596311,3.6519370112711056,True,21.979309025613748,14.185116142784038
v8,dho_two_mode,1.0,4.2020134925842285,4.093118684405919,1.3785876035690308,2.2479969019491124,True,12.80797632747302,7.452688457936359
v8,dho_two_mode,1.0,3.595635414123535,3.736878236962851,6.216083526611328,3.5510125897038582,True,2.0798616968307204,3.9324723878411127
v8,dho_two_mode,1.0,5.427168846130371,5.1404089031128315,3.6235523223876953,4.082451974062158,True,8.128532187165883,6.472532649271857
v8,dho_two_mode,1.0,6.0722880363464355,6.041769737466297,2.440824270248413,3.25189562960067,True,15.106651652805533,11.225139339741387
v8,dho_two_mode,1.0,6.682358264923096,6.493762676491137,2.2946534156799316,1.3882932490070423,True,19.459981047967783,30.374673167034487
v8,dho_two_mode,1.0,3.835479497909546,3.8481972233860406,2.7554540634155273,2.427457183566737,True,5.338830784444122,6.10046676428594
v8,dho_two_mode,1.0,3.45662260055542,3.6022131154236026,0.314193844795227,1.0030991804486136,True,38.02824275713508,12.935848799244976
v8,dho_two_mode,1.0,8.823040962219238,9.01230038289035,3.083496332168579,1.595933750330785,True,25.246033539547156,50.892813172608804
v8,dho_two_mode,1.0,4.373350620269775,3.718155128069863,5.169534206390381,7.378677592935877,True,3.6997909065329244,1.8735982677475362
v8,dho_two_mode,1.0,7.409543991088867,8.914805479230642,3.0083935260772705,1.4652929907261532,True,18.24938847926207,54.23745096408056
v8,dho_two_mode,1.0,4.135859489440918,4.306987432080505,3.5825750827789307,3.614005008471,True,4.774591828827836,5.132848653120032
v8,dho_two_mode,1.0,3.7764060497283936,3.944740114951827,2.9445855617523193,2.5666449307108827,True,4.843208782134475,6.062768709577695
v8,dho_two_mode,1.0,8.204080581665039,9.212718586749988,4.637571811676025,1.3121841125617486,True,14.513400745837409,64.68161208944275
v8,dho_two_mode,1.0,3.9054863452911377,5.054589449529068,6.871179580688477,6.68691626916442,True,2.2198260741319804,3.8207259482378855
v8,dho_two_mode,1.0,10.115745544433594,9.759857845731942,0.9150707721710204,1.302274704902018,True,111.8255669744019,73.14495536950649
v8,dho_two_mode,1.0,4.577920913696289,4.69515024755743,4.713162899017334,3.868676468437367,True,4.4465596333255,5.698185419997855
v8,dho_two_mode,1.0,4.3362226486206055,3.88885465189538,4.263265132904053,3.077455352546739,True,4.410428690744406,4.914186810558661
v8,dho_two_mode,1.0,9.954934120178224,9.343395940158324,1.6943830251693726,1.903355712092315,True,58.48778692006925,45.86586056402522
v8,dho_two_mode,1.0,4.128199100494385,4.690155215423048,6.364387512207031,2.231878644394374,True,2.6777168707335424,9.856071699959795
v8,dho_two_mode,1.0,3.5492053031921387,2.8393558061208997,7.682964324951172,9.722289230521987,True,1.6395830764562687,0.8292225424072908
v8,dho_two_mode,1.0,10.255324363708496,10.471243588862803,0.8926544189453125,0.9907713363796552,True,117.81903004427551,110.66826246503823
v8,dho_two_mode,1.0,4.637657642364502,4.780639852301734,6.585826396942139,5.3122174384264165,True,3.265781256816635,4.302255632854047
v8,dho_two_mode,1.0,10.365508079528809,9.554909454414394,2.1943612098693848,1.1328678753052162,True,48.96356956345049,80.5886517502852
v8,dho_two_mode,1.0,4.643919467926025,6.936349957664534,10.17524528503418,7.492300741151112,True,2.1194563295984366,6.421652359859856
v8,dho_two_mode,1.0,3.999621868133545,4.025182878624863,2.8144278526306152,2.2493814864411377,True,5.683917274020675,7.202912135641744
v8,dho_two_mode,1.0,8.882977485656738,9.153822450966782,1.305778980255127,1.0163677047044617,True,60.429284131428865,82.4430617737786
v8,dho_two_mode,1.0,6.757650852203369,5.865039185556696,4.559385299682617,3.4175535880973658,True,10.015789857344094,10.065294884597881
v8,dho_two_mode,1.0,3.9112460613250737,4.219165639701041,5.745826721191406,4.613395047620465,True,2.662427270180342,3.858624399489835
v8,dho_two_mode,1.0,3.7046210765838623,3.7100500195429817,1.7969058752059937,1.6621692578203398,True,7.63769405534169,8.281028591252317
v8,dho_two_mode,1.0,10.704784393310549,10.579072998634352,2.1667070388793945,1.6890085443727618,True,52.887818634923285,66.2618231762684
v8,dho_two_mode,1.0,4.337713718414307,4.099598199587654,2.7183547019958496,3.5250613528310795,True,6.921745822612813,4.767776703961304
v8,dho_two_mode,1.0,3.68376350402832,3.8392598611840154,5.020768642425537,4.703396110670176,True,2.7027960298635216,3.133887925845661
v8,dho_two_mode,1.0,11.154215812683104,9.19830605804213,2.355804681777954,1.600821787592594,True,52.81275283908984,52.853375055979264
v8,dho_two_mode,1.0,5.152708530426025,5.38440746298922,4.503441333770752,3.3132395688617793,True,5.895581452438807,8.75030106484385
v8,dho_two_mode,1.0,9.894705772399902,9.696070575357425,1.0031589269638062,1.6135762150211177,True,97.5969008407143,58.26423550813288
v8,dho_two_mode,1.0,4.063135147094727,4.3327025083715665,4.936396598815918,4.681940671810782,True,3.344355927057497,4.009514930224202
v8,dho_two_mode,1.0,3.973112106323242,3.4705064792790226,6.940004348754883,7.342076385151394,True,2.274583561643507,1.6404644396067967
v8,dho_two_mode,1.0,3.5037765502929688,1.1451656572029785,10.896817207336426,39.99999999999999,False,1.1266087960177595,0.03278510956092824
